Id,Text,RelevanceScore
38,"קודם כול, אני רוצה לברך את יושב-ראש הכנסת, באמת ידידי, פרופסור שבח וייס, שראוי על דעת כל הכנסת לעמוד בראשה - בידע שלו, ביושר שלו, בבקיאות שלו בכנסת, במסירות שלו לכנסת; ואני מאחל לו הצלחה גדולה.

אני רוצה לברך את חברי הממשלה המוצעת, שיהיו להם בריאות ונחת במשפחה. אשר להצלחה שלהם כממשלה, שונים הדברים. מפני התורה שבכתב והתורה שבעל-פה שלה וההרכב שלה וההשפעות של המרכיבים שלה והרקורד שלה, לא ניתן לנו לסמוך על חבריה בעניינים החיוניים לנו. לפני 16 שנה בערך, בתרגיל שכונה ""מבריק"" ובעצת אחיתופל, נדחתה המפד""ל על-ידי תנועת העבודה, והתוצאה היתה הליכתה של העבודה ל-15 שנות אופוזיציה. המפד""ל זכתה אז ל-12 מנדטים. עכשיו שוב, בעצת חברים מהשמאל בעבודה, שנוטרים איבה לכיפות הסרוגות, לא רצו לדון ברצינות בדרכה המדינית והחינוכית והדתית של הממשלה הזאת והעדיפו ברית של שמאל של מרצ, שמאל שבעבודה עם ש""ס ברוח של ""יומרץ רבין"", ממשלה בדוחק, שאנחנו לא יכולים לסמוך על דרכה ועל יכולתה. ראש הממשלה המיועד הבטיח שלא יהיה סחר-מכר ולא לחצים ולא ""דילים"", שהוא יחליט והוא יקבע, ועל-פי כישורים. בסופו של דבר, צר היה לראות איש גיבור מלחמות, בעל זכויות רבות, כיצחק רבין, נלכד בפח יוקשים של כוחניות, מרפקנות, שכפתה עליו ההגמוניה של ה""בלייזרים"" משמאל, והתקיים רצונם שתהיה ממשלה שמאלית, אנטי-דתית ואנטי-חינוכית. היום אנחנו יודעים, שמה שהנחה אותם מההתחלה, על-פי תכנון של קבוצות בשמאל, שרבין ואחרים נכנעו להן, היה להרחיק מן הממשלה כל מי שלא מסכים עם הקו השמאלי שלה. קודם כול, כדי לפנות להם אחוזות ואחיזות בממשלה, ואחר-כך כדי לסלק מן הדרך כל אי-נוחות באשר לדרכה של הממשלה בנושאים המדיניים, הדתיים והחינוכיים. נוחה היתה השותפות עם אלה שלא מציבים גבולות, שלא מעמידים עקרונות מנוגדים לשמאל בעניינים המדיניים, ההתיישבותיים והביטחוניים של המדינה. אלה שאצה להם הדרך השלטונית והמדינית, אלה שרוצים לוותר ברוח של ""ייבוש התנחלויות"" ואוטונומיה בלי מגבלות, שמונעות סיכון של מדינה פלשתינית, הם שלא רצו בדרך של גשר בין חלקי הציבור, הם שאוהבים לגלגל בלשון את הקיטוב, את שנאת האחדות, הם הקימו ממשלה כזאת. הם רצו ממשלה צרה מאוד ושותפים פרגמטיים, נוחים לשעה, שהמחיר של ההשתתפות שלהם שונה. אנחנו לא העלינו על הדעת שאיש כמו רבין, ביטחוניסט, שאלוני ושריד ואחרים השותפים לממשלה תקפו אותו בברוטליות על הביטחוניות שלו, שהוא ייכנע לשמאלנות וירחיק מחנות לאומיים לא-דתיים ודתיים, שטובי בניהם לחמו לצדו ולצד מפקדים אחרים במלחמות עקובות מדם על הגנת הארץ, שבנו יישובים בקווי העימות ובכל רחבי ארץ-ישראל והתיישבו בהם. גם לא העלינו על דעתנו, שלא ייגע בלבו הכאב של גדולי רבנים חרדים, דתיים, שכואבים ורגישים לנושא החינוכי היהודי, ויגלה אי-רגישות מוחלטת בנושא החינוך והמורשת היהודית. בעצת ילדים, בחשבון ללא חזון, בחוזים פסולים, אפשר עכשיו להשתבח בממשלה, בקרעים שייווצרו.

אני לא רוצה. חבר הכנסת דדי צוקר, אתך אני לא רוצה להיות בממשלה, מפני - - -

המפד""ל לא נכנסת לממשלה מפני שהיא כזאת. המפד""ל, נכון, יצאו לה מוניטין בעבר, שהיתה שותפה בממשלות מפני האחריות הלאומית שלה לבניין המדינה, אבל לא בכל מחיר, לא במחיר של הממשלה כפי שהיא. בדקנו את זה בקווי היסוד, בדקנו אתכם ביחס לחינוך של ילדי ישראל, ראינו שזה לא אנחנו והחלטנו להיות באופוזיציה ולהשמיע את הביקורת שלנו, והדברים שלנו יהדהדו בארץ ובעולם היהודי, שלא כמוכם, חלק משותפי הממשלה הזאת, שכשהייתם באופוזיציה הוצאתם את דיבת הארץ רעה בעולם והסבתם נזק לא לממשלה אלא למדינה. אנחנו יותר זהירים.

אנחנו נהיה זהירים, לא כמוכם, אבל נאמר את דברינו בשער בת-רבים, ההכרח לא יגונה, עד שיבין הציבור, תבין הכנסת, שהממשלה הזאת כמות שהיא, ממשלת אנטי-אחדות ונושאת דגל קיטוב עדתי, דתי ולאומי וצרה מאוד בבסיסה, לא תאריך ימים במניפולציות. אנחנו מרוצים שעמדת מעצבי הממשלה הזאת בדמות שלה, מעודדת תהליכים של אחדות פנימית במחנה הציוני-הדתי הגדול, מפני שיש כאן ויכוח אידיאולוגי ופוליטי ודתי, ויש פה קרע בארץ-ישראל וביהדות. והאחדות הזאת תסייע לנו במאבק האופוזיציוני שננהל, וככל שתהיה מלחמת חינוך ותרבות ודת, ותתקיים זכות היהודים לגור ברווחה בארץ-ישראל, נצא מהמלחמה הזאת, ואני בטוח שננצח בה. אני רוצה לומר מלים אחדות על מהות הוויכוח שלנו עם הממשלה. הגברת אלוני והשמאל שלה הטיפו במשך שנים - ואומר שתי נקודות כרגע - דברים שנועדו להביא לשנאת הדת והדתיים, כאילו אלה פרימיטיביים, או בלשונכם חיים בחשכת ימי הביניים. כשרציתי שהנוער או העולים ידעו מה זה סידור, יבינו מה היא חוויה של תפילה - האשימו: שטיפת מוח וכפייה דתית. כשרציתי שידעו תלמוד, שידעו מדרש - אמרו: זה על חשבון אמנות, תיאטרון, קולנוע וספרות. כאן בני אור - כאן בני חושך. לחמו כשרצינו שתלמידינו ילמדו על תקופת בית שני וימי הביניים - כאילו זה על חשבון ההיסטוריה הכללית. מצאו סתירות בין תורה למדע, בין תרבות כללית לשורשים רוחניים. מי שלא מבין באופן עמוק את החוויה הדתית והמורשת היהודית - חסרה לו תרבות כללית. אכפת לנו שבפני כל ילד וילדה לא תיסגר ספרות המורשת היהודית. עשינו זאת בדרכי נועם והותקפנו על-ידיכם. גם כשהורים בתל""י - תגבור לימודי יהדות - ביקשו ללמד יהדות בבית-ספרם, פסלתם זאת. יצרתם קיטוב בין דתיים ללא-דתיים. גם ההטפה לנישואין אזרחיים - נגד החוק. ההשלמה וההגנה על סרבני גיוס ושירות ביש""ע, גיוס אוטובוסים בשבת - כל אלו דברים לא חינוכיים. לכן, אל תתפלאו שאנחנו חוששים ומוחים אם בתפקידה תמשיך הממונה על החינוך באותה דרך והנוער יהיה מנוכר ליהדותו ולמקורותיו; אם ימשיכו לטעון שמקורותינו, התלמוד וההגדה של פסח - אמרו זאת כאן מעל הבמה הזאת - והתנ""ך מטיפים לשנאת זרים. מאחר שאני מאמין שעתיד עמנו תלוי בשורשיו, אני מאמין שצריך לעשות זאת בדרכי נועם, וסדר העדיפויות שלנו כן צריך להעמיד את היהדות בחינוך כנושא מרכזי. אם תרצי להגשים את דברייך מתקופת האופוזיציה - בתפקידך - נילחם בכך. ועל זה נזעקו רבים. אם תשני - נראה. נקודה שנייה ואחרונה. את מי שבונים את הארץ ומגינים עליה דחיתם, כדי שתהיה לכם אוטונומיה נוחה יותר לדרככם, שחלק מכם רוצים להביא באמצעותה להקמת מדינה פלשתינית. אנחנו נפריע בכך. אני אומר פה לחברי הכנסת - אני יודע שהחברים משמאל מזלזלים בכל מי שהוא לא הם - אנחנו רוצים שלום מעומק נפשנו. אבל, עם זאת, איננו רואים סתירה בין זה לבין הרצון שלנו, שבכל הסדר של שלום יוכל כל יהודי לשבת בכל שטחי ארץ-ישראל. כל מי שתוקף את אוהבי ארץ-ישראל כאילו היו מעדיפים אדמה ואבנים ומזלזלים בקדושת עם ואדם מטעה במזיד ובמכוון. אנחנו אוהבים את ארץ-ישראל, ולא נשלים אם יובילו אפילו לכך שבהסדר יימנע מיהודים לחיות בכל מקום בארץ-ישראל; הם ייושבו ולא ייובשו. אוהבי ארץ-ישראל והיישובים לא עושים זאת על חשבון קדושת החיים ולא על חשבון המאמצים לשלום. אנחנו תומכים במאמצים להשגת השלום, אבל לא בדרכים ובפתרונות שימנעו יכולת וזכות יהודים לחיות ברווחה בכל רחבי ארץ-ישראל. אין ""יודן ריין"" בארץ-ישראל. חברי הכנסת, אסיים ואומר, שתחילת הדרך שלכם, ההרכב של הממשלה, התפקוד שלה והתפקידים שלה מעידים על סכנה של המשך שיבוש הדרך והדעת בעתיד. אנחנו נבטא את עמדותינו בצורה ברורה, משום שאנו בטוחים שאין סתירה בין שלום לארץ-ישראל ובין יהדות לקדמה רוחנית. השבוע מתחילים ימי ""בין המצרים"". היתה שנאת חינם, היה חורבן הבית. בדרך שבה הרכבתם את הממשלה לא הייתם רגישים לזה. ראוי שהממשלה הזאת תראה את עצמה מנהיגה של כל העם ולא של קליקה. זאת אחריות כבדה מאוד. אנו מתפללים שיהיו לכם העצה והתבונה לנהוג נכונה - יותר אחדות, פחות קיטוב, יותר יהדות, פחות ניכור, יותר רגישות ליישובים של ארץ-ישראל, עם מאמצים לשלום מבית ומחוץ. לא השתכנענו שזאת דרכה של הממשלה, ולכן נצביע נגד הממשלה.",5
1699,"מתוך מאמר כן ורציני של אהרן מגד ב""ידיעות אחרונות"" האחרון, ציטטות מ""חכמי החינוך"" של שרת החינוך - פרופסור הרסגור: ""בתי-הספר החרדיים הם בתי-חרושת של פושעים""; ד""ר רפ: ""האמונה באלוקים היא שערורייה אינטלקטואלית"". ועוד: - - -

אמרתי: ""חכמי החינוך"" של משרד החינוך היום. אדוני היושב-ראש, חברי הכנסת, ""הם קנאוני בלא אל - - - ואני אקניאם בלא עם"". הממשלה הזאת, שקבעה לעצמה סדר עדיפויות חדש בנושא היהודי והחינוכי, פוגעת בהקשר זה גם בנושאים הלאומיים החיוניים. אוניברסיטה אמריקנית אחת מוכנה לתת חסות לשלוחה באלקנה, שהוקמה, אגב, בזמן ממשלת רבין הקודמת. קראו בעיתונים של אתמול על מכתב הלשנה של שרת החינוך לאמריקנים, שזו לשונו: ""האם ידוע לכם שמדובר בשטחים הכבושים? האם זה תואם את מדיניות החוץ האמריקנית ואת החוק הבין-לאומי?"". אתם זוכרים את החוק הבין-לאומי, זה שגם אוסר עלינו סנטימטר בגולן. והיא מוסיפה: ""מדיניות השלוחה תתבסס על אפליית הפלשתינים"". כך - שרת החינוך. אם מפקידים על החינוך שלנו את מי שאומר על חיילי ""שמשון"" ו""דובדבן"", המסכנים את חייהם כדי להגן עלינו מהמחבלים-הרוצחים, את מי שאומר עליהם ש""ידם קלה על ההדק"", מדוע מתפלאים אם תנועת הסרבנות ""יש גבול"" מפיצה בחצרות בתי-הספר כרוזי השמצה נגד יחידות המסתערבים וקוראת לנוער לראות בהן יחידות בלתי מוסריות, שאנשים הגונים לא יתגייסו אליהן? ואם מפקירים את החינוך שלנו בידי מי שאומר, ששום סנטימטר מהגולן לא שייך לנו, על-פי החוק הבין-לאומי, והוא סורי טהור - אז מה הפלא אם השרה הממונה אומרת לגיבור ישראל קהלני, שמביא זה כמה שנים את תלמידי ""עמל"" לגולן, ש""זה לא תקין ולא כשורה""? חברי הכנסת, יש קשר בין ביטויים ומסרים של שרים לבין מה שמתחולל במערכת. ויש קשר בין השתלחות ביהדות ובערכיה לבין פגיעה בערכים הלאומיים והיהודיים המקובלים. וזה מה שקורה אם ממנים לנושא רגיש מישהו משולי הקונסנסוס בנושאים האלה. ושרת החינוך כבר חצתה את גבול ההסכמה הלאומית. אדוני היושב-ראש, הממשלה הזאת הודיעה על שינוי בסדר העדיפויות. נכון, אנחנו חולקים על מהלכי הממשלה הנוגעים לגולן וליהודה, לשומרון ולעזה. אבל מה קרה להמשך המהפך, להמשך של סדר העדיפויות? מה נמצא שם? האבטלה הגואה? העלייה שאינה עולה? הצמיחה הכלכלית? לא. אלא מה? - זהותו היהודית וההיסטורית של עם ישראל. זה מה שנמצא בעין-הסערות שמחוללת שרת החינוך ביוזמתה חדשות לבקרים: תורת דרווין, בריאת העולם, אהבת ארץ-ישראל, קבר רחב הזונה, ""יזכור"" לנופלים. זה מה שיש בצקלונה: ביטול הביקורים בקברים באושוויץ, שזה מחנך להיות יותר יהודי ולאומי, או אולי גם לשנאת זרים, נדמה לי; ביטול חובת הבחינה התנ""ך בבחינות הבגרות; צמצום בנושא לימוד גירוש ספרד; צמצום בלימוד מורשת יהדות המזרח; ביטול לימודי ההיסטוריה של ימי הבית-השני וימי הביניים; צמצום לימוד ירושלים כנושא מרכזי; שינויים בלימודי הסידור; ביטול היחידה להעמקת החינוך היהודי ולימודי היהדות לילדים ולעולים. ואני אומר דבר נוסף: יש התנפלות ורדיפה אחר כל מי שחובש כיפה במשרד החינוך. אני אומר, שיש מי שמעמיד את עצמו כנרדף - רודף.

אינני נכנס לפוליטיקה פנימית. אגב, בהזדמנות זו אני רוצה להבהיר, כשאני אומר את זה, שפרופסור באשי וד""ר מרכוס אינם אנשים דתיים. ידע הציבור שהם לא יכלו לסבול את זה. נגד העיוות, נגד השיבוש, נגד הבלבול הזה בסדר העדיפויות החינוכי, אנחנו קוראים להסיר את האמון מהממשלה. אדוני היושב-ראש, על זה אנחנו מוחים היום, על הניסיון המזויף לתת למהפך השלטוני-הפוליטי תרגום וביטוי של מהפך אנטי-יהודי ואנטי-דתי; על זה שמפלגת העבודה, ביודעין ובלא יודעין, נוטשת מוסר אבותיה הרוחניים ותורת אמותיהם הערכיות, ונותנת יד להכניס למערכות החינוך תרבות של יאפים ופאבים של תל-אביב, על-פי הדגם של ""החיים על-פי אגפא"".

כן, אבל הוא מבטא את החיים שלכם, על-פי הביטוי לא של הסרט. הסרט בסדר גמור. אני אומר שזה תוכן החיים הישראליים, הפאבים של תל-אביב.

אנחנו? אולי מפלג מי שמונע מילדי העולים ללמוד יהדות?

איזו צביעות, ההגנה שלך על זה; איזו צביעות.

אני הצעתי שהתרבות הזאת לא תהיה כל תרבות החינוך.

אני לא מודה ועוזב. אני יודע, חברי הכנסת, שרבים רבים במפלגת העבודה לא מרוצים מזה. שמעתי את חבר הכנסת דיין, שמעתי את ד""ר ונונו, שמעתי את הרב מנחם הכהן, את השר צור, דומני את חברת הכנסת דליה איציק ועוד, ואני יכול להעיד, שרבים רבים מההורים השולחים את ילדיהם לחינוך הממלכתי לא רוצים שינתקו ויעקרו את ילדיהם ממקורותיהם ויעשו אותם עכשוויים בלבד. זה מה שעומד להתרחש, ושום נייר לא ישנה זאת. זה צחוק להאשים את המפד""ל בגילוי הדברים האלה, אף-על-פי שזה לכבוד לה, מפני שהשרה מיטיבה וששה לפרסם את הפנינים והכוונות האלה בגלוי. אני אומר לחברי מפלגת העבודה, שעדיין זוכרים את המורשת של אישים כמו פרופסור דינור, זלמן שז""ר, ברל כצנלסון, ויודעים שהשרים שהופקדו מטעמה על החינוך, כמו ארן, אבן, אלון, ידלין ונבון וכל מי שהם מינו היו רגישים הרבה יותר בסוגיה הזאת. ועכשיו, בקלות דעת הפכו את הממשלה הזאת לשמאלנית ולכופרנית במערכת החינוך. צר לי שרבין, שאמר שינווט ויקבע וימנה על-פי הבנתו, הסכים לכך, שלא כמו המורשת שהיתה בתנועתם. אתם יכולים להתעלם מהדברים בבריתות שאתם כורתים כאן בכנסת, אבל העם יזכור שאתם כורתים את העץ היהודי שעליו אנחנו יושבים, מפני שהוא לא בחר בכם כדי לחרף את מערכות ישראל, וזה מה שאתם עושים במשרד החינוך. ולמי שחושבים שהם כוחות המחר, אנחנו אומרים: נדבר על זה מחרתיים. ואנחנו אומרים לכל השותפים לדרך הזאת: גדולים מכם לא יכלו ליהדות, וגם אתם לא תצליחו. יש לנו סבלנות, ונתגבר על כך. מי שחושבים שבאנו לכאן כדי לעבוד לענת ולעשתורת או לשחזר את המשכילות נוסח יל""ג, שאבד עליה כלח, או כדי להיות ככל הגויים ולחיות רק על-פי תרבותם, טועים מאוד. אדוני היושב-ראש, אני רוצה לסיים את דברי: הממשלה הזאת, ששמה - אני מקווה בלי משים - את המלחמה ביהדות במערכת החינוך בראש מעייניה, איננה ראויה לאמון. לא תהיה תפארתכם על הדגל הזה שאתם מניפים, לא על ביטויי הכפירה הבוטים, שציטטתי חלק מהם, ולא על ייבוש לימודי היהדות בבתי-הספר, ולא על מעילה באמון ההורים, שרוצים ברובם בהנחלת מורשת ומסורת. כל השבועונים שיצאו השבוע בנושא החילוניות, בעקבות כל הדיונים האלה, הראו שחלק גדול מההורים, מהציבור הישראלי, אינו אותו מיעוט שאידיאולוגית רוצה להילחם בדת ולא לאפשר הכנת תשתית יהודית בריאה ורצינית לילדים, שלא יהיו בורים ועמי-ארצות. היום נוח לכם לשנוא את הדת והכי טוב לכם לשנוא את הציונות הדתית, וזה נובע, לדעתי, מקלות דעת ומחוסר אחריות ומרצון לערער ולקעקע את האופי היהודי של המדינה. לא רק במפד""ל, לפי דעתי בעם כולו אין נחת מטיפוח השנאה הזאת. לכו ותבדקו זאת. ראש הממשלה, שננזף על-ידי השרה בשבוע שעבר, גם הוא ביטא את מורת רוחו, אבל הוא לא עשה דבר. גם חבריה - לא כאן הערב - הסתייגו מהדברים האלה. אפשר היה לשנות זאת אילו עמדו על כך מי שצריכים היו לעמוד על כך. חברי הכנסת, המדיניות האנטי-יהודית במשרד החינוך נעשית נגד רצונו של רוב העם. מי שעומד היום בראש המשרד מייצג בנושא הזה - אני לא אומר בנושאים אחרים, אינני יודע - מיעוט קטן מאוד. ומי שיושב בשלטון הזה ושותף לו, שותף לאחריות ונותן יד לכך שמציון תצא כפירה, ודברי מינות - מירושלים. אנחנו לא נבהלים מההתקפות עלינו, אנחנו שלמים עם דרכנו ועם האחריות שלנו לערבות ההדדית ולמניעת קרעים בעם ולהנחלת יהדות בדרכי נועם. אנו קוראים לכנסת להצביע אי-אמון בממשלה. אין מוצדק מזה לאחר שהיא גנבה את דעתם של בוחריה בנושא היהודי החיוני הזה.

הבעת מורת-רוח של ראש הממשלה מההתבטאויות, מה זה?

מי קבע שצריך להפעיל שיקול דעת? אתם או אני?

אסור לקרוא קריאות ביניים?

אני מציע לתת לו לדבר - - -

סיעת ש""ס פנתה אלינו או שהיא הבינה שיש בעיה?

אצלנו? יש 240,000 בני עדות המזרח - - -

תגיד דבר אחד לא-אמת שאמרתי.",4
2865,"מה הבעיה, האם הוא טוען שלא היו שלושה? היו שלושה: היושב-ראש, חבר הכנסת הלפרט ואני.

מכל מקום, אני מבין שיש לי 10 דקות.

אדוני היושב-ראש, חברי הכנסת, במוצאי ראש השנה התשמ""ט, לפני כשלוש שנים, ערב נפילתו של סגן בצנחנים אמיר יקותיאל, זיכרונו לברכה, בתאונת אימונים, כאשר הוא עמד לשוב ליחידתו אמר לו אביו: ""30 נערים נמסרו בידיך, ואתה אחראי לשלומם בפני הוריהם. שמור עליהם"". ואמיר שמר את הדבר. הם שבו לביתם בשלום, הוא לא שב. מאז האסון מקפידים הוריו לבקר מדי שנה במערות בית-גוברין, מקום נפילתו של אמיר באחד הבורות, על מנת לבדוק ולוודא במו עיניהם כי כל הבורות והשיחין והמערות אכן גדורים ומכוסים. הם שוקדים ודואגים לבנינו-לחיילינו שלא נחטא להם עוד. לצערי, לפני חודשים מספר נהרג סמל טובים באימונים בבור לא מסומן, בנבטים. אדוני היושב-ראש, בעקבות התאונות הרבות באימונים, או בקלות דעת פושעת כמו מקרה ""רולטת הרשת"", שמענו אומרים שצה""ל מחויב להתייסר בכל אותם אסונות כדי שהלחימה שלו תהיה טובה יותר; ושהמורכבות של תפקידי החיילים והמפקדים מחייבת תרגילים שמחירם גבוה; ושעודף מוטיבציה חיובית מביא לקורבנות. אני אומר על כך שאין זה נכון, ושחייו של חייל אחד שנהרג לשווא דוחים את כל התיאוריה המוטעית הזאת, מפני שאין כאן דיון תיאורטי אלא שאלה של חיים ומוות ממש. ואין בנו נכונות לשלם את המחיר הכבד הזה, שמאיים לגבות מאתנו את טובי בנינו ואת מיטב לוחמינו, כמו במקרה הזה. המציאות, כפי שהיא מתגלה לנו באסון צאלים ובאסונות שקדמו לו והסתיימו במוות, עומדת בפנינו במלוא חריפותה הלוחצת והדוחקת ובמלוא אכזריותה, ומחיר הדמים הזה הנתבע מהחיילים וממשפחותיהם גבוה מדי, ולא נסבל. אנחנו חייבים לתבוע, שמסירות הנפש לא תסתור את חובת האחריות לזהירות ולבטיחות הנדרשת מהמפקדים. בשם כל ההורים השולחים את ילדיהם לצה""ל עלינו לעמוד על כך, שלא נסתגל ולא נתפשר עם התביעה למשמעת המופנית לאחראים הישירים והעקיפים בכל הדרגות - מפני שיש לנו תחושת אשמה שלא עשינו את הכול כדי שזה לא יקרה. מה גם ששמעתי ממיטב מפקדי צה""ל, וגם משר הביטחון עצמו, שאסור שתהיה סתירה בין המקצועיות והמיומנות והנכונות לחירוף נפש ולתושייה במלחמה לבין הבטיחות האוסרת הקרבה עצמית חורגת; ואין הנגדה בין אלו, ואין להשלים עם זה שהתביעות הנורמטיביות המבצעיות יסתרו את האידיאלים שלנו על קדושת חיי האדם, שהוא החייל שלנו. חברי הכנסת, אין זה נכון שאנו דורשים מצה""ל ומהמפקדים שלו יותר מאשר מגוף אחר. אלא שכאן מדובר בחיי בני אדם, וכשזה נוגע לחיים עצמם החובה שלנו היא לעשות הכול כדי שהדברים יהיו מופנמים עמוק ומוטמעים היטב אצל כל מפקדינו - שאין לוקחים צ'אנסים בדברים אלו, שהאחריות לבטיחות כמוה כאחריות לביצוע; לא פחות. מה שמטריד אותנו האזרחים הוא, שלא תוטל מחיצה בין התחושה שלנו, שסומכת על צה""ל ואוהבת אותו, לבין החובה המוסרית שלנו לבנינו ולהוריהם. על כן זה האתגר שאנו מציבים לשר הביטחון, לסגן שר הביטחון, לרמטכ""ל, לצה""ל: שכנעו אותנו שאחרי צאלים-ב', שבא אחרי צאלים-א', חל מפנה; שאין עוד בצה""ל מעשי שטות כמו ""רולטת הרשת""; שלא נופלים בבורות לא מסומנים; שלא מחליפים ""תרגיל יבש"" ב""תרגיל רטוב"". והאחריות לכך מוטלת על כל הדרגים הנוגעים בדבר, במלוא המשמעות. ואם חל מפנה ויש שינוי, יופיע מייד. אך אם יבוא המפנה הזה רק לאחר שימותו, חס וחלילה, נוספים בנסיבות דומות של רשלנות, אין טעם ואין תועלת בכל ההתעוררות הזאת. חברי הכנסת, אל נשאיר את ההורים השכולים להתמודד לבדם עם הבעיה הנוראה שלהם. עלינו להציב גבולות לסמכות הצבא, כך שיינקטו כל האמצעים הבטיחותיים, שלא יקופחו לשווא חייהם של חיילים, וזה מה שנדרש בעקבות צאלים וכל הצללים שקדמו לו. אל תראו רגישות יתר בדאגה שלנו לדקדוקי התנהגות באימונים. תבטיחו לנו שמכאן ולהבא יתקיימו נורמות של בטיחות ומשמעת, יד ביד עם כוננות ועם מוכנות צבאית. מפני שאסור להסכים לייחד תחומים, שבהם אין למצוות הזהירות דריסת רגל. שלמה כהן, אביו של אריק כהן, זיכרונו לברכה, מהרוגי צאלים, אמר ש""הטיל שפגע לא יצא מתוך הכיס, הוא יצא מתוך פקודה"". זאת האחריות, זאת הדיאלקטיקה שבין רמת הביטחון לרמת הבטיחות, ואני בטוח שצה""ל ידע לתת תשובה אחראית ויעילה על האיזון הזה שבין מבצעיות לבין בטיחות. נראה בעליל לאחר ועדת החקירה, וגם לפני בדיקת מצ""ח - משטרה צבאית חוקרת - שמה שקרה בצאלים היה לקוי. ויש לנו תחושה שמשתקפת בעיה יסודית יותר במקרה המיוחד הזה. הזעזוע שעובר המטכ""ל בנושא הזה אולי ירתיע ויתריע ויביא למפנה. אולי תהא זו, לאסוננו, התועלת היחידה מהזעזוע הזה, שלא היה צריך לקרות, שלא היה חייב לקרות עלינו להשתכנע שהאותיות שבספרי הבטיחות אינן אותיות מתות מפני שכאשר האותיות האלה פורחות באוויר קול דמי חיילינו צועק אלינו מן האדמה. על הכנסת לקרוא למערכת הביטחון ולצה""ל לשכנע אותנו בנחישות וברצינות של השינוי, שינוי שנרגיש את התוצאות שלו, ויפה שעה אחת קודם.",1
2872,"זה לא בסדר, לפני שבועיים הגשנו הצעות. עברו שבועיים ושמו את הנושא בסוף היום. זה לא סידור.",1
2937,"אדוני היושב-ראש, חברי הכנסת, אני מצטער על כך, שמה שעורר את ממשלת ישראל לגנות את עליית הנאציזם בגרמניה היה כתבה קשה בטלוויזיה הגרמנית, ולא ראייה מוקדמת שלנו את ההתפתחויות. את האותות המבשרים את הפורענות ראינו ושמענו זה חודשים רבים, ולאחר מה שקרה לנו בשואה, אנחנו הם אלו המופקדים להיות רגישים מכולם. החושים שלנו הם הראשונים שצריכים לקלוט כאשר צצים ניצנים של אנטישמיות וגזענות בכל מקום בעולם, אבל בגרמניה בפרט. כן, חברי הכנסת, היו סימנים מדאיגים ומסוכנים של התעוררות המפלצת הפוטנציאלית, שכנראה מצויה בתוככי גרמניה. והיו סימנים של הבלגה גרמנית בטיפול במגפה שהתפרצה, והיינו אמורים להבין, שעם איחוד גרמניה ועם בעיות של אבטלה וכלכלה - יצא השד מן הבקבוק, והוא איננו מבחין בין זרים לזרים, והיהודים מועדים יותר מכולם בגרמניה, כפי שכבר התנסינו. ניאו-נאצים במקום נאצים, אין חדש תחת השמש. חברי הכנסת, מעולם לא ביקרתי בגרמניה. חשתי תמיד, שבאשר לגרמניה האחרת, חובת ההוכחה היא על הגרמנים. כשאמרו לי שיש ""אחרת"", דמוקרטית, ליברלית, חשבתי שאין זה נתון מוכח ובדוק, ולפחות יש להציב פה סימן שאלה. יש כנראה גם קשר בין איחוד המולדת הגדולה ובין התעוררות של הלאומנות והגעגועים שמתגברים לגרמניה, ""גרמניה מעל לכול"". ויש חלקים בעם הגרמני שהם חסרי כל מעצורים. ועל ממשלת גרמניה מוטלת החובה למגר אותם, ולא להתעלם מהם. להוציא ארגון קיקיוני אחד אל מחוץ לחוק - אין בזה די. יש עוד רבים שנוהגים כאותו ארגון, ויש להוציא גם אותם אל מחוץ לחוק. ולהגביר את החינוך והמודעות למה שהם עוללו בעבר, ולהבטיח בחקיקה אי-חזרה של התופעה, ולדכא את המסיתים והמתפרעים ולשפוט אותם קשות - כל זה חייבות ממשלת ישראל וכנסת ישראל לתבוע מממשלת גרמניה. עלינו להטיל עליהם את חובת ההוכחה, שהדבר בנפשם. יש חשיבות לזעקה המתמשכת שלנו - לא תגובה אימפולסיבית, שחוזרים ממנה; לא מאוחר מדי ומעט מדי. אין לפחד שלא להרגיז את הגרמנים מפני שהם ""מיטיבים אתנו"", מפני שצריך היה למנוע את ההידרדרות וההסלמה בעודן באיבן; מפני שהחובה שלנו לומר למנהיגי גרמניה, שיוותרו על הרצון, שקיים כנראה, לרצות את הימין הקיצוני ולכבוש את לבו. אסור שבגרמניה לא יהיה חוק שימנע הכחשה של השואה או קריאה לחידושה. אדוני היושב-ראש, אל נרגיע את עצמנו, שהנושא כפי שהוא מתפתח עכשיו הוא שולי, הוא זניח, והתנאים אחרים, לא כמו שהיו אז, ועסקים כרגיל. כמה שזה נשמע בנאלי, יש להזכיר שכך חשבו פעם, בשנות ה-30, גם על הנאצים, והאש פשטה בכבשנים. והכתיבה והדיבור הפכו למעשי הזוועה, והעולם כאילו לא ידע הרבה זמן. הממשלה גינתה את מעשי הזוועה, אבל אם רוצים שגרמניה תדע שזה רציני אצלנו, ושהיא חייבת להפסיק ביד חזקה את הזוועה, לא ייתכן שלא תיאמר מלת ביקורת על ממשלתה, שאינה עושה די כדי לבלום את הרעה. גם אם אנחנו מקבלים סיוע, אי-אפשר לעמוד על הדם, ואין דמים במקום דמים. אסור שדברנו יהיה חלש יותר מזה שנשמע מכמה חוגים של ההנהגה בגרמניה עצמה. חוגים אלה ראויים לשבח ולחיזוק. אם היו מחשבות, גם במשרד החינוך שלנו, שכבר אין צורך לשלוח את הנוער שלנו לביקור במחנות ההשמדה כדי לחוות באופן בלתי-אמצעי את מה שהוא לא חווה, למזלו, ולהבין טוב יותר את האנטישמיות, שהנוער הישראלי לא נפגש בה ולא יודע מה היא - צריך ""לחזור בתשובה"" ולא לפחד מכך שהנוער חוזר משם, אני מצטט את שרת החינוך: ""יותר יהודי ויותר לאומי"". מהנאציזם בגרמניה יש לפחד, לא מזה. אם גילתה לנו הטלוויזיה הגרמנית, שהמדפים והמוצגים שבאושוויץ מתפוררים, חובה עלינו לדאוג לכך שלא יתפוררו, כדי שיישארו לעדות ולדיראון עולם. גם לזאת צריכה גרמניה לתרום, וגם לשלוח יותר את הנוער שלה לשם. אדוני היושב-ראש, זאת חובתה של מדינת ישראל, מדינה שלא היתה קיימת בזמן השואה. זאת חובת היישוב בארץ, שלא היה ער כל כך אז. זאת חובתנו: לחדד את כל החושים ולזעוק את כל הזעקות ולזעזע את אמות הספים מקצה עולם ועד קצהו. שכל ילד ומבוגר, שהיה שם ושלא היה שם, יזעק על מה שקורה. ושגרמניה תוכיח שוב, שהיא גרמניה אחרת. והצדק צריך שיופיע מייד, ולא לאחר מותם של נוספים, ולא לאחר הרעלת האווירה על-ידי מעטים, שהרבה מאוד בגרמניה שותקים מולם או מזדהים אתם. צריך לעודד את הנשיא פון-וייצקר ואת אלה שלוחמים בתופעות ולהמריץ אותם להתנגד בעוצמה לזוועות. ונאמר שוב ליהודים, שאין להם מה לעשות בגרמניה. זה באמת מקום מוזר מאוד ליהודים, מעוות מאוד לשבת שם. אני שומע שיש שם כאלה שחזרו מהמחנות, כאלה שבאו מישראל, ועכשיו כאלה שרוצים לבוא מברית-המועצות לשעבר. הישיבה שם לא מוסיפה כבוד לעמנו ולא להם; לא הישיבה שם ולא הקול המינורי המרגיע של המנהיגים שלהם, כפי שהוא נשמע בימים האחרונים. יקום הנוער היהודי משם ויבוא לכאן.",1
3223,"אדוני היושב-ראש, חברי הכנסת, ביטול חוק איסור המפגשים עם אש""ף פסול בעיני גם מבחינה פוליטית, גם מבחינה מוסרית. ראש הממשלה רבין והממשלה הזאת, דווקא היא, אמורים היו להבין זאת. ברמה הפוליטית, לא ייתכן שקבוצה מסוימת תיקח את מדיניות החוץ והביטחון שלנו בידיה; כל קבוצה. מטרת חוק איסור המפגשים היתה, בין היתר, שממשלת ישראל היא שתחליט במדיניות חוץ מובהקת; למשל, להכיר באש""ף או לא להכיר באש""ף. לא שקבוצה שמאלנית, במקרה זה, תמשוך ותגרור ותכשיר את הקרקע להכשיר את אש""ף, ותדחוף את ישראל לקיים דיאלוג עם אש""ף, קרי: זכות השיבה, מדינה פלשתינית, אמנה פלשתינית שיש בה שלילת קיומה של מדינת ישראל וטרור אכזרי. חברי הכנסת, אין מדובר - בתיקון המוצע לחוק - באנשים תמימים מן היישוב שרוצים לדבר ביניהם על כוס תה או קפה מטעמים של ידידות. זה לא שהחוק הקיים מפר את הידידות הלבבית, את האווירה הפסטורלית ואת הזכות והחופש של הפרט להיפגש ידידותית עם מי שהוא חפץ ביקרו. במי מדובר? מדובר פה באנשים פוליטיים המנהלים מדיניות חוץ מקבילה לזו של הממשלה. מדינת ישראל מנהלת שיחות רשמיות, במוצהר לא עם ערפאת ואש""ף, ובד בבד מנהל וינהל עכשיו השמאל, על-פי חוק, משא-ומתן בין-לאומי עם אש""ף. חוק המפגשים נועד שלא לאפשר מדיניות חוץ אלטרנטיבית פעילה. לא הכול מרוצים, גם אני לא, מהדרך שבה מנהלת הממשלה הזאת את המשא-ומתן. אבל זה הבריח התיכון של מדינה - שהממשלה מנהלת את המשא-ומתן ולא גופים מימין ומשמאל. אם יש ניהול מדיניות חוץ נפרדת, ולא רק מדיניות חוץ, למה רק מדיניות חוץ? גם מדיניות ביטחון יכולה להיות נפרדת - לא רק השמאל יעשה זאת, אלא גם הימין. ואז, אנה אנו באים? לא מדובר פה על מפגש תמים אלא על ממשלה בתוך ממשלה. הממשלה אומרת: לא אש""ף וערפאת. היא אומרת זאת לארצות-הברית, היא אומרת זאת בדיאלוג עם הפלשתינים. והנה, בנוסח מפוצל יש כאן מסר כפול על מהלך סותר הקורא - כפי שמסביר חבר הכנסת דראושה בגילוי לב בדברי ההסבר שלו - לעודד שיחות ישירות ודיאלוג עם אש""ף. זוהי, כמובן, מתנה לאינתיפאדה ליום הולדתה שיחול בשבוע הבא. לכן, נכון היה לחסום בחוק ובדרכים נוספות את הניהול הסותר של מדיניות החוץ והביטחון שלנו. אני אומר לראש הממשלה, שאם יבוטל החוק, וזה חמור כשלעצמו, חייב ראש הממשלה לחסום את מי שמנהל מתוך הממשלה מדיניות חוץ אלטרנטיבית כדי לכפות אותה על הממשלה. אחרת, אל יטענו אחר כך בשם האחריות הממלכתית, אם גם מן האופוזיציה ינהלו מדיניות חוץ וביטחון ישירה ונפרדת. בתיקון המוצע יש פגם גם מן ההיבט המוסרי. איך אפשר להיפגש עם אש""ף, כל עוד הוא לא מבטל שני דברים: את הפרקים באמנה הפלשתינית הקוראים להשמדת ישראל ואי-קיומה, וכל זמן שאש""ף לא מודיע על הסתלקותו מהטרור? חייבת להיות בנושאים אלה התחייבות של כל פלשתיני שאתה דן אתו, כתנאי מוסרי לשיחות אתו. חמור מאוד שאנחנו לא דורשים מהפלשתינים, שעליהם מוטלת חובת ההוכחה של הסתלקות מאותם פרקים באמנה הפלשתינית, שהיא גם גזענית וגם שוללת את קיומה של מדינת ישראל, וגם חובת ההוכחה של הסתלקות מהטרור הרצחני, שהרי זאת טענה שקרית של אלה האומרים שרק מי שמתנגד למשא-ומתן לשלום, ה""חמאס"" למשל, הוא שמבצע את הטרור. לא פחות מהם ויותר מהם שותפים להם ה""פתח"" של אש""ף וערפאת, במטרה לכופף אותנו במשא-ומתן, וכולם יודעים זאת. הפירוש הברור של ביטול חוק המפגשים הוא מתן לגיטימציה לארגון הטרור הקורא באמנתו לאי-קיומה של מדינת ישראל. כל עוד הפלשתינים לא מסתלקים באופן משכנע מהמטרה הזאת שלהם - לא נעים לשמוע זאת, גם לא היה נעים לנו השבוע לומר בכנסת שיכול להיות שבגרמניה יעלו שוב הנאצים - כל זמן שהטרור הזה משמש מכשיר פוליטי, חוק איסור המפגשים הוא הדרך לעצור ולמנוע לגיטימציה של ארגון הטרור. את זה היה צריך לדרוש השמאל הישראלי. את הדגל הזה הם היו צריכים להרים, ולא להיפך, כפי שהם עושים בוויתור חד-צדדי של אלה הרוצים להידבר עם הפלשתינים; ולא מבקשים מהם ביטול האמנה והסתלקות מן הטרור.

חבר הכנסת זיאד, אני אומר את זה מעבר לוויכוח שיש לנו על ארץ-ישראל. אנחנו מאמינים, שבין המדבר ובין הים יש שני עמים ושתי מדינות ולא שלושה עמים ושלוש מדינות. זה ויכוח מדיני בינינו. אבל כאשר השמאל והממשלה לא דורשים ויתור על האמנה הפלשתינית ועל הטרור, הם חושפים בזה כוונה חמורה לתת לגיטימציה מדינית לארגון טרור, וזה לא יסולח. נוצר בכך מצב המסכן את החברה הישראלית מבפנים, וממקש ומפוצץ את הסולידריות הישראלית הפנימית שלנו, המבוססת על הסכמה למלחמה בארגוני טרור. לתת להם יד, להכיר בלגיטימיות שלהם בלי שהם שכנעו אותנו ברצינות, שהם הסתלקו מדרכם והפסיקו את הטרור, זה חמור גם מוסרית, מעבר לוויכוח הפוליטי. לכן אני מתנגד לחוק המוצע לעידוד המפגשים ומציע שלא לשנות את החוק שהיה קיים עד כה.",2
4082,"גברתי היושבת-ראש, חברי הכנסת, הצעת האי-אמון שאנחנו דנים בה עכשיו נועדה מתחילתה לעסוק בעיקר בטרור ובביטחון הפנים, ומשהו קרה השבוע ביוזמת הממשלה. גם אנחנו רצינו להציע אי-אמון על הידרדרות המצב הביטחוני, כפי שהוא הסתמן בבירור בשבועות האחרונים, אבל כשנעשה המהלך המשמעותי הזה - - -

אבל כשנעשה המהלך המשמעותי הזה, שהתכוון לעצור את ההידרדרות, אנחנו נותנים יד למהלך הזה ומושכים את הצעת האי-אמון. אני רוצה לשבח את הממשלה על המהלך הנכון שהיא נקטה במלחמתה בטרור לאחר שהגיעו מים עד נפש ולאחר שהמוות הילך אימים ברחובותינו, ולאחר - וזאת אולי הנקודה - שכוח ההרתעה שלנו נחלש לאחרונה יותר, באופן מדאיג ומסוכן. אנחנו לא רוצים, ולמרות עלילת הדם העצמית על גזענותנו, אנחנו גם לא מסוגלים להרתיע בדרכים שנקטו נשיא סוריה ומלך ירדן כאשר הם הזדקקו לדיכוי של טרור. ולכן צריכים אנו למצוא דרכים אחרות, שייצרו הרתעה וישקמו אותה מחדש כחלק מהמאבק הקשה שלנו בטרור. הממשלה הזאת עשתה השבוע צעד אחד חשוב, ולכן היא ראויה בהצעת האי-אמון הזאת לרשת ביטחון. כפי שמעידים כל גורמי הביטחון, גירוש המארגנים, השולחים וההנהגות הוא דרך נכונה להילחם ברוצחים. מי שמרחם על אכזרים מתאכזר על רחמנים, ואין בלבו רחמים. לי נראה שזו דרך נכונה כדי להרתיע. חברי הכנסת, בידי הממשלה והכנסת לתקן בתקופת החירום הזו, ולו גם לתקופה מוגבלת, את מה שטעון תיקון כדי שאפשר יהיה להמשיך במהלך שכזה גם בתנאים המשפטיים המסובכים שאנחנו מצויים בהם. זו לא בקשה של פוליטיקאים, אני יודע שגורמי הביטחון מבקשים את זה, ולא מסיבות שמעבר להתגברות על מצוקות הביטחון שלהם. לכן צריך לעזור להם למלא את משימתם כראוי. קראנו שהממשלה בודקת עכשיו עם הגורמים המשפטיים אמצעים נוספים שיבטיחו ביטחון לאזרחים ולחיילים במקומותינו. המשפטנים הליברליים, הרדיקליים, המבקשים שננהג במלחמת הטרור כמו שהמתוקנות במדינות נוהגות במצב של אין מלחמת טרור נגדן, אינם מתחשבים בזכויות האזרחים והחיילים שנרצחו באכזריות על-ידי טרוריסטים, שידם עוד נטויה, אם היא לא תיגדע. כל עוד נמשכת כבילת הידיים של גורמי הביטחון שלוחמים ברעולי הפנים, אין מנוס מהסלמה במצבנו ומאובדן כוח ההרתעה. גברתי היושבת-ראש, יש לנו טענות רבות על הממשלה שבתוך הממשלה, המדברת למשל על הכרה במדינה פלשתינית; ששרים בתוכה דורשים לקדם שיחות עם אש""ף-תוניס וערפאת. יש לנו טענות רבות על כך, שככל שהממשלה החליטה לפעול בהחלטיות ולהכות את ה""חמאס"", וזה בסדר גמור, מפני שהם יורים בנו כדי להפסיק את השיחות - בו-זמנית היא לא החליטה להכות עד חורמה את ה""פתח"", שמדברים אתנו ויורים עלינו. מדברים ויורים; לכופף אותנו, ללחוץ אותנו במשא-ומתן. זה נוהג פסול להסכים לשאת ולתת אתם תוך שהם מצמידים אקדח לרקתנו. ""השלום יחסל את ה'חמאס'"" - זאת אמירה מזויפת שבאה מחוגים בממשלה.

אני אומר שהיא זורה חול בעיניים. מי שיורה בזמן משא-ומתן ימשיך בטרור גם אחרי הסדר, ויותר, ואש""ף לא יוכל לערוב לנו לשקט ולביטחון. היינו צריכים לתבוע, וזה היה דבר צודק, שהמבחן לשיחות שלום יהיה ניהול שיחות עם מי שקורא, פועל ומצליח למנוע טרור. יש לנו ויכוח על תנאי המשא-ומתן, אבל קידומו על רקע הטרור הגובר הוא ממש מסוכן. הוא נושא אחר, ועליו אנחנו דנים. יש לנו רצון להצביע אי-אמון בממשלה, על כך שיש גורמים בממשלה האומרים דברים חמורים: ששום סנטימטר בגולן לא שייך לנו, שיש לדבר עם אש""ף-תוניס, שהמסתערבים הלוחמים ברעולי הפנים ידם קלה על ההדק ואיש הגון לא יתגייס אליהם. יש לנו רוגז על כך שמערכת החינוך מציעה למחוק את יהושע בן נון מהתנ""ך ומהתודעה שלנו, כשהחטא שלו הוא שכבש את הארץ והניח יסוד לזכותנו על הארץ. יש לנו טענות על חינוך לא יהודי ולא ציוני. על כל אלה ועוד יש לנו רצון להצביע אי-אמון בממשלה. אבל רבים מאלה שדורשים את הדרישות האלה מהממשלה, השבוע לא שמעו, לא הבינו, לא ידעו מה קרה כשהם החליטו על הגירוש, והם לא יכולים להירדם מאז, מפני שהם נרדמו אז, בממשלה, והם מאשימים את עצמם שהם בגדו בעקרונות, בטמטום עצמי וכדומה - לשון שלהם. קרה משהו השבוע, אולי תפנית במאבקנו בטרור, וזה מחייב אותנו לתת לכך תימוכין וסיכוי. גברתי היושבת-ראש, לנו עצמנו, כפי שפתחתי, היתה הצעה להביע אי-אמון לממשלה בנושא התגברות הטרור, והחלטנו להוריד אותה מפני שחשבנו שהשבוע הזה, שבו עשתה הממשלה מעשה רציני וחסר תקדים למלחמה בטרור, על הכנסת לסייע לה ולעמוד שכם אחד מול ההתקפות מכל העולם עלינו ומול אלה שעוד נכונו לנו. אני אומר את זה לחבר הכנסת נתניהו. אני אומר שאי-אמון אפשר להגיש בכל שבוע, אין מגבלה בנושא הזה, ונכון יהיה שבשבוע שבו קרה מה שקרה, שאופוזיציה שרוצה מאמץ בביטחון הפנים ובמלחמה בטרור, ונעשה מהלך שהוא באמת ללא תקדים, וההתקפות עלינו והבעיות שמתעוררות עקב כך קיימות - לא היה קורה ולא כלום לאופוזיציה ולכנסת אילו התלכדה סביב הממשלה בנושא הזה בלבד, בהתנהגות של הממשלה - - -

לא, הצעת האי-אמון שלנו הוגשה לפני שהיה המהלך.

לדעתי, השבוע צריך לעזור לממשלה בנושא הזה ולא יותר. לכן, את הצעת האי-אמון תגישו בשבוע הבא, ויהיו בוודאי המון סיבות להגיש אותה; בשבוע הבא, בשבוע שאחריו, ועוד.

בעוד שבועיים. הממשלה כמות שהיא איננה ראויה לאמון, אבל בכל זאת אנחנו נימנע כדי להביע את הערכתנו לדרך האמיצה שהיא נקטה במלחמה נגד הטרור, ולחזק אותה במבחנים שעוד יבואו לה, והם יבואו, בנושאים הביטחוניים שהיא מטפלת בהם כדי להבטיח ביטחון לאזרחינו ולחיילינו. כאמור, נימנע בהצבעה.",2
4142,"אדוני היושב-ראש, חברי הכנסת, אתחיל בעניינו של יום. במעמד ההכרזה על המרד, המתואר בספר המקבים א': ""ויען מתתיהו ויאמר בקול גדול: אם כל העמים אשר בבית מלכות המלך שומעים לו, יסורו כל איש מעבודת אבותיו ויבחרו במצוותיו. ואני ובני נלך בברית אבותינו. חלילה לנו לעזוב תורה ומצוות. לדברי המלך לא נשמע לסור מעבודתנו ימין ושמאל"". ובהמשך הדברים פרץ מתתיהו אל היהודי שקרב לזבוח, והרג אותו ואת שליחו של המלך, ומכאן החלה מלחמת המקבים לשמירת זהותם העצמית וייחודם התרבותי-הדתי-הלאומי. מלחמתם זאת והצלחתם בה, הצלחתם לטהר את בית-המקדש ולחדש בו את העבודה היא שנתנה להם את הסמכות המוסרית והציבורית לשלוח איגרות מחייבות אל יהודי הגולה בעניינים הנוגעים לשמירת הזהות היהודית, כמתואר בספר המקבים ב' ובמקומות אחרים. חברי הכנסת, פעולת מתתיהו ובניו היא היפך הכיוון המתבולל, ושיקום סמכותם כלפי הגולה בנה סכר כנגד זרמי ההיטמעות. הבעיה העומדת בפנינו היום היא יכולתנו, במציאות של זמננו, לבנות ולקיים מצב של אחדות והתלכדות למרות המרחקים והשוני, ולמרות הרצון להיות שווים לכול. בעולם הרוחני שלי יש פתרון מוכח לבעיה הזאת. אבל, כפי שאמר חבר הכנסת נתניהו, אני מודע לכך שפתרון זה אינו תופס את כולם במציאות של ימינו. ההיסטוריה מעידה, שהדבקות בדת גישרה על מרחקים ועל הבדלים בין הקהילות היהודיות השונות. הדרך לבית-הכנסת היתה הגשר שעליו נפגשו יהודים, והיא שהרחיקה אותם מהתבוללות. הדרך הזאת לא איבדה את יעילותה, אבל יהודים רבים בישראל ובתפוצות חדלו להשתמש בה, ולכן גם כשאני מאמין שהעם היהודי ישוב יום אחד לאמונתו, הרי כמי שרואה את עצמו שותף מלא לכל בעיות הקיום היהודי אינני יכול להתעלם מהעובדה, שהפתרון הדתי אינו מהווה תשובה פשוטה ומלאה למציאות כפי שהינה בעם היהודי. ועם זאת, אין אנו פטורים מהחובה לקיים ליכוד בעמנו בארץ ובגולה גם בתנאים של ניתוק וריחוק, ולשמר את האחדות בין קיבוצים יהודיים החיים בסביבות תרבותיות וחברתיות נבדלות זו מזו. משאלה זו נתקלת בסכנת ההתבוללות, שאנחנו מופקדים על מניעתה, ועלינו לפעול ככל יכולתנו כדי לעצור את נישואי התערובת שמפרקים את הקיום הייחודי שלנו, ולבלום את ההיטמעות המוחלטת בסביבה, או אם לנקוט מונח רלבנטי לחנוכה - ההתייוונות. אדוני היושב-ראש, החל משיבת ציון מאיים על העם היהודי נושא ההתבוללות. נדמה לי שלא היה עוד משבר חריף כמו זה שבימינו. אנחנו מאבדים מאות אלפי יהודים, כפי שנאמר כאן, לא באינקוויזיציה, לא בשואה, לא בהשמדה, פשוט מתבוללים בלי משים. לא מתעניינים ביהדותם, נחשפים לתרבות אחרת ונסחפים אליה. כתוצאה מכך: נישואי תערובת של למעלה מ=%50 בקרב יהודים בחוץ-לארץ. ממדים כאלה לא היו מעולם. לרבים מהנשואים נישואין מעורבים, וגם מי שלא נשואים נישואין מעורבים, אין מטען יהודי בעל משקל באמתחתם, והם חיים בעולם שבו ייחודיות סותרת את רוח הזמן. וכשאובד הבסיס הדתי, השתייכות לאומית בלבד נראית להם לא מוצדקת בעולם שדוחה לאומיות כזהות עצמית, באוניברסיטאות, למשל, ובקמפוסים. לכן קשה לשמר ולקיים יהדות בלי יהדות. ולא הפזורה בלבדה - אני רוצה לומר לחברי הכנסת - חשופה לסכנה, אלא גם על המרכז היא מאיימת; זאת אומרת, על מדינת ישראל, שמעמידה את עצמה, ובצדק, כגרעין המרכזי של העם היהודי. מרכז איננו בהכרח מחוסן יותר מהתפוצות. גם עליו הסכנה מאיימת. אומנם הסכנה כאן בארץ לא דומה לזו שבגולה. כאן אין אולי סכנה לקיום הפיסי, ובתוך עמנו אנחנו יושבים, אבל איננו מחוסנים לגמרי מפני אובדן זהותנו היהודית, שזה בסיס הקשר גם בינינו לבין התפוצות. אדוני היושב-ראש, הבסיס הקיומי של חלק ניכר, ואולי של רוב העם היהודי בעולם, הוא מדינת ישראל. בלעדיה אין לרובם עתיד. אבל הם אינם כאן, אין הם לומדים עברית, אין הם לומדים יהדות, לא בית-ספר יהודי, לא מדינת ישראל, והקשר בינינו הוא בעיקרו דרך המגבית או ה""בונדס"". ולא מוקרן ממדינת ישראל, שהקשר בינינו אינו מבוסס על ""ניצול הדדי"", כפי שזה היום במידה מסוימת, אלא על גורל וייעוד משותפים. דמותה של מדינת ישראל כפי שתשתקף בעיניהם, ופעילות מדינת ישראל בקרבם כפי שתיעשה - אני מסכים לדבריך, שצריך שממשלת ישראל תפעל בעניין - יכולות לקבוע הרבה מאוד באשר לזהות ולהזדהות היהודית בגולה ובתפוצות עם מדינת ישראל, ועם העם היהודי. והסכנות הן רבות, לא רק נישואי תערובת, יש גם דרכים סמויות יותר ומתונות יותר שיכולות להביא לאותן תוצאות. אנו חיים בעולם פתוח, ורוצים שיהיה פתוח, אבל אנחנו רוצים שיהיה מוגן מרוחות פרצים. אנחנו רוצים שתהיה כאן דמוקרטיה - נכון - ולא נוותר על כך. חברי הכנסת, איש מאתנו או מהורינו לא בא לארץ רק כדי לחפש בה דמוקרטיה ואוניברסליות, אלא לחיות במדינה יהודית, על כל המשתמע מכך. מדינה יהודית יש לנו רק כאן, אם נדאג שתהיה יהודית. אין לנו נוסחת פלא שתמנע התבוללות, בהעדר אחדות אמונית, אבל הדרך היא בכל זאת גם בחינוך, בהקניית איזה מטען שייחד את בני עמנו מסביבתם וייתן להם בסיס להתקיים כקבוצת הזדהות נפרדת ומודעת ליהדותה. בעיני, העברית וידיעת הארץ לבדן הן בסיס חלש להזדהות. צריך הרבה מעבר לכך. תהא תפיסתנו אשר למהות היהדות אשר תהא, ותהא ההשקפה שבה אנו מחזיקים אשר תהא - מהחינוך ומהערכים האלה אנו מצפים, שיקנו הבנה וידע גם של יהדות, גם של ציונות, גם של לאומיות, גם של מדינת ישראל, ושיכשירו לנו בנים שיהיו נאמנים וגאים להיות בני העם היהודי, המוכנים למלא גם חובות הקשורות בקיומו של העם היהודי וליטול אחריות למעשים הנוגעים לעם היהודי ולשותפות היהודית. חברי הכנסת, אני מסיים, בפקודת היושב-ראש, ובצדק - -

- - בכמה משפטים. הצעקה של חרדתנו מפני התבוללות שמכרסמת בעם היהודי לא תהיה מועילה אם לא נלווה אותה במעשים של ממש לחיזוק זהותנו היהודית בישראל ובעולם. הזיקה היהודית של מדינת ישראל איננה תנאי מספיק, אבל היא תנאי הכרחי לכל מעשה נגד ההתבוללות. אני מקווה שמכאן, מהכנסת, תצא שוב הקריאה למנהיגות העם היהודי בארץ ובתפוצות לפעול במשותף, בכוחות משותפים ובאמונה גדולה כדי להילחם בהתבוללות. אני רוצה לשבח את תנועת ""ביחד"", את סם בן-שטרית, על היוזמה ועל הפעולה שלכם בנושא; לשבח את יושב-ראש הכנסת, פרופסור שבח וייס, שנענה בשמחה לקיים את הדיון הזה; ולשבח את הכנסת, שמצאה ביום הזה את עצמה מוכנה ורוצה לדון בנושא החשוב הזה.",1
4199,"אדוני היושב-ראש, חברי הכנסת, אתחיל בעניינו של יום. במעמד ההכרזה על המרד, המתואר בספר המקבים א': ""ויען מתתיהו ויאמר בקול גדול: אם כל העמים אשר בבית מלכות המלך שומעים לו, יסורו כל איש מעבודת אבותיו ויבחרו במצוותיו. ואני ובני נלך בברית אבותינו. חלילה לנו לעזוב תורה ומצוות. לדברי המלך לא נשמע לסור מעבודתנו ימין ושמאל"". ובהמשך הדברים פרץ מתתיהו אל היהודי שקרב לזבוח, והרג אותו ואת שליחו של המלך, ומכאן החלה מלחמת המקבים לשמירת זהותם העצמית וייחודם התרבותי-הדתי-הלאומי. מלחמתם זאת והצלחתם בה, הצלחתם לטהר את בית-המקדש ולחדש בו את העבודה היא שנתנה להם את הסמכות המוסרית והציבורית לשלוח איגרות מחייבות אל יהודי הגולה בעניינים הנוגעים לשמירת הזהות היהודית, כמתואר בספר המקבים ב' ובמקומות אחרים. חברי הכנסת, פעולת מתתיהו ובניו היא היפך הכיוון המתבולל, ושיקום סמכותם כלפי הגולה בנה סכר כנגד זרמי ההיטמעות. הבעיה העומדת בפנינו היום היא יכולתנו, במציאות של זמננו, לבנות ולקיים מצב של אחדות והתלכדות למרות המרחקים והשוני, ולמרות הרצון להיות שווים לכול. בעולם הרוחני שלי יש פתרון מוכח לבעיה הזאת. אבל, כפי שאמר חבר הכנסת נתניהו, אני מודע לכך שפתרון זה אינו תופס את כולם במציאות של ימינו. ההיסטוריה מעידה, שהדבקות בדת גישרה על מרחקים ועל הבדלים בין הקהילות היהודיות השונות. הדרך לבית-הכנסת היתה הגשר שעליו נפגשו יהודים, והיא שהרחיקה אותם מהתבוללות. הדרך הזאת לא איבדה את יעילותה, אבל יהודים רבים בישראל ובתפוצות חדלו להשתמש בה, ולכן גם כשאני מאמין שהעם היהודי ישוב יום אחד לאמונתו, הרי כמי שרואה את עצמו שותף מלא לכל בעיות הקיום היהודי אינני יכול להתעלם מהעובדה, שהפתרון הדתי אינו מהווה תשובה פשוטה ומלאה למציאות כפי שהינה בעם היהודי. ועם זאת, אין אנו פטורים מהחובה לקיים ליכוד בעמנו בארץ ובגולה גם בתנאים של ניתוק וריחוק, ולשמר את האחדות בין קיבוצים יהודיים החיים בסביבות תרבותיות וחברתיות נבדלות זו מזו. משאלה זו נתקלת בסכנת ההתבוללות, שאנחנו מופקדים על מניעתה, ועלינו לפעול ככל יכולתנו כדי לעצור את נישואי התערובת שמפרקים את הקיום הייחודי שלנו, ולבלום את ההיטמעות המוחלטת בסביבה, או אם לנקוט מונח רלבנטי לחנוכה – ההתייוונות. אדוני היושב-ראש, החל משיבת ציון מאיים על העם היהודי נושא ההתבוללות. נדמה לי שלא היה עוד משבר חריף כמו זה שבימינו. אנחנו מאבדים מאות אלפי יהודים, כפי שנאמר כאן, לא באינקוויזיציה, לא בשואה, לא בהשמדה, פשוט מתבוללים בלי משים. לא מתעניינים ביהדותם, נחשפים לתרבות אחרת ונסחפים אליה. כתוצאה מכך: נישואי תערובת של למעלה מ-50% בקרב יהודים בחוץ-לארץ. ממדים כאלה לא היו מעולם. לרבים מהנשואים נישואין מעורבים, וגם מי שלא נשואים נישואין מעורבים, אין מטען יהודי בעל משקל באמתחתם, והם חיים בעולם שבו ייחודיות סותרת את רוח הזמן. וכשאובד הבסיס הדתי, השתייכות לאומית בלבד נראית להם לא מוצדקת בעולם שדוחה לאומיות כזהות עצמית, באוניברסיטאות, למשל, ובקמפוסים. לכן קשה לשמר ולקיים יהדות בלי יהדות. ולא הפזורה בלבדה – אני רוצה לומר לחברי הכנסת – חשופה לסכנה, אלא גם על המרכז היא מאיימת; זאת אומרת, על מדינת ישראל, שמעמידה את עצמה, ובצדק, כגרעין המרכזי של העם היהודי. מרכז איננו בהכרח מחוסן יותר מהתפוצות. גם עליו הסכנה מאיימת. אומנם הסכנה כאן בארץ לא דומה לזו שבגולה. כאן אין אולי סכנה לקיום הפיסי, ובתוך עמנו אנחנו יושבים, אבל איננו מחוסנים לגמרי מפני אובדן זהותנו היהודית, שזה בסיס הקשר גם בינינו לבין התפוצות. אדוני היושב-ראש, הבסיס הקיומי של חלק ניכר, ואולי של רוב העם היהודי בעולם, הוא מדינת ישראל. בלעדיה אין לרובם עתיד. אבל הם אינם כאן, אין הם לומדים עברית, אין הם לומדים יהדות, לא בית-ספר יהודי, לא מדינת ישראל, והקשר בינינו הוא בעיקרו דרך המגבית או ה""בונדס"". ולא מוקרן ממדינת ישראל, שהקשר בינינו אינו מבוסס על ""ניצול הדדי"", כפי שזה היום במידה מסוימת, אלא על גורל וייעוד משותפים. דמותה של מדינת ישראל כפי שתשתקף בעיניהם, ופעילות מדינת ישראל בקרבם כפי שתיעשה – אני מסכים לדבריך, שצריך שממשלת ישראל תפעל בעניין – יכולות לקבוע הרבה מאוד באשר לזהות ולהזדהות היהודית בגולה ובתפוצות עם מדינת ישראל, ועם העם היהודי. והסכנות הן רבות, לא רק נישואי תערובת, יש גם דרכים סמויות יותר ומתונות יותר שיכולות להביא לאותן תוצאות. אנו חיים בעולם פתוח, ורוצים שיהיה פתוח, אבל אנחנו רוצים שיהיה מוגן מרוחות פרצים. אנחנו רוצים שתהיה כאן דמוקרטיה – נכון – ולא נוותר על כך. חברי הכנסת, איש מאתנו או מהורינו לא בא לארץ רק כדי לחפש בה דמוקרטיה ואוניברסליות, אלא לחיות במדינה יהודית, על כל המשתמע מכך. מדינה יהודית יש לנו רק כאן, אם נדאג שתהיה יהודית. אין לנו נוסחת פלא שתמנע התבוללות, בהעדר אחדות אמונית, אבל הדרך היא בכל זאת גם בחינוך, בהקניית איזה מטען שייחד את בני עמנו מסביבתם וייתן להם בסיס להתקיים כקבוצת הזדהות נפרדת ומודעת ליהדותה. בעיני, העברית וידיעת הארץ לבדן הן בסיס חלש להזדהות. צריך הרבה מעבר לכך. תהא תפיסתנו אשר למהות היהדות אשר תהא, ותהא ההשקפה שבה אנו מחזיקים אשר תהא – מהחינוך ומהערכים האלה אנו מצפים, שיקנו הבנה וידע גם של יהדות, גם של ציונות, גם של לאומיות, גם של מדינת ישראל, ושיכשירו לנו בנים שיהיו נאמנים וגאים להיות בני העם היהודי, המוכנים למלא גם חובות הקשורות בקיומו של העם היהודי וליטול אחריות למעשים הנוגעים לעם היהודי ולשותפות היהודית. חברי הכנסת, אני מסיים, בפקודת היושב-ראש, ובצדק – –

– – בכמה משפטים. הצעקה של חרדתנו מפני התבוללות שמכרסמת בעם היהודי לא תהיה מועילה אם לא נלווה אותה במעשים של ממש לחיזוק זהותנו היהודית בישראל ובעולם. הזיקה היהודית של מדינת ישראל איננה תנאי מספיק, אבל היא תנאי הכרחי לכל מעשה נגד ההתבוללות. אני מקווה שמכאן, מהכנסת, תצא שוב הקריאה למנהיגות העם היהודי בארץ ובתפוצות לפעול במשותף, בכוחות משותפים ובאמונה גדולה כדי להילחם בהתבוללות. אני רוצה לשבח את תנועת ""ביחד"", את סם בן-שטרית, על היוזמה ועל הפעולה שלכם בנושא; לשבח את יושב-ראש הכנסת, פרופסור שבח וייס, שנענה בשמחה לקיים את הדיון הזה; ולשבח את הכנסת, שמצאה ביום הזה את עצמה מוכנה ורוצה לדון בנושא החשוב הזה.",1
6055,"אדוני היושב-ראש, כנסת נכבדה, כבוד השר, עולים חדשים ומשפחות במצוקה זכאים להשתתפות ממשלתית בשכר הדירה. סכום ההשתתפות לא עודכן זה זמן רב, והפער בין סכום זה הנקוב בשקלים לבין שכר הדירה הנקוב בדולרים גדל והולך מיום ליום, במיוחד לנוכח העליות המשמעותיות בשער הדולר. מצב זה יוצר בעיה קשה למשפחות רבות הנמצאות בלאו הכי במצוקה, ומחייב התערבות מיידית של המשרד. ברצוני לשאול: 1. כיצד נקבעת ההשתתפות הממשלתית לזכאים להשתתפות בשכר דירה? 2. האם מודע המשרד לעובדה שהשכירות במשק צמודה לדולר? 3. האם עודכנו סכומי ההשתתפות, ומתי? 4. אם לא עודכנו הסכומים בהצמדתם לדולר, מה בדעת השר לעשות על מנת לעדכנם ללא דיחוי?

שאלה-הערה. אדוני השר, אני מודה לך על התשובה. אני מפנה את תשומת לבו של השר, שבעיה דומה קיימת גם במשכנתאות הניתנות לזוגות צעירים; כלומר אלה שקונים, לא אלה ששוכרים. המשכנתאות מעודכנות אחת לתקופה מסוימת ולא באופן שוטף. אני מבקש ממך, כשאתה בודק את נושא השכירות של הנצרכים, לבדוק גם את עניין המשכנתאות של זוגות צעירים, כדי למנוע היווצרות פער בין סכום המשכנתה לבין העלות הריאלית של רכישת הדירה שלה אושרה המשכנתה.",1
6109,"אדוני היושב-ראש, כנסת נכבדה, כבוד השר, עולים חדשים ומשפחות במצוקה זכאים להשתתפות ממשלתית בשכר הדירה. סכום ההשתתפות לא עודכן זה זמן רב, והפער בין סכום זה הנקוב בשקלים לבין שכר הדירה הנקוב בדולרים גדל והולך מיום ליום, במיוחד לנוכח העליות המשמעותיות בשער הדולר. מצב זה יוצר בעיה קשה למשפחות רבות הנמצאות בלאו הכי במצוקה, ומחייב התערבות מיידית של המשרד. ברצוני לשאול: 1. כיצד נקבעת ההשתתפות הממשלתית לזכאים להשתתפות בשכר דירה? 2. האם מודע המשרד לעובדה שהשכירות במשק צמודה לדולר? 3. האם עודכנו סכומי ההשתתפות, ומתי? 4. אם לא עודכנו הסכומים בהצמדתם לדולר, מה בדעת השר לעשות על מנת לעדכנם ללא דיחוי?

שאלה-הערה. אדוני השר, אני מודה לך על התשובה. אני מפנה את תשומת לבו של השר, שבעיה דומה קיימת גם במשכנתאות הניתנות לזוגות צעירים; כלומר אלה שקונים, לא אלה ששוכרים. המשכנתאות מעודכנות אחת לתקופה מסוימת ולא באופן שוטף. אני מבקש ממך, כשאתה בודק את נושא השכירות של הנצרכים, לבדוק גם את עניין המשכנתאות של זוגות צעירים, כדי למנוע היווצרות פער בין סכום המשכנתה לבין העלות הריאלית של רכישת הדירה שלה אושרה המשכנתה.",1
7472,"אדוני היושב-ראש, חברי הכנסת, לפני שבועות מספר, כאשר החליטה הממשלה על הגירוש, ביטלה המפד""ל את הצעת האי-אמון שלה והביעה בכך את הזדהותה עם המהלך של הממשלה במלחמה בטרור ואת הצורך בעמידה לאומית משותפת מול המתקפה מחוץ על המהלך המוצדק. ראינו במהלך תמיכה באלה שבטוחים שהציונות חייבת לנצח מול אלה שפועלים לפגוע בה ובאזרחי מדינת ישראל, מול אלה שנשבעו להשמיד את מדינת ישראל ולחסל את העם היהודי היושב בה. גם עכשיו עלינו לעמוד מול הלחצים הבין-לאומיים, שניזונים גם מהבקיעים אצלנו בבית. הריצה לערפאת ומשאל השרים האנונימיים הם בקיעים שכאלה, שמשדרים קריאה ללחץ. ממשלה איננה יכולה לזכות במדיניות חוץ וביטחון כלל-לאומית שמוסכמת גם על האופוזיציה כאשר בתוכה עצמה יש שתי ממשלות המכחישות זו את זו, בגלוי ובסתר. ממשלה בתוך ממשלה גם מונה את ציבור הבוחרים מבית, גם תורמת ללחץ עלינו מבחוץ. אנחנו מציעים להצביע אי-אמון לממשלה בתוך ממשלה, לממשלת צללים שחותרת תחת תוכנית ממשלה רשמית. ראש הממשלה הבטיח, כמו שהוזכר, שהוא יקבע שרים ומדיניות. ראש הממשלה עצמו מביע אי-אמון בחלק משריו ובחברי כנסת מתומכי הממשלה, טוען שהם מזיקים למדיניות של מדינת ישראל, אבל מרשה להם לעשות כמעט ככל העולה על רוחם. מצב כזה איננו מתקבל על הדעת. מאחר שראש הממשלה אומנם קיבל מנדט אישי בבחירות על סמך מדיניות שהוא התחייב לה, זכאי העם לדעת מי מנהל את הממשלה הכפולה ומדוע מאפשר הוא לה לפעול בשני כיוונים סותרים. חוק המפגשים עם אש""ף התקבל על-ידי הממשלה שלא לרצונו של ראש הממשלה, כך פורסם. חמור מכך הוא, שכוונתם של היוזמים איננה למפגשים אישיים תמימים, כפי שנאמר בדברי ההסבר לחוק, אלא כפי שאמרה ועשתה חברת הכנסת יעל דיין, לנהל מדיניות נפרדת; בעצם, לחתור תחת ממשלה דמוקרטית שנבחרה כחוק וליצור דינמיקה ומציאות של מדיניות חוץ אחרת מזו של הממשלה שנבחרה. לא ייתכן שהכנסת תיתן אמון לממשלה שיש לה שני קולות צורמים ושני קווי מדיניות שסותרים זה את זה. לכן, גם אם כל הקואליציה תצביע נגד האי-אמון, יישאר האי-אמון הבסיסי, כי לא נדע אם הצבעתם עם רבין, ששולל הידברות עם אש""ף, או עם השרים וחברי הכנסת שמשחרים לפתחו של ערפאת ומציגים אותו כשוחר שלום. לא נדע גם אם הצבעתם למען ההצבעה של הממשלה, כפי שהצבעתם בעד הגירוש של אנשי ה""חמאס"", או שהצבעתם בעד ההצבעה החשאית - המשאל בסתר של הטלוויזיה, שמגלה את צפונות לבם של רוב השרים, שמתחרטים על הגירוש שראש הממשלה מגן עליו. גם לא נדע אם הצבעתם בעד החלטת הגינוי של הממשלה למתן פרס ישראל למי שקורא לסרבנות לשירות בצה""ל, או מי שבחשאי, במגרש חנייה או בקוקטייל בישלה את הפרס, לאחר שהזדהתה עם השחרת פניהם של המסתערבים, הראויים לשבח. לכן, גם אם טכנית, מכנית, תצביע הקואליציה נגד האי-אמון, עדיין יישאר הספק בכנסת ובעם, שלא נדע בעד מי הצבעתם, בעד רבין או נגדו. חברי הכנסת, הרבה טעמים, שמתחדשים בכל יום, יש לנו לאי-אמון בממשלה: מדברי הכפירה, שחוזרים לסורם, של מי שממונה על-ידי הממשלה הזאת על חינוכם של ילדי ישראל, דברי בלע רצופים בורות, שמועתקים מאמירות משכיליות שאבד עליהן כלח, ודברי מחאה רפים של יציאה ידי חובה תוך כדי תמיכה בממשלה, כשזה החינוך שהיא נותנת, דברים שאינם התשובה הראויה על גידופים כאלה כלפי ערכי נצח יהודיים ולאומיים שלנו - מזה ועד ממשלה שחותרת תחת עצמה בנושאים מדיניים, מהמשא-ומתן עם אש""ף-תוניס ועד הרהורי חרטה בעניין ה""חמאס"" במשאלי הטלוויזיה. חברי הכנסת, אדוני היושב-ראש, האי-אמון מוצע בזמן שהסרבנות לשרת בצה""ל כמעט זוכה בפרס ישראל ביום העצמאות ומול ממשלה שחותרת תחת ראש הממשלה שלה, ואין פלא שההישג העיקרי של הממשלה הזאת עד עכשיו, בחצי השנה הזאת, הוא בבלימה ובייבוש של ההתיישבות. הבשורה הגדולה היא, שהכנסת תהיה מחר לסן-פרנסיסקו, ואילת תהיה ללאס-וגאס, וייבנה לנו שם קזינו.

ופה - אתם יודעים. ממשלה כזאת ראויה לאי-אמון. האי-אמון יישאר תלוי גם אם תצביע הקואליציה נגדו, כפי שאמרתי, מפני שסימני השאלה יישארו, ומפני שלאחר שתצביעו לא נדע לאיזו ממשלה הצבעתם. לכן, סימני השאלה האלה נשארים תלויים באוויר ובמציאות. אדוני היושב-ראש, אילו הלכו מרכיבי הממשלה לבחירות כשכרטיס הביקור שלהם הוא שיחות אש""ף-ערפאת, ספקות במלחמה בטרור וכפרנות נוסח אלוני - היו נכשלים בבחירות. הם הצליחו בזכות הקו האחר של רבין, שעליו הם התחייבו אז. אבל תחתיו הממשלה חותרת עכשיו. לפעמים נראה כאילו עומד ראש הממשלה כמו הילד ההולנדי שתחב את האצבע שלו בחור החומה, אבל בעצם כל היתר פועלים כדי שהחומה והסכר כולו יתמוטטו. לכן, השאלה הנשאלת: האם יש לממשלה מנדט אמיתי ולגיטימי? אנחנו טוענים שלא.

אני מציע להביע אי-אמון לממשלה.",4
7550,"אדוני היושב-ראש, חברי הכנסת, לפני שבועות מספר, כאשר החליטה הממשלה על הגירוש, ביטלה המפד""ל את הצעת האי-אמון שלה והביעה בכך את הזדהותה עם המהלך של הממשלה במלחמה בטרור ואת הצורך בעמידה לאומית משותפת מול המתקפה מחוץ על המהלך המוצדק. ראינו במהלך תמיכה באלה שבטוחים שהציונות חייבת לנצח מול אלה שפועלים לפגוע בה ובאזרחי מדינת ישראל, מול אלה שנשבעו להשמיד את מדינת ישראל ולחסל את העם היהודי היושב בה. גם עכשיו עלינו לעמוד מול הלחצים הבין-לאומיים, שניזונים גם מהבקיעים אצלנו בבית. הריצה לערפאת ומשאל השרים האנונימיים הם בקיעים שכאלה, שמשדרים קריאה ללחץ. ממשלה איננה יכולה לזכות במדיניות חוץ וביטחון כלל-לאומית שמוסכמת גם על האופוזיציה כאשר בתוכה עצמה יש שתי ממשלות המכחישות זו את זו, בגלוי ובסתר. ממשלה בתוך ממשלה גם מונה את ציבור הבוחרים מבית, גם תורמת ללחץ עלינו מבחוץ. אנחנו מציעים להצביע אי-אמון לממשלה בתוך ממשלה, לממשלת צללים שחותרת תחת תוכנית ממשלה רשמית. ראש הממשלה הבטיח, כמו שהוזכר, שהוא יקבע שרים ומדיניות. ראש הממשלה עצמו מביע אי-אמון בחלק משריו ובחברי כנסת מתומכי הממשלה, טוען שהם מזיקים למדיניות של מדינת ישראל, אבל מרשה להם לעשות כמעט ככל העולה על רוחם. מצב כזה איננו מתקבל על הדעת. מאחר שראש הממשלה אומנם קיבל מנדט אישי בבחירות על סמך מדיניות שהוא התחייב לה, זכאי העם לדעת מי מנהל את הממשלה הכפולה ומדוע מאפשר הוא לה לפעול בשני כיוונים סותרים. חוק המפגשים עם אש""ף התקבל על-ידי הממשלה שלא לרצונו של ראש הממשלה, כך פורסם. חמור מכך הוא, שכוונתם של היוזמים איננה למפגשים אישיים תמימים, כפי שנאמר בדברי ההסבר לחוק, אלא כפי שאמרה ועשתה חברת הכנסת יעל דיין, לנהל מדיניות נפרדת; בעצם, לחתור תחת ממשלה דמוקרטית שנבחרה כחוק וליצור דינמיקה ומציאות של מדיניות חוץ אחרת מזו של הממשלה שנבחרה. לא ייתכן שהכנסת תיתן אמון לממשלה שיש לה שני קולות צורמים ושני קווי מדיניות שסותרים זה את זה. לכן, גם אם כל הקואליציה תצביע נגד האי-אמון, יישאר האי-אמון הבסיסי, כי לא נדע אם הצבעתם עם רבין, ששולל הידברות עם אש""ף, או עם השרים וחברי הכנסת שמשחרים לפתחו של ערפאת ומציגים אותו כשוחר שלום. לא נדע גם אם הצבעתם למען ההצבעה של הממשלה, כפי שהצבעתם בעד הגירוש של אנשי ה""חמאס"", או שהצבעתם בעד ההצבעה החשאית – המשאל בסתר של הטלוויזיה, שמגלה את צפונות לבם של רוב השרים, שמתחרטים על הגירוש שראש הממשלה מגן עליו. גם לא נדע אם הצבעתם בעד החלטת הגינוי של הממשלה למתן פרס ישראל למי שקורא לסרבנות לשירות בצה""ל, או מי שבחשאי, במגרש חנייה או בקוקטייל בישלה את הפרס, לאחר שהזדהתה עם השחרת פניהם של המסתערבים, הראויים לשבח. לכן, גם אם טכנית, מכנית, תצביע הקואליציה נגד האי-אמון, עדיין יישאר הספק בכנסת ובעם, שלא נדע בעד מי הצבעתם, בעד רבין או נגדו. חברי הכנסת, הרבה טעמים, שמתחדשים בכל יום, יש לנו לאי-אמון בממשלה: מדברי הכפירה, שחוזרים לסורם, של מי שממונה על-ידי הממשלה הזאת על חינוכם של ילדי ישראל, דברי בלע רצופים בורות, שמועתקים מאמירות משכיליות שאבד עליהן כלח, ודברי מחאה רפים של יציאה ידי חובה תוך כדי תמיכה בממשלה, כשזה החינוך שהיא נותנת, דברים שאינם התשובה הראויה על גידופים כאלה כלפי ערכי נצח יהודיים ולאומיים שלנו – מזה ועד ממשלה שחותרת תחת עצמה בנושאים מדיניים, מהמשא-ומתן עם אש""ף-תוניס ועד הרהורי חרטה בעניין ה""חמאס"" במשאלי הטלוויזיה. חברי הכנסת, אדוני היושב-ראש, האי-אמון מוצע בזמן שהסרבנות לשרת בצה""ל כמעט זוכה בפרס ישראל ביום העצמאות ומול ממשלה שחותרת תחת ראש הממשלה שלה, ואין פלא שההישג העיקרי של הממשלה הזאת עד עכשיו, בחצי השנה הזאת, הוא בבלימה ובייבוש של ההתיישבות. הבשורה הגדולה היא, שהכנסת תהיה מחר לסן-פרנסיסקו, ואילת תהיה ללאס-וגאס, וייבנה לנו שם קזינו.

ופה – אתם יודעים. ממשלה כזאת ראויה לאי-אמון. האי-אמון יישאר תלוי גם אם תצביע הקואליציה נגדו, כפי שאמרתי, מפני שסימני השאלה יישארו, ומפני שלאחר שתצביעו לא נדע לאיזו ממשלה הצבעתם. לכן, סימני השאלה האלה נשארים תלויים באוויר ובמציאות. אדוני היושב-ראש, אילו הלכו מרכיבי הממשלה לבחירות כשכרטיס הביקור שלהם הוא שיחות אש""ף-ערפאת, ספקות במלחמה בטרור וכפרנות נוסח אלוני – היו נכשלים בבחירות. הם הצליחו בזכות הקו האחר של רבין, שעליו הם התחייבו אז. אבל תחתיו הממשלה חותרת עכשיו. לפעמים נראה כאילו עומד ראש הממשלה כמו הילד ההולנדי שתחב את האצבע שלו בחור החומה, אבל בעצם כל היתר פועלים כדי שהחומה והסכר כולו יתמוטטו. לכן, השאלה הנשאלת: האם יש לממשלה מנדט אמיתי ולגיטימי? אנחנו טוענים שלא.

אני מציע להביע אי-אמון לממשלה.",4
7818,"אדוני היושב-ראש, חברי הכנסת, ראש הממשלה יצחק רבין הביא את ממשלתו להילחם ב""חמאס"" ""כמו במלחמה"", ולטעמי, זאת היתה החלטה אסטרטגית אמיצה וחיובית. מפני שכאשר הם מכריזים עלינו מלחמה כוללת, ואנחנו לא, הם ינצחו; אבל כשתהיה המלחמה דו-צדדית היא תסתיים בניצחון שלנו, אם לא נירתע ואם לא יתגלו בקיעים מבית. בג""ץ אישר שדרך המלחמה שבחרה, שנקטה הממשלה - הרחקת 400 המסיתים לטרור ולרצח, היא דרך לגיטימית במלחמה הזאת. זה תקדים מרתיע מול מסיתים לרצח, ככל שיהיה בכך צורך בעתיד. לטעמי, אין טעם בהבחנה חסרת השחר שקבעה הממשלה בין ה""חמאס"" הרע לבין אש""ף ""הטוב"". ההבדל ביניהם, אתם יודעים, הוא הבדל טקטי בלבד. בטרור ובמטרה הסופית הם שווים. גם את המלחמה באש""ף צריך לנהל ""כמו במלחמה"" ובאופן היעיל ביותר, ומסתבר שגירוש - גם הרחקה - יעיל במובן המורלי והצבאי הרבה יותר מהאלטרנטיבה של מחנה מעצר או בית-סוהר, ולא, לא היו תומכי המסיתים נזעקים כל כך. תמיכתו הבלתי מסויגת של אש""ף במגורשי ה""חמאס"" מעידה כמאה עדים על עומק הברית ביניהם במטרות מול ישראל, ולא עלינו המלאכה לתרץ את אילוציהם, כביכול, להזדהות עם ה""חמאס"". הרי מדובר פה בחיים שלנו. ולא לחינם הלך הזרזיר אצל העורב ולא בכדי קיבל אתמול ערפאת את אות ""אם כל המערכות"" מסדאם חוסיין, אולי - בשביל ה""סקאדים"" שנפלו עלינו. חברי הכנסת, ארצות-הברית תבעה מאתנו, בתמורה להגנתה עלינו במועצת הביטחון, להחזיר חלק מהמגורשים, ואני שואל: האם תבענו גם אנחנו מארצות-הברית שלא לאפשר להנהגת ה""חמאס"" להתבסס בארצות-הברית ומשם לשלוח לכאן מסיתים, מפקדים ומממנים ל""חמאס"", בחסות של דרכון אמריקני? הממשלה חייבת לכנסת תשובה: האם תבעה מארצות-הברית ששירותי הביטחון, זרועות הביטחון והמשטרה שלה יאסרו באופן חוקי ויילחמו נחרצות נגד מפקדות ה""חמאס"", הגלויות והנסתרות, בארצות-הברית, שבשלט-רחוק מזינות את ה""חמאס"" כאן ועמלות עכשיו לשקם את הריסות תשתיתו שעורערה בגירוש? לא די בשפיטתם של אלו אשר נתפסו בארץ במימון המבוקשים-הרוצחים ובחימושם ובניסיון לשקם את המפקדות שפורקו כאן. על ראש הממשלה לספר לכנסת האם דורשים אנחנו מהנשיא ומהקונגרס, שלא יניחו ל""חמאס"" האמריקני להילחם בנו משם. בשום אופן אסור לנו להסכים, ש""חמאס ארצות-הברית"" יבנה מחדש את ה""חמאס"" כאן. אין להם ""זכות שיבה"" כזאת, ואין לממשלה זכות שתיקה כזאת. אגב, האמריקני מה""חמאס"" שנתפס כאן אמר, שהכסף נועד לצדקה. צדקה תציל ממוות, אבל לא מעונש ולא מתביעה כזאת, ואוי לצדקה הזאת. אדוני היושב-ראש, המהלך של עסקת החבילה עם ארצות-הברית, אף שיש פה נסיגה מסוימת ממהלך צודק ויעיל של הממשלה בביצוע הגירוש, ייבחן בסופו של התהליך, ובו יתברר: האם יש כאן הישג של הכרה אמריקנית בגירושם-הרחקתם של 300 מסיתים לטרור, או שמא יש כאן טקטיקה של סלאמי, שהמשכה בכרסום נוסף של ההחלטה לגירוש? ראש הממשלה צריך לומר לכנסת, האם יש, כפי שפורסם היום בחלק מהעיתונים, נספח סודי, שלפיו יחזרו בקרוב בעצם כמעט כל המגורשים. ראש הממשלה צריך להבטיח לכנסת, שהעסקה נסתכמה ונסתיימה בכך; בזה שהממשל החדש בארצות-הברית מוכן לתת גיבוי בדיעבד להרחקתם של 300 מגורשים כדי לפגוע בתשתית הטרור, שבכך מצטרפת ארצות-הברית לבג""ץ הישראלי, וגם אם יתמידו המגורשים בסירוב שלהם להסכם הזה, וטוב שכך, גם אז לא נסכים בשום אופן לנסיגה נוספת. מפני שאם כן, או אז יהיה הנזק הביטחוני והפוליטי חמור שבעתיים, כידוע, מאשר לפני החלטת הגירוש. כל ויתור נוסף יהיה מסוכן לביטחון ויוכיח חולשה של הממשלה. סימן השאלה המאיים המרחף מעל הפשרה הזאת הוא, האם - כתקוות מצרים, כפי שפורסמה - זו רק התחלה של הוויתור הישראלי, או כמו שהצהיר ראש הממשלה, ומה שהשתמע מדבריו הוא, שהחבילה סגורה, ארוזה. עדיין מונחת חובת ההוכחה על כתפי ראש הממשלה, שלא ייתן ידו לכיפוף נוסף שלנו, שיביא לכך שמלחמתנו בטרור תיעשה בידיים כפותות מאחור. חובת ההוכחה לכנסת מוטלת על ראש הממשלה ועל הממשלה, שההסדר הזה הוא סופי. העובדה שהמגורשים לא קיבלו את ההסדר מאפשרת לממשלה להוכיח את הנחישות והנחרצות במלחמה ב""חמאס"" ובטרור. זה מבחן של הממשלה, זה מבחן של המדינה. מפני שה""חמאס"", כמו שאכן התגלה ברבים בתערוכות שאנחנו מקיימים, הוא ארגון רצחני. וכל מי שמרחם על המפקדים שלו, מתאכזר לקורבנות שלו, היהודים והערבים. רק אמש חזר ה""חמאס"" מרבת-עמון והודיע, שלא יפסיק לזרוע הרס וחורבן על מדינת ישראל, עד שגרגר החול האחרון - נוסח שלו - יוחזר להם; כלומר, לדידם - עד אי-קיומה של מדינת ישראל. אני רוצה לסיים את דברי ולומר, שהגירוש התגלה כמהלך שמחזיר לנו את כוח ההרתעה ומחליש באופן משמעותי את כוח הטרור. ממשלת רבין, אפילו עם מרצ, נענתה לתביעה לעצור את ההידרדרות במצבנו הביטחוני, ועכשיו החתימה על כך באופן חלקי את ארצות-הברית. המבחן הגדול עדיין לפנינו - המלחמה ב""חמאס"" בארצות-הברית; המלחמה הכוללת גם בטרור של אש""ף; והעיקר, עכשיו, כשהמגורשים ואש""ף דחו את ההסכם של הממשלה, לדבוק בהסדר שנעשה, ולא להתקפל עוד.",1
8576,"אדוני היושב-ראש, אדוני השר לקליטת העלייה, בעיתונות פורסם על האירוע הטרגי, שבו מצא את מותו ש""ב, זיכרונו לברכה - שמו המלא מופיע במקור - מדען בכיר שעלה מברית-המועצות, בן 32, שקפא למוות עקב הידרדרות מצבו הכלכלי-החברתי. על-פי הידיעות, הוא לא מצא עבודה, שוטט ברחובות, לן במחסנים נטושים, התמכר עקב כך לשתייה - עד שקפא למוות. ברצוני לשאול: 1. האם נחקרה פרשת המדען ש""ב, זיכרונו לברכה, והאם הדברים שצוינו לעיל נכונים? 2. אם לא - מה הן העובדות? 3. אם כן - מה בדעת המשרד לפעול בנושא כדי למנוע הישנותו?

קודם כול, אני רוצה לומר לכנסת, שאני לא אמרתי את שמו של העולה מפני שנתבקשתי על-ידי מתקני הנוסח של הכנסת שלא נאמר את שמו. שלא יצא שאני הסתרתי ונאמר. אני לא אומר את זה נגדך.

בסדר גמור. עכשיו ברצוני להוסיף שאלה אחת. יש איזו טרגיות, כפי שציין השר, ואולי אפילו לא מצדך, מצד כל החברה שלנו, איזו אטימות בכך שיכולים אנשים להגיע לכאן ובסופו של דבר למות, כמו שמשתקף פה. וזה גורם לא רק ליקויים בחברה שלנו אלא ירידה במספר העולים. אני רוצה לשאול, האם יש במשרד הקליטה איזה כלי ומנגנון שמסוגל לעקוב אחרי סימנים כאלה של הידרדרות אצל מבוגרים או צעירים או ילדים, שמורים על איזה סיכון שיכול לקרות במשפחות לפני שזה קורה, כדי שיוכלו להתריע על זה ולמנוע את זה בעוד מועד?",1
9033,"אדוני היושב-ראש, חברי הכנסת, לפי מחקר שהתפרסם אתמול בעיתונות, מחקר של ד""ר בכר, בכל שנה מתים בישראל מהתקף אוטם שריר הלב 10,000 אנשים. כ-2,000 חולי לב מתים מהתקף עוד לפני שהספיקו להגיע לבית-החולים. המהירות והנוחות של ההגעה לטיפול מקצועי בניידת טיפול נמרץ היא קריטית לחייהם של אלפים מדי שנה. אבל זו רק אחת המטלות המחייבות מדינה מתוקנת כישראל לתת סיכוי של חיים לאזרחים שלה. תאונות דרכים אשר מתרחשות בישראל לרוב, עם מאות רבות של הרוגים בשנה ועשרות אלפי פצועים שחייהם תלויים גם במהירות הטיפול, פגיעות טרור וכן כל מה שקורה במחלה או בפציעה של ילדים, מבוגרים וזקנים - מחייבים אותנו לתשומת-לב רבה ולרגישות רבה, באשר לבריאות האישית ולחיי האזרחים שלנו. מגן-דוד-אדום הוא הכתובת במדינה לטיפול חירום, לעזרה ראשונה מיידית. הארגון הזה נמצא במצוקה כרונית אשר משתקת אותו חדשות לבקרים. זה מביא לשביתות, להשבתות ולסגירת תחנות. מוזר מאוד שארגון כל-כך חשוב, שתמיכת המדינה בו הגיעה בעבר לשליש מתקציבו, איננו מופיע כלל בספר התקציב, כאילו אין הוא מעניין את הרשויות ואת הממשלה, אלא כאשר צריך לכבות שרפות. הוקמו ועדות רבות, ולפי מיטב ידיעתי כולן המליצו שהמדינה חייבת למצוא דרך להשתתפות בתקציב על-פי הצרכים הריאליים, בכפוף להתייעלות ארגונית של מגן-דוד-אדום. משרדי האוצר והבריאות לא מימשו, לפי מיטב הבנתי, את הדוחות, והצעת חוק זו אומרת, שהמדינה חייבת להשתתף בחלק מתקציב מגן-דוד-אדום. שרי האוצר והבריאות יקבעו את הסכום מדי שנה. מגן-דוד-אדום פרוס בכל הארץ, מפעיל מתנדבים רבים, ביניהם בני נוער, וזה טוב, אבל כל מדינה מסודרת תומכת באופן הוגן בשירות הזה אצלה, כמו למשל בשירותי הצלב-האדום במדינות אחרות. לא יהיה זה מוצדק, שלא נתמוך בחלק הזה של הבריאות, שהיחס אליו, לפי דעתי, לא צריך להיות שונה מתמיכת המדינה במרפאות, בבתי-חולים ובקופות-חולים. המכה העיקרית שהארגון הזה לוקה בה היא דווקא בעיירות פיתוח, במקומות רחוקים, ביישובים מרוחקים. שם אין הרבה אלטרנטיבות. לכן, אדוני השר וחברי הכנסת, אם לא נדאג שבדרך של חוק תראה המדינה את עצמה חייבת בהשתתפות קבועה וראויה בתקציבו של מגן-דוד-אדום, תהיה האחריות לכל מי שייפגע כתוצאה מכך, או יאבד את חייו, על מצפוננו ותירשם לחובתנו. לכן אני קורא לשר הבריאות ולכנסת לתמוך בחוק הזה, שיש בו גמישות מבחינת ההכרעה על הסכומים, והעניין הזה נותר בידי האוצר ומשרד הבריאות. דחיית החוק הזה תהיה, לדעתי, מהלך אכזרי, שהרי הכול יודעים כמה אנו מוציאים על דברים חשובים הרבה פחות.",1
9093,"אדוני היושב-ראש, חברי הכנסת, קודם כול - הרצח המתועב שהיה הבוקר בתל-אביב. תנחומים למשפחות הנרצחים ורפואה שלמה לפצועים, והחרפת המלחמה בטרור על-ידי כוחות הביטחון. שרים שכבר הבוקר ממהרים להסתלק בחיפזון מיהודה, משומרון ומעזה, עקב הטרור, קוראים בעצם לטרור להמשיך ולהכות, שהרי המסקנה של הטרוריסטים תהיה שהטרור מועיל; שלא לדבר על המצב הביטחוני היותר-קשה שנימצא בו. יש לכך קשר עם ביקורו של שר החוץ של ארצות-הברית, כלומר ההפרדה שעושים בין המאבק בטרור לבין המשא-ומתן המדיני. הממשלה חייבת תשובה לכנסת ולעם - האם חוזרים המגורשים לבתיהם, מפני שרק כך מוכנים הפלשתינים לחזור לשיחות? האם יש הסדר כזה עם ארצות-הברית או עם מצרים? או שמא הרמזים שיש שינוי נוסף במצב המגורשים אינם נכונים? נתנו בזמננו אשראי לממשלה שגירשה כדי להכות בטרור, ששכנעה את בית-המשפט העליון בצדקת המהלך, שהגיעה להסדר, בעיני סביר, עם שר החוץ האמריקני. אבל אמרנו אז, שעדיין חובת ההוכחה היא על ראש הממשלה, שאין כאן מדיניות של ""סלאמי"", ושלא יגיעו ויתורים נוספים שישימו לאל את הגירוש. והנה מתרבים הסימנים, שכדי לחדש את השיחות מחזירים את המגורשים, בלי שהם מתחייבים בתמורה להפסיק את הטרור. אם נכון הדבר, מוטב היה באמת שלא לגרש. שהרי אם מחזירים, ואם מתחייבים גם ששוב לא יגרשו, יצא שכרנו מאוד מאוד בהפסדנו, מבחינת ההרתעה מול הטרור. שאלה נוספת הקשורה בביקורו של מר כריסטופר היא, האם אומנם מתקיימות שיחות, ישירות או עקיפות, ודאי חשאיות, עם סוריה, באשר להחזרת כל הגולן תמורת שלום מלא, גם אם בשלבים, אבל עם הודעה מראש על זאת? או לחלופין: האם מתקיימות שיחות על החזרת חלק מהגולן תמורת שלום חלקי? האם מדובר על זה? ובקשר לזה: האם דבריו של סגן הרמטכ""ל נבדו מראשו, או האם הם נועדו להכשיר דעת קהל לנסיגה כזאת ולתת לזה לגיטימציה ביטחונית? הכנסת ראויה שישיבו לעם באמצעותה בזמן אמת: האם סבור ראש הממשלה, האם סבורה הממשלה, שהסורים לא יעשו שלום מלא בלי שיקבלו את כל הגולן, והאם נכונה הממשלה לשלום כזה? אני שואל את ראש הממשלה מה הוא סבור, והאם הוא סבור שיש להיענות לכך. ועוד, האם אומנם אין בעיה למדינת ישראל להגן על הגליל ועל כל הארץ בלי רמת-הגולן, כפי שהובן מדבריו של סגן הרמטכ""ל? והאם הממשלה נכונה למצב כזה? ובאותו תזמון אני רוצה לשאול את שר החוץ על דבריו כפי שפורסמו, שאם יוחלט על נסיגה מכל רמת-הגולן אין צורך בבחירות או במשאל עם בנושא הזה. האם גם הדברים האלה נועדו להכשיר את דעת הקהל לנסיגה כזאת? ואיך כל זה מתיישב עם ההצהרות החוזרות על כך שלא יחזור התקדים של ימית? והאם לא נראה לממשלה שאם יחזור בגולן תקדים ימית וסיני, זה יהיה סחף שלא יהיה אפשר לעצור אותו גם ביהודה, בשומרון ובעזה, כולל הכול - לא תוכנית-אלון, לא גוש-עציון, לא הבקעה, לא ירושלים, אלא הכול? והאם הממשלה תומכת בחזרה לגבולות 1948? חברי הכנסת, בסיכום הדברים, יש דיבורים על כך שיש לשלם מחיר נוסף כדי להחזיר את הפלשתינים לשיחות, היינו שדבר לא יזוז בלי פתרון בעיית המגורשים או עשיית מחוות נוספות, ושאין שלום בלי נסיגה מהגולן. אם כך הם פני הדברים בעיני הממשלה, טעות היתה בידה כשהחליטה לגרש את אנשי ה""חמאס"", טעות בהבנה ובהערכה. כשגורשו אנשי ה""חמאס"" אמרה הממשלה: מרחיקים את ה""חמאס"" כדי לאפשר תהליך מדיני שה""חמאס"" פועל נגדו. והנה מתבררת לעיני כל אפסי ארץ הטעות שבהערכה הזאת, הערכה בשתי המשמעויות שלה. שהרי אש""ף המתון כאילו מתיישר עם ה""חמאס"". בעצם התגלתה בקוצר ראייתה האשליה החמורה שהממשלה מכרה לנו, שהפלשתינים ה""טובים"" יילחמו נגד ה""רעים"". ראינו שה""חמאס"" ואש""ף-תוניס ופייצל חוסייני וחלק מההנהגה הפלשתינית בישראל, כולם מתיישרים לפי אותו קו. המשלחות חוששות מה""חמאס"", הירדנים חוששים מהם, הסורים עמהם. הוכחה הטעות שניסו ""להאכיל"" אותנו בה, שבסיכוי להסדר יהיה בקע בין מי שהם כאילו הטובים לבין מי שהם כאילו הרעים. הוכח שכולם מתלכדים מולנו; אינם אומרים שהטרור לא לגיטימי, אלא שהגירוש אינו לגיטימי. המאבק היה האם טרור שווה גירוש, או שאפשרי לנהל טרור בלי להסתכן בגירוש או בעונש משמעותי ומרתיע. כל ויתור נוסף הוא פרס ל""חמאס"". הממשלה צריכה לומר לכנסת, לציבור, לאן נושבת רוח הממשלה בעניין הנסיגה מהגולן ובעניין החזרת המגורשים. ההצהרות האלה דרושות משר החוץ, מראש הממשלה, בזמן נכון, כדי שלא נגיע למצב של כדור שלג - שאין ממנו שלום ואין בו ביטחון.

מה שייכים הדברים שלו להצעה שלי?",4
9322,"אדוני היושב-ראש, חברי הכנסת, יש קשר בין הטרור של ה""חמאס"" וה""פתח"", כפי שהתבטא בימים האלה בתל-אביב וברפיח, לבין הטרור של ה""חיזב-אללה"", כפי שהתבטא בימים האלה כאשר מטחי ""קטיושות"" - -

- - כוונו לעבר יישובינו בגליל. יש גם דמיון, לכן, בדרך שבה עלינו לטפל בשתי תופעות הטרור. הטרור הערבי דורש יד חופשית כדי לפגוע בנו, ואנחנו מוגבלים במאבקים נגדו וידינו קשורות. למשל, המשוואה הנכונה שטרור שווה גירוש - לנו הטרור והרצח בלתי אפשריים, להם הגירוש הוא טראומה קשה. אנחנו נתבעים ונלחצים לאפשר לטרור להשתולל בלי שמבצעו יסתכן בגירוש, שהוא עונש משמעותי ומרתיע, ועוד. הם מתפצלים; מחלקים ביניהם תפקידים. המשלחת הפלשתינית מדברת אתנו משא-ומתן, ואילו ה""חמאס"" וה""פתח"" מצמידים אקדח לרקה של המדינאים שלנו. הם יורים בנו. כך גם מצפון; הסורים מדברים, נושאים ונותנים אתנו, וה""חיזב-אללה"" שבחסותם מטיל עשרות ""קטיושות"" על יישובינו, וזה המשחק שלהם. אדוני סגן שר הביטחון, מדוע איננו תובעים במשא-ומתן את הדגם שהיה בשיחות שהיו לנו בעבר עם מצרים ועם סוריה? קודם הפסקת אש, ואז יש משא-ומתן על הפרדת כוחות, על הסכמי ביניים, ומשא-ומתן לשלום. אז לא קיבלנו את השיטה שיורים ומתדיינים, והיום גם בחזית הפלשתינית, גם בסורית-לבנונית, אנחנו מקבלים את הנוהל הכפול הזה. אומרים לנו: דברו עם הסורים, הירדנים, הפלשתינים, הקיצונים שבהם אינם בעסק. הם ימשיכו בטרור. מדוע שנקבל זאת? הרי לסוריה יש שליטה על ה""חיזב-אללה"", זאת אומרת שהסורים מדברים ישירות אתנו, אבל יורים עלינו באמצעות צד שלישי. מדוע לא נדרוש מהסורים שקט בעת המשא-ומתן? קודם כול, לא ""קטיושות"" על הגליל. מדוע לא יהיה הסעיף הראשון במשא-ומתן דיון על הפסקת הטרור? קודם הפסקת אש, שביתת נשק, אחר כך הלאה, השלב הבא. זה הסדר הנכון של הדברים. הפסקת טרור איננה חשובה פחות מחילופי שגרירים. ישראל תתבע הוראה פומבית של הסורים ל""חיזב-אללה"", ואל נסכים למשא-ומתן תחת אש. הסורים זקוקים למשא-ומתן כמונו. ה""חיזב-אללה"" - תחת שלטונם. אם ירצו, הם ישותקו. זה משחק כפול מצדם. נוח להם להפעיל עלינו לחץ באמצעות ה""חיזב-אללה"", ואסור שנסכים שתהיינה ידיים חופשיות למשגרי ה""קטיושות"" מול ידיים קשורות לאחור שלנו בגלל המשא-ומתן. חברי הכנסת, אנחנו יושבים ברצועת הביטחון בלבנון מטעם אחד בלבד: ביטחון הגליל, לא משום סיבה אחרת. אנחנו רוצים במשא-ומתן ובשיחות מדיניות לשלום לא בגלל לחץ הטרור, לכן המשחק של ה""חיזב-אללה"" חמור מאוד, כשהוא לא גורם ושותף לשיחות, ועם זה הוא לוחץ עלינו לוויתורים לסורים במשא-ומתן. הממשלה חייבת להוכיח להם, שהם לא ישיגו מאומה בטרור, ומהסורים אנחנו צריכים לדרוש הפסקת הטרור של ה""חיזב-אללה"" כצעד ראשון במשא-ומתן. אם העיתוי, המינון והעוצמה של התגובה שלנו בשטח נשקלים בהקשר של המשא-ומתן, וזאת בעיה, התביעה שלנו להפסקת הטרור חייבת לעמוד בראש סדר-היום של המשא-ומתן הזה. להם יש תנאי מוקדם לשיחות אתנו, ""קטיושות"", טרור ורצח. התנאי המוקדם שלנו לשיחות צריך להיות: ללא טרור. התנאי הזה חייב לעלות גם כן. ה""חיזב-אללה"" אומרים לנו: אתם נמצאים על אדמתנו, זאת תוקפנות חד-צדדית, ועל כן, כתגובה, הטרור שלנו קודם למשא-ומתן אתכם. הם אומרים, שמפני שצה""ל נמצא ברצועת הביטחון, הטרור לגיטימי. אנחנו צריכים להתריע נחרצות, שזה לא מקובל עלינו בשום אופן, מפני שאנחנו יושבים בדרום-לבנון כתגובה על תוקפנות שלהם. לכן המשא-ומתן צריך להתחיל היכן שנגמרה המלחמה - - -

הפסקת האש חייבת לכלול - -

- - את הטרור. אם לא נדאג לכך מראש, לא נמנע את הטרור גם אחרי שנגיע להסדרי שלום; גם אחרי ההסדר.

אני רואה היום, למשל - - -

אם הפלשתינים מציבים לנו היום חמישה תנאים בשביל לחזור לשיחות, למה לא יהיה לנו תנאי אחד, שלא יהיה טרור?

אם הם לא שולטים, איך הם ישלטו בעתיד? מי שלא ירסנו אותו היום, לא ירסנו אותו גם בעתיד.

אני מסיים. ברוך השם, למזלנו, לא היו נפגעים הפעם, במטחי ה""קטיושות"" האחרונים. לא צריך לסמוך על הנס, לא צריך להתעורר רק כאשר יהיו קורבנות, חס ושלום. גם בדרך מדינית, גם בדרך צבאית, צריך לעשות הכול כדי להפסיק את הטרור, שמסכן את חיינו. אני מסיים במשפט אחרון. אדוני היושב-ראש, עשרות מטחי ה""קטיושות"" שנורו לאחרונה על הגליל מסמנים מפנה ושינוי לרעה בהחלטה ובהעזה של ה""חיזב-אללה"" שבחסות סוריה לפגוע באזרחים שלנו בערים, במושבים, בקיבוצים. אל נעבור לסדר-היום רק מפני שלא היו הפעם הזאת הרוגים. אין לזה קשר לשלום, אבל זה מזמין, חס ושלום, המשך והסלמה.",2
10418,"אדוני היושב-ראש, חברי הכנסת, מה עוד צריך לקרות שלא קרה בשבועות העקובים מדם שעוברים עלינו, כדי שהממשלה תתעשת ותחליט שהגיע דם עד נפש ושחובתה קודם כול, קודם לכול, להבטיח את ביטחונם האישי של אזרחיה - ילדים, צעירים, מבוגרים, נשים, גברים, אזרחים וחיילים? בשלושה שבועות רוויי דם נרצחו עשרה יהודים, נפצעו כ-20, בסכינים, בגרזינים, בכדורי רובה, ברימון רסס; בנשק קר וחם, בפעולות טרור מתוכננות, של חוליות רצח ושל סכינאים, ששיספו ראשים, שריסקו וסקלו למוות אנשים חפים מכל חטא. טועה מי שאומר ואמר שיש מי ש""רוקדים על הדם"". הטענה היא הפוכה, שמדינת ישראל עומדת על דם בניה, שאנחנו עומדים על דם שנשפך כמים. זאת רשעות לומר מה שאמרו, שמתנחלים - בלשונם, מפלגות ימין, הרחוב, מחממים את האווירה כדי למנוע משא-ומתן. איזה שקר זה. אתם לא שומעים? אתה לא שומע שיש כאב בעם בעניין הזה? כל כך אתה מנותק מהפחדים שקיימים? לא מבינים את המסר של המפכ""ל, שנותן לאזרחים את התחושה שכמעט איש לגורלו, משום שכמעט תוהו ובוהו, כמעט אנרכיה בנושא ביטחון הפנים? האם הממשלה לא מרגישה שחל מפנה ולא מדובר עוד בהפגנות ובאבנים בלבד, אלא בנשק קטלני קר, ויותר ויותר חם? שלא מדובר עוד בגוש-קטיף בלבד? והאם דמם של מתיישביו של גוש-קטיף אדום פחות מדם בני עמנו במקום אחר בארץ? אלא שכל הארץ כבר חזית. אין ביטחון ברחובותינו ביום ובלילה, בירושלים המזרחית ובירושלים המערבית, בנצרת, ברמלה, בעפולה, בבית-שמש, בכביש חוצה-שומרון, בכביש תל-אביב-ירושלים.

ועכשיו יש מפנה נוסף, ואני מציע לכם לשים לב אליו, חברי הכנסת - לתוך חצרות בתי-הספר שלנו. זה מפנה. איך יכולות עיני הממשלה להיות מוכות בסנוורים כשהיא אומרת שלא הוכח שהאנשים מופעלים על-ידי ארגון טרור? האם יש ספק שמכינים כאן מארבים עם כלי נשק, עם רכבי מילוט? והאם לא שומעים את הארגונים, ובראשם ה""פתח"" של אש""ף, מקבלים על עצמם אחריות לטרור ולרצח? חברי הבית, זאת אחריות שלנו לומר לממשלה, שאנחנו מרגישים את תחושת הבטן, הלב והראש של האזרחים, שמרגישים שביטחונם הופקר, ובאמת בייאושם ובמר להם הם מתריסים. הדיבורים חסרי האחריות מול המתיישבים עלולים להביא להתרת דמם. אני אומר לראש הממשלה, לממשלה: ""עמו אנוכי בצרה"". כשמישהו סובל צריך לרדת אליו, להיות אתו, לחזק אותו, ולא להגיד שהירושלמים לא מתנדבים מספיק, כדי להסביר למה קרה מה שקרה בבית-הספר. לא צריך להגיד שהמתנחלים לא היו צריכים להיות ביישוביהם ואז זה לא היה קורה להם.

אגב, בלי חשבון צדדי אני רוצה לומר דבר, ואני מבקש שלא תראו זאת באופן אחר אלא רק באמת באופן אמיתי. אני צריך לשבח את סגן שר הביטחון, מוטה גור, על הדרך שבה הוא מדבר בימים האחרונים אל האנשים שכואבים, מתוך הבנה אליהם. אדוני היושב-ראש, אנחנו לא יכולים להשתחרר מהרושם, שגם שיקולים פוליטיים מחלישים את הנחרצות והנחישות להילחם בטרור. הרבה מהרעיונות שהועלו אתמול בממשלה - ואני לא יודע מה התקבל ומה לא, אבל אני מתייחס למה שנמסר בעיתונות שהועלה בממשלה - מקלים בחומרת ההידרדרות המסוכנת במצב ביטחון הפנים שלנו. איזו אשליה מבית-מדרשו של השמאל ואילו הזיות. קראתי שמציעים להביא את הנהגת אש""ף-תוניס לעזה, והיא תעשה עבורנו את המלחמה בטרור, נגד ה""חמאס"". נגדנו, הרי הם מזדהים אתם; ראו ערך: מגורשים. ומה עם ה""פתח"" של אש""ף, שיורה ומדבר? ואילו עוד רעיונות מרקסיסטיים שאבד עליהם כלח? רק אצלנו עוד נשאר משהו מהם. אומרים שמקור הבעיה הוא כביכול בעוני ובצפיפות, ולכן תיקחו מיליארד שקל, ליתר דיוק 800 מיליון, ודאי מתקציב קליטת העלייה והאבטלה ומהערבויות, ותנו לבנות את עזה. אין קשר של אחד לאחד בין קנאות דתית ולאומנות ובין העוני. זה מרכיב אחד; לא העיקרי. תראו את חיי האירנים אצל השאח. רמתם היתה גבוהה פי מאה, והם בחרו באסלאם הקיצוני. איזו מחשבה מוטעית היא לומר, שהפתרון לטרור הוא מדיני בעיקרו. כן, אבל במהופך: יהיה שקט - יהיו דיבורים. כל אלה מחלישים מאוד את רצון הממשלה, שמוקרן על הצבא, להתייחס אל הטרור כאל מלחמה, מלחמת טרור בקנה מידה שלא ידענו כמותו, ולא יעזור שום דיבור שימעיט בכך, כאילו זה לא כך; זה כך. לא ידענו בשנים האחרונות, בצורה אינטנסיבית כל כך, את הכיוון הזה. אני אומר גם לראש הממשלה, שחלק גדול מהמוניטין שלו ומאמון העם בו הוא בהיותו מה שקוראים ביטחוניסט, שהביטחון אצלו היה דבר ברזל. לא טוב שאתה נותן - שהממשלה, בראשותך, תאמר: אני חוששת לטפל בנושא הביטחוני באופן מלא, בגלל המדיניות. האחריות - כמו שאמר פה חבר הכנסת קצב - היא קודם כול עליך כראש הממשלה ושר הביטחון. ממך ומידך יבקשו זאת. אנחנו מאמינים שיש לצה""ל יכולת ואמצעים להתגבר על הטרור הגואה ולהילחם בו. איזו יצירתיות ואיזו דבקות מגלה צה""ל בהכנותיו למלחמה מול מדינות אויב, למלחמה כי תקרה. אבל כאן - הרבה פחות. אבל זאת מלחמה לא פחות. הממשלה חייבת היתה להחליט שני דברים: האחד - שיש קשר בין הטרור לבין שיחות. הפלשתינים לא יכולים ליהנות משני השולחנות - לשבת במשא-ומתן רציני ובו-זמנית להגביר טרור. זה קשקוש, בלשון ראש הממשלה. זה פרס ל""חמאס"". להיפך, השיחות חשובות להם, כמו לנו, ואם לא יפסיקו את הטרור, יפסידו אותן. והלחץ יהיה להפסיק את הטרור. לפחות כך עשינו בעבר בדרך כלל - קודם כול הפסקת אש, הפרדת כוחות, שביתת נשק, אחר כך הסכמי ביניים, ועם מצרים - שלום.

הרבה פעמים, לרבות במלחמת השחרור והלאה. אין שלום ישר ממצב של ירי. לדעתי, גם אין לזה סיכוי להצליח מבחינת היכולת לקלוט את זה כשהטרור ישתולל. המשא-ומתן הוא לא תהליך קצר, וזו לא תביעה מוגזמת מצדנו, שבעת השיחות לא ירצחו את אזרחינו ברחובות ואת ילדינו בחצרות ובין גדרות בתי-הספר. והנקודה השנייה - בעניין היציאה מהגדרות. כל פעם שומעים מנציגי הממשלה, שהפתרון לטרור, לא ניתן להשיגו בדרך צבאית. לצערי, גם קצינים אומרים את זה לפעמים. זה לא נכון. יש לצבא יכולת להתמודד עם העניין, וזה לא סותר את העניין המדיני. הכי חמור, ואני חושב שיש כאלה שחושבים, שבלי טרור לא יהיה משא-ומתן מצדנו. לכן יש אלו מחסומים שמוצבים על עבודת הצבא. ואם המסתערבים, למשל, עושים עבודה נאמנה, אז תכפילו פי עשרה. שמעתי, קראתי, שמקבלים אחד מעשרה מתנדבים. אז תיתנו שיתקבלו עשרה. ואם אין כסף, מצאו אותו, כי זה יותר חשוב מהרבה דברים אחרים. ואם מג'בל-מוכאבר רוצחים בירושלים, נטפל נקודתית בג'בל-מוכאבר, וכך ברפיח, בח'אן-יונס, בג'באליה ובמקומות אחרים. אדוני היושב-ראש, צריך למנוע כל הישג מהאויב ולהעביר את המלחמה לשטחו. ונכון שאי-אפשר להבטיח שלא יקרה שום מקרה, אבל אי-אפשר בכל שני וחמישי מלאי דמים לומר, שאי-אפשר להתגבר על כך. שהממשלה לא תקנה את הטיעונים הללו. דברו משא-ומתן, נתווכח על התנאים של המשא-ומתן, דברו. אבל אל תדברו בפרחים במלחמה בטרור. זאת שתהיה נחושה. ואל תפרידו בין ""חמאס"" ל""פתח"". המשפחות של ההרוגים, לא משנה להן שם הארגון ומה היו טעמיו לרצח. כל עוד לא החליטה הממשלה על הצעדים האלה, היא לא ראויה לאמון הכנסת. וראוי שהכנסת תוריד אותה לפני שיאבד השלטון המרכזי את השפעתו, וכל אחד ירגיש נעזב לנפשו. אני מציע אי-אמון בממשלה.",4
10552,"אדוני היושב-ראש, חברי הכנסת, מה עוד צריך לקרות שלא קרה בשבועות העקובים מדם שעוברים עלינו, כדי שהממשלה תתעשת ותחליט שהגיע דם עד נפש ושחובתה קודם כול, קודם לכול, להבטיח את ביטחונם האישי של אזרחיה – ילדים, צעירים, מבוגרים, נשים, גברים, אזרחים וחיילים? בשלושה שבועות רוויי דם נרצחו עשרה יהודים, נפצעו כ-20, בסכינים, בגרזינים, בכדורי רובה, ברימון רסס; בנשק קר וחם, בפעולות טרור מתוכננות, של חוליות רצח ושל סכינאים, ששיספו ראשים, שריסקו וסקלו למוות אנשים חפים מכל חטא. טועה מי שאומר ואמר שיש מי ש""רוקדים על הדם"". הטענה היא הפוכה, שמדינת ישראל עומדת על דם בניה, שאנחנו עומדים על דם שנשפך כמים. זאת רשעות לומר מה שאמרו, שמתנחלים – בלשונם, מפלגות ימין, הרחוב, מחממים את האווירה כדי למנוע משא-ומתן. איזה שקר זה. אתם לא שומעים? אתה לא שומע שיש כאב בעם בעניין הזה? כל כך אתה מנותק מהפחדים שקיימים? לא מבינים את המסר של המפכ""ל, שנותן לאזרחים את התחושה שכמעט איש לגורלו, משום שכמעט תוהו ובוהו, כמעט אנרכיה בנושא ביטחון הפנים? האם הממשלה לא מרגישה שחל מפנה ולא מדובר עוד בהפגנות ובאבנים בלבד, אלא בנשק קטלני קר, ויותר ויותר חם? שלא מדובר עוד בגוש-קטיף בלבד? והאם דמם של מתיישביו של גוש-קטיף אדום פחות מדם בני עמנו במקום אחר בארץ? אלא שכל הארץ כבר חזית. אין ביטחון ברחובותינו ביום ובלילה, בירושלים המזרחית ובירושלים המערבית, בנצרת, ברמלה, בעפולה, בבית-שמש, בכביש חוצה-שומרון, בכביש תל-אביב–ירושלים.

ועכשיו יש מפנה נוסף, ואני מציע לכם לשים לב אליו, חברי הכנסת – לתוך חצרות בתי-הספר שלנו. זה מפנה. איך יכולות עיני הממשלה להיות מוכות בסנוורים כשהיא אומרת שלא הוכח שהאנשים מופעלים על-ידי ארגון טרור? האם יש ספק שמכינים כאן מארבים עם כלי נשק, עם רכבי מילוט? והאם לא שומעים את הארגונים, ובראשם ה""פתח"" של אש""ף, מקבלים על עצמם אחריות לטרור ולרצח? חברי הבית, זאת אחריות שלנו לומר לממשלה, שאנחנו מרגישים את תחושת הבטן, הלב והראש של האזרחים, שמרגישים שביטחונם הופקר, ובאמת בייאושם ובמר להם הם מתריסים. הדיבורים חסרי האחריות מול המתיישבים עלולים להביא להתרת דמם. אני אומר לראש הממשלה, לממשלה: ""עמו אנוכי בצרה"". כשמישהו סובל צריך לרדת אליו, להיות אתו, לחזק אותו, ולא להגיד שהירושלמים לא מתנדבים מספיק, כדי להסביר למה קרה מה שקרה בבית-הספר. לא צריך להגיד שהמתנחלים לא היו צריכים להיות ביישוביהם ואז זה לא היה קורה להם.

אגב, בלי חשבון צדדי אני רוצה לומר דבר, ואני מבקש שלא תראו זאת באופן אחר אלא רק באמת באופן אמיתי. אני צריך לשבח את סגן שר הביטחון, מוטה גור, על הדרך שבה הוא מדבר בימים האחרונים אל האנשים שכואבים, מתוך הבנה אליהם. אדוני היושב-ראש, אנחנו לא יכולים להשתחרר מהרושם, שגם שיקולים פוליטיים מחלישים את הנחרצות והנחישות להילחם בטרור. הרבה מהרעיונות שהועלו אתמול בממשלה – ואני לא יודע מה התקבל ומה לא, אבל אני מתייחס למה שנמסר בעיתונות שהועלה בממשלה – מקלים בחומרת ההידרדרות המסוכנת במצב ביטחון הפנים שלנו. איזו אשליה מבית-מדרשו של השמאל ואילו הזיות. קראתי שמציעים להביא את הנהגת אש""ף-תוניס לעזה, והיא תעשה עבורנו את המלחמה בטרור, נגד ה""חמאס"". נגדנו, הרי הם מזדהים אתם; ראו ערך: מגורשים. ומה עם ה""פתח"" של אש""ף, שיורה ומדבר? ואילו עוד רעיונות מרקסיסטיים שאבד עליהם כלח? רק אצלנו עוד נשאר משהו מהם. אומרים שמקור הבעיה הוא כביכול בעוני ובצפיפות, ולכן תיקחו מיליארד שקל, ליתר דיוק 800 מיליון, ודאי מתקציב קליטת העלייה והאבטלה ומהערבויות, ותנו לבנות את עזה. אין קשר של אחד לאחד בין קנאות דתית ולאומנות ובין העוני. זה מרכיב אחד; לא העיקרי. תראו את חיי האירנים אצל השאח. רמתם היתה גבוהה פי מאה, והם בחרו באסלאם הקיצוני. איזו מחשבה מוטעית היא לומר, שהפתרון לטרור הוא מדיני בעיקרו. כן, אבל במהופך: יהיה שקט – יהיו דיבורים. כל אלה מחלישים מאוד את רצון הממשלה, שמוקרן על הצבא, להתייחס אל הטרור כאל מלחמה, מלחמת טרור בקנה מידה שלא ידענו כמותו, ולא יעזור שום דיבור שימעיט בכך, כאילו זה לא כך; זה כך. לא ידענו בשנים האחרונות, בצורה אינטנסיבית כל כך, את הכיוון הזה. אני אומר גם לראש הממשלה, שחלק גדול מהמוניטין שלו ומאמון העם בו הוא בהיותו מה שקוראים ביטחוניסט, שהביטחון אצלו היה דבר ברזל. לא טוב שאתה נותן – שהממשלה, בראשותך, תאמר: אני חוששת לטפל בנושא הביטחוני באופן מלא, בגלל המדיניות. האחריות – כמו שאמר פה חבר הכנסת קצב – היא קודם כול עליך כראש הממשלה ושר הביטחון. ממך ומידך יבקשו זאת. אנחנו מאמינים שיש לצה""ל יכולת ואמצעים להתגבר על הטרור הגואה ולהילחם בו. איזו יצירתיות ואיזו דבקות מגלה צה""ל בהכנותיו למלחמה מול מדינות אויב, למלחמה כי תקרה. אבל כאן – הרבה פחות. אבל זאת מלחמה לא פחות. הממשלה חייבת היתה להחליט שני דברים: האחד – שיש קשר בין הטרור לבין שיחות. הפלשתינים לא יכולים ליהנות משני השולחנות – לשבת במשא-ומתן רציני ובו-זמנית להגביר טרור. זה קשקוש, בלשון ראש הממשלה. זה פרס ל""חמאס"". להיפך, השיחות חשובות להם, כמו לנו, ואם לא יפסיקו את הטרור, יפסידו אותן. והלחץ יהיה להפסיק את הטרור. לפחות כך עשינו בעבר בדרך כלל – קודם כול הפסקת אש, הפרדת כוחות, שביתת נשק, אחר כך הסכמי ביניים, ועם מצרים – שלום.

הרבה פעמים, לרבות במלחמת השחרור והלאה. אין שלום ישר ממצב של ירי. לדעתי, גם אין לזה סיכוי להצליח מבחינת היכולת לקלוט את זה כשהטרור ישתולל. המשא-ומתן הוא לא תהליך קצר, וזו לא תביעה מוגזמת מצדנו, שבעת השיחות לא ירצחו את אזרחינו ברחובות ואת ילדינו בחצרות ובין גדרות בתי-הספר. והנקודה השנייה – בעניין היציאה מהגדרות. כל פעם שומעים מנציגי הממשלה, שהפתרון לטרור, לא ניתן להשיגו בדרך צבאית. לצערי, גם קצינים אומרים את זה לפעמים. זה לא נכון. יש לצבא יכולת להתמודד עם העניין, וזה לא סותר את העניין המדיני. הכי חמור, ואני חושב שיש כאלה שחושבים, שבלי טרור לא יהיה משא-ומתן מצדנו. לכן יש אלו מחסומים שמוצבים על עבודת הצבא. ואם המסתערבים, למשל, עושים עבודה נאמנה, אז תכפילו פי עשרה. שמעתי, קראתי, שמקבלים אחד מעשרה מתנדבים. אז תיתנו שיתקבלו עשרה. ואם אין כסף, מצאו אותו, כי זה יותר חשוב מהרבה דברים אחרים. ואם מג'בל-מוכאבר רוצחים בירושלים, נטפל נקודתית בג'בל-מוכאבר, וכך ברפיח, בח'אן-יונס, בג'באליה ובמקומות אחרים. אדוני היושב-ראש, צריך למנוע כל הישג מהאויב ולהעביר את המלחמה לשטחו. ונכון שאי-אפשר להבטיח שלא יקרה שום מקרה, אבל אי-אפשר בכל שני וחמישי מלאי דמים לומר, שאי-אפשר להתגבר על כך. שהממשלה לא תקנה את הטיעונים הללו. דברו משא-ומתן, נתווכח על התנאים של המשא-ומתן, דברו. אבל אל תדברו בפרחים במלחמה בטרור. זאת שתהיה נחושה. ואל תפרידו בין ""חמאס"" ל""פתח"". המשפחות של ההרוגים, לא משנה להן שם הארגון ומה היו טעמיו לרצח. כל עוד לא החליטה הממשלה על הצעדים האלה, היא לא ראויה לאמון הכנסת. וראוי שהכנסת תוריד אותה לפני שיאבד השלטון המרכזי את השפעתו, וכל אחד ירגיש נעזב לנפשו. אני מציע אי-אמון בממשלה.",4
11234,"מדובר בכמה פקידים, אתה לא יכול להגיד ""הממסד הדתי"".",1
11249,"אדוני היושב-ראש, חברי הכנסת, בשם קבוצה של חברי כנסת, שהם בעצם כל חברי סיעת המפד""ל, אני מבקש שהכנסת תקבע בחוק - ששבוע לימודים לתלמידי ישראל יהיה בן שישה ימים. כך היה נהוג מימים ימימה, והדברים נראו ברורים מאליהם, אלא שמדי פעם בפעם חוזרת ועולה משום-מה הצעת הממשלה לעבור לחמישה ימי לימודים. ועתה שבה הממשלה ומבקשת לקשור את הסכם העבודה עם המורים בקיצור שבוע הלימודים. לומר את האמת, חברי הכנסת, העניין הזה הוא מאוד משונה. אני שואל את עצמי, מי מבקש זאת? מי דורש זאת? אני יודע שהמורים אינם מעוניינים. אני יודע שההורים ברובם אינם מעוניינים. אם כן, מדוע צריך לכפות עליהם חמישה ימי לימודים? רק כדי להאריך את חמשת הימים האחרים ולהזין את הארכתם בשעות של יום השישי כדי להגיד שיום הלימודים הוא ארוך יותר, ואז יום אחד יהיה ריק לגמרי מלימודים? והרי זה כמו להעביר מכיס לכיס, תוך הכבדה שלא לצורך על התלמידים, שכן האפקטיביות של קליטת החומר בשעות אחר הצהריים המאוחרות פחותה מיכולת הקליטה ויעילותה ביום רענן נוסף, ביום השישי.

יש פרובוקציה של מרצ מכל הצדדים.

אני לא רואה עם מי היא יושבת. אולי זה הסכם קואליציוני.

ההורים, לפי מיטב ידיעתי, רובם עדיין אינם עובדים חמישה ימים בשבוע, וחלקם הגדול לא יוכל לנצל את יום השישי לבילוי פנאי משפחתי אידיאלי. הם יסבלו מבטלה מאונס של ילדיהם ויתקשו לתפקד. ואילו הילדים יסתובבו ברחובות, והמוזיאונים שעליהם מדובר כתחליף לא יהיו זמינים לילדים הזקוקים להם ביותר. המתנ""סים גם הם אינם ערוכים לספק תרבות לכל התלמידים. חברי הכנסת, כשנכנסתי לתפקידי במשרד החינוך והתרבות בשנת 1990, מצאתי הסכם בין הממשלה לבין המורים בדבר מעבר לחמישה ימי לימודים. ראיתי בכך שגיאה, והגענו להסכמה עם המורים ועם הממשלה לדחות את ביצוע ההסכם, קודם בשנה, ואחר כך בשנתיים נוספות. שלוש השנים יסתיימו בשנת הלימודים הבאה. אני שומע מהמורים שהם אינם מעוניינים בקיצור שבוע הלימודים. לכן אינני מבין מה הטעם לחזור ולדבוק בכך ולנער מאבק הצעה שאין מעוניינים בה. אנחנו מתנגדים לקיצור שבוע הלימודים גם מטעמים פדגוגיים, של הקושי של תלמידים רבים - בעיקר טעוני טיפוח - לרכז את הליכי הלמידה בחמישה ימים, במקום לפרוס אותם על פני שישה ימים. אנו שוללים את קיצור שבוע הלימודים גם מטעמים חברתיים-ערכיים, מפני החשש שתשרור אווירת הרחוב, רוח של חוסר מעש, בטלה, שעמום - שייכפו על בני הנוער בימי שישי, בבחינת: והבור ריק אין בו מים, אבל נחשים ועקרבים יש בו. אין ואקום, אין חלל ריק. אדוני היושב-ראש, התפיסה של קיצור שבוע הלימודים בנסיבות הנוכחיות נובעת, לטעמי, רק מטעמים ""אידיאולוגיים"", של קבוצה אליטיסטית, שאינה מתחשבת בצורכי המשפחות ברוכות-הילדים, קשות-היום וחסרות האמצעים. המעבר יכה קשה באזורי המצוקה ובמשפחות טעונות הטיפוח - -

נכון, בעולים החדשים, חבר הכנסת הרב לוי. - - ויביא לתוספת בילויים רק למשפחות מבוססות וחזקות, או לחלקן. כל הדיבורים על תרבות פנאי שתתפתח על-ידי הממסד הם בשלב הנראה לעין דיבורים בעלמא. אין תוכניות כאלה ואין מי שיכוון ויארגן אותן במקומות שהכי צריך אותן. שלא לדבר על הקשיים המיוחדים, ואמנה כמה תחומים שבהם יש קשיים רבים: ילדי גני-הילדים של החינוך המיוחד, שיקבל מכה בלתי הפיכה; וכן החינוך הפנימייתי, שייפגע קשות; גם החינוך הטכנולוגי, שכבר היום לומדים בו 47 שעות שבועיות, וקשה לדחוס שעות נוספות לשעות המאוחרות של היום, כי ממילא הילדים יתקשו לקלוט בשעות הנוספות האלה.

חבר הכנסת צוקר, היה לנו ויכוח ישן על זה, בזמנך אתה היית, נדמה לי, החבר היחיד בוועדת החינוך והתרבות - - -

""העז"" זו כבר הערכה שלך על עצמך, אבל שחשב אחרת בעניין הזה. כולנו חשבנו שלרוב הציבור לא נוח העניין. אני אומר שאתה ראית זאת מנקודת ראות כזאת. לעצם העניין, רוב העולם בנוי כך שעובדים חמישה ימים. כאן השאלה נכונה.

לא. זה לא התחיל מבתי-הספר, זה התחיל בעולם, וכך החליטה הממשלה כשהיא החליטה על חמישה ימי עבודה.

בינתיים יסבלו סבל רב, שלא צריך להיות.

כלומר, המורים גם מודאגים מהבעיה של ש""ס, והורים רבים שרוצים גם מודאגים מש""ס? מה אתה מכניס פה נושא לא-רלבנטי? חברי הכנסת, רוב אזרחי המדינה עדיין עובדים שישה ימים בשבוע, והחופשה מאונס שניתן, באמצעות הממשלה, לילדים ולנערים תהווה גם בעיה בטיחותית קשה. אני מאמין שההסדר שהגענו אליו, שלפיו המורים ימשיכו לעבוד חמישה ימים בשבוע והילדים ילמדו שישה ימים בשבוע - זו הדרך האופטימלית למערכת החינוך כרגע, בנסיבות הנוכחיות. עד שיוסרו כל המגבלות והמכשלות - אם בכלל - נחוץ לחוקק חוק שיבטיח להימנע מקפריזות או מרצון של מיעוט לשנות את סדרי בראשית אלה, כדי לא לגרום לזעזוע במערכת החינוך. חוק שישה ימי לימודים בשבוע יהיה חוק שיפאר ויכבד את חוקי החינוך המתקדמים שלנו. הכנסת יכולה - באשרה חוק זה - לתרום תרומה חשובה למערכת החינוך, לבל תיפגע מסיבות שרירותיות, כאשר לממשלה לפעמים נכנס לראש לעשות זאת. אני קורא לכנסת לאשר חוק זה.",1
11263,"אני תורם אותן לחברת הכנסת לימור לבנת.

אבל זה לא מוסיף שעות - - -",1
11299,"מדובר בכמה פקידים, אתה לא יכול להגיד ""הממסד הדתי"".",1
11784,"אדוני היושב-ראש, חברי הכנסת, גם אם ייגמר המשבר הממשלתי הנוכחי בפשרה בלתי מוגמרת, צפוי לנו קיץ של משברים: משבר של ממשלה מתנדנדת בירושלים ומשבר של משא-ומתן מתנדנד בוושינגטון. שר החוץ פרס יריעה רחבה של המצב העולמי, האזורי, ושל ישראל בתוכו, והשר דיבר באופן מקיף ומאלף. אבל בדקות שהוקצבו לי אדבר רק על וושינגטון ואחזור רק על שלושה-ארבעה נושאים ספציפיים, שכבר דובר בהם רבות. בכל זאת, אני מרגיש שעל הפרטים האלה ודומיהם יקום או ייפול דבר, וראוי ונכון להתייחס אליהם; והכול מתוך חרדה שיש כאן תהליך הרה-סכנות, שחובה להתריע עליו. מאחר ששר החוץ דיבר על השיחות הרב-צדדיות, אתייחס לנקודות בשיחות הדו-צדדיות. אני רוצה להעיר על כמה מהוויתורים, שנראה לי שהם קיימים אף שהם לא מתפרסמים במלואם, ומאופי הדברים אני מעריך שיבואו אחריהם ויתורים מרחיקים לכת יותר, מפני שהצד השני, כמובן, לא יסתפק בהם, כפי שהדברים מוכחים בימים אלו. קודם כול, אני רוצה לחזור ולדבר על המשטרה הפלשתינית. אני אומר שחל מפנה, שנראה לי מסוכן, בעמדה הישראלית. אם בעבר דובר על פיקוח ישראלי על המשטרה הזאת, הרי הדיבורים על אימונים בירדן ובמצרים מאותתים; ואתמול אמר פה ראש הממשלה בדבריו, שאם הם רוצים להתאמן בירדן או במצרים, זה עניינם, ואני אומר: זה לא עניינם, זה ענייננו. מדובר על משטרה שתהיה כאן. אם אנחנו כמעט מוציאים מידינו את היכולת לבקר מי יתגייס ולמי יחולק הנשק - יש כאן בעיה, וכל המאבק על אופיה של המשטרה שתקום ירד לטמיון. בזמנו דובר על כך שהקריטריונים לגיוס יהיו זהים לאלה של משטרת ישראל. עכשיו, כשהורדנו את התביעה הזאת - זו לא משטרה, אלא במידה רבה הסוואה לצבא, שנותן לגליזציה ולגיטימציה לחברי ארגוני טרור; ויש בכך סכנה לא אידיאולוגית, אלא קיומית. בלי פיקוח ישראלי על גיוס, על אימונים, על נשק, על פריסה, על תוכנית מבצעית, הסכנה חמורה. אנחנו מזמנים בכך, במידה רבה, את גבול הצפון לכפר-סבא ולפתח-תקווה. תוהו ובוהו במרכז הארץ. אומרים שהמשטרה תהיה חזקה מול ה""חמאס"", אבל קודם כול הקורבן הראשון שלה יהיו המתיישבים.

זו הערכה שלי. חברי הכנסת, נכון שחמומי-מוח, ילדותיים בעיני, בעיקר מתנועת ""כך"", עושים שטויות - - -

עוד לא שמעת את דברי. תחכה עד סוף הדברים ואחר כך תתייחס. כן, כך אני מעריך אותם, וזו לא הערכת כבוד. הם עושים שטויות, באיומי סרק על הקמת משטרה נגדית. נכון שזוהי תגובה מטומטמת ובלתי אחראית, שראויה לגינוי. אבל אני אומר פה לחברי הכנסת, שעם כל הצורך לטפל בה, וצריך לטפל בה, היא תוצאה, אף שלא מוצדקת, של האיוולת שבהצעה הממשלתית על צורת המשטרה. כשאומרים שיהיה תיאום בין המשטרה הפלשתינית לבין משטרת ישראל וצה""ל - זו זריית חול בעיניים. תחת מסווה התיאום נעשה דבר חמור, שמזמין תוהו ובוהו. ולכמה הרוגים נצטרך לחכות, כדי להחליט שזו היתה טעות? אמרו: אם היתה טעות - נחזור בנו. נושא אחר הוא נושא הקרקעות והמים. הצעת הממשלה הנוכחית שונה מאוד מהמודל המאופק והזהיר שאתם עצמכם הגשתם לפני כחצי שנה. יש ויכוח אידיאולוגי על ההצעה ההיא גם כן. אבל קיומית - יכול להיות שאפשר היה לחיות אתה. אבל מה שמוצע היום הוא בסביבות הקו האדום של סכנה קיומית, שהרי לא כל הפרטים ידועים, והעם לא יודע במה מדובר. אבל ברור שיש מרחק של שמים מארץ בין ההצעה הקודמת לבין זאת. מדובר פה עכשיו במים של מתיישבי גוש-דן ולא של מתיישבי יהודה ושומרון. מדובר על זכויות מים משנות ה-50, מלפני מלחמת ששת הימים, שהוסכמו; ולא מדובר עוד על זכויות למונים ולדמי שימוש במים, אלא בפיקוח על בארות ושאיבה. יש בזה סיכון של צמא למדינת ישראל. אני לא יודע פרטים. איש אינו יודע. אבל נראה לי שאנחנו בגבול החמור. נקודה שלישית - הממשלה משתמשת בסגר, שנועד למטרה ביטחונית, כדי להחזיר את ""הקו הירוק"" פוליטית. כך, ממקמים את מחסומי הסגר לא על-פי צורכי הביטחון, אלא על-פי הרצון הפוליטי להחיות את ""הקו הירוק"". יש כאן שימוש בצורך ביטחוני, שאנחנו תומכים בו, כדי להפריד פוליטית. משתמשים בכך בגלוי למטרה הזאת. אבל הדבר הכי חמור שרציתי לדבר עליו היום הוא הגולן. על אף תשובתו של שר החוץ לחבר הכנסת יהלום, שרי ממשלה - כפי ששר החוץ אמר, שבעצם הדברים ידועים - מתחרים ביניהם מעל דפי העיתונות מי ייתן לאסד יותר. אסד יודע, שמה שמציעים לו בוושינגטון זה פחות ממה שמעניקים לו שרי הממשלה, שמטרפדים באותה הזדמנות את המשא-ומתן שם.

בקיצור, אני אומר ששרי הממשלה, בסופו של דבר, על אף הדיבור על דרכים אחרות לפתרון, דוחפים את מדינת ישראל לרדת מהגולן, דבר הנוגד את ההתחייבות של מר רבין ואת מצע מפלגת העבודה. אני מסיים ואומר, שבדוגמאות האלה, ומהרבה סיבות אחרות, גורמת הממשלה, לפי דעתי, נזק בל ישוער לאינטרסים של המדינה. לכן התהליך שמתנהל עכשיו, כפי שהוא מתנהל, בדברים שנוגעים להסדר הקבע ולא להסדר הביניים - כל התהליך הזה, בעיני, מחייב לחזור אל העם לבחירות חדשות. יש עוד סיבות, של תפקוד לקוי של הממשלה, שמחייבות חזרה אל העם שאיבד את אמונו בממשלה. אבל די בסיכון הזה כדי לחזור אל העם לבחירות חדשות.",4
11819,"אדוני היושב-ראש, חברי הכנסת, גם אם ייגמר המשבר הממשלתי הנוכחי בפשרה בלתי מוגמרת, צפוי לנו קיץ של משברים: משבר של ממשלה מתנדנדת בירושלים ומשבר של משא-ומתן מתנדנד בוושינגטון. שר החוץ פרס יריעה רחבה של המצב העולמי, האזורי, ושל ישראל בתוכו, והשר דיבר באופן מקיף ומאלף. אבל בדקות שהוקצבו לי אדבר רק על וושינגטון ואחזור רק על שלושה-ארבעה נושאים ספציפיים, שכבר דובר בהם רבות. בכל זאת, אני מרגיש שעל הפרטים האלה ודומיהם יקום או ייפול דבר, וראוי ונכון להתייחס אליהם; והכול מתוך חרדה שיש כאן תהליך הרה-סכנות, שחובה להתריע עליו. מאחר ששר החוץ דיבר על השיחות הרב-צדדיות, אתייחס לנקודות בשיחות הדו-צדדיות. אני רוצה להעיר על כמה מהוויתורים, שנראה לי שהם קיימים אף שהם לא מתפרסמים במלואם, ומאופי הדברים אני מעריך שיבואו אחריהם ויתורים מרחיקים לכת יותר, מפני שהצד השני, כמובן, לא יסתפק בהם, כפי שהדברים מוכחים בימים אלו. קודם כול, אני רוצה לחזור ולדבר על המשטרה הפלשתינית. אני אומר שחל מפנה, שנראה לי מסוכן, בעמדה הישראלית. אם בעבר דובר על פיקוח ישראלי על המשטרה הזאת, הרי הדיבורים על אימונים בירדן ובמצרים מאותתים; ואתמול אמר פה ראש הממשלה בדבריו, שאם הם רוצים להתאמן בירדן או במצרים, זה עניינם, ואני אומר: זה לא עניינם, זה ענייננו. מדובר על משטרה שתהיה כאן. אם אנחנו כמעט מוציאים מידינו את היכולת לבקר מי יתגייס ולמי יחולק הנשק – יש כאן בעיה, וכל המאבק על אופיה של המשטרה שתקום ירד לטמיון. בזמנו דובר על כך שהקריטריונים לגיוס יהיו זהים לאלה של משטרת ישראל. עכשיו, כשהורדנו את התביעה הזאת – זו לא משטרה, אלא במידה רבה הסוואה לצבא, שנותן לגליזציה ולגיטימציה לחברי ארגוני טרור; ויש בכך סכנה לא אידיאולוגית, אלא קיומית. בלי פיקוח ישראלי על גיוס, על אימונים, על נשק, על פריסה, על תוכנית מבצעית, הסכנה חמורה. אנחנו מזמנים בכך, במידה רבה, את גבול הצפון לכפר-סבא ולפתח-תקווה. תוהו ובוהו במרכז הארץ. אומרים שהמשטרה תהיה חזקה מול ה""חמאס"", אבל קודם כול הקורבן הראשון שלה יהיו המתיישבים.

זו הערכה שלי. חברי הכנסת, נכון שחמומי-מוח, ילדותיים בעיני, בעיקר מתנועת ""כך"", עושים שטויות – – –

עוד לא שמעת את דברי. תחכה עד סוף הדברים ואחר כך תתייחס. כן, כך אני מעריך אותם, וזו לא הערכת כבוד. הם עושים שטויות, באיומי סרק על הקמת משטרה נגדית. נכון שזוהי תגובה מטומטמת ובלתי אחראית, שראויה לגינוי. אבל אני אומר פה לחברי הכנסת, שעם כל הצורך לטפל בה, וצריך לטפל בה, היא תוצאה, אף שלא מוצדקת, של האיוולת שבהצעה הממשלתית על צורת המשטרה. כשאומרים שיהיה תיאום בין המשטרה הפלשתינית לבין משטרת ישראל וצה""ל – זו זריית חול בעיניים. תחת מסווה התיאום נעשה דבר חמור, שמזמין תוהו ובוהו. ולכמה הרוגים נצטרך לחכות, כדי להחליט שזו היתה טעות? אמרו: אם היתה טעות – נחזור בנו. נושא אחר הוא נושא הקרקעות והמים. הצעת הממשלה הנוכחית שונה מאוד מהמודל המאופק והזהיר שאתם עצמכם הגשתם לפני כחצי שנה. יש ויכוח אידיאולוגי על ההצעה ההיא גם כן. אבל קיומית – יכול להיות שאפשר היה לחיות אתה. אבל מה שמוצע היום הוא בסביבות הקו האדום של סכנה קיומית, שהרי לא כל הפרטים ידועים, והעם לא יודע במה מדובר. אבל ברור שיש מרחק של שמים מארץ בין ההצעה הקודמת לבין זאת. מדובר פה עכשיו במים של מתיישבי גוש-דן ולא של מתיישבי יהודה ושומרון. מדובר על זכויות מים משנות ה-50, מלפני מלחמת ששת הימים, שהוסכמו; ולא מדובר עוד על זכויות למונים ולדמי שימוש במים, אלא בפיקוח על בארות ושאיבה. יש בזה סיכון של צמא למדינת ישראל. אני לא יודע פרטים. איש אינו יודע. אבל נראה לי שאנחנו בגבול החמור. נקודה שלישית – הממשלה משתמשת בסגר, שנועד למטרה ביטחונית, כדי להחזיר את ""הקו הירוק"" פוליטית. כך, ממקמים את מחסומי הסגר לא על-פי צורכי הביטחון, אלא על-פי הרצון הפוליטי להחיות את ""הקו הירוק"". יש כאן שימוש בצורך ביטחוני, שאנחנו תומכים בו, כדי להפריד פוליטית. משתמשים בכך בגלוי למטרה הזאת. אבל הדבר הכי חמור שרציתי לדבר עליו היום הוא הגולן. על אף תשובתו של שר החוץ לחבר הכנסת יהלום, שרי ממשלה – כפי ששר החוץ אמר, שבעצם הדברים ידועים – מתחרים ביניהם מעל דפי העיתונות מי ייתן לאסד יותר. אסד יודע, שמה שמציעים לו בוושינגטון זה פחות ממה שמעניקים לו שרי הממשלה, שמטרפדים באותה הזדמנות את המשא-ומתן שם.

בקיצור, אני אומר ששרי הממשלה, בסופו של דבר, על אף הדיבור על דרכים אחרות לפתרון, דוחפים את מדינת ישראל לרדת מהגולן, דבר הנוגד את ההתחייבות של מר רבין ואת מצע מפלגת העבודה. אני מסיים ואומר, שבדוגמאות האלה, ומהרבה סיבות אחרות, גורמת הממשלה, לפי דעתי, נזק בל ישוער לאינטרסים של המדינה. לכן התהליך שמתנהל עכשיו, כפי שהוא מתנהל, בדברים שנוגעים להסדר הקבע ולא להסדר הביניים – כל התהליך הזה, בעיני, מחייב לחזור אל העם לבחירות חדשות. יש עוד סיבות, של תפקוד לקוי של הממשלה, שמחייבות חזרה אל העם שאיבד את אמונו בממשלה. אבל די בסיכון הזה כדי לחזור אל העם לבחירות חדשות.",4
12403,"היה כסף לעולים. כאשר העולים לא הגיעו העבירו אותו לשעות.

אתה רוצה לומר, שבעשרה חודשים עשו מה שלא עשו ב-15 שנים? זו אמירה חסרת בסיס.",1
12414,"אדוני היושב-ראש, גם אני, כמו כל חברי הכנסת, מביע כאב על נפילת החיילים שלנו היום. אני מרגיש שיותר מדי פעמים זה קורה לנו. נקווה שתאונה מהסוג הזה תהיה התאונה האחרונה. אני מביע תנחומים למשפחות, ושולח ברכת רפואה שלמה לפצועים. חברי הכנסת, אדוני סגן השר, אפשר להחליט על הפסקה של שיטת בחינות הבגרות ולשנות באופן מהפכני את כל אופי הלימוד בבתי-הספר. אבל להמשיך בשיטה של בחינות הבגרות, שסביבן מתרכז עיקר הלימוד בבית-הספר התיכון, ולצמצם אותן לשלושה מקצועות - זאת תוכנית הלוקה כפליים. מחד גיסא היא מותירה את שיטת הלימוד הצמודה לבחינות הבגרות על ליקוייה ופגמיה, ומאידך גיסא היא מקשה על תלמידים שמתקשים במקצועות מסוימים ומקצועות אחרים קרובים ללבם יותר לבטא את אישיותם ולמצות את הפוטנציאל שלהם ולהתקבל למוסדות להשכלה גבוהה. כפי שציינת, בשלוש השנים האחרונות היתה קפיצה גדולה בכניסה למוסדות להשכלה גבוהה. הדבר הזה יכול להיות שוב מעצור לעניין הזה. נוסף על כך, וזאת אולי הנקודה שאני אתמקד בה בעיקר, היא דורשת מהתלמידים שלנו התמקצעות טכנית בשפות הבסיסיות של המדע והידע, לשון, מתמטיקה ואנגלית. אלה נושאים חיוניים וחשובים כשלעצמם, בוודאי. אבל היא שוללת מהתלמידים תכנים רוחניים חיוניים, שנרכשים בבתי-הספר בלימודי הספרות, ההיסטוריה, האזרחות, התנ""ך ועוד, שמעניקים ייחוד לעם שלנו ושאר-רוח לחברה שלנו. אדוני היושב-ראש, כאשר משמיטים מבחינות הבגרות את המקצועות שמעבר למיומנויות הבסיסיות, וממילא מצמצמים, אם לא מפסיקים לגמרי, את הלימוד של המקצועות האלה, אנחנו מעידים על דלות התוכן שלנו, שאנו מייעדים לה את תלמידינו. ואנחנו מועידים רבים מהם להיות משוללי סיכוי להתקבל למוסדות להשכלה גבוהה, ומסיגים לאחור את ההתקדמות שחלה בשנים האחרונות בסגירת הפערים בחינוך הגבוה. ההחלטה הפשוטה לכאורה היא גרועה וחמורה, ופירושה מאמצים להישגיות בלבד ו""ייבוש"" של המקצועות שאין נבחנים בהם. הם לא יילמדו בבתי-הספר, מורים לא יכשירו את עצמם אליהם, לא יוקצו להם שעות לימודים, ומרבים-רבים יימנע להגיע ולהתקבל לחינוך הגבוה. אדוני היושב-ראש, חמור מאוד לוותר על הומניסטיקה, על היסטוריה ועל מקצועות נוספים. אמרתי את זה. אני בחרתי להדגיש נושא אחד, שבתוקף ההחלטה הזאת נגזרת עליו כליה בבית-הספר הכללי. זה הנושא של לימודי התנ""ך. כבר כיום לומדים בבתי-הספר הכלליים מעט מאוד תנ""ך. ועכשיו ייסתם לגמרי המעיין. כבר היום מהווה התנ""ך את הקשר הכמעט יחיד, העיקרי בכל אופן, של בני נוער רבים אל המקורות שלנו. השמטת התנ""ך מחובת הלימוד תשמיט לחלוטין את לימוד התנ""ך בבית-הספר הכללי. זה מה שיש למערכת החינוך שלנו לבשר? זה מה שרוצה המערכת להשיג? כמו צנזורה על כל התנ""ך? אני אומר שיש פה אפילו בגידה במורשת של בן-גוריון וחבריו, שראו בתנ""ך ספר יסוד של הקשר שלנו לעם ולארץ ולמורשת, ספר של כל העם. אנחנו חלקנו על כך. אנחנו חושבים שגם תורה שבעל-פה היא חלק מהמורשת, חלק חיוני. אבל היה דבר שהתקבל כבר, עד היום. והנה עכשיו הולכים בעצם להוציא, ואולי זה מסתתר מאחורי המגמה הטכנית כל כך כביכול, לבטל את הערך המוסף של חינוכנו, את התרוממות הנפש, את הזיכרון הלאומי החי שלנו, התנ""ך. ואולי זהו המסר של מערכת החינוך שלנו, לבייש את זקנותנו אצל נערינו ו""לייבש"" את מקורותינו, ולומר שיש לנו מדינה, שהאינטליגנציה שלה לא תכיר את הקלסיקה העשירה שלה, מפני שהיא שייכת ומיוחסת לדתיים בלבד. חברי הכנסת, אינני יכול שלא לראות מאחורי הפרגוד של התוכנית הרעה הזאת, במודע או שלא במודע, מכל מקום בפועל, את אלה שרואים בעברנו סכנה, מפני שהם חוששים שהוא ישפיע על ההווה שלנו, והוא כמו נטל אצלם, שצריך להשתחרר ממנו. וזאת המזימה בעצם, להביס את העבר שלנו; רק לדעת את היום, בלי לזכור את האתמול. ההדחה של התנ""ך מתוכנית הלימודים והסתפקות במודרניות שימושית בלבד בדרך מתחכמת, דרך ריקון התכנים האלה מבחינות הבגרות וממילא מתוכנית הלימודים, הן בעצם הכרזת מלחמה נגד העבר החי שלנו. וזה מחייב התעוררות והתנגדות אצל כל מי שערכי עמנו יקרים לו והוא איננו רוצה לאבד אותם. חברי הכנסת, אני רוצה לסיים ולומר, שאי-אפשר לשמור על הגחלת שלנו בלי החיוניות של הזיכרון בספרים שלנו. אי-אפשר להגן על היהדות שלנו בלי הטקסטים ההיסטוריים, הליטורגיים, ההלכתיים, ההגותיים שלנו, בלי לימודם באופן מעמיק ורציני, ובלי להתריס נגד אלה שמנסים לבקר אותם כדי להפחית בערכם ולמנוע את החזקה שלהם על הגורל שלנו והייעוד שלנו. אני רואה קשר בין הפחד מההחייאה של זיכרון השואה, למשל, והביקורת על הנסיעות של בני הנוער למחנות בפולין, בין הטענות שאומרות שיש כביכול סתירה בין שנאה לרשע קיצוני ולרוע בלי מצרים ובין הבנה נכונה והומניות, כאילו להבין את הכול פירושו לסלוח את הכול; אני רואה קשר בין אלו לבין הפסקת לימוד התנ""ך בבתי-הספר, דרך השמטת התנ""ך מבחינות הבגרות. זה כמו תוכנית להרוס את העבר שלנו ואת הזיכרון שלנו. ואני קורא לראשי מערכת החינוך, אם הם התכוונו לזה במודע או שלא במודע, לחזור בהם. ואני קורא לכנסת על כל חבריה להתנגד לתוכנית הבלתי חינוכית, הבלתי רוחנית, הבלתי יהודית הזאת.

כן, גם על דבריו של חבר הכנסת הירשזון.

זאת שאלה שהיא מעבר לשר זה או אחר ומעבר להחלפת שרים. זו שאלה מאוד בסיסית, שכנסת ישראל ומערכת החינוך הישראלית צריכות להשיב עליה, תשובה חיובית, לטעמי, חיובית ברוח הדברים שאמרתי.

מה עושים? שואלים את התלמידים מה הם רוצים שיהיה בבחינות הבגרות?

אם אין בגרות, אתה צודק. אבל אם אתה משאיר בגרות באנגלית או במתמטיקה או בלשון, כל הלימוד יתמקד בזה, והמקצועות האחרים לא יעברו כמו היום. אם יש שתיים, אף אחד לא לומד שלוש. לומדים שתיים. כשלא יצטרכו שום דבר, לא ילמדו כלום.",1
14371,"אני רק רוצה לתקן, שממשלת הליכוד בזמן שנבון היה שר קיבלה החלטה עקרונית - - -

היתה החלטה לעבור, אבל כאשר הייתי שר החינוך ביטלו את ההחלטה הזאת.

הממשלה הסכימה לבטל. דחינו לשלוש שנים - - -",3
14403,"אדוני היושב-ראש, חברי הכנסת, הממשלה אומרת שמהפך יש בחינוך, ואני שואל: מהו מהפך? או: מהו המהפך הזה? למשל, בספר אזרחות, שיצא השנה מטעם משרד החינוך, נכתב כך: ""היהודי הדתי-לאומי הוא קנאי ולא סובלני, מוכן לפגוע בחוק ובסדר, בזכויות הפרט ובהחלטות הרוב. שלמות הארץ היא ערך העולה בעיניו על ערכי הדמוקרטיה וסמכות החוק. הוא קורא תיגר על הממשלה. זה מיעוט מתנשא ואקטיבי המפר את נוהלי הדמוקרטיה"". כך, בספר לימוד של משרד החינוך מלמדים את ילדי ישראל מה נקרא יהודי דתי-לאומי.

ספר לימוד אזרחות, ""מדינה וממשל"".

מה זה משנה? סמי סמוחה. מה זה משנה?

לא מישהו. כשאתה מביא רק את זה - - -

אין מאמרים אחרים מהסוג שאתה מתכוון לו, שיש בהם היבט יותר כולל. זה - אין.

ראשית, אין הבדל במובן הזה, שאתה לא תסכים שיכתבו באופן קיצוני כזה נניח על מרצ - שהיא לא ציונית, אליטיסטית, צפוניסטית, נגד המדינה, רוצה למכור את הכול. לזה גם אתה לא תסכים.

אין. אין וגם לא צריך להיות באופן כל כך בוטה. בעצם זוהי דה-לגיטימציה של ציבור שאומר שהוא מחוץ לחוק. זה חינוך. ומהי תרבות? - השבוע התחננו שרים, וגם יושב-ראש ועדת החינוך, בפני אלטון ג'ון שיואיל לחזור לארץ ולשיר פעם אחת. זה תפקידה של ממשלה במובן התרבותי? זה תפקידו של יושב-ראש ועדת החינוך, לקרוא לאלטון ג'ון ולבקש ממנו: תחזור? אני חושב שזו בושה.

אני לא אומר שאתה לא יכול להופיע שם. אני מדבר על השרים ועל יושב-ראש ועדת החינוך. מי שחושב שבהבטחות אדמיניסטרטיביות ובמניפולציות בתקציב אפשר להגשים משימות חינוכיות - זורה חול של תעמולה בעיני העם. בחינוך אין קפיצות, בחינוך אין קסמים, אין תכתיבים, אין שטיפת מוח, אלא צריך לגשת לזה בגישה רצינית, שיש בה גם חזון, אבל יש בה התמדה, מסירות, מקצועיות. מהלך חינוכי אמיתי הוא אטי, ויש בו קשיים. שר חינוך יותר מכול צריך להיזהר מציפיות מופרזות. מי שרוצה באמת בשינויים צריך ומחויב בצניעות. אני אומר לשר החינוך החדש, והוא שר חינוך חדש, שהססמה שאני הייתי טובע כשר חינוך, בשונה ממה שקרה השנה, היא ""הצנע לכת""; ולא כאילו-מהפכות בהצהרות פולמוסיות, קנטרניות, התגרויות אימפולסיביות. השנה שחלפה היו בה הרבה ברקים, היו בה הרבה רעמים, אבל גשם לא כל כך, ובייחוד היא הצטיינה בהדהוד של תופים כיתתיים.

אני מדבר על החינוך. הנושא שלי הוא חינוך ולא איכות הסביבה. עבודה שחורה, יומיומית ורצינית לא נעשתה. אני אומר זאת בצער, אבל אני אומר זאת גם לכנסת באחריות. אי-אפשר לפתור את הבעיות האלה בדרך טכנית, אדמיניסטרטיבית. לא זה יביא גאולה לחינוך. קודם כול צריך לתכנן, לחשוב, בעיקר לעשות מאמצים שלא לשחוק את המורים ולא למצוא במורים רפיון מוסרי ולחשוב שהמאבק שלהם על מעמדם הוא מיותר, מעצבן וחסר שחר. מוטב היה להבליט במערכת המורכבת והרגישה שלנו את המאחד ולא להדגיש את המפריד, ב""עליהום"" על דתיים, על לאומיים, על אוהבי ארץ-ישראל, על ציונים. הייתי אומר אולי בפראפרזה על דבריה של שרת החינוך, שהיתה - - -

כן. צריך ללמוד את ביאליק. אני חושב שצריך ללמוד את ביאליק. אבל צריך גם ללמוד את רבי יהודה הלוי, את אבן-גבירול ואת שבזי.

כשאני אגיע להקצאת שעות - נדבר על זה. ולא לסמן, ולא לסווג, ולא למיין, כאילו אם אתה יודע מנין באת, אתה יודע לאן אתה הולך. לא כך בונים במערכת חינוך דו-שיח, אמון, הקשבה והבנה.

אולי אומר במשפט אחד: לא נכון להעמיד את החינוך כך, באופן מפריד שכזה, שאם יהיה שר ממרצ - הוא שר של שמאלנים, של צפוניים, של חילונים, ואם יהיה שר עם כיפה - הוא לדתיים. כלומר, אין מונופול למישהו על פתיחות ואין לו זכות לומר על מישהו שיש בו סגירות. ההתמודדות עם הבעיות החינוכיות הרציניות והאמיתיות שיש לנו ומתן מענה לאתגר החינוכי האדיר של התחדשות העם היהודי בארץ כאן - צריכים גישה אחרת. אם לא רוצים בתרבויות מתנגשות כאן, חייבים להציג פתרון לאומי נבון, שיתווה לחינוך שלנו תרבות יהודית, שורשית, לאומית, אנושית, עם הניואנסים המגוונים שבחברה שלנו. אין שום תועלת במעבר, כפי שהאוצר דורש, לחמישה ימי לימודים בשבוע ובהארכת יום הלימודים על חשבון גידול טבעי, עולים חדשים או טעוני טיפוח. בשנה הזאת נוצל משרד החינוך - ואנחנו מסכמים שנה - כבמה להתגוששות קולנית, לפליטות פה, לפרשנות מקרא, לפלפולי תרבות, להגיגי שברי פילוסופיה. וזה כלפי חוץ. אבל עקביות והתמדה לא היו, והיתה קפיצה והיתה שליפה. כך, למשל, ביטול התוכנית של מבחני המשוב, שהיתה באמת יכולה, לולא הופסקה, לאבחן תפוקות של החינוך שלנו כדי לתקן היכן שצריך לתקן. הדבר אמור גם לגבי הרצון לבטל את המשלחות לפולין, מפני שהן חוזרות, כטענת השרה, יהודיות יותר ולאומיות יותר, ומפני שלא לומדים בהן על ה""בונד"". וכל זאת במקום להודות שיש המשכיות - ואני אומר זאת לשר החינוך - באימוץ תוכניות שהוכנו שנים. תוכניות של חינוך לא מכינים בשבועות. שנים עובדים עליהן עד ששר יכול להפעיל אותן. למשל, ועדת-הררי לחיזוק המדע, שאושרה, לרבות התקציב שלה - להגיד: אנחנו המצאנו זאת? או ועדת-פלד למחשוב בתי-הספר. זאת התחזות בעצם לומר כאילו בשבועות ספורים, רק נכנסת במהלך השנה וכבר יש לך תוכנית מדעית, כאילו היא לא אושרה קודם לכן, כאילו לא הוקצב לה כסף קודם לכן, כאילו כאן המציאו את הגלגל וכאן התחילו להניע את הגלגלים. חברי הכנסת, 80,000 ילדי עולים ויותר קלטה מערכת החינוך בשנתיים שהמדינה קלטה בהן 400,000 עולים. הוקצו לכך אמצעים רבים בממשלה הקודמת, שעות סיוע של קליטה בלימודים, בנייה של כיתות בהיקף ללא תקדים. באין עולים עובר הכסף הזה - שהוקדש לעולים, אם הם היו מגיעים באותו קצב - למערכת החינוך כולה. זאת התוספת שמדובר עליה.

כמעט שלא. אני לא אומר, משהו אולי. לא ספרתי במדויק. אבל אני ראיתי את ספר התקציב.

אני מדייק. תוספת שעות הלימוד שמנויה בסעיף 10 היא לשתי שנות לימוד. היא כוללת גידול טבעי - 42 מיליון, 30 מיליון שהיו צריכים לתת להכשרת מורים עולים, 20 מיליון ליום חינוך ארוך על-פי חוק של חינוך מיוחד, מיליון תגבור לעולים מאתיופיה, והמשך קיצוץ זכאות עזר שבועית לתלמיד עולה, כשלפי דעתי צריך לנצל את התקופה הזאת - ואתה אולי תנצל זאת - ולתת שנתיים לעולים, כדי שלא נחזור עוד הפעם על השגיאות שנעשו לגבי העולים בשנות ה-50 ובשנים הקודמות. אני אומר, יש טעות בדבר הזה. יש גם תוספת מסוימת, אבל זה לא מיליארדים. רוב הכסף הוא מעבר בתוך מערכת החינוך עצמה. כשאין עולים, זה כמו שאתה אומר לגבי האבטלה: האבטלה ירדה - אין עולים. היינו צריכים לנצל חלק מהכסף, שהעולים לא יהיו קורבנות של הקשיחות והאטימות שלנו. הם צריכים וראויים ליותר שעות. משברים אדירים יש שם, ולא מוסיפים את השעות האלה. היינו צריכים להשקיע יותר בתוכניות רציניות לתלמידים החלשים. אפילו חבר הכנסת מהקואליציה ציין כאן, שהתוכניות של משרד החינוך רובן נוטות אל המצוינים ולא אל החלשים. ולא לחלק לכולם בשווה - - -

כן. כשאתה לוקח את סלי הטיפוח, הרווחה, השיקום והעולים ומכניס את הכסף הזה לסל אחד לכיתות א'=ב', עשית עוול. כשאתה אומר: אני לוקח 30 ערים ונותן להן יתרון, אתה אומר לעניים ולעשירים יחד. אם אתה רוצה לעשות את המאמץ, תעשה אותו לעניים.

אין יישוב חלש. בכל יישוב יש חזקים ויש חלשים.

ברור, אבל כשאין משוב אתה לא יודע איפה להכניס. לפי המשוב שלנו, המשוב של מוסד ון-ליר, של הוועדה שמטפלת בזה, המשוב קובע איזה בית-ספר ואיזו כיתה הם חלשים, לא איזה יישוב חלש.

בוודאי, לא נלקחו מהעולים.

חלק קטן מהכסף הוא גם תוספת, אני לא אומר שלא. אבל עיקר הכסף הוא כסף מהעולים. יש לך ספר התקציב, תסתכל בו. תראה איפה הורידו. אומר עוד משפט אחד באוזני השר החדש. על אף ההכחשות, אני אומר בבירור, שהזרם הציוני-הדתי, כלומר הממלכתי-הדתי, שמחנך ליהדות ולשורשיות עם מסירות לבניין הארץ והגנתה ולשירות בצה""ל, עם שותפות מלאה עם הציונות ועם הציבור החילוני - - -

מה זה שייך? אגב, אני לא הערתי בזמני, בממשלת הליכוד, שהקיבוצים גם באו להפגין בשעות היום. לא אמרתי כלום.

בתי-ספר של הקיבוצים. ודאי שאני משווה. מה ההבדל?

אני מקבל שראוי ששניהם לא יעשו הפגנות בזמן הלימודים. הזרם הזה, אולי בגלל מה שאמרת עכשיו, הוא סומן במקום כלשהו במשרד החינוך לייבוש. ראש הממשלה סימן אותם, כמו שאתה אמרת, כבשר תותחים של הפגנות, ופגעו בהם. תקן לתלמיד במקום תקן לכיתה, לזרם שהרוב בו טעוני טיפוח והוא מיעוט שפרוס על כל הארץ, המשמעות שלו היא כוונה זדונית, לא בלי משים, לפגוע בו, ואולי מסיבות שאינני רוצה להיכנס אליהן. למשל, שינוי שיטת בחינות הבגרות בלי לחייב ללמוד תנ""ך, פירושו של דבר לא רק פגיעה בחלשים, שהגיוון בבחינות הבגרות אפשר להם לתפוס צורות שונות של בגרות כדי להגיע אל האוניברסיטה בכל זאת; פירוש הדבר גם שלא ילמדו תנ""ך בבתי-הספר הכלליים. כמעט שלא, כבר היום כמעט שלא לומדים; אבל כשלא יהיה תנ""ך בחובה, לא ילמדו בכלל. אלה רק סימנים. אני אומר שגם קיצור שבוע הלימודים הוא מתנה לעשירונים העליונים, על חשבון החלשים, שההורים שלהם עדיין עובדים שישה ימים. הם יהיו נתונים לפיתויי הרחוב, והתוצאות יתגלו בהקדם. אדוני היושב-ראש, היתה שנה עם הרבה רעש בתקשורת, עם הרבה בלבול ותסכול במערכת. יש לך הזדמנות, השר רובינשטיין, לתקן. המעשים ירחיקו והמעשים יקרבו. יש סכנה, אני אומר באוזני הממשלה, שבלי תשתית משותפת, בלי ספרים שמאחדים, ספרים יהודיים שמאחדים אותנו, ידברו בארץ שתי שפות עברית ויהיו פה שני עמים. אם ישכיל השר רובינשטיין - אם הממשלה תחזיק שנה נוספת ואם השר יחזיק מעמד בכיסאות המוסיקליים האלה - ליצור מצב שלא תהיה היהדות בחינוך רק תפקידו הבלעדי של שר חינוך דתי, אם ייצור דו-שיח בין הספרות היהודית לבין הלימודים הכלליים, אנחנו נאמר לו: כל הכבוד; אחרת, לא רק נהיה מפולגים אלא נינתק גם מהעם היהודי בגולה. הם הרי לא יכולים בלי יהדות, ואם אנחנו נדבר עברית בלי תוכן יהודי, יהיה נתק. אני אומר שהיתה נסיגה בשנה הזאת בגלל כל הבלבולים והרעשים, והבלבולים של מספרים לא יועילו, והדברים נוגעים לפנימיות החינוך, וזה העיקר.

1,400 חדרים, זו היתה ההקצבה בשנה שעברה למשרד החינוך, לרבות העולים. העולים לא הגיעו - - -",2
14424,אפשר לתקן את זה. אתה יכול - - -,1
14513,"אדוני היושב-ראש, חברי הכנסת, ההיסטוריה אינה עומדת על מקומה. הזיכרון הצורב של גילויי האנטישמיות מהשבוע שעבר, כאשר הגשנו את ההצעות שלנו לסדר-היום, עודנו חי בנו - על הפוגרום בבית-הכנסת במוסקבה, על חילול המצבות היהודיות בפרפיניאן שבצרפת, ועל אשר הותקף, כפי שהזכיר חבר הכנסת רענן כהן, יושב-ראש הכנסת שלנו על-ידי צירות פרלמנט אנטישמיות באוקראינה, כך קראנו - - -

ובגרמניה שוב שרפו מגורי טורקים ובלונדון נתפרסם דוח על אנטישמיות ב-1993, שקובע שהמצב החמיר מאוד והאנטישמיות היא מטבע נפוץ בפוליטיקה של מזרח-אירופה, וקיים חשש לביטחונן ולשלומן של קהילות יהודיות בהונגריה, ברומניה, ברוסיה ובפולין. בגרמניה, כפי שהוזכר, הולך המצב ומחריף, במסגרת שנאת הזרים הכללית. ב""פראבדה"" פורסם מאמר שמאשים את היהודים ברצח לשם פולחן. בסנט-פטרבורג חוללו קברים גם כן, והוונדליזם שהתרחש בבית-הכנסת המרכזי של מוסקבה טרם טופל על-ידי המשטרה והשלטונות שם. בקיצור, האנטישמיות באירופה מגיעה לממדים חמורים ומדאיגים. עדיין לא קראתי את המאמר ב""ידיעות אחרונות"", אבל קראתי שבתחנות כבלים בארצות-הברית, שאינן תחת פיקוח, משודרות כל הזמן תוכניות אנטישמיות מהסוג הזה. המאבק באנטישמיות הוא חובתה של הקהילייה הבין-לאומית, אבל עיקר המאבק מוטל על העם היהודי, ובאופן מיוחד על מדינת ישראל. עלינו להזעיק ולהתריע מפני הנגע ולהניע ממשלות, כפי שאמרת, אישים וגופים בין-לאומיים, כדי להוקיע את התופעה ולהילחם בה בפועל. אדוני היושב-ראש, מסוכן להשלות את עצמנו, שהאנושות מתקדמת מבחינה מוסרית. הרשעות שטמונה באנשים, הפחד מהזר והשנאה כלפי השונה הם תופעות שהאנושות טרם למדה לחיות בלעדיהן, ותמיד, כאשר יש ביטויים של פחדים ושנאות כאלה, העם שסבל ועדיין סובל מכך יותר מכולם הוא העם היהודי. וזה גורלנו בעולם נוצרי, בעולם מרקסיסטי, בעולם פאשיסטי וגזעני. תמיד אנחנו פגיעים וחשופים לאיבה ולסבל. כציונים אנו אומנם מאמינים, שעמנו צריך לחיות בארצו החופשית ולא להיות נתון לחסד הזולת ולרחמיו, ומדינת ישראל מזמינה כל יהודי באשר הוא לפי חוק השבות; העם שחזר לארצו מזמין את כל בניו למקום שבו אין תחושת זרות ומיעוט לעם היהודי. פה אנחנו מחליטים על גורלנו מתוך אמונה וביטחון בעצמנו ומכוח התרבות הרוחנית שלנו. אבל, חברי הכנסת, אין די בקריאה כזאת לעם היהודי לבוא לארץ מול תופעות מחרידות של אנטישמיות בעולם, ועלינו להילחם מכאן נגד כל גזענות, אלימות ורשעות המופעלות נגד אדם באשר הוא שונה, ונגד יהודי באשר הוא יהודי. כעם שעבר שואה, כמדינתם של מי שסבלו גלות במשך אלפיים שנה, אנחנו מכירים היטב את השנאה הזאת כלפי הגר והזר וכלפי היהודי, וכמי שחשו זאת על בשרם ונשמתם אנחנו חייבים להיות רגישים וערים - לגלות, להתריס ולהוקיע כדי לקעקע אנטישמיות וגזענות ולהעניש את האנטישמים ואת הגזענים. אני לא יודע איך תקבל את זה הממשלה - אני אומר את זה כלפי סגן שר החוץ - אבל לו היה הדבר תלוי בי, הייתי מקים בישראל מרכז למלחמה באנטישמיות ובגזענות, והייתי גם ממנה שר בממשלה - אני לא אומר שר נוסף - שנוסף על תיקו יהיה מופקד על ריכוז הפעולה הזאת נגד האנטישמיות והגזענות בכל מקום שבו היא מצויה ושבו היא צצה.

הצעתי להעלות את הדרג. אם אינני טועה, שר הוא יותר ממזכיר הממשלה, וזאת כדי להראות לעולם. אני יודע שאנחנו מטפלים בזה, אנחנו עוקבים אחרי זה, הייתי שותף ואני מקבל את הדוחות האלה במשך שנים. אני מציע להפוך את זה לדבר מרכזי יותר, שכולם ידעו שאכפת לנו מכך באמת. לפעמים נדמה שאנחנו בארץ די סגורים ומוגנים ולא מרגישים מה שיהודי בודד מרגיש בקהילה כלשהי. זו המשימה שלנו, ופשוט הצעתי כמחשבה, ולא כביקורת על מה שנעשה עד היום, להעלות את זה מדרגה אחת. את מיטב שירותי הביטחון שלנו הייתי מפעיל גם בעניין הזה, כדי לצלצל בפעמונים ולהדליק אור אדום היכן שצריך להזעיק. ההתפרצות המחודשת של האנטישמיות בשבועות אלו היא, לצערי, דבר קבוע. כשביקשנו להגיש הצעה דחופה לסדר-היום, נשיאות הכנסת לא רצתה בהתחלה להכיר בדחיפות, שהרי היא אומרת שכל שבוע יש דבר כזה, אבל בכל זאת זה דחוף לנו תמיד וכדאי שהכנסת תדון בזה. הדוח המסכם של 1993, שמורה על מה שקורה בעולם, ראוי שיביא אותנו סוף-סוף לצעדים נוספים, ממשיים יותר ודרסטיים יותר, כדי לבער את הנגע. לכן אני מציע לכנסת לדון בנושא במליאתה.",1
14799,"אדוני היושב-ראש, חברי הכנסת, קודם כול אני רוצה לשבח מאוד את חבר הכנסת גדעון שגיא על שנחלץ לעזרת תחנת השידור לעולים רק""ע ועל שהעלה את הנושא במלוא חומרתו וחשף את השערורייה שמלווה את הטיפול של רשות השידור בנושא מתחילתו ועד הנה. אני יכול להעיד, כמי שהיה השר הממונה וכמי שהיה - כמו שאמרת - מיוזמי הקמת התחנה ונאבק הרבה להקמתה, שכל מה שאמר כאן חבר הכנסת שגיא בנאומו הקודם, כשהעלה את הנושא, והיום, הוא אמת ויציב ואיננו מוטעה ואיננו מוגזם - מתנכלים לתחנה באטימות ונוהגים כלפיה בצרות עין וברשעות. אין לי הסבר אחר ליחס המתנכר והמשפיל המתמשך, המלווה את התחנה מראשיתה ועד היום. במקום להתגאות בתחנה שהצליחה ביצירת קשר עם העולים, שאוהדים אותה ומאזינים לה בשקיקה, במקום לחשוב איך לחזק אותה בהיותה מכשיר אדיר לקליטה טובה ולנחיתה רכה של העולים בחברתנו, במקום להרחיב ולהאריך את השידורים המקרבים את העולים לתרבות, לחברה, למורשת שלנו, ומסייעים להם בהתמצאות בחיי היום-יום - במקום כל אלה מחפשים כל הזמן דרכים, תירוצים, תואנות ומענות כדי לצמצם, לסגור ולהציק. חברי הכנסת, כפי שאמר חבר הכנסת שגיא, שידורי רק""ע הם סיפור הצלחה אדיר. כדי להקים אותם נאלצנו להתערב רבות בקרב המחליטים, מפני שאלה המפריעים לה היום - עוד מעט אתייחס למר קירשנבאום ואשבח אותך ואותו על השינוי, אבל צריך לעמוד על המשמר בשינוי הזה - הם שהפריעו לה גם בעבר; אלה שמפריעים היום הפריעו לה גם בעבר. המוני עולים מוצאים בשידור משענת למצוקה שלהם, מזור למכאוב שלהם, מענה לבעיות שלהם. יש צוות מוכשר, כפי שאמרת, אנשי רדיו, תרבות ותקשורת מברית-המועצות לשעבר שהשתלבו ברשת, בנו אותה באהבה, במסירות ובכשרון. רשות שידור, המשדרת בכמה וכמה תחנות ורשתות שעות רבות מאוד, הולכת לגזול את כבשת הרש. לא. כל הסיפורים על משרד הקליטה והסוכנות שהעלית בפעם הקודמת, שאין הסכם לממן זאת, אינם נכונים. אגרת רשות השידור ותקציב המדינה הם שצריכים לממן זאת. חצי מיליון עולים מאזינים לרשת, וזה מצדיק זאת. לא פשוט כל כך למצוא עבודה לעולים, בוודאי לא עבודה מתאימה, ודיור הולם - גם קשה. קליטה חברתית-חינוכית עולה גם כן בייסורים. אם יש רשת המקילה במשהו, הפותחת את שערי המידע בפני העולים, שיש בה דו-סטריות וקשר הדדי עם המאזינים, מדוע לפגוע בה? מספיק עם התירוצים הצולעים. הכנסת צריכה לדחות אותם מכול וכול. אני מאמין - וכתבתי זאת לעצמי לפני שאמרת שהוא כבר הסכים - בהכירי את גישתו, שהמנכ""ל החדש מר קירשנבאום מבין את הצורך והוא לא ייתן את ידו למעל הזה. אני משבח את ההסדר שהגעתם אליו, שהשידורים לא יקוצצו. אבל הכנסת חייבת לתבוע מהממשלה ומרשות השידור למחוק את האיום המתמיד בקיצוץ של שליש מהשידורים ברוסית, ולהוסיף שעות ולא להוריד. יש עוד בעיות רבות שם. צריך להשוות את תנאי העבודה של אנשי הרשת לתנאי העבודה בשידורי ישראל. יש להם תנאים נחותים הרבה יותר, זמניים, עד כמה שאני יודע, או בכל אופן זוכר. צריך להגביר את שעות השידור - והכול על חשבון האגרה והתקציב.

אני אומר זאת. לא כאן נכון לפגוע ולא כאן צריך לקצץ. לא צריך לנגוע ברק""ע ולפגוע בה לרעה. אני רוצה להעלות נקודה אחת שדיברתי אתך עליה, חבר הכנסת שגיא, ונדמה לי שהיא לא עלתה בפעם הקודמת וגם לא עכשיו, שתמיד יש קולות מירושלים להכפיף את רק""ע לאותה מחלקה ברשות השידור העוסקת בשידורים לחוץ-לארץ. גם עכשיו, נדמה לי, עדיין עוסקים בזה, כדי להכפיף אותם אליהם. אנחנו התנגדנו לכך תמיד, גם ועדת הקליטה וגם אני כשהייתי בתפקידי. אני חושב שמאזיני רק""ע הם אזרחי ישראל שנמצאים כאן, והצרכים שלהם שונים לחלוטין מהשיטה שבה אנחנו מסבירים לחוץ-לארץ. אני לא רוצה לפרט. אסור שלרק""ע יהיה טעם של ""מטעם"". כוחה של רק""ע באמון שהיא יוצרת כתחנה חופשית וביקורתית, כמו כל תחנה בעברית. הכנסת צריכה לומר את דברה, שלא יכפיפו את רק""ע לשידורי חוץ-לארץ. זו תחנה ישראלית לעולים, וכזאת עליה להישאר. אדוני היושב-ראש, בידי הכנסת, בתביעתה החד-משמעית, לתבוע מרשות השידור להתחייב בעניין. בידי הכנסת לתבוע, שהאגרה והתקציב הם שיממנו זאת, ואין דבר נכון יותר ומוצדק יותר - לקשור את תמיכתנו בשינוי העמדה השגויה וקצרת-הראות הזאת. כל הכבוד לכנסת, שהיא דנה בנושא. כל הכבוד לחבר הכנסת שגיא, שעלה על דבר נכון. כל הכבוד למר קירשנבאום, שתיקן את העוול. כפי שאמרתי, הקרב הזה, לדעתי ומניסיוני, עוד לא נסגר - לא של השעות, אם הוא הבטיח את השעות הוא בוודאי יקיים, אבל של מעמד ושל אי-הכפפה למי שלא מתאים להכפיף את הרשת אליו. אני גם חושב שבזמנה טיפלה בנושא זה רבות ועדת הקליטה. אני לא יודע אם היא ליוותה עכשיו את העניין הזה. ועדת הקליטה ליוותה בזמנה ארוכות את העניין הזה. הדרישה של הכנסת כולה חייבת להיות חד-משמעית, לחזק את שידורי רק""ע כחלק מהטיפול הנכון שלנו בקליטת העלייה. החלטות רשות השידור הן שגויות, וצריך לסלק אותן אחת ולתמיד ולהוריד את האיום המתמיד שמרחף מעל הרשת הזאת, שהכנסת לא תיתן למישהו לעשות ללעג ולקלס את רצונה והחלטותיה. החלטת הכנסת צריכה להיות במלוא משמעותה - להחזיר את עטרת רק""ע ליושנה ובאותה הזדמנות גם לחזק את מעמדה.",1
15108,"קודם כול, אני מודה ליושבת-ראש ולשר שהסכימו, למרות האיחור, לקיים את הדיון. גברתי היושבת-ראש, אדוני השר, חברי הכנסת, לכל אלה שאינם יכולים להצביע בקלפיות רגילות אנחנו דואגים שיוכלו להצביע.

זה מפני שכשהצעתי את הצעת החוק עוד היתה שנת 1992; כנראה.

גברתי היושבת-ראש, חברי הכנסת, לכל אלה שאינם יכולים להצביע בקלפיות הרגילות, דאגנו שיוכלו להצביע. אם אלה עוברי הימים באוניות הסוחר שלנו, אם אלה דיפלומטים מעבר לימים בארצות נכר, גם לאלה שבבתי-הסוהר אפשרנו להצביע. בצדק גם דאגנו לכך שהצעירים השומרים על ביטחוננו ייקחו חלק בהליך הדמוקרטי של קביעת פני השלטון, והקלפיות מובאות לבסיסיהם. כל זה מצוין. אבל יוצא שבחלשים ביותר אנחנו מזלזלים, אלה שחולים, תשושים, זקנים בבתי-חולים ובבתי-אבות, ומדובר בכמה רבבות בוחרים, נמנע מהם להצביע בתנאים סבירים. רבים רבים מהם מתקשים לנסוע למרחקים כדי להצביע, ואם נציב קלפי בשטח ציבורי מרכזי, במוסדות, נוכל לפתור בזאת את בעייתם. אדוני השר, חברי הכנסת, לא נאה למדינה שהצעירים שלה יביישו את הזקנים שלה ואת החולים שלה, לא יפה שחולים, פצועים, זקנים תישלל מהם בפועל זכות ההצבעה מטעמים שונים ומשונים. אני יודע שההתנגדות להתחשבות בהם ולשימת קלפיות בבתי-אבות ובבתי-חולים נשענת על סיבות של קשיים טכניים וחששות כביכול לעיוות של תוצאות. כל זה לא משכנע, מפני שאפשר למצוא לכך תיקון שיבטיח את טוהר הבחירות ואת היכולת לממש אותן. אבל מה שעומד באמת מאחורי ההתנגדות, מלבד השגרה וההרגל, זה בסופו של דבר הרגל של שנים רבות לזלזל בחולים, בזקנים שאין לובי שדואג להם, ואני משוכנע שאלפי אזרחים, שאפשר שהיו מטים את הכף, הם מנועים מלהצביע מפני שהם חולים וזקנים ותובעים מהם נסיעות שהן מעבר לכוחם. מדינה שמוציאה מאות מיליונים על תהליך הבחירות מסרבת לערוך את עצמה גם עבורם במחיר זול יחסית. גברתי היושבת-ראש, אני מכיר אנשים שהולך להם בחיים להצביע. הם מודעים פוליטית, הם רוצים לקחת חלק בתהליך, הם יודעים מה הם רוצים ובמי הם רוצים, וזה לא עניין של מפלגה אחת. הרי המחלות והזיקנה מתחלקות בכל הזרמים, והדבר מוסיף לסבל שלהם ולתסכול שלהם: הנה הם מושלכים לעת זיקנה ובעת מחלה ככלי אין חפץ בו, ובעצם הם מסולקים מחיינו הציבוריים כאילו אין להם דעה. אדוני השר, חברי הכנסת, יש פה שאלה מוסרית, ערכית, חברתית, יהודית, אנושית, של יחס החברה שלנו לחלש, לחולה, לפצוע, לזקן, לתשוש, לקשיש, לישיש. יש פה גם שאלה דמוקרטית של צדק בבחירות, מתן זכות בחירה שווה לכל אזרח וסיכוי שווה להשפיע לכל אזרח. אני פונה לשר שישקול את העניין. אני פונה לחברי הכנסת, נבחרי העם, להיות להם לפה. גם אם מסיבות שונות מסרבים לזה, ייתן השר אפשרות כדי שהכנסת תוכיח והממשלה תוכיח שהיא קשובה לרחשי לבו של העם, שהיא מבינה ורגישה ללבו. אין צורך להקים מפלגה של חולים, גמלאים וזקנים כדי להעביר החלטה פשוטה וצודקת כזאת. לכן, אני פונה לשר ולכנסת לאשר את הצעת החוק, שעל הפרטים שלה ניתן להידבר בוועדה, על-פי הצעות שמשרד הפנים יציע לקראת הקריאות הבאות. אבל את העיקרון, שניתן אפשרות לזקנים ולחולים להצביע, אני מבקש לאשר בקריאה הטרומית והתרומית הזאת. אני מקווה שהשר ישקול את עמדתו, ומכל מקום הכנסת תיתן סיכוי לעניין בהעבירה את הצעת החוק לדיון בוועדה.

גברתי היושבת-ראש, חברי הכנסת, אני בכל זאת חושב שהממשלה טועה בכך שהיא לא מאפשרת לאוכלוסיות הללו להצביע, בעוד לציבורים שונים חזקים יותר היא כן מאפשרת להצביע. תקלות שעלולות להיגרם בשל מעבר הקלפיות או דברים מהסוג הזה - את זה אפשר להבטיח. זו קריאה טרומית. בוועדה אפשר לדון בכך ולהציע דרכים שיבטיחו את טוהר הבחירות.

לא, רק במקרה שזה מסודר באותו אזור, אבל זה לא הכרחי. גם לא כל אלה שגרים בבית-האבות מצביעים שם, אם הכתובת שלהם היא במקום אחר. לדעתי, כשצריך לאמוד ש-20,000 או 30,000 איש לא יצביעו, ומצד שני החשש שמא אחדים הם לא נורמלים - מה שהשר אמר כאן - אני חושב שזה לא מכריע.

ברוב בתי-האבות אין קלפיות. רק במקרה יכולה להיות קלפי. לכן, אתם מונעים מ-10,000 או מ-20,000 איש להצביע.",1
15576,"גברתי היושבת-ראש, חברי הכנסת, הדבר הכי חמור שקורה עכשיו בתהליך המדיני הוא, לדעתי, החתירה הגלויה של שרים בממשלה לתת לגיטימציה ליאסר ערפאת, לתת לגיטימציה למדינה הפלשתינית, לתת לגיטימציה לירידה מן הגולן ולהעביר מסרים סמויים שגם בעניין ירושלים יש על מה לדבר, אבל בסיבוב הבא.

וחברי הכנסת, כפי שזה בא כאן לידי ביטוי היום, נושפים בעורפם, ולפי האופנה האחרונה, גם מוציאים את השרים מן הארון.

אני פשוט לא שמעתי מה שאמרת.

אה, מפני שאמרתי ""אופנה""?

כל אלה הם תוצאה של הרכב הממשלה הזאת, שהקים מר רבין, אבל גם של המדיניות שהיא נוקטת. רבין קיבל תמיכה בעם מפני שהוא ייצג קו מרכזי. הוא לא היה מקבל אותה תמיכה - הוא היה מקבל תמיכה, אבל לא אותה תמיכה - לו ידעו חלק מהמצביעים שהממשלה שלו תהיה כל כך שמאלנית ומגמותיה כל כך מרחיקות לכת. הם נתנו לבוחריהם, כמו אלה מהגולן, לטעות.

המסרים שמעבירים שרים בממשלה על הנכונות שלהם לוותר יותר ""כדי להזיז את עגלת המשא-ומתן"" מעלים את הציפיות של הצד שכנגד ואת הדרישות שלו. אם במדריד הם היו מוכנים לגנוז או להדחיק את התביעות המלאות שלהם, מפני שהם ידעו שעליהם להתרכז בהשגת האוטונומיה מבחינתם, הרי עכשיו, כשהם מרגישים שניתנת להם על-ידי הממשלה הזאת מדינה ביהודה, בשומרון ובעזה, הם כבר תובעים, כמובן, את ירושלים עכשיו. חברי הכנסת, ראש הממשלה מסרב לדבר עם אש""ף-תוניס. ישראל מסכימה עם ארצות-הברית שהיא לא תיזום הידברות אתם, אבל שר בממשלה, בתיווך של הטלוויזיה הישראלית, מזמין את העוזר של ערפאת לבקר בתל-אביב, לא בירושלים. נותרה לו רק הבעיה של הוויזה, איפה הוא יקבל אותה? אחרים במשרד החוץ מנהלים, כך אומרים, משא-ומתן עם אש""ף-תוניס בתיווך מצרי, ושרים שמסכימים עם כל מי שאומרים שישראל היא זאת שצריכה לשפר את עצמה מבחינת זכויות האזרח, לא מפריעה להם הרמה המוסרית של מי שאחראי לרציחה של פלשתינים, יהודים, ישראלים. הם אומרים: זה האויב, ואתו צריך להסתדר. זה לא נכון. אנחנו קבענו להיפגש עם האויב - זה שיושב ביהודה, בשומרון ובעזה, ואתו להידבר. הם רוצים לחייב אותנו להיפגש דווקא עם אלה שעוד לא מחקו מהאמנה הפלשתינית שלהם את האמירה שצריך להשמיד אותנו. הם מתעקשים להיפגש עם אלה שבעצם הווייתם מהווים את הייצוג של הפזורה הפלשתינית, היינו: תובעים קודם כול את זכות השיבה, וגם אם יגידו לנו, שהשיבה הזאת היא לא ליפו או לחיפה, הכוונה של מיליון וחצי מחוסרי דרכונים ואזרחים לבוא אלינו, והם יהיו סיר רותח וקלחת מבעבעת ומקור טרור שימרר את חיינו, והם מזמינים אותם. הם אומרים שערפאת הוא בעל הבית ביהודה, בשומרון ובעזה, ולא אלה שמתדיינים אתנו בוושינגטון. בזה לא רק שאתם מורידים את יכולת הדיון של אלה המתדיינים אתכם, מפני שאומרים שהם לא שווים, הם לא יכולים לדון אתנו, אלא אני אומר שזה גם לא נכון. גם לדידכם הם נציגים של אש""ף בשטחים, הם אלה שמשפיעים בשטחים. הם נמצאים שם. ואש""ף-תוניס לא משפיע על ה""חמאס"" ועל כולם באמצעות נציגיו במקום? ראש הממשלה רבין צריך להשיב לנו בישרות ובישירות, ולא על-ידי שליח, האם כל הצעדים האלה מקובלים עליו, והאם הם על דעתו, והאם זו המדיניות שבשמה הוא הלך לבחירות ועליה הוא קיבל מנדט. גברתי היושבת-ראש, אין פלא שבטיפול שכזה הגענו מייד לתביעה ערבית על ירושלים. כדי לרצות את האוזן שלנו, הם אומרים: כן, מדובר על עיר מאוחדת, אבל מוסיפים: בירת שני עמים, פלשתין וישראל. משיחות מדריד התעשתו והתנערו. הם יודעים שיש להם עכשיו עסק עם ממשלה שרבים משריה מדברים בגלוי, כפי שהדבר התבטא כאן היום, על מדינה פלשתינית, על הכרה באש""ף-תוניס וגם על כך שבשלב השני ידובר על ירושלים. ותמורת הוויתור על העז של ירושלים, שהפלשתינים העלו, קיבלו חישוקים לתביעה שלהם על מדינה פלשתינית בסוף התהליך שיבוא. משא-ומתן באופן שכזה, מבחינת ההיגיון המזרח-תיכוני, מוליך לכך שנתקפל באופן גמור ממה שהושג מאז 1948, שלא לדבר על התוכניות המדוברות, עד 1947. ואני שואל את ראש הממשלה שלוש שאלות, ואני חושב שהכנסת זכאית לקבל תשובה עליהן.

עם כל הכבוד לשר הבריאות, הוא באמת לא יכול לתת את התשובה שראש הממשלה חייב לתת לכנסת. לכן אני אעשה את זה בצורת שאילתא לראש הממשלה.

אבל הוא לא ידע מה אני אשאל. עכשיו הוא ידע.

לא, תיתני לי לדבר כמו לאחרים. לאחרים נתנו לסיים את דבריהם.

אני מאוד מודה לשר הבריאות. אני כבר מסיים, אבל תני לי לסיים, בבקשה.

1. האם המשא-ומתן המקביל, המנוהל עם אש""ף-תוניס, הוא על דעתו ובשמו של ראש הממשלה? האם זה הקו של ממשלת ישראל? האם זה המנדט שקיבלתם?

האם המשא-ומתן המקביל, שמנוהל עם אש""ף-תוניס, אולי בתיווך מצרי, אינני יודע, הוא על דעת ראש הממשלה ובשמו? האם זה הקו של ממשלת ישראל? האם זה המנדט שקיבלתם? 2. האם ההזמנה של עוזרו של ערפאת לישראל, בתיווך הטלוויזיה, היא על דעת ראש הממשלה וזאת המדיניות של ממשלת ישראל, והאם קיבלתם על זה מנדט? 3. האם אתה לא מתכוון לעשות סדר בממשלה ולמנוע התפרעות כזאת של שרים שמנהלים משא-ומתן, בגלוי ובסתר, שלא על-פי מדיניות ראש הממשלה, אם היא לא כזאת? חברי הכנסת, המסמך מ-12 במאי הוא גרוע, מפני שנאמר בו שהסכמנו לשלמות טריטוריאלית של האוטונומיה, שפירושה חזרה לקווי 1967. המסמך האמריקני החדש, שרבים משרי ישראל משדרים פומבית כל הזמן שהם מבקשים יותר התערבות, יותר תכתיב אמריקני, הוא גם גרוע, שהרי נוסף על השלמות הטריטוריאלית הזאת הוא קובע במשמע, שעניין ירושלים ייתוסף בעתיד. לא פלא שראש הממשלה לא קיבל אותו.

אני מסיים. חבל שלא היית כאן קודם. אני לא יודע למה צריך להפלות בין חברי כנסת כשמתחלפים יושבי-ראש.

אולי הם לא מאותן מפלגות, או משהו כזה.

אני מבקש שתיתני לי לסיים.

אבל איך אני יכול שלא לראות בזה אפליה, אם אחרים דיברו כפי שהם רצו?

בסדר. אני לא מתפלא שלפי ההתנהגות של שרינו הלחוצים, הפלשתינים לא קיבלו את המסמך הזה, מפני שהם מקווים לקבל יותר טוב. יש כרסום במעמד ירושלים בגלל ההתנהגות הזאת. אין תקווה שארצות-הברית תיתן לנו מסמך קרוב לעמדותינו, כאשר יודעים שאנחנו כל הזמן זזים, והצד השני עומד כל הזמן על שלו. לכן אני אומר, שצריך לשאול את הממשלה, מה קרה לקווים האדומים של ראש הממשלה, שהיו ברורים עד עכשיו, והכנסת זכאית וחייבת לקבל תשובה על השאלות האלו, וכפי שאמרתי, היום - משר הבריאות, אבל בקרוב מאוד - מראש הממשלה עצמו.",4
15794,"גברתי היושבת-ראש, חברי הכנסת, הדבר הכי חמור שקורה עכשיו בתהליך המדיני הוא, לדעתי, החתירה הגלויה של שרים בממשלה לתת לגיטימציה ליאסר ערפאת, לתת לגיטימציה למדינה הפלשתינית, לתת לגיטימציה לירידה מן הגולן ולהעביר מסרים סמויים שגם בעניין ירושלים יש על מה לדבר, אבל בסיבוב הבא.

וחברי הכנסת, כפי שזה בא כאן לידי ביטוי היום, נושפים בעורפם, ולפי האופנה האחרונה, גם מוציאים את השרים מן הארון.

אני פשוט לא שמעתי מה שאמרת.

כל אלה הם תוצאה של הרכב הממשלה הזאת, שהקים מר רבין, אבל גם של המדיניות שהיא נוקטת. רבין קיבל תמיכה בעם מפני שהוא ייצג קו מרכזי. הוא לא היה מקבל אותה תמיכה – הוא היה מקבל תמיכה, אבל לא אותה תמיכה – לו ידעו חלק מהמצביעים שהממשלה שלו תהיה כל כך שמאלנית ומגמותיה כל כך מרחיקות לכת. הם נתנו לבוחריהם, כמו אלה מהגולן, לטעות.

המסרים שמעבירים שרים בממשלה על הנכונות שלהם לוותר יותר ""כדי להזיז את עגלת המשא-ומתן"" מעלים את הציפיות של הצד שכנגד ואת הדרישות שלו. אם במדריד הם היו מוכנים לגנוז או להדחיק את התביעות המלאות שלהם, מפני שהם ידעו שעליהם להתרכז בהשגת האוטונומיה מבחינתם, הרי עכשיו, כשהם מרגישים שניתנת להם על-ידי הממשלה הזאת מדינה ביהודה, בשומרון ובעזה, הם כבר תובעים, כמובן, את ירושלים עכשיו. חברי הכנסת, ראש הממשלה מסרב לדבר עם אש""ף-תוניס. ישראל מסכימה עם ארצות-הברית שהיא לא תיזום הידברות אתם, אבל שר בממשלה, בתיווך של הטלוויזיה הישראלית, מזמין את העוזר של ערפאת לבקר בתל-אביב, לא בירושלים. נותרה לו רק הבעיה של הוויזה, איפה הוא יקבל אותה? אחרים במשרד החוץ מנהלים, כך אומרים, משא-ומתן עם אש""ף-תוניס בתיווך מצרי, ושרים שמסכימים עם כל מי שאומרים שישראל היא זאת שצריכה לשפר את עצמה מבחינת זכויות האזרח, לא מפריעה להם הרמה המוסרית של מי שאחראי לרציחה של פלשתינים, יהודים, ישראלים. הם אומרים: זה האויב, ואתו צריך להסתדר. זה לא נכון. אנחנו קבענו להיפגש עם האויב – זה שיושב ביהודה, בשומרון ובעזה, ואתו להידבר. הם רוצים לחייב אותנו להיפגש דווקא עם אלה שעוד לא מחקו מהאמנה הפלשתינית שלהם את האמירה שצריך להשמיד אותנו. הם מתעקשים להיפגש עם אלה שבעצם הווייתם מהווים את הייצוג של הפזורה הפלשתינית, היינו: תובעים קודם כול את זכות השיבה, וגם אם יגידו לנו, שהשיבה הזאת היא לא ליפו או לחיפה, הכוונה של מיליון וחצי מחוסרי דרכונים ואזרחים לבוא אלינו, והם יהיו סיר רותח וקלחת מבעבעת ומקור טרור שימרר את חיינו, והם מזמינים אותם. הם אומרים שערפאת הוא בעל הבית ביהודה, בשומרון ובעזה, ולא אלה שמתדיינים אתנו בוושינגטון. בזה לא רק שאתם מורידים את יכולת הדיון של אלה המתדיינים אתכם, מפני שאומרים שהם לא שווים, הם לא יכולים לדון אתנו, אלא אני אומר שזה גם לא נכון. גם לדידכם הם נציגים של אש""ף בשטחים, הם אלה שמשפיעים בשטחים. הם נמצאים שם. ואש""ף-תוניס לא משפיע על ה""חמאס"" ועל כולם באמצעות נציגיו במקום? ראש הממשלה רבין צריך להשיב לנו בישרות ובישירות, ולא על-ידי שליח, האם כל הצעדים האלה מקובלים עליו, והאם הם על דעתו, והאם זו המדיניות שבשמה הוא הלך לבחירות ועליה הוא קיבל מנדט. גברתי היושבת-ראש, אין פלא שבטיפול שכזה הגענו מייד לתביעה ערבית על ירושלים. כדי לרצות את האוזן שלנו, הם אומרים: כן, מדובר על עיר מאוחדת, אבל מוסיפים: בירת שני עמים, פלשתין וישראל. משיחות מדריד התעשתו והתנערו. הם יודעים שיש להם עכשיו עסק עם ממשלה שרבים משריה מדברים בגלוי, כפי שהדבר התבטא כאן היום, על מדינה פלשתינית, על הכרה באש""ף-תוניס וגם על כך שבשלב השני ידובר על ירושלים. ותמורת הוויתור על העז של ירושלים, שהפלשתינים העלו, קיבלו חישוקים לתביעה שלהם על מדינה פלשתינית בסוף התהליך שיבוא. משא-ומתן באופן שכזה, מבחינת ההיגיון המזרח-תיכוני, מוליך לכך שנתקפל באופן גמור ממה שהושג מאז 1948, שלא לדבר על התוכניות המדוברות, עד 1947. ואני שואל את ראש הממשלה שלוש שאלות, ואני חושב שהכנסת זכאית לקבל תשובה עליהן.

עם כל הכבוד לשר הבריאות, הוא באמת לא יכול לתת את התשובה שראש הממשלה חייב לתת לכנסת. לכן אני אעשה את זה בצורת שאילתא לראש הממשלה.

אבל הוא לא ידע מה אני אשאל. עכשיו הוא ידע.

לא, תיתני לי לדבר כמו לאחרים. לאחרים נתנו לסיים את דבריהם.

אני מאוד מודה לשר הבריאות. אני כבר מסיים, אבל תני לי לסיים, בבקשה.

1. האם המשא-ומתן המקביל, המנוהל עם אש""ף-תוניס, הוא על דעתו ובשמו של ראש הממשלה? האם זה הקו של ממשלת ישראל? האם זה המנדט שקיבלתם?

האם המשא-ומתן המקביל, שמנוהל עם אש""ף-תוניס, אולי בתיווך מצרי, אינני יודע, הוא על דעת ראש הממשלה ובשמו? האם זה הקו של ממשלת ישראל? האם זה המנדט שקיבלתם? 2. האם ההזמנה של עוזרו של ערפאת לישראל, בתיווך הטלוויזיה, היא על דעת ראש הממשלה וזאת המדיניות של ממשלת ישראל, והאם קיבלתם על זה מנדט? 3. האם אתה לא מתכוון לעשות סדר בממשלה ולמנוע התפרעות כזאת של שרים שמנהלים משא-ומתן, בגלוי ובסתר, שלא על-פי מדיניות ראש הממשלה, אם היא לא כזאת? חברי הכנסת, המסמך מ-12 במאי הוא גרוע, מפני שנאמר בו שהסכמנו לשלמות טריטוריאלית של האוטונומיה, שפירושה חזרה לקווי 1967. המסמך האמריקני החדש, שרבים משרי ישראל משדרים פומבית כל הזמן שהם מבקשים יותר התערבות, יותר תכתיב אמריקני, הוא גם גרוע, שהרי נוסף על השלמות הטריטוריאלית הזאת הוא קובע במשמע, שעניין ירושלים ייתוסף בעתיד. לא פלא שראש הממשלה לא קיבל אותו.

אני מסיים. חבל שלא היית כאן קודם. אני לא יודע למה צריך להפלות בין חברי כנסת כשמתחלפים יושבי-ראש.

אולי הם לא מאותן מפלגות, או משהו כזה.

אני מבקש שתיתני לי לסיים.

אבל איך אני יכול שלא לראות בזה אפליה, אם אחרים דיברו כפי שהם רצו?

בסדר. אני לא מתפלא שלפי ההתנהגות של שרינו הלחוצים, הפלשתינים לא קיבלו את המסמך הזה, מפני שהם מקווים לקבל יותר טוב. יש כרסום במעמד ירושלים בגלל ההתנהגות הזאת. אין תקווה שארצות-הברית תיתן לנו מסמך קרוב לעמדותינו, כאשר יודעים שאנחנו כל הזמן זזים, והצד השני עומד כל הזמן על שלו. לכן אני אומר, שצריך לשאול את הממשלה, מה קרה לקווים האדומים של ראש הממשלה, שהיו ברורים עד עכשיו, והכנסת זכאית וחייבת לקבל תשובה על השאלות האלו, וכפי שאמרתי, היום – משר הבריאות, אבל בקרוב מאוד – מראש הממשלה עצמו.",4
16597,"אדוני היושב-ראש, אדוני השר, אני מציע לשר, ואני אומר את זה בזהירות, לבדוק את הדברים בעצמו. אני לא יודע אם הוא יכול להספיק בתוך זמן קצר כל כך לבדוק אותם בעצמו. השר אומר, שבתוך שניות מתה האשה ובתוך דקות הגיעה הרופאה. העדויות האחרות, של מי שהיו שם, של אנשים תמימים, לא ציניים, שלא קשורים כלל במאבק על מגן-דוד-אדום, אומרות אחרת. אומרת אשה: אני החזקתי אותה 20 עד 30 דקות ביד, חיה. יש פה משהו ששווה באיזה מקום בדיקה. השר אומר: יש אמבולנס אחד. בכל העיתונים היה כתוב שיש שלושה, רק לא היו נהגים ואין תורנים ואין מתנדבים כשסוגרים מוקד וכדומה. כיוון שמגן-דוד-אדום הוא המופקד על חיי אדם בזמן חירום, ואין משהו אחר כמעט שיכול להציל בני אדם שחייהם תלויים להם מנגד ותלויים בשאלה אם יימצא מהר פתרון או לא יימצא פתרון, אני אומר לשר: שווה לבדוק מחדש את המדיניות ואת הביצוע של ביטול מוקדים של מגן-דוד-אדום במקומות קריטיים. האם אתה מוכן לבדוק את זה שוב?

באילו יישובים אומרים כך?",1
16605,"אדוני היושב-ראש, אדוני השר, אני מציע לשר, ואני אומר את זה בזהירות, לבדוק את הדברים בעצמו. אני לא יודע אם הוא יכול להספיק בתוך זמן קצר כל כך לבדוק אותם בעצמו. השר אומר, שבתוך שניות מתה האשה ובתוך דקות הגיעה הרופאה. העדויות האחרות, של מי שהיו שם, של אנשים תמימים, לא ציניים, שלא קשורים כלל במאבק על מגן-דוד-אדום, אומרות אחרת. אומרת אשה: אני החזקתי אותה 20 עד 30 דקות ביד, חיה. יש פה משהו ששווה באיזה מקום בדיקה. השר אומר: יש אמבולנס אחד. בכל העיתונים היה כתוב שיש שלושה, רק לא היו נהגים ואין תורנים ואין מתנדבים כשסוגרים מוקד וכדומה. כיוון שמגן-דוד-אדום הוא המופקד על חיי אדם בזמן חירום, ואין משהו אחר כמעט שיכול להציל בני אדם שחייהם תלויים להם מנגד ותלויים בשאלה אם יימצא מהר פתרון או לא יימצא פתרון, אני אומר לשר: שווה לבדוק מחדש את המדיניות ואת הביצוע של ביטול מוקדים של מגן-דוד-אדום במקומות קריטיים. האם אתה מוכן לבדוק את זה שוב?",1
16785,"אדוני היושב-ראש, חברי הכנסת, חיילי צה""ל במלחמה, יישובי הצפון תחת ""קטיושות"". היתה זו הכרעה אמיצה של הממשלה לחלץ את הצפון מהטרור. יש לברך את הממשלה על ההחלטה ולתת לה גיבוי, בעיקר כשעולים מתוך הממשלה קולות שאינם נותנים לה גיבוי. לגיטימי לגמרי שיהיה ויכוח בממשלה. חמור מאוד שהוויכוח הזה מוצג ביום הראשון וביום השני למלחמה, לעיני כול ולאוזני כול, בטלוויזיה ובתקשורת, על-ידי שרי ממשלה ונציגי הקואליציה. למשל, כששר אומר: אני הצבעתי נגד, והוא מעיד על עצמו באותה הזדמנות שהוא אדם חכם, ומוסיף ואומר: אני מקווה שההערכות שלי יתבדו. או כשמפלגה קואליציונית מתכנסת, כך היה אתמול, ומחליטה נגד החלטת הממשלה - מה צריך החייל בצה""ל ומה צריך האויב להבין מכך? האם זה לא פוגע בסיכויי המלחמה? כאשר אנשי השמאל הפגינו בשבוע שעבר לוויתור על ירושלים, וכאשר הם קוראים השבוע להפגנה נגד המבצע בלבנון - אין לנו ברירה, גם בהיותנו באופוזיציה, אלא לתת גיבוי לממשלה, למהלך ולצדקתו. אדוני היושב-ראש, ברור שצה""ל לא יסמוך רק על סוריה שתעצור את ה""חיזב-אללה"", אלא יעשה מה שצריך כדי שהגליל לא ייפגע וכדי שאזור הביטחון לא יתמוטט, גם כדי שהמשא-ומתן המדיני שלנו לא יתקיים תחת לחץ, כשתושבי קריית-שמונה, מטולה, נהרייה ויישובי הצפון האחרים סובלים במקלטים ומקיזים דם. אין לנו שום רצון לשלוט בשטחי לבנון ועל אזרחיה, אלא רק להשיב את המצב לקדמותו, ולא כפי שדרדרו אותו ה""חיזב-אללה"" לסבלם של אזרחי ישראל ושל אזרחי לבנון. נחוץ שיהיה לנו בסוף המבצע הסכם, גם בלתי כתוב, מכל מקום - הבנה ומציאות של שקט וביטחון לצפון המדינה, ללא ""קטיושות"", ללא טרור.

חברי הכנסת, לסורים נוח לנהל משא-ומתן כשהם יורים בנו באמצעות ה""חיזב-אללה"". לכן, לא פלא שהם פוסלים במומם כאשר הם טוענים עכשיו נגדנו, שכל מטרתנו במבצע הזה היא לשפר את מעמדנו במשא-ומתן. לנו אסור להסכים לכך. עלינו לתבוע מסוריה שהמשא-ומתן בינינו לא יהיה תחת לחץ טרור שבחסותם. לכן חיוני שהמבצע יסתיים בכך שיעדיו יושגו, ולא שנקרא לו באיזה שם אחר ונסתלק משם. אחרת מצבנו לא יישאר במקום, אלא יוסג לאחור, חס ושלום. כמו כן, אסור שהתוצאה של המבצע תהיה שהאוכלוסייה ברחה, ועלינו מוטל איסור להיכנס אפילו זמנית ונקודתית כדי לפגוע ב""חיזב-אללה"", מפני שלזה מרצ לא מסכימה. חברי הכנסת, אסור שה""קטיושות"" ימשיכו ליפול על הגליל ואחינו בגליל העליון והמערבי יהיו ספונים במקלטים בהתשה בלתי אפשרית, והאויב ישגר ויטפטף ""קטיושות"", והמשא-והמתן המדיני יהיה תחת לחץ טרור. צריך שחיינו בצפון יהיו נורמליים כמו בתל-אביב. צריך שהמשא-והמתן המדיני יתנהל כשידינו ואזרחינו חופשיים. אסור לנהל אותו תחת טרור ו""קטיושות"". מצב מאות אלפי האזרחים הלבנונים קשה, ואנו תקווה שממשלות לבנון וסוריה יסייעו בפתרון הבעיה. הרי באמת, סוריה ולבנון שולטות בלבנון, והן מסוגלות למנוע את הטרור הזה כלפי היישובים שלנו וכלפי אזור הביטחון. הן נושאות באחריות.

זאת הבעיה של השליטה שלהם, הקטע הזה של הגנה על הצפון?

חברי הכנסת, הריצה לתוניס וניהול המשא-ומתן המקביל והאחר של חלק מחברי הממשלה והקואליציה עם אש""ף-תוניס וערפאת, כל עוד מנהלים טרור נגדנו, הוא חמור ומאפיין את הממשלה הזאת, שההרכב שלה מכתיב זאת. וזה תסריט שיכול היה להיות ידוע מראש. יש אפילו איפה ואיפה כאשר אומרים שהטרור של ה""חיזב-אללה"", כפי שאומר פה נציג מרצ, הטרור של ""חיזב-אללה"" הוא בר-עונשין, אבל מובלע שהטרור של ""פתח"" הוא מוגן. ומי אומר לאש""ף שהוא בר-שיח רצוי, על אף הטרור שהוא מנהל? ארצות-הברית מבינה זאת, אבל עד מתי תהיה היא צדקת יותר מאתנו? מה צריכה סוריה להבין מכך? שטרור ומשא-ומתן יחד - לגיטימי לממשלה הזאת; אפשר לנהל משא-ומתן מדיני נחות תחת לחץ וטרור.

אני עונה לך בלי התרסה. יש פה שתי נקודות: נקודה אחת, כאשר אתה בא לדבר ישירות עם אש""ף-תוניס-""פתח"", ואני דיברתי עכשיו על החברים שהולכים לדבר ישירות. אמרתי שאותו דבר עושה עכשיו הממשלה בצפון, כשהיא אומרת לסורים: אני לא מסכימה שאתם תירו בנו דרך ה""חיזב-אללה"". זה מה שאמרתי, ואני עומד מאחורי הדברים האלה. אני אומר שאפשר לנהל משא-ומתן מדיני נחות תחת לחץ וטרור, אך אפשר וצריך להגיע למצב אחר, שהרי סוריה והפלשתינים מעוניינים בשלום וצריכים אותו לא פחות מאתנו. כפי שהבינה הממשלה שאי-אפשר לנהל משא-ומתן תחת לחץ ""קטיושות"" בצפון, כך עליה לנהוג כלפי הטרור של ""פתח"", ולא לתת לשמאל שבתוכה לכוון משא-ומתן עם אש""ף-תוניס, שמפעיל נגדנו טרור בחלקים אחרים של הארץ וגם בצפון. אדוני היושב-ראש, אני רוצה לסיים את דברי ולצפות שהממשלה וצה""ל, על המפקדים והחיילים, יצליחו במלחמה הצודקת שלהם, במלחמה בארגוני הטרור. אני רוצה לברך את אחינו בצפון ולחזק את רוחם, לנחם את משפחות הנופלים, חיילים ואזרחים, ולאחל רפואה שלמה לפצועים. אנחנו מצפים שנשיג את היעדים שהוכרזו במלחמה הזאת. אנו מצפים גם שיפיקו את הלקח, שהמדינה לא מוכנה לדבר תחת טרור, ואלה שמבינים את זה לגבי ה""חיזב-אללה"", יבינו את זה גם לגבי כל מי שמפעיל טרור נגדנו, לרבות הפלשתינים.",1
17007,"אדוני היושב-ראש, חברי הכנסת, חיילי צה""ל במלחמה, יישובי הצפון תחת ""קטיושות"". היתה זו הכרעה אמיצה של הממשלה לחלץ את הצפון מהטרור. יש לברך את הממשלה על ההחלטה ולתת לה גיבוי, בעיקר כשעולים מתוך הממשלה קולות שאינם נותנים לה גיבוי. לגיטימי לגמרי שיהיה ויכוח בממשלה. חמור מאוד שהוויכוח הזה מוצג ביום הראשון וביום השני למלחמה, לעיני כול ולאוזני כול, בטלוויזיה ובתקשורת, על-ידי שרי ממשלה ונציגי הקואליציה. למשל, כששר אומר: אני הצבעתי נגד, והוא מעיד על עצמו באותה הזדמנות שהוא אדם חכם, ומוסיף ואומר: אני מקווה שההערכות שלי יתבדו. או כשמפלגה קואליציונית מתכנסת, כך היה אתמול, ומחליטה נגד החלטת הממשלה – מה צריך החייל בצה""ל ומה צריך האויב להבין מכך? האם זה לא פוגע בסיכויי המלחמה? כאשר אנשי השמאל הפגינו בשבוע שעבר לוויתור על ירושלים, וכאשר הם קוראים השבוע להפגנה נגד המבצע בלבנון – אין לנו ברירה, גם בהיותנו באופוזיציה, אלא לתת גיבוי לממשלה, למהלך ולצדקתו. אדוני היושב-ראש, ברור שצה""ל לא יסמוך רק על סוריה שתעצור את ה""חיזב-אללה"", אלא יעשה מה שצריך כדי שהגליל לא ייפגע וכדי שאזור הביטחון לא יתמוטט, גם כדי שהמשא-ומתן המדיני שלנו לא יתקיים תחת לחץ, כשתושבי קריית-שמונה, מטולה, נהרייה ויישובי הצפון האחרים סובלים במקלטים ומקיזים דם. אין לנו שום רצון לשלוט בשטחי לבנון ועל אזרחיה, אלא רק להשיב את המצב לקדמותו, ולא כפי שדרדרו אותו ה""חיזב-אללה"" לסבלם של אזרחי ישראל ושל אזרחי לבנון. נחוץ שיהיה לנו בסוף המבצע הסכם, גם בלתי כתוב, מכל מקום – הבנה ומציאות של שקט וביטחון לצפון המדינה, ללא ""קטיושות"", ללא טרור.

חברי הכנסת, לסורים נוח לנהל משא-ומתן כשהם יורים בנו באמצעות ה""חיזב-אללה"". לכן, לא פלא שהם פוסלים במומם כאשר הם טוענים עכשיו נגדנו, שכל מטרתנו במבצע הזה היא לשפר את מעמדנו במשא-ומתן. לנו אסור להסכים לכך. עלינו לתבוע מסוריה שהמשא-ומתן בינינו לא יהיה תחת לחץ טרור שבחסותם. לכן חיוני שהמבצע יסתיים בכך שיעדיו יושגו, ולא שנקרא לו באיזה שם אחר ונסתלק משם. אחרת מצבנו לא יישאר במקום, אלא יוסג לאחור, חס ושלום. כמו כן, אסור שהתוצאה של המבצע תהיה שהאוכלוסייה ברחה, ועלינו מוטל איסור להיכנס אפילו זמנית ונקודתית כדי לפגוע ב""חיזב-אללה"", מפני שלזה מרצ לא מסכימה. חברי הכנסת, אסור שה""קטיושות"" ימשיכו ליפול על הגליל ואחינו בגליל העליון והמערבי יהיו ספונים במקלטים בהתשה בלתי אפשרית, והאויב ישגר ויטפטף ""קטיושות"", והמשא-והמתן המדיני יהיה תחת לחץ טרור. צריך שחיינו בצפון יהיו נורמליים כמו בתל-אביב. צריך שהמשא-והמתן המדיני יתנהל כשידינו ואזרחינו חופשיים. אסור לנהל אותו תחת טרור ו""קטיושות"". מצב מאות אלפי האזרחים הלבנונים קשה, ואנו תקווה שממשלות לבנון וסוריה יסייעו בפתרון הבעיה. הרי באמת, סוריה ולבנון שולטות בלבנון, והן מסוגלות למנוע את הטרור הזה כלפי היישובים שלנו וכלפי אזור הביטחון. הן נושאות באחריות.

זאת הבעיה של השליטה שלהם, הקטע הזה של הגנה על הצפון?

חברי הכנסת, הריצה לתוניס וניהול המשא-ומתן המקביל והאחר של חלק מחברי הממשלה והקואליציה עם אש""ף-תוניס וערפאת, כל עוד מנהלים טרור נגדנו, הוא חמור ומאפיין את הממשלה הזאת, שההרכב שלה מכתיב זאת. וזה תסריט שיכול היה להיות ידוע מראש. יש אפילו איפה ואיפה כאשר אומרים שהטרור של ה""חיזב-אללה"", כפי שאומר פה נציג מרצ, הטרור של ""חיזב-אללה"" הוא בר-עונשין, אבל מובלע שהטרור של ""פתח"" הוא מוגן. ומי אומר לאש""ף שהוא בר-שיח רצוי, על אף הטרור שהוא מנהל? ארצות-הברית מבינה זאת, אבל עד מתי תהיה היא צדקת יותר מאתנו? מה צריכה סוריה להבין מכך? שטרור ומשא-ומתן יחד – לגיטימי לממשלה הזאת; אפשר לנהל משא-ומתן מדיני נחות תחת לחץ וטרור.

אני עונה לך בלי התרסה. יש פה שתי נקודות: נקודה אחת, כאשר אתה בא לדבר ישירות עם אש""ף-תוניס–""פתח"", ואני דיברתי עכשיו על החברים שהולכים לדבר ישירות. אמרתי שאותו דבר עושה עכשיו הממשלה בצפון, כשהיא אומרת לסורים: אני לא מסכימה שאתם תירו בנו דרך ה""חיזב-אללה"". זה מה שאמרתי, ואני עומד מאחורי הדברים האלה. אני אומר שאפשר לנהל משא-ומתן מדיני נחות תחת לחץ וטרור, אך אפשר וצריך להגיע למצב אחר, שהרי סוריה והפלשתינים מעוניינים בשלום וצריכים אותו לא פחות מאתנו. כפי שהבינה הממשלה שאי-אפשר לנהל משא-ומתן תחת לחץ ""קטיושות"" בצפון, כך עליה לנהוג כלפי הטרור של ""פתח"", ולא לתת לשמאל שבתוכה לכוון משא-ומתן עם אש""ף-תוניס, שמפעיל נגדנו טרור בחלקים אחרים של הארץ וגם בצפון. אדוני היושב-ראש, אני רוצה לסיים את דברי ולצפות שהממשלה וצה""ל, על המפקדים והחיילים, יצליחו במלחמה הצודקת שלהם, במלחמה בארגוני הטרור. אני רוצה לברך את אחינו בצפון ולחזק את רוחם, לנחם את משפחות הנופלים, חיילים ואזרחים, ולאחל רפואה שלמה לפצועים. אנחנו מצפים שנשיג את היעדים שהוכרזו במלחמה הזאת. אנו מצפים גם שיפיקו את הלקח, שהמדינה לא מוכנה לדבר תחת טרור, ואלה שמבינים את זה לגבי ה""חיזב-אללה"", יבינו את זה גם לגבי כל מי שמפעיל טרור נגדנו, לרבות הפלשתינים.",1
18649,"אז הייתי קטן? כבר היינו שרים.

אדוני היושב-ראש, חברי הכנסת, יש לנו ויכוח אידיאולוגי עם הממשלה הזאת על הקו השמאלני שלה, על הגישה שלה למדינת ישראל כמדינה יהודית ועל עמדתה באשר לארץ-ישראל. מההכרה ההדדית עם אש""ף משתמע, שלשני העמים יש זכות שווה בארץ הזאת. אני אומר שיש בכך כפירה במה שמדינת ישראל אמרה עד עכשיו. הוזכר כאן התנ""ך, אני אזכיר 4,000 שנות היסטוריה שלנו, ואני רוצה להזכיר גם את התנועה הציונית. גם כאשר מטעמים פרגמטיים אולצנו לוותר, לא עשינו את זה במישור האידיאי ההכרתי. כשהממשלה מכירה באש""ף, משתמעת בהכרח הזכות שלו למדינה ריבונית, שהרי זה עצם מהותו וזאת כל תורתו של אש""ף, שזכותו עדיפה על שלנו בארץ הזאת. עכשיו כשהממשלה עשתה את זה, לא יישאר גם המינימום ההכרחי, ואנחנו חולקים על הממשלה כיוון שאנחנו רוצים בהסכם שלום שאין בו כזב. שלום אמת הוא חיוני, ושלום שולל הוא מסוכן.

לא, לא. טועים אלה שטוענים מימין ומשמאל שההסכם הנוכחי הוא המשך מתרחב והכרחי של ההסכמות הקודמות שהיו בקמפ-דייוויד ובמדריד. אין פה רצף והמשכיות, יש פה סיפור אחר לגמרי. יש אוטונומיה לתושבים ויש לקרקע, יש עם רצף קרקעי ויש בקנטונים נפרדים, יש עם סמכות חקיקה גורפת ויש עם תקנות מוניציפליות מוגבלות, יש עם אדמות מדינה ויש בלעדיהן, יש עם דאגה כנה למתיישבים היהודים ויש עם ייבוש שלהם והפקרה שלהם וחנק שלהם, ויש הסדרי ביטחון שונים. החתול והנמר הם מאותה משפחה ולשניהם יש ציפורניים, ובכל זאת זה חתול וזה נמר. אוטונומיה כפי שאתם מציעים מביאה בהכרח למדינה פלשתינית שירושלים בירתה וזכות השיבה מתממשת בה. כל מי שכאן בכנסת תומך או תמך, יודע את זה. חברי הכנסת, מה לעשות, נוכחנו להפתעתנו ששני אנשים, שרובנו לא הכרנו אותם, גם לא מינה אותם אף אחד שידענו, הירשפלד ופונדק וביילין אתם, הם בישלו הסכם, הם האכילו בו את רבין. לכן אני מאמין להם שהם אומרים שבסוף התהליך, בהסדר הקבע, תקום מדינה פלשתינית שירושלים תהיה בירתה.

אם הם אומרים את זה במשוב, זה פידבק של מה שהם אמרו באותן שיחות חשאיות לערפאת ולמרעיו. אין סיבה שלא. אם הממשלה מאמינה לערפאת שהוא שינה את טעמו והוא בעל בריתנו, לטעמם, מדוע שאני לא אאמין לו? היא מאמינה לו, למה אני לא אאמין כשהוא חוזר ואומר בכל מקום, שיש לו יסוד מוסד לדעת, שבתוך זמן קצר הוא מקבל מדינה, שירושלים בירתה, שהפליטים ישובו אליה, הוא ישלוט על גשרי הירדן, על נמל עזה, על מעבר רפיח? הוא מכריז על ממשלה תחילה.

אתה שואל ואני אענה לך. אבל אתה שואל אותי שאלה שונה ממה שאני אומר פה. אתה אומר כך: נכון שהבטיחו לו וייתנו לו, והאוטונומיה הזאת כפי שניתנת בעוד תשעה חודשים משקפת את זה, הוא יקבל מדינה. אלא מה, הוא אומר: אני מוכן להיות במדינה וגם אתה תתקיים. ואתה אומר שיש אחרים שאומרים: זה לא מספיק, אנחנו רוצים שאתה לא תתקיים. אני כאן טוען מול תפיסה ממשלתית שראש הממשלה מצהיר ואומר: אין מדינה פלשתינית, אין ירושלים כבירה של מישהו אחר, אין זכות שיבה. ואני שומע את ערפאת אומר: כן. ואני אומר שאני מאמין שכן. זה מה שאמרתי. ברור שיש כאלה שרוצים מעבר לזה.

אני אשאל אותך שאלה יותר טובה. אם ההסכם כל כך רע, לדעתי, למה בממשלה יש תומכים בו? יש דברים כאלה. לכל אחד יש מטרות אחרות וראיות אחרות. אתה אמרת לי קודם: בוא אתי ליריחו, בוא למקום אחר ותראה את השמחה. זאת אומרת שהרוב שמח. למה הוא שמח? כיוון שהוא רואה את המדינה שלו לנגד עיניו.

אני אומר שהאוטונומיה כפי שהיא ניתנת וההבטחות כפי שניתנו אינן נותנות למדינת ישראל את הביטחון שזה לא פרק זמן חפוז, שלפיו פתאום תקום בבוקר ותראה את חברת התעופה טסה, כפי שאמר היום ערפאת, ותראה ואת השגרירים. זאת מדינה. לך, חבר הכנסת דראושה, לא אכפת, ועוד לפני שהממשלה הזאת החליטה שהיא תומכת באש""ף אתה כבר תמכת בו. כלומר, שמחת לראות אותו כנציג שיש לו מדינה שירושלים המזרחית בירתו וכו'. אני מדבר על הממשלה, שלא חשבה כך.

אתה שואל אותי למה, ואני מסביר. אמרתי קודם לכן מדוע בארץ מקבלים את זה, אף-על-פי שבעיני חלק גדול מהציבור יש בזה המון בעיות; מפני שבאמת שוטפים את המוח, נכנסים לאופוריה, אנשים עייפים, והם רואים לנגד עיניהם את הבורסה, רואים לנגד עיניהם כספי עולם ומדברי עולם, ואירופה הרי תמיד רצתה שתהיה מדינה פלשתינית, וכך משלים את עצמם לפעמים בשלום בטוח. אני אומר כדי שתבינו, שלפי דעתי אין פה ויכוח בין קיצונים למתונים במדינת ישראל; אין פה ויכוח בין רודפי שלום לבין הבורחים ממנו. אני אומר שהמודאגים והחולקים הם אנשים מתונים מאוד, והקיצונים הם באופוריה והם זורעים אשליה. כולם הזכירו כאן את התנ""ך, וגם אני אקרא מהנביא יחזקאל, האומר: ""הלוא מחזה שוא חזיתם ומקסם כזב אמרתם - - - יען וביען הטעו את עמי לאמר שלום ואין שלום, והוא בנה חיץ והנם טחים אתו תפל"", החוזים לירושלים שלום - ואין שלום. לא ניתן בכמה דקות לכסות את כל מה שמכוסה בהסכם. לא ניתן גם לדעת מה סוכם בהסתר במשך שנה. אבל מותר לחשוד בשמאל שניהל את המסלול של אוסלו, זה ששר היום את המנון פלשתין וזה שמתעטף בדגל אש""ף, ומותר לחשוד בהודעות הבטוחות של ערפאת על הסדר קבע כמו שהוא יודע עליו. יש נושאים קריטיים בהסדר. איך אפשר לאשר אותם בלי לדעת אל נכון במה דברים אמורים? הזכירו כאן המון פעמים את השאלה, והיא נשארת שאלה: מה הגודל של ""יריחו תחילה""? האם כמו שערפאת אומר, ממעלה-אדומים ועד פצאל ועד הירדן, שקיבוצי התק""ם אלמוג, קלי""ה ובית-הערבה לא מאמינים לנו אלא מאמינים לו לגבי הירדן כגבול ביטחון; או כדברי דוברנו, שרק השטח המוניציפלי של העיר? אם כן, האם הירדן הוא עדיין גבול ביטחון שלנו? האם אין בזה הפקרה של ביטחון ישראל, שההגנה שלה מבוססת גם על מדבר יהודה ומדבר שומרון, מורדותיהם וצוקיהם? אני חוזר על שאלה שנשאלה כאן המון פעמים, וגם אני חייב לשאול אותה. 30,000-20,000 שוטרים הם שבע או עשר חטיבות. האם חשבתם כמה זה לעומת כל החי""ר הלוחם הסדיר של מדינת ישראל? אני לא יודע אם מותר לי לנקוב פה במספרים, אז לא אגיד מספרים. אגיד רק שזה מספר ענק. זה צבא ענקי, וזו חטיבה מתוך הצבא הירדני של צבא השחרור הפלשתיני, חטיבה ממושמעת ומאומנת; אלה הם מבוקשים, אלה הם מחבלים. עכשיו, לאחר שכבר רואים סימנים של הסכמה בין ה""חמאס"" לאש""ף, אין עוד טענת הסרק שהיתה קודם, כאילו אנחנו מקימים להם צבא והם יטפלו בבעיות שיש להם. שתגיד הממשלה שהיא לא תיתן צבא חזק כזה כשאין להם צורך בו, כאשר יש הסכם בין אש""ף ל""חמאס"", או שהסכם כזה הולך ומתגבש. האם טענת ערפאת, החוזרת ונשנית, שהוא מקבל מדינה ולכן הוא בונה ממשלה ויש לו רצף מלא, זה דבר שהובטח לו באוסלו, או לא הובטח? אם זה לא כך, צריך להכחיש את זה.

זו היתה שאלה רטורית. תודה.

טוב, אז הבהרנו את זה. הכינוי העממי ""עזה ויריחו תחילה"" - - -

אצלה זה בכלל כ""ט בנובמבר.

הכינוי העממי ""עזה ויריחו תחילה"" הוא הסכם לנסיגת צה""ל מכל אזורי יהודה ושומרון, כאשר ההבדל בין הנסיגה מעזה ומיריחו הוא חמישה חודשים בלבד. בעבר היו מחלוקות עצומות, ולכן אולי נעצרו ההסדרים, בין המשלחות שלנו לאלו של הפלשתינים, כאשר אנחנו סירבנו להחיל את שיפוט המועצה באופן גורף על כל השטח, וכשהגבלנו את סמכויות החקיקה של המועצה. כאן התקבלה הדרישה האש""פית, ששטח השיפוט של המועצה יכסה את כל שטחי יש""ע עד הסדר הקבע, להוציא את ההתנחלויות ואת ירושלים.

אהיה מוכן לעשות זאת אם זה לא יהיה על חשבוני. אולי בסוף, אם היושב-ראש יסכים. היושב-ראש אומר לי שהכול על חשבוני, לכן - - -

היושב-ראש נותן גם לי 30 דקות, אבל - - -

בזמן שאני מדבר - הגעת רק עכשיו.

אמרתי זאת. לממשלה הקודמת היתה הצעה, שהממשלה הזאת בעצם התחילה בה, לא במחשכים הממשלה הזאת הלכה בדרך הזאת, מה שנקרא קמפ-דייוויד ואחר כך מדריד. שם היה מדובר על אוטונומיה - ואני אמרתי שגם החתול וגם הנמר הם מאותה משפחה. שם היה יוצא דבר שלא מזיק לנו, ואילו כאן יכול לצאת דבר שמזיק לנו. היתה אוטונומיה לאנשים. את שאלת אותי על זכויות. אז היו דגמים, ואת מכירה אותם.

השרה אלוני וחברי הכנסת, אני אומר שהסמכויות שאנחנו נותנים בהסדר הזה של האוטונומיה לא מאפשרות בעצם הליכה חזרה. הן סוגרות אופציות של כל דבר, מלבד מדינה, בעוד, אני מודה, באוטונומיה שהליכוד הציע, עם הוויכוחים שהיו בתוכו סביב עניין זה, היתה אופציה שיכולה היתה להביא למדינה, אבל לא בהכרח. ואילו כאן זה מביא בהכרח מדינה. ועל זה היה הוויכוח. יש הרבה דוגמאות מסוכנות בסמכויות של אש""ף בהסכם, שלא מופיעות בהסכם כלא-מותרות. הם יוכלו להפקיע קרקעות מערבים ומיהודים, להקים שם יישובים לפליטים; להעמיד בלעדית לדין מחבלים ופושעים שיפגעו ביהודים. אחרי שהצבא ייסוג, אני לא יודע בכלל איך יהיה חופש לישראלים להגיע אפילו למערת המכפלה ולקבר רחל, שלא לדבר על אנדרטאות, מצבות וכדומה.

אז תאר לך איך זה יהיה אז? אין הסדר לגבי השליטה בנמל עזה, סידורי הכניסה והיציאה דרך הים, על כל המשתמע מכך, בנושאים של אמל""ח - אמצעי לחימה - ושל פליטים. אין בהסכם סעיף שמונע את זכות השיבה לפליטי 1948 ו-1967. אין בהחזרתם הפרת הסכם שמצדיקה מצדנו איזה תיקון, איזו רפואה. חברי הכנסת, ללא קשר לעצם ההסכם היה ראוי להבהיר עניינים כמו הגדרה ברורה של חופש הפעולה הביטחונית בתחומי האוטונומיה, הגדרת התחום שמסביב להתנחלויות, הסדרי התשתית והביטחון להם, אפשרויות להחזיר את הגלגל אחורנית במקרה של הפרות ההסכם, מתן שליטה אפקטיבית לצה""ל על אי-חריגה בנושאי אזרחות וכניסת פליטים. לסיום, אדוני היושב-ראש, ההסכם מעניק למועצה הפלשתינית מעמד כמעט מוחלט של מדינה, וזאת תהיה נקודת הפתיחה של המשא-ומתן על הסדר הקבע. ועוד: נקבע כי המשא-ומתן על הסדר הקבע יכלול גם את סוגיית הגבולות - ונדמה לי שראש הממשלה אמר זאת היום, ואפילו בקריאת ביניים - וגבולות הם סימן מובהק למדינה. דווקא מי שמגדיר את ההסכם כסיכון מחושב חייב להבטיח הסדרים שיגדירו ניסוח מאוד מדויק, כדי להבטיח שהוא יפעל ויובטח מבחינה ביטחונית. ההסכם הזה אינו כזה. הוא לא נותן מענה על סוגיות הביטחון. הוא יוצר סיכונים להתיישבות היהודית ולדרכים והוא סוגר את מרבית האופציות לקראת הסדר קבע. יש לישראל צ'אנס לשלום. יש לה סיכוי לשלום אמת. באמת הערבים השלימו, בגלל כוחנו, עם קיומה של מדינת ישראל; אולי טקטית, אינני יודע. אבל לא בדרך הזאת. חשוב מאוד שהממשלה לא תנהג בדרך של מיליטנטיות מבית ותבוסתנות מבחוץ.",4
19073,"אדוני היושב-ראש, חברי הכנסת, בריאיון מלפני כשבועיים אמר מר גינוסר, ששימש ראש אגף בשב""כ, שבשם המערכת הפוליטית, שהיתה זקוקה לכך, כך הוא אומר, שטף השב""כ את מוחנו במסע הפחדה מכוון נגד הפלשתינים. בשקר, הוא אומר, מסר לנו שירות הביטחון הכללי שלנו, שהם מוליכי שולל ואין לתת אמון באש""ף. והוא מוסיף: לעם לא היתה ברירה. כך מגלה אחד מראשי השב""כ: לא השארנו לו שיקול דעת. הפחדנו אתכם, הוא אומר לנו, מנענו מכם את האפשרות לעקוב אחר תהליכים בעולם הפלשתיני. עד היום לא שמענו הכחשה של הדברים החמורים האלה, שלפיהם שיקר לנו השב""כ, שיקר לעם, בשליחות הממשלה, באשר למידע בנושא המודיעיני החשוב ביותר - מי זה האויב ומה הן כוונותיו.

אם נכונים הדברים, כמו שאומר השר שריד - - -

אני גם אומר: אם. אם נכונים הדברים, מי לידנו יתקע, שגם היום, בתוקף הנסיבות, אין מדווחים לנו על שינויים ותמורות בעולם הערבי ובאש""ף באופן שקרי כמו אז, לטענתו, אבל בכיוון השני? חברי הכנסת, אומרים לנו, שערעור הביטחון, כמו במכונית התופת בבית-אל והרצח בוואדי-קלט, נעשה מטעמם של אלה שרוצים לרצוח את השלום, ולכן הם רוצחים בנו. אני אומר לכנסת ולעם: הטיעון הזה הוא שקרי. כל הסיפור, שיש אש""ף שרוצה שלום ויש ""חמאס"" ששולל אותו, הוא רמייה. הם עובדים ביחד.

אני אסביר. חבר הכנסת דראושה, תשמע אותי עד הסוף ואחר כך תעיר. הם שיתפו פעולה בעניין המגורשים, השביתות היו מתואמות ביניהם. בנושא המבוקשים הם רוצים אותו דבר.

הם גם יהיו שותפים, כמו שבישר לנו אתמול שר הבריאות, בבחירות שיהיו וביישום ההסכם. ההליכה של מדינת ישראל לקראת ""אש""ף מתון"" כדי לעצור את ""חמאס הקיצוני"", היא השתתפות שלנו בתרגיל הונאה. הדברים הולכים ומתבררים, שיש - ויהיה עוד יותר - שיתוף פעולה, ותהיה חלוקת עבודה ביניהם: אלה יהיו הקיצונים, אלה המתונים; זה הטוב, זה הרע, זה נושא ונותן אתנו, זה יורה בנו. ההסכם עם אש""ף יאפשר ל""חמאס"" בעתיד, כאשר אנחנו נתקשה להיכנס למקומות שמהם נצא, לנהל מסע רצח קשוח יותר ובטוח יותר מבחינתם. ופירוש הדבר, שישראל הולכת לוותר ויתורים מרחיקי לכת עד כדי הקמת מדינה פלשתינית, שחלק מהממשלה תומך בה, זה אומרים בפירוש, וחלק אחר שאומר: קונפדרציה, בעצם לא שונה בהרבה מאשר זה שאומר מדינה. היום התקשה שר החוץ מאוד להסביר בוועדת החוץ - אבל אסור לספר מדיוני הוועדה. אני אומר: יתקשו מאוד להסביר מה ההבדל, מבחינת הביטחון של ישראל והאמון שאתה נותן בהם, בין ""לא מדינה"" ו""כן קונפדרציה"", בקיצור לחזור לגבולות 1949 בעוד הפלשתינים ממשיכים בדברים שמזעזעים את כולנו, כמו הרצח בוואדי-קלט. עכשיו יש לנו סיפור חדש, שקר על שקר. אנחנו מתבשרים שיש ""חמאס"" טוב שילך לבחירות, ויש ""חמאס"" רע שלא ילך. כלומר, תמיד זה מתחלק לשניים. והרי השיח' יאסין עצמו אמר לכולם ללכת לבחירות. ועל כן כל עוד איננו חותמים עם כל הגורמים, לרבות חזיתות הסירוב וה""חמאס"", על הפסקת טרור, יש סכנה לישראל בהסכם עם אש""ף לבדו, ויש גם במשמע לגיטימציה לטרור שאחרים עושים. חברי הכנסת, אני כאבתי מאוד לשמוע את ראש הממשלה אומר - בערך כך, אני לא מצטט במדויק - שהרצח בוואדי-קלט משרת את הקיצונים משני הצדדים. זה מזעזע. אפשר להשוות את ההתנגדות להסכם בישראל לטרור הרצחני של ה""חמאס""? לגיטימי להתנגד אידיאולוגית ופוליטית להסכם, אבל להשוות את זה לרצח של ה""חמאס"", זה מעל ומעבר למה שמותר וניתן לסבול. גם האמירה שהסגר מנע פיצוץ של מכונית התופת בתוך ""הקו הירוק"" היא אמירה חמורה ביותר. יש בה ריח של הפליה בין דם לדם, וחייבים - אני אומר לממשלה - חייבים לחדול מהתבטאויות כאלה. אסור ליצור מצב של ""סזון מילולי"", כי כך נקרעת שארית הרקמה הדקה והעדינה שמחזיקה עוד את עמנו ביחד. אדוני היושב-ראש, ברור שבאווירה שכזאת, טוען אש""ף, שאם אנחנו עומדים לשחרר את כל האסירים הפלשתינים, מדוע אנחנו מחפשים מבוקשים נוספים? זאת לא בעיה של קיצונים. גם מתונים מתקוממים נגד מצב שכזה. תראו את נעמה, מושב של תנועת המושבים, לא של ""אמנה"". מוטה גור, שאהוב על האנשים ונאמן עליהם - גם עלי - הלך לשם היום. המזכירה של היישוב, או מי שמייצגת אותם, אמרה: יצאנו מאוד לא רגועים - אני אומר בלשון שלי, לשון בוטה יותר היתה שם - בנושא הביטחון, כביש עוקף-יריחו וכל מה שקורה בנושא, ומוטה גור ניסה להסביר. חברי הכנסת, ההתיישבות היהודית ביש""ע היא חזקה ואיתנה, ובעצם קיומה היא מפריעה לקיומה של מדינה פלשתינית, בלי ספק. אבל חשוב שתהיה הידברות מסודרת, יזומה על-ידי הממשלה, עם אנשי יש""ע, שיש להם מועצה נבחרת מייצגת, ואם לא תהיה הידברות כזאת, עלול להיות מצב קשה. אני רוצה לסיים ולומר - - -

לפני שארד מהדוכן, אענה לך.

אז אענה ממקום מושבי. חברי הכנסת, מאותו הסכם יכולות לצאת שתי דרכים נפרדות. יכולים לחתום על אותו הסכם ויכולות לצאת שתי דרכים שונות. לא יהיה כתוב ""מדינה פלשתינית"", אבל עצם ההכרה באש""ף-תוניס, ועצם ההצהרה של חלקים מהממשלה, שהם מוכנים לכך, מקרבים את זה מאוד. אתה לא צריך לכתוב ""ירושלים"", אבל הנכונות לבחור ולהיבחר, והנכונות להכניס באיזה אופן שהוא את המוסדות בירושלים וכדומה, והנכונות להגיע להסדר כמעט בכל מחיר, מקרבים את זה מאוד. לכן על הכנסת לאמץ את הנקודות, ובכך אני עונה למי ששאל: האם אז תסכימו? אתה יכול לחלוק אידיאולוגית, אנחנו נוכל לחלוק פוליטית, אבל המישור של העתיד לגבי האמון בחותמים ובחתימה יהיה שונה, אם באמת תחליט הכנסת: לא מדינה פלשתינית ולא חלוקת ירושלים ולא זכות השיבה ולהדביר את הטרור ולהגביר את הביטחון ולהבטיח את היישובים ואת רווחתם. זה הקו האדום של קיומנו ועתידנו בארץ. וככל שתנועת העבודה עדיין רוצה למלא את שליחותה ההיסטורית, ראוי שהיא לא תסטה מהנקודות האלה. זאת איננה תוכנית של הימין. זאת תוכנית-מינימום להבטיח את הקיום והביטחון של מדינת ישראל. גם אם אידיאולוגית ופוליטית אנחנו לא סומכים על החותמים - ואנחנו לא סומכים על מי שחתם - אבל החותמים עצמם יגדירו בכך באופן מחייב יותר את הגבולות שלהם בכל ההסכם. אם היושב-ראש יסכים, אענה על שאלתו של חבר הכנסת גולדשמידט.

משאלות לומדים. הרי הוויכוח הזה חזר פעמים רבות, הטיעון הזה וזה שכנגדו. לא אנחנו המצאנו את מי שאמר שיש שוני מוחלט בין הידברות עם ערביי השטחים לבין הידברות עם אש""ף-תוניס. אני זוכר את רבין, אני זוכר את פרס; זה הבדל מהותי. יש הבדל, אף-על-פי שהם הולכים לפעמים לשאול אותם. יש הבדל מהותי, מפני שכאן הארגון - עם כניסתו, עם ההנהגה - שאתם אומרים שהוא בעל-הבית והוא יכול לקבוע מה שיהיה; יש שוני. אתם הצעתם זאת. אני זוכר את הדברים מתחילתם. היה שוני, ופתאום זה אותו דבר. לא כדאי להיתלות בעניין ההוא. זה מפנה, להחליט על אש""ף-תוניס, ולשוחח אתו, עם כל המשמעויות שיש לכך באשר לדברים האלה.",4
19118,"אדוני היושב-ראש, חברי הכנסת, בריאיון מלפני כשבועיים אמר מר גינוסר, ששימש ראש אגף בשב""כ, שבשם המערכת הפוליטית, שהיתה זקוקה לכך, כך הוא אומר, שטף השב""כ את מוחנו במסע הפחדה מכוון נגד הפלשתינים. בשקר, הוא אומר, מסר לנו שירות הביטחון הכללי שלנו, שהם מוליכי שולל ואין לתת אמון באש""ף. והוא מוסיף: לעם לא היתה ברירה. כך מגלה אחד מראשי השב""כ: לא השארנו לו שיקול דעת. הפחדנו אתכם, הוא אומר לנו, מנענו מכם את האפשרות לעקוב אחר תהליכים בעולם הפלשתיני. עד היום לא שמענו הכחשה של הדברים החמורים האלה, שלפיהם שיקר לנו השב""כ, שיקר לעם, בשליחות הממשלה, באשר למידע בנושא המודיעיני החשוב ביותר – מי זה האויב ומה הן כוונותיו.

אם נכונים הדברים, כמו שאומר השר שריד – – –

אני גם אומר: אם. אם נכונים הדברים, מי לידנו יתקע, שגם היום, בתוקף הנסיבות, אין מדווחים לנו על שינויים ותמורות בעולם הערבי ובאש""ף באופן שקרי כמו אז, לטענתו, אבל בכיוון השני? חברי הכנסת, אומרים לנו, שערעור הביטחון, כמו במכונית התופת בבית-אל והרצח בוואדי-קלט, נעשה מטעמם של אלה שרוצים לרצוח את השלום, ולכן הם רוצחים בנו. אני אומר לכנסת ולעם: הטיעון הזה הוא שקרי. כל הסיפור, שיש אש""ף שרוצה שלום ויש ""חמאס"" ששולל אותו, הוא רמייה. הם עובדים ביחד.

אני אסביר. חבר הכנסת דראושה, תשמע אותי עד הסוף ואחר כך תעיר. הם שיתפו פעולה בעניין המגורשים, השביתות היו מתואמות ביניהם. בנושא המבוקשים הם רוצים אותו דבר.

חבר הכנסת דראושה, תן לי להסביר את התוכנית.

הם גם יהיו שותפים, כמו שבישר לנו אתמול שר הבריאות, בבחירות שיהיו וביישום ההסכם. ההליכה של מדינת ישראל לקראת ""אש""ף מתון"" כדי לעצור את ""חמאס הקיצוני"", היא השתתפות שלנו בתרגיל הונאה. הדברים הולכים ומתבררים, שיש – ויהיה עוד יותר – שיתוף פעולה, ותהיה חלוקת עבודה ביניהם: אלה יהיו הקיצונים, אלה המתונים; זה הטוב, זה הרע, זה נושא ונותן אתנו, זה יורה בנו. ההסכם עם אש""ף יאפשר ל""חמאס"" בעתיד, כאשר אנחנו נתקשה להיכנס למקומות שמהם נצא, לנהל מסע רצח קשוח יותר ובטוח יותר מבחינתם. ופירוש הדבר, שישראל הולכת לוותר ויתורים מרחיקי לכת עד כדי הקמת מדינה פלשתינית, שחלק מהממשלה תומך בה, זה אומרים בפירוש, וחלק אחר שאומר: קונפדרציה, בעצם לא שונה בהרבה מאשר זה שאומר מדינה. היום התקשה שר החוץ מאוד להסביר בוועדת החוץ – אבל אסור לספר מדיוני הוועדה. אני אומר: יתקשו מאוד להסביר מה ההבדל, מבחינת הביטחון של ישראל והאמון שאתה נותן בהם, בין ""לא מדינה"" ו""כן קונפדרציה"", בקיצור לחזור לגבולות 1949 בעוד הפלשתינים ממשיכים בדברים שמזעזעים את כולנו, כמו הרצח בוואדי-קלט. עכשיו יש לנו סיפור חדש, שקר על שקר. אנחנו מתבשרים שיש ""חמאס"" טוב שילך לבחירות, ויש ""חמאס"" רע שלא ילך. כלומר, תמיד זה מתחלק לשניים. והרי השיח' יאסין עצמו אמר לכולם ללכת לבחירות. ועל כן כל עוד איננו חותמים עם כל הגורמים, לרבות חזיתות הסירוב וה""חמאס"", על הפסקת טרור, יש סכנה לישראל בהסכם עם אש""ף לבדו, ויש גם במשמע לגיטימציה לטרור שאחרים עושים. חברי הכנסת, אני כאבתי מאוד לשמוע את ראש הממשלה אומר – בערך כך, אני לא מצטט במדויק – שהרצח בוואדי-קלט משרת את הקיצונים משני הצדדים. זה מזעזע. אפשר להשוות את ההתנגדות להסכם בישראל לטרור הרצחני של ה""חמאס""? לגיטימי להתנגד אידיאולוגית ופוליטית להסכם, אבל להשוות את זה לרצח של ה""חמאס"", זה מעל ומעבר למה שמותר וניתן לסבול. גם האמירה שהסגר מנע פיצוץ של מכונית התופת בתוך ""הקו הירוק"" היא אמירה חמורה ביותר. יש בה ריח של הפליה בין דם לדם, וחייבים – אני אומר לממשלה – חייבים לחדול מהתבטאויות כאלה. אסור ליצור מצב של ""סזון מילולי"", כי כך נקרעת שארית הרקמה הדקה והעדינה שמחזיקה עוד את עמנו ביחד. אדוני היושב-ראש, ברור שבאווירה שכזאת, טוען אש""ף, שאם אנחנו עומדים לשחרר את כל האסירים הפלשתינים, מדוע אנחנו מחפשים מבוקשים נוספים? זאת לא בעיה של קיצונים. גם מתונים מתקוממים נגד מצב שכזה. תראו את נעמה, מושב של תנועת המושבים, לא של ""אמנה"". מוטה גור, שאהוב על האנשים ונאמן עליהם – גם עלי – הלך לשם היום. המזכירה של היישוב, או מי שמייצגת אותם, אמרה: יצאנו מאוד לא רגועים – אני אומר בלשון שלי, לשון בוטה יותר היתה שם – בנושא הביטחון, כביש עוקף-יריחו וכל מה שקורה בנושא, ומוטה גור ניסה להסביר. חברי הכנסת, ההתיישבות היהודית ביש""ע היא חזקה ואיתנה, ובעצם קיומה היא מפריעה לקיומה של מדינה פלשתינית, בלי ספק. אבל חשוב שתהיה הידברות מסודרת, יזומה על-ידי הממשלה, עם אנשי יש""ע, שיש להם מועצה נבחרת מייצגת, ואם לא תהיה הידברות כזאת, עלול להיות מצב קשה. אני רוצה לסיים ולומר – – –

לפני שארד מהדוכן, אענה לך.

אז אענה ממקום מושבי. חברי הכנסת, מאותו הסכם יכולות לצאת שתי דרכים נפרדות. יכולים לחתום על אותו הסכם ויכולות לצאת שתי דרכים שונות. לא יהיה כתוב ""מדינה פלשתינית"", אבל עצם ההכרה באש""ף-תוניס, ועצם ההצהרה של חלקים מהממשלה, שהם מוכנים לכך, מקרבים את זה מאוד. אתה לא צריך לכתוב ""ירושלים"", אבל הנכונות לבחור ולהיבחר, והנכונות להכניס באיזה אופן שהוא את המוסדות בירושלים וכדומה, והנכונות להגיע להסדר כמעט בכל מחיר, מקרבים את זה מאוד. לכן על הכנסת לאמץ את הנקודות, ובכך אני עונה למי ששאל: האם אז תסכימו? אתה יכול לחלוק אידיאולוגית, אנחנו נוכל לחלוק פוליטית, אבל המישור של העתיד לגבי האמון בחותמים ובחתימה יהיה שונה, אם באמת תחליט הכנסת: לא מדינה פלשתינית ולא חלוקת ירושלים ולא זכות השיבה ולהדביר את הטרור ולהגביר את הביטחון ולהבטיח את היישובים ואת רווחתם. זה הקו האדום של קיומנו ועתידנו בארץ. וככל שתנועת העבודה עדיין רוצה למלא את שליחותה ההיסטורית, ראוי שהיא לא תסטה מהנקודות האלה. זאת איננה תוכנית של הימין. זאת תוכנית-מינימום להבטיח את הקיום והביטחון של מדינת ישראל. גם אם אידיאולוגית ופוליטית אנחנו לא סומכים על החותמים – ואנחנו לא סומכים על מי שחתם – אבל החותמים עצמם יגדירו בכך באופן מחייב יותר את הגבולות שלהם בכל ההסכם. אם היושב-ראש יסכים, אענה על שאלתו של חבר הכנסת גולדשמידט.

משאלות לומדים. הרי הוויכוח הזה חזר פעמים רבות, הטיעון הזה וזה שכנגדו. לא אנחנו המצאנו את מי שאמר שיש שוני מוחלט בין הידברות עם ערביי השטחים לבין הידברות עם אש""ף-תוניס. אני זוכר את רבין, אני זוכר את פרס; זה הבדל מהותי. יש הבדל, אף-על-פי שהם הולכים לפעמים לשאול אותם. יש הבדל מהותי, מפני שכאן הארגון – עם כניסתו, עם ההנהגה – שאתם אומרים שהוא בעל-הבית והוא יכול לקבוע מה שיהיה; יש שוני. אתם הצעתם זאת. אני זוכר את הדברים מתחילתם. היה שוני, ופתאום זה אותו דבר. לא כדאי להיתלות בעניין ההוא. זה מפנה, להחליט על אש""ף-תוניס, ולשוחח אתו, עם כל המשמעויות שיש לכך באשר לדברים האלה.",4
20452,"אדוני היושב-ראש, חברי הכנסת, מובן שהיו פרשות דרכים קשות בעבר, שבהן הכרעות היסטוריות נגעו לשורשי החיים שלנו ולא היה אפשר למנוע מחלוקת חריפה בכל פעם שהיתה הכרעה, עד כדי סכנה של קרע לפעמים. זה היה בפולמוס אוגנדה בזמנו, ובכל פעם שהיתה הסכמה מצדנו לחלוקת הארץ. כך גם בשאלות קשות של זהות יהודית, דתית או חילונית. וגם בשאלה הזאת אנחנו מצויים בתקופה קשה, בדומה לכך. הוויכוח הציבורי האידיאולוגי נוגע בתהומות המחלוקת ומתייחס לססמאות הגדולות כמו שלום צודק, מזרח תיכון חדש, מלחמה בטרור, כן או לא, הפסקת הטרור, הכרה הדדית, זכויות היסטוריות-פוליטיות, התיישבות יהודים בארץ-ישראל כולה. כל הדברים האלה מתקשרים בדרך כלל להסדרי הקבע שצפויים בהמשך הדרך, אם אומנם יפעלו הסדרי הביניים על-פי המתווה שלהם. כיום אנחנו עומדים בפני המציאות האפורה של הסכמים, של סעיפים מעשיים והמשמעות שלהם בשטח. יש פער עמוק בין חזון, או בעיני לפעמים אופוריה, של תומכי השלום ובין המאבק והכאב של מי שאנחנו קוראים להם תומכי ארץ-ישראל, בעת שמתנהל המשא-ומתן המורכב, הסבוך והמפותל על כל פרטי ההסכמים. יש בציבור שלנו, בוודאי בצה""ל, דעות שונות ומגוונות, ויש מקום להפעיל מאמץ משותף כדי לקרוא את ההסכמים עצמם בעברית, אולי גם באנגלית - הנוסח המחייב הוא הנוסח האנגלי - לנסות להבין את המשמעות של הסעיפים באמצעות דעות שונות משני הצדדים של הוויכוח. יכול להיות שמהלך כזה יכול להביא לוויכוח ולדיון יותר ענייניים. מה שקורה בחוברות האלה שצה""ל מכין עכשיו - זה דבר שונה. לפי דעתי, קודם כול הדבר מקדים את זמנו ולא נוגע לוויכוח שקיים היום. הנאמר בחוברת כאילו מכין את הצבא לפינוי יישובים. אם אני מבין לעומק מהי ההתנגדות החזיתית שעליה מדברת החוברת הזאת - כאילו לא ירצו לקבל את ההכרעה ותהיה התנגשות חזיתית בין קבוצות מיליטנטיות לבין צה""ל - זה בערך המצב שאליו מכינים את המפקדים ואת החיילים בצה""ל. לכן אצטט, למשל, כמה דברים שאני חושב שלא היו צריכים להיות מובאים היום בחוברות של צה""ל: ""לנוכח קיומם של גרעינים קשים בעלי רמה גבוהה של מחויבות אידיאולוגית ושל נכונות לפעילות מיליטנטית, ניתן להעריך שכללי המשחק הדמוקרטיים של קבלת הכרעות - - - והעיקרון של שלטון החוק - יעמדו למבחן - - - שכן תתעצמנה הקריאות לאי-קבלת מרות ואף להתנגדות בכוח למימושן של ההכרעות - - - הם ימצאו את עצמם בהתנגשות חזיתית בין הכרעת רוב דמוקרטית לבין הציונות כפי שהם מבינים אותה וזה ייתן הכשר מצדם"" - של המתיישבים - ""לשבירת כללים, להפרות חוק, שעלולות להסלים עד כדי אלימות פיסית - - -"". חמור מזה, גם הנחות העבודה של צה""ל, הקשורות בנושא הזה, אומרות מין נבואה שרוצה להגשים את עצמה, כי ""יחריפו ההתבטאויות ועיקרן יהיה דה-לגיטימציה של החלטות הממשלה ופעולותיה - - - עד כדי נכונות"" - כלומר של המתיישבים - ""לשותפות פעילה בהפרעות לפעולות הצבא"". כלומר, החוברת מכינה את צה""ל לאיזה עימות, התנגשות חזיתית. ואני יודע גם שבכמה מוסדות כבר שלחו אותה אולי להסביר לתלמידים או לחיילים בעתיד על מה מדובר פה. כאילו תהיה התנגשות חזיתית בין חיילים לבין קבוצות באוכלוסייה היהודית ביהודה, בשומרון ובחבל-עזה, כתוצאה מביצוע החלטות הממשלה. וכאן הם מוסיפים, שצריך להבהיר לחיילים בהזדמנות הזאת את סוגיית הפקודה הבלתי-חוקית בעליל, כדי שתובהר להם האי-רלבנטיות שלה לסוגיות הנוכחיות. אני אומר, יש קושי בסיסי בכך שצה""ל מטפל בכל הנושא, ורצוי שתימצא דרך חוקית, אני מדבר עכשיו על נושא הסדר, לטיפול משטרתי בזה. אף שאני יודע שיש קושי, מפני שהחוק מעבר ל""קו הירוק"" הוא חוק של הצבא, אבל, בכל זאת הרי צה""ל הוא צבא שכולנו משרתים בו, הבנים שלנו שם עכשיו והם כולם משרתים מול האויב. העיסוק הזה יוצר קונפליקט. אני זוכר את הטענות משמאל, בזמן מלחמת לבנון, שאי-אפשר לעשות מלחמה באויב תוך קרע בין לוחמים, או קרע בין הלוחמים לבין הבתים שלהם, מאחור. ודאי וודאי שהדבר חמור שבעתיים כשהצבא מעורב באופן חריף בוויכוח ציבורי פנימי, שהוא עדיין בראשיתו. וחמור, אני מוסיף, שבמשמע - כך הבנתי את המשמעות של החוברת - מכינים את הצבא לפינוי של יישובים יהודיים. והרי בשלב הזה מתהדרת הממשלה, שלא מדובר בעניין הזה. יכול להיות שאם נגיע למצב, חס ושלום, של פינוי יישובים, יתעורר הוויכוח האם פינוי כפר יהודי הוא חוקי. אגב, אותה שאלה יכולה להישאל, האם טרנספר של כפר ערבי הוא חוקי, אם תינתן פקודה כזאת. ייתכן שיקומו מי שיטענו שפקודה כזאת היא בלתי חוקית בעליל ויתעורר הוויכוח. אבל כל זה יהיה בהסדר הקבע. בהסכמים הנוכחיים הרי לא מדובר על עקירת היישובים והעניין הזה טרם הוכרע. אז מדוע להכין את צה""ל לביצה שלא נולדה? אני מסיים. אדוני היושב-ראש, צה""ל אהוב על כולנו, בנינו שלנו משרתים בו, ולכן אסור לערב אותו באופן שכזה בוויכוח. יש מקום שהצבא יפיץ את מסמך העקרונות, יביא את טיעוני המסכימים לו והמתנגדים לו ויאפשר דיון בהסכם. ראוי שהצבא ינהג באופן חינוכי ואובייקטיבי בנושא, גם במרצים שהוא שולח, ולא יתחיל כבר עכשיו, בטרם הכרעה, להכשיר דעת קהל של חיילים למקרה של פינוי. הצבא בינתיים צריך להשליט סדר ציבורי, למנוע אלימות כלפי יהודים, כלפי ערבים, אבל לא לנקוט עמדה - זו דעתי - בוויכוח הציבורי. תמיד נהגנו להתלכד סביב המעשים ולהמשיך בוויכוחים חריפים ביותר על המטרות ועל המשמעויות. אני מציע שזה לא ישתנה עכשיו. יש כאן פרשת דרכים, יש מחלוקת חריפה, אולי דרך להכרעה היסטורית כזאת או אחרת, ויש גם סכנת קרע, אולי, בסופו של עניין. כל השאלות האלה שציינתי בהתחלה ראויות לדיון, אבל לא באופן שהן נעשות כאן. נדמה לי ששלטונות הצבא מפקחים על החוברת הזאת. כתוב שעוזר ראש אג""ם בדרגת אלוף אחראי לנושא הזה. ראוי שהצבא יחשוב שוב כאשר הוא בא לדון בסוגיה הזאת.

אתה בטוח שזה לא סיכום? יש חוברת שכתוב עליה ספטמבר, אחריה אוקטובר.",5
20564,"אדוני היושב-ראש, חברי הכנסת, רק אתמול קברנו את אפרים איובי, השם ייקום דמו, שנהרג בניסיון לרצוח את הרב דרוקמן ואת נהגו-חברו. ארגון החזית הדמוקרטית של חוואתמה, שמשתייך לאש""ף, הודה בביצוע הפיגוע. אש""ף לא גינה, לא פעל כפי שהתחייב - למנוע מארגוניו לבצע מעשי טרור, ואילו בצה""ל הטילו ספק באמינות ההודעה וייחסו את הפיגוע ל""חמאס"", כדי שלא לפגוע, חס ושלום, בקונצפציה שאש""ף נקי.

בשבועות האלה נרצחו חיילים ואזרחים; שורה ארוכה של חיים צעירים שנקפדו - ""הנה מוטלות גופותינו"" - ובנס נמנעו אסונות כבדים ממכוניות תופת, מבקבוקי תבערה וממטענים שהתפוצצו או שפוצצו. עיתון ""הארץ"" מפרסם היום את מסמכי ישראל ומסמכי אש""ף לתפיסת הביטחון, לשיחות בטאבה. אסור לספר מה אומרים בוועדת החוץ והביטחון, אבל מותר לספר מה שלא נמסר. המסמכים לא נמסרו לוועדת החוץ והביטחון, אבל מתגלה מהמסמכים שאש""ף דורש הקמה של צבא חי""ר בן כ-25,000 חיילים, עם מסוקים, עם סטי""לים, עם מקלעים בינוניים, עם מרגמות ושריוניות כדי להגן על הגבולות. הרי מצרים, לגרסתם, וירדן הן בעלות-בריתנו, אז למה אנחנו צריכים לשמור על הקו של הירדן בגשר-אלנבי או על קו מצרים ומעברי רפיח וחופי הים? והם טוענים שהשארת צה""ל להגנה על היישובים היא תירוץ להישארות של צה""ל, שצריך להסתלק, ובעצם להפקיר את היישובים והדרכים. אש""ף דורש לסלק את צה""ל מעזה ומיריחו ומגלה את כוונתו לנטישה ולהפקרה של היישובים שלנו. חברי הכנסת, על-פי מסמך אוסלו הם רוצים לשלוט על היישובים שלנו, ואנחנו לא נסכים לכך, לא בהסדר הביניים ולא בהסדר הקבע. יש גבול אדום של אי-הפקרת היישובים, והוא גבול ההגנה האפקטיבית של מדינת ישראל באמצעות צה""ל וכוחות הביטחון. אדוני היושב-ראש, כל מתיישב יהודי ביש""ע חי במולדתו ולא בארץ זרה. הם לא יחיו תחת שלטון זר כאילו היו בדמשק או בחלב. לא נסכים שהם ייקרעו מהמפעל הציוני וממדינת ישראל, לא ניתן שיופקר ביטחונם לחסדם של טרוריסטים מאש""ף או מ""חמאס"" ולא נעניק הכשר לתסריט אירי או בוסני. לא יחיו שם בנוסח של צפון-אירלנד או של בוסניה. חברי הכנסת, הביטויים האומללים שמשווים בין ""חמאס"" לבין מתנגדי ההסדר, שמפרידים בין אזורי יש""ע לבין שאר אזורי הארץ, והטפטוף הארסי על הנטל שבהגנה על המתנחלים, ויש טפטוף כזה, והביטויים המרושעים על מסחר בביצים עם ערבים, גורמים לכך שההצהרות על כוונות הממשלה לתת ביטחון למתיישבים לא תהיינה אמינות, ותגבר התחושה של הנכונות להפקיר את היישובים. מעשי הטרור שבכל יום, למרות ההסכם או בגללו, מעידים שאין הממשלה מתכוונת למלא את חובתה למנוע תוהו ובוהו. אדוני היושב-ראש, לא שיש הסכמה מלאה או שיתוף פעולה בפעולות או בפרטים בין אש""ף לבין ""חמאס"". ודאי שיש ביניהם הבדלים באידיאולוגיה ובמעשה, אבל אלה מאפשרים להם חלוקת עבודה אסטרטגית, והם פועלים בתיאום טוב יותר והדוק מזה שיש בין הקואליציה והאופוזיציה בישראל. אש""ף פועל על-פי הקו המדיני ועל-פי תוכנית השלבים, ו""חמאס"" והאופוזיציה שבתוך אש""ף דבקים במאבק המזוין וממשיכים בטרור. וערפאת לא משנה את ההבנה שלו, כדי לשמור את אופציית הטרור באמצעות ה""חמאס"" והאופוזיציה באש""ף. הממשלה נותנת לגיטימציה לאש""ף כאילו כדי לבלום את ה""חמאס"", עד כדי מתן הכשר לרוצחים מאש""ף וביטול רטרואקטיבי של משפטי הרצח נגדם. הכול שטויות, חברי הכנסת, ההסכם בין אש""ף לבין ""חמאס"" נשמר בקפדנות. אש""ף לא ידכא את ה""חמאס"", ואש""ף לא יספק שלום ושקט אפילו ירצה - -

- - כל שכן כשהוא מתואם עם ""חמאס"", שימשיך את מלחמתו בישראל בטרור תוך כדי התהליך המדיני, אבל גם אחריו. חברי הכנסת, התגובות הישראליות על הפיגועים החמורים ביש""ע מוזרות ומבליגות, כאילו יש השלמה ישראלית שאין מנוס מפיגועים שם, כמו ברצועת הביטחון, כאילו יש""ע זה רצועת הביטחון, שם מותר. אם חותמים הסכם עם חצי מהפלשתינים וחצי אחר פועל נגדנו בטרור, אין תמורה לוויתורים שלנו ואין תוחלת לשלום שכזה. האם הייתם חותמים, חברי הממשלה, הסכם עם חצי הצבא הסורי או עם חצי הצבא המצרי, כשהחצי השני ממשיך לירות? אם תיסעו בדרך מרמאללה לירושלים תראו את הכתובות על הקירות שמצהירות ""פתח וחמאס בעלי ברית"". זאת האמת. שקר הוא שמדובר פה רק ב-20 מבוקשים של חוליות ה""חמאס"", רק ייתפסו - הכול ייגמר. זה הרבה יותר. ובהקשר זה היתה שערורייה לתכנן, לשחרר בגנבה את עצירי ""חמאס"". לדידה של הממשלה, מדוע? מה חשבתם אז? מדוע לשחרר את אנשי ה""חמאס""? רק בגלל הירצחם של שני החיילים בעזה זה בוטל. אלו שידיהם מגואלות בדם, רק במקרה לא שוחררו, מפני שקראו לשר המשפטים ""יפה נפש"" בממשלה. שערורייה היתה להפקיר את היישובים והדרכים, לאפשר לטרור להשתולל, ולדעת שאש""ף שותף סמוי לזה. המת עדיין מונח לפנינו, חברי הכנסת. למשפחת איובי, תנחומים. כואב הלב על הפרח היפה שנקטף. לרב חיימקה דרוקמן היקר, רפואה שלמה. על האי-ביטחון הזה אנחנו קוראים לאי-אמון בממשלה.",5
20860,"אדוני היושב-ראש, חברי הכנסת, בימים אלו פרסם גבי ברון כתבה מזעזעת על משלחת ניאו-נאצים צעירים שמבקרים בישראל, בכלל זה ב""יד ושם"". מנהיג הקבוצה עומד מול התצלום הגדול של ניצולי אושוויץ שרובצים על דרגשיהם ואומר: ""ככה אני אוהב לראות יהודים"". אחר, שמשתתף במסע לישראל, שואל: ""כמה יהודים ניתן להעמיס על את חפירה אחד""? קבוצת מגולחי-הראש שרים בישראל שירים נאציים עכשוויים, וביניהם שיר שנקרא: ""תהילה למובילים את היהודים אל תאי הגזים"". בדיון שהם מקיימים בנהרייה הם אומרים: ""היהודים הכריזו מלחמה על גרמניה ומה שקרה אחר כך הוא רק תגובה גרמנית על הכרזת המלחמה הזאת"". ואחר כך הם אומרים ליהודים שבקבוצה: ""אתם היהודים עושים לפלשתינים מה שהגרמנים כביכול עשו ליהודים, ואתם עוד מדברים על אושוויץ?"". מנהיג הקבוצה מספר על מצבורי נשק ועל אימונים בנשק שיש להם. בביקור ב""יד ושם"" אומרים: ""הצילומים האלה הם זיופים. אושוויץ נבנתה אחר המלחמה כדי להשחיר את הגיבורים שלנו"". בביקור הזה ב""יד ושם"" הם לובשים את המדים הנאציים ומסתרקים לפי תסרוקתו של היטלר. עיתונאי שהתלווה אליהם אמר: ""אני חש עצב כי זה חלק מעתידה של גרמניה"". נוסף על השערורייה, שמדינת ישראל היתה מוכנה לקבל ולארח קבוצה מתועבת שכזאת, נוסף על הטעות הזאת, עוד להביא אותם ל""יד ושם"", נוסף על הטעות שלא שפטנו אותם פה על פשעיהם - יש פה סמל מוחשי של מה שקורה בגרמניה האחרת 50 שנה לאחר השואה. זה מתקשר לידיעה אחרת, של גד שמרון, על ארגון שנקרא ""עזרה שקטה"", שפועל בגרמניה זה 40 שנה. הם דואגים לכך שעדי מפתח במשפטים נגד פושעי המלחמה הנאציים לא יעידו. הם מגישים עזרה ותמיכה לאלפי פושעים נאצים מכל הדרגות. הם נתנו סעד וסמך לרודולף הס, לקלאוס ברבי, לאלוויס ברונר, לקורט פרנץ, לאיוון דמיאניוק, לאדולף אייכמן וליוסף מנגלה. אלה דוגמאות לקליינטים של הארגון. פושעים שנאשמו ברצח המוני של בני אדם מוגנים על-ידם. נשפטים נאצים קיבלו סיוע בכל הדרכים. הם מכתירים את מעשי הזוועה שלהם ומסייעים לשחרור ולחילוץ שלהם ממשפט. חברי הכנסת, כפי שנמסר בכתבה, חברי הארגון הזה זכו וזוכים לתמיכה רחבה על-ידי פוליטיקאים מהמרכז ומהימין. בחומר שהם מוציאים יש סוגי טיעון כמו: ""כדי לתפוס טרוריסט מוציאה המדינה 50,000 מרק, אבל הליכי הסגרה של פושע מלחמה מסוים, שוואמברגר, שלא הזיק לאיש, עלו למדינה חצי מיליון מרק"". קורט פרנץ, מפקד טרבלינקה, שבית-המשפט קבע שהוא ביצע מעשי זוועה וסדיזם שהדמיון האנושי איננו מסוגל כלל לתפוס, שוחרר בעזרתם מסיבות בריאות. מרטין זומר, התליין מבוכנוואלד, סדיסט, חסר רחמים, מוגדר על-ידם כנכה מלחמה שבמדינות אחרות היה משוחרר בגלל פציעתו. וכך לגבי עוד רוצחים רבים. הארגון מפיץ, כמובן, את המסר, שבאושוויץ לא הושמדו יהודים. חברי הכנסת, הארגון הזה זוכה למימון רב, והתרומות שתורמים לו, בטענה שזו אגודה למטרות צדקה, פטורות על-פי החוק הגרמני ממס. גם התעשיין קרופ, שהיה ממטופלי הארגון וקיבל הרבה כסף מעזרתו לנאצים, תומך בארגון. בין התורמים, כפי שמתועד שם, מצויים גם חברי פרלמנט. אדוני היושב-ראש, 48 שנים לאחר מלחמת העולם השנייה, לאחר השואה הנוראה, פועל בגרמניה ברציפות, 40 שנה, ארגון שדוחק את האמת בכל מה שקשור לפשעי הנאצים, שמכחיש את אושוויץ, שקשור עם ארגוני הימין הקיצוני, ששותף לתקריות הגזעניות בגרמניה על-ידי ניאו-נאצים. וגרמניה האחרת - שותקת. מדינת ישראל, מדינת היהודים, שסבלו יותר מכולם, ללא השוואה, אסור שתעבור בשתיקה על זרע הפורענות הזה. חובתנו לזעוק, להזעיק ולתבוע מגרמניה לעצור את הזוועה והפשע ולהוציא את הארגון אל מחוץ לחוק. אל ניתן עזרה שקטה ל""עזרה השקטה"". שתיקתנו יכולה להתפרש כהשלמה וכעמידה על הדם, על הדם שעלול להישפך על-ידי פעולה מהסוג הזה, שביקור הניאו-נאצים בישראל הוא רק דוגמה ללגיטימציה הניתנת לכך. אני קורא לכנסת לדון בנושא כדי להתריע וכדי לעצור את המגפה.",1
21926,"גברתי היושבת-ראש, חברי הכנסת, הנושא איננו עילה לניגוח שבין ממשלה ואופוזיציה, אבל הוא מחייב דאגה וזעקה של הכנסת כולה באשר למצב של העלייה לישראל והקליטה בה. כאשר עולי תימן, שכל כך חיכינו לבואם, שוקלים עזיבה לברוקלין; וכאשר העלייה מברית-המועצות מגיעה טיפין טיפין, ובעיקר רק כאשר חרב חדה מונחת על הצוואר - נזעקנו לשני סימנים מדאיגים באשר לדרך הקליטה של העולים בארץ. היהודים עלו ארצה כדי לחדש את יהדותם, והנה מוסרים לנו על עשרות צעירות יהודיות עולות שמבקשות להמיר את דתן כדי להינשא לערבים, ואנחנו ""מתבשרים"" שהתופעה הולכת ומתרחבת. הדברים מבוססים על עדותו של ד""ר נסים דנה, הממונה על העדות הדתיות במשרד הדתות, עדות שלפיה התופעה הולכת ומתרחבת. חלק מהמבקשות להתאסלם כבר מתגוררות בכפרים ערביים עם בני זוג שהכירו. והסיבות לכך אינן דתיות. הסיבות אינן שהן פתאום חזרו בתשובה. לא, חזרו בתשובה - זה לא מושג נכון. זה לא כך שפתאום הן גילו את האור של הדת המוסלמית, או הנוצרית. הסיבות הן חברתיות. הן מבקשות לשפר את המעמד הכלכלי הרעוע שלהן כעולות, לצאת ממצוקה סוציאלית. זאת בעיה חברתית שמשרד הקליטה, הממשלה והכנסת חייבים להיות ערים לה. ועולה השאלה, האם באמת נחוץ שנביא למדינת היהודים יהודים כדי שימירו את דתם? או שמא עלינו לעשות הכול, ואיך לעשות זאת, כדי לקרב את העולים ליהדות ולדאוג לכך שהחברה הישראלית היהודית תקלוט אותם כראוי מבחינה חברתית וכלכלית? שאלה שנייה מכאיבה, שמדליקה נורה אדומה, כפי שאמר שר הקליטה - ראיתי בעיתון שכך התבטאת - היא האינפורמציה הנובעת מדוח של משרד החינוך, שלפיו כ-7,000 בני נוער, עולים בני 18-14, אינם לומדים במסגרת חינוכית כלשהי ומוגדרים כנוער מנותק. שוב, הדבר נובע מהמצב הכלכלי והחברתי הקשה שבו מצויים בני נוער אלה, מצב קשה של משפחותיהם, לעתים מצב מחפיר של בני הנוער עצמם, כמחוסרי בית שמתגוררים בגנים ציבוריים. בני הנוער האלה חשופים כמובן לפעילות עבריינית, והם זרע פורענות קשה. חברי הכנסת, מתבקשת בדחיפות הירתמות רבתי לפעולה של הקמת מסגרות לשיקום הנערים והנערות. 7,000 עולים, נערים שמסתובבים ברחובות ובחופי הים, הם בושה לחברה שלנו. ואמרתי שצדק שר הקליטה כאשר הגיב שהנתונים חייבים להדליק אצלנו נורות אדומות ולהפעיל את כל מנגנוני האזעקה החינוכיים והחברתיים שלנו. אבל מממשלה נדרש לא רק להיות נאה דורשים, אלא בעיקר נאה מקיימים; לא רק לזעוק אלא לטפל בתופעה. וחייב לקום גוף שיהיו שותפים בו משרד הקליטה, משרד החינוך, משרד הרווחה, אולי גם אחרים, שיאתרו את הנערים והנערות, יאבחנו את בעיותיהם, יצילו אותם מהידרדרות לפשע, כדי שלא יהיו אזרחים בלתי מועילים שסופם מי ישורנו. גברתי היושבת-ראש, התופעות הקשות שכרוכות בעלייה המבורכת הן מחרידות ומחייבות את הממשלה לטפל בהן, ואת הכנסת - לזעוק עליהן ולדון בהן.

האם זה נאמר בתשובה על שאילתא?

מה זה לעבוד? ילדים בני 14 צריכים לצאת לעבודה?

מה אתה מציע לגבי הנושא השני?

אני חושב שאתה עושה שגיאה חמורה בזה שאתה מבחין בין הדברים. מותר לוועדה לדון בזה.

האם ההצעה היתה שכל הנושא עובר לוועדה?",1
22051,"אדוני היושב-ראש, שר המשטרה, ב""מעריב"" משבת שעברה - - -

אדוני היושב-ראש, שר המשטרה, ב""מעריב"" משבת שעברה תיאר הכתב שלום ירושלמי כיצד הוא השתתף בהפגנה אחרי רצח אפרים איובי, השם ייקום דמו, וכיצד חטף מכות, וזה היה מוגזם, הוא אומר. הוא אומר ששוטרים הסתערו אחוזי אקסטזה על המפגינים, גררו מכל הבא ליד, ומי שנמלט נפגש בסוסים על רוכביהם. זהו תיאור של כתב אובייקטיבי, שלא שייך, לפי דעתי, למחנה של המפגינים, אם מותר לציין זאת. אני מבקש מכבוד השר לענות לי: אם הפרטים והדברים האלה נכונים, מה הוא יעשה כדי ליצור יותר איפוק אצל המשטרה?

אולי אתה מוכן לומר מה הם הפרטים הנכונים?",1
22515,"קודם כול, אני רוצה להצטרף לחברי הכנסת שהביעו את כאבם ואת זעמם על התגברות הטרור של ה""פתח"", של ה""חמאס"", כפי שהתבטאה היום באל-בירה ברצח האשה, השם ייקום דמה, בפציעתו הקשה של הבחור ובפציעת האחרים. אני רוצה להגיש תנחומים למשפחה, וברכת רפואה שלמה לפצועים. בה""ד-12, כפי שתואר ב""מעריב"", לפחות, עשה לג'קסון קבלת פנים, בטקס שתואר - לא פחות מזה שעושים אותו לרמטכ""לים זרים: תזמורת צה""ל עמדה ברחבת המסדרים לכבודו וניגנה את שיריו, תכננו לו הצגה של מטווח ושל שיעור קרב מגע וכדומה. אני רוצה לשאול את סגן שר הביטחון: האם גם לאחר שמייקל ג'קסון הואשם בהתעללות בילדים, והיה מבקש אז להיפגש עם חיילי מחנה בה""ד-12, האם גם אז הוא היה חושב שזה ראוי?

זה בעיקר לגבי העתיד. יהיו פה עוד זמרים.",1
22518,"קודם כול, אני רוצה להצטרף לחברי הכנסת שהביעו את כאבם ואת זעמם על התגברות הטרור של ה""פתח"", של ה""חמאס"", כפי שהתבטאה היום באל-בירה ברצח האשה, השם ייקום דמה, בפציעתו הקשה של הבחור ובפציעת האחרים. אני רוצה להגיש תנחומים למשפחה, וברכת רפואה שלמה לפצועים. בה""ד-12, כפי שתואר ב""מעריב"", לפחות, עשה לג'קסון קבלת פנים, בטקס שתואר – לא פחות מזה שעושים אותו לרמטכ""לים זרים: תזמורת צה""ל עמדה ברחבת המסדרים לכבודו וניגנה את שיריו, תכננו לו הצגה של מטווח ושל שיעור קרב מגע וכדומה. אני רוצה לשאול את סגן שר הביטחון: האם גם לאחר שמייקל ג'קסון הואשם בהתעללות בילדים, והיה מבקש אז להיפגש עם חיילי מחנה בה""ד-12, האם גם אז הוא היה חושב שזה ראוי?

זה בעיקר לגבי העתיד. יהיו פה עוד זמרים.",1
23915,"גברתי היושבת-ראש, חברי הכנסת, בעקבות חדירות למחשבים, פנה אלי עורך-הדין גדי אופנהיימר והסב את תשומת לבי לצורך הדחוף בחקיקה בתחום זה. כל פיתוח טכנולוגי או מדעי מחייב בדרך-כלל גם התאמות והיערכות של מערכות המשפט, כך גם בנושא המחשבים. התפתחות המחשוב שיפרה את מהלך החיים בתחומים רבים, אולם יצרה גם כר נרחב של התנהגויות מזיקות הפוגעות באינטרסים חברתיים וכלכליים של החברה. בשני תחומים חשובים הקשורים למחשוב נעשתה חקיקה שעונה על הצרכים. תחום ראשון הוא מתן הגנה למפתחי תוכנה ולבעלי תוכנה. הכנסת קיבלה בשנת 1988 תיקון בחוק זכויות יוצרים, המקנה לתוכנה אותה הגנה שמוענקת ליצירה ספרותית, ואומנם יש כיום הכלים המשפטיים הדרושים למניעה של העתקות תוכנה. התחום השני הוא הגנת הסודיות של נתונים אישיים במאגרי מידע. החוק אוסר שימוש במידע שלא למטרה שלשמה נאסף המידע ומגביל העברת מידע בין גופים ציבוריים. אולם, החוק עוסק רק באספקט של בעל המאגר ולא בהיבט של אותם אנשים שחודרים למאגרי מידע ללא רשות. באלה ובאחרים מטפלת הצעת החוק כך שגם אם החקיקה של הגנת הפרטיות קיימת, קיימים עדיין מישורים מספר המשוועים לחקיקה, כמו למשל: שינוי, שיבוש, או המצאה של נתונים והשתלה שלהם בתוך מחשבים, חדירה בלתי מוסמכת למאגרי מידע של הזולת, הפצת וירוס שפוגע במועד מסוים במחשבים רבים, שינוי וזיוף מידע כדי לזכות בטובת הנאה, שימוש בלא רשות במשאבי מחשב יקרים או תוכנות, לרבות קשר למחשבים בחוץ-לארץ. בכל אלה רק לעתים נדירות ניתן להגיש כתב אישום. הדבר לא נוגע לחדירה שהיתה למחשב המפד""ל בכנסת, מפני שנשוא החדירה היה מכתב, ומכתב מוגן על-ידי חוק הגנת הפרטיות, שאוסר עשיית שימוש במכתב ללא רשות. אבל לו היה מדובר בנתונים שאינם בגדר מכתב, אין סעיף חוקי שאוסר את המעשה. חברי הכנסת, כאמור, במרבית המקרים, על אף הנזק שנגרם לחברה, אין ההתנהגות הפסולה מהווה עבירה על-פי החוק הקיים, מפני שתוכנה ומידע הם ישויות ערטילאיות, בעוד רוב חוקי העונשין הקיימים מתייחסים לישויות מוחשיות. חדירה למחשב לצורך לקיחת מידע ממנו נעשית בדרך של עיון או העתקה ולא נטילה פיסית, והמידע המקורי נשאר גם בידי הקורבן. לכן, חדירה למחשב ושימוש במידע אינם נופלים בגדר עבירת הגנבה, גם עבירות זיוף או מרמה, שאינן מתאימות בדרך כלל לעבירות מחשב. לכן יש לשנות מצב זה בהקדם על-ידי חקיקה ספציפית, כפי שעשו מדינות מערביות רבות. מטרת הצעת החוק היא למנוע התנהגויות פסולות הן למטרות של רווח אישי, ואז העונש חמור יותר, והן אם נעשו כספורט - להפגין יכולת טכנית, להקניט, לעשות מהומה. על מנת לאפשר פיצוי לניזוק מעבירות המחשב, קובעת ההצעה כי כל מעשה אסור ייחשב גם כעוולה אזרחית בנזיקין. גברתי היושבת-ראש, בסיום דברי אני רוצה להתייחס לדברים של המשנה ליועץ המשפטי לממשלה, עורכת-הדין יהודית קרפ, שאמרה שהצעות החוק של חברי הכנסת בתחום החוקים הפליליים נעשות בצורה אקראית, ותיקון החוק נעשה שלא בצורה שיטתית, כך שבמצב זה, היא אומרת, המשפטנים נאלצים רק לכבות שרפות, ואין להם זמן לעסוק בחקיקה הפלילית הצריכה לבוא כהצעת חוק ממשלתית. אני מסכים, כי עקרונית חוק מחשבים מקיף צריך להיות מטופל ביוזמה ממשלתית. אולם, חברי הכנסת, שימו לב למחדלי היוזמה הממשלתית בתחום עבירות המחשב. משרד המשפטים הכין הצעת חוק ב-1987; טיוטה שנייה - ב-1991; שלישית - ב-1992. היום אנחנו כבר כמעט ב-1994 וההצעה הממשלתית איננה מטופלת, ולדעתי אין כל סימן שתוגש לכנסת בקרוב. לכן הוכנה הצעה זאת, המטפלת באופן ממצה בעבירות מחשב. ההצעה מתבססת בחלקה גם על טיוטת משרד המשפטים. הנושא הזה הוא הדחוף ביותר בתחום המחשבים. פרקים אחרים של חוק מחשבים מקיף הם דחופים קצת פחות, ובהם ניתן אולי להמתין לפתרון של הממשלה. לסיום אני רוצה לציין, כי לעצם הנחת ההצעה על שולחן הכנסת היה הד רב בקהילת המחשבים בארץ. הנושא עלה לדיון בעיתונות המקצועית וקיבלתי תגובות, בין היתר מחברת י.ב.מ. התגובות האלה ביססו את הבנתי כי קיים קונסנסוס בדבר דחיפות הצורך בחקיקה בנושא. אני מתפלא, מצטער ומוחה על כך שהממשלה איננה חושבת כך.

אדוני היושב-ראש, חברי הכנסת, שר המשפטים, הבעיה שלי היא לא מי יקבל קרדיט, כפי שאתה מעמיד את זה, ואני חושב שאתה מעמיד את זה בצורה, הייתי אומר: אתה אדם הגון - אז לא הוגנת. זאת לא הבעיה.

אתה חזרת על זה כמה פעמים. ההצעה הזאת, אתה יודע שהיא לא בוסר. היא בנויה על ההצעה שלכם, ששבע שנים אתם מעכבים אותה. בנו אותה אנשי מחשבים, לא עוזרים שלי. ולכן אני אומר: אין בהצעה זו דגם. היא לוקחת קטע מסוים שהוא דחוף. אלא שאתם לא רוצים. אתם רוצים לומר: אתה מהאופוזיציה, אתה חבר הכנסת לא תציע את זה, אנחנו נביא את ההצעה. ואני אומר: זה לא יפה וזה לא נכון.

אני לא יודע, אני לא עוקב.

אני אומר פה לחברי הכנסת: בעוד חודש לא יהיה חוק של הממשלה. זה לא נכון. שבע שנים לא היה, לא יהיה בעוד חודש. שבע שנים אותו חוק, בשלוש גרסאות, הולך וחוזר, כי זה באמת דבר מסובך. אבל אפשר לקחת קטע ממנו ברגע מסוים, אולי דרכו לשלב אחר כך. אם תהיה הצעת חוק בעוד חודש, ישתלבו החוקים בוועדה, כמו שאמרת לגבי החוק הקודם. הרי ההצעה לא סותרת את ההצעה של הממשלה, אולי היא לא מקיפה את כולה. אני פונה לחברי הכנסת שלא לעשות פה חשבון של ממשלה ולהצביע בעד החוק.",1
24537,"אדוני היושב-ראש, חברי הכנסת, ""לשנה הבאה בירושלים בירת פלשתין"" - כך בירך יאסר ערפאת את הפלשתינים לרגל חג המולד. מי שאינו יכול להצטרף לברכה הזאת נאבק בהסכם הזה. הדבר החמור מאין כמוהו הוא, שה""חמאס"" מצליח, לאור היום, בחוצפה בלתי רגילה, לבצע תוכנית צבאית של נקמה. הוא מודיע מראש על מספר הפיגועים שיהיו ומבצע מה שהודיע. יום לפני הרצח בביתוניא, של מנדלוביץ ולוין, השם ייקום דמם, הודיעו שעומדים להרוג שני ישראלים. וכך עוד הפעם ועוד הפעם. אני בטוח שצה""ל מפעיל כוח, ובכל זאת ארגון טרור צבאי בשטח השליטה של ישראל, לאור היום, בדרכים ראשיות, בהודעות מראש, מבצע רציחות. דבר כזה לא היה קודם. ההצלחה שלהם היא מעבר למה שמישהו מאתנו שיער. עד כדי כך שעולה השאלה, מי באמת שולט בשטח, מפני שארגון צבאי שפועל כך, שולט בשטח. המחשבה ששוטרי ערפאת יעשו את זה בשבילנו היא מחדל קונצפטואלי, אשליה, חלום בלהות באספמיה, תרמית לעם. אין לזה בסיס ואין לזה יסוד. לא נוכל גם להאשים את אש""ף שהוטעינו. הם אינם מתחייבים לכך. להיפך, הם מודיעים שישתפו פעולה. לכל אורך הדרך התייצב אש""ף לימין ה""חמאס"": הוא דרש להחזיר את המגורשים, לשחרר את העצורים שלהם, ותיאם אתם הפגנות. יש שיתוף פעולה אסטרטגי ביניהם, חלוקת עבודה: אלו לוחצים בצד המדיני, ואלו לוחצים על ההדק כדי ללחוץ עלינו במשא-ומתן. זאת עובדה: ה""חמאס"" הוריד פרופיל בתחומי ""הקו הירוק"", אם כי היו רציחות בנתניה, באשדוד, בחולון, אבל עיקר פיגועיו הם כלפי ישראלים, ביהודה, בשומרון ובעזה, ובכך הוא מעיד שאיננו מתכוון לטרפד את חוזה השלום אלא לעזור לאש""ף להשיג הישגים במשא-ומתן. חברי הכנסת, נשמעו גם הערכות מוסמכות שצופות, לאחר ביצוע הנסיגה מעזה ומיריחו, שהפיגועים יוחמרו על-ידי ה""חמאס"", לאו דווקא בעזה אלא ביהודה ובשומרון, היכן שלא חל ההסכם. הערכה זאת של גורמי ביטחון מחזקת את ההרגשה הקשה ומעידה שיש כאן חלוקת עבודה: אחד במאבק המדיני, והשני מלווה את זה באש. וכתובת האש הזאת מאששת את הכתובת שאנחנו יכולים לראות ביהודה ובשומרון על קירות של חצרות ובתים, לאמור, ש""פתח"" ו""חמאס"" יחד עד הניצחון. מה זה אם לא כתובת על הקיר? אדוני היושב-ראש, פירוש הדבר, שאנחנו לכאורה מוותרים לאש""ף, אבל למעשה מפקירים את השטח ל""חמאס"", וכבר מודים בממשלה שלא תהיה לנו שליטה על כך ש""חמאס"" לא יהיו במשטרה. ואנשי ""פתח"" התבטאו במפורש שייתנו ל""חמאס"", הם אמרו, ""נשק עם נשיקות"" כדי לעשות בנו פיגועים. והדבר מגיע עד אבסורד שכזה, שאפילו 13 חברי כנסת ממפלגת העבודה, שהרגישו בחושם הבריא שלא סביר הדבר ומוגזם, והם חתמו על הקו המוסרי, הנקי, שלא לתת רובים למי שרצחו את אחיהם, מי שרצחו יהודים. 13 אלה ננזפו במפלגה, וכך יצא המרצע מן השק, שמתכוונים לתת נשק לרוצחים הכי גדולים. ועל זה מהמרת ממשלת ישראל, שגדולי הרוצחים יגוננו עלינו. יש כאן, חברי הכנסת, פשיטת רגל של כל מה שהשמאל טען למענו כל השנים.

הם דיברו על קו שלום מבחינה הומנית-מוסרית. ואני שואל, אני שואל גם אותך, חבר הכנסת דיין: האם מוסרי לתת נשק ולגייס למשטרה אנשים שעסקו בטרור מזעזע נגד חפים מפשע, גם מבני עמם? זה לא כתוב בהסכם קמפ-דייוויד. זה הרעיון המוסרי שהשמאל משווק לנוער שלנו, שומו שמים. הלכו על הרעיון של דמוקרטיה ובחירות לפלשתינים, כך הוסכם בהסכם. מתברר שערפאת מכין משטר דיקטטורי בתמיכתנו המלאה. חבריו-יריביו אומרים זאת בפה מלא: דיקטטורה רצחנית מבית, ו""חמאס"" שישתלח בנו. ואלה שרוממו את הדמוקרטיה בפיהם ממלאים פיהם מים. האירופים מסרבים לממן, כי ערפאת תובע שיטות ניהול של כנופיה בלי בקרה. יתברר שכל ההבטחות, שההסכם הזה מונח עליהן, של השקעות ענק, שבלעדיהן לא תיכון האוטונומיה, לא תוכלנה להתממש, מפני שאין נכונות בארצות המערב לבזבז כסף רק כדי שערפאת ישלוט בארגון הטרור שלו, כפי ששלט על אש""ף עד עכשיו. את כל זה, ממוסר ועד דמוקרטיה, מוכן השמאל לבלוע על סמך התקווה שיהיה שקט אצלנו. אבל כפי שה""חמאס"" מוכיח, שקט לא יהיה. אז אומרים לנו, שגם בימי שלטון הליכוד היה טרור. נניח שלעובדה שעם ישראל חי בארצו היה מחיר כואב. אבל אתם מוותרים על חלקים של הארץ ומבטיחים תמורתם שלום, אבל אין שלום, ויש טרור והוא מתגבר. אתם מחזירים את מגורשי ה""חמאס"", ובניגוד להתחייבות משחררים אותם בלי להחתים אותם שהם יחדלו מטרור. ואתם מפסיקים לרדוף אחרי מבוקשי ה""פתח"". ואומר השמאל, הכול כדאי כדי להפריד בינינו לבינם. גם זה לא נכון. הם מתכוונים לעבוד בתל-אביב בהמוניהם, כי הקשר והתלות רבים, ולא מדובר על הפרדה אלא על תחרות, למשל חקלאית, עד שהחקלאות שלנו, בעיקר בגידולי שדה ובלול, תתמוטט, ולא רק ביש""ע אלא גם ביישובי ההר ובהמשך ביישובי העמקים. מסתבר שהחקלאות הישראלית, שדוברי הממשלה משתבחים בה, תיפול. כשממלא-מקום ראש הממשלה, השר פרס, דיבר על עמק-יזרעאל, נראה עכשיו כאילו זה היה הספד לעמק-יזרעאל. לכן אולי לא מתרגשים אצלנו כשלוקחים מאתנו את מקורות המים, שהרי לא נצטרך להם כל כך, מפני שנתפרנס ממכירת תוכנות מתוחכמות לארצות ערב. חברי הכנסת, אני מסיים ואומר: כל זה לא יעמוד במבחן. כשהעובדות יטפחו על פני העם ולא האופוריה שהממשלה מטפחת, תקום זעקה גדולה מאוד, כי ייווכחו שיש ויתור על הארץ בלי שלום, בלי ויתור על האמנה הפלשתינית ועם טרור, ואז תיפול הממשלה. אבל ספק אם ניתן יהיה לתקן את המצב. והשאלה איננה שלום או מלחמה, אלא באיזה הסכם מדובר. וההסכם הזה מצמיח פירות מרים מאוד. מאז הצעת האי-אמון האחרונה, לפני שלושה שבועות, נרצחו עוד חמישה ישראלים: שלוה אוזנה, יצחק ויינשטוק, מרדכי ושלום לפיד וסגן-אלוף מאיר מינץ, השם ייקום דמם.

שבעה אנשים, גם מאיר מנדלוביץ ואליהו לוין, השם ייקום דמם. בעצם שכחתי שבגללם הבאנו את הצעת אי-האמון הזאת. שבעה הרוגים בשלושת השבועות האחרונים. הממשלה לא תודה היום בטעותה והיא לא תעצור עכשיו, לפני עזה ויריחו. היות שהיא לא תעשה כך, אין לנו ברירה אלא להציע אי-אמון לממשלה.

אני אומר שהאוטונומיה הזאת היא לא האוטונומיה ההיא.",3
24576,"אדוני היושב-ראש, חברי הכנסת, ""לשנה הבאה בירושלים בירת פלשתין"" – כך בירך יאסר ערפאת את הפלשתינים לרגל חג המולד. מי שאינו יכול להצטרף לברכה הזאת נאבק בהסכם הזה. הדבר החמור מאין כמוהו הוא, שה""חמאס"" מצליח, לאור היום, בחוצפה בלתי רגילה, לבצע תוכנית צבאית של נקמה. הוא מודיע מראש על מספר הפיגועים שיהיו ומבצע מה שהודיע. יום לפני הרצח בביתוניא, של מנדלוביץ ולוין, השם ייקום דמם, הודיעו שעומדים להרוג שני ישראלים. וכך עוד הפעם ועוד הפעם. אני בטוח שצה""ל מפעיל כוח, ובכל זאת ארגון טרור צבאי בשטח השליטה של ישראל, לאור היום, בדרכים ראשיות, בהודעות מראש, מבצע רציחות. דבר כזה לא היה קודם. ההצלחה שלהם היא מעבר למה שמישהו מאתנו שיער. עד כדי כך שעולה השאלה, מי באמת שולט בשטח, מפני שארגון צבאי שפועל כך, שולט בשטח. המחשבה ששוטרי ערפאת יעשו את זה בשבילנו היא מחדל קונצפטואלי, אשליה, חלום בלהות באספמיה, תרמית לעם. אין לזה בסיס ואין לזה יסוד. לא נוכל גם להאשים את אש""ף שהוטעינו. הם אינם מתחייבים לכך. להיפך, הם מודיעים שישתפו פעולה. לכל אורך הדרך התייצב אש""ף לימין ה""חמאס"": הוא דרש להחזיר את המגורשים, לשחרר את העצורים שלהם, ותיאם אתם הפגנות. יש שיתוף פעולה אסטרטגי ביניהם, חלוקת עבודה: אלו לוחצים בצד המדיני, ואלו לוחצים על ההדק כדי ללחוץ עלינו במשא-ומתן. זאת עובדה: ה""חמאס"" הוריד פרופיל בתחומי ""הקו הירוק"", אם כי היו רציחות בנתניה, באשדוד, בחולון, אבל עיקר פיגועיו הם כלפי ישראלים, ביהודה, בשומרון ובעזה, ובכך הוא מעיד שאיננו מתכוון לטרפד את חוזה השלום אלא לעזור לאש""ף להשיג הישגים במשא-ומתן. חברי הכנסת, נשמעו גם הערכות מוסמכות שצופות, לאחר ביצוע הנסיגה מעזה ומיריחו, שהפיגועים יוחמרו על-ידי ה""חמאס"", לאו דווקא בעזה אלא ביהודה ובשומרון, היכן שלא חל ההסכם. הערכה זאת של גורמי ביטחון מחזקת את ההרגשה הקשה ומעידה שיש כאן חלוקת עבודה: אחד במאבק המדיני, והשני מלווה את זה באש. וכתובת האש הזאת מאששת את הכתובת שאנחנו יכולים לראות ביהודה ובשומרון על קירות של חצרות ובתים, לאמור, ש""פתח"" ו""חמאס"" יחד עד הניצחון. מה זה אם לא כתובת על הקיר? אדוני היושב-ראש, פירוש הדבר, שאנחנו לכאורה מוותרים לאש""ף, אבל למעשה מפקירים את השטח ל""חמאס"", וכבר מודים בממשלה שלא תהיה לנו שליטה על כך ש""חמאס"" לא יהיו במשטרה. ואנשי ""פתח"" התבטאו במפורש שייתנו ל""חמאס"", הם אמרו, ""נשק עם נשיקות"" כדי לעשות בנו פיגועים. והדבר מגיע עד אבסורד שכזה, שאפילו 13 חברי כנסת ממפלגת העבודה, שהרגישו בחושם הבריא שלא סביר הדבר ומוגזם, והם חתמו על הקו המוסרי, הנקי, שלא לתת רובים למי שרצחו את אחיהם, מי שרצחו יהודים. 13 אלה ננזפו במפלגה, וכך יצא המרצע מן השק, שמתכוונים לתת נשק לרוצחים הכי גדולים. ועל זה מהמרת ממשלת ישראל, שגדולי הרוצחים יגוננו עלינו. יש כאן, חברי הכנסת, פשיטת רגל של כל מה שהשמאל טען למענו כל השנים.

הם דיברו על קו שלום מבחינה הומנית-מוסרית. ואני שואל, אני שואל גם אותך, חבר הכנסת דיין: האם מוסרי לתת נשק ולגייס למשטרה אנשים שעסקו בטרור מזעזע נגד חפים מפשע, גם מבני עמם? זה לא כתוב בהסכם קמפ-דייוויד. זה הרעיון המוסרי שהשמאל משווק לנוער שלנו, שומו שמים. הלכו על הרעיון של דמוקרטיה ובחירות לפלשתינים, כך הוסכם בהסכם. מתברר שערפאת מכין משטר דיקטטורי בתמיכתנו המלאה. חבריו-יריביו אומרים זאת בפה מלא: דיקטטורה רצחנית מבית, ו""חמאס"" שישתלח בנו. ואלה שרוממו את הדמוקרטיה בפיהם ממלאים פיהם מים. האירופים מסרבים לממן, כי ערפאת תובע שיטות ניהול של כנופיה בלי בקרה. יתברר שכל ההבטחות, שההסכם הזה מונח עליהן, של השקעות ענק, שבלעדיהן לא תיכון האוטונומיה, לא תוכלנה להתממש, מפני שאין נכונות בארצות המערב לבזבז כסף רק כדי שערפאת ישלוט בארגון הטרור שלו, כפי ששלט על אש""ף עד עכשיו. את כל זה, ממוסר ועד דמוקרטיה, מוכן השמאל לבלוע על סמך התקווה שיהיה שקט אצלנו. אבל כפי שה""חמאס"" מוכיח, שקט לא יהיה. אז אומרים לנו, שגם בימי שלטון הליכוד היה טרור. נניח שלעובדה שעם ישראל חי בארצו היה מחיר כואב. אבל אתם מוותרים על חלקים של הארץ ומבטיחים תמורתם שלום, אבל אין שלום, ויש טרור והוא מתגבר. אתם מחזירים את מגורשי ה""חמאס"", ובניגוד להתחייבות משחררים אותם בלי להחתים אותם שהם יחדלו מטרור. ואתם מפסיקים לרדוף אחרי מבוקשי ה""פתח"". ואומר השמאל, הכול כדאי כדי להפריד בינינו לבינם. גם זה לא נכון. הם מתכוונים לעבוד בתל-אביב בהמוניהם, כי הקשר והתלות רבים, ולא מדובר על הפרדה אלא על תחרות, למשל חקלאית, עד שהחקלאות שלנו, בעיקר בגידולי שדה ובלול, תתמוטט, ולא רק ביש""ע אלא גם ביישובי ההר ובהמשך ביישובי העמקים. מסתבר שהחקלאות הישראלית, שדוברי הממשלה משתבחים בה, תיפול. כשממלא-מקום ראש הממשלה, השר פרס, דיבר על עמק-יזרעאל, נראה עכשיו כאילו זה היה הספד לעמק-יזרעאל. לכן אולי לא מתרגשים אצלנו כשלוקחים מאתנו את מקורות המים, שהרי לא נצטרך להם כל כך, מפני שנתפרנס ממכירת תוכנות מתוחכמות לארצות ערב. חברי הכנסת, אני מסיים ואומר: כל זה לא יעמוד במבחן. כשהעובדות יטפחו על פני העם ולא האופוריה שהממשלה מטפחת, תקום זעקה גדולה מאוד, כי ייווכחו שיש ויתור על הארץ בלי שלום, בלי ויתור על האמנה הפלשתינית ועם טרור, ואז תיפול הממשלה. אבל ספק אם ניתן יהיה לתקן את המצב. והשאלה איננה שלום או מלחמה, אלא באיזה הסכם מדובר. וההסכם הזה מצמיח פירות מרים מאוד. מאז הצעת האי-אמון האחרונה, לפני שלושה שבועות, נרצחו עוד חמישה ישראלים: שלוה אוזנה, יצחק ויינשטוק, מרדכי ושלום לפיד וסגן-אלוף מאיר מינץ, השם ייקום דמם.

שבעה אנשים, גם מאיר מנדלוביץ ואליהו לוין, השם ייקום דמם. בעצם שכחתי שבגללם הבאנו את הצעת אי-האמון הזאת. שבעה הרוגים בשלושת השבועות האחרונים. הממשלה לא תודה היום בטעותה והיא לא תעצור עכשיו, לפני עזה ויריחו. היות שהיא לא תעשה כך, אין לנו ברירה אלא להציע אי-אמון לממשלה.

אני אומר שהאוטונומיה הזאת היא לא האוטונומיה ההיא.",3
25407,"למה לא חשבתם על זה כשהיתה ""אוניית השלום""?",1
25411,"למה לא חשבתם על זה כשהיתה ""אוניית השלום""?",1
25443,"אדוני היושב-ראש, חברי הכנסת, האנטישמיות חוזרת לממדים מדאיגים ומסוכנים ולסטריאוטיפים הקלסיים שלה. שוב לא מכסים עליה בהתקפה על הציונות ועל מדינת ישראל, אלא מדברים כמו בעבר על יהודים נצלנים ועל נאמנות כפולה. נשבר הטבו שהיה. אחרי הרצח של שישה מיליוני יהודים בשואה, נזהרו. עכשיו, גם במזרח, גם במערב, קמים ופועלים מנהיגים פוליטיים, שלהם רקע אנטישמי ומצע אנטישמי, והם חלק בלתי נפרד מהמשחק הפוליטי הלגיטימי. בגרמניה - הרפובליקנים והניאו-נאצים; בצרפת - לה-פן; בקרואטיה - הנשיא טוז'מן; בהונגריה, בפולין; וברוסיה - כמו שאמר היושב-ראש - ז'ירינובסקי. הם קצה קרחון של תופעה, שיש לחשוף אותה במלואה. שורפים בתי-כנסת, מחללים בתי-קברות, פוגעים ביהודים. חברי הכנסת, יש הישגים למלחמה באנטישמיות. גם בוועדה שליד הממשלה וגם בקונגרס היהודי העולמי ובגופים נוספים, עוסקים בחקיקה נגד גזענות ונגד אנטישמיות. אבל לא בכל מדינה נחקקו החוקים, ובמקומות רבים, גם אם יש חוק, אין מיישמים אותו. השאלה החוזרת היא, באיזו מידה רואה מדינת ישראל את עצמה כמרכז המאבק באנטישמיות. המדינה לוחמת נגד ""ציונות שווה גזענות"", באנטי-ציונות, אבל לא תמיד; אנחנו תופסים כאן את חומרת האנטישמיות במובן המקומי, הקהילתי, כאילו זו בעיה שלהם, של היהודים בחוץ-לארץ, לא כל כך שלנו, שהרי הם יכולים לבוא לכאן. אסור שזאת תהיה התפיסה של מדינת ישראל. אדוני היושב-ראש, צריך להחדיר עמוק יותר במוחותינו ובלבותינו את הבנת האנטישמיות כנושא יהודי, שעל מדינת ישראל להתייצב ברצינות בראש הלוחמים בו, ללא מורא, בלי להתרפות ובלי להרפות. כאשר העלינו את הנושא, לפני כחצי שנה, הצעתי להקים בישראל מרכז למלחמה באנטישמיות ובגזענות, בכל מקום שבו היא מצויה ובאשר היא צצה. התהליך של תנועות ומפלגות אשר להן מנהיגים אנטישמים ופרסומים אנטישמיים הולך ומתרחב, במערב ובמזרח-אירופה. ומדינת ישראל איננה רשאית לעמוד מן הצד או לטפל בכך בקול ענות חלושה. עלינו לתאם עד כמה שאפשר את המאבק באנטישמיות עם קהילות יהודיות באשר הן, תוך מאבק ספציפי באפיוני האנטישמיות בכל מדינה ובכל קהילה. מרכיב הבושה או תחושת האשם שהתלוו לאחר השואה לגילויי האנטישמיות נחלשו מאוד, ובמקומות שונים אף הותרה הרצועה לחלוטין, עד כדי כך שבמדינות שונות הפכה האנטישמיות תופעה מרכזית של ההוויה הפוליטית.

בהחלט. יהודים מואשמים בגלוי באחריות לכל משבר ולתוצאותיו. כך גדל הסיכון לפיגועים ולאירועים אלימים נגד היהודים, על-ידי גורמים במזרח אירופה ובמערבה ובארצות האסלאם. חברי הכנסת, לא מדובר פה בעניינים פנימיים של המדינות. מה שקורה ליהודים בעולם הוא בוודאי מענייננו. והכנסת צריכה להיות מעורבת בכך בעבודה של אחת מוועדותיה, אולי באופן קבוע, וגם בקריאה לממשלה לפעול נמרצות כדי לרוצץ את קודקוד הנחש בעודו קטן. הביטויים האנטישמיים והמאיימים של ז'ירינובסקי והניצחון הסוחף שלו בבחירות ברוסיה הם אות אזהרה לעולם ולנו. אל נעמוד מן הצד, פן נעמוד על הדם.

אבל אחת הוועדות שקיימת יכולה לראות את זה כנושא שלה, כמו שאמרתי.",1
25767,"על מה את מדברת? האנשים הדתיים לא משרתים בצבא?

אין חיילים לוחמים דתיים?

אדוני היושב-ראש, חברי הכנסת, אינני חושב שהכנסת היא המקום להתעסק בו בנושאי הלכה, את מי מותר לקבור אצל מי על-פי ההלכה. בכנסת יש מקום לדון בהיבט הציבורי של העניין הכאוב והרגיש הזה.

כן, אבל לא להיכנס פה לשאלה, האם ההלכה היא כזאת או אחרת האם היא צודקת. אגע בזה עוד מעט. יש לכולנו רגשות בלב, הוקרה, הערצה ומלים חמות מאוד כלפי סגן-אלוף עמוס ירקוני, זיכרונו לברכה, כאדם שהיה מגדולי הלוחמים לביטחון ישראל, כאדם שהזדהה עם גורלנו, קשר את גורלו בגורלנו והקריב הרבה מאוד למען המדינה. אנחנו מכבדים מאוד את זכרו וחבים לו הרבה. העובדה שהוא נקבר על-פי רצונו ועל-פי רצון המשפחה בבית-קברות צבאי יהודי ובטקס לוויה מוסלמי מעידה על עמדתנו, קודם כול, שהיא מלאה יראת כבוד כלפיו, ועל עמדתו כלפי מדינת ישראל ועמדתו כלפי אמונתו ודתו המוסלמית - הגאה והלא-מטושטשת. לכן, אין מישהו שרשאי ליצור מצב, שלפיו תעיד העובדה שהוא נקבר בקבר ישראל כאילו הוא החליט להתגייר, מפני שקבר ישראל היה מאז מתמיד עדות לזהות יהודית. במרוצת הדורות, גם אחרי שנים ארוכות, העידו על פלוני ועל פלונית שהם יהודים באשר נקברו בקבר ישראל. אגב, יש ועדה שעוסקת עכשיו בפלאשמורה, האתיופים. היא נשענת על זה גם כן. השר צבן, בוודאי חילוני מובהק, גם הוא בין הממיינים את אלה שלא יהיו זכאים לחוק השבות, אלה שלא נקברו בקבר ישראל שם.

בנוגע לפלאשמורה. זה נושא אחר; אני אתך. אני רק מסביר את הנקודה הספציפית הזאת. יהודים שמרו על כך לאורך דורות, ומפני ההקפדה הזאת, ניתן לאחר שנים ודורות להעיד על יהדות על-פי מקום הקבורה כסימן מובהק מעבר לרצונו של מישהו. חברי הכנסת, בדיון הזה, בעומקו, חוזר הוויכוח האם כל מי שמשרת בצה""ל, או אם אתם רוצים, לחלופין, חסיד אומות העולם, או אם אתם רוצים כל אזרח ישראלי הופך בכך ליהודי באשר לכל דבר, כמו למשל לנישואין. אנחנו מעריצים את עמוס ירקוני, זיכרונו לברכה, את ברית הדמים אתו, ואמרתי שחייבים לו הרבה. לא נעים להזכיר, אבל המשפחה והעיתונות הזכירו את עוגמת הנפש והכאב שהיו לו בחייו באשר ליחס של השלטונות כלפי השוויון של הבדואים, כמו ""הסיירת הירוקה"", ועוד, ואז איש לא קם. הדבר אמור כלפי כל בעלי בריתנו, דרוזים, צ'רקסים, בדואים. אנחנו אוהבים אותם, מעריצים אותם, רואים בהם אחים לנשק וראויים לכל זכות אזרחית בחיים ובמוות. אבל זה לא בא במקום גיור, למשל. אם אחד מהם ירצה להיות יהודי, לדידי ולטעמי, למשל, אם אחד מהם יבקש להתגייר, זה שהוא לחם לצדנו ראוי שיהיה גורם חיובי מסייע, אבל הוא לא במקום, הוא לא מספיק כשלעצמו כדי לקבוע את גיורו ולעשות אותו ליהודי. אדוני היושב-ראש, אולי זה המפתח לראייה מאוזנת של הנושא. סגן-אלוף ירקוני נקבר בבית-קברות צבאי יהודי. הסביר פה ידידנו גנדי מדוע לא בבאר-שבע, מדוע לא בגליל, כפי שביקש, אבל בבית-קברות יהודי, מפני כבודו כלוחם וכמפקד בצה""ל. הפשרה נעשתה בקבורתו בחלקה מיוחדת באותו בית-קברות, חלקה שהוקצתה למי שאנחנו חייבים להם המון, אבל הם ואנחנו לא רוצים טשטוש זהותנו. אגב, כשאנחנו מבקרים בבתי-הקברות הצבאיים באירופה, למשל, גאים להראות לנו חלקות מיוחדות של לוחמים יהודים - - -

חבר הכנסת צוקר, נניח. אבל במקומות רבים יש חלקות מיוחדות, ואלה שמראים לנו את המצבות עם המגן-דוד ולא הצלב מרוכזות, אומרים בגאווה: תראו, ייחדנו חלקה ליהודים. תבואו תראו איך כיבדנו אתכם. לא רואים בזה אפליה לרעה. וגם אני, כשאני רואה את זה, אני מכבד ומתכבד בזה. אני אומר, הנה נתנו ליהודים, באותו מקום, באותו בית-קברות, חלקה שלהם, חלקה מיוחדת של לוחמים יהודים. הם משתבחים בהכרה שלהם, בייחוד שלנו בכך שהם מקצים חלקות נשגבות ומכובדות, כראוי ללוחמים ולפטריוטים, אבל חלקות נפרדות, כעדות לזהות האישית של המתים. ירקוני, כמו וינגייט, אם אתם רוצים, היה לוחם אדיר למען ישראל, אבל הוא לא רצה לטשטש את הזהות הבדואית המוסלמית שלו. חברי הכנסת, כאמור, אין טעם, לדעתי, להיכנס מעל במת הכנסת לבירורי הלכות, להסברי הלכות. יש טעם לדון בכך במשמעות הציבורית, בשני דברים: האחד, כיבוד האישיות והמעשים החשובים שלה למען מדינת ישראל ועם ישראל, ואל יעלה על הדעת, שלרב הראשי לצה""ל, האלוף גד נבון, כמו גם לראש הממשלה מר יצחק רבין, יש שמץ של מחשבה לא טובה כלפי האיש שבעיניהם ובעינינו, אני מדבר פה במונחים הקשורים לקבורה, היה צדיק, שכרת ברית דמים אתנו, שקשר את גורלו בגורלנו, ואנחנו רואים בו אח למדינה ולעם, מודים לו ומעריכים את זכרו. הנקודה השנייה - המשמעות של הזהות היהודית, כפי שהיא מתבטאת דורות רבים ב""קבר ישראל"". שני השיקולים האלה הובאו בחשבון כאשר הוחלט על בית-קברות אחד למי שרוצה בכך - הנה הדרוזים נקברים מרצונם בבתי-קברות דרוזיים - ולחלקה מכובדת מיוחדת. לכן ההחלטה נראית לי נכונה. אלה שתוקפים אותה, חלקם תוקפים אותה מחמת רגישות מובנת. הרי מדובר פה בגיבור ישראל, בדבר אנושי. יש כאן רגש ורגישות מובנים. הסברתי מדוע יש פה טעות, אבל הרגש והרגישות האלה מובנים. אבל יש כאן גם מאבקים פוליטיים, הקשורים בכלל למאבק סביב טשטוש הזהות שלנו, או מציאת דרך אחרת לזהות שלנו. חבל ששני הצדדים, מרצון טוב או מרצון אחר, הביאו צער על המשפחה היקרה, צער שלא היה צורך בו. חבריו לנשק הביעו הזדהות ורצו לתקן את הרושם של אפליה, לחדש את ההוקרה. כך התבטא חבר הכנסת רחבעם זאבי, כך התבטאו חברים אחרים, כדי להביע הזדהות של עם ישראל עם לוחמים שהם בעלי בריתו. אבל, חבורת הצעקנים, שבשם החילוניות טוענים שזלזלו בזכרו - זאת עלילה שפלה ומרושעה. לא הרב הצבאי הראשי, לא ראש הממשלה ולא אף אחד מאתנו - יש בו שמץ של התנכרות לזכויותיו של ירקוני. להיפך. אדוני היושב-ראש, לסיום, אני רוצה לומר לחבר הכנסת דדי צוקר. ברשותך, אם הבנתי נכון מה שהיה אתמול בוועדה, אני רוצה להתייחס לזה, למחשבתך; לא כקריאת תיגר אלא כחומר למחשבה. אני שמעתי על הקריאה לקבורה חילונית-צבאית. ינעם למי שרוצה בכך, אבל חובתי היא להתריע: עדיין רוב מוחלט של הנופלים פה הם יהודים. ואתם קוראים לכך שחיילים יהודים ייקברו בבתי-קברות נפרדים. תחשבו על טקסי יום זיכרון נפרדים.

תן לי לסיים. ראיתי שנרשמת. תן לי לסיים. בגלל מקרה מאוד נדיר, מיוחד ומצער, שיכול היה להיות אחרת, כפי שאמר כאן חבר הכנסת זאבי, אילולא התעקש מישהו לעשות מה שעשה, לא כדאי לחלק גם בבתי-קברות את העם היהודי. אמרתי, תעשו מה שאתם רוצים. זו נקודה למחשבה, שלא תבואו בטענות בעוד כמה דורות אם - ואני מקווה שמדינת ישראל תישאר יהודית - יידרשו הנכדים שלהם, של אלה שנקברים שם, להתגייר, באשר הם קבורים בבתי-קברות מעורבים, בין יהודים ללא-יהודים, ולפי זה ינסו לזהות. אני אומר את זה בדאגה, לא כאזהרה. ראוי להושיט יד כדי לשמור על זהות משותפת, שהנכדים לא יידרשו להביא הוכחות על יהדותם; שלא יישברו הסיכויים שלנו לחיות יחד. יש כאן לא פגיעה בכבוד המת, אלא בכבוד החיים שיהיו אז. תזכרו איזו חומרה נוקטים גם נציגי השמאל - הזכרתי קודם - כלפי צאצאי האתיופים, שאולי התנצרו לפני חמישה דורות, ואין מחילים עליהם את חוק השבות, ואחת הסיבות לכך היא שהם נקברו בבתי-קברות נוצריים. מה יקרה בעוד דור או שניים או שלושה - אמרתי, אני מקווה שמדינת ישראל תישאר יהודית ביסודה - למי שלא נהגו מנהגי יהדות ולא נקברו בקבר ישראל? הצאצאים שלכם הם שיבואו בטענות אליכם, על שמקרה כואב אחד, אבל נדיר ובודד - לא עשינו הכול כדי לא להופכו לסלע מחלוקת. פילגתם את היהודים וסיכנתם את הזהות של הנכדים. כדאי להביע את ההזדהות שלנו והכאב שלנו עם האלמנה, הגברת ירקוני, הילדים והמשפחה, על הסבל שעברו, על המהומה ועל הדרך שבה הוצגו הדברים. אבל כדאי להוריד את הסוגיה מסדר-יומנו. מלים חמות למשפחת ירקוני ומלים כנות לעצמנו, באשר לצורך לשמור על הייחוד שלנו, תוך כבוד ואחווה לזולתנו, ובוודאי לאלה שלחמו למען הארץ והעם.",1
26517,"אדוני היושב-ראש, חברי הכנסת, רציחתם של כ-1,000 פלשתינים בידי בני עמם במשך שש שנות האינתיפאדה היא נתון מחריד. הפקרתם, ברגע שבו יוצא צה""ל מריכוזי האוכלוסייה, לגורלם, לעינוים ולרציחתם היא דבר לא מוסרי ולא אחראי. ישראל איננה רשאית להפקיר אותם. יש לנו אחריות מוסרית לשלום הסייענים שסייעו לצה""ל, למשטרת ישראל ולשב""כ להגן על חיינו וביטחוננו. הם זכאים להגנה מלאה מצדנו, באשר הם שירתו את ישראל ואת ביטחונה. והרגישות המצפונית והמוסרית שלנו מחייבת. חובתנו הבסיסית היא לתבוע בהסכם שייעשה שתינתן חנינה לסייענים, ולראות הפרה של התחייבות, של ההסכם, אם ייפגעו ויירצחו, עם התגובה המתבקשת מכך. אבל עלינו לדעת, שאין ערך רב להתחייבות הזאת ואין מי שיערוב לחיי אלו שסייעו לנו להגן על חיינו וחיי ילדינו. חובתנו היא לעשות מאמץ רציני ולסייע לאלה שירצו בכך להגר לארץ אחרת ולבנות לעצמם זהות אחרת. אבל לא נוכל מוסרית להתחמק מכך שעלינו לאפשר להם לבחור בחירה אמיתית, כדי שאלה שירצו בזה, ויומלצו על-ידי כוחות הביטחון כמי שסייעו לנו ישירות ובנאמנות, יורשו להתיישב בישראל. זו זכותם וזאת חובתנו - לשקם אותם בתחומינו; אחרת - נהיה מתכחשים לחובה ההומניטרית היסודית שלנו. כמנהג ישראל, עלינו לגמול חסד עם מי שגמל אתנו חסד. אסור להפקיר את מי שסייע שדמנו לא יהיה הפקר. כך נהגו קדמונינו עם אלה שעשו עמנו חסד כשהיינו בצרה. במשך דורות הם לא נעזבו על-ידינו. תראו איך נהג אברהם אבינו עם ענר, אשכול וממרא, תראו את אבימלך, תראו את ברזילי הגלעדי. זאת חובה מוסרית אלמנטרית. חברי הכנסת, יש להביא בחשבון גם את רמת המוסר התועלתי, הקיומי. מי ירצה לכרות אתנו ברית, מי יעז לסייע לנו אם ידע שאנחנו ""משאירים פצועים בקרב"", שאנחנו מפקירים אנשים שהיו אתנו בזמנים הקשים למוות אכזרי בידי אחיהם, שאנו אמורים לחנון את אלו מהם שעצורים אצלנו על טרור. לכן, כל מי שמבקש מקלט אצלנו, מצוות ""לא תסגיר עבד אל אדוניו"" תחול עליו. גברתי היושבת-ראש, אל נזלזל בתביעה שלנו, שבמסגרת כל הסכם שייחתם נתבע, שכל הפוגע בהם - פוגע בהסכם. הבה נבחן את יעילותה של המשטרה החזקה בסוגיה הזאת, וכן נקבל על עצמנו להגיב על הפרה, כשתהיה. אבל ניתן זכות בחירה אמיתית למי שבכל זאת ירצה לעבור אלינו, שיזכה למקלט. יש תקדימים לזה. ועכשיו, אם וכאשר יצא הצבא מעזה, למשל, נאפשר לכל מי שזקוק לכך להציל את חייו ולשקמם. יהיו אלו מאות, אולי אלפים אחדים. אין ברירה, אלא להושיט להם יד, גם אם הדבר מקשה עלינו. כאמור, זאת מחויבות מוסרית ואחריות פוליטית שלנו. לכן, אני מציע שהכנסת תדון בכך ברצינות, ובהקדם.

באיזה הקשר אתה אומר זאת?

לא דיברתי על אחריות לאזור, אלא על אחריות כלפי אלה שעזרו לנו.

כל מי שיצטרך, יוכל להיקלט כאן?

הם התעייפו מן ההצבעה על הבשר.",4
27170,"אדוני היושב-ראש, חברי הכנסת, שר האוצר מסרב להעלות ב-2,000-1,000 שקל את שכרם העלוב של המרצים באוניברסיטאות. תמוהה ומצערת גם השלמתו של שר החינוך, שתיקתו, מפני שמחיר הסירוב הזה הוא פגיעה אנושה בהשכלה של הדורות הבאים. נכון, גם שכרם של הרופאים והאחיות, המורים והעובדים הסוציאליים ומועסקים חיוניים אחרים בשירות המדינה הוא שכר ירוד. אבל עכשיו העלו אנשי ההשכלה הגבוהה את בעייתם, שהיא בעייתנו, ואת תביעתם הצודקת לתיקון משמעותי במעמדם ובשכרם, שכן רמת השכר שהמדינה מאשרת לבכירים שבמדעניה היא לעג לרש והיא מעידה על האי-חשיבות שהמדינה מייחסת להם ולהשכלה הגבוהה.

יפה. השוו את שכרם עם זה של מיוחסים אחרים בחברה החומרנית שלנו, ותבינו איך מדינת ישראל מוותרת על מצוינות מדעית ואקדמית עתידית ומעדיפה עליה תכליתנות פוליטית או כלכלית מיידית. צריך כנראה להזכיר, שלמערכת ההשכלה הגבוהה שלנו תפקיד מכריע בקביעת הרמה התרבותית, הרוחנית, הטכנולוגית והמדעית שלנו. עקבו אחר בוגרי המוסדות להשכלה גבוהה, תמצאו אותם ממלאים תפקידי מפתח במדע, בכלכלה, בטכנולוגיה, בתרבות, במשפט, ברפואה, בחינוך, במינהל הציבורי. מההשכלה הגבוהה יוצאים אלה שממלאים תפקידי מפתח בחברה ובמשק. ולהשכלה הגבוהה, כולם יודעים, יש חשיבות עליונה גם בתחום הביטחוני. כושרה של המדינה לעמוד בפני האתגרים הביטחוניים, הכלכליים והחברתיים הוא פועל יוצא של רמת ההכשרה והמחקר שמתקיימים במוסדות להשכלה הגבוהה. חברי הכנסת, גם הידע שנצבר על-ידי החוקרים בארץ וקשרי הגומלין שלהם עם עמיתיהם בחוץ-לארץ הם אחד המשאבים החשובים ביותר שלנו, ועל-כן איוולת היא למנוע מהחוקרים שלנו את המגע עם העולם החיצון במסגרת השבתון שלהם. אבל, לא פחות מזה יש לרמת השכר השפעה ישירה ומכרעת על הסיכויים של מערכת ההשכלה הגבוהה לעמוד במשימות האלה. מובן שאנחנו מביאים בחשבון את שיקולי העלות למשק. אבל, ברור מעל לכל ספק, שרמת השכר הבסיסי לאיש סגל צעיר, וגם השכר לכל דרגות המרצים, אינם משקפים את הכשרתם ואת תרומתם לחברה ולמדינה, וחובה היתה על הממשלה למצוא פשרה הוגנת, שתיתן תקווה למרצים ולהשכלה הגבוהה. הכנסת חייבת לשאול את עצמה, מה מביא קבוצה אחראית ומכובדת כמו המרצים באוניברסיטאות לעמידה עקשנית שכזאת, כאילו עד סוף הקרב. והתשובה היא, שהם מובילים קרב מאסף, קרב ייאוש על המעמד שלהם, ובעיקר על מעמד ההשכלה הגבוהה. מה הביא את האוצר להיות קשוח ואת משרד החינוך להיות אדיש? הרי זאת ממשלה שטענה שהיא מציבה את החינוך ואת ההשכלה בראש סולם העדיפויות שלה. אדוני היושב-ראש, ועדת-צור, ועדה ציבורית, רצינית, שישבה על המדוכה למעלה משנה, למדה את הנושא לעומקו מתוך אחריות למשק ולהשכלה הגבוהה, הצעותיה נראות בכיוון הסביר. אילו שמו אותן מלכתחילה כבסיס לדיון, לא היינו מגיעים לתוצאות קשות כאלה של אובדן סמסטר, ואולי שנת לימודים. אם לא נגיע לאיזה הסדר, לא יותר טוב מזה שאפשר היה להגיע אליו בתחילת הדרך, אינני יודע בכלל לאן נגיע, אולי לסוף ההשכלה הגבוהה; נזק לרבבות סטודנטים, רבבות סטודנטים שעובדים קשה כדי לרכוש את השכלתם. יש בדיון הזה, בצורת הדיון הזה, מין ניכור כזה, התנשאות כזאת, חוסר רגישות, שדוחפים להקשחה של עמדות ולעוגמת נפש. אני אומר את הדברים באופן מאוד כוללני, והפרטים הרי ידועים לאוצר, למשרד החינוך, לכולם. האוצר בעצם מציע תוספת שחיקה של %10 ריאלית, המרצים תובעים %100 תוספת ריאלית. ועדת-צור, אם נשקלל את הצעותיה, מציעה בערך כ=%50 ריאלי.

עם %20 דיפרנציאלי זה %50. זה בסיס, פרופסור חזן, חברת הכנסת.

אני אמרתי שהיא צד לעניין? היא צד להערה שלה.

אמרתי. אבל זה לכבודה שהיא פרופסור.

אני מוכן למנות את כל הפרופסורים, אם היושב-ראש יטיל עלי, והוא בראשם.

סביב ההצעה הזאת היה הגיוני להתדיין מן ההתחלה. עכשיו קשה יותר, לאחר הפגיעה בכבודם, באמינותם, בחשיבותם, לאחר הזלזול במדענים שלנו. ובכל זאת, יש באומץ ובפתיחות לגשת לכך ברוח הזאת. הכנסת ראוי שתלך לקראת המרצים ולקראת הסטודנטים, שלא נפסיד אנחנו את ההשכלה הגבוהה ושהם לא יפסידו את לימודיהם. היה דיון קודם בכנסת, הנושא הועלה על-ידי כמה חברי כנסת, אני זוכר ביניהם את חבר הכנסת דוד לוי, אבל היו חמישה חברים שהעלו את הנושא בשבוע שעבר או לפני שבועיים, והכנסת כולה התאחדה בקריאה לממשלה לסיים ברוח כזאת, שאני מציין היום, לסיים את הסכסוך הבלתי מועיל הזה, הבלתי נחוץ הזה. אבל מאז נמשכת ההתעללות במרצים ובסטודנטים. אני רוצה להזכיר שבממשלת בגין, כדי לעשות מעשה מיוחד, הלכו על ועדת-עציוני. שר האוצר, זיכרונו לברכה, שניבדל כולנו לחיים, התפטר בשל כך, אבל אמרו: לחינוך ראוי, כדי שלא יתמוטט, להעלות אותו על דרך המלך. הוא הדין במה שצריך להיעשות היום על-ידי הממשלה באשר לסטודנטים. אסור שהכנסת תסכים שיזלזלו בה ובדיון הקודם שלה, ברצון שלה גם בוועדות הכנסת. ובוועדת החינוך והתרבות של הכנסת אני יודע שהתקיימו כמה דיונים. אסור לזלזל בנושא הזה, להמשיך הלאה ולהפטיר כדאשתקד. בגלל הקשיחות הזאת, בגלל ההתנכרות, הנזק להשכלה הגבוהה, הנזק לסטודנטים, הפגיעה במרצים - אני מציע אי-אמון בממשלה, וגם אם הרוב הטכני ידחה את ההצעה פה במליאה, אני מצאתי שחשוב מאוד שזעקת האקדמיה הנוכחית והעתידית שלנו תישמע במלוא כאבה בכנסת.

אני מסכים למחוק את המלה: טכני. ייתכן שיש פה רוב קואליציוני, שיחליט להוריד, אבל אני בכל זאת מציע שהממשלה תחשוב על כך ותסכים לאי-אמון.

אתה יודע שזה נעשה על יסוד המלצות של ועדות ציבוריות.

אני משיב לו כל פעם שהוא פונה אלי.

את אומרת זאת על המרצים, שהם חברים שלך - - -

חד-צדדית ובאופן שלוח רסן מותר לתקוף אותי?

אנחנו פתחנו את האוניברסיטאות - - -

- - - כל ישראל ערבים זה לזה.

כדי לתת לכם הזדמנות להימנע ולקבל כסף.

אני יודע, אני יודע שאתה עושה את זה.

אני מתפלא עליך, שאתה תוקף אותנו שהגשנו הצעת אי-אמון - - -

אם אני אראה שאני טועה, אני אבקש סליחה.

סליחה, אני העליתי את זה בכנסת, את מה שאומר עכשיו חבר הכנסת הלפרט, והכנסת צריכה לדון על זה. אני לא העליתי את עניין מבחני הבגרות בכנסת?

תקרא אותי שלוש פעמים, ואני הולך.",1
28208,"אדוני היושב-ראש, חברי הכנסת, בבוסניה מתרחשת זוועה. עשרות אלפי ילדים ומבוגרים, הרוגים, מעונים, פצועים, והעולם לא שותק אבל הוא משותק. הפה לא באלם, אבל העולם כאילו נמצא באיזה הלם, מול רצח נורא שמתרחש בבוסניה, בסרייבו. על פניו נראה, שכרגע הסיכויים לפעולה של העולם החופשי קלושים; בעצם כמעט שאינם קיימים, והזמן אוזל. 17 סיבות מונים בעולם, מדוע לא תהיה התערבות יעילה. ובעצם יש סיבה אחת: אין רצון להתערב. השידורים היומיומיים הופכים את הרצח לשגרתי. בני האדם מאבדים את היחס לחיי האדם. האכזריות היא שגרה ומעשה של יום-יום, שעה-שעה, ברחבי העולם. שם, ביוגוסלביה לשעבר, רוצחים באכזריות ואין מרגישים שאין מכך רווח לשום צד. מה יישאר מכל זה כשצולפים על ילדים ומפגיזים למוות נשים ואזרחים, והעולם איננו יודע לפתור את הבעיה? ולכן ממשיכים בעסקים כרגיל, וזה הדבר הנורא. יש מלחמות צודקות ויש מלחמות לא צודקות, ויש פרשנויות שונות למה שקורה שם. אבל יש שם, כמו שחברים כאן אמרו, רצח של עם. אנחנו, שעברנו את השואה, שחשנו את הבדידות שבמצור גם בערב מלחמת ששת-הימים וגם במלחמת יום-כיפור - איננו יכולים שלא לזעוק בקול גדול את הזעקה של מה שקורה שם. גם אם אין בכוחנו לבדנו להציל ולפתור, צריך שישראל תכריז על הסבל ועל הכאב ועל הפגיעה בקדושת החיים ותתבע בלי סוף מהעולם לקבל אחריות, ומהר. חברי הכנסת, אסור לנו לשתוק מול הזוועה ולכסות על החרפה שבשתיקת העולם. הזעקה צריכה להיות זעקה גדולה, שיוצאת מגדרנו ומשגרתנו, מפני ששם מאבדים צלם אלוהים ומשחיתים צלם אנוש. בעולם מתרגלים שאפשר להרוג ולהרוס ובעצם אטומים למה שקורה במקום שכזה. אדוני היושב-ראש, אסור לחכות עד ההפגזה האכזרית הבאה. צריך לקרוא לעולם להגיב ולהביא פתרון. חילוץ היהודים והבוסנים המוסלמים מסרייבו, וביניהם חסידת אומות העולם המוסלמית, הוא מעשה הומני יהודי הגון, שיירשם לזכות ה""ג'וינט"" והסוכנות וכל מי שעשה זאת, אבל הזעקה שלנו צריכה להביא להצלת כל מי שאפשר להציל ולהפסיק את ההידרדרות וההסלמה במצב שם. העולם חייב לפעול וישראל צריכה להיות המצפון שלו.",1
28643,"אדוני היושב-ראש, חברי הכנסת, אחנו עדיין לא יודעים מה תהיינה ההבנות שיושגו בדבוס או בקהיר לגבי צעדים מעוררי אמון שאנחנו נתבעים למלא כתנאי להסכמת אש""ף להסדר אתנו. סוריה לא נתבעת לצעדים כאלה. היא רשאית להפעיל את ה""חיזבאללה"", שירצחו את חיילינו ברצועת הביטחון. אש""ף לא נדרש למלא את התחייבותו בדבר מחיקת הסעיפים באמנה הקוראים למחיקת מדינת ישראל. הוא גם לא נדרש למלא את התחייבותו בהפעלת מרותו על ""ניצי הפתח"", הממשיכים בטרור נגדנו. איש מהם לא נתבע, כתנאי, לשחרר את רון ארד, את זכריה באומל, את יהודה כץ, את צבי פלדמן, את רחמים אלשיך ואת יוסף פינק. אנחנו כן נדרשים, ונענים. הרי אנחנו הבלתי-אמינים בכל הסיפור הזה וצריכים לשקם את אמינותנו. בהקשר זה, אחד הצעדים שננקטים הוא שחרור המחבלים העצורים אצלנו, אלה שעשו הכול בשליחותו של ערפאת - להרוג יהודים, נשים, ילדים חפים מפשע, וערפאת לא רוצה להשאיר את הרוצחים שלו מאחור. חברי הכנסת, שחרור אלפי האסירים הוא בעייתי כשלעצמו, שהרי טרם הוכחו פירות ההסכם, טרם פסק הטרור. יש כאן גם שאלות מוסריות של חוטא שלא חזר למוטב והוא יוצא נשכר; ויש כאן שאלות ביטחוניות של פיקוח נפש, של עידוד רוצחים לפעול מפני שהם יודעים שהם ישוחררו במוקדם או במאוחר; ויש כאן חוסר רגישות ועוול נורא כלפי משפחות נפגעי הטרור שצופים ברוצחי יקיריהם צוהלים בצאתם לחופשי. ויש גם רפיון צבאי. החיילים הלוחמים יאמרו בלבם: מדוע נצא להילחם בהם, לסכן את חיינו, אם במהרה ישחררו אותם בהמוניהם. אנחנו הרי יודעים בבירור שהטרור לא ייפסק זמן רב גם לאחר חתימת הסכם הנסיגה. אדוני היושב-ראש, די לראות את הלעג והשמחה לאיד של הרוצחים המשתחררים ואת החגיגות ואת קבלות הפנים שעורכים לכבודם, ואת אלה מהם הממשיכים בטרור לאחר ששוחררו - ולעומתם את הכאב העצור והמתפרץ, את היגון והזעם של נפגעי הטרור ומשפחותיהם. די בכל אלה כדי לזעזע את אלו שנשמה בקרבם ולשבור את לבו של מי שלבו איננו לב אבן. אבל המזוויע מכול הוא, שאלה אשר דם נקיים על ידיהם, שבמו ידיהם רצחו יהודים, אנשים, נשים וילדים, ונשפטו ונידונו, הם יהיו בין המשוחררים. וזה לא יסולח. במלוא הענווה והכבוד אני אומר, שתשובת הממשלה, שמתנגדת להצעת החוק השוללת אפשרות חנינה לרוצחים אלה, היא מחרידה בגלל האטימות והציניות שבה. הממשלה טוענת שאין צורך בחוק מפני שלא ישחררו רוצחים, ובו בזמן היא אומרת שאין צורך בחוק מפני שאין הממשלה כובלת את עצמה בנדון. עצם התשובה הפרדוקסלית הזאת מעידה על צורך בחוק. החוק יאמר באופן חד-משמעי לאש""ף, שאנחנו נחרצים, שיש גבול לוויתור, שיהיו אשר יהיו הצעדים מעוררי האמון, רוצחים בפועל לא ייכללו ביניהם, מפני שאסור שמאות רוצחים שדם על ידיהם ישוחררו כאילו לא עשו דבר, כאילו כלום לא קרה למשפחות הנפגעות. החוק הזה הוא גם מבחן לכך - האם יש גבול להתבטלות שלנו. החוק הזה הוא קו פרשת הדם שלנו, וההתייחסות שלנו אליו מוכיחה ותעיד איזה סוג עם ואיזה מין מדינה אנחנו. אני קורא לכנסת במסר אנושי, מוסרי, יהודי, ציוני, לאומי, שלא לתת למושכי החוטים לשנות עד כדי כך את הערכים שחונכנו עליהם. חברי הכנסת, עוד אין הסדר קבע, עוד לא נבחן בפועל הסדר הביניים, עוד לא נפסק הטרור לרגע, עוד לא הוחזרו שבויינו, שכמעט איננו יודעים דבר על גורלם, וכבר נשחרר אלפי עצירים - זו טעות גדולה. העובדה שהממשלה לא מוכנה לחשק את עצמה ולהתחייב לכנסת שרוצחים היא לא תשחרר - זאת שערורייה וזוועה. ואם הכנסת לא תחייב את הממשלה בעניין ותעמוד מנגד, תהיה גם היא עומדת על הדם, ודמנו בראשנו אם לא נאמר לעם בציון ולפלשתינים, שיש גבול לעסקות שלנו ויש קץ להרכנת הראש ורוצחים לא נשחרר. זו מגמת החוק, ואני מקווה שגם אם הממשלה תעמוד בהתנגדותה ולא תסכים לנקוט צעדים מעוררי אמון כלפי בנות ובנים, נשים ובעלים, אבות ואמהות של הנרצחים היהודים, הרי הכנסת תגול את החרפה הזו, תחוקק את החוק המוסרי הזה ותוכיח שגם לנו יש ערכים וקו אדום - קו הדם שלנו. הצעת החוק היא נגד שופכי דם חינם בשני המובנים: אלה הרוצחים חפים מפשע ואלה שלא ייענשו. אני מבקש מהכנסת לאשר את הצעת החוק.

כדי שלא להחזיר בלי שני הדברים האלה.",1
28758,"אדוני היושב-ראש, חברי הכנסת, כשהייתי בהלוויה חשבתי ששמחה בעצם היה ראוי, כמו אחד מראשי המדינה, ללוויה ממלכתית או צבאית. אבל כשראיתי את כל העם שהיה שם בעצם הבנתי שהיתה, היתה המנהיגות והיה העם, ובעצם היתה לוויה ממלכתית עממית, כפי שהוא היה, ממלכתי ועממי. במוצאי שבת האחרונה הוא צלצל, כמו שהיה מצלצל אלי, כמו לאחרים בוודאי, ואומר לי: סתם בא לי מהלב לדבר עם מישהו. והוא מצלצל ואומר, אתה יודע שההוא מהפצועים כבר התחתן, וההוא היה לו בר-מצווה, ותבוא הביתה ותראה את המזכרת שקיבלתי מכאן. הוא הרי נותן מזכרות, נותן דברים. אני עצמי, לא כחייל, כשהיה לי התקף לב, לפני עשר שנים, הוא בא אלי לבית-החולים, מפני שקודם לכן באתי אתו כמה פעמים לפצועים, למקומות שיקום, לאירועים שונים, בהיותי שר החינוך. הוא בא, והרגשתי, בדברים הפשוטים, עד כמה האיש הזה חודר לכל אחד ואחד. זאת אבדה גדולה. בעצם הוא היה מין מוסד, אני לא יודע אם יש מי שימלא את מקומו עכשיו, ואיך אפשר. הוא היה זוכר בכל שיחה כזאת, שהיא גם שיחה רגשית וגם כאילו שיחה מעשית, להגיד: האיש מחוץ-לארץ מגיע ביום זה וזה? תודיע לי מתי יגיע, כי הוא תמיד נותן לי בשביל להמשיך במפעל. כשאתה הולך אתו לבתים של אנשים - באתי אתו כמה פעמים לבתים של אנשים, של אנשים שנפצעו לפני שנים - אתה רואה איך כל השכונה מקבלת אותו, איך כל בית-החולים מקבל אותו, בכל מקום. באמת תופעה יוצאת דופן. מעולם לא ראיתי דבר כזה. זאת אבדה גדולה וכאב גדול לכולנו, וגם אני ביקשתי להגיד כמה מלים לזכרו.",1
29072,בגלל זה הם הורגים בנו? יוצא כאילו העוני גורם להרג בנו.,1
29267,"גברתי היושבת-ראש, חברי הכנסת, על אף מה שאמר שר החוץ מר פרס, ובשונה ממה שאמר חבר הכנסת חגי מירום, אין פה דבר תמים כל כך, ויש לפנינו מהדורה חוזרת של נושא אחר. כך התחילה הממשלה לדבר עם אש""ף. ראש הממשלה ושר החוץ אמרו שלא ידברו אתם - - -

נכון, היא יודעת. ראש הממשלה ושר החוץ אמרו שלא ידברו אתם. אחרים בממשלה, בכנסת, במפלגה, במרצ אמרו שכן, ואחר כך דיברו. ככה מכשירים דעת קהל, כשהממשלה עוד לא מוכנה לומר את הדברים בגלוי. בדרך דומה העניין ממוחזר עכשיו. ראש הממשלה ושר החוץ כאן אומרים: לא מדינה פלשתינית, ואחרים אומרים שכן, ומתחילים לטפטף עד שהטפטוף הופך לשיטפון. יש פה מין שיתוף פעולה שכזה, אולי אפילו בלי רצון, אולי מבלי משים, אבל סופו של התהליך שמובילים את ראש הממשלה, שר החוץ והממשלה להסכים בניגוד להתחייבותם לכנסת, לציבור, למדינה פלשתינית, ובמקרה הזה גם לנסיגה מרמת-הגולן. זו כבר קלישאה, אבל אני אחזור עליה. הרצל חזה את המדינה היהודית. ב""מעריב"" מאתמול מבשרת הכותרת, שזוילי חזה את המדינה הפלשתינית.

אני מתקן. הוא מצטרף בכך לסגן שר החוץ ביילין, לשרים ולחברי כנסת ממרצ, לחברי כנסת מהעבודה, אבל הוא נותן לכך את החותמת של מזכיר המפלגה. נכון שמזכיר מפלגה בישראל זה לא כמו שבברית-המועצות. תגידי: נכון; הרי את בקיאה גם בברית-המועצות, נכון?

ברית-המועצות לשעבר. ובכל זאת מותר לאש""ף להניח, בבואו לדון אתנו, שזוילי מבטא את עמדת הממשלה. וגם אם ראש הממשלה אומר בקול ענות חלושה שזאת לא דעתו, יכולים ערפאת ואנשיו להביא בחשבון, שאם יתעקשו יקבלו דגם כזה של אוטונומיה, עם סממני ריבונות שכאלו שיביאו בהכרח למדינה פלשתינית. אחת מהשתיים: או שחבר הכנסת זוילי וחבריו מפלסים את הדרך - סליחה, אני חושב - - -

לצורכי נימוס. או שחבר הכנסת זוילי וחבריו מפלסים את הדרך לראש הממשלה ולממשלה, מפריחים את בלון הניסוי, או שהם מפיחים תקוות בלב הפלשתינים ומעודדים אותם להתעקש על מדינה. שתי האפשרויות חמורות, מפני שהן מרגילות את העם בישראל להרגשה שיש פה איזו עבודה כפולה, עבודה בעיניים, מישהו מרמה מישהו, ואין ערך קבוע ויציב למה שמספרים לנו. הסכנה הנוספת שקיימת היא, שהערבים שעומדים מולנו, אש""ף במקרה זה, מבינים את האותות ולומדים מהם שלממשלת ישראל אין יחס לקשר לארץ-ישראל, לחלקי ארץ-ישראל, מבחינת המורשת, ההיסטוריה, בעוד להם יש, ועל כן בכל מקרה ידם תהיה על העליונה במשא-ומתן. יישובי הבקעה, יישובי יש""ע וגם הגולן צריכים להבין מזה, שהממשלה אומרת להם שהם יושבים על זמן שאול, שהם פקק בלבד, זמניים - - -

אני יודע שאתה מסכים לזה, אני יודע שאתה מסכים. מה שמדאיג אותי זה הממשלה. מי שעיניו בראשו, כך מאותתת הממשלה, שיארוז את החפצים שלו, יבקש פיצויים ויחזור לתל-אביב, גם אם היא אומרת: אל תעשו את זה. ממשלה שפועלת בשתי לשונות, בשני מסלולים, יש בה משהו מטעה ומסוכן שמעיד שהשם האמיתי של ההסכם הוא חזרה לגבולות 1948 והקמה של מדינה פלשתינית. לכן, הדברים שנאמרו מחלישים את עוצמת התביעה שלנו לארץ-ישראל ולביטחון ומביאים להתקפלות לטובת מדינה פלשתינית. חברי הכנסת, במשך 25 השנים האחרונות התייחסו ממשלות ישראל להתיישבות ברחבי הארץ כביטוי של האידיאל הציוני. אנשים בנו שם את בתיהם, הולידו ילדים, הקריבו קורבנות רבים. הם האמינו, לא בגלל איזו אידיאולוגיה קנאית אלא מפני שזאת היתה האידיאולוגיה של המדינה, שהם עושים שירות גדול ומגשימים את המורשת הישנה של הציונות. איש לא אמר להם, ומעולם לא הוצהר שזה מעמד זמני בלבד, ושהם מתיישבים שם לזמן קצר, ושהם רק פקק בתהליך המדיני. אם הממשלה רוצה לומר לאלה שחיו, בנו, סבלו במשך 25 שנים שם, שהם אויבי השלום, מפני שהמדינה רוצה לצייר מפה חדשה, היא לא צריכה לעשות את זה בדיבור כפול, בטשטוש התמונה הברורה למה היא מתכוונת, למה היא מסכימה ולמה היא לא מסכימה; שנשמע יום אחד הודעה של ראש הממשלה שלא תהיה מדינה פלשתינית, וביום אחר שומעים את סגן שר החוץ, מזכיר המפלגה ואחרים מצהירים שכן תהיה. לכן, לא פלא שזה זורע מבוכה, אי-בהירות וייאוש. לא הגון לנהוג כך כלפי בני אדם, ולא צריך להביא אותם למצב של אי-ביטחון באשר לתכליתה של התוכנית. אם יש לממשלה תוכנית להקמת מדינה פלשתינית, היא צריכה להביא אותה בגלוי, לדיון ציבורי פתוח, מפני שמדובר בנושא חיוני שישפיע על העתיד של מדינת ישראל. זאת לא דרך בריאה לבנות אמון בחברה הישראלית, בצורה הזאת, וזה תפקידה של הממשלה, להביא את האי-הסכמה בינינו לדיון ציבורי גלוי ופתוח והגון, ולא דו-לשוני. אני מסיים, גברתי היושבת-ראש. הממשלה הזאת הצדיקה - לדעתי, שלא בצדק - את השיחות עם אש""ף-תוניס כאילו היא מורידה את המסכות מהפלשתינים. אבל נשף המסכות - אמרו שכאילו היה נשף מסכות, דיברו, בעצם, עם אש""ף, אבל אמרו שזה לא אש""ף. הם מורידים את המסכות, כך התבטא כמה פעמים פרס, אבל נשף המסכות - לפי התוכנית הזאת היא בעצם שמה על עצמה את המסכות, והיא מופיעה בשני פרצופים, אחד שאומר - -

- - לא מדינה, ואחד שאומר: כן מדינה, וממשלה לא יכולה לעבוד בשני מסלולים, והיא עובדת כך.

זה דבר שלא צריך להיות, ואני מסיים כמו שאת אומרת.",5
29466,"אדוני היושב-ראש, חברי הכנסת, כאשר כיהנתי כשר החינוך נהגתי לומר ש""עלינו לחנך בישראל כאילו היינו בחוץ-לארץ, ובחוץ-לארץ - כאילו היינו בישראל"". פירוש הדברים הוא, שגם בארץ אל לנו לסמוך על היותנו כאן ועל כך ששפת דיבורנו עברית, מפני שהעדר קשר למורשת היהודית ינתק אותנו מזיקה לעולם היהודי וגם ממודעות לאומית כאן. השאלות שנשאלו על-ידי הוגי דעות דגולים כמו פרופסור סימון - האם עוד יהודים אנחנו, וכמו פרופסור קורצווייל - האם זה המשך או מהפכה, מה שאנחנו עושים כאן, עדיין מנקרות ועדיין מחכות לתשובה ולהוכחה. ומן הצד השני, בחוץ-לארץ, אם לא נחנך לזיקה ליהדות מול החשיפה הבלתי אמצעית לתקשורת, התרבות העכשווית, ואם לא נקשור את זה עם זיקה לישראל ולירושלים ולמדינת ישראל, לא יהיה די, בדרך כלל, בחינוך הזה כדי לעצור את ההתבוללות. המלחמה הזאת בהתבוללות, האתגר והמאמץ להבטיח שנכדינו יישארו יהודים וילדינו ימצאו עניין ביהדותם, הם מעניינה של מדינת ישראל, ובאופן דחוף. סיפרו לי על שני צעירים ישראלים שביקרו בהודו. הם תמהו כשמצאו בארון הספרייה של מקדש ספר של הרב לאו ושאול מייזליש ""יהדות הלכה למעשה"". כששלפו את הספר מהמדף הם קראו הקדשה - השם שאני אומר עכשיו הוא שם בדוי - משהו כמו: לאורנה, בתקווה שתעייני בספר ותמצאי עניין באמונה שלך, היהודית. חתום האב המודאג. כששאלו את הנזיר במקום הוא סיפר להם, שהנערה נתפסה למנזר ולדת מדתות הודו, ומאמציו המאוחרים של האב כבר לא הצליחו להחזיר אותה הביתה. משמע, להתבולל אפשר גם מכאן. התקופה האחרונה משופעת בסמלים, בסימנים ובאותות מהכיוון הזה, והדברים חייבים להדליק אור אדום במערכת החינוך, התרבות והחברה שלנו, כדי להילחם בשבר הערכים. גם הוצאת לימודי התנ""ך וההיסטוריה היהודית, כפי שמוצע עכשיו במשרד החינוך, ממסגרת בחינות הבגרות היא סממן לרצון להתנער מכל מה שמייחד אותנו כעם ולהישאר בתחום הטכני, בשפות - בעברית, באנגלית, במתמטיקה, שפת המדע. ללמד, לא לחנך. אבל מה ניתן לצפות מהתפוצות אם דוגמת היהודים תהיה ישראל - ודוגמת היהדות היא במידה רבה היום ישראל - וישראל תהיה רק מדע? לא שמציון תצא תורה לעם ישראל ולעולם כולו, אלא שמכאן ייצאו, למשל, תוכניות מחשבים למזרח התיכון, וזה הכול, שנהיה פה הונג-קונג של המזרח התיכון. אם זה כך, מדוע לא ינהגו היהודים שם באותה דרך? מדוע יבואו לכאן ולא יעשו את זה משם? ובמה תתייחד ישראל? קראתי מאמר ב""הארץ"", שהציג את זה כמו בחירה שעלינו לעשות, כעין: האם ישראל היא מזוזה או אבטיח? ואני טוען, שאם אבטיח - אפשר ליצור את זה גם שם או לייבא משם, לא צריך להיות כאן בשביל לעשות את זה. ואין סתירה, מאידך גיסא, בין המאמץ לחנך לערכים יהודיים, ציוניים, מוסריים, לאומיים, לבין לימוד מדע וטכנולוגיה. ישראל תוכל להגן על שלמות העם היהודי במובן הרוחני והערכי, והרצון להשתייך אליו ולשרוד יתקיים לא רק על-ידי קריאה מונולוגית - בואו הנה לגור או לתור כאן, ולא רק על-ידי יחסי ניצול הדדי, כפי שהם קיימים בינינו לבין יהדות העולם, אלא על-ידי דוגמה של חברה למופת, שמעוגנת בשורשיה, ועל-ידי נטילת אחריות במסרים יהודיים ודיאלוג כן ופורה על המשכיות היהדות מתוך שורשיותה. חברי הכנסת, אדוני היושב-ראש, אם נכיר בחשיבות הקהילתיות הזאת, אצלנו, כאן, נעז יותר להשפיע על הקהילה בחוץ-לארץ, להשקיע יותר בחינוך יהודי ובתרבות יהודית, בקהילתיות יהודית. אנחנו מתמוגגים, בצדק, כאשר היהדות שלנו מתבטאת בהצלה של יהודים מסרייבו, בהבאת יהודים מאתיופיה, בעלייה מרוסיה, אבל בו בזמן עדיין רוב העם היהודי, שני-שלישים ממנו, נמצא מחוץ לישראל, וחלקים אדירים ממנו נושרים מאתנו, מתבוללים במיליונים. לכן, עלינו לקרוא ליהודים לדבוק במורשת שלהם, לדאוג לכך שילדיהם יכירו ממש את המקורות שלנו, כדי שלא לוותר על הלאומיות, המורשת וההיסטוריה שלהם. בשגשוג כלכלי בלבד, ללא שאיפות יהודיות, דתיות, לאומיות, לא די כדי להמשיך, כדי להתקיים כעם, כדי להתחדש. אני מסיים ואומר: לכן צריכה הכנסת לקרוא לתוכנית משותפת לישראל וליהדות העולם, לבנות תוכנית שתבטיח טיפול רציני יותר, שיבלום את ההתבוללות, ומיטב אנשינו ומיטב משאבינו ראוי שיהיו מושקעים בזה כדי שנבנה סכרים נגד זרמים של היטמעות. אדוני היושב-ראש, אנחנו מאבדים מיליוני יהודים, לא באינקוויזיציה, לא בשואה, לא בהשמדה, אלא פשוט באובדן הזהות היהודית, בהתבוללות ללא משים, ללא כוונה. חיוני, לכן, מתוקף השליחות שלנו כמדינה יהודית וכדי לשמור על הקשר בין ישראל לתפוצות, חיוני שנפעל במשותף - המדינה, הסוכנות, הפדרציות, הקהילות, ארגונים, מנהיגים, נציגי ציבור - להכין תוכנית כזאת שתקנה לעם שלנו מטען בסיסי, שייחד אותנו כקבוצת הזדהות המודעת ליהדותה. ומן הכנסת צריכה לצאת קריאה זועקת ומתריסה נגד ההתבוללות, קריאה שמפעילה בכוחות משותפים פעילות רחבה, עמוקה ובאמונה גדולה כדי להגביר יהדות בעם היהודי.",1
29851,"אדוני היושב-ראש, חברי הכנסת, לפני שבוע, כאשר נחתו שני טילי ""קטיושה"" בצפון הארץ, ראינו בכך סימן אזהרה מאיים ומדאיג באשר לתוצאות ההסכם שעשתה הממשלה לאחר מבצע דין-וחשבון ולגבי הסורים והאחריות שלהם. בינתיים קפץ עלינו רוגזו של האירוע החמור מאוד במערת המכפלה, והוא מעסיק את כל מעייננו וישותנו עד כדי כך שאפילו פיצוץ של כנסייה בלבנון עם עשרה הרוגים ועשרות פצועים לא מעניין איש לא בארצות ערב, לא בישראל ולא בשום ארץ מארצות העולם הנאור. וכל זאת ראוי להזכיר ולהזהיר, שנפלו שני טילי ""קטיושה"" בגליל. בנס הם לא הרגו ולא פצעו. אבל בלבנון, כמו שאמר הרמטכ""ל, מתרחשת מלחמה, ואנחנו נתבעים לקורבנות רבים, כאילו הסכמנו לאחר מבצע דין-וחשבון, שבאזור הביטחון מותר להם להרוג בחיילינו בלי שאנחנו נצא מגדרנו, ונשמור על כללים מגבילים ומוגבלים במלחמה שלנו ב""חיזבאללה"", ואנו מאבדים שם את מיטב הקצינים והחיילים שלנו. ראוי שנחשב שוב את המהלכים שלנו בלבנון, כדי שהיוזמה תהיה בידינו וכדי שמכתם תהיה קשה יותר. אדוני היושב-ראש, זה שלא נהרגו ישראלים מטילי ה""קטיושה"" זה מזל, נס, מי שרוצה. אבל עלינו להיות מפוכחים וערים לכך, שה""חיזבאללה"" בחסות סורית מסוגל לשלח שוב טילים, ולא בכל יום ולא בכל הנחתה כזאת אנחנו מובטחים שלא ייפגעו אזרחים בצפון, אנשים, נשים וילדים. האזהרה נשלחה, ועלינו לפעול בהתאם. אינני יכול, אף-על-פי שחבר הכנסת גולדשמידט אולי יגיד שזה לא לעניין, אבל אני קושר את זה למזרח התיכון, שלא להביע מורת רוח ודאגה עמוקה משחרור 1,000 מחבלים היום. על-פי נוסח ההודעה של השחרור הזה, מדובר באלו שלא ביצעו פיגועים לאחר אוסלו. מסקנה: הם ביצעו פיגועים עד אוסלו, עד לפני חודשים מספר. לא דרשו מהם להתחייב להפסיק את הפיגועים. וההבנות בינינו, הרי הן כל כך רופפות, עד כדי כך שה""פתח"" הודיע, שהוא שרצח בכפר-סבא את מוריס אייזנשטט, השם ייקום דמו. כולנו משבחים את כוחות הביטחון על חיסול ותפיסה של החוליה באבו-דיס, שרצחה שמונה ממיטב אנשינו. אך מה ההיגיון כשיד אחת תופסת, תוך סיכון, כמה מחבלים והיד השנייה משחררת אלפים של מפגעים ומחבלים? דווקא עכשיו, כשהמתח גדול באוויר, אין פה תרומה להרגעה, אלא הגדלת הסכנה ליהודים בישראל. מרוב פניקה, מקריבה הממשלה את ביטחוננו למולך הפלשתיני. חברי הכנסת, ראוי שהכנסת תדון במצב המלחמה שלנו בלבנון. ראוי שהכנסת תתריע על המחוות המרחיקות לכת, שתכליתן לרצות את ערפאת, שיואיל בטובו להידבר אתנו.

אני מבקש להגיד משהו. עלה פה הנושא הזה, אבל עלה גם הנושא של עצם ה""קטיושות"" שכוונו משם. לכן אני חושב, ששום דבר לא יקרה אם נעביר את זה לוועדת החוץ והביטחון.",1
30698,היתה כאן סתם התנפלות על חברי הכנסת.,1
30884,היתה כאן סתם התנפלות על חברי הכנסת.,1
31031,"אדוני היושב-ראש, חברי הכנסת, פינוי הכותל - חשבנו שזו היתה ""החלקה"" לא חכמה של מישהו במשטרה. מתברר שלא כך הוא: שר המשטרה וראש הממשלה נתנו את ההוראה. פינו את הכותל ממתפלליו היהודים. זה מעשה או מחדל ללא תקדים. זה ביטוי לנכונות להתכופף וליישר קווים, על-פי דרישות הערבים. אם פינוי הכותל הוא חד-פעמי, הרי בהתרסה ובהתנגדות אנחנו אומרים: מילא. אבל אם זה הקו גם לעתיד, כשהערבים רשאים לזרוק אבנים ממעלה הר-הבית לרחבת הכותל ותגובת הממשלה היא לסלק את המתפללים היהודים ולהבריחם - אנחנו קוראים לאי-אמון בממשלה שנותנת יד למהלך כזה. אגב, אני שומע שמישהו נתן הוראה ביום שישי האחרון לאוטובוס ""אגד"", שלא לנסוע מהעיר אל הכותל ומהכותל אל העיר, כדי למנוע מיהודים להגיע לכותל. זה מין תחבולה אחרת על-מנת להבריח יהודים מהכותל. האם זאת הוראה קבועה, ש""אגד"" לא יוביל ביום שישי יהודים, כדי שהכותל יהיה ריק, כדי שהערבים יוכלו להתפלל בלי יהודים? - ולא במקום חיכוך, כמו שהם אומרים, במערת המכפלה, אלא אנחנו בכותל והם נמצאים שם במסגדים. פינוי חברון. דרישת רוב השרים לפנות את חברון מיהודים איננה חד-פעמית, והיא חמורה מאוד. היה גולדשטיין אחד. יש אולי בודדים נוספים מסוכנים כמוהו. אבל בקרב הפלשתינים יש מאות ואלפים כאלה, ואנחנו מנהלים משא-ומתן עם אותו סוג של אידיאולוגיה לפחות. אש""ף התחייב למנוע טרור, לגנות אותו. הוא לא עמד בדיבורו. מיום החתימה על הסכם העקרונות ועד ערב הטבח במערת המכפלה היו אנשי ה""פתח"" מעורבים ב-21 פעולות טרור נגד ישראלים, שכללו שימוש בנשק חם ובסכינים והביאו לרצח ארבעה ישראלים ולפציעה של 21. גם ארגוני ""החזית העממית"" ו""החזית הדמוקרטית"" הנכללים באש""ף היו מעורבים באותה תקופה בחמישה מקרים נוספים שבהם נרצחו ארבעה ישראלים ונפצעו שישה. ה""פתח"" ברמאללה, בחברון ובירושלים ו""ניצי הפתח"" ברצועה קראו בתקופה הזאת לחדש את המאבק המזוין נגד ישראל. אש""ף התחייב לבטל את האמנה הקוראת להשמדת ישראל, ולא ביטל. וממשלת ישראל שותקת ומשלימה. הם לא שינו את האידיאולוגיה של הטרור נגדנו ולא הפסיקו אותו לחלוטין. אז ברור שבמדינת ישראל אין דין אחד ליהודים ולערבים, לפי גישת הממשלה. לערבים מותר, היהודים - מחוץ לחוק. חברי הכנסת, מדוע לפנות את חברון, כפרס לרוצחי תרפ""ט? האם כל תושבי חברון היהודים הם קיצונים? אני מעיד שלא. והאם מפנים יישוב ערבי קנאי, שבו יש מדגרה של הסתה ורבים בו אנשי ה""חמאס""? יש לשפוט אשמים ואין להעניש באופן קולקטיבי. אני רוצה לומר משפט אידיאולוגי אחד בעניין חברון. בעיני הממשלה הזאת, חברון לא נמצאת בארץ-ישראל. אנחנו חולקים על כך. דין אחד לתל-אביב, לבאר-שבע ולחברון. ומי שעוקר יהודים מחברון, כאילו עוקר יהודים מתל-אביב. ומדוע כשמדובר בשלום, מובן לכולם שערבים יכולים לגור ביפו, בחיפה, בלוד וברמלה - וכך ראוי שיהיה - ואסור שיהודים יגורו בחברון? אדוני היושב-ראש, הממשלה הזאת, והשמאל שממריץ אותה, מדברים גבוהה על חוקי יסוד, על זכויות אדם, על חופש הביטוי, על זכות ההתארגנות. אבל כאשר מדובר ביריבים פוליטיים, שוכחים הכול ומחליטים להוציא אל מחוץ לחוק באופן פוליטי וגורף מפלגות פוליטיות. אנחנו תומכים בנקיטת צעדים מטעם השב""כ וצעדים משפטיים נגד כל מי שמסית לגזענות ולהרג ערבים באשר הם ערבים, ובוודאי נגד מי שפועלים בעניין ונגד מי שרוצה לפעול למעשה בעניין. אלה הוציאו את עצמם אל מחוץ לחוק ומעשיהם מסוכנים ומכתימים את ההתנחלות האידיאליסטית. אבל הוצאה גורפת של ארגונים אל מחוץ לחוק, בהחלטה פוליטית, כדי לרצות את אש""ף - בעצם זה כדי לרצות את אש""ף - ולטאטא את הבעיה עצמה אל מתחת לשטיח, היא פסולה ומסוכנת. בית-המשפט הוא שצריך להחליט בעניין, לא הממשלה, לא הממשלה הזאת. ואסור לפעול בדרך של איפה ואיפה, חברי הכנסת. איפה אחת לכהנא וגרורותיו ואיפה אחת לארגונים אחרים, יהודים משמאל סהרורי וערבים שהאידיאולוגיה והמעשים שלהם מסוכנים באותה מידה, ואולי יותר מאותה מידה. אם כבר מוציאים ארגונים אל מחוץ לחוק, הרי אלו ואלו דינם אחד. צריך שיהיה קו של יושר וצדק בהכרעות כאלו, אם כבר עוברים את קו הזכות להתארגן. חברי הכנסת, יש מקום לחשבון נפש בעקבות הטבח, מפני שאנחנו דורשים מעצמנו יותר סגוליות, יותר יושר, יותר נקיות מאחרים. אבל אתם, הממשלה שמדברת על שוויון, תבדקו את השוויון שלכם. כשאתם מאשימים באופן גורף בגזענות, אנחנו מאשימים אתכם בהפליה ובהתבטלות. יש מאות ואלפים רוצחים באש""ף וב""חמאס"". לו היה, חס ושלום, טבח הפוך - לא היה אף אחד מופתע בארץ ובעולם. היה אבל, היה עצב, היה יגון, אבל לא היתה הפתעה. היו אומרים: זה טבעי. אחרי אוטובוס 405 לא היתה ועדת חקירה. אנחנו בגזענים ובאלימים שלנו חייבים לטפל בכל חומר הדין; כן, בכל חומר הדין. אבל אל תחטאו בהכללה, אל תפנו את חברון, שרוב יושביה היהודים אינם אלימים. וגם לכו לאורך כל הקו המאזן והמשווה. ומפני שהממשלה עושה את כל הדברים האלה ומאיימת בפינוי חברון, אנחנו קוראים שלא לתת בה אמון.",4
31265,אני רוצה לתקן את ההצבעה שלי.,1
31538,אני רוצה לתקן את ההצבעה שלי.,1
32195,"אדוני היושב-ראש, חברי הכנסת, מה זה מעצר מינהלי? איש רשות מודיע על חומר סודי שיש לו, חומר שלא ניתן לסניגור, חומר שלא נפתח לביקורת משפטית, ועל סמך זה עוצרים את מי שרוצים, בלי ראיות קבילות בבית-המשפט. חברי הכנסת, יש כאן הטעיה גדולה, כאילו קיים פיקוח שיפוטי, שהרי מגיעים לשופט. השופט רואה את החומר, אבל כולם יודעים שזאת בדיחה וזה שקר מוסכם, מפני שבלי הליך שיפוטי השופט איננו בגדר שופט. בלי שהדברים נבחנים בכור הראיות, במשפט פתוח, עם סניגור שבודק, רק בהסתמך על אמון עיוור באמינות החומר הסודי, זה לא משפט, זה מספח, זה רע וזה מסוכן. מתי משתמשים בכלי הזה? כאשר קיימת באמת סכנה קיומית למדינה - מחבלים, אז, כמו שיחיד שובר את הכלים כשהוא מגונן על חייו, כך גם מדינה. לא זה המצב באשר לארגונים כמו ""כך"" ולאנשים כמו בן-חורין, שאני חולק על דרכם לחלוטין, אבל אני לא מקדש את כל האמצעים הדרקוניים כדי לממש את ההתנגדות להם. הממשלה, אנשי השמאל, אנשי האקדמיה ואנשי המשפט צריכים להשיב לנו בלי ""אבל"", האם שנאתם לימין כל כך חזקה שהם מוכנים לשבור את זכויות היסוד של האזרח ולהרוס את הדמוקרטיה ואת היותנו מדינת חוק ומשפט. לדידה של הממשלה, מדובר כאן ב""עבריינים"" בנושא מסוים; לא כמו המחבל הטרוריסט שלא מקבל את חוקי המדינה בכלל או את עובדת קיומה. והרי יש לנו די חוקים כדי להתמודד עם הסתה, עם המרדה ועם גזענות. תוכיחו את חטאם במשפט, אחרת אתם הורסים את האמינות שלנו במשפט הישראלי. המעצר המינהלי לאזרחי ישראל, יהודים כערבים - בעצם זה לא משנה אם השר שחל פה או לא, אם הוא לא מקשיב.

המעצר המינהלי לאזרחים ישראלים, יהודים כערבים, אלה המקבלים את חוקי המדינה, זה סוף של הדמוקרטיה והמשפט. אני אומר באוזני השר, שחיוני לשמור על חירויות האזרח דווקא כאשר האדם שמדברים עליו הוא לא סימפתי בעיניכם. חברי השמאל בבית, הצוהלים על המעצרים המינהליים, אני רוצה להזכיר לכם, שרק 40 שנה עברו מאז צותתו שירותי הביטחון למנהיגי מפ""ם הפוליטיים. אני רוצה להזכיר לכם, שעיתון מסוים, ""העולם הזה"", היה בטיפול של השב""כ. אתם מחזירים אותנו לתקופה הזאת. בראייה קצרת טווח אתם מקימים מפלצת שעלולה להיות יום אחד בומרנג נגדכם. הרי הממשלה הזמנית הזאת, לא לעולם חוסנה. אם מעצר מינהלי בלי משפט יהיה נורמה לגיטימית, אתם הוצאתם את השד מהבקבוק ולא תצליחו להכניסו כאשר אתם תהיו נשוא המדיניות שלכם, המשפטית, המעוותת. חברי הכנסת, האם מדינת ישראל היא כל כך עלובה, כל כך חלשה, שאיננה מסוגלת להציג הוכחות לאשמתם של קומץ תימהונים ילדותיים המדברים בגלוי על דעותיהם, המצטלמים לעיני כול במעשיהם? האם אין למדינת ישראל היכולת להתמודד אתם משפטית? אוי לנו בבעיות יותר קיומיות שבהן אנחנו סומכים על כוחות הביטחון. אבל זה לא נכון. יש לנו שב""כ, יש לנו משטרה, יש לנו מג""ב ויש לנו צה""ל שמסוגלים להביא הוכחות ולא לעוות את זכויות היסוד של האזרח, אלא אם כן מביאים אנשים שאין נגדם שום דבר שבגינו צריך לעצור אותם. ואני אומר את זה נגד אנשים שאני חולק עליהם פוליטית מכול וכול. הממשלה בפניקה עקב המצוקה שנקלענו אליה. וכדי ליצור אמון ב""פתח"" ובאש""ף, מוכנה הממשלה לשלול מאזרחי ישראל את חירויות היסוד שלהם. קרה אסון במערת המכפלה, רצח של מופרעות. ואתם, השלטון, שלטונות החוק, תודו בפשיטת הרגל שלכם, שאין לכם חומר ואתם נזקקים למעצר מינהלי. זה מביש, זה אות קלון. אמרתי, יש לנו חוק נגד הסתה, חוק נגד המרדה, חוק נגד גזענות, יש לנו שב""כ. ומול קומץ שאני מעריך אותו בפחות מ-100 איש, אלה שהם נשוא הטיפול שלכם, נגד קומץ כזה של תימהונים אתם מכניסים אנשים לבתי-סוהר בלי משפט, כמו מדינה טוטליטרית. זה פתרון של פלסטר על מצפון שלא קיים. אתם חושבים שאתם מרצים בכך ציבור שאתם לא מאמינים באינטליגנציה שלו. אדוני היושב-ראש, חשוב שתהיה יד קשה מול בריונים מכל כיוון, אבל במשפט. חשוב לא פחות מכך שלא יותירו את המתנחלים בספק קיומי מחריד, בלחצים שנובעים מכך שהם חשים שאין מי שדואג לביטחונם ולעתידם. גם אלה שיש להם מטען אידיאולוגי, אידיאליסטי חזק מאוד, והם הרוב, המטען הזה נמצא במצח, במוח. אבל בלב ובחדרי הבטן הם חיים בתחושה של בידוד. חובתנו, חובת העם, חובת הממשלה הזאת לדאוג לביטחון שלהם, לדאוג להרגשה שלהם, כדי שלא נגיע למצב שהחלשים יותר יתייאשו. המעצרים המינהליים אינם תשובה אמיתית על המציאות הקשה. להיפך. הכנסת חייבת להזהיר את הממשלה, כאשר מערכות המשפט והאקדמיה שותקות שתיקה מוזרה ורועמת, מפני המעצרים המינהליים. מפני שכך מוסיפים על הבעיה, לא פותרים אותה, ומסבכים אותנו במדינת משטרה בולשביקית, שב""כית. משטרה ישראלית בלי משפט מכאן ומשטרה פלשתינית חזקה וחמושה מכאן ימררו את חיי המתנחלים שהם חפים מפשע וישנו את המציאות הקשה ממילא למציאות רעה. חברי הכנסת, השמאל והממשלה מגייסים את כל שבכוחם כדי לעשות דמוניזציה של המתיישבים בארץ-ישראל, של החלוצים האידיאליסטים. אנחנו לא נסכים לכך. אתם גורמים לקרע בעם. המדיניות הזאת עוברת את הקו האדום. את הטיפול בקומץ תעשו בדרך משפטית ולא בדרך מינהלית. מפני שמה שהממשלה עושה היום זו בכייה לדורות. אתם פשוט לא יודעים מה אתם עושים. אתם משעבדים את עתידנו הדמוקרטי ואת היותנו מדינת חוק, כפי שאתם אוהבים תמיד לומר, לנוחיות הפוליטית המיידית, העכשווית. במעצרים המינהליים רוצחת הממשלה את הדמוקרטיה והורסת את המשפט ואת החוק. מפלגות השמאל והמפלגות שחורתות על דגלן את זכויות האזרח, אל תדמו שאנחנו לא מבינים את השתיקה שלכן. אנשי המשפט, איך תסבירו את השתיקה הזאת, את הכניעה שלכם לשלטון של לא-חוק? והמחנכים שעליהם מדברים הרבה עכשיו, איך ידברו על דמוקרטיה שנרמסת על-ידי הממשלה ברגל גאווה? אתם נותנים לזה יד מפני שזה באופנה שלכם להכות בימין בכל דרך, להכות בגישה הלאומית, לשופף אותה. אתם חושבים שאתם ""מתקדמים"". אתם ""מתקדמים"" כמו שראיתם קדמה בסטלין ובקומוניזם. אתם פופוליסטים, אתם חיים על הטווח המיידי, אבל הממשלה זמנית והחרב מתהפכת ואתם פרצתם את האסור. אני קורא לכם: ממשלה, משפטנים, מחנכים, חברי כנסת, אל תהיו שותפים לדבר עבירה מטומטם ומסוכן שיכה בכולנו. תפסיקו את המעצרים המינהליים.

מרגל. מרגלים ומחבלים - כן.

אמרתי: מרגלים ומחבלים - כן.

לא עשינו זאת? לא אמרנו זאת?

אני מציע לקיים דיון במליאה.",4
32384,"אדוני היושב-ראש, חברי הכנסת, הממשלה כובלת אותנו בהסכמיה בעבור עתיד שהיא יוצרת לעצמה בדמיון. אני חרד מהתסריט ההולך ונרקם לעינינו. יש שיתוף פעולה בין אש""ף ל""חמאס"".

יש שיתוף פעולה בין אש""ף ל""חמאס"". הם עושים קואליציה בעזה. ה""חמאס"" יתחלק בכיבודים ובתפקידים, וקווי ההסכם המסתמן ביניהם הם ברורים. במקום שישראל תפנה אותו תקום שותפות של אש""ף ו""חמאס"", ושם זמנית לא יהיה טרור. את הרציחות והטרור יבצעו לאחר שייסוגו מעזה ומיריחו, בשכם, בחברון, בג'נין, בישראל של ה""קו הירוק"" ובהתנחלויות. וכשנזעק יגידו: מה אתם טוענים, במקומות שבהם אנו שולטים הכול בסדר. תנו לנו לשלוט ביתר, ומהר. יש שיתוף פעולה עמוק ומתוחכם בין אש""ף ל""חמאס"". יש פה סינדרום של תנועת מלקחיים. אש""ף ו""פתח"" במאמץ מדיני, ומי שנקרא ""פורשי פתח"", ""נצי פתח"" ו""הג'יהאד"" וה""חמאס"" - בטרור. מחצית הפלשתינים בטרור ומחציתם במהלך מדיני. הסכמת ממשלת ישראל לתנועה של מלקחיים מתואמת פירושה שישראל מוותרת ונסוגה והטרור נמשך ואין שלום. יש פה תהליך ויתורים חד-צדדי. וגם אם יהיה שקט בעזה באופן זמני, ה""חמאס"", לא אש""ף, יעשה אותו, כדי לחבל ולרצוח במקומות אחרים, כדי לדחוק אותנו לגבולות 1967 או 1947. וכל מקום שנתעקש עליו יפעילו בו טרור ורצח. חברי הכנסת, עצם הנכונות שלנו לנהל משא-ומתן עם מערכת שמשתמשת בטרור, אם ישירות ואם באמצעות ""פורשיה"", או שותפיה, מסכל לזמן ארוך סיכוי היסטורי להשיג אי-פעם שלום של ממש. כאשר נותנים הישגים לאש""ף, והם במקום להיות מרוצים בהם ממשיכים בטרור, כאשר קווי אש""ף הם קווי 1947 וקווי ""חמאס"" הם הים, זה טירוף דעת גמור של הממשלה. מה יש לנו לבחון איך הניסיון הזה יעבוד? הרי רואים בבירור את שיתוף הפעולה ביניהם. וראש הממשלה מנהל משא-ומתן עם זרוע אחת של המלקחיים, בעוד השנייה רוצחת בנו. איך לא רואה הממשלה מה שרוב העם רואה? איך לא מגלים שירותי הביטחון שלנו את האמת, שאש""ף ו""חמאס"" אינם זה כנגד זה, אלא הם עושים עסקות ביניהם ומשתפים פעולה זה עם זה. אילו תבע מהם ראש הממשלה לבטל את האמנה הפלשתינית שקוראת להשמדתנו, אילו דרש מהם לגרש מאש""ף כהתחייבותם את מי שעוסק בטרור, להפסיק את ההקצבות שלו, אילו התנה את המשך המשא-ומתן בגינוי הרצח בעפולה והרצח בחדרה - אבל הם לא מסוגלים לכך ולא רוצים בכך, ואנחנו מסבירים שהוא לא יכול מפני שיש לו בעיות פנימיות. אנחנו לא שואלים אם הוא יוכל אחר כך, לכשניסוג, להתגבר על הבעיות האלה, או שהנסיגה המבוהלת היא חד-צדדית בעומק גם אם פורמלית יש לה לבוש של הסכם. אין פלא שהעם מבין זאת. לא צריך לגרות אותו, לשסות אותו. הוא מתמרמר. הוא חש במרי. הוא רוצה בבלימה של ההידרדרות. ועדיף שהממשלה תגייס את שכלה ואת מצפונה ותשנה כיוון. אדוני היושב-ראש, זה בגלל אופיי שאיני עושה כאן מעשה דרמטי יותר כדי להביע את מחאתי על שורת התבטאויות של ראש הממשלה ושריה שיש בה אפליה בין דם לדם. כשראש הממשלה אומר שהוא יוציא כוחות מיש""ע כדי להעבירם לתוך ""הקו הירוק"", מאלון-מורה לחדרה למשל, מה זה אומר? מה צריכים אש""ף וה""חמאס"" להבין מזה? - שפגיעה במתנחלים סבירה ומתקבלת, שאלה יהודים ברמה אחרת של מחויבות ישראלית. רק כך יכולים הדברים להתפרש. לכן מיהר אש""ף אתמול, לאחר שראש הממשלה הזהיר אותו מהסכם עם ה""חמאס"", להודיע שההסכם ביניהם - תקשיבו - איננו כולל הסכם לבצע פגיעות בתוך ""הקו הירוק"". כך בפירוש היתה ההודעה של אש""ף. כלומר, המתנחלים מופקרים, דמם הותר. אני קראתי בסוף השבוע כתבות של כתבים צבאיים, שהרוח הנושבת מכתבותיהם היא, שבעיני החיילים ההגנה על מנרה מוצדקת, והגנת גוש-קטיף - לא; וכן שההגנה על חברון ויש""ע פוגעת באימוני צה""ל, אבל לא כן ההגנה על מקומות אחרים. כאילו ההסדר ""דפוק"" בגלל קיומם של המתנחלים. זאת אומרת, על מנרה צריך להגן, נכון? על נווה-דקלים - לא. זה מזעזע. למה? מפני שהם דתיים? מפני שהם לאומיים? יש כאן הכנת הקרקע למסע שיסוי בין דם לדם. בכל מה שקורה אשמים המתנחלים. את רגשות הנקם - להעביר אליהם. שהרי הם האכזרים, כדברי השופט זועבי, הדתיים, הקנאים, המתנחלים; שהחברה הישראלית תהיה מוכנה לסבול פגיעה בהם. אני מוחה על כך שיוצרים אווירה, שאם יירצחו, חס ושלום, מתנחלים, זה לא נורא כל כך. זה מזעזע שאין אנשים הגונים בשמאל שיקומו ויזעקו: עברתם את הגבול, חציתם את הקו האדום, זה לא נסבל, זה אובדן של תבונה ומצפון כאחד. לו הייתי בעל חוש דרמטי, הייתי קורע קריעה על כך. אני קורא לממשלה ולתומכיה להרהר במעשיהם, הן כלפי חוץ והן כלפי פנים. אני אומר לממשלה, שגם אם נראה לה שפני האגם שלנו שקטים, במצולותיו מתעורר הר געש, וראוי שצמרת השלטון שלנו תבין מה הן הרוחות המנשבות בתוך העם, והן הולכות ומתרבות וגועשות. אתם לא פותרים בעיות במהלכים שלכם, אתם רק מעתיקים את מקומן. אין בכוחכם לסלק או להקטין את הקשיים בדרך שאתם הולכים בה. אתם רק ממקמים אותם על חשבון מקומות אחרים, קרובים יותר למרכז הארץ. לסיום הדברים, אדוני היושב-ראש - - -

אין לי דברים עוד לחמש דקות, אבל אני יכול לדבר לאט, אם אתה רוצה.

אולי אם הם ידעו שהוא עולה לדבר, הם יבואו. תגיד להם זאת.

נכון. אדוני היושב-ראש, לסיום הדברים אני מבקש להביע הזדהות עם משפחות הנעדרים ששובתות מול משרד ראש הממשלה. מה יותר מובן מאליו וצודק מזה שהכנסת תקרא לממשלה שלא לשחרר את העצירים הפלשתינים בלי שנקבל את כל נעדרינו. והרי מדובר על אלפי עצירים מול שישה מלוחמינו. תהיה זאת בכייה לדורות והפקרת הנעדרים אם לא נעשה זאת עכשיו. היה זה לא הוגן מצד נציג הממשלה לומר שנעדרים מספר לא יעצרו את ההסכם. חובתנו לתקן זאת, לא להסתפק בחצי הדיסקית. יוחזרו הביתה באומל, כץ, פלדמן, פינק, אלשיך וארד, מייד.",4
32889,"אדוני היושב-ראש, חברי הכנסת, ישיבת ההסדר במעלות קיימת קרוב ל-20 שנה. היא הוקמה בעקבות הרצח, הטבח של 22 הילדים וחמשת המבוגרים. זאת היתה אז התשובה הציונית - להגביר את הביטחון במקום, לחזק את המורל, להזדהות עם מעלות. הפנימייה של הישיבה שוכנת במקום שבו שכנה משפחת כהן, שנרצחה על-ידי המחבלים. התושבים רצו לעזוב את המקום בשל פחד. הישיבה באה לעודד ולגור שם. תלמידי הישיבה לומדים תורה במסירות, משרתים את הביטחון כלוחמים ב""גבעתי"", ב""גולני"", בצנחנים, בשריון, ופניהם לאחיהם שבמעלות. הם מלמדים בבתי-הספר בעיירה, הם מקימים בתי-מדרש בכל האזור, הם מתפזרים בחגים ביישובים כדי לקיים מניינים למי שצריך ומבקש. בתי-הספר מגיעים אליהם ולומדים יהדות בדרכי נועם. הם קולטים עלייה. בכל שבוע מאות עולים ממעלות מסתופפים בישיבה ולומדים עברית ויהדות. מפקד המשטרה במקום, שנכנע באותו יום שישי אחרון ללחצי ראש המועצה, אמר הבוקר, כפי שנמסר לי: עד האירוע ביום שישי לא ידעתי שיש שם ישיבה, מהבחינה המשטרתית. הוא אמר: אני מכיר את הבחורים כבחורי חמד, הם בריונים? לא ראיתי בחורים טובים כאלה, מתגייסים למשמר האזרחי, מתנדבים למגן-דוד-אדום. מה באמת קרה במעלות? הודבקו במעלות מודעות שתוקפות את מדיניות הממשלה, מודעות של המטה המשותף של תנועות הימין. ראש המועצה חבר הכנסת בוחבוט פגש ברב ויצמן, שהוא ראש ישיבת ההסדר, ואני מעיד עליו, כמי שמכיר אותו, שהוא אדם עדין מאוד, הייתי אומר שהוא צדיק אמיתי. הוא פגש אותו במרכז המסחרי ותקף אותו במלים בוטות, בצעקות רמות, הוא האשים אותו שתלמידיו הדביקו את המודעות. הרב הכחיש שלתלמידיו יש קשר להדבקה הזאת. ואז פגע בו ראש המועצה ואיים שהוא יפזר את הישיבה ויסלק אותם ממעלות. היה עוד אירוע אחד שם.

חבר הכנסת דיין, אתה לא טועה אבל אסביר את סדר הדברים.

מה שאומר חבר הכנסת דיין הוא נכון, כי זה כמה חודשים, כמו בהרבה צמתים בארץ גם בכניסה למעלות יש משמרת מחאה של 25 איש מתושבי מעלות, לא רק בחורי ישיבה. הם מוחים נגד מדיניות הממשלה. ואומנם, ביום חמישי או ביום שישי האחרון חבר הכנסת בוחבוט התנפל עליהם, הוא בעצמו קרע את השלטים שלהם. זאת היתה הפגנה ברשיון. קבוצה מתלמידי ישיבת ההסדר - -

- - באו להפגין מול ביתו של ראש המועצה, מהצד השני של הכביש. הם לא באו להפגנה פוליטית-מדינית שם, לכן אני לא טועה, אלא רק למחות נגד זה שפגעו בראש הישיבה, שראש המועצה העליב אותו באמצע הרחוב. יש תמונות, ואני יכול לצרף אותן לפרוטוקול. הן יוגשו לבית-המשפט, אבל אני יכול להעביר אותן גם לפרוטוקול ולשר המשטרה. התמונות מעידות שחבר הכנסת בוחבוט יוצא לקראתם מביתו בזעם ואשתו מתלווה אליו ומניפה מוט ברזל מול המפגינים.

את רוצה לראות? בואי תתקרבי ותראי את התמונות.

אני לא עושה דרמטיזציה. זה יבוא לבית-המשפט. אתם באו אנשים נוספים, אנשי זרוע שאיימו על המפגינים והתחילו לדחוף אותם. התפתח עימות מילולי. תשמעי גם את הצד השני. שמעת במפלגת העבודה צד אחד, תשמעי את הצד השני.

בהחלט. אבל אני מגיש פה צד אחד.

התפתח עימות מילולי, שעבר אחר כך לתגרת ידיים, כנראה, בין חבר הכנסת בוחבוט לחלק קטן מהנוכחים. כנראה היתה שם תגרה. אני לא אומר מי התחיל בה, אני חושד מי התחיל בה, אבל נשאיר את זה לחקירה. הגיעה ניידת משטרה, והשוטר המקומי הלך בעקבות ראש העיר, שאמר לו: אף אחד לא יזוז. וכל אדם שהוא הצביע עליו, נעצר על-ידי השוטרים.

סיפרו לי, העידו, שהוא עצמו אפילו דחף חלק מהם לתוך הניידת, בתור כוח-עזר, אולי, למשטרה. במהלך התגרה נפגעו גם המפגינים. אחד מהם טען בבית-המשפט שחבר הכנסת בוחבוט, אישית, קרע ממנו את החולצה שלו. השמונה שנעצרו הובלו לתחנת המשטרה, הושמו במעצר בתא אחד כל יום השבת, ולא נחקרו. שעתיים לפני השבת לא חקרו אותם, אז הם הובאו להארכת מעצרם. כל אותן 40 שעות שהם היו במעצר הם לא נחקרו. עדויות נגבו רק מבני משפחת חבר הכנסת בוחבוט. גם ביום ראשון עצרה המשטרה שניים נוספים, שהפגינו בשקט מול המועצה עם שלט שהיה כתוב עליו: ""השתקת פיות"", ושוב, ניידת עצרה אותם. חברי הכנסת, עולה מכאן תמונה חמורה, ששוטרי משטרת מעונה הם משטרה מטעם ראש המועצה, העושים שימוש לרעה, שלא כדין, בסמכותם כדי לשלול את חופש הביטוי בהפגנה. אני יודע איך תענה לי, אבל זה לא יהיה נכון - - -

עובדות. הם הגיעו לאחר התגרה, הם ביצעו מעצרים על-פי הצבעתו של חבר הכנסת, הם לא עצרו את שותפיו אף-על-פי שהיו תלונות נגדיות מאנשי הישיבה, והם סירבו לקבל תלונות זהות מבחורי הישיבה. הם נעצרו, אני אומר פה, כעונש, ל-40 שעות, השבת בכלל זה, בלי שנגבתה מהם כל עדות, עד לאחר שהביאו אותם בפני שופט. טענו שהמעצר היה נחוץ בשבת כדי למנוע תיאום גרסאות. כיוון שכולם שוכנו בתא אחד כל השבת, הטענה הזאת מופרכת, וגם השופט מלין על כך. למעשה, הארכת המעצר נדרשה רק כדי לגבות את העדויות שלא טרחו לגבות כמעט שתי יממות, והמעצרים נעשו בשרירות לב, כדי להתעמר במוחים נגד התנהגותו של ראש המועצה. לכל האירועים, אמרתי, הגיע חבר הכנסת מלווה בכמה בעלי זרוע, שסביר להניח שהם גם שאיימו בטלפון על משפחתו של חבר הכנסת יהלום שהעלה זאת ברדיו, ואני לא בטוח שעכשיו אין מאיימים על משפחתי בהמשך לכך. מחר אני אדווח. אדוני היושב-ראש, מה שקרה במעלות לא היה שמירת חוק אלא דוגמה של עיירה שבה יש הפחדות, איומים ושימוש בכוח הזרוע, עם סממנים של מדינת משטרה; זה לא בסדר. היו הפגנות ליד ביתו של ראש הממשלה בגין, זיכרונו לברכה, היו הפגנות ליד ביתו של, ייבדל לחיים ארוכים, ראש הממשלה רבין, היו על-יד ביתך, אני מרשה לעצמי - - -

גם על-יד ביתי. מעולם לא יצאתי עם אשתי ועם מקל, בכוח, ולא קראתי לעצור אותם. זה לא נעים, אבל זה חלק מהגורל שלנו כאנשי ציבור כל עוד אין מכים, אין מתנפלים, אין נכנסים לתוך הבית וכדומה. כאן זה היה. קראו למשטרה לאסור את האנשים כדי להעניש אותם במעצר. אני אומר זאת: רק מפני שהאנשים האלה חלקו על מדיניות הממשלה ומפני שהם מחו על הפגיעה ברבם זה קרה להם. כשהוא אומר להם: אני אסגור את הישיבה, אתם אורחים במעלות - הוא בעל-הבית והם האורחים. הם לא אזרחים שווים, שתורמים לעיר. הכנסת צריכה להבין, ואני אומר לשר המשטרה שישמע - אני יודע שהוא מקשיב, אני רוצה שהוא גם ישמע. תלמידי ישיבה, כאשר מבזים את הרב שלהם, אתה יודע את זה, בעלבונות, הם, ספונטנית, מתעוררים כדי למחות, הם מרגישים שזה חלק מחובתם הדתית כתלמידים, לקום ולמחות נגד הפגיעה ברב, וזה מה שהם עשו. הם עמדו עם שלט ומחו נגד ראש העיר שכך פגעו בו. לכן אני אומר שזה לא קשור לימין, אותה פגיעה שממנה זה קרה. אוסיף ואומר שאותה הפגנה שחבר הכנסת דיין הזכיר, באו אליה עם הפיקוח העירוני וצילמו כאילו היו איזו מאפיה איטלקית או כמו ברוסיה, כאשר היו מצלמים את המפגינים - - -

חברי הכנסת, אני גומר. אני גומר, ברשותך, היושב-ראש. בלי כחל ושרק, בחורי הישיבה תובעים את עלבונם. לקרוא לאנשים כאלה בריונים זה כמו להזנות את השפה; לשקר ביודעין. לקחת אנשים שקטים, אנשים תמימים, ולהגיד שבחורי ההסדר הם בריונים, זה, במקרה הטוב, חוצפה ושערורייה. יש תמונות שמעידות מי בא עם אגרוף קמוץ ומתגרה ומי הניף מוט ברזל. הרב אלי כהן, רב בית-ספר, אני מעיד עליו פה שהוא יהודי צדיק ותמים, התקשר מביתו למשטרה והתלונן שקרעו את החולצה שלו. אמרו לו: תבוא לתחנה להגיש תלונה. כאשר הוא הגיע - עצרו אותו. שעתיים לפני כניסת השבת לא חקרו אף אחד מהם, לא דיברו אתם, ואני יכול לנחש שהם אמרו בינם לבין עצמם: קודם כול נשבור אותם קצת.

חברי הכנסת, לוקחים אנשים שראש המועצה מצביע עליהם, ודי בכך כדי לעצור אותם? אם כן, מי במעלות הבריון? יש נזק בל ישוער לישיבה ולשם שלה, כל העולם יודע, בריונים מפיצים זאת, נעשה עיוות נורא שכולו מבוסס על שקר, כמו תעמולה בולשביקית אני מוכרח לומר, ואת העיוות הזה צריך להסיר, לטהר את שמה של הישיבה, ולבדוק, ציבורית, את ההתנהגות של מי שנהג כך. לכן ראוי שהכנסת תדון בנושא בדחיפות ובפירוט כדי להעמיד דברים על אמיתותם ולמנוע הישנות מקרים קפקאיים כאלה בעתיד.",4
32905,"אדוני היושב-ראש, חברי הכנסת, ישיבת ההסדר במעלות קיימת קרוב ל-20 שנה. היא הוקמה בעקבות הרצח, הטבח של 22 הילדים וחמשת המבוגרים. זאת היתה אז התשובה הציונית – להגביר את הביטחון במקום, לחזק את המורל, להזדהות עם מעלות. הפנימייה של הישיבה שוכנת במקום שבו שכנה משפחת כהן, שנרצחה על-ידי המחבלים. התושבים רצו לעזוב את המקום בשל פחד. הישיבה באה לעודד ולגור שם. תלמידי הישיבה לומדים תורה במסירות, משרתים את הביטחון כלוחמים ב""גבעתי"", ב""גולני"", בצנחנים, בשריון, ופניהם לאחיהם שבמעלות. הם מלמדים בבתי-הספר בעיירה, הם מקימים בתי-מדרש בכל האזור, הם מתפזרים בחגים ביישובים כדי לקיים מניינים למי שצריך ומבקש. בתי-הספר מגיעים אליהם ולומדים יהדות בדרכי נועם. הם קולטים עלייה. בכל שבוע מאות עולים ממעלות מסתופפים בישיבה ולומדים עברית ויהדות. מפקד המשטרה במקום, שנכנע באותו יום שישי אחרון ללחצי ראש המועצה, אמר הבוקר, כפי שנמסר לי: עד האירוע ביום שישי לא ידעתי שיש שם ישיבה, מהבחינה המשטרתית. הוא אמר: אני מכיר את הבחורים כבחורי חמד, הם בריונים? לא ראיתי בחורים טובים כאלה, מתגייסים למשמר האזרחי, מתנדבים למגן-דוד-אדום. מה באמת קרה במעלות? הודבקו במעלות מודעות שתוקפות את מדיניות הממשלה, מודעות של המטה המשותף של תנועות הימין. ראש המועצה חבר הכנסת בוחבוט פגש ברב ויצמן, שהוא ראש ישיבת ההסדר, ואני מעיד עליו, כמי שמכיר אותו, שהוא אדם עדין מאוד, הייתי אומר שהוא צדיק אמיתי. הוא פגש אותו במרכז המסחרי ותקף אותו במלים בוטות, בצעקות רמות, הוא האשים אותו שתלמידיו הדביקו את המודעות. הרב הכחיש שלתלמידיו יש קשר להדבקה הזאת. ואז פגע בו ראש המועצה ואיים שהוא יפזר את הישיבה ויסלק אותם ממעלות. היה עוד אירוע אחד שם.

חבר הכנסת דיין, אתה לא טועה אבל אסביר את סדר הדברים.

מה שאומר חבר הכנסת דיין הוא נכון, כי זה כמה חודשים, כמו בהרבה צמתים בארץ גם בכניסה למעלות יש משמרת מחאה של 25 איש מתושבי מעלות, לא רק בחורי ישיבה. הם מוחים נגד מדיניות הממשלה. ואומנם, ביום חמישי או ביום שישי האחרון חבר הכנסת בוחבוט התנפל עליהם, הוא בעצמו קרע את השלטים שלהם. זאת היתה הפגנה ברשיון. קבוצה מתלמידי ישיבת ההסדר – –

– – באו להפגין מול ביתו של ראש המועצה, מהצד השני של הכביש. הם לא באו להפגנה פוליטית-מדינית שם, לכן אני לא טועה, אלא רק למחות נגד זה שפגעו בראש הישיבה, שראש המועצה העליב אותו באמצע הרחוב. יש תמונות, ואני יכול לצרף אותן לפרוטוקול. הן יוגשו לבית-המשפט, אבל אני יכול להעביר אותן גם לפרוטוקול ולשר המשטרה. התמונות מעידות שחבר הכנסת בוחבוט יוצא לקראתם מביתו בזעם ואשתו מתלווה אליו ומניפה מוט ברזל מול המפגינים.

את רוצה לראות? בואי תתקרבי ותראי את התמונות.

אני לא עושה דרמטיזציה. זה יבוא לבית-המשפט. אתם באו אנשים נוספים, אנשי זרוע שאיימו על המפגינים והתחילו לדחוף אותם. התפתח עימות מילולי. תשמעי גם את הצד השני. שמעת במפלגת העבודה צד אחד, תשמעי את הצד השני.

בהחלט. אבל אני מגיש פה צד אחד.

התפתח עימות מילולי, שעבר אחר כך לתגרת ידיים, כנראה, בין חבר הכנסת בוחבוט לחלק קטן מהנוכחים. כנראה היתה שם תגרה. אני לא אומר מי התחיל בה, אני חושד מי התחיל בה, אבל נשאיר את זה לחקירה. הגיעה ניידת משטרה, והשוטר המקומי הלך בעקבות ראש העיר, שאמר לו: אף אחד לא יזוז. וכל אדם שהוא הצביע עליו, נעצר על-ידי השוטרים.

סיפרו לי, העידו, שהוא עצמו אפילו דחף חלק מהם לתוך הניידת, בתור כוח-עזר, אולי, למשטרה. במהלך התגרה נפגעו גם המפגינים. אחד מהם טען בבית-המשפט שחבר הכנסת בוחבוט, אישית, קרע ממנו את החולצה שלו. השמונה שנעצרו הובלו לתחנת המשטרה, הושמו במעצר בתא אחד כל יום השבת, ולא נחקרו. שעתיים לפני השבת לא חקרו אותם, אז הם הובאו להארכת מעצרם. כל אותן 40 שעות שהם היו במעצר הם לא נחקרו. עדויות נגבו רק מבני משפחת חבר הכנסת בוחבוט. גם ביום ראשון עצרה המשטרה שניים נוספים, שהפגינו בשקט מול המועצה עם שלט שהיה כתוב עליו: ""השתקת פיות"", ושוב, ניידת עצרה אותם. חברי הכנסת, עולה מכאן תמונה חמורה, ששוטרי משטרת מעונה הם משטרה מטעם ראש המועצה, העושים שימוש לרעה, שלא כדין, בסמכותם כדי לשלול את חופש הביטוי בהפגנה. אני יודע איך תענה לי, אבל זה לא יהיה נכון – – –

עובדות. הם הגיעו לאחר התגרה, הם ביצעו מעצרים על-פי הצבעתו של חבר הכנסת, הם לא עצרו את שותפיו אף-על-פי שהיו תלונות נגדיות מאנשי הישיבה, והם סירבו לקבל תלונות זהות מבחורי הישיבה. הם נעצרו, אני אומר פה, כעונש, ל-40 שעות, השבת בכלל זה, בלי שנגבתה מהם כל עדות, עד לאחר שהביאו אותם בפני שופט. טענו שהמעצר היה נחוץ בשבת כדי למנוע תיאום גרסאות. כיוון שכולם שוכנו בתא אחד כל השבת, הטענה הזאת מופרכת, וגם השופט מלין על כך. למעשה, הארכת המעצר נדרשה רק כדי לגבות את העדויות שלא טרחו לגבות כמעט שתי יממות, והמעצרים נעשו בשרירות לב, כדי להתעמר במוחים נגד התנהגותו של ראש המועצה. לכל האירועים, אמרתי, הגיע חבר הכנסת מלווה בכמה בעלי זרוע, שסביר להניח שהם גם שאיימו בטלפון על משפחתו של חבר הכנסת יהלום שהעלה זאת ברדיו, ואני לא בטוח שעכשיו אין מאיימים על משפחתי בהמשך לכך. מחר אני אדווח. אדוני היושב-ראש, מה שקרה במעלות לא היה שמירת חוק אלא דוגמה של עיירה שבה יש הפחדות, איומים ושימוש בכוח הזרוע, עם סממנים של מדינת משטרה; זה לא בסדר. היו הפגנות ליד ביתו של ראש הממשלה בגין, זיכרונו לברכה, היו הפגנות ליד ביתו של, ייבדל לחיים ארוכים, ראש הממשלה רבין, היו על-יד ביתך, אני מרשה לעצמי – – –

גם על-יד ביתי. מעולם לא יצאתי עם אשתי ועם מקל, בכוח, ולא קראתי לעצור אותם. זה לא נעים, אבל זה חלק מהגורל שלנו כאנשי ציבור כל עוד אין מכים, אין מתנפלים, אין נכנסים לתוך הבית וכדומה. כאן זה היה. קראו למשטרה לאסור את האנשים כדי להעניש אותם במעצר. אני אומר זאת: רק מפני שהאנשים האלה חלקו על מדיניות הממשלה ומפני שהם מחו על הפגיעה ברבם זה קרה להם. כשהוא אומר להם: אני אסגור את הישיבה, אתם אורחים במעלות – הוא בעל-הבית והם האורחים. הם לא אזרחים שווים, שתורמים לעיר. הכנסת צריכה להבין, ואני אומר לשר המשטרה שישמע – אני יודע שהוא מקשיב, אני רוצה שהוא גם ישמע. תלמידי ישיבה, כאשר מבזים את הרב שלהם, אתה יודע את זה, בעלבונות, הם, ספונטנית, מתעוררים כדי למחות, הם מרגישים שזה חלק מחובתם הדתית כתלמידים, לקום ולמחות נגד הפגיעה ברב, וזה מה שהם עשו. הם עמדו עם שלט ומחו נגד ראש העיר שכך פגעו בו. לכן אני אומר שזה לא קשור לימין, אותה פגיעה שממנה זה קרה. אוסיף ואומר שאותה הפגנה שחבר הכנסת דיין הזכיר, באו אליה עם הפיקוח העירוני וצילמו כאילו היו איזו מאפיה איטלקית או כמו ברוסיה, כאשר היו מצלמים את המפגינים – – –

חברי הכנסת, אני גומר. אני גומר, ברשותך, היושב-ראש. בלי כחל ושרק, בחורי הישיבה תובעים את עלבונם. לקרוא לאנשים כאלה בריונים זה כמו להזנות את השפה; לשקר ביודעין. לקחת אנשים שקטים, אנשים תמימים, ולהגיד שבחורי ההסדר הם בריונים, זה, במקרה הטוב, חוצפה ושערורייה. יש תמונות שמעידות מי בא עם אגרוף קמוץ ומתגרה ומי הניף מוט ברזל. הרב אלי כהן, רב בית-ספר, אני מעיד עליו פה שהוא יהודי צדיק ותמים, התקשר מביתו למשטרה והתלונן שקרעו את החולצה שלו. אמרו לו: תבוא לתחנה להגיש תלונה. כאשר הוא הגיע – עצרו אותו. שעתיים לפני כניסת השבת לא חקרו אף אחד מהם, לא דיברו אתם, ואני יכול לנחש שהם אמרו בינם לבין עצמם: קודם כול נשבור אותם קצת.

חברי הכנסת, לוקחים אנשים שראש המועצה מצביע עליהם, ודי בכך כדי לעצור אותם? אם כן, מי במעלות הבריון? יש נזק בל ישוער לישיבה ולשם שלה, כל העולם יודע, בריונים מפיצים זאת, נעשה עיוות נורא שכולו מבוסס על שקר, כמו תעמולה בולשביקית אני מוכרח לומר, ואת העיוות הזה צריך להסיר, לטהר את שמה של הישיבה, ולבדוק, ציבורית, את ההתנהגות של מי שנהג כך. לכן ראוי שהכנסת תדון בנושא בדחיפות ובפירוט כדי להעמיד דברים על אמיתותם ולמנוע הישנות מקרים קפקאיים כאלה בעתיד.",4
33355,נדמה לי שמעונות היום לא כלולים.,1
33489,"אדוני היושב-ראש, חברי הכנסת, אני מודה לנשיאות הכנסת על שהכירה בדחיפות העלאת הנושא - על-ידי חבר הכנסת מנע ועל-ידי - על סדר-יומה של הכנסת. בימים אלו שבהם אנו שומעים מראשי מערכות הביטחון שהטרור ילך ויגבר עם חתימת הסכם עזה-יריחו תחילה - והוא עלול לפגוע בנו, כך אומרים אנשי הביטחון, גם ביהודה, בשומרון ובעזה וגם בתוככי ""הקו הירוק"" - חובת הממשלה, העיריות והציבור להבטיח שבעתיים, שמוסדות החינוך שלנו, בתי-הספר וגני-הילדים, יהיו מוגנים בפני כל מחבל, כל זורע טרור. למדנו בדרך הכואבת שהטרור האש""פי או ה""חמאסי"" אינו בוחל בפגיעה בילדים, בטף, ולכן עלינו להבטיח את שלומם בכל מקום, ובפרט במוסדות החינוך שבהם מצויים הילדים יחד. חברי הכנסת, הוסיפו על כך את 5,000 העצירים הפלשתינים חברי אש""ף ו""חמאס"", שהממשלה בטובה שולחת לחופשי בחודש הקרוב, ואי-אפשר שלא להזכיר באותה הזדמנות את הנעדרים שלנו, שהממשלה, בכך שהיא משחררת עצירים אחרים ואותם לא, מפקירה את הנעדרים, וחלחלה תאחז בנו אם לא נדאג שהשמירה על ילדינו תהיה חזקה מכל משמר. אדוני היושב-ראש, טוב עשתה הכנסת וטוב עשה משרד החינוך כאשר הגיעו למסקנה, שאין עוד טעם בשמירה של הורים וסבים וסבתות בבתי-הספר ובגני-ילדים, מפני ששמירה כזאת איננה יעילה ואיננה מועילה. הרבה שנים משכנו זאת עם תקנות שעת-חירום וכל פעם אמרנו שנפסיק, וטוב שהוחלט להפסיק זאת. טוב עשתה הממשלה כשהחליטה לפני כשנתיים להפעיל במוסדות החינוך שמירה מקצועית בשכר, החל משנת הלימודים התשנ""ג, אלא שהדברים לא נסגרו כראוי, ולכן צולעים סדרי השמירה ואינם מוסדרים, עד כדי סיכון ביטחוני וסיכון של קריסת המערכת. עלות הפעלת השמירה לשנת התשנ""ד הוערכה בכ-110 מיליון שקל, ונטל השמירה היה אמור להתחלק, כפי שמסר פה חבר הכנסת מנע, בין הממשלה, באמצעות משרד החינוך - %55, ההורים - %25 באמצעות אגרות שמירה, ו=%20 על-ידי הרשויות המקומיות, כאשר הרשויות המקומיות מקבלות מענק השתתפות של משרד הפנים במימון מחצית עלות השמירה. זאת היתה התוכנית. חברי הכנסת, החוק לא אושר בכנסת במלואו. הכנסת החליטה שהורים לא ישלמו בעד השמירה. לכן ההורים לא חייבים לשלם, והם לא משלמים. חלקן של המדינה ושל הרשויות המקומיות צריך אפוא לעלות כדי שיכסו את החסר, ואילו הרשויות טוענות שאין הן מסוגלות לכך. אבל גם הממשלה לא משלימה את התוספת, או לא מסדירה סופית את העניין שהכנסת כפתה עליה והיא לא נערכת לכך תקציבית. זה גורם לתקלות רבות במקומות שונים, והכנסת חייבת לדון ולהחליט כדי להביא את הממשלה להסדרת העניין, מפני שגם כאן נעשתה חצי עבודה, מאחר שלא הוחלט בבירור שעל הממשלה לכסות את היתרה במקום ההורים. הזנחת העניין וסחיבתו מסוכנות, כי הסדרי הביטחון רופפים ומקרטעים על כרעי תרנגולת, ומאוימים כל העת בהפסקתם. מה שנדרש עכשיו, חברי הכנסת, הוא לכסות את חלקם של ההורים במימון אבטחת מוסדות החינוך על-ידי הממשלה בהעברת חלקו של משרד הפנים לרשויות מקבלות המענק, ולהעביר את כל נושא האבטחה לאחריות הממשלה והרשויות המקומיות ללא השתתפות ההורים בעתיד, מפני שהכנסת לא תאשר כנראה שההורים שותפים לכך. אדוני היושב-ראש, הכנסת מאמינה שההורים לא צריכים לשלם בעד השמירה. ועל כן חובתנו לקרוא לממשלה לשלם. בכל פעם, בחודשים האחרונים, מאיימות הרשויות המקומיות להפסיק את השמירה שעולה נופל עליהן, והסחבת בפתרון העניין והבריחה מפתרון העניין עלולות להביא, חס ושלום, לאסון. חברי הכנסת, אני קורא שבמאות רבות של גני-ילדים פרטיים אין כלל תנאי אבטחה בסיסיים, ואילו כל המערכת, כפי שאמרנו, רועדת והיא בסכנת התמוטטות. אני פונה לסגן שר החינוך, כי אני מבין שהוא הממונה על הנושא במשרד: קבל על עצמך אחריות, מפני שממך יתבעו אותה אם, חס ושלום, יקרה משהו, והודע חד-משמעית שיש לכם פתרון למצוקת השמירה. זאת אומרת, קודם כול תקציב לכיסוי ההוצאות, כדי שלא נסכן את ילדינו, כדי שלא נגיע למצב שנצטער לאחר מעשה וכדי שלא נתעורר מאוחר רק כאשר נזדקק, חס ושלום, לוועדת חקירה. הכנסת מקווה לשמוע תשובה ברורה ומספקת, שהממשלה מקבלת על עצמה את מימון השמירה בבתי-הספר ובגני-הילדים. אני מציע שהכנסת תדון בנושא בכובד ראש ותגיש את המלצותיה ודרישותיה.

אתה מתייחס לבתי-הספר שם או בכלל להגנת האזור?

מי יממן את החלק של - - -

לא, תעביר את זה לוועדת החינוך.

נדמה לי שמעונות היום לא כלולים.",2
34573,"אבקש רק הערה אחת. אמר השר: ""מי שמסר זאת - - -"". היו כתבות בטלוויזיה, היו כתבות ברדיו, היו כתבות בעיתונות, הופיעו עולים ואמרו: אנחנו נזרקים לרחוב. זה לא שמישהו מסר לי, אגב זה היה ערב פסח, ואז דחיתם זאת לאחר החג או משהו כזה. אני רוצה לשאול: כמה מהמפונים מבתי-המלון נמצאים עכשיו בחוץ, וכמה מכלל העולים לפי הערכתם הם חסרי בית?",1
34576,"אבקש רק הערה אחת. אמר השר: ""מי שמסר זאת – – –"". היו כתבות בטלוויזיה, היו כתבות ברדיו, היו כתבות בעיתונות, הופיעו עולים ואמרו: אנחנו נזרקים לרחוב. זה לא שמישהו מסר לי, אגב זה היה ערב פסח, ואז דחיתם זאת לאחר החג או משהו כזה. אני רוצה לשאול: כמה מהמפונים מבתי-המלון נמצאים עכשיו בחוץ, וכמה מכלל העולים לפי הערכתם הם חסרי בית?",1
34987,"אדוני היושב-ראש, חברי הכנסת, ההסכם נחתם, הפינוי בוצע, אבל השלום איננו. עזבנו את עזה ויריחו תחילה, והיה מובן מאליו שקודם כול הקלה ביטחונית תהיה. במקום זה המצב נשאר הר געש פעיל, ולא נראה שהוא רוצה להירגע בעתיד הנראה לעין. מאז הסכם קהיר, לפני כשלושה שבועות, היה מספר רב מאוד, יחסית, של פיגועים גם בשטח של עזה-יריחו, בעיקר עזה - ירי על סיורים, על מאחזי צה""ל מכיוון ח'אן-יונס, תנועה של סיורים פלשתיניים באזורי גוש-קטיף ללא ליווי ישראלי, תנועה של פלשתינים חמושים ללא מדים, שני חיילי צה""ל שנהרגו ליד מחסום ארז, ארבעה פצועים מפיגועי ירי בתחום עזה, הסתננות של מחבלים לנווה-דקלים וירי מדי לילה אל סיורים ממאחזי צה""ל בתחום הרצועה. להוסיף כמובן מה שקרה בבית-חג""י - מרגלית ורות שוחט, רפאל יאירי, ועוד. זאת אומרת, הפיגועים ומעשי הטרור וההפרות נמשכים. יש בארץ דעת קהל, והיא מביעה בסקרים את אכזבתה מההסכם ובהפגנות את זעמה, והיא תחריף ותבוא לידי ביטוי יותר ויותר, וזאת חרף הבוז והשחצנות של הממשלה כלפי הציבור הזה ורחשי לבו. חברי הכנסת, דם יהודי עדיין נשפך, חיילים ואזרחים, והרוצחים חוזרים לבסיסיהם בעזה, ואין מי שדורש מהם את הדם. להיפך, היום אני קורא בעיתון, שצה""ל בודק איך עשרות מחבלים, שדם על ידיהם, בניגוד לקריטריונים שהובטחו לכנסת, שוחררו, כאילו בטעות. הרוצחים של אורי מגידיש, השם ייקום דמו, כמעט גויסו למשטרה בעזה. בסופו של דבר, הם לא רצו להתגייס.

אתה יודע מה, חבר הכנסת צוקר? יש לי מספיק טיעונים נוספים, אז חבל לך לבזבז את התשובות שלך.

זה מה שאמרתי. החוצפה מרקיעה כשראש השב""כ הפלשתיני מגיע לנגב, ללגיה בנגב, שולח את המתנחלים לגיהינום, מבטיח רדיפה של משתפי הפעולה עם ישראל וקורא למתנגדים להסכם עם ישראל להמשיך במאבק המזוין. ראש השב""כ הפלשתיני. הדברים מעוררים סערה, מרתיחים את הדם. לממשלה זה לא מזיז. הצפצוף על ההסכם ורוחו נמשך, והחריגות מצטרפות לכלל תמונה גדולה של הפרה גדולה. אם יועץ משפטי במשרד החוץ יפרש את זה כהפרה, הוא יינזף. ואם שוטרים פלשתינים יורים בגלגלי מכונית ישראלית, הם יקבלו מהממשלה שלנו ציון לשבח, שהם היטיבו לדייק בקליעתם והואילו בחסדם שלא להרוג את הנוסעים. ההסכם מופר, אבל את השלום אנחנו יוצרים לעצמנו בדמיון. חברי הכנסת, ערפאת - וזו אולי הנקודה המרכזית - מכריז במפורש, שהוא לא מתכוון לקיים את ההסכם. הביקור הראשון של ערפאת לאחר קהיר הוא באלג'יר, מפני שהמודל המחשבתי שלו זה ה-FLN מול צרפת. שם חוזר ערפאת עוד הפעם על מה שאמר ביוהנסבורג: ההסכם שחתם הוא זמני בלבד, כמו ההסכם שעשה מוחמד בחוזה חודייבה עם בני קורייש. מה היה שם? תומכי מוחמד רצחו משורר שפגע בנביא. בני קורייש סיפקו הגנה לשבט שלו. זה היה התירוץ, זו היתה העילה המספקת להפר את ההסכם אתם. זה מה שהוא מתכוון לעשות: להיתלות בעניין צדדי ושולי שישראל תעשה כדי להפר את ההסכם. הוא לא מתכוון לקיים אותו. בזאת ובקריאה לג'יהאד על ירושלים, בהודעה שההסכם הוא זמני, הוא מעיד על סוף העניין. בנאום באלג'יר טוען ערפאת, שיש חלקים בצה""ל ובמערכות הביטחון של ישראל, שתומכים במתנחלים וממשיכים את המלחמה. כל פעולה נגד הרוצחים המבוקשים תהיה תירוץ טוב להפר את ההסכם. הצהרות הכוונות שלו וזה שאנחנו מבטלים אותן כאילו זה כלום - זה דבר שגוי. אדוני היושב-ראש, מצטרף לכך נושא חמור מאוד של מה שאמר פייצל אל-חוסייני, שהוא יבנה הדרגתית את המוסדות הממשלתיים המדינתיים בירושלים. הוא אומר ועושה, וכבר נבנו בשנתיים האלה - בשנתיים של הממשלה הזאת - מוסדות רבים כאלו, כמו ה""אוריינט-האוס"", כמו הרשות הכלכלית, כמו ההשכלה הגבוהה, כמו הלשכה לסטטיסטיקה ועוד. כל אלו עובדות מוגמרות שירושלים, מבחינתם, היא בירת פלשתין. ראש הממשלה שלנו הכריז הכרזה חזקה נגד חוסייני, שכל המוסדות יועברו ליריחו, אבל השאלה היא, מה באמת ייעשה? לא בהצהרה סוגרים את המוסדות. ראש הממשלה חזק בהצהרות. השאלה היא, מה ייעשה באמת, יחד עם עיריית ירושלים. המבחן יהיה במעשה, לא בהצהרה. אם הממשלה תעשה את זה, נתמוך בה. יש לממשלה הזדמנות לעשות דברים שחלקים רחבים יותר בציבור יתמכו בהם. חברי הכנסת, כמעט לסיום דברי - - -

אתה יודע מה? אני מוותר על הצעת חוק שיש לי על סדר-היום, הצעה נוספת, כדי שתיתן לי עוד כמה דקות.

לפעמים אני רואה שאנשים מדברים - - - אתה רוצה שאני אשב עם השעון כאן?

אבל אם אני מוריד לך היום עשר דקות - - -

אתה רוצה שאני ארד? אני ארד.

אתה הרי לא מתכוון לבלבל אותי, אז אגיד בקיצור.

אומר בתמצית: כל הדיבור על כך שמה שהם אומרים, שהם יקבעו שמבוטלים החוקים הישראליים בשטחים, זה בבל""ת - זאת לא הצהרה, זאת קביעת עובדות. למי ישמעו השופטים שמונו על-ידם בעזה וביריחו, ואפילו אלה משכם - לרבין, שטוען שאין להם סמכות, או לערפאת? התשובה ברורה. את כל זה אמר פרופסור אוריאל רייכמן - את כל ההצהרות שאתה לא נותן לי להביא אותן - - -

- - - כל אלה שקולות כהכרזת עצמאות. וההתגרות של ראש השב""כ הפלשתיני, שלא נשקוט עד שישראל תצא מירושלים, שהיא בירתנו, ומדינת ישראל היא זמנית, הוא דבר שצריך להפסיק אותו ולא להסכים לו. אין להסכים גם למה שאמר אחד מראשי אש""ף, ש""האור שזרח על עזה ועל יריחו יגיע גם לנגב וגם לגליל"". חברי הכנסת, הרושם הבסיסי שמתקבל הוא, שיש פה התמוטטות של ההסכם, שתביא לקטסטרופה. עזה ויריחו תחילה - זה יצור כלאיים, וכבר אפשר לראות לאיזה כיוון מסוכן הוא מתפתח. חובת הכנסת לדון מחדש על ההסכם ועל המשך הדרך.

הממשלה הודיעה כאן, השר שחל הודיע בשם ראש הממשלה, שאם המצב יימשך כך, נחזיר את המצב לקדמותו.",4
35016,"גברתי היושבת-ראש, חברי הכנסת, בימים אלו שאש""ף מגביר את התעמולה שלו והפעילות שלו לסילוק ישראל מירושלים ולהפיכת ירושלים לבירת פלשתין, כפי שדנו על כך הבוקר, עלינו לעשות כל דבר שמחזק את המעמד ואת המיקום של ירושלים כבירת ישראל לנצח. הוזכר כבר הבוקר, שאש""ף ממלא את ירושלים במוסדות ממלכתיים שלו, והקריאה של רבין להעביר אותם ליריחו נשארת כקול קורא במדבר. ישראל, גם לטעמה ולדידה של הממשלה הזאת, צריכה, בתגובה על ההצהרות והמעשים של אש""ף בירושלים, להסכים שהדרך מהשפלה לירושלים תהיה כולה ישראלית. יש חשיבות מיוחדת לכך בימים אלו של משא-ומתן על האוטונומיה - להבהיר לעולם חד-משמעית, שהאזור הזה, שפותח את הדרך לירושלים, יישאר בריבונות ישראל. ויש לכך גם משמעות ביטחונית וגם משמעות מדינית חשובה. חברי הכנסת, האזור של כביש ירושלים-תל-אביב, שעובר בין שער-הגיא ליער בן-שמן, היה ערב מלחמת ששת הימים ברובו שטח הפקר ומקצתו שטח בשליטת ממלכת ירדן. מדובר על מאות מטרים. לא ייתכן שעורק תחבורה ראשי, המשרת את אזרחי ישראל בדרכם אל בירת המדינה, לא יהיה כולו נתון למרות החוק הישראלי. ולכן יש להחיל את החוק הישראלי על אותם שטחים. התיקון חשוב מבחינה מהותית. הוא לא פוגע בשום יישוב ערבי, לא גרים שם אנשים. אנחנו עוברים בכביש הזה בין כך ובין כך. אבל לקראת האוטונומיה יכול להיות שיתחילו לדון בשאלה מה מקומנו שם בלטרון.

חבר הכנסת זיסמן, אם אתה רוצה למצוא תירוצים שלא לתמוך בי, אתה יכול, אבל זה לא יהיה נכון. הטיעון הלוגי שלך לא נכון. הרי אני מוכן להציע הרבה יותר מזה, גם לגבי ירושלים. כל הצעה שאתה תביא לגבי הרחבה, אני אתמוך בה. אני הולך על דבר צנוע, שלפי דעתי הממשלה היתה צריכה להסכים לו, כי אין לה שום בעיה בנושא הזה. ותלך קטע-קטע. זה לא במקום, זה לא סותר, זה דבר ענייני, זה כביש. הדברים האחרים, אתה יודע שהם יותר כבדים מבחינה מדינית, ואני תומך בהם. כל מה שאתה תעלה, אני אתמוך בו. אני אומר: התיקון הזה חשוב מהותית. הוא לא פוגע במישהו. יש בו מסר נוסף על הכוונה שלנו באשר לירושלים. התיקון מהווה חיסול של איזו לקונה בחוק לגבי שטחים שלא היה כל חוק חל בהם ועליהם. אני פונה לממשלה לחזור בה מהסירוב לתקן את המצב. ולחלופין אני פונה לכנסת עצמה להבטיח, שהמשפט, השיפוט והמינהל של המדינה יחולו על כל השטח של כביש ירושלים-תל-אביב.",4
35271,"אני רוצה לשאול את כבוד השרה, ואני בטוח שהיא פועלת ורגישה בנושא, כמה הורים ממתינים היום להכנסת הילד שלהם למוסד של מפגרים?

תודה רבה. אני מתפלל לשלומך, אורה, ומאחל לך רפואה שלמה מקרב לב; שתחזרי בשלום בקרוב לפעולות המבורכות שלך.",1
35275,"אני רוצה לשאול את כבוד השרה, ואני בטוח שהיא פועלת ורגישה בנושא, כמה הורים ממתינים היום להכנסת הילד שלהם למוסד של מפגרים?

תודה רבה. אני מתפלל לשלומך, אורה, ומאחל לך רפואה שלמה מקרב לב; שתחזרי בשלום בקרוב לפעולות המבורכות שלך.",1
35421,"אדוני היושב-ראש, חברי הכנסת, דבר רודף דבר, ועד שאנו רואים בדאגה את הנחיתה של 34 טילי ""קטיושות"" בגליל, אנו מודאגים ממה שהוסתר מאתנו כשהובטח במכתב קריצה לאש""ף, שירושלים המזרחית עשויה להיות תשתית של בירתו, וכאן זו כבר ""קטיושה"" תוצרת בית. וכפי שהסתירו מאתנו את המכתב על זכויות אש""ף בירושלים, מי יודע אם יש מכתב, בכתב או בעל-פה, שנותן לאסד להבין, כי נהיה מוכנים לוותר על כל הגולן. אדוני היושב-ראש, התופעה של ירי ""קטיושות"" על הצפון מעידה על כך שיישובי גבול הצפון עדיין משמשים סוג של בני ערובה. בכל פעם שה""חיזבאללה"" נלחץ, בכל פעם שמצליחים להכות בהם - וכולנו משבחים את צה""ל על הפעולות המוצלחות, גם בעניין דיראני וגם בעניין בסיס ה""חיזבאללה"" - אנו יודעים שיש להם מוצא קל. ההסכם שהיה לאחר מבצע דין-וחשבון, אשר קובע שהאוכלוסייה הלבנונית גם היא בת-ערובה מנגד, ולא יפגעו הדדית, לא בגליל ולא בהם, מופר על-ידי ה""חיזבאללה"" ואינו מונע אותם מסחטנות ומסיכון יישובי הגליל. אנו בולעים את ההפרה, רק מפני שבנס לא פגעו ה""קטיושות"" בתושבים שלנו. חברי הכנסת, מאחר שכל דוברי הממשלה מודים, שסוריה מסוגלת לשלוט ב""חיזבאללה"", יוצא שההפרה והסחיטה האלה נעשות בחסות סוריה, וזה סותר את המשא-ומתן המתנהל בינינו, עם אש צדדית מצדם על ילדינו ואזרחינו בגליל, וזה סותר את הביטחון שלנו. לכן על הממשלה להבהיר לדמשק, שאין אפשרות לקיים תהליך מדיני ותוך כדי כך להפעיל סחיטה. אדוני היושב-ראש, התופעה הזו צריכה להעיר את עינינו בהשלכתה על מה שיקרה בעזה כאשר ה""חמאס"", שהוא ה""חיזבאללה"" של עזה, ישלוט שם, או ישתתף בשלטון, וישגר טילים לתחנת הכוח בזיקים, לאשקלון או לשדרות, שלא לדבר על נחל-עוז, עלומים וכיסופים, החשופים כבר היום לאיומים ולפיגועים שונים. חשוב שהציבור יבין מה פירושו של ההסכם הזה ואיך עלינו לכלכל את צעדינו באחריות, בזהירות ובשיקול דעת, כדי שלא לתת למחבלים דריסות רגל נוספות, ומשם יגיעו בעיות כאלו. חברי הכנסת וסגן שר הביטחון, צה""ל לא חרג מההבנות שהושגו במבצע דין-וחשבון. אנשי ה""חיזבאללה"" חרגו. הם שלחו אלינו 60 טילי ""קטיושות"" ש-34 מהם הגיעו לגליל. אל נסמוך על כך שהמזל משחק לנו באי-פגיעה של ""קטיושות"". אסור להמר בחיינו, ומן הראוי שהכנסת תדון בנושא.",2
35563,"אדוני היושב-ראש, אדוני שר המשטרה, פורסם כי מורי-דרך ונהגים ישראלים שהסיעו תיירים במזרח-ירושלים נדרשו באחרונה פעמים מספר, במיוחד על-ידי מאבטחי ""אוריינט האוס"", להסיר את דגל ישראל ממכוניותיהם בירושלים כאשר הסיעו אנשים רמי מעלה, בעיקר ל""אוריינט האוס"". ברצוני לשאול: מדוע לא מונעת המשטרה מעשים אלה הפוגעים בכבודה של ירושלים, בכבודה של המדינה?

אני רוצה להעיר הערה באוזני כבוד שר המשטרה, ואחר כך שאלה נוספת. לגבי השאלה, אני מבין משר המשטרה, שאם אני אביא דוגמאות מעשיות, מלבד הפרסום הכולל - זה לא בהכרח שמישהו מתלונן, אלא מספיק שמישהו מצווה על מישהו להסיר דגל, ולמאבטחים יש גם נשק. כלומר, מה שאני צריך לעשות כרגע זה להביא את הדוגמאות הקונקרטיות של אותם כלי הרכב שנדרשו לכך, ואז, אני חושב - בצדק, המשטרה עצמה לא צריכה תלונה של מישהו, מספיק שהיא יודעת שעושים דבר שלא ייעשה. אבל השאלה השנייה שלי היא, האם נכונה הידיעה, שגם התפרסמה, שהמאבטחים ב""אוריינט האוס"" קיבלו את נשקם הנוכחי מהמשטרה הפלשתינית?",1
35804,"אדוני היושב-ראש, אדוני שר המשטרה, פורסם כי מורי-דרך ונהגים ישראלים שהסיעו תיירים במזרח-ירושלים נדרשו באחרונה פעמים מספר, במיוחד על-ידי מאבטחי ""אוריינט האוס"", להסיר את דגל ישראל ממכוניותיהם בירושלים כאשר הסיעו אנשים רמי מעלה, בעיקר ל""אוריינט האוס"". ברצוני לשאול: מדוע לא מונעת המשטרה מעשים אלה הפוגעים בכבודה של ירושלים, בכבודה של המדינה?

אני רוצה להעיר הערה באוזני כבוד שר המשטרה, ואחר כך שאלה נוספת. לגבי השאלה, אני מבין משר המשטרה, שאם אני אביא דוגמאות מעשיות, מלבד הפרסום הכולל – זה לא בהכרח שמישהו מתלונן, אלא מספיק שמישהו מצווה על מישהו להסיר דגל, ולמאבטחים יש גם נשק. כלומר, מה שאני צריך לעשות כרגע זה להביא את הדוגמאות הקונקרטיות של אותם כלי הרכב שנדרשו לכך, ואז, אני חושב – בצדק, המשטרה עצמה לא צריכה תלונה של מישהו, מספיק שהיא יודעת שעושים דבר שלא ייעשה. אבל השאלה השנייה שלי היא, האם נכונה הידיעה, שגם התפרסמה, שהמאבטחים ב""אוריינט האוס"" קיבלו את נשקם הנוכחי מהמשטרה הפלשתינית?",1
36132,"הוא אמר ""עכשיו""? הוא אמר את המלה ""עכשיו""?

הוא ידבר עכשיו, בעוד שתי דקות.

אתה שומע, אתה מוריד לי את המורל.

טוב, אבל אחרי שהייתי אומר זאת, הייתי מפסיק.

אדוני היושב-ראש, חברי הכנסת - - -

בסדר, בעוד עשר דקות. מה הבעיה?

נכון, גברת כרם? התנצלתי בפנייך פעם.

חבר הכנסת מגן אפילו היה מצליח להסיר את ההצעה.

אדוני היושב-ראש, חברי הכנסת, יפה נהגה מערכת החינוך מימים ימימה, שבוגרי כיתות ח' בבתי-הספר קיבלו מבית-הספר מתנת פרידה - ספר התנ""ך שילווה אותם בדרכם. הרשויות המקומיות הן אלה המממנות את רכישת ספרי התנ""ך לבתי-הספר שבתחומיהן, ואילו היישובים החלשים יותר מבחינה כלכלית, אלה שנקראים בשפה של משרד החינוך ""מוחזקים"" או ""נתמכים"" - איני מצוי ברשימה, אבל דומני שהיא יכולה להכיל כ-100 יישובים, בוודאי עשרות מושבים, עיירות פיתוח וכדומה - היו מקבלים את ההקצבה למימון ספרי התנ""ך לבוגריהם ממשרד החינוך. בשנה שעברה והשנה קיצץ משרד החינוך את תקציבו ב-180,000 שקל; גרסה אחרת אומרת שמדובר ב-60,000 שקל. הודיעו ליישובים הנתמכים והמוחזקים שהשנה משרד החינוך לא מקציב את הקצבתו לרכישת ספרי התנ""ך. דובר משרד החינוך שנדרש לכך הודה בהתחלה שכך הוא, אחר כך הוא התעשת והתרשת על הכחשה שהכול רכילות והדבר לא נכון. אני תמה על כך, מפני שזו אינה האמת. חברי הכנסת, אני יודע שהעיקר הוא פתיחת הספרים, שהנוער הישראלי יפתח את ספרי הקלסיקה היהודית. אני יודע שיש מחלוקת עם חלקים בפוליטיקה הישראלית על תורה שבעל-פה. אני מאמין שגם כאן ירבו המבינים את האסון שהאינטליגנציה שלנו לא תכיר את הקלסיקה שלנו, מפני שתאמר שזה שייך לדתיים. אבל התנ""ך, הכול הסכימו שיש חשיבות ללימודו. בן-גוריון ראה בו את הקושאן שלנו על ארץ-ישראל ואת ספר המוסר היהודי. נכון ששרת החינוך הקודמת הציעה לגנוז חלקים ממנו, כמו ספר יהושע ועוד. אבל לא כך היתה ההסכמה הכללית בעם. אחר כך פתאום שמענו על ויתור על בחינת הבגרות בתנ""ך, ואחר כך הוכחש העניין ושונה. זה לא ששר החינוך החליט על זה, אבל היתה ועדה שהוציאה חומר שעל-פיו לא תהיה בחינת בגרות בתנ""ך. אחר כך זה שונה, כנראה; אני מקווה כך. עכשיו שמענו, שבתקציב המיליארדים של משרד החינוך חסרים 60,000 שקל או 180,000 שקל, ואת אלה צריך למצוא דווקא על-ידי הפסקת חלוקת ספרי התנ""ך לילדי היישובים העניים יותר. אני לא רוצה להיכנס לשאלה, האם זה כך מפני שמישהו חושב שם שלא כל כך חשוב ללמוד תנ""ך, או יכול להיות שזה סתם בגלל חוסר תשומת לב, רשלנות וניסיון למצוא איזה מקור לצמצם בכסף. כך או כך, אני קורא לשר החינוך, ואני יודע שיש לו רגישות לעניין, להחזיר את המצב לקדמותו; ולכנסת, לדון בעניין ולקרוא למשרד החינוך לתקן את העוול, אם הוא לא עושה זאת בלי זה. צריך להחזיר את כבשת הרש הזאת לילדי היישובים הנתמכים. אשמח מאוד לשמוע משר החינוך, שנפלה כאן טעות, שהדברים יתוקנו, שבתקציב 1994 תינתן התוספת שהוצאה ממנו ויוחזר הסעיף התקציבי לספרי תנ""ך ליישובים המוחזקים או הנתמכים, ויחזרו התנ""כים לילדי התענכים וגם לילדי היישובים האחרים.

זה לא פורסם על-ידי ועדה של משרד החינוך?",1
36580,"אדוני היושב-ראש, חברי הכנסת, אנחנו עוסקים כאן בקוד מוסרי, בהתנגדות להבחין בין דם לדם, בדבר האיום הזה, שמחד גיסא מי שרצח 12 איש שסייעו לישראל ונידון על-ידי בית-דין ישראלי ל-107 שנות מאסר שוחרר בעסקה, ומאידך גיסא, המשטרה הפלשתינית אוסרת סייענים לישראל ומודיעה שתדון אותם למוות. חברי הכנסת, אלה שסייעו לנו למנוע הריגת ילדינו ונשותינו נרדפים עתה ואין מושיע להם.

אה, את אלה, לא את היתר? על היתר, שהצילו אותך, לא שמעת? לא אכפת לך מהם. שימותו עוד יהודים, לא אכפת לך. גם אחרי סטלין את חוזרת לכאן.

זה שייך מאוד. הצדקתם את הרצח של יהודים על-ידי סטלין ואת מצדיקה רצח יהודים בארץ.

אתם הצדקתם תמיד כשהורגים יהודים.

זה שייך מאוד. זה העניין.

אצלך זה לא שייך. אצלי זה שייך.

מאות אלפי יהודים הוא רצח ואתם היללתם. עכשיו אתם מהללים אותם.

שייך מאוד, זה אותו ראש, זה אותו יחס ליהודים.

זה אותו ראש שלכם, הצדקתם אותו. שמש העמים.

הממשלה אומרת לנו, שהיא לא תשחרר מי שדם על ידיו. אבל היא משחררת את כל אלה שדם אחיהם זועק אליהם מן האדמה. והיא עושה בכך מדרג בין דם לדם. דמם של המסייעים לנו אדום פחות. הממשלה אומרת לנו: דאגנו בהסכמים שלא יבולע לסייענים. ואנחנו רואים איך מתנכלים להם, איך הורגים בהם, איך פוגעים במשפחותיהם. אין שום הסדר הוגן ויעיל לסייענים. אין בכך חוכמה מדינית. הרי לא מובטח לנו באמת מזרח תיכון חדש - לעולם. ויותר מכך, אין בכך מוסריות. קול דמי אחינו - להגנה על חיינו זועק אלינו מן האדמה, מן ההסדר הזה.

ומה יחשבו כל המאמינים בצדקתנו, הרוצים להזהיר אותנו עוד היום מפני פיגועים? ומה יחשבו אנשי צד""ל על גורלם בעתיד בהגינם היום על גבולותינו מאזור הביטחון? אדוני היושב-ראש, ראש הממשלה הוא שאמר שאין בעזה ""בצלם"" ובג""צים, בהתכוונו אל ה""חאמס"", שאש""ף ""ידידנו"" יטפל בו. נכון, אין שם ""בצלם"" ובג""ץ, אבל יש הסדר בין אש""ף ובין ""חמאס"" שמתיר להם לפגוע בנו. אבל אין ""בצלם"" ובג""ץ לגבי אלה שסייעו לנו. ועמידתנו על הדם היא לא מוסרית ולא צודקת. אנשי ""בצלם"" ואנשי זכויות האזרח, הם שאומרים לישראל שישראל מפקירה את משתפי הפעולה לגורלם ולאסונם. והם שאומרים שיש לנו אחריות ומחויבות כמדינה ששומרת זכויות אדם - - -

דבר אתה כבן-אדם. אתה גם מצטרף לזה?

אני מדבר כמו שתדברו אלי. חוצפן.

ודאי, אבל אתה לא חושב כך. אתה חושב שאתה יותר.

מה, זה לא היה? לא שיבחו את סטלין כאשר הוא רצח יהודים? מה אתה מדבר.

שיבחו רוצח. גם היום אתה עושה את זה.

תסלח לי, בשונה מ""בצלם"" אתה שותק.

אני בכל זאת חוזר ואומר שברגע הזה, בנושא הזה, אנשי ""בצלם"" ואנשי זכויות האזרח, אף-על-פי שיש כאלה בשמאל ששותקים היום וכועסים ש""בצלם"" אומר את זה, הם שאומרים לישראל שהיא מפקירה את משתפי הפעולה לגורלם ולאסונם, זה סגנון שלהם, והם שאומרים שיש לנו אחריות ומחויבות כמדינה ששומרת על זכויות אדם להבטיח את שלומם. וכאן מתנהגים כמי שאין הדבר נוגע לנו, שיש מות לידידינו בחצרות ביתנו. חברי הכנסת, אנחנו רואים מדי פעם את משתפי הפעולה שסייעו לנו זועקים זעקות נוראות, ואין הד ואין קול בממשלה. הם שיתפו פעולה וחסכו חיי ישראלים, אבל חייהם אינם נחשבים, ואבירי זכויות האדם בממשלה שותקים. רוצחיהם משתחררים, הם נרצחים. החוק המוצע קורא, נוכח המצב הזה, לאפשר למי שביקש זאת ולבני משפחתו לגור בארץ, אם אישר שר הביטחון שהמבקש פעל פעולה של ממש לטובת ביטחון המדינה. כ-1,000 פלשתינים נרצחו על-ידי בני עמם במשך שש שנות אינתיפאדה בטענה ובתואנה ששיתפו פעולה עם ישראל. עכשיו, כשצה""ל עוזב, יחברו אליהם רבים רבים מאוד, וחיסולם יכול להיעשות משימה לאומית. הממשלה חייבת להודיע לנו אם יש הסכם בנושא, מה הוא ואיך עומד בו אש""ף; ולסייע לצאת לחוץ-לארץ למי שרוצה ויכול, ולסייע למנוע נקם בהם, במתן רשות להם להיות תושבים נאמנים במדינה. אדוני היושב-ראש, אסור לנו להפקיר אותם. חובתנו לשקם את אלה שמבקשים זאת. זאת חובתנו ההומניטרית למנוע נקם בהם, והממשלה מתחמקת כשהיא אומרת שאין צורך בחוק. יש בו צורך. יש צורך סמלי, יש צורך מעורר נוכח רדיפתם. יש בו צורך מעשי כדי לומר את המסר באשר לאחריות שלנו ולמחויבות שלנו, והיתר הוא תירוצים ודיבורים כפולים. אני קורא לכנסת לאשר את הצעת החוק.

טוביאנסקי-שמיר? אני מציע לחברת הכנסת גוז'נסקי ולך ללמוד מי הרג את טוביאנסקי ואיך.

לא. אני באמת רציתי להסביר את המצב של משתפי הפעולה, אבל חשבתי שאין דרך להתגבר על זה, אלא צריך לסמל את הכוונה האמיתית שלנו דרך חקיקה, כדי שהדבר יהיה אפקטיבי. אני עומד על החוק.",1
36607,"היות שאני מבקש לתקן משהו מהדברים שלי בכנסת, אני רוצה להודיע לכנסת שאני מתקן בפרוטוקול את דברי. תוך כדי הדיון בחוק הסייענים היה דין ודברים ביני לבין חברת הכנסת תמר גוז'נסקי, ולאחר הדיון היא הפנתה את תשומת לבי, יחד עם חבר הכנסת האשם מחאמיד, כאילו אמרתי, אולי, שהיא עצמה היתה מודעת לכך שסטלין רצח יהודים והצדיקה את זה. כוונתי לא היתה לומר את זה, כוונתי היתה לומר שהמפלגה הקומוניסטית ומפלגות שמאל בישראל תמכו בסטלין שעשה את זה, אבל בשום אופן לא היתה פה כוונה אישית, וכל קטע שהוא אישי, אני מתקן ומוחק אותו.",1
36894,"היות שאני מבקש לתקן משהו מהדברים שלי בכנסת, אני רוצה להודיע לכנסת שאני מתקן בפרוטוקול את דברי. תוך כדי הדיון בחוק הסייענים היה דין ודברים ביני לבין חברת הכנסת תמר גוז'נסקי, ולאחר הדיון היא הפנתה את תשומת לבי, יחד עם חבר הכנסת האשם מחאמיד, כאילו אמרתי, אולי, שהיא עצמה היתה מודעת לכך שסטלין רצח יהודים והצדיקה את זה. כוונתי לא היתה לומר את זה, כוונתי היתה לומר שהמפלגה הקומוניסטית ומפלגות שמאל בישראל תמכו בסטלין שעשה את זה, אבל בשום אופן לא היתה פה כוונה אישית, וכל קטע שהוא אישי, אני מתקן ומוחק אותו.",1
37509,"אדוני היושב-ראש, חברי הכנסת, בימים האלה, כאשר ראש הממשלה והממשלה רוצים לפסול את מי שהוא לאומי וימיני, אני רוצה להזכיר פסוק אחד: ""איש יהודי היה בשושן הבירה ושמו מרדכי בן יאיר בן שמעי בן קיש איש ימיני"" - איש יהודי, איש ימיני; מי שאוהב את ארץ-ישראל, מי שאוהב את הציונות, מי שאוהב את היהדות. ציבור ענק הגיע במוצאי שבת למחות נגד הגעתו של ערפאת לירושלים. הממשלה צפרה בכל הצופרים שבידה שהוא לא יגיע לירושלים. תארו לכם מה יקרה כאשר תחליט הממשלה להביא אותו לירושלים. הפגנה זאת לא היתה - - -

מייד אומר, חכו עד הסוף. ההפגנה הזאת - - -

לפוטש אתם יותר מומחים. ההפגנה הזאת כבר לא היתה כיפה סרוגה בלבד, היו בה חרדים, היו בה גלויי ראש בצד הכיפות הסרוגות. ככל שהממשלה תוביל יותר לאובדן דרך ולמכירה כללית - מכירת חיסול, היא תמצא את הציבור הרחב מצטרף למערכה ומוליך אותה בכוח דמוקרטי אדיר. זה יקרה בקרוב, כאשר הממשלה תמשיך לסמן את ההתקפלות מהציונות. אז תבוא רעידת האדמה ותשלמו את מלוא המחיר - העם יאמר את דברו בקלפיות. זה יקרה לכם, בין השאר, כי לא הייתם רגישים לעוצמת הכאב וזלזלתם בזעקת המחאה. זה קרה ב-1977, זה יקרה שוב בקרוב. אדוני היושב-ראש - - -

אדוני היושב-ראש, הצעת האי-אמון נובעת ממה שעשיתם והסכמתם. אבל עיקרה מכוון למה שאתם עומדים לעשות. האם מתחילה מכירת סוף העונה? הסימנים שאתם משדרים אותם לקראת הפגישה בפאריס לקבלת הפרס, הם מדאיגים. אתם קובעים שכבר הוכח שאין פיגועים ואפשר לרוץ קדימה בבניין המדינה הפלשתינית. ראש הממשלה אמר בהתחלה: נבחן אותם על ציר הזמן. האם כל אורך נשימתכם בציר הזמן הוא שישה שבועות? האם אין זה פזיז, מסוכן וחסר אחריות? אנחנו תובעים מראש הממשלה תשובה חד-משמעית, האם לציפיות ערפאת יש על מה לסמוך, בקשר להבטחות הסמויות והשקטות שקיבל. ראש הממשלה חייב לעם תשובה ברורה בעניין.

חברי הכנסת, האם אין זה סותר באופן חד-משמעי את דברי ראש הממשלה מלפני כמה שבועות, שיש לישראל אינטרס חיוני להיאבק על חלקים רחבים ביהודה ובשומרון, כאשר ראש הממשלה אומר עכשיו בריאיון שאינו יכול להבטיח את קיומם של היישובים הישראליים בהסדר הקבע? כשראש הממשלה אומר ""אני לא יכול להבטיח"", פירוש הדבר שהוא מבטיח שלא.

הממשלה מאותתת לאויב על הידרדרות בעמדה שלנו, על נסיגה, על ויתור.

הרי אני אומר שאתם הולכים להחזיר אותם, אני מסכים אתך, אתה מודה בזה, אתה מודה שאתם הולכים להחזיר.

אני רוצה לדבר על ירושלים. ראש הממשלה אומר, שהאופוזיציה מנסה ליצור מאבק מלאכותי ודמיוני על ירושלים.

האם אין סחף בעמדות הממשלה, שמגיע עד ירושלים? איך פתאום נתעורר ראש הממשלה לומר שיש לערפאת זכות לבוא להר-הבית? והאם לא התגלה ביילין כצופה נסתרות ומקדים את ההחלטות כשהוא גם אומר שירושלים יכולה להתחלק לרבעים? מי ""מפדל"" את מי? מי מדהיר את ראש הממשלה? האם כל הממשלה מרצ? אדוני היושב-ראש, אנשי השמאל, שהתקשורת כל הזמן בידיהם, מתרעמים שניתן כיסוי נרחב להפגנה של מוצאי-שבת וניתן פתחון פה לערוץ-7. איזו סתימת פה בולשביקית. אנחנו מגישים הצעת אי-אמון על ריצת האמוק להמשך מרחיק לכת של התהליך.

לא תוכלו עוד לומר: מה לנו בעזה. אתם מדברים על מדינה פלשתינית, והם מוסיפים שירושלים היא בירתה. ראש הממשלה כבר לא מבקש זמן לבחון הצלחת המהלך הראשון - -

- - ומרצ מוליכה אותו ואת הממשלה באף לכיוון של הסתלקות מארץ-ישראל, מהציונות, מהיהדות, מירושלים.

אומר עוד משפט ביניים אחד כאילו לא לעניין, אבל הוא אותו עניין. מה מסמל זאת יותר כאשר ממשלת ישראל היא המבקשת מערפאת להגיע לכאן בשבת, והוא צריך להיענות למובארק כדי לא לבוא בשבת? ממשלת ישראל, ממשלה יהודית, צריכה להציע לו: תבוא בשבת? אנחנו קוראים לאי-אמון גם על הקרע שקורעת הממשלה בעם כשהיא פועלת באופן שרירותי וכוחני ברוב דחוק, ברוב טכני, כשהיא סותמת פיות, מתנפלת על הפגנות, עושה דה-הומניזציה של מתיישבים עד כדי כך שאנשי מרכז ואנשי ימין שקולים, אוהבי ארץ ולאום, מוכרחים להתייצב כנגד שמאל שהשתלט על הממשלה. לא הימין - ראש הממשלה - השתלט על הממשלה, השמאל הקיצוני הוא שהשתלט. האי-אמון אינו על קצה קרחון בלבד שהתגלה, אלא על התהומות שמתחתיו. היום הארץ והיישובים, מחר ירושלים, המדינה והיהדות. ""ימין ה' עושה חיל, ימין ה' רוממה."" אני קורא לכנסת להביע אי-אמון בממשלה.",4
37815,"אדוני היושב-ראש, חברי הכנסת, כאשר יבוא השלום המיוחל, בוודאי נכבד את רצונו של כל איש מאמין להתפלל בבית-התפילה של אמונתו, בכל מקום. כי ביתי בית תפילה ייקרא לכל העמים. אבל, כאשר ערפאת מדבר בעזה על נקמת מדוכאי הגליל והנגב, שבוא תבוא, הוא קורא בעצם לאירידנטה שלהם למולדת פלשתינית, גם בתוך גבולות ""הקו הירוק"". הדברים אינם פשוטים. והנה הממשלה הולכת להסכם על בסיס שאנו חולקים עליו, אך פירושו הכרה מלאה של ערפאת בגבולות 1967 ואולי פלוס משהו. ואני תמה האם לא הצהיר אש""ף לאנשי הממשלה, הסמויים והגלויים כאחד, שבמדינת ישראל שבתחומי ""הקו הירוק"" הוא מכיר. והאם לא נדלקת נורה אדומה בקריאתו לערביי הנגב והגליל, מהקוראן הקדוש לאסלאם, פסוקים 6-5, מסורה 28: אנחנו רוצים להיות נדיבים עם אלה שדוכאו על האדמה, לעשותם מנהיגים ולעשותם יורשים - זה לאנשי הגליל והנגב - ואנחנו ניתן להם מקום על האדמה, ונראה לפרעה ולהמן ולגייסותיו מידיהם של המדוכאים, את מה שהם חששו מפניו. היינו, קריאת נקם כלפינו. והוא קורא על כך: כן, כן, כן. כמו אולי, להבדיל, אמן ואמן, בהר-גריזים ובהר-עיבל, הברכה והקללה. חברי הכנסת, ומהיכן יצאה הקריאה לג'יהאד על ירושלים? - ממסגד ביוהנסבורג, על-ידי ערפאת. להשלים עכשיו עם תפילתו בהר-הבית, עדיין בתנאים האלה, זה לקבוע עובדה של תחילת הכיבוש מחדש. אתם יודעים שהוא לא רק יתפלל שם, והממשלה אומרת: מדוע לא, הרי זו תפילה. ואנחנו אומרים, שזה לא כך. אני מתפלא איך חבר הכנסת חגי מירום אמר פה דבר, אני מקווה שהוא לא מתכוון אליו במאה אחוז, כאילו היית מוכן שכבר עכשיו יהיה מסע ניצחון, את המלה ניצחון אני מוסיף, אתה לא אמרת, מסע ניצחון בחוצות ירושלים.

חבר הכנסת דוד צוקר, אני לא רוצה לחזור לצורת הדיבור של הפעם הקודמת.

אל תתפוס טרמפ עליה. תן לומר את הדברים בנחת. אני אומר: לעשות מסע, אני אקרא לו ניצחון, אתה לא אמרת ניצחון, אבל מסע בחוצות ירושלים תוך הכרזה שהוא עומד על ירושלים כבירת פלשתין; שבכבוד הוא ייכנס להר-הבית כשיבואו מאות אלפים - למה לא? האם תאסור עליהם, על ערבים שיעמדו מסביב כדי להריע: הנה תחילת כניסתנו לירושלים? ואתה אומר למה לא? אני מתפלא עליך, הרי זה יהיה מסע הסתה יוצא מן הכלל ומסע הכרה של ישראל בכניסתו. נמאס לממשלה לשמוע, אבל האמנה הפלשתינית לא תוקנה, השבויים שלנו טרם חזרו, הרוצחים עדיין מכים בנו ושבים לערי מקלט בעזה וביריחו, ובתפילה במסגדים עדיין מסיתים. זו גם פוליטיקה. חברי הכנסת, אמרו שנביל שעת' היה בהר-הבית. בינתיים הדבר מוכחש, בינתיים הדבר אולי מוסתר. אני לא יודע מה האמת, כמו המכתב הקודם שהיה. אפילו אם הממשלה תגיד שלא, יכול להיות שיתברר אחר כך שהוא כן היה, אינני יודע, אני לא אומר בבירור.

הפטה-מורגנה היא אצל מי שחושבים שאנחנו פה כבר בנווה-שלום. הפטה-מורגנה היא שם בטווח הרחב יותר. ואני אומר: ימים יגידו, זה אפשרי, כך או כך הוויכוח קיים, להתפלל מותר ויהיה מותר בוודאי. אני יכול להעיד, כמי שהיה שר הדתות כמה שנים, עד כמה הקפדנו בכבוד הדתות, התפילה, שמירת המקומות הקדושים לאסלאם ולנצרות, לא כמו שהקפידו לגבינו, לגבי הכותל ובתי-הכנסת כולם שנחרבו בירושלים, כל בתי-הכנסת היהודיים. אנחנו הקפדנו על כך, ואני יודע על הכבוד הרב שנתנו לשלטונות הדת, מהווקף ועד ראשי המסגדים. אנחנו יודעים גם על ההסתות שהיו בבתי-התפילה. התיקים של השב""כ מלאים מכך. בעצמי שמעתי, בעצמי קראתי פעמים רבות בדיווחים שונים מה קורה. מדוע אנחנו מכינים את הקרקע לכניסתו של ערפאת להר-הבית, כדי לקרוא משם באוזני כל העולם שהג'יהאד על ירושלים התחיל, שהר-הבית בידיהם וממילא אולי זה מוביל לסמל שירושלים תחולק? היה או לא היה, אני לא בטוח. במהלך הימים יתגלו הדברים. אבל התרעה של הכנסת יש לתת. בבוא היום, ודאי שיש לתת חופש פולחן. יש תחושה של קירבה וביטחון ביכולת של המוסלמים להתפלל במסגדים שעל הר-הבית. אבל, מתן לגיטימציה לפוליטיזציה של הכרזת ג'יהאד, שעדיין יכול להיות - אתה לא יודע מה יאמרו שם - ובעלות על ירושלים, משם היא תוכרז לכל העולם, והסתה של ערביי ישראל ממרומי הר-הבית, מתוך ספרי התפילה והלימוד - זה לא. גם אם סיפור נביל שעת' לא היה ולא נברא, יש להתריע שם על סופו של התהליך. לא בשלו התנאים. אנחנו זכאים לצעדים מעוררי אמון גם של הפלשתינים, ותודיע הממשלה שהיא לא תתיר פוליטיזציה ברמת תקשורת בין-לאומית נגד מדינת ישראל באמצעות ביקורי צמרת אש""ף בניצול דת. תראו איזו דרגת מוסר יש אצלנו. דוד המלך לא הורשה לבנות את המקדש מפני שהוא השתתף במלחמות. אנשי דמים, להבדיל אלף אלפי אלפי הבדלות, שרצחו אלפי יהודים, אל יהרסו אל הקודש, אל נסכים שמציון תצא הסתה נגד מדינת ישראל וקיומה. זו שאלה סמלית, אבל קיומית. תפילות - כן, הסתות - לא. פולחן דתי - כן, אבל לא לשם פגיעה והרס. אני קורא לממשלה להבהיר את עמדתה גם על העיתוי וגם על ההתניה. תגובת המשטרה ב""מעריב"" של היום היא משונה. נזכרתי ששר החוץ פרס סיפר לפני כמה זמן סיפור על בן-גוריון כאן. כששאלו אותו: האם נפגשת עם חוסיין בשעה חמש אתמול, הוא אמר: לא. למחרת אמרו לו: אנחנו יודעים שכן נפגשת עם חוסיין. הוא אמר: לא, זה היה בשעה שש, לכן לא שיקרתי. זה לא היה בשעה חמש. תשובת המשטרה לפי ""מעריב"" של היום: שעת' לא היה בשעות הנזכרות. אני לא יודע, בשעות אחרות הוא כן היה? התשובה צריכה להיות מדויקת ואמיתית.",2
38709,"אדוני היושב-ראש, חברי הכנסת, בעומק העניין יש כנראה בממשלה מי שמאמין שהגענו אל המנוחה ואל הנחלה, שכבר אפשר לוותר על כוחו של צה""ל, על שטחים שולטים ואפילו על הסברה, מפני שפעמי השלום הגיעו ופעמוני השלום מצלצלים. אינני יכול להסביר אחרת את לקיחת תדר 675 מ""קול ישראל"" בערבית והעברתו לשופרו של אש""ף. כבר אי-אפשר לדעת אם לנו אנו אם לצרינו. התוצאה נתבררה אתמול. קרה הנורא שקרה במחסום ארז. הרמטכ""ל העיד על כך שחיילינו נורו על-ידי המשטרה הפלשתינית ועל-ידי אנשי ""חמאס"". חיילינו נצרו את אשם גם כאשר אחד מלוחמינו נפצע קשה מאוד - איחולינו לבריאותו - ואחר נפצע באורח בינוני - איחולים לבריאותו - וסלע פילח את פניו של אחד מקצינינו. ומה קורה בתקשורת שמדווחת על כך? קול ג'יבריל, שהתדר שלו נמסר תחילה לאש""ף, מסית נגדנו בארס רב, קורא לטרור, זורע אנטישמיות. ""קול ישראל"" בערבית, תחנה אמינה ומצוינת, שמסבירה לערביי ישראל ולערביי יהודה, שומרון ועזה ולערביי מדינות ערב את האמת, את עמדתנו, תחנה זאת מוכה קשות על-ידי שרת התקשורת. תדר 675 שנשמע ברור יותר מהתדר השני בשומרון, בירושלים ובצפון הארץ, נמסר לקול פלשתין, לקול אש""ף. איכות הקליטה של תחנתנו נפגעה מאוד במחוזות האלו, בעיקר בשומרון ובירושלים. יתר על כן, 70-60 תחנות ערביות משדרות נגדנו. קשה מאוד למצוא את תחנתנו על הסקאלה. עכשיו בקושי ימצאו את התחנה הבודדת שלנו. מדוע שיפתחו שם בכלל? ועוד, צריך משדר תומך למקרה של תקלה בתדר השני, ועכשיו ניטלה התמיכה. והעיקר, הונמך קולו של ""קול ישראל"", שהתדר שלו מכוון לירושלים, לשומרון, וניתן על-ידינו לקול אש""ף. ואתמול הגדיל אש""ף לעשות בהסתה שקרית נגדנו על מה שקרה במחסום ארז. הם קראו להמוני הערבים: טבח, טבח, טבח, והסיתו אותם. הם זעקו שצה""ל טובח בפלשתינים, הם האשימו את צה""ל שהוא מנע פינוי פצועים, הם האשימו את צה""ל שהוא ירה באמבולנסים שלהם. באשר לטענה הרצינית שלנו, שאין לקחת את התדר שלנו ולהעביר אותו לאש""ף, משיבים דוברי משרד התקשורת את התשובה הלעגנית, הצינית: מה חשבתם, שיביעו משם את דעות ז'בוטינסקי? זהו? זאת הברירה, בין תורת הציונות לבין עלילת דם על טבח? חברי הכנסת, הוצע לאש""ף תדר 702 של ג'יבריל, הם סירבו לקבל אותו. יש תדרים אחרים שאפשר לתת להם, כמו 594.

את רוצה לתת לאש""ף את ערוץ-7? גם זה מראה על קו המחשבה שלכם. אז תגידי את זה על הבמה, שאת רוצה לתת את ערוץ-7 לאש""ף, שאת מעדיפה אותם עליהם.

זה אותו דבר, בסיבוביות. אני זוכר שכששימשתי כשר החינוך והייתי אחראי לתדרים ורצינו להקים תחנה ליהודים הרוסים, רק""ע, אמרו לנו שאין תדרים. כאשר עמדנו על כך, מצאו תדרים. אני אומר גם פה, אפשר למצוא תדרים נוספים, לא מערוץ-7, אם את לא רוצה בהזדמנות הזאת לפגוע בערוץ-7. אפשר לא לפגוע ב""קול ישראל"" בערבית. אגב, גם לארצות ערב יש תדרים בלי סוף. אנחנו בני דודים של הפלשתינים, הם אחים. המצב הנוכחי מותיר את כלי ההסברה ומסירת האמת העיקרי שלנו לארצות ערב ולערביי יש""ע במצב של נכות. אני קורא לשרת התקשורת, גם אם התדר שיש להם משדר טוב מאוד למרחק רב, היינו לארצות ערב, הוא לא משדר טוב לשומרון, זה קורה כמו בטילים ובדברים אחרים - יש המיועד לרחוק, יש מכוון לקרוב. אני אומר לשרת התקשורת להחזיר את התדר ל""קול ישראל"", ואני קורא לכנסת לדון בנושא.

הטענה שהם טוענים היא שבשומרון ובירושלים - - -

לא. אני מציע לדון במליאה.",3
38824,"אדוני היושב-ראש, חברי הכנסת, משהו נורא קורה בממלכת ארגנטינה. פעם שנייה בתוך כשנתיים, עשרות ומאות יהודים וישראלים בשגרירות ישראל ובבניין הקהילה היהודית כורתים ברית גורל וברית דמים בהיותם יעד לטרור, לרצח ולמכוניות תופת. ביום הזה לבנו קרוע, עם אחינו השסועים בבואנוס-איירס. אנחנו שולחים רגשי הזדהותנו לעם הארגנטיני, לקהילה היהודית, ואת תנחומינו למשפחות ההרוגים, לא-יהודים ויהודים, שדמיהם זועקים אלינו מהריסות בניין הקהילה היהודית, ותפילתנו עולה לבריאות הפצועים. טבח, טבח, טבח, ושום זעזוע לא נשמע מסביבותנו, שום גינוי משמעותי. האבל הוא שלנו נטו כאן באזור. אדוני היושב-ראש, מתפוגגת האשליה שההסכם עם אש""ף מביא להרגעה ולחיסול הטרור. הטרור ממשיך וגואה, ולא משנה לעם בישראל אם זה ""חמאס"" או ""חיזבאללה"" או ארגון אחר. שם הארגון ושם המפגע לא משנים לנפגעים. גם אין הבדל עקרוני ביניהם. היתה תקווה מוקדמת מדי, שהטרור ירד. האירועים מלמדים אותנו, שהטרור נשאר בכל מקום כפי שהיה קודם לכן, במחסום ארז ובמעבר רפיח, בתל-אביב ובבואנוס-איירס. חובתנו כאן ושם, ביש""ע, בתוככי ""הקו הירוק"", באזור הביטחון בלבנון, ובכל מקום יהודי וישראלי בעולם, להילחם בהם בכל הכלים והתושייה שבידינו, ובל תרדים אותנו שום תקוות שווא. אדוני היושב-ראש, המתים מונחים לפנינו. היום אין חשבונות בתוכנו. כולנו עם העם הארגנטיני ועם יהודי ארגנטינה. אבל חשוב שתגובתנו תבוא, נקווה שגם תגובת העולם. לאחר הרצח הנתעב הזה, אסור לנו לעבור לסדר-היום.",1
38844,"אדוני היושב-ראש, חברי הכנסת, העובדה כשלעצמה היא נכונה. ממשלת הליכוד הלאומי הציעה בשנת 1967 נסיגה מהגולן תמורת שלום. אבל השליפה האקטואלית עכשיו והמשמעות המרומזת, של נכונות למחזר את העובדה ההיא, היא מסוכנת. זה היה לפני ההתיישבות בגולן, לפני חוק הגולן, לפני מלחמת יום הכיפורים, לפני התחייבות הממשלות כולן. לשלוף את העובדה הישנה של הנסיבות ההן, בתקופה הזאת - זה מניפולטיבי ומטעה. זה כמו לשלוף עכשיו, למשל, לאחר מלחמת הרצח וההשמד נגדנו וקביעת גבולות 1948, את ההסכמה שלנו שהיתה פעם לגבולות החלוקה. מי שישוב עכשיו להזכיר שהרי הסכמנו פעם לחלוקה, ללא הגליל, ללא ירושלים, ללא הנגב, וירמוז שאולי נהיה נכונים לזה שוב - מי שיעשה את זה הרי ייחשב כמטורף. אחרי מלחמת ששת הימים, בטרם היו יישובים בגולן, הוצעה ההצעה על-ידי הממשלה ונתקלה בלאווים של חרטום. ואז התיישבנו בגולן, הקמנו יישובים, ופתחנו בתהליך שסופו חוק הגולן, שלפי כל הסקרים רוב העם מזדהה אתו. החוק אושר בכנסת, ותוקפו החוקי חזק יותר, ודאי שאינו פחות, מגבולות 1948-49 שלנו, שלא חוקקו בחוק חזק ממנו. וסיפחו אז את נהרייה, באר-שבע, ירושלים, הגליל; נהרייה אני אומר לכבודך, היושבת-ראש.

נכון. ודומה לחוק של ירושלים השלמה, מבחינה מסוימת הוא אולי אפילו יותר טוב. הרי לא יעלה על דעת מישהו להחזיר את הגלגל לאחור, לגבולות 1947. וכך בדיוק לגבי הגולן: הותקפנו, יישבנו יישובים, החלנו את חוק הגולן, יש שם משפחות, יש שם יישובים. זה לא תהליך שאפשר לשחק אתו. גם כאשר הסורים חצי מאותתים לנו שהם מעוניינים במשהו, אין סיבה סבירה שממשלת ישראל תרמוז על נכונות להסיג את התהליך לאחור, כאילו לא קרה ולא נעשה דבר במשך 25 שנים. חברי הכנסת, הכנסת צריכה לשמוע את תשובתו הברורה, קודם-כול של שר החוץ, האם זה היה רק איזה אזכור ספרותי, היסטורי, של משהו שהיה בעבר בממשלה אחת, ברגע מסוים, או שהיה בזה איזה רימוז פוליטי, שאולי קשור בכך שגם לא צריך לפתח כל כך את הגולן. וצריך לקבל גם את תשובת ראש הממשלה רבין, האם הוא מזדהה עם הדברים האלה. לפני כשנה, כשאמרה השרה אלוני דברים דומים, ויותר מפורשים, שהגולן שייך לסורים, אז ראש הממשלה העיר ששרים שלא עוסקים בנושא לא צריכים להתבטא בו. אבל עכשיו זה שר חשוב, בכיר, שעוסק בנושא. האם ראש הממשלה מזדהה עם הדברים, או לא? האם שר החוץ דיבר בשליחותו של ראש הממשלה, או שזה היה על דעתו? או האם גורר שר החוץ את ראש הממשלה באמירה הזאת? הכנסת זכאית לתשובה בנושא הזה. גברתי היושבת-ראש, הכנסת מבקשת להבהיר, שמי שמצהיר הצהרה כזאת, אל יתפלא אם התיאבון הסורי יגדל והנכונות שלהם לפשרה כלשהי תיחלש. דווקא עמידה עקרונית נחרצת בעניין הגולן עשויה בתנאים הבין-לאומיים עכשיו להניב יותר פירות. אני מבקש להזכיר לכנסת, ולשר החוץ, שבשביתת הנשק ב-1948, בהפסקות האש ב-1967 וב-1973, בהפרדת הכוחות ב-1974, תמיד היו הסורים אחרונים להסכים, ודרישותיהם היו הקיצוניות ביותר. בסופו של דבר הם הסתפקו בפחות. גם היום אין לסורים גב למלחמה נגדנו ולא איזון אסטרטגי. הירדנים, אנחנו מקווים, עשויים לחתום אתנו על הסכם. מדוע לרמוז עכשיו שמוכנים לתת לסוריה את כל הגולן? מנהיגי מפלגת העבודה שוברים את גבם שלהם ואת אמונם של מי שבטחו בהם והצביעו בעבורם, על סמך התחייבותם שהגולן הוא הדגל שלהם. ואף שהיו הכחשות לאחר דבריו של שר החוץ, לגבי הכוונה, קשה שלא להאמין ששר חוץ מנוסה כל כך כמו מר פרס, שהוא באמת מנוסה ויודע את מלאכת האמירה של דברים, לא אמר את זה באיזו כוונה שהיא, סתם באוויר, ובכך העביר את המסר לסורים ולעולם על הנכונות שלנו להסתלק מהגולן. האמירה היתה מיותרת, אלא אם כן צודקים אלה הטוענים שאתם סבורים שאנחנו נמצאים בתקופה שבה ערכים ציוניים בסיסיים אינם תקפים עוד. יש כאלה שאומרים זאת. אני לא אומר ששר החוץ אומר את זה. אבל יש בממשלה מי שאומרים שאנחנו נמצאים בתקופה שבה ערכים ציוניים בסיסיים אינם תקפים עוד - לא התיישבות, לא ביטחון, לא התנדבות וחלוציות, וכל מה שנשאר לנו זה להשתזף על חוף הים בתל-אביב ולהתמזג במרחב.

במשא-ומתן הסימולטני תסכימו שנסיגה מכל הגולן תהיה בהסכמה?",5
40609,"אתה מדבר על מכון ""צומת"".",1
40646,"אדוני היושב-ראש, חברי הכנסת, כמו בדבריו של חבר הכנסת מנע, גם אני אומר שצריך להבחין בין הטענה בנושא חקירת סגן אדרי לבין ההוקרה הכוללת שלנו וההערכה שלנו למה שעושה השב""כ במשך שנים רבות במסירות כדי להגן על חיינו, בהצלחה. אם יש מקרה שצריך לתקוף אותו, צריך לתקוף את המקרה, ולא באופן גורף, כולל וסוחף שפוגע בשב""כ, באופיו וכדומה. הפרקליט של סגן אורן אדרי, עורך-הדין ציון אמיר, הודיע לבית-המשפט, הדברים פורסמו ברדיו, בשמו של סגן אדרי, שהוא עונה פיסית והושפל נפשית על-ידי חוקרי השב""כ. הוא פירט את המערכת והמסכת של העינויים וההשפלות כדלקמן, בקיצור: שק הולבש על ראשו, וראשו נחבט בקיר; בעטו בו בחזהו, ואולי בעוד מקומות; חולדות או עכברושים נכנסו לצינוקו - ואני לא אומר הוכנסו, אלא היו בצינוקו - ונשכו אותו. אלה בעיני, אם היו, עינויים מאוד מזוויעים, וכל הודאה שתבוא בעקבותיהם, אם באה הודאה כזאת, לא צריכה להתקבל. מי שחוקר באופן כזה - צריך להיענש. לגבי ההשפלות, הוזכר שנאמרו לו דברים, ואני אומר שלושה דברים: אתם, הכיפות הסרוגות, הפורנוגרפיה של המדינה, או של היהדות, ובהקשר זה היו שתי גרסאות; אתה זבל ומי שהעניק לך דרגות גם הוא זבל; אם לא תודה - תירקב כאן 20 שנה ולעולם לא תישא לאשה את חברתך. אלה דברים מאוד חמורים בעיני, האמירות שלהם. עכשיו אנחנו שומעים מגורמים שונים, שהפרקליטות - כך העיתונות מודיעה, ונדמה לי שגם יושב-ראש ועדת החוץ והביטחון הודיע משהו כזה, ואולי השר יפרט - בדקה את הטענות ואת ההכחשות והגיעה למסקנה שלא היו דברים מעולם. דהיינו, סגן אדרי לא עונה ולא הושפל. אני מבין מכך אחת משתי האפשרויות הבאות: או שהפרקליטות שמעה את השב""כ ואת סגן אדרי, ודברי השב""כ נראים לה נכונים ודבריו של אדרי שקריים. אם זה המצב - נראה לי שזאת לא דרך מספיקה לחקור את העניין, אלא יש למסור אותו לחוקר בלתי תלוי לחלוטין, מבחינתי שופט, שיראה את הטוען ומכחישו כשווים לפניו והחלטתו תהיה נאמנה בהכרעה דברי מי נראים דברי אמת ודברי מי נראים דברי שקר, אם זה המצב. אבל יש אפשרות שנייה שקרתה, ואולי היא הנכונה, שסגן אדרי טען בפני נציג הפרקליטות שלא עונה ולא הושפל. על כן המסקנה היא, שלא היו דברים מעולם, שהרי אין מי שטוען אותם. אבל אז, חברי הכנסת, מתעוררת שאלה: האם פרקליטו של סגן אדרי, שהביא את הטענה על עינויים והשפלות על פרטיה ודקדוקיה בפני בית-המשפט, המציא את הדברים מראשו הקודח? או שכפי שנאמר, הוא קיבל אותם מפיו של אדרי? גם לי, כששאלתי אותו, הוא אמר: מובן שזאת עדותו המדויקת של סגן אורן אדרי. כך הוא מסר לי. אם כך, נשאלת השאלה: האם בירר החוקר של הפרקליטות אילו מדבריו של סגן אדרי נאמנים יותר, אלה שנאמרו אז, בהתחלה, שטענו על עינויים והשפלה עם פירוט באשר למה היו העינויים ומה היו ההשפלות, או אלה שנאמרים היום? הלוא אם הוא אמר פעם כך ופעם כך, באיזה מקום צריך להתברר באיזו פעם הוא אמר אמת ובאיזו פעם הוא לא אמר אמת. וגם זאת יהיה, לפי דעתי, על שופט לברר: מדוע שינה אדרי את עדותו? מפני שאז חורג העניין מטובתו של סגן אדרי. יכול להיות שטובתו של סגן אדרי - - -

אם שינה, אמרתי. אמרתי: אם זאת ההנחה. נתתי שתי הנחות, שתי אפשרויות. אני אומר: אם הוא שינה, מדוע הוא שינה? - מפני שאז חורג העניין מבחינת הכנסת והציבור מטובתו של סגן אדרי, מה טוב לו במשפט הזה, בהבנה זאת או אחרת אם נעשתה בינו לבין מי שנעשתה. יכולה להיות כאן בעיה, ולא אפרט, ויותר מזה. אבל תיוותר מפעפעת ותובעת את פתרונה שאלת השאלות: האם אומנם ייתכן שב-1994, בחדרי משטרה, שב""כ, אם זה במגרש הרוסים ואם במתקן בקישון, מכים ומענים אזרחים ישראלים, חשודים, כדי להוציא מהם הודאה אולי גם על דבר שלא עשו? חברי הכנסת, כאשר ביקשתי - ואני מניח שכך גם יתר החברים - להעלות את הנושא על סדר-היום של הכנסת, היינו מזועזעים מהדברים שטען אדרי על היחס כלפיו, באמצעות הסניגור שלו. אלה דברים שהייתי סבור, ואני סבור גם עכשיו, שכאשר אדם אומר שעושים לו אותם, ויהיה האדם אשר יהיה, ויהיה המשפט שהוא נשפט עליו אשר יהיה, צריך מייד לחקור את החוקר אם הדברים נכונים, עוד לפני שמתקדמים הלאה. זאת מפני שבעיני השופט הוא צריך להיות שווה לחוקר, בנושא הזה, אם אדם אומר: עינו אותי. עדיין אנחנו לא יודעים, על אף המסקנה של הפרקליטות, היום אנחנו עדיין לא יודעים אם נבדקה על-ידי השופט השאלה הקשה: מה בין עדות א' של סגן אדרי לעדות ב' שלו? ממה נובעים השינויים? איך הם קרו? בכל אופן, אני אשמח מאוד אם נשתכנע שלא היו עינויים. אבל את התשובה המוסמכת לכך נוכל לקבל אם שופט ילבן את הסוגיה על כל ההיבטים שלה, ואז נקבל את המסקנות שלו בלי עוררין. זאת מפני שהבעיה לא נוגעת רק למה שבין סגן אורן אדרי לבין חוקרו, אלא היא בין נחקרים לחוקרים במדינת ישראל, בין השב""כ לאזרחי ישראל. אתם רוצים - משטרה ואזרחי ישראל. אני אומר באופן הכן ביותר, שאני מאוד אשמח, כולנו נשמח, אם יחזור האמון המלא שלנו, שלא עוברים את הגבול הדק הזה בין הבטחת הביטחון של ישראל לבין זכויות האזרחים שלה כולם, ושנוכל להיות בטוחים שהכול נקי וחוקי בארצנו.",1
40652,"אותו דבר בסוגיית המעצרים המינהליים.

אני מבקש לאפשר לנו לשאול.

אה, סליחה, אלה הערות, לא הצעות לסדר.

הערה אחת. אני ביקשתי לבקר במתקן החקירה - - -

והתירוץ בכתב היה: מפני שזה ישבש את הליכי החקירה. אבל לא ביקשתי להיפגש עם העצירים. רציתי לראות איך נראה המתקן. במגרש הרוסים הם כבר לא היו. לכן אני חושב שזה לא בסדר שלא ניתן לחבר כנסת לראות את הדבר. לא ביקור, לראות את זה, כדי שאני אדע מה זה הצינוק הזה. אבל הנקודה שאני רוצה לשאול ושלא ענית עליה, לצערי, והיא היתה בעצם העילה המיוחדת שלי: סגן אדרי, לפי מיטב הבנתי - אתה כל הזמן אומר שכולם קשרו קשר ליצור מחתרת - נדמה לי שהוא לא קשור בקשר הזה. ואני העליתי את נושא אדרי, ואדרי אמר שהוא עונה, והוא פירט את שורת העינויים שלו. אחר כך אתם אומרים: הפרקליטות נוכחה שזה לא נכון. זאת אומרת, אתה אומר שאדרי בעצם חזר בו. אני שואל, מאין לכם שמה שהוא אמר בהתחלה הוא לא נכון? איך אתה מסביר את ההבדל בין מה שהוא אמר בהתחלה לבין מה שהוא אמר בסוף? הוא טען בהתחלה שהוא עונה, והוא פירט את צורת העינויים. מה קרה לו?

כשראיתי יהודים, אז זה קרה לנו.",1
40711,"אדוני היושב-ראש, חברי הכנסת, במקום ללחוץ על קהלני וחבריו ובמקום לגדף את מתיישבי הגולן ולנסות לכופף ולשבור אותם, צריך היה ראש הממשלה ושר הביטחון להיעזר בהתנגדות הכנה והעממית הזאת, כדי להסביר לאמריקנים ולסורים שבלי ויתורים מצדם לא יהיה הסדר; ויתורים שייראו לא רק לתל-אביבי המצוי, אלא גם לאיש הגולן האמיץ, שדעת הקהל הישראלית דבקה בו. רבין צריך לשכנע את האמריקנים שהם טועים, שעבור נוחות הנסיעה לטורקיה דרך סוריה יהיו הישראלים מוכנים לנטוש את הגולן. יהיה עליו לשכנע את משרד החוץ האמריקני שלא קונים פה את העם דרך פיתויים, שהעם פה, כמו העם האמריקני, אמיץ ואיננו נהנתן, שההתיישבות היא ערך עבורו ונטישה היא כישלון. הוא היה צריך לשכנע את הסורים שכל התרגילים לגמור את ההחלטה על נסיגה מהגולן לפני הבחירות לא יצליחו; והעיקר - שהאלטרנטיבה להסדר המוצע איננה מלחמה אלא משא-ומתן קשה וקשוח להסדר יותר טוב. ההתנגדות הציבורית הרחבה לא תיתן לגמור הסדר כזה עכשיו, והממשלה הבאה שתקום תנהל את המשא-ומתן מעמדות חדשות, אחרות. אין אף אחד בישראל ששואף למלחמה נגד סוריה. אנחנו מכבדים את אסד ואת סוריה ולא חותרים לעימות אתם. העם הסורי הוא עם של אמיצים ושל כבוד. אפשר להגיע להסדר שיש בו כבוד לאומץ הזה, ועם זאת להביא בחשבון את המציאות שנוצרה בשטח במשך 27 שנים. זהו הסכם של אמיצים. האופוזיציה לא תאפשר לממשלה לנסח באופן חד-צדדי את השאלה במשאל עם. אנחנו מעדיפים בחירות על משאל עם. גם משאל עם אפשרי, אבל הוא צריך להיעשות בכנות, לא במחטף ולא בתכסיס. המבחן הוא גם בשאלה ובניסוחה, גם בהזדמנות ההוגנת והשוויונית להצגת הנושא לעם, ובעיקר בעיתוי. זה לא הוגן לקיים הצבעה לאחר שכבר הוסכם ההסכם במדשאת הבית הלבן לעיני כל העולם, כאילו בשם מדינת ישראל כולה, או לאחר שנחתם בראשי תבות נוכח פני האומה והאומות. זה נקרא לעשות צחוק מהעם, לשאול אותו לאחר מעשה ולעמת אותו בהחלטתו כאילו הוא מול כל העולם. לכן נעמוד על כך ששופט בית-משפט עליון או הסכמה בין כל המפלגות ידאגו לשוויוניות הזאת בשידורי תעמולה, בזמנים מוקצים בשווה, ולא כמו שמדמה הממשלה שהיא תכבוש את המסך כמו בכל השנה, ותגייס את התקשורת לצדה. כל ניסיון מחטף כזה ייתקל בבג""ץ, ואנחנו גם מצפים לחוק השריון של קהלני וחבריו. נתמוך בו, מפני שניסיון לוותר על חוק הגולן באמת מחייב שיקול דעת רחב הרבה יותר מאשר רוב רגיל. אפילו בחירות, כפי שאמרנו, היה צריך לעשות. מוטב בחירות. אבל אם לא, משאל העם צריך להיות בזמן ובתנאים הנכונים. אנחנו מברכים ומחזקים את המתיישבים ברמת-הגולן בשליחותם ההיסטורית, הציונית, החלוצית, שבניגוד למה שאומרים שרי ממשלה, היא לא תמה והיא נמשכת ותימשך. אדוני היושב-ראש, שוב כמה מלים לעניין אוסלו. אמרנו לכם שבהסכם אוסלו נעשו דברים חמורים מבחינה ביטחונית. גם הרמטכ""ל, גם יונים מדברים על כך, וזה מחייב חשבון-נפש. גם ממשלה חייבת בחשבון-נפש ובבדיקה עצמית, ולא בריצת אמוק לשלבים הבאים. הטרור נמשך, והוא אפילו גובר. האמנה הפלשתינית לא מתוקנת. גנבה וטרור נעשים על-ידי הרשות, המשטרה והשב""כ הפלשתיני. יש שותפות מאוד מוזרה בין השב""כ שלנו ובין הפלשתינים. קראתי היום שקצינים מתלוננים שאנחנו מתערבים בכל מיני פלגים שעושים מארבים בשביל ראש השב""כ הפלשתיני מול מתנגדיו. הוא שולח אנשים משתפי פעולה לרצוח חיילי צה""ל, ואנחנו דואגים לשמירתו. עזה ויריחו ערי מקלט למחבלים, נקבעות עובדות חד-צדדיות ובלתי הפיכות בירושלים. כל אלה חייבים להדליק נורה אדומה באשר לבחירות, שהם מצהירים באופן גלוי שאלה יהיו בחירות לכנסת, בחירות למדינה; נביל שעת', היום. ולהוציא את צה""ל עכשיו ממרכזי ערים, שמה שקורה שם רחוק משלום, זאת סכנה ביטחונית. ראש הממשלה יצחק רבין התבטא כמה פעמים, שאחרי יישום הסכם עזה ויריחו והעברה מוקדמת של הסמכויות הוא לא ירוץ ולא ימהר, ייתן זמן לבחון את ההסדר. בינתיים סיכום השנה, אם לא מטייחים את הדברים, הוא רע מאוד. אם עדיין דבק רבין בדעתו, מדוע רצים אנשיו לסלק את צה""ל מערי יהודה ושומרון? לפחות תבחנו את סיכום השנה קודם, כפי שהבטחתם, ולא - האחריות למה שקורה שם תיפול עליכם. חברי הכנסת, תמכנו באופן עקרוני בהסכם עם ירדן. זה לא אומר שבכל פרט שנוגע לגבולות, לקרקע, למים ולהר-הבית נסכים עם הממשלה. אנו מזכירים לראש הממשלה את התחייבותו לשתף את הרבנות הראשית בעניין הר-הבית. אדוני היושב-ראש, לנוכח קביעת עובדות חד-צדדיות מצד הפלשתינים התעורר ראש הממשלה לעשות צעד חיובי קטן של חיזוק ההתיישבות קרוב ל""קו הירוק"", באלפי-מנשה. מייד נבהלו מלחצי מרצ. הגיע הזמן שהעבודה ורבין יחזרו לעצמם ויפסיקו להיגרר אחרי מרצ. נערי העבודה, ראיתם, הביאו כרית לראש הממשלה שיישן בשקט. אבל ראש הממשלה אסור לו שיישן בשקט, בוודאי אסור שנערים ירדימו אותו. חברי הכנסת, איננו מזדהים עם מעשי טרור ומחתרת ופגיעה בערבים חפים מפשע. אנחנו מגנים תופעות כאלו, אם הן קיימות. אבל גם אנשים שאינם נמנים עם הימין מודים, שההר שבנה השב""כ בעניין הזה הוליד עכבר, או כמו שמישהו כתב, עכברוש. חובת המערכת כולה והשב""כ קודם כול, והכנסת לא פטורה מזה, לעשות חשבון-נפש של המהלך ומה שהיה סביבו, דרמטיזציה וניפוח והטחת האשמות שווא. ראש הממשלה חייב לבדוק אישית אם החוקר אמר לסגן אורן אדרי, כפי שאדרי טוען, שהכיפות הסרוגות הם החלאה של המדינה. אם נכון הדבר, יש לסלק אותו ואת האחראים עליו. אנחנו מקווים וגם מאמינים שפגעו כאן - - -

קודם כול ראש הממשלה הוא הממונה על השב""כ.

שיורה לבדוק. שהכנסת תיכנס לזה.

אני בוודאי מסכים. כמו שאתה אומר, כל הצעה טובה.

אני אזום. תודה לך על הפניית תשומת הלב. אני חושב שהדבר הזה חייב להיבדק. אנחנו מקווים ומאמינים שפגעו כאן בהרבה אנשים שלא הוכחה האשמה כלפיהם ושנעצרו, הושפלו ועונו. חלק מהם שוחרר ללא כל אישום, חלק מהם - במין האשמות מאולצות. חובת כל אדם הגון לעמוד על כך שהם טהורים כל עוד לא הוכח אחרת. לא ייתכן שהשב""כ, באמצעות התקשורת, יעשה משפטי לינץ' לקריית-ארבע, לאזרחים נאמנים ולציבור שלם. חברי הכנסת, אנחנו מעלים את ירושלים על ראש דאגתנו. האם אנחנו מחשידים את הממשלה על לא עוול בכפה? לא. הקרב על ירושלים כבר החל. אש""ף יוצר עובדות בירושלים כדי שתחרוצנה מראש את התוצאות בעניין ירושלים. הם יוצרים ישות מדינית בירושלים, שתחלק את העיר. יש סיפוח זוחל בירושלים; בעצם סיפוח רץ. בסוף התהליך, כשידרשו את ירושלים, אני רואה את הממשלה אומרת: מה, בגלל כמה שכונות נפסיד את השלום? הרמטכ""ל ברק הוא שאמר כך: ""נגיע לדיון על ירושלים, על גוש-עציון, על לטרון, על זכות השיבה. נגיע לשם ללא נכסים. משלב לשלב נאבד את קלפי המיקוח שלנו. אנו מדחיקים את השאלות הגדולות, נכנעים לשיקולים של נוחות פוליטית ואישית. לא רואים את סוף המעשה במחשבה תחילה"". בקיצור, כמו שאומרים, פראיירים. זהו הרגע האחרון לחשבון-נפש, והאופוזיציה צריכה לקרוא לממשלה לעשות אותו, מפני שהאחריות כבדה מאוד.",5
41409,"גברתי היושבת-ראש, חברי הכנסת, לאחרונה מתגבר הרושם אצל ציבור גדול, שיושבים בממשלה הזאת גורמים ומתכננים לפגוע בו ולדחוק אותו לפינה. מדובר על הציבור הציוני-הדתי, שמסרב להסכים עם גורמים בממשלה המדברים על פוסט-ציונות; ציבור שבניו מתנדבים לכל משימה לאומית, והוא חש שמישהו זומם, גם תקשורתית אבל גם ממשית, לפגוע בו בכל מחיר, מפני שהוא קורא אולי תיגר על הממשלה ודרכה. כך, למשל, אם במוסד חינוכי מצוין כמו ישיבת ""בני עקיבא"" בקריית-שמואל נעשה מעשה קונדס של טקס קבלה לבית-הספר, כמו שנעשה במשך עשרות שנים בעשרות מוסדות חינוך, מצאו לנכון להביא את המורים והתלמידים לחקירת המשטרה דווקא כאן. אותה הרגשה אני מרגיש באשר למורות-החיילות הדתיות העוסקות בקליטת עלייה. חברי הכנסת, אלפי בנות דתיות משרתות בשירות הלאומי. אבל יש מאות בנות דתיות שרוצות לשרת בצה""ל. הן מתגייסות במסגרת ייחודית של מורות-חיילות שבפיקוח המחלקה לתרבות תורנית במשרד החינוך. זאת הדרך שהן מצאו להן בסבך של הנוהג וההלכה הכרוכים בעניין: לשרת את עמן ואת ארצן בשירות בצה""ל, אך לעשות זאת במסגרת מיוחדת ששומרת על אורח חייהן, החל מהכשרתן והמשך בעבודתן - שליחותן. משרד החינוך איבד את הרגישות שלו בנושא והחליט להוציאן ממסגרת ההכשרה שלהן, שהיתה נערכת עד כה במדרשת כפר-עציון, ולהעבירן לגבעת-חביבה, של השומר-הצעיר. דבר זה יביא בנות רבות לבקש לוותר על עצם השירות במסגרת הזאת, ואולי זאת כוונתם ומטרתם של היוזמים. גברתי היושבת-ראש, אני יודע שיגידו שגבעת-חביבה זכתה במכרז בהצעה זולה יותר מול כפר-עציון. אבל אני לא יכול להשתחרר מההרגשה, שהיתה כאן כוונת מכוון, או במקרה הטוב - חוסר רגישות משווע. יש כ-1,000 מורות-חיילות קולטות עלייה. זה שלוש שנים וחצי הן מקבלות את ההכשרה שלהן בכפר-עציון. נמסר לי שסגן שר החינוך - ואני חשבתי שהם משיבים, כיוון שהמכרז נעשה על-ידם ולא על-ידי צה""ל, ואני לא יודע למה סגן שר הביטחון משיב על זה. אתה לא משיב?

אני מתפלא על זה. זה שלוש שנים וחצי הן מקיימות את ההכשרה שלהן בכפר-עציון. נמסר לי, שסגן שר החינוך מיכה גולדמן עשה מאמצים להוציא אותן מכפר-עציון מההתחלה, מתחילת הקדנציה. אולי מפני שזה ציוני-דתי, אולי מפני שזה מעבר ל""קו הירוק"", אף-על-פי שזה כפר-עציון, ואני אינני יודע למה. כנראה גם מורשת כפר-עציון פסולה היום בעיני חלק מהאנשים. מכיוון שאין לאחרונה עלייה רבה, צומצם מספר המורות-החיילות קולטות העלייה ל-500, ומדובר בשמונה או בעשרה קורסים לאורך כל השנה, כאשר בכל אחד משתתפות כ-70-60 בנות. מתוך ה-500 יש כ-120 בנות דתיות, המטפלות בעיקר בקליטת העלייה בחינוך הממלכתי-דתי, כלומר בעיקר באתיופים. אני מניח, שבגבעת-חביבה האווירה אינה תואמת להן, גם מבחינת העבודה בשבת, גם מבחינת הפעילות הפוליטית נטו של מפ""ם, השומר-הצעיר והקיבוץ הארצי, מפעלים משותפים שהם עושים עם אש""ף ועוד. זה מקום בעייתי מבחינה דתית לגבי הבנות הדתיות. עד כמה שידוע לי, אפילו שלטונות הצבא, כלומר אותה קצינה שאחראית לעניין, העירו שיש טעם לפגם בכך שהבנות האלה תתחנכנה דווקא שם ולא במסגרת שהולמת את בחירתן. אני רואה בכך התנכלות זדונית לבנות האלה, או כדי לפגוע בהן או כדי שיסתלקו מהתפקיד שלהן, ושני הדברים לא צודקים. אני קורא לכנסת לדון בכך.",4
41839,"אדוני היושב-ראש, חברי הכנסת, קשה לדון בשלווה בנושא העלייה מסוריה תחת הרושם הנורא של טבח יהודים רבים בלב הארץ, בתל-אביב, זמן קצר אחרי ניסיון הטבח והרצח בירושלים, ועדיין בשבעה על ניר פורז ונחשון וקסמן. קשה גם להשתחרר מההרגשה, מול פתרונות שהממשלה מדברת עליהם, שאנחנו נוהגים בעיוורון בנושא ההסכם עם הפלשתינים, שחלקם מדבר אתנו שלום וחלקם השני רוצח בנו באכזריות. קשה לדון ביום כזה בכל נושא שלא נוגע לרציחות, שנמשכות תחת מסווה של תהליך שלום. שלום שלום ואין שלום. אבל אנחנו דנים בנושא יהודי סוריה, ויש פה משהו מתאים לומר: בדמיך חיי. אנחנו מצדיעים היום לרבבות יהודי סוריה, שעלו במשך עשרות שנים בדרכים לא דרכים, בסיכון עצמם, במבצעי בריחה אמיצים, שבהם נהרגו, נרצחו ונפגעו רבים, ורבים אחרים נלכדו, נעצרו, נחקרו, עונו וישבו בבתי-סוהר. עם ההתפרקות כמעט - וצר לי על הכמעט הזה - של קהילת יהודי סוריה בסוריה, אנחנו מצדיעים בהערכה ובהוקרה ליהדות סוריה ולמנהיגיה על אהבת הארץ שלהם, עד כדי מסירות נפש ממש. ברכת ""ברוך הבא"" מקרב לבבות כולנו לכבוד הרב אברהם חמרה ומשפחתו, אשתו וששת ילדיו, שעלו אתמול לארץ. קראתי ומאוד התרשמתי מרב ומנהיג לדוגמה, שנשאר עם קהילתו כקברניט שלא עוזב את הספינה ותורם הרבה לגיבושה ולמעמדה. כשמסתיים והולך מבצע עזיבתם את מקום הסבל והסכנה, וכשהם באים לארץ מבטחים, לחוף מבטחים, הוא מגיע לארץ וקורא לבני קהילתו, שעדיין בניו-יורק ובסוריה, לעלות למקום שעליו חלמו תמיד, לציון, לירושלים. ברוך הבא בשם ה', הרב חמרה. אנחנו מאוד רוצים שהקליטה שלך בינינו תצליח. אנחנו מודים לך על תרומתך לעמך עד הנה, ואנחנו בטוחים בתרומתך לישראל בכלל, ולקהילתך שעלתה ותעלה בפרט. חברי הכנסת, כמו גלויות אחרות, גם בקרב יהודי סוריה, גם משניתן היתר לצאת, שני-שלישים עדיין בארצות-הברית. אני מדבר על העלייה האחרונה מאז הותר לצאת. %10 עדיין בסוריה, מהססים, ורק שליש באו בינתיים לארץ. ממשלת ישראל צריכה, כמו שאמרה חברת הכנסת חזן, לעשות הכול כדי שאלה יגיעו לכאן וכדי שכל אלה שהגיעו לכאן בחוסר כול ירגישו כאן טוב, בבית, וישמחו בקליטתם. נחוצה כנראה במוסדותינו יותר רגישות לקליטה טובה ויותר נחישות לשכנע אותם לעלות. אנחנו קוראים לאחינו, שיצאו מהמצור הסורי, לבוא לארץ אבותיהם, לבוא למולדת העם היהודי, למדינת ישראל. אל נדחה בקש את טענות העולים המתוסכלים. הקשיבו להם, תרגישו אותם ותקנו את הליקויים. וליהודים שנשארו אנחנו אומרים: אל תחלמו על נפלאות אמריקה ואל תשהו במקום הסכנה בסוריה. בואו לארץ לבנות ולהיבנות בה. אדוני היושב-ראש, קראתי שבסוריה שמרו אחינו על אורח חיים יהודי, על בית-כנסת, על לימוד תורה, על חגי ישראל, על שבת ועל תפילות. בל תדחוק אותם מדינת ישראל לשכוח את כל זה. תנו להם את התנאים שיאפשרו להם לשמור על יהדותם ועל אופי קהילתם. סוריה לא עשתה מחווה לישראל וליהודים כשהיא שחררה אותם משביים. היא אסרה עליהם לבוא לישראל. את המחווה היא עשתה לארצות-הברית, כדי לזכות בהכרתה ובעזרתה. וזו לא סיבה לומר שכבר אפשר לסמוך עליה, על סוריה. יהודי סוריה נזקקו להרבה חוכמת חיים כדי לשרוד כמיעוט יהודי שידע תקופות קשות ושרירות לב מרושעת, מצוקה, רדיפות ודיכוי. ברוכים הבאים, אחינו היקרים. ברוך הבא, הרב חמרה. תודה על מנהיגותך המסורה והאמיצה למופת, והלוואי שהדוגמה שלך תצליח, וכל יהודי סוריה יגיעו לכאן וייקלטו כאן. תרמת לקבלת ההיתר לצאת מסוריה, ובוודאי תהיה לך הזכות לראות את כל יהודי סוריה עולים לארצם. אני רוצה לברך את כל אלה שפעלו בגלוי ובסתר במשך עשרות שנים בדרך ארוכה וקשה לחיסול גולת סוריה ולעלייתה לארץ. קראתי כתבה קצרה של הגברת נדיה כהן, אלמנתו של הגיבור אלי כהן, השם ייקום דמו. אל נשכח אותו ביום זה. מה בצע לסוריה בשמירת הגופה, בעינוי האלמנה נדיה והמשפחה? תוחזר הגופה, יוחזרו נעדרינו ושבויינו. אם יש באמת משהו אנושי בסוריה, שרוצה להתקבל למשפחת העמים ולא להיחשב מדינה מעודדת טרור, זה אחד הסימנים שבאמצעותם היא יכולה להוכיח זאת. תחזיר היא את גופתו של אלי כהן וכן את נעדרינו ואת שבויינו.",1
41929,"אדוני היושב-ראש, חברי הכנסת, הרוצחים לא צצו מאיזה ערפל בלתי נודע. הממשלה מודה שכל התשתית ובסיס התמיכה פועלים בעזה באין מפריע. נוצר שם חלל ריק שמאפשר ל""חמאס"" לפעול. לא ייתכן להמשיך במחדל הזה, לפנות את צה""ל גם מיהודה ומשומרון וגם לשחרר עוד מה""חמאס"". הממשלה אומרת: לא ניכנע לטרור; אבל נכנענו לטרור בגדול. ערפאת אמר ל""חמאס"" לא לפעול בתחומו והם עומדים בכך, אבל הוא אינו עומד במה שהתחייב באוסלו, שהם לא יפעלו כלל, ומתחומי שלטונו הם עושים את שלהם. ואלה התוצאות. וממשלה שבדיבור לא-אחראי מתירה את דמם של תושבי יש""ע - סופה שמביאה לכך שאנו ""חוטפים אותה"" בתל-אביב ובירושלים. אילו אמרו לנו המצרים והירדנים, שחצי הצבא שלהם יהיה בהסכם עמנו וחצי יירה בנו - לא היינו קוראים לכך שלום. אבל אש""ף ו""חמאס"" ממשיכים לחלק ביניהם את העבודה - לשיחות ולרצח, כמו שאומר שלט שנמצא על אחד הבתים בדרך לעופרה: ""פתח"" ו""חמאס"" יחד - עד הניצחון. אילו היתה הממשלה ישרה עם עצמה, היתה צריכה להודות שכך הוא, ולקחת על עצמה אחריות לשינוי במצב. ואם לא, תרעד הארץ. יש רצון להיות יחד בעת צרה, לא אופוזיציה וקואליציה, אבל אסור לנו לבגוד במצפוננו ובעתידנו ולא לומר את הדברים, גם אם בכאב. אין מנוס מהפרדה גמורה בין התמיכה שקיבל ראש הממשלה מהאופוזיציה, בצדק, בזמן הפריצה לשחרר את החטוף, לבין הרקע שקדם לחטיפה ולבין מה שעתיד עוד להיות, מפני שיש זיוף במלה שלום אם הביטוי שלו הוא טרור מטורף. חברי הכנסת, זו חובתנו לתבוע מהממשלה לעצור את הטבח - אבל אנשי הביטחון הרי מבטיחים לנו שהטבח עוד יגבר - ולא לברוח מאחריותה למחדל שיצר מציאות ורקע למה שקרה. נכון, חברי הכנסת, הרוצחים הם ה""חמאס"", אבל המחדל הוא של הממשלה: בהחזרת המגורשים, בשחרור המחבלים, בהזיות, באופוריה, שמרדימות את עירנות כוחות הביטחון ונחישותם. מי שברח מעזה באישון לילה, אל יתפלא שבבוקר מצא את עזה בתל-אביב. מי שלבו גס ביישובים ברחבי הארץ, אל ישתומם שתל-אביב בורחת לו. אדוני היושב-ראש, הכול בנוי על קונצפציה מוטעית, שאש""ף הוא בעל-בריתנו והוא יכה את ה""חמאס"" מפני שהוא אויבו. ה""חמאס"" הוא בעל-בריתו של בעל-בריתנו אש""ף. יש שותפות אסטרטגית ביניהם, חלוקת עבודה. הרצח שה""חמאס"" מבצע אמור להשפיע עלינו לוותר בשיחות שאנחנו מקיימים עם אש""ף. כולנו הזהרנו, התרענו והתרינו, אבל הממשלה אטומה מפני שהיא נתונה בקונצפציה, ומכיוון שזאת מוטעית היא מסכנת אותנו. מהנשק של המשטרה הפלשתינית יורים בירושלים, ומשוחררי ""חמאס"" הם ראשי החוטפים והרוצחים, ואש""ף עדיין דורש מאתנו שחרור נוספים מה""חמאס"", אחרת קשה לו ליצור אמון. הממשלה אומרת לאש""ף אחרי כל פיגוע, שהוא חייב להבין שזה לא יהיה עוד, אבל אש""ף לא יבין, מפני שהוא לא שותף לממשלה בקונצפציה הזאת, מפני שזאת הבנה שהממשלה עושה עם עצמה מתוך אי-הבנה של המציאות, וכמו ביום כיפור, שהיתה קונצפציה, זה ייגמר בוועדת חקירה. או שהממשלה תקים אותה, או שגורמים אחרים יקימו אותה, כאשר הם יקומו ויוכלו להקים אותה, או שהציבור יהיה ועדת החקירה בבחירות. מפני שהרבה כבר שילמו בחייהם על הקונצפציה הזאת. אדוני היושב-ראש, אם הממשלה לא תיעצר מהחיפזון, מריצת האמוק שלה, ולא תיצור רביזיה בהסכמיה, ובביטחוננו, ואם ייפתחו בקרוב חממות חדשות ל""חמאס"" ביהודה ובשומרון, ללא פיקוח צבאי, לכבוד הבחירות, הם יגיעו משם בקלות לכל מקום. ואם הממשלה עדיין נמצאת בקונצפציה שלה, זה מחדל שמחייב לאחריות שילוחית. אדוני היושב-ראש, אנחנו קוראים לממשלה: עת לכול. עת מלחמה ועת שלום. ההיגיון, לא רק הרגש, הוא שקורא לנו לצאת מהאשליות, להיות יותר מפוכחים, מפני שהדם זועק אלינו, והתופת של תל-אביב ניפצה הרבה חלומות שווא. אנחנו קוראים לממשלה להתרכז עכשיו בהדברת הטרור. השלום כפי שאתם עושים אותו מפריע לכם להילחם בטרור באמת. זה זמן חירום למלחמת חורמה בטרור - ולדחות את השאר עד סיום הטיפול בטרור, מפני שמשא-ומתן עם אש""ף בלחץ הרצח של ה""חמאס"" ותוך כניעה להפרות החמורות של ההסכם הוא סכנה לביטחון, ובלי ביטחון זה לא שלום. מפני שאין שיקול דעת תחת טרור. העם שלנו לא צריך לחם ושעשועים שאתם רוצים להציע לו, הוא צריך קודם כול ביטחון. חברי הכנסת, הממשלה בזבזה את האשראי הגדול שהעניקו לה העם והאופוזיציה רק לפני שבוע, את הרגשות האדירים של האמונה והאחדות שהיו כאן בשבוע שעבר, מפני שהיא עברה במהירות לסדר-היום. היא מיהרה כאילו לא קרה דבר. רק נגמר - לצערנו, באי-הצלחה - ניסיון הפריצה והשחרור, וכבר היא רצה לכל עבר על מנת להמשיך במהלך כאילו לא קרה דבר, כאילו לא צריך לחכות שבעה. חברי הכנסת, הרבה שאלות זועקות אלינו מהטבח; שאלות על שבירות הביטחון, על תקוות השווא ועל המציאות הבלתי-נסבלת. אסור שהממשלה תתעלם מהרגשות של העם ותהיה קצרת רוח לרוץ קדימה בלי לשים לב לקורבנות שבדרך. גם אם תגייס הממשלה רוב הערב, אנחנו ממלאים את חובתנו לעם וקוראים לוועדת חקירה של העם על המחדל והקונצפציה ועל התעלמות הממשלה מהקריאה להתמקד במלחמת חורמה בטרור. לכן אנחנו קוראים לאי-אמון בממשלה, כדי שיתקיימו בחירות והעם ישפוט.",4
42058,"אדוני היושב-ראש, חברי הכנסת, סיעת המפד""ל כולה תומכת בהסכם השלום עם ירדן.

זה משפט ראשון, לא? תתאזר בסבלנות בבקשה. היה לנו מאז ספטמבר, ספטמבר השחור 1970, זה 24 שנים, הסכם דה-פקטו חשאי וידוע שעכשיו הופך גלוי ומפורסם. אנחנו תומכים בהסכם מפני שירדן היא מדינה עצמאית ומסודרת. אנחנו רוצים בהסכמי שלום עם המדינות שבשכנותנו. עיקרי ההסדר הזה, לא כולם, אבל עיקרי ההסדר הזה תואמים פחות או יותר את העקרונות של דגמי שלום נכונים. אנחנו תומכים בהסכם מפני שאנחנו מקווים שירדן היא מדינה ששולטת על ענייני הביטחון שלה והסכם אתה יכול לסייע גם לביטחון שלנו; ומפני שההסכם יכול לצמצם במידה מסוימת את התביעות של אש""ף, ואולי אף מאפשר לנו תמרון יותר טוב כלפי דרישותיהם המסוכנות, וממילא הוא מצמצם את הסכנות. אנו מכבדים את בית המלוכה ההאשמי ואת התפקיד שמילא במשך שנים רבות, לא כולן, אבל במשך שנים רבות, כחיץ בינינו לבין סוריה ועירק. לכן, כל עוד שושלת זו מבטיחה יציבות לירדן או חיץ וחיים בשלום ובביטחון אתנו, אנחנו נותנים יד וסיכוי להסכם הזה. חברי הכנסת, גם כאשר אנחנו מסכימים למהלך, אנחנו לא נותנים יד כדי להשכיח היות חלקים בעבר הירדן, כמו הגלעד והבשן, חלקים משטחי ארץ-ישראל ההיסטורית. לכן, ההסכם איננו הצהרה בשם העם היהודי לדורותיו, אלא הסכם פוליטי שאנחנו עושים אותו במצב הנוכחי. אנחנו מבחינים כאן בין הגבול האידיאולוגי לבין הגבול האופרטיבי, בין אמונת הדורות לבין מה שקורה בנסיבות האלה. ואכן, יש הבחנה בין האילוצים של הדור הזה לבין אמונת הנצח. אנחנו חותמים ביושר על ההסכם, ביודענו שאין כאן הכרעה ערכית באשר לארץ-ישראל, אלא החלטה מדינית ביטחונית שנוגעת לתנאים הנוכחיים. כאמור, הרבה תלוי גם בשאלה מה יקרה בצד השני, עם ה""חמאס"", עם אש""ף, עם עירק, עם סוריה וכיוצא באלה. אדוני היושב-ראש, כאמור, נתמוך בהסכם גם אם יש לנו הסתייגויות מפרטים שונים בו וגם אם אנחנו סבורים שלולא החיפזון של הממשלה ניתן היה להשיג הסכם טוב יותר. אנחנו רואים את ההסכם כך שניהול המקומות הקדושים על-ידי ירדן איננו מפקיע את הריבונות שלנו מהר-הבית, וכן שההסכם בעניין הפליטים איננו מכוון בשום אופן לזכות השיבה, שאנחנו שוללים אותה. אנחנו מצפים שראש הממשלה בדברי תשובתו יבהיר זאת. חברי הכנסת, סיעתנו סבורה שחשיבות ההסכם עם ירדן לא היתה פוחתת לו היינו רגישים יותר לאבל על הרוגי תופת הטרור בתל-אביב, כאשר עדיין מאות ועשרות מבתי ישראל שרויים בשבעה, בגין אותו טבח, אותו רצח. לכן פנינו ואמרנו, שראוי היה לקיים את הטקס בצניעות ובענווה ולא בחנגה ובאופוריה, כראוי לזכרם של הנטבחים. ברוח זו, חלק מחברי הסיעה שלנו לא ישתתף בטקס, והסיעה תשלח משלחת מצומצמת בלבד של חבריה לטקס.",3
42156,"אדוני היושב-ראש, חברי הכנסת, סיעת המפד""ל כולה תומכת בהסכם השלום עם ירדן.

זה משפט ראשון, לא? תתאזר בסבלנות בבקשה. היה לנו מאז ספטמבר, ספטמבר השחור 1970, זה 24 שנים, הסכם דה-פקטו חשאי וידוע שעכשיו הופך גלוי ומפורסם. אנחנו תומכים בהסכם מפני שירדן היא מדינה עצמאית ומסודרת. אנחנו רוצים בהסכמי שלום עם המדינות שבשכנותנו. עיקרי ההסדר הזה, לא כולם, אבל עיקרי ההסדר הזה תואמים פחות או יותר את העקרונות של דגמי שלום נכונים. אנחנו תומכים בהסכם מפני שאנחנו מקווים שירדן היא מדינה ששולטת על ענייני הביטחון שלה והסכם אתה יכול לסייע גם לביטחון שלנו; ומפני שההסכם יכול לצמצם במידה מסוימת את התביעות של אש""ף, ואולי אף מאפשר לנו תמרון יותר טוב כלפי דרישותיהם המסוכנות, וממילא הוא מצמצם את הסכנות. אנו מכבדים את בית המלוכה ההאשמי ואת התפקיד שמילא במשך שנים רבות, לא כולן, אבל במשך שנים רבות, כחיץ בינינו לבין סוריה ועירק. לכן, כל עוד שושלת זו מבטיחה יציבות לירדן או חיץ וחיים בשלום ובביטחון אתנו, אנחנו נותנים יד וסיכוי להסכם הזה. חברי הכנסת, גם כאשר אנחנו מסכימים למהלך, אנחנו לא נותנים יד כדי להשכיח היות חלקים בעבר הירדן, כמו הגלעד והבשן, חלקים משטחי ארץ-ישראל ההיסטורית. לכן, ההסכם איננו הצהרה בשם העם היהודי לדורותיו, אלא הסכם פוליטי שאנחנו עושים אותו במצב הנוכחי. אנחנו מבחינים כאן בין הגבול האידיאולוגי לבין הגבול האופרטיבי, בין אמונת הדורות לבין מה שקורה בנסיבות האלה. ואכן, יש הבחנה בין האילוצים של הדור הזה לבין אמונת הנצח. אנחנו חותמים ביושר על ההסכם, ביודענו שאין כאן הכרעה ערכית באשר לארץ-ישראל, אלא החלטה מדינית ביטחונית שנוגעת לתנאים הנוכחיים. כאמור, הרבה תלוי גם בשאלה מה יקרה בצד השני, עם ה""חמאס"", עם אש""ף, עם עירק, עם סוריה וכיוצא באלה. אדוני היושב-ראש, כאמור, נתמוך בהסכם גם אם יש לנו הסתייגויות מפרטים שונים בו וגם אם אנחנו סבורים שלולא החיפזון של הממשלה ניתן היה להשיג הסכם טוב יותר. אנחנו רואים את ההסכם כך שניהול המקומות הקדושים על-ידי ירדן איננו מפקיע את הריבונות שלנו מהר-הבית, וכן שההסכם בעניין הפליטים איננו מכוון בשום אופן לזכות השיבה, שאנחנו שוללים אותה. אנחנו מצפים שראש הממשלה בדברי תשובתו יבהיר זאת. חברי הכנסת, סיעתנו סבורה שחשיבות ההסכם עם ירדן לא היתה פוחתת לו היינו רגישים יותר לאבל על הרוגי תופת הטרור בתל-אביב, כאשר עדיין מאות ועשרות מבתי ישראל שרויים בשבעה, בגין אותו טבח, אותו רצח. לכן פנינו ואמרנו, שראוי היה לקיים את הטקס בצניעות ובענווה ולא בחנגה ובאופוריה, כראוי לזכרם של הנטבחים. ברוח זו, חלק מחברי הסיעה שלנו לא ישתתף בטקס, והסיעה תשלח משלחת מצומצמת בלבד של חבריה לטקס.",3
42898,"אדוני היושב-ראש, חברי הכנסת, ברור וגלוי לעין שה""חיזבאללה"" הוא זרוע ארוכה של דמשק, שמשרתת את סוריה במטרותיה מולנו. כמו ה""חמאס"", היורה ומפגע, ואש""ף ""הנושא ונותן"", ויותר מכך, שלובים מהלכי סוריה בערוצי הדיבורים עם מהלכי ה""חיזבאללה"" בהתקפות הטרור, ממש כלים שלובים. הסורים רוצים ""לעשות שריר"" בזמן הטקס בערבה, למען נדע שאי-אפשר להתעלם מהם, וכשקלינטון מתרחק מהאזור - ה""חיזבאללה"" תוקף, בעיתוי ובגיבוי סורי. כאשר מנהלים משא-ומתן תחת לחץ הטרור - זאת התוצאה; מקבלים מכות; חזקות. אילו הודענו שאיננו נושאים ונותנים תחת אש בחסות הסורית, היינו נוכחים לדעת אם לסורים עניין במשא-ומתן, ידאגו לשקט. ואם הם לא רוצים שקט, משמע שאינם רוצים באמת בהידברות. אם לא היינו מנהלים משא-ומתן בשום מסלול אמריקני ואחר, אני מוכן לחתום שהסורים היו דואגים לשקט. מפני שהם מעוניינים בהמשך המגעים לא פחות מאתנו. כאן אין אפילו התירוץ המזויף שה""חמאס"" פועל נגד השלום ונגד אש""ף. כאן התלות של ה""חיזבאללה"" בסוריה ברורה וחד-משמעית. ומי שאינו מבין זאת ואינו פועל כך - אחראי לכך שלא ניסה זאת, ואולי יגרום להמשך הפגיעות. חברי הכנסת, זאת הזדמנות לדבר על הצד השני של המטבע, בקשר למוצב. אינני שותף לשיטה החדשה של הוויכוח בתקשורת בין הימ""מ לסיירת מטכ""ל ובין אלופים לגבעתי. זה אסון, זה הרס הצבא, וקשה להשלים עם זה. אבל בכאב אני מוכרח לומר, שטעות היא להציג את מה שקרה כבעיה נקודתית של כמה חיילים. מפני שכאשר ""משדרים"" כל הזמן לחיילים על מזרח-תיכון-חדש ומשגעים את המוחות באופוריה, ובמקביל מחזיקים אנשים כנדרש בכוננות למלחמה, זאת כמעט מלחמה בלתי אפשרית. לכן, ראוי לחשוב על הכשל המערכתי, לא הנקודתי. מפני שאם בהיותם ביש""ע מורים לחיילים להימנע מחיילות, קשה אחר כך שאותם חיילים עצמם בהגיעם ללבנון יתנהגו כבמלחמה. החייל הזה איננו אוטומט. המעברים הללו אינם אנושיים ואינם חייליים, ואם החייל יודע שבלבנון הוא נמצא לשם מיקוח שיסתיים מחר-מחרתיים, הוא לא ישוש להיות האחרון שנלחם שם באומץ ובסיכון חייו. אדוני היושב-ראש, זהו חלק מהאמירה השקרית שצה""ל חזק ולכן אפשר להביא לוויתורים. כואב להגיד את זה, אבל זה יכול להיות סימן ראשון למה שיכול לקרות לנו אם לא נשנה כיוון. אני רוצה לצרף את תנחומי למשפחת קליין על נפילת אלמוג, זכרו לברכה. אני מציע שהכנסת תדון בנושא.",1
43452,"אדוני היושב-ראש, סגן השר, פורסם כי הרצאותיו של ד""ר יוסי אולמרט, הנמנה עם סגל המרצים של קצין חינוך ראשי, בוטלו מאחר שהוא נמנה עם הימין. ברצוני לשאול: 1. האם הפרסום נכון? 2. אם כן - מדוע בוטלו הרצאותיו? 3. מדוע אין משתפים אותו עוד בצוות החשיבה של קצין חינוך ראשי? 4. מה היא מדיניות ההסברה בצה""ל בנושא תהליך השלום?

אני רוצה לשאול ולומר לסגן שר הביטחון, שבכל זאת יש פה דבר משונה. מה פתאום יקום אדם כמו ד""ר יוסי אולמרט, שהוא מזרחן לא פוליטי, ויאמר שקצינת החינוך של הבסיס צלצלה אליו ואמרה לו: קיבלתי הוראה לבטל את ההרצאה מפני שאתה מזוהה פוליטית? הוא אומר: עד הסכם אוסלו הוזמנתי לכל צוותי החשיבה, ומאז אני לא מוזמן, לא לצוותי חשיבה ולא להרצאות. יש פה דבר מאוד מוזר שסותר את זה, ואינני רואה מדוע יקום אדם בוקר אחד ויאמר דברים שאתה אומר שלא היו מעולם.",1
43459,הוא קורא את השפתיים שלך.,1
43689,"כבוד השר, ערפאת, קודם שהיה מקובל על הממשלה, היה גם לדעתה ראש ארגון טרור רצחני שפגע ביהודים וברכושם. האם לדעת השר או לדעת ראש הממשלה, שהשר מייצג אותו כאן, לא ראוי לדעת האם המתנה הקדושה הזו איננה מגואלת בדם, איננה קשורה בחילול הקודש? הרי זה דבר יסודי. זה לא דומה למתנה שקיבלת מאיזו מדינה רגילה.",2
43692,"כבוד השר, ערפאת, קודם שהיה מקובל על הממשלה, היה גם לדעתה ראש ארגון טרור רצחני שפגע ביהודים וברכושם. האם לדעת השר או לדעת ראש הממשלה, שהשר מייצג אותו כאן, לא ראוי לדעת האם המתנה הקדושה הזו איננה מגואלת בדם, איננה קשורה בחילול הקודש? הרי זה דבר יסודי. זה לא דומה למתנה שקיבלת מאיזו מדינה רגילה.",2
43695,"הוא מדריך אותי בשאלה הנוספת, אבל זה מותר. אני רוצה להתבטא קודם באופן כולל, ואחר כך שאלה ספציפית. באופן כולל, השלב הזה של ביצוע הסכם אוסלו, שהממשלה הולכת עכשיו לקראתו, כולל גם תיירות וכולל גם מקומות קדושים. אני יודע, למשל, שאנשי תקוע, שהיו אחראים לאתר הרודיון, כבר קיבלו הנחיה למסור את כל התיק, להכין אותו לקראת הרשות הפלשתינית. האם זה בעצם דגם לכל מה שקורה - בהרודיון ובמקומות אחרים?",4
43698,"הוא מדריך אותי בשאלה הנוספת, אבל זה מותר. אני רוצה להתבטא קודם באופן כולל, ואחר כך שאלה ספציפית. באופן כולל, השלב הזה של ביצוע הסכם אוסלו, שהממשלה הולכת עכשיו לקראתו, כולל גם תיירות וכולל גם מקומות קדושים. אני יודע, למשל, שאנשי תקוע, שהיו אחראים לאתר הרודיון, כבר קיבלו הנחיה למסור את כל התיק, להכין אותו לקראת הרשות הפלשתינית. האם זה בעצם דגם לכל מה שקורה – בהרודיון ובמקומות אחרים?",4
44016,"אדוני היושב-ראש, אדוני סגן השר, חברי הכנסת, מגפת הכולירה שפוקדת את עזה צריכה להדאיג גם אותנו. ככל שהרשות הפלשתינית מוכנה לכך, ראוי שישראל, המפותחת יותר מבחינת הרמה הרפואית, תסייע להפסקת המגפה שם ולריפוי החולים. לא פחות מכך עלינו להתריע, ועל אף הרגעת השלטונות כאן, להזעיק, לצלצל בכל הפעמונים, כדי שעזה לא תבוא לתוככי ישראל, לא רק בטרור רצחני אלא גם במחלות; שהלכלוך והזוהמה שם, לצערנו, לא יפרצו אלינו כאן, מפני שמי הביוב הזורמים ברחובות עזה משקים גם את המלפפונים והעגבניות שאנחנו בישראל אוכלים. חברי הכנסת, בלי ליצור פאניקה, אך בלי להירדם משלווה, על הממשלה להכין צוותי-חירום בין-משרדיים כדי להתמודד עם הסכנה ולמנוע מאתנו אסון מיותר, ופגיעה בנפש, חס ושלום, ויפה שעה אחת קודם למנוע פורענות. אדוני היושב-ראש, גם אם משרד החקלאות רגוע מבחינת חיידק הקולי הצואתי, היכול לגרום למגפה, כשהוא בודק את הירקות המגיעים מעזה לישראל בשערי המעברים, אין זה כך, מפני שייתכן שיש ירקות המושקים במי תהום לא מזוהמים, אבל רבים אומרים שמשאיות רבות חותכות גדרות ואינן עוברות ביקורת, מהן מכוסות בברזנט ובחול ועפר ומתחתם הירקות המזוהמים ממי שופכין המוברחים אלינו. הם מתאמצים להתפרנס, ויהודים מישראל משיקולי רווח נותנים להם יד, ואין סימון, והירקות המזוהמים ממי השופכין והביוב המסוכנים מגיעים לבתינו ועלולים לכלות בנו. הסכמי האוטונומיה מכילים בתוכם כללים בנושאי החקלאות, הבריאות ואיכות הסביבה. השאלה היא האם זה מתיישם ומתממש, או מזולזל ואינו מטופל. ערפאת מתעניין בירושלים, מתעניין במדינה פלשתינית, ביהודה ובשומרון, ובתקציבים גדולים, אבל לא נראה לי שיש בעזה תשומת לב ראויה וטיפול מסור ומקצועי בשאלות אלו, הקובעות את בריאותם ובריאותנו, איכות חייהם ואיכות חיינו, והן נוגעות וגובלות בשאלות של חיים ומוות, חס ושלום. חברי הכנסת, הכנסת צריכה להבטיח שיחסנו לכך - משרד הבריאות, משרד החקלאות, המשטרה, הצבא, מי שעוסק בכך - איננו יחס ""חפיף"", ולשאול האם השלטונות שלנו שמים אצבע על הדופק ודואגים לכך שמזון מזוהם וירקות מזוהמים ושפכים ומקורות מים מזוהמים מעזה לא יגיעו אלינו. הכולירה היא אינדיקציה לתשתית תברואית רעועה ומסוכנת. חשוב להבטיח, שכל הגורמים בישראל, במהלך חירום משולב, ימנעו סכנה של כולירה מישראל, ולזה נועד הדיון הזה.",1
44943,"אדוני היושב-ראש, חברי הכנסת, לאחר אירועי עזה, מן הראוי שהממשלה תבחון מחדש את הנחותיה שלה ביחס לתהליך המדיני, מפני שיש יותר מדי סימני שאלה אפילו מבחינתה של הממשלה. ההנחות שערפאת הוא באמת בעל הבית, שהוא הפרטנר, שהוא מסוגל לשלוט, שיש עוצמה ויש אמינות להתחייבות שלו וכל העסק הזה יכול להחזיק מעמד, מחייבות בחינה מחודשת. המירוץ הנואש של רבין ופרס אחרי תרומות לערפאת גם הוא סימן שאלה גדול מאוד. הוא אפילו קרוב להתבזות. עלינו לשאול, האם הממשלה הניחה הנחות נכונות ביחס לתהליך, האם היסודות של התהליך מתאמתות, או שהממשלה צריכה, בלי קשר לוויכוח העקרוני עם האופוזיציה, מבחינתה - לבחון את כל התהליך והאם היא שלמה אתו כפי שהוא. ראש הממשלה טועה כאשר בתשובתו על התביעה הזאת הוא מטיח באופוזיציה: מה האלטרנטיבה שלכם, ה""חמאס""? טענה זאת איננה מצדיקה שלא לבחון ולא לברר. בזה אין די כדי לדחות את הצורך של הממשלה לבחון את התהליך, משום שחלק גדול מהנחות היסוד נראות כלא-תקפות עוד. הממשלה צריכה לעצור, לבחון מחדש, לא כדי לתת פרס ל""חמאס"", אלא כדי לבחון את העניין מההיבט שלה, מהקו שלה. כל הזמן טענו שיש די שלבים, יש די פתחי מילוט כדי לעצור, אם יתברר שהתהליך איננו מתקדם כפי שחשבו. ועכשיו הממשלה לא משתמשת בפתחי מילוט ורצה לצאת מערי יהודה ושומרון ולהביא לשם את המצב שבעזה. אם שר החוץ אומר שלהצלחת התהליך דרושים מיליארדים והם אינם נראים באופק, הרי הוא תולה את השלום בדבר שאין לו סיכוי. חזון השלום של פרס - האם יש בעולם מי שחולם לשלם אותו, או הכוונה היא שאנחנו נממן אותו? אדוני היושב-ראש, בעניין נצרים. להגיד שנצרים מהווה העילה לפיגועים - זו עלילה שפלה, מפני שהם יורים בנצרים כדי לסלק את נצרים, ואם נתקפל משם בניגוד להסכם, בלחץ ה""חמאס"", כפרס לטרור ול""חמאס"", הם יקבעו את היעד הבא בכל מקום - בכפר-דרום, במורג, אחר כך בקטיף, ביהודה ובשומרון, בתל-אביב, או כפי שאמר מפקד קורס השב""כ הפלשתיני - בחיפה, באשדוד ובבית-שאן הכבושות, כדי שנתקפל ונסתלק מהכול. תקראו את השפתיים שלהם. חברי הכנסת, השותפות בצירים ברצועה מסובכת מבחינה ביטחונית יותר משאלת נצרים. אין שם חציצה בין יהודים, ערבים וצה""ל. האיום קיים בכל נקודה על הציר, לאו דווקא בצומת. בתוך דקה יכול להגיח מחבל מאזור האוטונומיה ולפגוע בחיילי צה""ל. אין לנו עומק מודיעיני שם, אין לנו מסתערבים. כל אחד יכול להתחכך, לפגע ולהימלט. היום ברור שההסכם איננו בטוח, הוא יוצר בעיות ביטחוניות. היום הם בחרו בנצרים, מחר יבחרו במקום אחר, ואם התשובה שלנו תהיה בריחה - מי שבורח מהטרור, הטרור ירדוף אחריו. צריך, לדידה של הממשלה, למען ההסכם שלה, לשנות את ההסכם הביטחוני, שלצה""ל יהיה חופש ומרחב פעולה להגיב, להרתיע ולמנוע פיגועים. המצב בצומת-נצרים הוא פועל יוצא של ההסכם, והגיע הזמן לקרוא לילד בשמו, שההסכם הביטחוני כפי שהינו הוא לרועץ לנו וצריך לשנות אותו. אנחנו סבורים שהיתה טעות מדינית בהסכם, אבל הממשלה חייבת להסכים שהיתה טעות ביטחונית שיש לתקן אותה, כדי להגן על האזרחים ועל החיילים שלנו. המצב מסובך וצפויים לנו ימים קשים, ובמקום שהם יחליטו לירות, שם תהיה מצויה הסכנה. הם החליטו על נצרים כדי לדחוף את הממשלה להוריד את נצרים. ייגמר נצרים, יפגעו במקום אחר. חברי הכנסת, הדבר החמור ביותר הוא שפתחו כאן בוויכוח על נצרים עקב נפילת ארבעה חיילי צה""ל, זיכרונם לברכה. מי שרוצה ויכוח על נצרים היה צריך לחולל אותו לקראת חתימת ההסכם. לאחר שחתמו ששום יישוב לא יזוז, עכשיו רוצים לערער? זה דבר חמור גם מנקודת מבטו של מי שמתנגד לנצרים - לתת עכשיו פרס ל""חמאס"", ליצור אווירת תבוסה בציבור, בצבא. אנשים שנוהגים כך, מסוכן שישבו ליד ההגה. תארו לעצמכם מה יחשוב ומה חושב החייל בעמדה אם הממשלה מדברת על המקום, שבגינו הוא אמור להסתכן כדי להגן עליו, שהוא קוץ שיש לעוקרו. זה מסר כפול, זאת פגיעה קשה ברוח הלחימה וביסודות שעליהם עומד צה""ל. במצב כזה מדוע באמת שחיילים יסתכנו ויילחמו?

תראה, חבר הכנסת טמקין, תורי לדבר ולכן אני לא מתווכח, אני רק עונה על דבריך. אם זה מקום חשוב או לא חשוב יש מחלוקת בעם, בערך חצי על חצי, לא בהפרש גדול.

כן. יש ויכוח גדול אם צריך לצאת משם בכלל או לא. אבל החייל, אחרי שהחלטת שהוא שם, אתה צריך לתת לו את כל הכלים להגן על עצמו.

להגיד שהחייל יושב בקוץ שצריך לעקור אותו, זו הסכמה עם ה""חמאס"".

אני קורא אותך לסדר פעם ראשונה.

אני אגיד לך את ההבדל. ההבדל שאני מדבר עליו פה עכשיו הוא בין אלה שפוגעים, יורים, רוצחים, הורגים - - -

הכול הוקיעו אותו. אתה משווה את ההיקפים של האנשים שבאים ופועלים, וכשה""חמאס"" אומר להרוג? המדינה עושה את זה? האופוזיציה אומרת את זה? איזו השוואה?

אם אתה אומר שאין הבדל בין האופוזיציה בישראל ובין ה""חמאס"", אני נזהר שלא להגיד שאין הבדל בינך לבין האויב שלנו. אם אתה אומר את זה, אני באמת נזהר, נזהר שלא להגיד לך מה שאני חושב.

אני אומר: לא להעלות - - - מה זה, שפה ערבית רשמית בבית?

אני נבחנתי בחינת בגרות בערבית, אבל לפני הרבה שנים.

טוב. מי שלא למד, ילמד. חברים, לא להעלות את הנושא הזה לפני ההסכם ולעשות את זה עכשיו כשהטרור ה""חמאסי"" גובה קורבנות, זה שפל ללא תקדים וזריעת פניקה וערעור כושר העמידה הצבאית של חיילי צה""ל בכל מקום. מעניין שכל אלה שתקו אחרי הרצח ההמוני בתל-אביב. אם אתם רוצים לעקור את נצרים בעקבות פיגוע, מה בעיניכם המשמעות של האוטובוס שהתפוצץ בכיכר דיזנגוף - לפנות את תל-אביב?",5
45750,"אדוני היושב-ראש, חברי הכנסת, נכון שכוונת החוק הזה היא לחשק את הממשלה שלא ישוחררו עצורי ארגון, ישות או מדינה המחזיקים בשבויים שלנו אלא בתמורה לשחרורם, ושלא ייחתם הסכם שלום ללא שחרור השבויים והנעדרים וחזרתם לביתם ולמשפחתם. נכון גם שאילו היינו סומכים על הממשלה, בעצם כל ממשלה, בעניין הזה, לא צריך היה בחוק הזה. אם הממשלה, כפי שנראה, איננה מסכימה לחוק הזה, הרי אין היא מוכנה לכבול את עצמה עבור השבויים שלנו. אני יודע שגם במפלגת העבודה יש חברי כנסת שתומכים בחישוק זה, אלא שראש הממשלה יתבע מהם לסמוך עליו שהוא עושה ויעשה מה שניתן אך לא מוכן לחישוק. זאת עובדה מוצקה שהיו בעבר הזדמנויות לשחרר את השבויים שלנו והן הוחמצו, והנושא נשאר והפך כאוב ביותר, ובכל זאת לא טיפלו בהחלטיות ובנחישות אולטימטיבית. החוק הזה מבטיח שהממשלה תפעל כפי שהיא חייבת לפעול, מפני שאין מפקירים חייל בשדה הקרב, ועלינו לדאוג לחייל שנשלח על-ידי המדינה אל הקווים. חברי הכנסת, ללא חוק אולטימטיבי שכזה, שיסייע לממשלה לעמוד על שלה, לא יושג שחרור, וכל עוד יראה האויב שאיננו מעכבים הסכם הוא לא ירגיש נתבע למלא את חובתו להחזיר את השבויים שלנו. רק אם ישוכנע האויב, שאם הוא לא יוותר הכול יישאר תקוע, הוא יתמודד עם השאלה. הוא יהיה על קרני הדילמה. וזאת ניתן להשיג על-ידי החוק. רק בחוק כזה הם יתחשבו. כבר למדנו, שאם ישראל נחושה והחלטית בדבר צודק, הצד השני נרתע ומסכים. כך למשל מנעה הממשלה הזאת הורדת יישובים בהסכמי הביניים באוסלו, היא התעקשה והם ויתרו. אין הדבר נראה כך בעניין השבויים והנעדרים שלנו. כאן נראה, שעל אף רצון הממשלה בשחרורם, לא מתנים את זה אולטימטיבית. אדוני היושב-ראש, אם לא נחוקק את החוק אנחנו עלולים להגיע לפרשת ראול ולנברג, שנמשכת 50 שנה. לכן, אי-אפשר לתת לממשלה חופש פעולה ללא רסן ומגבלה של החוק. לכן צריך לחשק את הממשלה בנושא הזה, גם אם בהתחלה, באופן טבעי, היא תתנגד לזה. אסור להיתפס לקונצפציות. ה""חמאס"" בארצות-הברית מוכיח שלא מדובר ברקע של עוני לפעילותו, אלא ה""חמאס"" יכול לצמוח ולפרוח דווקא מתוך עושר. כך גם בעניין השבויים - ניתן לשחרר אותם; ומכל מקום, איננו פטורים מניסיון כן ומאומץ להבטיח את זה. אני מקווה שהכנסת לא תתחמק מחובתה לכוון את הממשלה לראות את השבויים והנעדרים בראש דאגתנו.

אדוני היושב-ראש, קודם כול אני מקבל את הצעתו של שר המשפטים, שהדבר יחול גם על אסירים. הוא צודק, זו אולי טעות בניסוח. אם תקבלו את ההצעה, היא יכולה להתקבל בוועדה בקריאה ראשונה, שנייה ושלישית. באמת אין סיבה להבחין בין עצירים לאסירים. אני גם מקבל שממשלה, כל ממשלה, עושה כל מה שהיא יכולה בתנאים רגילים ונעזרת בכל הארגונים בעולם כדי לשחרר את השבויים שלנו. אני לא יכול להבין, אם ממשלה סבורה שהיא יכולה, בהסכם שיהיה לה עם סוריה, בהסכם שיהיה לה עם לבנון, להשיג את שחרור שבויינו בהתליית ההסכם, לא לגמור הסכם - אם יש שבויים שלנו בסוריה ובלבנון - מדוע לא תאמר שהיא מקבלת על עצמה שזה חלק מהעניין? זה בעצם מה שאומר החוק. כך גם אם תגיעו בסוף להסדר עם ה""חמאס"". כל מי שיש בידו שבוי שלנו, עלינו לדאוג לכך שנעשה הכול, ו""הכול"" כולל גם את זה.",1
47253,"אדוני היושב-ראש, חברי הכנסת, לא כל כך חשוב להתעסק עם שר החוץ כפרשן תנ""ך. יתעסק שר החוץ בדברים שהוא מבין בהם. לגופו של עניין, ביקש שר החוץ בנימה של זלזול באישיותו של דוד להסיח את הדעת ממעשי הממשלה. דוד המלך בגדלותו האדירה איננו זקוק להגנתנו מגסות הביטוי. לכן האי-אמון איננו נסוב רק על הדברים עצמם אלא גם ובעיקר על כך, שהממשלה מוותרת על היישובים בארץ-ישראל, ושבית-המשפט העליון גורם להרס המשפחה היהודית. חברי הכנסת, גדולת המקרא והנבואה שאינם חסים אף לא על אחד מן הגדולים, וכאשר יש בעיות בהתנהגותו הן מושמות על השולחן בלי לטייח. לא כן הגיבורים הפוליטיים והצבאיים המחפים על פגמים וכישלונות. התנ""ך תורת אמת ואיננו מחפה. בניגוד לתנ""ך, סופרי החצר של מנהיגי מדינת ישראל רק יחניפו להם כמה הם גדולים וחשובים. יצא אלבום על ראש הממשלה, כולו הלל. שר החוץ ייזום ביקורת על עצמו? להיפך. כאשר אחרים באמונתם מבקרים אותו ותוקפים אותו על ניתוקו מהיבט יהודי ולאומי, ואומרים את האמת ולא מחניפים לשליטים, הוא כועס. ובהתקפת כעס כזאת מצא לו השר פרס להתגולל על אחד מגדולי עמנו, דוד המלך. אם לשיטתו, כביכול, היה שר החוץ לומד מדוד, היה מתייצב בפני העם ובפני כל משפחות הנפגעים מאז הסכם השלום המזויף והפרס המגוחך באוסלו ואומר: חטאתי. אם רוצה שר החוץ ללמוד מדוד המלך, ילמד שדוד אמר לנתן הנביא: חטאתי לה'. ילמד פרס מדוד לומר את האמת, שההסכם שהוא הביא מאוסלו יש לו קשר לפגיעה גדולה בהרבה משפחות. יהיה לו האומץ להודות ולא התחבולה לעסוק בהסחת הדעת. לא לירות אש למקום אחר וליצור מהומה, אלא לעשות חשבון נפש. אדוני היושב-ראש, אילו רצה שר החוץ ללמוד מדוד, מגדולי ישראל שבכל הדורות, קדוש ישראל, נעים זמירות ישראל, יאמר כדוד: חטאתי. ולא נכון היה מצדו ומצד ראש הממשלה לקבל את פרס נובל כאשר שוטר פלשתיני יורה בחייל ישראלי, כאשר אנשי ""פתח"" עושים לינץ' לחייל ברמאללה, אנשי ""חמאס"" מציגים בצחוק ובאכזריות את רצח החייל וקסמן, השם ייקום דמו, וכאשר הטרור הורג בכל יום בחסות ההסכם ובכיסויו. משרד החינוך שקל להוריד את לימודי התנ""ך בבתי-הספר התיכוניים באמצעות בחינות הבגרות. שרה אחת הציעה להוריד את ספר יהושע מתוכנית הלימודים. מדריך תנועת נוער אחת קרע את ספר התנ""ך לפני כמה חודשים, כדי להדהים את חניכיו. אלה רק דוגמאות איך שר החוץ יכול להגיע להשתלחות באחד מגדולי עמנו. לכן נצביע אי-אמון בממשלה.",4
47919,"להיפך, היושב-ראש הבטיח לי עוד כמה דקות.

אדוני היושב-ראש, כנסת נכבדה, מה שקרה במחסום סופה-חולית, לא היה שיגעון שתקף שוטר. זה גם לא היה מעשה בודד נקודתי. השוטר הפלשתיני איים על החיילים שיפנו עמדה, וספר עד עשר. ומאחר שלא הסכימו לפנות את העמדה - ירה. כמו שהלינץ' ברמאללה שצילומו עשה רושם וחשף שהמבצעים שלו הם בעלי בריתה של הממשלה, אנשי אש""ף, אף זה אינו מעשה בודד. התגרויות של המשטרה הפלשתינית בחיילי צה""ל, השפלתם ודחיקתם הן כמעט מעשים שבכל יום, אלא שכל זמן שלא יורים ממש ופוצעים או הורגים, אלא רק דורכים נשק ומכוונים אותו ואין יורים - מפני שאנו ""מתקפלים"" - אין הדברים מתפרסמים עדיין, ואין איש שם אל לב. למשל, בסוף חודש נובמבר הרימה המשטרה הפלשתינית מחסום על ציר הרוחב, במקום שאסור לה, ועצרה מכוניות ישראליות לביקורת בצורה פוגעת, דבר שאסור על-פי הסכם קהיר. בתחילת חודש דצמבר ביקש חייל צה""ל לעצור לבדיקה רכב פלשתיני חשוד בצומת מורג. החייל הותקף על ידי המשטרה הפלשתינית מהעמדה הקרובה, והשוטרים אף עלו לעמדה, דרכו נשקם מול חיילי צה""ל וניסו להשתלט על העמדה, תוך כדי הזמנת תגבורת של שוטרים פלשתינים. דוגמה נוספת, שחוזרת כל פעם ששוטר פלשתיני נפגש בחייל הרוצה לבדוק כלי רכב פלשתיני חשוד. במקרים כאלה דוחף השוטר הפלשתיני את החייל הצדה, מורה לנהג הערבי החשוד להמשיך בדרכו, וכאשר חייל מתנגד לכך, דורך השוטר את נשקו ומכוונו אל החייל. לאחרונה רבו המקרים שבהם מנסה צה""ל להקים עמדה, או לשפר מבנה צומת לביטחון החיילים, והשוטרים הפלשתינים מפסיקים את עבודת הביצורים או הרחבת הצומת בצורה משפילה ומבישה ובאיום בנשק. צה""ל מפסיק עד שיתרצה הצד הפלשתיני, וזה באזורים שבהם האחריות הביטחונית הבלעדית היא של צה""ל. לדוגמה: בצומת נצרים ובצומת קטיף מתעכב סיום העבודות מסיבה זו זה שבועות. חברי הכנסת, שתיקתנו לנוכח ההפרות התכופות האלה של ההסכם מעידה על הצפוי לנו בכל מקום שבו נזוז והמשטרה הפלשתינית תשלוט, וסופה שתביא ירי מהסוג שהיה במחסום סופה, שבנס לא הסתיים בהרג אלא בפציעה. כבר בהתפרעויות שהיו במחסום ארז לפני חודשים מספר, כשנשרפו החניון והאוטובוסים והנזקים הגיעו לכ-100 מיליון, השתתפו חלק מהשוטרים הפלשתינים עם הפורעים. ומאז, כמתואר לעיל, אנחנו מסתירים מעיני הציבור את העובדה המזעזעת, שהשוטרים דורכים ומכוונים נשק מול חיילי צה""ל. ברוב המקרים צה""ל מוותר על כבודו ועל כבוד המדינה ובעצם גם על ביטחוננו על מנת שלא תיווצר תקרית ויהיה שקט. כך הגענו לשוטר שיורה על חיילים. הממשלה סומכת על ההסתרה ועל שכחת הדברים, כדי שלא לפגוע בהמשך התהליך של הנסיגות. כבר אין מדובר על ההפרות הגדולות של אי-ביטול האמנה הפלשתינית ושל אי-הדברת הטרור ה""חמאסי"". מדובר על הפרות ביטחוניות כמעט יום-יומיות על-ידי השוטרים ועל-ידי ""פתח"", ורק צילומי הצלמים הפלשתינים ברמאללה והיריות בסופה חשפו זאת לידיעת הציבור. אדוני היושב-ראש - - -

יפה, אז אני אוסיף עוד. גברתי היושבת-ראש, אלה שנושאים ונותנים יושבים עם הקודקודים ונדמה להם שקיים שיתוף פעולה דומה גם בשטח. אבל האווירה הנוחה שם לא משקפת את מה שקורה. זה מחזק את מה שרוב העם מרגיש, מבין ויודע, בניגוד לרוב בכנסת, שאין לנו פרטנר אמיתי והסכם אוסלו מושתת על קונצפציה שקרסה. היפנים והקוריאנים נדהמו לגלות, שישראל אינה זקוקה לסיוע בכלכלתה, ומבקשת תרומות רק עבור הפלשתינים. ורק הממשלה כאילו מאמינה, שאם ישפכו המון כסף לשם ייפסק הטרור. הממשלה מכריזה בכל אירוע שמבצעיו הם אויבי השלום - ה""חמאס"", עד שמישהו צילם ברמאללה, וכאשר מצלמים אי-אפשר לטעות ויודעים שאלה אנשי ""פתח"". קוראים לזה פורשי ""פתח"", ""נצי פתח"". ולולא התמונות המזוויעות היתה הממשלה טוענת: ""חמאס"". לכן הירי של השוטר בחייל במחסום סופה-חולית מחייב בדיקה רצינית של ההסכם, כדי שהתהליך לא יסתיים באסון, חס ושלום.",3
52980,"אני מודה לסגן יושב-ראש הכנסת, לרב עזרן, על ברכותיו. אדוני היושב-ראש, חברי הכנסת, הצעת החוק הזאת איננה באה לשנות את ההוראות הקיימות בישראל בעניין סמכות הממשלה לנהל משא ומתן, לחתום, לאשרר אמנות בין-לאומיות. תכלית הצעת החוק הזאת היא לחייב את הממשלה בחקיקה להניח כל אמנה בין-לאומית על שולחן הכנסת בטרם תיחתם או תאושר, כדי לאפשר בה דיון בכנסת במקרים המתאימים. בהצעת החוק אין הגדרה של המונח ""אמנה"", אולם המינוח הזה מתייחס לכל אמנה במישור הבין-לאומי שמוסדרת על-ידי המשפט הבין-לאומי. אמנה שהונחה על שולחן הכנסת - ניתן להציע לגביה, שתהיה טעונה אישור הכנסת, לאחר חתימתה או אשרורה, או כי לא תיחתם ולא תאושר. אומנם קיימת מסורת של הבאת הסכמים מדיניים, שהממשלה חתמה עליהם, לאישור הכנסת, הגם שהממשלה איננה מחויבת לעשות זאת על-פי חוק. מן הדין ליצור מעורבות של הכנסת באישור אמנות בין-לאומיות בצורה שמובאת בהצעת החוק הזאת. המוצע בחוק הזה בא להוסיף על כל הוראה אחרת בדין של אמנות, אישורן ואשרורן, וכן על כל הוראה באמנה שמדינת ישראל צד לה או שתהיה צד לה. כאמור בהצעת החוק, האמנה תונח על שולחן הכנסת על-ידי הממשלה, לפני חתימה או לפני אשרור - תלוי בסוג האמנה - ורשאית כל סיעה בכנסת להציע, בתוך שבוע מיום הנחתה על שולחן הכנסת, כי האמנה טעונה אישור הכנסת לאחר חתימתה או אישורה, או כי האמנה לא תיחתם או לא תאושר. הכנסת תצביע אז על הצעת הסיעה. חברי הכנסת, היועץ המשפטי לממשלה מתח ביקורת על ההסדר החקיקתי שקיים היום, שלפיו אין הממשלה חייבת להביא לאישור הכנסת אמנות בין-לאומיות. עוד בראשית שנות ה-60 התחייבה הממשלה להביא לידיעת הכנסת את דבר כריתת ההסכמים והאמנות, אך בפועל לא תמיד קוימה התחייבות זו במלואה. משנת 1984 קבועה בתקנון הממשלה החובה להניח על שולחן הכנסת אמנות בין-לאומיות 14 ימים, לפחות, לפני אישורן בממשלה, למעט מקרים שבהם לא היה סיפק בידי הממשלה להניחן. מן הראוי שלא להסתפק בתקנון, שלעתים מממשים אותו ולעתים לא, אלא להסדיר נושא זה בחקיקה ולהעביר לכנסת את האפשרות לדון ולהיות שותפה בדרך כזו ולהחליט בנושא האמנות. אני מקווה שהממשלה לא תראה זאת כדבר שלילי, שלא מאפשר לה לחתום על אמנות או לאשר אותן. להיפך, היא תקבל את האישור של הכנסת, והדבר רק יכבד אותה ויכבד את הכנסת. אני פונה לחברי הכנסת לתמוך בהצעת החוק הזאת.",1
52984,"אני רוצה לשאול את שר המשפטים, האם הוא מוכן לומר, שההצעה תובא להצבעה בשבוע הראשון שלאחר הפגרה, במושב הכנסת הבא, כלומר שהדבר לא יימשך ללא סוף.

האם אתה מסכים שההצבעה תהיה בשבוע הראשון לאחר הפגרה, בכנס הבא של הכנסת.",1
53223,"אדוני היושב-ראש, חברי הכנסת, לראש ממשלה יש קצת יותר אחריות משיש לכל אדם אחר בשאלות של ביטחון. לכן אסור לראש ממשלה שהוא גם שר הביטחון, להפריד ביטחונית בין %98 מהישראלים לבין %2 מהם. גם אם הוא אינו מסוגל לתת %100 ביטחון, אסור לה להפריד בין דם לדם. חובתו לדאוג לכל העם. אסור שישתמע שלא כל כך אכפת לו מהיפגעות של %2 מהעם. גם האמירה, שירידה מ=%98 מהגולן לא נחשבת לירידה מהגולן, איננה נכונה. להישאר רק על המורדות פירושו לרדת. שר ביטחון צריך לדאוג ל=%100 של הישראלים. את מירב ומיטב הביטחון שהמדינה מסוגלת להעניק יש להעניק לכלל האזרחים, ללא אפליה. חברי הכנסת, כל תהליך אוסלו מבוסס על איזו הזיה של השתלבות במרחב, שהערבים אינם מתכוונים לה. הממשלה שוגה באשליות. חמור מזה הוא ההימור שהממשלה מהמרת על ביטחוננו. הממשלה חושבת על קזינו, אבל זו רולטה רוסית. עם התפרסם הסכם אוסלו אמרו הן הרמטכ""ל ברק והן שר הביטחון רבין, שהוא מלא ""חורים"" מבחינה ביטחונית. ראש הממשלה הבטיח לסתום את החורים האלו בקהיר, מה שלא קרה. ומה קרה בפועל? עזה הפכה לחממת טרור לנוראים שבפיגועים ולעיר מקלט של רוצחים במזיד. השבוע התכבד בעזה בכבוד מלכים רוצח שרצח עשרות משתפי פעולה, ואנחנו חושדים בו שרצח את יהושע וייסברוד, השם ייקום דמו. המבוקש מ""נצי הפתח"" חזר לעזה עם שלושה רוצחים מבוקשים מ""הנשר האדום"". עד כמה שידוע לנו, איננו עומדים על הסגרתם וענישתם. גם עיתון ""הג'יהאד האסלאמי"", שטען לכמה מהפיגועים הקשים שהיו לנו, נפתח אתמול מחדש בעזה. כל ההנחות וכל ההסברים ש""הם"" יטפלו בטרור התבדו. היתה התמוטטות נוראה, עד שהממשלה עצרה את התהליך והחליטה על הסגר, ועכשיו שוב מתחילים בפתיחתו, וחוזר וחלילה כמו בעבר. סגרנו, פתחנו, נפגענו, סגרנו. וחוזר חלילה. אגב, נדהמתי לקרוא ששר החוץ הזכיר באותה נשימה את הרצח בהרעבה בברגן-בלזן ואת הסגר. בשום הקשר זה לא נכון. אסור לעסוק בהשוואה זו גם לכאורה. אסור להזכיר בהקשר אחד את מכונת ההשמדה הנאצית ואת הרצון הבריא שלנו להתגונן מפני מי ששוב רוצה להשמיד אותנו. כשהממשלה פותחת את הסגר היא מהמרת שוב. על חשבון מי הפעם? על איזה אחוז של האזרחים? %2? %5? %10? על אילו יישובים? על עפולה? על חדרה? על בית-ליד? על דיזנגוף בתל-אביב? מה יהיה המקום הבא, חס ושלום? אדוני היושב-ראש, אנחנו מכירים את הדינמיקה. מתחילים בפועלים מבוגרים מגיל 30 ומעלה, בעלי משפחות. ואחר כך ממשיכים בצעירים. אנחנו קוראים לאי-אמון בממשלה מפני שהממשלה הולכת להגשים את הודאת ראש הממשלה שאמר כשפתח את הסגר: עשיתי זאת נגד האינטרס הביטחוני של ישראל. כלומר, אנחנו יודעים שאנחנו מסכנים את תושבי ישראל עבור המשך התהליך. הקריאה הזאת לאי-אמון היא אזהרת הכנסת, שלא להתיר לרווקים צעירים להיכנס כל עוד לא הוכח חד-משמעית טיפול אמיתי, אפקטיבי ורציני של אש""ף בטרור. אחרת זו תהיה התנהגות לא-אחראית ומסוכנת. חברי הכנסת, הממשלה מועדת כאשר היא פותחת את השערים בפני הקבוצה המועדת. שום תירוץ בעולם לא יעזור לאחר הפיגוע שיגיע לאחר מכן, חס ושלום. להביא את הרווקים הצעירים בתנאים הנוכחיים זה לעבור את הקו האדום. הממשלה לא תוכל לרחוץ בניקיון כפיה ולומר: לא ידעתי, לא הוזהרתי. לגבי ג'נין, אנחנו שואלים שאלה אחת: האם ג'נין תיהפך לעזה נוספת שתפגע בעמק יזרעאל ובשרון ובכל מה שבסביבה? אם ראש הממשלה ושר הביטחון משיב שלא, אנחנו שואלים: מהן הערבויות שלך לכך? בעזה עשו זאת. אם יוצרים עוד ואקום בג'נין, מהי ההשלכה על עפולה? על כפר-סבא? על חדרה? הממשלה מטיחה תמיד: אתם מציעים לחזור לעזה? ובכן - עכשיו לא. אבל מה שראינו בחודשים האחרונים היה גרוע וחמור יותר מהמצב הקודם. איננו מתגעגעים לשוב ולשלוט בעזה, אבל המצב קשה יותר. על כל פנים, מהניסיון הרע שהיה לנו בעזה צריכים ללמוד שלא להביא למצב דומה במקומות נוספים. כל עוד אין לנו ביטחון שזה לא יקרה, אסור להמשיך. הממשלה חייבת סוף סוף לעמוד בדיבורה ובתנאיה, שיוכיחו קודם שהם מתכוונים ומסוגלים לדכא את הטרור. אדוני היושב-ראש, ראש הממשלה נהג לומר בעבר, ששלום וביטחון חייבים ללכת ביחד, ששלום יהיה רק אם יובטח הביטחון בישראל כולה. ה""שלום"" הזה שהממשלה מטפחת סותר את הביטחון. בעבר טעו לחשוב שהאינתיפאדה איננה סיכון אסטרטגי. עכשיו טועים בטרור, כאילו איננו סיכון אסטרטגי לישראל. לכן, הצהרת ראש הממשלה לפני כמה שבועות, שהטרור הוא בעיה אסטרטגית שלנו, היא נכונה. ואילו הצהרתו שאנחנו פותחים את הסגר, אף-על-פי שהוא מסכן את הביטחון, והטרור נמשך סותרת את זה, מסוכנת ובלתי אחראית; זאת גם הודעה שהשלום עדיף מהביטחון. חברי הכנסת, היום נודע על ביטוי נוסף של הסיכונים הביטחוניים שהממשלה גזרה הן על שוטריה והן על באי הכותל המערבי והבאים לעיר העתיקה. יחידת העילית של המשטרה, שמאבטחת את הר-הבית, פורקה מנשקה, ונאסר על המשטרה לפעול בהר-הבית במקרה של פרעות ומהומות, אלא צריך להמתין להוראה מפורשת מראש הממשלה לאן הגענו. על כל אלה, ההכרזות וההימור המסוכן על הביטחון בפתיחתו המלאה של הסגר בקרוב, אנחנו קוראים להפיל את הממשלה ולהצביע על אי-אמון בה.",4
53571,"אדוני היושב-ראש, חברי הכנסת, המשמעת בצבא והמרות של המפקד על החייל עלולות לעתים להרתיע חייל מלהגיש קבילה. אולי אפילו יש לפעמים חשש שמא מי שמגיש קבילה שכזאת יסבול מהתנכלויות כלפיו עקב קבילתו. מאחר שחשוב ביותר - והצבא פיתח את זה - להבטיח את החשיפה של מעשים החורגים מהמותר, רצוי לאפשר בירור הדברים גם בעדר קבילה שמקורה בנפגע עצמו. סעיף 550 לחוק השיפוט הצבאי, התשט""ו-1955, מסמיך את נציב קבילות החיילים לטפל רק בקבילות שמופנות אליו על-ידי חיילים, וסעיף 544 מוסיף לכך גם את בני משפחתו של החייל, ובהיעדרם - רק בהיעדרם - מי שהתבקש לכך על-ידי החייל הנפגע. כל אלה מובילים, כמובן, אל החייל עצמו, על כל ההשלכות שיכולות לנבוע מכך - כן או לא, אבל יכולות. חברי הכנסת, דווקא בחוק מבקר המדינה, התשי""ח-1958 [נוסח משולב], בסעיף 37(2) ניתנת האפשרות לנציב תלונות הציבור לדון גם בתלונה שהוגשה לו על-ידי חבר כנסת, הגם שהמעשה שעליו מתלונן חבר הכנסת לא אירע לו אישית. נראה לי שבנושא הזה מצויה לקונה בחוק השיפוט הצבאי, וראוי, לדעתי, להשוות את המצב באשר לכוחו של חבר כנסת - במקרה זה הצעה של ועדת החוץ והביטחון - להגיש קבילה לנציב תלונות חיילים, למצב הקיים לגבי נציב תלונות הציבור בהתאם לחוק מבקר המדינה. כמו-כן מוצע שנציב הקבילות יוכל ליזום חקירה ובדיקה בנושאים הנראים לו ראויים ומתאימים, גם אם לא קיבל עליהם קבילה מהנפגע או מטעמו. יש בהצעת החוק הזאת כדי להגביר את האמון בין החיילים לבין שלטונות הצבא ולשפר את היחס בין מפקדים לחיילים. מן הראוי שהכנסת תיתן יד לחוק הזה, שמאפשר לחברי הכנסת להיות מעורבים בתהליך הזה.

אדוני היושב-ראש, חברי הכנסת, סגן שר הביטחון, סגן שר הביטחון העלה את הנקודה של התערבות יתר של הגורמים האזרחיים ברשויות שיפוט או באירועים שקורים בצבא. לפי דעתי, ההצעה הזאת איננה דומה לשום הצעה, לטוב או לרע, מההצעות ההן של ועדות חקירה על היפגעויות באימונים וכדומה. שם ההצעה היא להוציא מהצבא את ההכרעה, ואילו כאן ההצעה היא להשאיר את נציב הקבילות כאחראי יחיד לנושא במשרד הביטחון, בצבא, אבל להרחיב את המעגל של מי שיכולים לפנות אליו. אני חושב שלא הייתם צריכים להתנגד לזה. הרי הוא, בסופו של דבר, יחליט אם הקבילה מקובלת עליו או לא. זו איננה התערבות חיצונית. לכן אני קצת מתפלא ומצטער. אני כן יודע שיש חיילים שבתוקף הנסיבות חוששים לעשות את זה. זה שאתה אומר שחברי כנסת יכולים לפנות אל גורמים אחרים, זה גם כן לא כל כך תקין, אבל זה נעשה, ואילו כאן יש לך סדר שמבטיח שהדבר ייעשה.",1
53583,"אדוני היושב-ראש, חברי הכנסת, מסע של רדיפה מתנהל על-ידי פרופסור גל-נור, נציב שירות המדינה, כנגד פרופסור רקובר, היועץ למשפט העברי במשרד המשפטים. פרופסור רקובר ראוי וזכאי לגיבוי משר המשפטים, מאחר שהוא הציג בפני ועדת העבודה והרווחה של הכנסת, על-פי הזמנתה ועל-פי פנייתה ובתוקף מומחיותו ומקצועיותו ותפקידו, את המקורות היהודיים בעניין זוגיות חד-מינית. אין זאת ""אשמתו"" של היועץ למשפט עברי, שהמקורות היהודיים רואים כ""סטייה"" את מה שחלק בציבור רואה כ""נטייה"", רואים כ""חטא"" את מה שחלק בציבור רואה כלגיטימי, ואולי כרצוי או מועדף. מה רוצים בנציבות, שהאדם הממונה על נושא המקורות היהודיים-המשפטיים-ההלכתיים יוזמן לכנסת, לפי בקשת חברי הכנסת, כדי להציג את המקורות - ולדרוש ממנו להעלים אותם, להסתיר אותם, או שמא לשנות ולסלף אותם? מה לעשות שהתורה, ההלכה והמדרש, שאני מקווה ומאמין שלא הכנסת ולא הנציבות מציעות לשרוף אותם, מוצאים סמיכות בחטא ובענישה של משכב זכר ומשכב בהמה? וכאשר המומחה מספר זאת ביושר מקצועי, על-פי מיטב הכרתו, הבנתו ושיפוטו, הוא נידון להכפשה, לחקירה ולהאשמה כאילו חרג מסמכותו. ברוח הזאת לא ירחק היום והגישה הכופרנית הזאת תדרוש ועדת חקירה על משה רבנו ודבריו, על רבי עקיבא, על הרמב""ם. לאן הגענו בהשתקה על-ידי הנציבות הזאת? ואסור שתהיה שתיקה של ראשי צמרת המשפט ושל כל הליברלים נושאי דגל חופש הביטוי וכבוד האדם. האם כל הליברליות שלהם מתגלה כאשר מדובר בקעקוע של היהדות, ואילו כל פתיחותם נעלמת כאשר מדובר במי שדבק במקורות היהדות? אם אין חסינות לרקובר, אין גם לגל-נור. אני מניח שגל-נור מיהר ליזום חקירה על דברי רקובר בלי שנועץ במשרד המשפטים. לו היה בודק, לפי דעתי היה מתברר לו שרקובר לא חרג מסמכותו. אדרבה, הוא היה נאמן למומחיותו ולמקצועיותו, שהרי תפקידו המדויק הוא להציג את עמדת המקורות היהודיים בסוגיה שאליה נדרש, ולא את עמדת משרד המשפטים; מה גם שאינני יודע אם יש עמדה של משרד המשפטים המעודדת זוגיות חד-מינית. נראה לי שנציב שירות המדינה חרג מסמכותו בלהיטות שקשורה בהשקפתו, לא במקצועיות שלו. כשהוא הזדרז להגן על הגישה שלו בנושא, הוא פגע פגיעה קשה בשמו הטוב של רקובר, על-ידי כך שפרסם בכלי התקשורת את דברי החקירה בלי שהודיע את זה קודם לרקובר. בפגיעה הזאת עבר הנציב עבירה חמורה על חובתו לשמור על כבודם של עובדי הציבור ולא ללכלך את שמם ברבים. בכך הוא פגע גם בערכי היסוד ובחוקי מדינת ישראל, שהם שמירה על כבודו של האדם ושמו הטוב, כפי שבאו לידי ביטוי בחוק-יסוד: כבוד האדם וחירותו. מתברר, ולא בפעם הראשונה, שהמדברים גבוהה גבוהה על כבוד האדם וחירותו, כשאין הדבר תואם את דרכם והשקפתם, הם דורסים ברגל גאווה את כבוד האדם וחירותו, כמו במקרה גל-נור נגד רקובר. פרופסור גל-נור גם לא דיבר אמת כשהצדיק ברדיו את מעשיו ביחסו לפרופסור רקובר, כאילו הוא אמר בוועדה שהוא מביע את דעתו האישית. האמת היא - והפרוטוקולים של הוועדה יוכיחו - שרקובר אמר שהוא מביא את המקורות, כפי שהוא התבקש. ההתנהגות של גל-נור היא שאיננה הולמת עובד מדינה, וודאי שאין הוא מתאים לשמש כנציב שירות המדינה. הוא שצריך להיחקר על הפרשה, הוא שצריך להיענש, ולא רקובר, והכנסת צריכה לקרוא להפסיק את החקירה המבישה שנוגעת לה ישירות. ולא, אל תצפה הכנסת שהיא תזכה לכך שאנשים הגונים שיופיעו לפניה יאמרו דברי אמת, מפני החשש להיחקר ולהיות מודח אם הדברים לא מוצאים חן. הכנסת חייבת זאת, לבל תזוהה עם עמדה כופרנית ביחס למשפט העברי, כפי שהתגלתה על-ידי הנציבות, והנובעת מעמדתה העוינת לתוכן של המקורות היהודיים. אדוני היושב-ראש, ייתכן שרקובר היה צריך לדעת עם מי יש לו עניין בנציבות ולהיזהר מלגלות לחברי הכנסת את עמדת המקורות, יכול להיות, אבל חשוב שהכנסת תדע - מה לעשות, אפשר לקבל, ויש שלא יקבלו - יש במקורות הקבלה בין משכב זכר למשכב בהמה, והיא לא פרי דמיונו והמצאתו של רקובר. היא מצויה במקרא. שתי התופעות שם קרויות ""תועבה"", שתיהן ענושות באותה מיתה. הרמב""ם - לא רקובר - הוא המביא ""ואלו שמיתתן בסקילה: השוכב עם זכר והשוכב עם בהמה"". ובתלמוד נזכרות שתי התופעות יחד: ""לא נחשדו ישראל על משכב זכר ולא על הבהמה"", בשונה מדור המבול - זה מדרש שהוא הביא שם - שכן היו נותנים כתובה לבהמה ולזכר. מבחינת ההלכה אכן נשללות כאחת האהבה בין גברים, בין בני משפחה - עריות, כמו: אמו, אחותו, בתו, והוא הדין לגבי כלבו. את התפיסה הזאת - וכבר אמרתי שמי שרוצה יקבל ומי שרוצה לא יקבל - מסר וביטא פרופסור רקובר. הוא מסר את מה שכתוב שם. על זה הוא נחקר? על זה הוא נענש? וגם אם זאת היתה עמדתו האישית ואם זאת עמדתו האישית, כמו שמניחים אלה שתוקפים אותו, מתמיה ומדהים לראות את אבירי חופש הדעה והדיבור שוכחים את סובלנותם כלפי דעה שאיננה אהודה עליהם, עד כדי רמיסת כבודו של בעל הדעה והשתקתו וסילוקו ופגיעה במעמדו ובמקור מחייתו וירידה לחייו; אינם יודעים לכבד את בעל הדעה השונה משלהם; אינם רוצים לראות אותו קיים במשרד המשפטים. גל-נור הוא שנכשל כאן כישלון חרוץ, הוא חייב לחזור בו, ואם לא, הוא עצמו ראוי להיחקר ולהיענש. אדוני היושב-ראש, אני מסיים. עריכת חקירה משפטית משמעתית נגד היועץ למשפט עברי מפני שהוא ביטא את עמדתו הרעיונית וההלכתית היא איוולת. זה מתאים לתקופות האפלות של המשטר הבולשביקי ברוסיה. זאת גישה מעוותת, שמעידה על בורות בכל מה שנוגע להלכה ולמסורת. נציב שירות המדינה, שחוקר את היועץ למשפט עברי על דעותיו, נוהג כנציב של מדינה - - -

אני לא מדבר על הייררכיות אלא על תפקידים. אתה צודק, אבל אני מדבר על תפקידים, לא על הייררכיות. זה לא משנה אפילו אם הוא היה היועץ המשפטי, אבל הוא התבקש, בתוקף תפקידו כיועץ למשפט עברי, לומר את דבריו, ומי שהולך לשפוט אותו על דבריו נוהג כנציב של מדינה אנטי-דתית, שכופה דעות על אנשי המשפט שלה ומצווה עליהם מה ואיך לדבר בפני ועדת כנסת. זה מצב בלתי נסבל, שראוי לגינוי מכל הבחינות. מתברר שעדיין יש, אני אומר בשמאל הקיצוני, מי שרוצים להחזיר אותנו לשנות ה-50. זאת מדיניות נלוזה ומעוותת. על הכנסת לבלום את הנציבות בהידרדרותה, למנוע ממנה להחזיר אותנו למציאות העגומה של משטר בולשביקי, וזאת בביטול החקירה המשונה הזאת. אני קורא לכנסת לקיים דיון על כך כדי להחזיר את הנציב לשפיותו הציבורית וכדי להבטיח הלכה למעשה את חופש הכנסת, את הדמוקרטיה, את החופש של האזרחים ואת חופש הביטוי.",1
56095,אבל ראש הממשלה מאשר – – –,1
56210,"אדוני היושב-ראש, חברי הכנסת, לפני כעשרה חודשים העליתי בכנסת את הצעת החוק הזאת. הכנסת קיבלה אז את דעתה של הממשלה כפי שביטא אותה שר המשפטים, ולא קיבלה את הצעת החוק, לצערי. מאחר שנראה לי שלא נס ליחם של הטעמים שמצדיקים את המהלך שנובע מהחקיקה הנדרשת, אני חוזר עתה ומציע לכנסת לקבל עכשיו את הצעת החוק. שר המשפטים טען אז, שאין טעם להתגרות בממלכת ירדן. בינתיים הסדרנו את נושא הגבולות עם ירדן, והיא בוודאי איננה בת-שיח עמנו בנושא. שר המשפטים אמר, שגם ממשלת הליכוד לא פעלה בעניין, ומדוע נזכרנו פתאום דווקא עכשיו. התשובה היא כמובן, שהולך וקרב רגע האמת באשר לירושלים, וראוי שיובהר בזמן לאש""ף, שתובע את ירושלים כבירתו, ולארצות אחרות כמו מצרים, שעדיין שומטת את מדינת ישראל כולה ובתוך זה כמובן את ירושלים בירתנו ממפותיה, וחיוני שיובהר לאש""ף, הממקם בכוונה את מוסדותיו בירושלים, ועכשיו באבו-דיס, בפעילות חד-צדדית - שישראל נחושה בנושא ירושלים. הנה, על אף החוק שחוקק בכנסת ביוזמת הממשלה, אין פועלים להוצאת מוסדות אש""ף מירושלים ואין מונעים פתיחת מוסדות נוספים. אם זה קשה לממשלה, מדוע שלא תבהיר לעם שיושב בציון גם שאין פניה רק, כפי שמתבטאים שרים, לפנות חלקים מהנגב, להוריד את היישוב היהודי בחברון ובנצרים ולרדת מהגולן, אלא שיש לה גישה חיובית לירושלים ולדרך אליה? מה, אם כן, נורא בכך שהכביש החיוני לירושלים, שמופעל על-ידי ישראל, על שטח שרובו הפקר, יצא מכלל ספקות, ובכל הסדר שלא יהיה, יהיה מעבר בטוח, שקט ושליו? על כמה קילומטרים מדובר פה? בכביש עצמו אולי מדובר על מאות מטרים. אני מזכיר לכנסת את עצם החוק. מדובר על כך שהמשפט, השיפוט והמינהל של המדינה יחולו בכל שטח כביש ירושלים-תל-אביב. היינו, שאזור כביש ירושלים-תל-אביב, שעובר בין שער-הגיא ליער בן-שמן, שברובו, כפי שאמרתי, היה שטח הפקר, ומקצתו שטח שהיה פעם בשליטת ממלכת ירדן, והוא עורק תחבורה ראשי בדרך לבירת המדינה, יהיה כולו נתון למרות החוק הישראלי. כאשר נחיל את החוק הישראלי על השטח הזה, נסגור לאקונה בחוק לגבי שטחים שלא היה כל חוק לגביהם ועליהם. בימים האלה, שבהם מתקיימים דיונים באשר לנסיגת צה""ל מהערים ועל הפרדות, כאשר מדובר על כביש שהוא חיוני לתחבורה שלנו, ולא מדובר על משהו שמפריע למישהו, לא על גירוש ערבים, לא על הפקעת קרקעות של אנשים פרטיים, לא על השתלטות על אדמות של מישהו - מה מונע מהממשלה להסדיר את מה שבאמת נכון וצריך היה להסדיר מזמן, גם בממשלה הקודמת? עכשיו הדברים הולכים ומתחדדים יותר, נהיים אולי יותר אקוטיים. אולי יש מקום למחשבה מחדש. שאלתי את השר אם השתנתה דעתו במשך עשרת החודשים, הוא אומר שלא. אבל אני פונה אליו לשקול שלא להתנגד לחוק הזה, ולו גם אם מדובר בקריאתו הטרומית. לכנסת אני פונה לקבל את ההצעה.

אני מאוד משבח אותה על כך. אבל רציתי שתחשוב גם על - - -

בטח יש לשר מה לומר בעניין הזה. אדוני השר, בבקשה.

אדוני היושב-ראש, חברי הכנסת, שר המשפטים שאל מה השתנה. בכל זאת השתנה, שעם ירדן הסדרנו את הדברים, היא לא תובעת את זה עוד. יש שיחות מאוד רציניות שקשורות בנסיגה, יש יותר דיבורים על ירושלים, ולכן יש מקום לשקול את העניין מחדש. חוץ מזה, יכול להיות שהכנסת יכולה לגייס יותר אנשים.

אבל ראש הממשלה מאשר - - -",3
56224,לא ישראל במרכאות אלא אזרחים במרכאות.,1
56415,"אדוני היושב-ראש, חברי הכנסת, אין מי שלבו לא נשבר למראה ולמשמע הזוועה שברצח המתועב בכבישי כפר-דרום ונצרים. אין מלים להביע תנחומים על הכאב של המשפחות שאיבדו את יקיריהן, השם ייקום דמם. שבחים לנשיא המדינה, ששוב ביטא את הרגשת העם, שלא להשלים עם השיטה של קורבנות שלום. פיגועי תופת אינם גזירה משמים, ואנחנו איננו קורבן פסח.

שבחים גם לששת חברי הכנסת של העבודה, שהעזו לתבוע מן הממשלה שלא לכבול את ידי צה""ל במלחמתו ב""חמאס"" וב""ג'יהאד האסלאמי"" ולממש את ההסכם בנוגע למרדף החם. ברצוני להביע סלידה מהמרצחים ומאלה שאינם עוצרים בעדם, ומערביי עזה ששמחו על דם הרוגינו, ומהורי הרוצחים-המתאבדים שמאושרים מתועבת ילדיהם. חברי הכנסת, מבחינה ביטחונית יש בצורת החיים הזאת פוטנציאל לפיגועים. הכביש המשותף, האי-יכולת לפתוח במרדף חם והשלמה עם הפרות בלתי פוסקות של ההסכם - מזמנים פיגועים. הכול כתוב על הקיר. הביטחון שם רופף, ואמצעי הביטחון - בלתי יעילים. חברי הכנסת, שקר הוא שערפאת הגיע לקו פרשת המים. שטויות להאמין שנפל האסימון אצלו. לא חדרה למודעותו ההכרה, שעליו לקיים את מה שהתחייב לקיים - אני מצטט את ההסכם מחודש מאי: לנקוט את כל הצעדים הנחוצים כדי למנוע פעולות עוינות נגד היישובים, נגד התשתית המשרתת אותם ונגד אזור המתקנים הצבאיים. שחרור מנהיגים פוליטיים ללא העמדתם לדין הוא מעשה שבשגרה אצלו. שחרורם ואי-העמדתם לדין, אי-הסגרתם לישראל ושחרורם מובטחים גם הפעם, כמו בעשר הפעמים הקודמות. צה""ל גוזר בעזה את ההיבט הצבאי מן ההיבט הפוליטי, בבלימה וספיגה, כמו בלבנון. הפלשתינים מפירים את ההסכם, ואנחנו בולעים. רשימת ההפרות ידועה לממשלה וידועה לצה""ל, אבל לא רוצים להפר את השקט כאילו זה יפר את השלום. הסכם גרוע אם גם על קיומו אין עומדים. שר המשפטים של הרשות כבר צוטט פה היום; הוא הודה, שאש""ף וה""חמאס"" משלימים זה את זה. פירושו של דבר, שיש ביניהם הסכם, ושערפאת לא נקט ולא ינקוט צעדים חריפים ומשמעותיים כלפיהם. הם ימשיכו את הפיגועים ויגבירו אותם. ואם יגבר השמאל שבממשלה ונברח מנצרים ומכפר-דרום, הם ירדפו אותנו לזיקים, לנחל-עוז ולכפר-עזה. וכשנברח משם הם ימשיכו לרדוף. וכאשר נסתלק משכם, מג'נין ומרמאללה - אוי ואבוי יהיה לכל כבישינו, יישובינו וערינו. עזה היא הדוגמה. אדוני היושב-ראש, העם כבר לא קונה את התיאוריה הבולשביקית שעל-פיה אם חוזרים על שקר הרבה פעמים הוא הופך לאמת. העם לא קונה שרוצח נקרא בעל-ברית וששלום פירושו טרור. העם גם לא סובל את הטריז שמנסה השמאל לתקוע בין קטיף לבין ""הקו הירוק"". מי שאיננו פנאט מסונוור המתעלם מעובדות מבין את האסון ואת הקריסה. הלוואי שההתפכחות של השישייה תבלום את ההזיות של השמינייה, ושראש הממשלה יפסיק את היגררותו אחרי מרצ. זאת חובתו של ראש הממשלה, להשתיק את המסיתים לפינוי בכוח של היישובים. כל המושג של שלום סותר בעליל את הרעיון של השמאל להוציא ולגרש אנשים מבתיהם. אילולא היה השלום מזויף, לא היתה ישיבתנו בארץ-ישראל צריכה להפריע להם. הם ינהלו את חייהם, ואנחנו ננהל את חיינו. אלא שלא מדובר בשלום, אלא בההשתלטות ערבית ובגירוש יהודים, בניצול השאיפות התמימות של העם לשלום והפיכתן לכלי להסתלקות ולבריחה מארץ-ישראל. אנו מזהירים את הממשלה - זה לא עניין של כמה משפחות, זה מאבק על כל המפעל. זה תקדים ומבחן, וכולנו נהיה שם. ה""טרנספר מרצון"" של אנשי גוש-קטיף, על-ידי פיתוי משפחות לנטוש, הוא הצעה מגונה ומשפילה. שבירת רוחם של המתיישבים על-ידי ניתוק החוליות החלשות לא הצליחה ולא תצליח. אנשי גוש-קטיף הם חלוצים שהלכו לחזית של עם ישראל בתמיכת הממשלה ובעידודה. הניסיון להציג אותם עכשיו כמי שמתמקחים על כסף ולהעמיד אותם כגורם מיותר ומפריע שצריך לסלקו, הוא בזוי. ההצעה המשפילה, לקנות ערכים בכסף, תצליח אולי לקלוע למבוכה כמה אנשים ומשפחות המצויים במצוקה, אבל לא תצליח לשבור את החלוצים הנאמנים באמת. רובם המכריע של אנשי נצרים, קטיף וכפר-דרום, כמעט כולם, לא יתפתו לסגנון הבזוי של חברי הכנסת חגי מירום ויוסי כץ. חברי הכנסת, אנו מתנגדים להסכם אוסלו מיסודו. אבל אל תיגרר הממשלה אחרי דברי שר החוץ, שמדבר באמונה עיוורת מול העובדות והמציאות. יסלח לי, אך הוא מדבר כמו פנאט שמאמין בצד השני, שסומך על הרצון הטוב והכן של האויב. המציאות טופחת על פניו ועל פנינו באכזריות, והוא ממשיך להתעקש. שלא לדבר על מרצ. המינימום שעל הממשלה לעשות, ובכך היא תיבחן, יהיה להודיע חד-משמעית, שהמשך יישום ההסכם יהיה תלוי בהתגברות מוכחת על הטרור ובמלחמה כוללת נגדו. זה המינימום של התעשתות הנדרשת מהממשלה. זה נייר הלקמוס שיוכיח אם עדיין מובילה את הממשלה האחריות הביטחונית או שמא מובילות אותה ההזיות הבלתי אחראיות של השמאל. זה גם המבחן שיוכיח אם יש בכלל מה ועם מי לדבר בתוך העם, אם מובילי הממשלה פנאטים סהרוריים של התהליך הערפאתי, או שגם אצלם יש גבול. חברי הכנסת, הפתרון הרדיקלי יותר - שהוא פחות מהצעת השישייה ונגיע אליו וכדאי לפני הפיגוע הבא - הוא כניסה מסיבית של צה""ל לאזור נצרים, מורג, קטיף וכפר-דרום; לחלק את הרצועה לשניים, צפון ודרום, לתקופת מעבר, לפחות, עד שערפאת יוכיח את טיפולו ב""חמאס"", ולמנוע כל תנועה וקשר בין שני החלקים. להיכנס לעזה - זאת הכרזת מלחמה. להסתלק מנצרים - זאת תבוסה מסוכנת. להמשיך בשגרה - זה חוסר אחריות משווע. כמו בלבנון צריך גם כאן להקים אזור ביטחון, לנתק את ח'אן-יונס מעזה, ליצור חגורת ביטחון. יישובינו צריכים להיות הבסיס לפעולות נגד המחבלים ולרצועת הביטחון תיצור מציאות אחרת ובטוחה יותר. אלה שתי האפשרויות: מאבק מדיני או מאבק צבאי, ושניהם משולבים זה בזה. בשום אופן לא להמשיך ביישום, כדי שלא ליצור ""עזות"" נוספות. חברי הכנסת, אסור שהדיון הזה בכנסת יסתיים בלא כלום. כאן דרוש עוז לתמורה בטרם פורענות. השם עוז לעמו ייתן, והשם יברך את עמו בשלום, שלום אמת, שלום לדורות.",5
56646,"גם הממשלה מצהירה שהיא לא רוצה מדינה פלשתינית.

אני אהיה קצר מאוד, אדוני.

אדוני היושב-ראש וחברי הכנסת, אני אדבר היום רק על ירושלים, מפני שבה תלוי כל המאבק כולו. ום ממשלת ישראל זזה מעמדותיה בעניין פיתוחה של ירושלים ובעניין העברת השגרירויות אליה, זה חמור מאוד לגורלה של ירושלים, שהרי כולנו רוצים שהיא תהיה בריבונות ישראל. ככל שהממשלה תעמוד על חומות ירושלים - נחזק אותה, ואם לא - ניאבק בה. אם הממשלה תבנה את ירושלים רבתי, נתייצב לימינה, ואם תחליט שלא לפתח ולבנות, נתייצב נגדה. בושה גדולה היא שהממשלה מפגרת אחר האמריקנים בנושא השגרירות. במקום להוביל, נדחפים. מבזבזים פה הזדמנות היסטורית. יש כאן מהפך דרמטי והישג כביר שאסור להחמיץ אותו וודאי שאסור לטרפד אותו. זה גם מבחן אמת, אני אומר גם לך, חבר הכנסת אורון, למהלך המדיני. אם הפלשתינים מתנגדים לשגרירות בירושלים - ומדובר כרגע על ירושלים המערבית - ומאיימים בפיצוץ המהלך המדיני, כפי שאמרו בתחילת השיחות שיאסרו זאת, אז שלא יהיה מהלך. מבחינת הממשלה, הממשלה צריכה להעמיד את זה כאבן בוחן. ואם נתעקש בנושא הצודק הזה, ודאי שהם יהיו אלה שיתכופפו. חברי הכנסת, זה שקר גס וזאת תעמולה של השמאל, כאילו מאז מלחמת ששת הימים בנו בירושלים רק ליהודים. הערבים בירושלים אינם מבקשים תוכניות בנייה שלנו. הם בונים בעצמם, בלי לבקש רשות, אלפי דירות צמודות קרקע בשטחים נרחבים. מי שמסתובב בשטח רואה היקפי בנייה עצומים בין שועפאט לרמאללה, בית-חנינא, קלנדיה, סילוואן, אל-עזרייה, א-טור ואבו-דיס, וכל המרחב דרומה לכיוון בית-לחם - בנייה מסיבית, צפופה, שיש לה מגמה מדינית מפורשת: לטרפד את אחדות ירושלים שבריבונות ישראל. מאחר שזו תוכנית פוליטית למאבק על ירושלים, חיוני שבמקביל תהיה תוכנית מקיפה ישראלית. הם רוצים לחבר את בית-לחם, רמאללה ומזרח-ירושלים לעיר אחת; ""לשבור"" את מה שישראל עשתה, ואנחנו מתגוננים על-ידי חיבור לפסגת-זאב, הר-חומה ומעלה-אדומים. מי שמציג את זה כמאבק תמים, אזרחי, על שוויון זכויות, טועה ומטעה. הם בונים כדי להוציא את השטח מתחומי ישראל ולקעקע את איחוד ירושלים שלנו. מול תעמולת הכזב המדהימה של השמאל ראויה הממשלה לברכה על מה שהעזה לעשות, אבל - לביקורת חריפה על שחייבה את ישראל שלא להפקיע עוד. מפני שפירוש הדבר, שבעוד מלאכת קעקוע ירושלים תימשך, הרי הרצף היהודי שעלינו להבטיח בין גילה, הר-חומה, מעלה-אדומים, וממעלה-אדומים לגבעה-הצרפתית ולגבעת-זאב, זה לא יבוצע. אדוני היושב-ראש, אסור היה לממשלה להתחייב בנושא הזה, ובוודאי שלא להתחייב מעבר לקדנציה שלה. זה צעד מסוכן ובלתי אחראי, שהממשלה הבאה כשתקום לא צריכה להתחשב בו כדי לעשות מה שדרוש למען בניינה של ירושלים רבתי. אני חוזר ואומר, שעניין השגרירות הוא ממש נורא. כל הממשלות בישראל לחמו להעביר שגרירויות לירושלים, וכשבאה סוף סוף יוזמה אמריקנית, שהיתה גוררת אחריה יוזמות של מדינות אחרות, רומזת הממשלה ברמזים גסים, שדעתה איננה נוחה מכך. הממשלה חייבת תשובה אמיתית וכנה לכנסת ולעם. האם זה מהסיבה הטיפשית, שהיוזמה לכך יצאה מהאופוזיציה כאן ובארצות-הברית, או האם זה יותר רציני, יותר חמור, שיש לממשלה הבנה סודית עם הפלשתינים, אולי בצורת עוד מכתב נסתר, שיום אחד נגלה אותו, שישראל לא תפעל, לא בכיוון של בנייה בירושלים ולא בכיוון של מאמץ להכרה בין-לאומית בה כבירתנו, עד שתושג הבנה עם הפלשתינים על גורלה של ירושלים? כן. אם הממשלה נלחצת בנושא השגרירות באופן כל כך מוזר, האם זה מפני שיש הבנה חשאית, שתמורת דחיית הדיון על ירושלים לסוף המשא-ומתן, התחייבנו בפני מישהו שלא לשנות את מצבה של ירושלים, משום בחינה, והאם המאמץ האמריקני הזה פוגע בהתחייבות הממשלה לפלשתינים, שעליה לא דווח לציבור? הכנסת והעם זכאים וחייבים לקבל על כך תשובה ברורה.",4
56788,"גברתי היושבת-ראש, חברי הכנסת, כבוד השר, מספר הנפגעים, ההרוגים והפצועים בתאונות הדרכים מחייב נקיטת אמצעי חירום מיידיים. לו היו נהרגים, חס וחלילה, בפעילות צבאית נגד האויב חיילים במספר ובקצב דומה, היתה הממשלה פותחת במלחמה נגד המדינה או הגוף שאחראי לכך. איזו זעקת זעם וכאב היתה הארץ זועקת לו היו, חס וחלילה, נפגעים בכמות כזאת בפעולות טרור; ובצדק. אולי הגיע הזמן לקבוע יום זיכרון לחללי תאונות הדרכים, ובו יתייחד העם עם זכרם ויעשה חשבון נפש וחשבון דמים. כשהנפגעים הם מתאונות דרכים, משום מה ההתייחסות לכך היא כאילו זו מכת טבע או גזירה משמים, ולא היא. חברי הכנסת - נכון; נראה שאין דרך לחסל את התופעה כליל. אין מדינה ללא תאונות דרכים. אולם חייבים ואפשר לצמצם באופן משמעותי את ממדי הנגע הנורא. אין לנושא תרופת פלא ואין לכך גם סיבה אחת ויחידה. צריך לנקוט שילוב של פעולות בתחומים רבים, וביצוע חלק גדול מהן יארך זמן רב. את הפירות נקצור רק בעוד שנים אחדות. אולם הנושא הקריטי שיש לטפל בו בעדיפות ראשונה, ומייד, הוא האכיפה. למרות הפעילות של משטרת התנועה הארצית בכבישים בין-עירוניים - רק בהם, ולא בכולם - התנהגותם של נהגים רבים מזעזעת. אינני מדבר על טעות רשלנית, אלא על רמיסת כל חוקי התנועה. ברגל גסה ובזדון מזלזלים בכל חוק ותקנה, עבירה אחר עבירה. מי עוצר אותם? איזה אחוז מהם מקבל דוח תנועה? מה היא ההסתברות שהם ייענשו בענישה משמעותית וחמורה? ואם בכבישים הבין-עירוניים כבר יש נוכחות כלשהי של ניידות - וגם זה במידה מועטה מדי - התופעה החמורה ביותר היא בתחומי הערים. איש הישר בעיניו יעשה, ואין צל צלו של שוטר. כבר הובטח פעמים רבות כי למשטרה ייתוספו אלפי שוטרים שיעסקו באכיפת חוקי תנועה בעיר, אבל עד היום לא נעשה דבר. יתר על כן, לפני שנים רבות, כאשר היו הרבה פחות מכוניות, היו באופן יחסי שוטרים רבים יותר בעיר. גברתי היושבת-ראש, כפי שפורסם, הצליח צה""ל, בשנים האחרונות, להוריד בעשרות אחוזים את מספר תאונות הדרכים. איך הושג הדבר? הרי ברכב הצבאי נוהג אותו עם ישראל - הנוער שנוהג בשעות היום ברכב הצבאי במהירות החוקית ובציות ליתר חוקי התנועה הוא אותו הנוער שנוסע בשעותיו הפנויות ברכב של הוריו ומשתולל. מדוע ההבדל? ההבדל נעוץ, אולי, בראש ובראשונה באכיפה חסרת הפשרות של המשטרה הצבאית. לגורם ההרתעה משקל רב. אני מאמין, שזה צו מיידי ראשון שיש לנקוט כצעד חירום משמעותי. גברתי היושבת-ראש, יש גם לבדוק מחדש את כל העונשים המוטלים על-פי החוק. יש כאלה שצריך להחמיר בהם, בעיקר במקרים שיש הרשעות קודמות, עבירות קודמות של אותו נהג, עד כדי הורדת נהגים אלימים במיוחד ומועדים מהכביש לתקופות ארוכות. לסיכום, בגלל הצלצול, העליתי רק חלק מהגורמים שמשפיעים על היקף התאונות. כדי לטפל באלו ובאחרים באופן יסודי חייבת לקום, כפי שאמר חבר הכנסת פלד, איזו רשות-על שתרכז את כל התחומים. אחת הבעיות היא שאין גוף אחד שמטפל בנושא. שום גוף גם לא נמדד לפי תוצאות בתחום הזה. הגיע הזמן לתת עדיפות אמיתית בשטח לנושא. ממדי התופעה האיומים אינם מותירים לנו ברירה.

אני לא דיברתי על משרד. אני דיברתי על רשות, המינהל לבטיחות.",1
57444,"אנחנו יכולים להציע למי להעביר את הנושא?

אדוני היושב-ראש, חברי הכנסת, הרעיון שמצד אחד יש ילדים וזקנים עניים שאינם זוכים למזון מזין מספיק, אם הם בשכונות עוני ואם הם במוסדות, וירקות ופירות היו עבורם דבר מועיל וחשוב; ומצד אחר מושמדות כמויות אדירות של מוצרים בריאים וחיוניים אלו - רעיון זה ממש מדכא ובלתי מוסרי. חברי הכנסת, אני יודע שיש כאן שיקולים של עודפים, של היצע וביקוש ושל מצבם הקשה והעגום של החקלאים החלוצים והמצוינים שלנו. בכל זאת אני משוכנע, שבלב רגיש, בתשומת לב ובמחשבה יצירתית ניתן היה לבנות זאת כך שהרעבים והעניים יקבלו פירות וירקות בשפע ובלי הגבלה, והחקלאים לא יהיו ניזוקים מבחינת מחיר סביר והוגן לתוצרתם ולתנובת שדותיהם. אדוני היושב-ראש, אנחנו מכירים את התשובות - - -

הייתי אומר שאני מסכים לדעתה של התורה ברשותו של חבר הכנסת הרב עזרן. אגב, לפני כמה חודשים הצעתי חוק בל תשחית, שנוגע לעניין, אבל הממשלה דחתה אותו, ועכשיו מעלים אותו במסגרת ההשמדה האחרונה של התוצרת. תודה רבה על ההערה. אנחנו מכירים את כל התשובות מדוע לא ניתן, כביכול, לרבע את המעגל הזה. ועם זאת אנחנו בטוחים, שהדבר לא מוסרי ואפילו אסור מכל הבחינות, וכי יש דרך לחיות עם שני המסלולים, גם של המסכנים וגם של החקלאים, מבלי שמישהו מהם יצא ניזוק. הממשלה, כל ממשלה, מוציאה כספים על נושאים שונים ומשונים. תוציא הממשלה אמצעים כדי להכין תוכנית כזאת שתענה על הצרכים והציפיות. אל תשחיתו אוכל, אל תשמידו ירקות ופירות, אל תמנעו אותם מהנצרכים, מצאו את הדרך להשביע את הרעבים ולכלכל בכבוד את החקלאים. אני מסיים ואומר: מוסדות חסד וסעד נאבקים על קיומם ומצוקת הנזקקים זועקת לשמים. לא ייתכן שבה בעת יושמדו אלפי טונות של פירות וירקות; לא ייתכן שלא יהיה מי שיודע לקשור את הקצוות. אני פונה אל שר החקלאות, שלא בא היום, לשתף פעולה עם שרת הרווחה, שלא נמצאת פה, ועם גורמים התנדבותיים אחרים, ויחד להכין תוכנית שתמנע את האבסורד וההשחתה. תבואו על הברכה אם תעשו את זה. אני מציע שהכנסת תדון בנושא.",1
59233,"גברתי היושבת-ראש, חברי הכנסת, סגן השר, קראתי בעיתון, שידידי, שר החינוך והתרבות, פרופסור אמנון רובינשטיין, מודאג מהשתלטות הרשות הפלשתינית על החינוך בירושלים. הוא גם הופתע מכך, שבבתי הספר במזרח-ירושלים מוצגת מפה של הארץ שמדינת ישראל, יוק, מחוקה, איננה קיימת בה. אני מתפלא על כך ששר החינוך והתרבות מופתע מכך. וכי אין הממשלה יודעת מה מתכננת הרשות הפלשתינית לגבי ירושלים? וכי אין הממשלה מבינה את חלקו של ה""אוריינט האוס"" בכך ואת ביסוסם של מוסדות הרשות בירושלים? וכי אין שר החינוך והתרבות מבין את השתתפותו של ""שר החינוך"" הפלשתיני בבתי-הספר בירושלים בטקסי סיום שנת הלימודים השנה, כשברקע הדגל הפלשתיני ותמונות ערפאת? והתעודות שהוא מחלק - בחזיתן מתנוסס הסמל של ""המדינה"" הפלשתינית. מוזר מאוד, שלא הממשלה ולא השר מבינים מה באמת קורה. חברי הכנסת, הם מבינים, אבל הם עוצמים עין וחצי ואומרים: מה שאנחנו רואים לא קיים, זה סתם, בצחוק כאילו. אבל כולנו מבינים גם כן את קריצת העין הזאת. הממשלה יודעת, ואם שר אחד מעז ואומר: המלך ערום, מיד משתיקים אותו, נוזפים בו. גברתי היושבת-ראש, אומרים בתפילה בימים נוראים: על חטא שחטאנו ביודעין ובלא יודעין. אם השרים לא מבינים זאת, האם הם מסוגלים וראויים להיות אחראים לגורלנו? אם הם מעמידים פנים שהם אינם מבינים - זה חמור יותר, שהרי הם מסכנים את שלמותה של ירושלים ביודעין. קודם אמרו: עזה ויריחו הן ניסיון ומבחן. לא נתקדם מעבר לכך אם לא יתברר לנו באופן מוחלט שהמבחן הצליח. עכשיו העם מלקק, עדיין, את פצעיו מהטרור ומהפיגועים, והממשלה רצה קדימה. רבין - פרס, ופרס - רבין, דוהרים לאחור להסתלק מהערים ולמסור את כל הסמכויות. הפלשתינים מוכיחים באופן אגרסיבי ובוטה את כוונותיהם בירושלים. מערכת החינוך גם היא איננה בידינו, ואין לממשלה תשובה ופתרון. שר החינוך והתרבות אמר: דבר זה לא בסמכותי, אבל, אדוני סגן שר החינוך והתרבות, וגם לאוזניו של שר החינוך והתרבות - החינוך הוא כן בסמכותכם. אתם צריכים לדרוש מהממשלה פתרון לעניין, אחרת ירושלים איננה בידינו. חברי הכנסת, הרגשת רבים בעם קשה. הממשלה מובילה למצב בלתי הפיך בכל הגזרות בטרם בחירות, ובטרם משאל עם. אנשים מגיעים לסף ייאוש, והמצב מסוכן. אני פונה לסגן השר ולשר - תהיה הממשלה ישרה בעניין ירושלים. תפעלו בטרם פורענות, בטרם יהיה מאוחר מדי.

חבר הכנסת. גברתי היושבת-ראש, חבר הכנסת.

אתה אומר שהשלמנו עם כך שירושלים היא שלהם?

אני מוכרח להעיר הערה - אני מתפלא מאוד על ההשוואה שסגן השר עושה. יש הבדל בין - - - לא שר ירדני מבקר בבתי-הספר, אין דגלי ירדן בבתי-הספר - - - אתה אומר, הם לא אזרחים ישראלים, הרי הם הולכים לאוניברסיטה בירדן - - - לבין זה שהרשות הפלשתינית, שבאופן מוחלט אין לה מה לעשות בירושלים, והבטיחו לנו שאתם לא נותנים לעשות זאת - היא שולחת, בעצם, את מה שנקרא שר החינוך שלהם, והוא מנהל את החינוך בירושלים בירת ישראל. את משווה את זה לזה?",2
59588,"אדוני היושב-ראש, חברי הכנסת, שר המשטרה, מטרת המאסר של אדם על עבירות שהוא ביצע, היא ענישה, הרתעה וחינוך. עם זאת, המאסר לא בא כדי לשלול מאסיר קיום של מצוות דתו או פגיעה ברגשותיו העמוקים ביותר. חופשה שתוענק לאסיר כדי להשתתף בברית-מילה או בפדיון הבן של בנו או באירוע של בר-מצווה ובת-מצווה של ילדיו או בנישואין של אחד מילדיו, מצד אחד; ומצד שני, הזכות להשתתף בלוויה ובשבעה, וללא-יהודים, על-פי מצוות דתם - כל אלה הם בתחום זכות שהחברה חייבת גם למי שחטא, ובחופשה הזאת יש התחשבות במשפחה ותרומה לשיקומו הנפשי והרגשי של האסיר. התכוונתי לבקש מהשר ומהכנסת לאשר את הצעת החוק בקריאה טרומית. אני יודע שהשר מסכים לנושא הזה, עם כמה הערות שאני מקבל אותן, ומובן שנוכל לדון בהן בדיון שייערך בוועדה לקראת הקריאה הראשונה.",1
60291,"אדוני היושב-ראש, חברי הכנסת, בעיתון ""תל-אביב"" מערב שבת האחרון מופיעות זו בצד זו שתי קריקטורות שרומזות בהשוואה ביניהן ובסמיכות שלהן זו לזו על צד שווה שבהן כדי להציג כאילו דמיון בין שתיהן. באחת מצויר חבר ""כת השטן"" ששוחט חתול, ובשנייה יהודי חרדי שמקיים את מנהג הכפרות עם תרנגול. בידי היהודי החרדי יש ספר תפילות עם מגן-דוד; בידי האיש מ""כת השטן"" - ספר עם המחומש, הסמל שלהם. לו היתה תמונה כזאת מוצגת בעיתון בחוץ-לארץ, היינו נזעקים לאנטישמיות שיש בה. הרי זה דומה לקריקטורות האנטישמיות המסיתות נגד יהודים שהיו ב""שטירמר"" הנאצי; לא פחות מזה. חברי הכנסת, הקריקטורות השטניות הודפסו והופצו בשבוע שבו נחשד צעיר מ""כת השטן"" בארץ בשחיטה של נער. האם אין בתזמון ובעיתוי הזוועתיים היקש מובהק לעלילת דם קלאסית? כאילו שיהודי, לצורכי פולחן, שוחט יהודי. ויהודים אומרים את זה בארץ-ישראל, במדינת ישראל. אני מודה שהקריקטורות האלה ממש שיגעו אותי. ומי צייר אותן? כתוב שם שקוראים לו עידו אמין. אבל זה נראה לי כמו אידי אמין - מי שכיתב את הטקסט שמלווה אותן, ומי שאחראי לחוברת שבה הן התפרסמו - נראים בעיני בעצמם כחברים ב""כת השטן"", שהרי המעשה הוא שטני. אין לי מלה אחרת. אינני חושד בכשרים, כאשר אני מבין שיש כאן מגמה ברורה של הסתה ועלילת דם, כדי לפגוע ביהדות ובמאמינים בה, וחובת הכנסת להגיב על כך בחומרה ולגנות את זה באופן החמור ביותר, גם כדי להגן על התקשורת שלנו מפני עצמה ומפני ההתנשאות שלה, וגם כדי להגן על קבוצת אזרחים מפני הסתה, השפלה ופגיעה, ועל מדינת ישראל מפני אנטישמיות עצמית. חומרת הדברים מחייבת ומצדיקה דיון על כך בכנסת. אני מצרף לפרוטוקול את הקריקטורה.

אני משבח את השר על הודעתו.",1
60751,"גברתי היושבת-ראש, חברי הכנסת, הצעת החוק הזאת, שהוכנה והוגשה לפני כשנה ויותר, איננה קשורה בפולמוס המתחולל עכשיו בעניין צאלים ב'. אישית, נובעת ההצעה מכמה מקרים טראגיים שאירעו לחיילים שאת הוריהם הכרתי. הורים שאיבדו את בנם לא באימונים, ולא במבצעים, אלא בקלות דעת בלתי נסבלת של מי שאמורים היו להיות אחראים, ובדרך של שטות לא נסלחת; ואין לכך שום קשר באשר להעזה של צה""ל ולהכנותיו למבצעים מיוחדים, ואין לכך שום קשר לנכונות ולנחישות של צה""ל בביצוע משימותיו הקשות והמפוארות. חיילים נהרגים, לכאבנו, בצה""ל בדרכים שונות. יש התאבדויות, יש תאונות דרכים. אלה נושאים כשלעצמם. נושא התאבדויות הטירונים, בהקשר של השפלות מבישות, צריך חקירה בפני עצמה. גם מסרתי לרמטכ""ל פרטים מסוימים על כך. נושא האימונים והמבצעים הוא נושא כאוב מאוד. להורים שכולים יש הרגשה שקשה לעקור אותה מלבם, שאין נעשה כאן דין צדק. ואילו הצבא טוען, שהוא המסוגל לעשות את הצדק טוב יותר, ואילו הוצאת המשפט מידי הצבא, לטענת הצבא, תפחית את נכונות המפקדים לאימונים ולמבצעים נועזים שנדרשים. אינני יודע, הדבר צריך הרבה עיון. יש פה שאלות קיומיות ומוסריות. אלו ואלו. תחושת ההורים מול טענות צה""ל - ראוי לדיון. אבל, אינני יכול להבין מדוע יתנגד הצבא, במקרים של רשלנות פושעת, כמו אי-גידור בורות שמסומנים במפה, או רולטת הרשת, שאין להם דבר עם איכותו של צה""ל, והם רק מוכיחים את חוסר האחריות של מי שאמורים להיות אחראים. מדוע לא תהיה תחושה להורים, שאין להם אמון בבדיקה פנימית, לנוכח ניסיונם, שנעשה אתם צדק - מדוע לא להתחשב באלה שאיבדו את היקר להם מכול במוות מיותר? מיותר, מיותר ונורא. סגן אמיר יקותיאלי, זכרו לברכה, סגן צנחנים צעיר, נפל באוקטובר 1988, תשרי התשמ""ט, לבור שמופיע במפה בבית-ג'וברין, שלא התריעו ולא הודיעו עליו לקצינים ולחיילים, והבור לא היה מגודר. הוא נהרג. אינני רוצה להיכנס כאן בכנסת לתוצאות של הבדיקה הצה""לית בעניין. כעבור שנתיים נהרג סמל בבית-הספר למכ""ים בנגב בנפילה לבור שלא סומן. שום לקח לא נלמד. שולמית מלט, זכרה לברכה, התאבדה על קבר בנה אמיר מלט, זכרו לברכה, שנהרג, או נרצח, ברולטת הרשת. היא הרגישה שלא נעשה כאן דין צדק בפשיעה הרשלנית. אף קצין אחראי לא ראה ולא ידע מה קרה שם. חברי הכנסת, אלה דוגמאות. וישנן עוד. הצדק צריך שייעשה וייראה. לדעתי, לממשלה ולצה""ל אין שום סיבה מוצדקת להתנגד להצעה לא גורפת זו, להצעה מצומצמת זו, שנוגעת לאובדן חיי אדם עקב קלות דעת ומשחק מופקר ומסוכן בחיי אדם, כפי שאירע ברולטת הרשת. לדעתי, התנגדות הממשלה וצה""ל להצעה זו שומטת את הקרקע מתחת האמון שיש לכולנו בצה""ל, שהרי גם צה""ל אמור להילחם בכל כוחותיו כדי ליידע את מפקדיו, והמפקדים צריכים לדעת שאסור להם לנהוג בסלחנות בכל גילוי מוקדם של תופעות פסולות כאלה; והן קיימות. גברתי היושבת-ראש, על מנת לעצור את הרשלנות והסלחנות כלפי אירועים כאלה, ראוי לאפשר חקירה משפטית עצמאית ובלתי תלויה, שתוכל לאתר סיבות, להפיק לקחים ולמצוא את האחראים. לפחות במקרים של קיפוח חיי אדם עקב משחק וקלות דעת, יש מקום שגם צה""ל יסכים לכך. נראה לי שהדבר יתרום משהו להרתעה ויחסוך בחיי החיילים, בלי שהוא יפגע בצה""ל כהוא זה, וייתן גם תחושה של צדק לאלה שנפגעו.

אני רוצה לומר לחברי, חבר הכנסת בני בגין: אילו אמרת שההצעה הלא-גורפת שלי, שאין לה שום קשר עם צאלים ב', ראוי שכן תיבחן כהצעה טרומית ברצינות בעוד שבועיים, כאשר תשכך הסערה, כדי שלא לקשור אותה עם הצעה גורפת יותר, שקשורה בנושאים נוספים, הייתי אומר שיש פה באמת יכולת לעשות את זה. אבל אני הרי יודע שעמדת הממשלה וצה""ל, ואולי גם דעתך הבסיסית, כמו שאמרת, היא, שבלי קשר לצאלים ובלי קשר לכל דבר אחר - אני רוצה מאוד שצה""ל לעולם לא ייפגע, וגם לא אוהב את ההתקפה על צה""ל, אבל אם יש דבר כל כך מצומצם, שלא קשור לא לנועזות של האימונים ולא לנחישות של המבצעים, אלא קשור לשטויות שבגללן נהרגים אנשים, ואומרים: גם את זה אני לא יכול לבדוק - אני אומר שצריך לאפשר להם זאת. אני אומר שהדבר הנכון, דווקא בזמן של התקפה גורפת בעניין צאלים, הוא לומר מה כן ומה לא. לפי דעתי, צריך להגיד כן בנושא הקטן הזה, ואז דווקא יגדל האמון בצה""ל.",1
61106,"זו שאלה לראש הממשלה. גברתי היושבת-ראש, חברי הכנסת, בעיתון ""מעריב"", בגיליון ""סופשבוע"", מתפרסם תחקיר, שלפיו אבטחת השגרירויות שלנו לקויה, במידה שאפשרה פיגועים, והמאבטחים נמצאים בסיכון חיים. ליקוי או מחדל שמתגלים - כך נכתב שם - מטויחים, כשנקודת המוצא היא שהמערכת איננה שוגה. אני מבקש לשאול: מה הם ממצאי משרד ראש הממשלה בנושא הזה?",1
61502,"גברתי היושבת-ראש, חברי הכנסת, האי-אמון של היום איננו אי-אמון פוליטי רגיל, הוא איננו רק אי-אמון של מפלגות. האזרחים שכואבים, חרדים, זועמים, שהתפרצו במקום האירוע, הם שמביעים אי-אמון. העם היהודי, האזרח הישראלי ברחוב, האמא שדואגת, הם מגישי האי-אמון. הממשלה יודעת זאת באופן הברור ביותר, כל אחד מחבריה מודע לאמת המדויקת הזאת, כי אתם המקבלים את הזעם ואת התגובות. רצינו למחות היום על ניתוק העם ממחוזות אבותיו, על הביטחון שמתערער, על סיכון חיי המתנחלים, על הפיכת ערי הארץ לערי ספר, על המרת גבולות בני-הגנה בגבולות מזמיני התקפה, על נטישת קבר רחל אמנו ושאר האתרים ההיסטוריים והמקומות הקדושים, על קריעת חלקים מריבונותה של ירושלים, על הסירוב לשאול את העם קודם חתימת ההסכם עם אש""ף - כולם טעמים כבדי משקל שמצדיקים הפלה של הממשלה והליכה אל העם. אבל הבוקר הכול נעשה מוחשי ומחוור. הכול מחוויר מול הרצח ההמוני שבוצע שוב על-ידי ה""חמאס"" באוטובוס ברמת-גן. כי מה יותר מהטבח הזה מעיד על התערערות הביטחון בלב הארץ ועל האשליה של מזרח תיכון חדש? המתים עדיין מונחים לפנינו, ולכן יהיו דברינו מאופקים לכבודם ולכבוד הפצועים שאנחנו מתפללים להבראתם. אני קורא לראש הממשלה, לחברי הממשלה ולחברי הכנסת, ברגע של כאב ושל אמת: הקשיבו לקולו של העם, האזינו לנהמת הלב של הציבור, שמעו את הקול שבוקע מלבו ומפיו של נשיא המדינה, שאיננו דובר האופוזיציה אלא סמל וביטוי למה שהעם מרגיש. עצרו, חשבו, השעו את השיחות עד לבירור מעמיק וחשבון נפש. העריכו מחדש, ובשום אופן אל תמשיכו במשא-ומתן תחת טרור רצחני.

זאת אני אומר, והנשיא מתבטא בהחלט באותה רוח.

בהחלט. אתה יודע מה? קבל את מה שהוא אומר. הממשלה חייבת להפסיק את השחרור ההמוני של האסירים. אני רוצה לומר לממלא-מקום ראש הממשלה ושר החוץ: לשיטתכם, שמבחינה בין שוחרי השלום של אש""ף - אנחנו חולקים על כך - למתנגדיו של השלום מה""חמאס"", תודיעו חד-משמעית, שלא תשחררו את אסירי ה""חמאס"" המודיעים שהם הם הרוצחים ברמת-גן. אנחנו מאמינים, שאש""ף וה""חמאס"" מחלקים ביניהם את העבודה שבין ה""טובים"" וה""רעים"", בקריצה. אבל אתם, שמאמינים בהבחנה, בזאת תיבחנו: תודיעו שלא ישוחררו אסירי ה""חמאס"", תודיעו גם שאינכם סומכים עוד על אש""ף שיטפל בטרור נגדנו בערים שעזבנו ובערים שהממשלה מתכוונת לעזוב. תודיעו שלא תיתנו ידכם לחממות לטרור ולערי מקלט למבוקשים. פקחו עין - האם נוח לאש""ף שה""חמאס"" יפגע בנו כאשר המשא-ומתן מתעכב כדי להלחיץ אותנו. חברי הכנסת, אנו דורשים מהממשלה לתבוע את הסגרת הרוצחים מוואדי קלט ומרמת-גן ואת כל 14 המבוקשים על רצח וגם את הסגרתו של הרוצח,""המהנדס"", יחיא עיאש, שמקלטו בעזה, וטביעות אצבעותיו בעפולה, בחדרה, בדיזנגוף, בבית-ליד, ועכשיו בוודאי גם ברמת-גן. אנו דורשים מהממשלה להתפכח מהאשליה שהמודיעין המסכל של רג'וב יעשה עבורנו את העבודה. הוא ידאג, כפי שהוא עושה, לטפל במתנגדי ערפאת ב""פתח"" ובמשתפי הפעולה עמנו נגדנו, ובשום אופן הוא לא יטפל ב""חמאס"". ובכלל, ההסכם אתו מעולם לא נדון בכנסת ולא הובא לאישור הבית, וחובת הממשלה לחשוף בפני הכנסת גם את המסמך וההסכם הרומאי הזה. גברתי היושבת-ראש, רציתי לדבר היום על קבר רחל אמנו המבכה על בניה, אבל אינני יכול. האבלות החדשה בבתים רבים דוחקת כאילו את האבלות הישנה, וליד הקבר עתיק היומין ייכרו מחר קברים חדשים של נפגעי רמת-גן. דמעות רחל מתערבבות בדמעות של כולנו. תוכיח הממשלה את רגישותה, תחבר את קבר רחל לירושלים, אל תפקיר אותו למי שהוא איננו שייך לו. תוכיח הממשלה את יושרה ותגיב על דברי הרשע והאיוולת של השרה אלוני. הרצח ברמת-גן מוכיח, מי הם פה הסרבים, מי הרוצחים ומי הקורבנות. מוטב היה אילו היתה הממשלה עצמה מבקשת את הכרעת העם. אבל מאחר שהיא איננה מתכוונת לכך, תחליט הכנסת שעל הממשלה ללכת.",4
62094,"אדוני היושב-ראש, חברי הכנסת, אדוני השר, הדיון היום איננו על השאלה מי טוב שיהיה אחראי מעכשיו לביטחון במוסדות חינוך, משרד החינוך, כמו שהיה עד כה, או המשטרה. הממשלה החליטה, וזאת ההחלטה. הדיון הוא על ידיעות מדאיגות שפורסמו בהרחבה - ב""מעריב"", במקרה, שם ראיתי אותן - - ולפיהן לא תהיה המשטרה מוכנה בראשית שנת הלימודים, בעוד כחודש, להגן באופן יעיל על בתי-הספר ועל גני הילדים מפני המחבלים. לא מוכנה, זאת אומרת, מבחינת האמצעים, הכלים, כוח האדם והפריסה, לרבות מקומות שהוגדרו על-ידי המשטרה כאזורי סיכון גבוה יותר. אדוני השר, אנחנו לא מעלים את הנושא כביקורת קנטרנית לשמה, אלא מדאגה עמוקה לילדים וכתביעה למשטרה ולמשרד החינוך להבטיח לנו, שביטחון ילדי הגנים ובתי-הספר הוא בראש דאגתם ושלא ייפתח מוסד חינוכי בלא שתהיה לו הגנה ראויה, מפני שהמחבלים אינם מרחמים על ילדי הגנים ובתי-הספר. חברי הכנסת, מדוע, כמו בהרבה מקרים שכבר עברנו, נחכה לאסון, חלילה, ולוועדת חקירה שלאחר מעשה? מדוע לא נקרא את הכתובת על הקיר, אם היא קיימת, ולא נשים לב ללוח הזמנים? מדוע לא נקדם את פני הרעה ונקדים תרופה כדי שלא תהיה מכה? עצם הפרסום על האי-מוכנות והידיעה שאיננו מוכנים הם פרצה שקוראת לטרור ואובדן של גורם ההרתעה וההתרעה ופיתוי למחבלים חורשי הרעה לבוא ולפגע. אדוני היושב-ראש, אני בטוח שכמו חברי הכנסת כך גם הממשלה מבינה שקיימת סכנה של הגברת הטרור בעקבות ההיערכות מחדש של צה""ל - מה שקרוי אוסלו ב' - ובנסיגה מהערים ובהפיכת ערי לב המדינה לערי ספר, ואם אכן הסיכון גובר מבחינת הטרור והיכולת לסכל נעשית קשה יותר ויותר, מתמיה מאוד העדר כיסוי מלא ובטוח להגנת מוסדות החינוך כולם לקראת פתיחת שנת הלימודים בעוד כחודש. אדוני השר, באמת ייתכן שיש יתרון לשמירה של המשטרה מבחינת הפיקוד, מבחינת המקצועיות והניסיון, אבל זה בתנאי שהמשטרה תראה זאת כמשימה עדיפה, בעדיפות גבוהה ביותר, עם מלוא האחריות שמתבקשת בנושא רגיש כל כך, ובתנאי שהממשלה גם כן מבינה שעליה לתת למי שמופקד על ביטחון ילדינו את מלוא המשאבים, האמצעים והכלים הדרושים לשמירה ולהגנה יעילות באמת. אני מסכם: אחת, מוסדות החינוך עלולים להיות אבן שואבת למחבלים ומטרה מועדפת לטרור רצחני; שתיים, עקב הנסיגה, שעלולה להתממש בחודשים האלה, עלולים לגדול סיכוני הטרור ויכולת הפיגועים של המחבלים; שלוש, על המשטרה להתחייב בפני הכנסת, שהיא לוקחת על עצמה את האחריות המלאה לביטחון בתי-הספר וגני הילדים ולהוכיח לנו ולציבור שאכן כך הדבר; ארבע, משרד החינוך אינו יכול לרחוץ בניקיון כפיו ולומר: זו אינה בעייתי. משרד החינוך אחראי לילדים. הוא חייב תשובה לוועדי ההורים שמודאגים, בצדק. משרד החינוך חייב להודיע שהוא משוכנע שהכול מובטח, ובזאת תהיה תלויה פתיחה טובה של שנת הלימודים. אני מסיים. עלינו למנוע בכל מחיר מצב של מחדל שעלול להביא להפקרה של ילדים, בלי אבטחה נאותה באמצעי מיגון, מאבטחים, ניידות סיור ובהיערכות בכלל, ואני פונה לשר המשטרה להודיע על תוכניות המשטרה ועל המוכנות בלוח הזמנים ועל האחריות שהיא מקבלת על עצמה, ועל הכנסת לדון על כך.

זאת הסיבה לכך שאני הקמתי ועדה ששינתה את השיטה.

על-פי ההחלטה של הממשלה שלנו.

לא, הוא שואל למה אתה צועק במרץ.

אני רוצה להגיד, שהשר ענה לי שלושה רבעים מהתשובה שלו לא על מה שאמרתי, אני לא התווכחתי אתו מי צריך לנהל את זה. אף-על-פי-כן אני מסכים אם בוועדת החינוך יתברר שהם מוכנים או לא מוכנים. זו השאלה.",1
63262,"סליחה, מי מינה את הממונה על מקצועות היהדות?

קודם כול, אני מיניתי את ועדת-שנהר.

אני מיניתי את ועדת-שנהר. חלק מחבריה נוספו במהלך הזמן, כשלא הייתי שר החינוך. המסקנות של חלק מחבריה, לא אנשים דתיים, כמו צבי צמרת ופרופסור שבייד - היו אמורים לנסח אותן. אבל כאשר רוח אחרת נשבה במשרד שינו את הטקסט שהם הגישו, והם כתבו זאת בעיתון ""הארץ"" במדור מכתבים. לא ארחיב את הדיבור על הסיבה למינוי ועדת-שנהר. אומר רק שאני לא חושב שיכול להיות, שהחינוך של רוב עם ישראל, של %70-%80 של עם ישראל, יהיה ברוח שלא יודעים יהדות בכלל. צריך על כן למצוא דרך להתמודד עם הדבר הזה. אנשים דתיים ולא דתיים היו חברים בוועדה, ועובדה היא ששנהר הסכימה לעמוד בראשה. אחרי שהתקבלו ההחלטות, לא זו בלבד שהן שונו, אלא שבמסיבת העיתונאים שנערכה על-ידי המשרד ניתן מסר - אם רוצים אפשר לנפח אותו, אף שהיה צדדי - האומר שהאורתודוקסיה תצא מבתי-הספר, דבר שלא היה במהות - - -

מותר שתי דקות. תן לי עוד קצת זמן.

כאשר הביאו את הדברים התקיימה מסיבת עיתונאים, ואותה מסיבת עיתונאים נסבה סביב השאלה איך להעביר את העניין אל הרפורמים ואל הקונסרבטיבים, כי אסור שהדתיים ייכנסו לבתי-הספר. גברת בשם ברנדס, הממונה בפועל על העניין במערכת, נדמה לי שהיא אשתו של הדובר - -

- - אמרה בכמה ראיונות את הדברים שאני אומר עכשיו, שצריך באמת להוציא את האורתודוקסיה - כך היא קראה לזה - מבתי= הספר, ולהכניס לשם את הארגונים שמתנגדים ליהדות בארץ, או את הרפורמים והקונסרבטיבים, שאין להם מה לעשות. עכשיו אני רוצה לומר עוד מלה לשר.

אני אומר, שאנשים ציונים דתיים בבתי-הספר נתנו יהדות לעולים ולאחרים. אפשר לבדוק ולראות במערכת שהם לא הטיפו והם לא אמרו: נעניש אתכם אם לא תקיימו את המצוות. הפחדות מהסוג הזה לא היו בכלל. הם האנשים שהנושא הזה מעניין אותם. הם האנשים שלמדו את הנושא, הם אלה שמעורים ויכולים לתת וללמד. ואם אתה אומר להם לצאת מזה, לא תקנה יהדות. כי אנשים שלא מתעניינים בעניין לא יוכלו ללמד אותו.

לצערי הרב, מעטים מאוד. תאמין לי שאני מכיר את הנושא לא פחות טוב מכל אחד אחר כאן.

השר צדק, לצערי, כאשר הוא אמר שפעם זה היה אחרת. נכון שבעבר היו מורים חילונים בעלי ידע עצום ביהדות, עם התעניינות גדולה ביהדות, אף שהם לא היו דתיים. היום כמעט שאין כאלה, אלא מעטים בלבד. היום רבים לא למדו ולא הולכים ללמוד זאת. אם רוצים שתהיה יהדות בבתי-הספר, אז תורידו את הטבו הזה. הפרופורציות שמסרת כאן אינן משקפות את מה שאתם עושים. שנו את הגישה. אני מציע מה שאתה בעצם רוצה - להסיר או להעביר לוועדה.",1
63382,"גברתי היושבת-ראש, חברי הכנסת - - -

מפני שלדיון הזה יש אופי חפוז כל כך; בנושא גורלי קשה מאוד לבטא בחמש דקות באופן אמיתי את הדברים.

לא. א. אני חושב שלא, כי אתם החלטתם כך בניגוד לאחרים.

אתה לא היית כאן. ודאי נעדרת לכמה דקות. וב. ראוי נושא זה שכל חבר כנסת יוכל להתבטא בו. גם זה נכון. אופי הדיון החפוז הזה בעניין יסודי כל כך ובעניין עקרוני כל כך מבטא את קלות הדעת שבה מתייחסת הממשלה לנושא. אין כאן רק דיון מדיני וטכני אלא יש כאן נסיגה ערכית שבה ארץ-ישראל נחשבת כנדל""ן ולא יותר, וחברון עיר ערבית בלי יחס לעיר דוד, מערת-המכפלה ורצח תרפ""ט. פשוט רוצים להיפטר מנחלת אבות. בחמש הדקות המוקצות אין טעם ואין זמן להידיין כאן אידיאולוגית, אפילו לא מדינית, אבל אני מבקש להעיר הערה אחת. הממשלה בועטת בעיטה גדולה בארץ-ישראל, היא מואסת בארץ חמדה בלי קשר למצב פוליטי או לתפיסה מדינית וביטחונית. ארץ-ישראל איננה מוקרבת בגלל איזה אילוץ או למען מטרה ותמורה כלשהן, היא נעזבת וננטשת בגלל הערכיות היהודית הייחודית שלה. הממשלה מנצלת הזדמנות כדי להיפטר ממה שמבטא ומייצג את היהדות שלנו ואת הציונות שלנו. אי-אפשר להסביר אחרת את דבריו של ראש הממשלה, שארץ-ישראל איננה קדושה, היא נדל""ן בלבד. מי שמזלזל כך בקדושת ארץ-ישראל מעיד שהוא מייצג ממשלה שאצלה אין הבדל בין בירוביג'ן - שהרי זאת ממשלה שנשענת על קומוניסטים - ואוגנדה לבין ישראל. הממשלה מתעלמת מרחשי לב של העם ואטומה כלפי רגשות המתיישבים. אפילו לא נקודת צער אחת, אפילו לא טיפה של התלבטות; הם חפים מהתחבטות, מדמעה. הרי זה לא נורמלי שמי שכורת, חס ושלום, רגל יצא בשירה ובריקודים. אפשר לקרוא את השמחה בפניהם ובהבעתם של שרי הממשלה. אפשר להרגיש בבירור את האטימות שהממשלה מגלה כלפי כל כאב שיש בעם. להגיד שהתנ""ך אינו מבטא את קדושת ארץ-ישראל זה להביא עלינו פורענות, להגיד שהממשלה מכבדת את מוסר הנביאים ולהשלים עם חברה של עמק אלכוהול ומסיבות אסיד ותרבות מדונה וקזינו, ששרים בממשלה מציעים, והימורים והרס המשפחה - זה לעג לרש. אתם בונים פה מדינה עצמאית שמשועבדת ברוחה לדברים שנוגדים את היהדות, מתייוונת. אתם בונים פה אוטונומיה יהודית כמובלעת בתוך מדינה פלשתינית. חברי הממשלה, אל תמהרו לשמוח.

אני מודה לך, חבר הכנסת דרעי, על ההערה הנכונה. אני מקבל אותה. אל תמהרו לשמוח. אל תסמכו על השלמה של חלק מהעם שעדיין לא יצא למחות. שימו לב לבחילה הנוראה שיש בעם נוכח הבעיטה הגדולה שלכם, מול מסיבת הסיום שאתם עורכים למדינת ישראל כמדינה יהודית וציונית.

מפני שהוא עדיין בבחילה. אתה תראה שיבוא. אני מדבר על ההסכם האחרון, שספק אם יצליח לשרוד ללא ייעוד יהודי וציוני, ייעוד בלי מרכאות. אלא אם כן לא תשרדו אתם בשלטון, והממשלה תתחלף ותתקן את עוולותיכם. חברי הכנסת, לבעוט בארץ-ישראל באמצעות ממשלת מיעוט ציונית, ברוב מניפולטיבי של קול אחד, של שניים שערקו, בהתכחשות להתחייבות של רוב חברי הממשלה לבוחרים ובלי לשאול את העם במשאל עם או בבחירות - זאת שערורייה שלא תיסלח. זה צפצוף ארוך על ארץ-ישראל ועל העם היהודי. זה גם יתפוצץ לכם בפנים פעמיים: עם הפלשתינים בדם ואש, לצערי, ועם היהודים בקרע ובשסע, בריב אחים ובבחירות. ממשלה יכולה לעשות טעות פוליטית, זה קורה. אבל כאן זה הרבה יותר חמור מכך. סתם רוצים להיפטר מארץ-ישראל, מיהדות ומציונות, רק משתמשים במונחים הפוכים. לזה קוראים מדינה יהודית. ועל כך תבואו למשפט ההיסטוריה.

אני לא חושב שאני מעמיד את עם ישראל מול ארץ-ישראל.

לא, לא. הדיון אז היה בנושא מצרים. הנושא היה מצרים ולא ארץ-ישראל. ושם אמרנו עם ישראל, תורת ישראל וארץ-ישראל - אלה שלושה עקרונות שאותם אנחנו רוצים, וכל פעם יש דגש בנושא אחר. הפעם הדגש הוא בארץ-ישראל.",5
63546,"על כך הצבענו כולם. זו הטעיה, חבר הכנסת רן כהן. על הסכם השלום עם ירדן הצביעו רוב חברי הכנסת, לכן כן אמרו זאת.

אדוני היושב-ראש, חברי הכנסת, יש טעם רב לאזכר בדיון המדיני היום את פירושו הראשון של רש""י לתורה, בפרשת ""בראשית"" שקראנו השבת, שמביא את תשובתו על שאלה של רבי יצחק. בתשובתו אומר רש""י, שזכות עם ישראל על ארץ-ישראל מבוססת על רצונו של בורא עולם ואיננה מתערערת בשל מאורעות ""היסטוריים"" חולפים. כשקוראים ברש""י נראה כאילו נכתבו הדברים עכשיו. שהרי גם היום, מבית ומחוץ, אומרים לנו על ארץ-ישראל שלנו ש""ליסטים אנחנו"" שכבשנו אותה, ואילו התורה אומרת לנו שסדר הבריאה מטרתו להצדיק את זכותנו, וטמון בו מסר אשר למחויבות שלנו ולמסירות שלנו לארץ-ישראל. כאן המקור המוסרי לבעלותנו על ארץ-ישראל ולמחויבות שלנו. אין זה נכון שלצד הערבים יש ערכי מורשת ומולדת ומדינה והיסטוריה, ולצדנו רק ביטחון, כמו שראש הממשלה נוהג לומר. לא נכון מה שאומר שר החוץ פעמים רבות, נדמה לי שגם היום, שמי שמסתמך על העבר מדבר על העבר. אני אומר, שאי-אפשר לבנות עתיד בהווה תלוש, תלוש מהעבר. ואם הוא ציטט את הרב קוק, הוא יוכל למצוא שם המון בהקשר זה. חברי הכנסת, ההסכם שנחתם עם אש""ף הוא הסכם בעל משמעות גורלית לעתיד העם והארץ. הממשלה רואה בו פתח לתקווה וסיכוי לשלום. אנחנו רואים בו סיכון ביטחוני קריטי ואסון לאומי. הסכם גורלי כל כך ושנוי כל כך במחלוקת בעם, ראוי היה שיבוא להכרעת העם כולו ולא ייחתם על-ידי ממשלה שנשענת, אתם יודעים, על בסיס צר ושברירי. המצדדים בהסכם היו מעדיפים לדעת שאינם כופים על העם סיכונים כואבים אלא מתחלקים אתו במשא האחריות הכבד, והשוללים אותו ידעו כי פתוחה הדרך לנסות לשכנע את הציבור בדרך דמוקרטית. זאת הדרך היחידה שטמון בה סיכוי למנוע קרע חריף שעלול לגלוש לריב אחים, בהעתקת המאבק מהשטח רווי האלימות למאבק דמוקרטי על לבו של העם. אילו היתה הממשלה מאוזנת, אחראית, שקולה, היא היתה צריכה להיענות לפנייה הזאת ולאפשר לכל אזרחי ישראל להביע את דעתם בסוגיה המכרעת הזאת באופן הוגן. הממשלה החליטה מה שהחליטה. הכנסת, ברוב של קול אחד, ואתם יודעים שהוא מניפולטיבי, אמרה את דברה. עכשיו תורו של העם לבטא את הרגשתו ואת דעתו. חשוב שידעו מנהיגי ישראל והעם בישראל והעולם כולו מה היא באמת עמדתו של העם שאת גורלו ואת גורל ארצו חורצים. הדבר חשוב גם לגבי לביצוע אוסלו ב', וחשוב שבעתיים לגבי אוסלו ג' שכבר רובץ לפתחנו. לשאול את העם, ממש מתבקש מהמצב. וכל מי שמתנגד לכך לא יכול לרחוץ בניקיון כפיו מפני שהוא הפקיר את מצבנו לריב אחים אלים. ההתנגדות לשאול את העם מוכיחה, שהממשלה לא מודאגת כל כך משסע בעם, היא לא רוצה בדיון ציבורי, היא לא רוצה בדיאלוג אמיתי בין חלקי העם, היא לא מתכוונת לשתף את הציבור הרחב בתהליך שעלול להוביל לתפנית לאומית היסטורית. אחריות כבדה מוטלת על הכנסת שלא לתת לשבור את הכלים. משאל עם או בחירות הם אמצעי הגון להידברות ולהכרעה הוגנת. אדוני היושב-ראש, המרכזיות שמעניקה הממשלה הזאת ל""לחם ושעשועים"", זאת אומרת להרוויח ולבלות, כעילות, כטעמים להכרח של שלום שכזה, באה על חשבון הריאליות והאי-מודעות למגבלות המציאות. זאת דרך פרימיטיבית מאוד למחוק מה שלא נוח במציאות שטופחת על הפנים. שגיאות גורליות יכולות לעבור בשלום במעצמות כארצות-הברית. אנחנו, עם כל הכבוד, איננו מעצמה כזאת. וההיפר-אקטיביות של הממשלה מסוכנת, מפני שהאלתור שלה באוסלו חורג מנורמות. הוא לא יוכל להצליח מפני שהוא מתעלם מהמציאות. הוא בנוי לא על תכנון קפדני אלא על קונצפציה ועל דוגמתיות. אנחנו עלולים להישרף באש של הקונצפציה ולטבוע במים של האלתור של ההסכם הזה. אם המלים אחריות ומחויבות אינן מלים גסות אצל הממשלה, ואם אין המוטיבציה של הממשלה בנויה על פינוק חולני ועייפות ומשיחיות שקר של מקסמי-שווא שאינם יכולים להתגשם - תנו לעם להחליט, ובכך תיבחנו.

אתה יודע שאת ""תרגום השבעים"" עשו 70 חכמים בנפרד, ויצא אותו דבר.",4
63723,"זה נכון, זה נכון, אבל תספור אותי.

זאת אומרת שאני יכול להיות בשב""כ.",1
63787,"אדוני היושב-ראש, חברי הכנסת, הצעת החוק הזאת מתכוונת לחזק את זכויות הזקנים שלנו, לכבד אותם ולסייע להם. אנחנו רואים יותר ויותר שהזקן סובל מספיק גם פיזית, גם נפשית, גם כלכלית. ככל שניתן להטרידו פחות ולהיטיב עמו יותר, ראוי לעשות זאת. ההצעה אומרת, שכל מוסד ציבורי, בתי-אבות ציבוריים הנתמכים על-ידי המדינה, בפיקוח משרד העבודה והרווחה, יאפשרו כשרות בתחומיהם, כדי שאנשים זקנים שרוצים לשמור כשרות לא יצטרכו להיטלטל לבתי-זקנים פרטיים ואחרים שיעלו להם יותר; אם רוב האנשים שם שומרי שבת, שיהיו תחומים כאלה שהם יוכלו ליהנות מהשבת גם בלי שתהיה מחוללת על-ידם. אני לא מבין למה הממשלה צריכה להתנגד להצעה כזאת. מדוע לא ראוי שתהיה חקיקה ראשית ולא משנית של רשות וחובה, אלא באמת לאפשר בכל בית-זקנים את האוכל הכשר, כפי שנוהגים במוסדות ציבור אחרים שבהם נמצאים אנשים דתיים ולא-דתיים? נדמה לי שזה יהיה לטובת הזקן ולא לרעת שום אדם אחר. אני פונה לכנסת ומבקשה לאשר את הצעת החוק.

כן. אני פונה עוד הפעם לכנסת וגם לממשלה להבחין קודם כול בין שני דברים: נושא הכשרות ונושא השבת. אדוני שר המשפטים, אם היית אומר לי שנושא הכשרות יכול להיות מוסדר ונושא השבת בעייתי, אולי, במוסדות מעורבים, הייתי מבין זאת. אבל מה מפריע בנושא הכשרות לאדם לא-דתי - והוא במיעוט בבית-אבות - לאכול אוכל כשר כדי שגם חברו המקפיד על כשרות יאכל אוכל כשר? אלא אם כן זאת לא בעיה של סטטוס-קוו, אלא אומרים: לא נאפשר לאנשים זקנים דתיים שרוצים לאכול אוכל כשר להיות במוסדותינו. אם תאמר שאתה מבחין, אני מוכן להציע אפילו שהסעיף הזה של השבת יידון בנפרד, אבל זאת אם אתם מסכימים לנושא הכשרות. לכן אני פונה לכנסת לאשר באופן עקרוני את הצעתי. אילו היית אומר שהממשלות החליטו בתקנות שלהן שאפשר להנהיג כשרות ושבת - בסדר, אבל הממשלות לא מחליטות ולא יחליטו על כך, אולי מאותם טעמים ונימוקים שנימקת. לכן אני פונה לכנסת לאשר את הצעת החוק.

אם תרשה לי, רק הערה אחת לדבריו של שר המשפטים.

זה בדיוק מה שהייתי מצפה גם משר המשפטים וגם מהממשלה, לא לומר שאם יש זקנים אחדים שרוצים לאכול כשר, הם יאכלו כמנודים, בפינת הבניין; הכול יהיה לא כשר, ויביאו להם מנות מחוממות מ""אל על"" כדי שהם יאכלו אותן, אלא שיהיו חלק מבית-האבות. לכן אני אומר, שנושא הזקנים אינו מוסדר בתקנות האלה, ואני פונה לכנסת לתת את דעתה לכך שראויים הזקנים שלנו לא לאכול בפינה אם הם אוכלים כשר, אלא לאכול יחד עם כולם.",1
63879,"גברתי היושבת-ראש, חברי הכנסת, אני גם מצטרף לדברי כל המשתתפים בדיון הזה ומקווה שהרצון הטוב שכולנו רוצים לגלות גם יתממש ויתגשם. אני לא רוצה לפרוס כאן רעיונות מדויקים איך אפשר ליצור אווירה חיובית, או איך אפשר למנוע אווירה שלילית בבחירות. מה שבטוח, שאין בעיה שעניינים אלימים או עניינים שוליים יקבלו הדגשה גדולה, וזאת חובה גם של הסכמה עם העיתונות וגם הסכמה עם המפלגות וגם הסכמה עם נוער. כלומר, שייענשו על-ידי הציבור אלה שינהגו מעבר לנורמות שדמוקרטיה ועדינות מצדיקות אותן. אני מקווה, שיושב-ראש הכנסת או גורמים אחרים בכנסת יוכלו לכנס את נציגי המפלגות לקראת השנה הקרובה על מנת להגיע להבנה בינינו וגם למצוא דרכים איך לממש אותה באופן נכון, כך שכל מיני דברים שיכולים להביא לאלימות או לפגיעות אישיות, כפי שיכול לקרות לנו מפני שיש מתח גם בנושאים שעומדים על הפרק, וגם מתח רגיל של בחירות - והפעם יהיו בחירות בנושאים רגישים מאוד וכואבים מאוד לאנשים - צריך לתעל את האווירה הרוויה באלימות, לתעל אותה להידברות ככל שניתן. אני מקווה שבדיון הזה, שאולי המשכו יהיה בכנסת, יימצאו דרכים לגייס את הכנסת כולה כדי לעשות את הדברים. תודה רבה.

אם מותר: יש סיפור על שני אנשים שרבים, ובסוף אחד אומר שכל העסק התחיל כאשר הוא החזיר לו סטירה.

זה נכון, זה נכון, אבל תספור אותי.

זאת אומרת שאני יכול להיות בשב""כ.",1
64620,סליחה. חשבתי שקראת לי לעלות לדבר.,1
64643,"אני מסכים משום שזה אתם. אבל זה לא בסדר שאני מחכה פה שעות.

אדוני היושב-ראש, חברי הכנסת, הדיון הזה, כמו דיונים רבים דוגמתו שנערכים בימים האלה, נוגע בעצבים רגישים שלנו, מפני שהוא עוסק במצב הנפשות שלנו, בעיקר של הצעירים שבנו והחינוך שלהם. ניצבות בפנינו שאלות רבות. אנחנו האמנו, אנחנו עדיין מאמינים, שיש לנו קהילה למופת, אבל הוכינו מכה קשה. נמצאה פגימה בשלמותנו. בקרב רבים מאתנו שוכנת תודעה של אשמה על שיכול היה לצאת גם מקרבנו רוצח מטורף שכזה. רבים מאתנו שואלים על השלמות הפגומה הזאת ובוחנים את עצמם. הרי היו לנו המון הצלחות חינוכיות. גדל נוער מצוין, מסור לערכים יהודיים, אנושיים, ציוניים. איפה לקינו או שגינו, שבתוך זה היה כזה שהפך לקין? כאשר אנחנו קוראים לעצמנו להקשיב - קשה מאוד לעשות זאת תחת אש צולבת מבית ומחוץ של כאלה - חלקם בתום לב, אבל רבים מהם בניצול ציני - המסתערים על כל המשנה, הדרך והמערכות שאין טובות מהן, גם אם בשוליהן כשל מישהו. במובן הזה אני מוצא את עצמי בין הפטיש ובין הסדן. אני מעריץ את הנוער הזה, את המחנכים שלו, שבהם לא נמצא מום. אבל אני מזועזע ממציאות מטורפת בשוליים, שהיתה נסתרת ממני ועשתה את הנורא מכול. אסור לחברה הישראלית כולה לשקוע עכשיו בייאוש, או להעמיק את הפערים והקיטוב שבתוכה. כשאני שומע לפעמים ביטויי שטנה מחלק מהדוברים, גם אם הם נקראים אמנים או סופרים, יש בכך הרבה הסתה והצתה, וטמון בהם זרע פורענות. אני משבח מאוד אחרים, שהכאב שלהם אדיר והזעם שלהם קיים, ובכל זאת הם יודעים להבחין בין יחיד שעשה את המעשה הנפשע ולא מתלהמים להיגרף בהאשמות גורפות, קולקטיביות. להיפך, הם רוצים בפיוס. אני פונה לחברי הכנסת, לכולנו, לא להעמיד פנים, לא לאחז עיניים, אלא בכנות למצוא דרך של סגנון ותוכן כאחד, שמתקנת את הדברים, לפנות קדימה ולצפות קדימה תוך הפקת לקחים ממה שקרה ולהתוות את הדרך לעתיד. חברי הכנסת, כולם, נבדוק את עצמנו אם באמת הזדעזענו, והעם יבחן אותנו עד כמה הפנמנו בתוכנו והטמענו בתוכנו את מה שקרה. את הדרך צריך לעשות ביחידות, כל אחד לעצמו, ויחד, כולנו יחד. איש לא נדרש לנטוש את העקרונות שלו, אבל כולם נדרשים להכפיף אותם לעקרונות של אחריות וסובלנות וערבות הדדית והכרעה דמוקרטית. עכשיו כבר מאוחר לגבי מה שקרה, אך לא מאוחר מדי לגבי העתיד, כיעד משותף וכחזון מאחד, המאפשרים לחיות יחד, בלי עימותים אזרחיים חריפים. הכנסת צריכה לגבש עיקרון שיקבע את הדרך וההתנהגות, שרק הם יהיו נסבלים בחברה היהודית הדמוקרטית שלנו. ויהיו כמה כללים בעיקרון הזה: שלא ננהג בסובלנות כלפי חסרי הסבלנות; שלא נטיל מגבלות על התבטאות חופשית, אלא אם כן יש בה סכנה מוחשית; שנחלוק על דעות ולא נדביק האשמות על בעלי הדעות, וכיוצא באלה. לסיום: הקושי לחיות בשלום עם שכנינו נראה היום קטן לעומת הקושי שבשלום פנימי, ועלינו להביא לכך שלא תהיה סתירה בין השניים. הבה נפעל כפי שראוי לזכרו של ראש הממשלה שנרצח, יצחק רבין, זיכרונו לברכה, וכפי שראוי לכולנו, גם כדי שהמכה הניצחת והכשל הנורא לא ישיגו את מטרתם הבלתי-מוסרית, הפושעת.",1
64935,"הייתי פעיל, אבל אני גם בוגר בר-אילן.

אדוני היושב-ראש, חברי הכנסת, קודם כול אני מצטער על ששר החינוך איננו יכול להיות כאן כדי להגן על אוניברסיטת בר-אילן מאפליה שרוצים לנהוג כלפיה. שר הביטחון, אני מבין שעכשיו הוא בישיבת מרכז מפלגת העבודה ובאופן מוצדק אינו יכול להיות כאן, אבל הוא חייב בתגובה על דברי נאצה שהודלפו מצה""ל נגד אוניברסיטת בר-אילן. אוניברסיטת בר-אילן, כמו שאמרו כאן הדוברים לפני, היא אוניברסיטה מצוינת, רחבת אופקים, משקפת ערכים, מיטב הנוער לומד ולמד בה ומיטב המדענים וההוגים בין מוריה ובוגריה, ועליה אומרים בממשלה כמה שרים: נפסיק לממן את המוסדות שלה, ועליה יגידו בצה""ל שקצינים לא יוסיפו ללמוד בה. האוניברסיטה איננה פוליטית, ודאי שאיננה קיצונית. אני לא יודע אם הוזכר כאן, ראש הממשלה המנוח, שנרצח ברצח הנורא והמתועב הזה, יצחק רבין, קיבל בשנה שעברה, דומני, תואר דוקטור של כבוד מבר-אילן. אינני בטוח, נדמה לי שגם מר פרס, מר בגין ועוד. אני פגשתי קצינים רבים שבגרו בבר-אילן, הם היו מאוד מרוצים גם מהרמה, גם מהאווירה, גם מהערכים וגם מההזדמנות לספוג, כמו שאמר הרב עזרן, גם ממדעי היהדות. עכשיו, כיוון שנמצא אדם אחד נורא שלמד שם - ועשה מעשה באמת בלתי נסלח - פוסלים את האוניברסיטה כולה? אני שומע לאחרונה דברים מאוד מדאיגים מבחינה אנושית, יהודית, ציונית. למשל, וזה דומה בעיני, ולא פחות חמור - לסגירת הצבא בפני קצינים דתיים ולוחמי איכות בצה""ל, שרבים מהם, אתם יודעים, בין הנופלים. הם חשודים עכשיו. ועדיין לא שמעתי ששר הביטחון או הרמטכ""ל ישתיקו את הקולות האיומים האלו. עכשיו, דווקא מצה""ל נשמעת הקריאה להחרים את בר-אילן. זו איננה אווירה של תיקון, חשבון נפש ואחדות שנדרשת. אני תמה, אם עד כדי כך תחדור הפוליטיזציה לצה""ל, מה קרה לנו ומה יקרה לנו? לכן הכנסת חייבת לקרוא לסדר לשר החינוך ולשר הביטחון על הקריאה הבלתי-אחראית הזאת. חברי הכנסת נלחמים על חופש הביטוי, חופש המקצוע, חופש הלימוד, חופש הדעה, המדע, האקדמיה. אל ניתן ידנו לשיסוי ולהסתה נגד ציבור שלם או נגד מוסד שלם. אגב, אני לא זוכר אם הזכירו זאת כאן הדוברים לפני, קראתי שנשיא האוניברסיטה מסר אתמול ליושבת-ראש ועדת החינוך של הכנסת, שהאוניברסיטה פנתה למשטרה או לשב""כ בתלונות רבות על חומר הסתה שהופץ באוניברסיטה ביוזמתו ובחתימתו של אבישי רביב, ואף אחד לא טיפל בזה. עכשיו כבר לא צריך לשאול למה. אני מציע שהכנסת תקבל על דעת כולנו החלטה כדלקמן: 1. הכנסת דוחה בתוקף הסתה והטחת האשמה גורפת וקולקטיבית נגד ציבור שלם ונגד מוסד שלם. 2. הכנסת דוחה בתוקף את הקריאות בצה""ל שלא לשלוח קצינים ללמוד באוניברסיטת בר-אילן, והיא קוראת לשר הביטחון ולשר החינוך לנזוף בגורמים בצה""ל שקוראים זאת ולדאוג לכך שקצינים ימשיכו ללמוד גם בבר-אילן. 3. הכנסת מביעה אמונה באוניברסיטת בר-אילן ובדרכה.",1
64966,"אנחנו ביקשנו להיכנס לממשלה?

עשר דקות כמו של חבר הכנסת פורז.

אדוני היושב-ראש, חברי הכנסת, הממשלה הזאת מוקמת בעקבות הרצח המטורף והמתועב של ראש הממשלה יצחק רבין, זכרו לברכה. מבחינה זאת אנחנו מצויים במשבר עמוק ביותר, ונגזר עלינו לצעוד במסלולים שמעולם לא דרכה בהם רגלנו קודם. האם נחזור ללהט המתלהם שבין שמאל לימין, שהוחרף מאוד, או שנדע ליצור אווירה של פיוס והידברות גם תוך חילוקי דעות? בשלב זה הציפיות מכזיבות, אבל ימים ומנהיגים יגידו אם אומנם בעתיד נדבר ונקשיב, כדי להשתכנע ולשכנע, או נמשיך כל אחד לדבר עם עצמו ואל ציבורו בלבד. חברי הכנסת, ההתמודדות האמיתית על הנושאים המדיניים והביטחוניים הקיומיים שבמחלוקת תיקבע ותוכרע בדרך דמוקרטית בבחירות שיתקיימו בעוד שנה. אז נתמודד, כדי שאמונתנו אשר לשאלות הנוגעות לארץ-ישראל ולביטחונה תזכה לתמיכת הציבור בבחירות. נקווה גם שנזכה, שתהיה זאת שנת בחירות אחרת, באווירה של הבנת איש את רעהו, שהיא מוסרית יותר מאשר תובנתית, אבל היא התובנה הגדולה של עמנו וארצנו. בלעדיה לא נוכל לחיות יחד, והסכנה תהיה ממשית. חברי הכנסת, המפד""ל לקחה ברצינות את דברי הכיבושין של כולם - שצריך לבלום את ההידרדרות לתהום, לעצור את ההסלמה באלימות - בכנות, אולי בתמימות. לא ביקשנו מאיש לנטוש את עקרונותיו, ואף אנחנו לא ויתרנו על אמונתנו, אבל הצענו להכפיף אותם לעקרונות של הכרעה דמוקרטית, של הסכמה רחבה ושל ריסון התנהגות שאינה נסבלת. גם בדעת הקהל שלנו יש שלא אהבו את הניסיון שלנו למצות בשנה הזאת את המכנה המשותף הניתן בין המחנות, וחברים תובעים לחדד את המחלוקת ולחזור אל המאבק שאיננו רואה יעדים משותפים בחיי העם. אבל אנחנו היינו סבורים, שמשמעות דחייה של הניסיון הזה היא, שאי-אפשר לחיות יחד בהסכמה, גם בנושאים שאין בהם הסכמה. לא ביקשנו לקבל כיסא מכיסאות הממשלה, לא כיבוד מכיבודיה ולא נתחים מהנאותיה. רק הצענו רגיעה ויציבות במאבק הפרלמנטרי בשנה הזאת, תוך הבנה מצד הממשלה שההסכם עם סוריה ייחתם רק לאחר הכרעת העם בבחירות הבאות; שהשלב הבא של ההיערכות ביהודה ושומרון, שהממשלה התחייבה עליו, לא יגובש שלא על דעתנו, ושבירושלים המאוחדת תימשך הבנייה ותימנע פעילות של הרשות הפלשתינית - -

- - שוועדה מיוחדת תגבש את כל הפתרונות למרכיבי ביטחון והתיישבות של כל ההתנחלויות, המתחייבים מהנסיבות החדשות בשטח; וכן שוועדה מיוחדת תעסוק בסטטוס-קוו בענייני דת, למשל בנושא הגיור, במגמה לשמור על אופיה היהודי של המדינה. כפי שנמסר לנו, הרי לשר ביילין, לחבר הכנסת רענן כהן ולראש הממשלה פרס, שדיברו אתנו בנושא, נראו הדברים, אבל מי שמייצג היום בכנסת %10 מהציבור - ועל-פי הסקרים ייצג הרבה פחות מכך לאחר הבחירות, חצי מזה - הטיל וטו.

כמה שיהיה לו. פירוש הדבר, שמיעוט שמאלני ואתאיסטי כפה את עצמו על מפלגת השלטון, ועל גבה של תנועת העבודה מציג את עצמו כאילו הוא מייצג חצי מהעם או את הרוב בכנסת. אני יודע שהגוף הזה מתוקשר היטב, אין לו בעיה לחרוץ לשון, אבל אני אומר בפירוש, שהוא לא הפנים את הלקחים של מה שקרה ואת הקיטוב וסכנותיו. ואני אומר זאת בלשון המעטה, שלא תזכה כמובן לסיקור, רק משום רוח הלקחים שכולנו התיימרנו להפיק אותם. אדוני היושב-ראש, מפלגת העבודה ניצבת על פרשת דרכים, והיא צריכה להחליט האם פניה לבניית גשר עם כל חלקי העם, לרבות אי-חיפזון ואי-חטיפה במהלכים קיומיים, והשארת העיקר להכרעה עדכנית של העם בבחירות, וכן מאמץ להסכמה רחבה יותר. אגב, ראיתי אתמול בתוכנית טלוויזיה את המשורר שחיבר את ""שיר השלום"", והוא אמר: עכשיו חיברתי שיר נוסף שיושר, על ספינת השוטים. הוא אמר: אני בעד השלום, אבל אני נגד זה שלא יתחשבו בחלקים אחרים בעם, והוא ייעשה רק בעשייה של מחנה אחד. אני אומר: צריך מאמץ להסכמה רחבה יותר, ולא להסתפק בלהיות מחנה אחד של מחצית הציבור. כפי שמסתמנים הדברים ברגע הזה, העבודה מחמיצה את השעה לאפשרות של איחוי קרעים בעם, והדברים תלויים בהנהגה שלה. אני אומר זאת, כי ראש הממשלה, מר פרס, נמצא כאן - האם תתעשת ותבין, שהשנה הזו היא שנת המבחן שלכם, להביא שלום בתוך העם ולרפא את הפצע, או שמרצ תקבע מה שיקרה כאן? חברי הכנסת, קווי היסוד של הממשלה הזאת אינם מקובלים עלינו. כבר הבהרנו, ודעתנו לא השתנתה, שבתהליך אוסלו יש הימור מסוכן, וכל הכרוך בו אשר להסדר הקבע, למדינה הפלשתינית, לאמנה הפלשתינית, לזכות השיבה, לגבולות 47', לירושלים וגם לעניין הגולן ממלאים את לבנו חששות וחרדות אשר לעמדת הממשלה, אם היא נשענת על מרצ. אבל ההכרעה האמיתית על לבו של העם תהיה בבחירות שלפנינו. שמעתי אתמול את הנסיכה דיאנה אומרת: אני לא רוצה להיות מלכת הארץ הזאת, אני רוצה להיות מלכת הלבבות של בני העם הזה.

אם מישהו אמר משפט נכון, מדוע לא?

קבל את דבריו של בנו של הרמב""ם, שאמר: קבל האמת ממי שאמרה. כל זה לא כתוב לי; דרך אגב נזכרתי במה שהיה אתמול. מאחר שההכרעה האמיתית על לבו של העם תהיה בבחירות שלפנינו, ומאחר שרצינו באווירה של פיוס, רצינו לתת סיכוי להידברות הזו מעבר לחילוקי הדעות, לא בדרך של הצטרפות לממשלה אלא בהיבט לאומי, חברתי ומדיני אחראי. לגבי המהלכים המדיניים, ראש הממשלה, הממשלה איננה יכולה להתעלם מקיומה של התיישבות שורשית גדולה ביש""ע ובגולן. לא תוכלו להתעלם מהעובדות, ואינכם רשאים גם להתעלם מהבעיות הקשות שבדרך, שהתשובות עליהן אינן פשוטות כל כך. העם ישפוט אתכם בעוד שנה גם לפי התנהגותכם בשנה זאת: האם בשאלות קיומיות הסתפקתם ברוב מצומצם של מחנה אחד, או שניסיתם בכנות לקבל הסכמה רחבה יותר למהלכים. חברי הכנסת, אף שאין קווי היסוד של הממשלה מקובלים עלינו, אף שמגמות הממשלה כפי שהוכיחה מרצ אינן מקובלות עלינו, ושום עלה תאנה לא יכסה על כך - אף-על-פי-כן לא נצביע היום נגד הממשלה, וזאת מסיבה אחת בלבד: כהתרסה, כמחאה, כהתנגדות נחרצת לרצח הנורא שקרה, כדי לומר קבל עם ועולם שאנחנו כולנו מצהירים ומסכימים שלא תוחלף ממשלה בישראל בירי, רק בקלפי, ושערכים של קדושת חיי אדם ושל אחדות עם ישראל לעולם לא יהיו בסתירה לערך של ארץ-ישראל. לכן, כאמור, נימנע היום בהצבעה.",4
65024,"אנחנו ביקשנו להיכנס לממשלה?

עשר דקות כמו של חבר הכנסת פורז.

אדוני היושב-ראש, חברי הכנסת, הממשלה הזאת מוקמת בעקבות הרצח המטורף והמתועב של ראש הממשלה יצחק רבין, זכרו לברכה. מבחינה זאת אנחנו מצויים במשבר עמוק ביותר, ונגזר עלינו לצעוד במסלולים שמעולם לא דרכה בהם רגלנו קודם. האם נחזור ללהט המתלהם שבין שמאל לימין, שהוחרף מאוד, או שנדע ליצור אווירה של פיוס והידברות גם תוך חילוקי דעות? בשלב זה הציפיות מכזיבות, אבל ימים ומנהיגים יגידו אם אומנם בעתיד נדבר ונקשיב, כדי להשתכנע ולשכנע, או נמשיך כל אחד לדבר עם עצמו ואל ציבורו בלבד. חברי הכנסת, ההתמודדות האמיתית על הנושאים המדיניים והביטחוניים הקיומיים שבמחלוקת תיקבע ותוכרע בדרך דמוקרטית בבחירות שיתקיימו בעוד שנה. אז נתמודד, כדי שאמונתנו אשר לשאלות הנוגעות לארץ-ישראל ולביטחונה תזכה לתמיכת הציבור בבחירות. נקווה גם שנזכה, שתהיה זאת שנת בחירות אחרת, באווירה של הבנת איש את רעהו, שהיא מוסרית יותר מאשר תובנתית, אבל היא התובנה הגדולה של עמנו וארצנו. בלעדיה לא נוכל לחיות יחד, והסכנה תהיה ממשית. חברי הכנסת, המפד""ל לקחה ברצינות את דברי הכיבושין של כולם – שצריך לבלום את ההידרדרות לתהום, לעצור את ההסלמה באלימות – בכנות, אולי בתמימות. לא ביקשנו מאיש לנטוש את עקרונותיו, ואף אנחנו לא ויתרנו על אמונתנו, אבל הצענו להכפיף אותם לעקרונות של הכרעה דמוקרטית, של הסכמה רחבה ושל ריסון התנהגות שאינה נסבלת. גם בדעת הקהל שלנו יש שלא אהבו את הניסיון שלנו למצות בשנה הזאת את המכנה המשותף הניתן בין המחנות, וחברים תובעים לחדד את המחלוקת ולחזור אל המאבק שאיננו רואה יעדים משותפים בחיי העם. אבל אנחנו היינו סבורים, שמשמעות דחייה של הניסיון הזה היא, שאי-אפשר לחיות יחד בהסכמה, גם בנושאים שאין בהם הסכמה. לא ביקשנו לקבל כיסא מכיסאות הממשלה, לא כיבוד מכיבודיה ולא נתחים מהנאותיה. רק הצענו רגיעה ויציבות במאבק הפרלמנטרי בשנה הזאת, תוך הבנה מצד הממשלה שההסכם עם סוריה ייחתם רק לאחר הכרעת העם בבחירות הבאות; שהשלב הבא של ההיערכות ביהודה ושומרון, שהממשלה התחייבה עליו, לא יגובש שלא על דעתנו, ושבירושלים המאוחדת תימשך הבנייה ותימנע פעילות של הרשות הפלשתינית – –

– – שוועדה מיוחדת תגבש את כל הפתרונות למרכיבי ביטחון והתיישבות של כל ההתנחלויות, המתחייבים מהנסיבות החדשות בשטח; וכן שוועדה מיוחדת תעסוק בסטטוס-קוו בענייני דת, למשל בנושא הגיור, במגמה לשמור על אופיה היהודי של המדינה. כפי שנמסר לנו, הרי לשר ביילין, לחבר הכנסת רענן כהן ולראש הממשלה פרס, שדיברו אתנו בנושא, נראו הדברים, אבל מי שמייצג היום בכנסת 10% מהציבור – ועל-פי הסקרים ייצג הרבה פחות מכך לאחר הבחירות, חצי מזה – הטיל וטו.

כמה שיהיה לו. פירוש הדבר, שמיעוט שמאלני ואתאיסטי כפה את עצמו על מפלגת השלטון, ועל גבה של תנועת העבודה מציג את עצמו כאילו הוא מייצג חצי מהעם או את הרוב בכנסת. אני יודע שהגוף הזה מתוקשר היטב, אין לו בעיה לחרוץ לשון, אבל אני אומר בפירוש, שהוא לא הפנים את הלקחים של מה שקרה ואת הקיטוב וסכנותיו. ואני אומר זאת בלשון המעטה, שלא תזכה כמובן לסיקור, רק משום רוח הלקחים שכולנו התיימרנו להפיק אותם. אדוני היושב-ראש, מפלגת העבודה ניצבת על פרשת דרכים, והיא צריכה להחליט האם פניה לבניית גשר עם כל חלקי העם, לרבות אי-חיפזון ואי-חטיפה במהלכים קיומיים, והשארת העיקר להכרעה עדכנית של העם בבחירות, וכן מאמץ להסכמה רחבה יותר. אגב, ראיתי אתמול בתוכנית טלוויזיה את המשורר שחיבר את ""שיר השלום"", והוא אמר: עכשיו חיברתי שיר נוסף שיושר, על ספינת השוטים. הוא אמר: אני בעד השלום, אבל אני נגד זה שלא יתחשבו בחלקים אחרים בעם, והוא ייעשה רק בעשייה של מחנה אחד. אני אומר: צריך מאמץ להסכמה רחבה יותר, ולא להסתפק בלהיות מחנה אחד של מחצית הציבור. כפי שמסתמנים הדברים ברגע הזה, העבודה מחמיצה את השעה לאפשרות של איחוי קרעים בעם, והדברים תלויים בהנהגה שלה. אני אומר זאת, כי ראש הממשלה, מר פרס, נמצא כאן – האם תתעשת ותבין, שהשנה הזו היא שנת המבחן שלכם, להביא שלום בתוך העם ולרפא את הפצע, או שמרצ תקבע מה שיקרה כאן? חברי הכנסת, קווי היסוד של הממשלה הזאת אינם מקובלים עלינו. כבר הבהרנו, ודעתנו לא השתנתה, שבתהליך אוסלו יש הימור מסוכן, וכל הכרוך בו אשר להסדר הקבע, למדינה הפלשתינית, לאמנה הפלשתינית, לזכות השיבה, לגבולות 47', לירושלים וגם לעניין הגולן ממלאים את לבנו חששות וחרדות אשר לעמדת הממשלה, אם היא נשענת על מרצ. אבל ההכרעה האמיתית על לבו של העם תהיה בבחירות שלפנינו. שמעתי אתמול את הנסיכה דיאנה אומרת: אני לא רוצה להיות מלכת הארץ הזאת, אני רוצה להיות מלכת הלבבות של בני העם הזה.

אם מישהו אמר משפט נכון, מדוע לא?

קבל את דבריו של בנו של הרמב""ם, שאמר: קבל האמת ממי שאמרה. כל זה לא כתוב לי; דרך אגב נזכרתי במה שהיה אתמול. מאחר שההכרעה האמיתית על לבו של העם תהיה בבחירות שלפנינו, ומאחר שרצינו באווירה של פיוס, רצינו לתת סיכוי להידברות הזו מעבר לחילוקי הדעות, לא בדרך של הצטרפות לממשלה אלא בהיבט לאומי, חברתי ומדיני אחראי. לגבי המהלכים המדיניים, ראש הממשלה, הממשלה איננה יכולה להתעלם מקיומה של התיישבות שורשית גדולה ביש""ע ובגולן. לא תוכלו להתעלם מהעובדות, ואינכם רשאים גם להתעלם מהבעיות הקשות שבדרך, שהתשובות עליהן אינן פשוטות כל כך. העם ישפוט אתכם בעוד שנה גם לפי התנהגותכם בשנה זאת: האם בשאלות קיומיות הסתפקתם ברוב מצומצם של מחנה אחד, או שניסיתם בכנות לקבל הסכמה רחבה יותר למהלכים. חברי הכנסת, אף שאין קווי היסוד של הממשלה מקובלים עלינו, אף שמגמות הממשלה כפי שהוכיחה מרצ אינן מקובלות עלינו, ושום עלה תאנה לא יכסה על כך – אף-על-פי-כן לא נצביע היום נגד הממשלה, וזאת מסיבה אחת בלבד: כהתרסה, כמחאה, כהתנגדות נחרצת לרצח הנורא שקרה, כדי לומר קבל עם ועולם שאנחנו כולנו מצהירים ומסכימים שלא תוחלף ממשלה בישראל בירי, רק בקלפי, ושערכים של קדושת חיי אדם ושל אחדות עם ישראל לעולם לא יהיו בסתירה לערך של ארץ-ישראל. לכן, כאמור, נימנע היום בהצבעה.",4
65865,"אדוני היושב-ראש, סגן השר, בארץ מצויים 5,000 חולי צהבת מסוג B, מחלת מין שמידבקת יותר מאיידס ועשרות מתים ממנה בשנה ורבים אחרים נשאים. למרות זאת, כך נמסר, משרד הבריאות, משיקולים של ""עלות מול תועלת"", איננו מחסן בני-נוער בקבוצת הסיכון. אני אבקש לשאול: מדוע אין משרד הבריאות מחסן מפני צהבת מסוג B לפני שתהפוך מגפה?

אני מבקש לשאול בהמשך: מאחר שהמחלה נראית מאוד מסוכנת, האם יש צעדים כלשהם שמשרד הבריאות נוקט בהם כדי שלא תהיה השפעה שלילית מהסביבה שלנו? האם יש קשר עם המדינות סביבנו, עם הרשות הפלשתינית, עם כולם, כדי להתמודד יחד בנושא הזה?",1
65868,"אני מבקש לשאול בהמשך: מאחר שהמחלה נראית מאוד מסוכנת, האם יש צעדים כלשהם שמשרד הבריאות נוקט בהם כדי שלא תהיה השפעה שלילית מהסביבה שלנו? האם יש קשר עם המדינות סביבנו, עם הרשות הפלשתינית, עם כולם, כדי להתמודד יחד בנושא הזה?",1
65888,"היות שאני לא זוכר את סעיף 3, ובכלל, אינני יודע איזו צורה של תשובה זאת, האם אתה מוכן, כבוד השר, לומר בכל זאת אם אתם אומרים בפירוש שירושלים תהיה אך ורק בירת ישראל ולא בירה של מישהו אחר?",1
65892,"היות שאני לא זוכר את סעיף 3, ובכלל, אינני יודע איזו צורה של תשובה זאת, האם אתה מוכן, כבוד השר, לומר בכל זאת אם אתם אומרים בפירוש שירושלים תהיה אך ורק בירת ישראל ולא בירה של מישהו אחר?",1
65896,"זאת אומרת, שבכל התהליך של אוסלו הפלשתינים לא התחייבו כלל על כך שהם מכירים אפילו בגבולות של 1948?

במה הכירו הפלשתינים תמורת ההסכם?

כלומר, החלטתם להתיש אותנו בקריאה של מה שאתם כותבים.",3
65899,"זאת אומרת, שבכל התהליך של אוסלו הפלשתינים לא התחייבו כלל על כך שהם מכירים אפילו בגבולות של 1948?

במה הכירו הפלשתינים תמורת ההסכם?

כלומר, החלטתם להתיש אותנו בקריאה של מה שאתם כותבים.",3
65969,אנחנו מקבלים כל סידור שיהיה כפי שהצעת.,1
65986,"לא, לא מתוך הנימוס. האם יודעים מתי הוא מגיע?

אין בעיה. אני רק עומד להעיר כמה הערות ורציתי שסגן שר הביטחון ישמע אותן ויתייחס אליהן, לא בתור נימוס, אלא ממש לגופו של עניין.

לא, אני לא עושה זאת כמחאה.

כן, נחכה דקה, ואם הוא לא יגיע, אני אתחיל.

רק אם הוא כאן בבניין. אם איננו כאן, אני אתחיל, אין לי בעיה.

אני מודה לך מאוד. אני באמת שמח שאתה היושב-ראש.

לא, דחו את זה, שינו את הסדר.

אדוני היושב-ראש, חברי הכנסת, עד עכשיו לא ניתנה לי הזדמנות לברך את חבר הכנסת אורי אור, סגן שר הביטחון, מדוכן הכנסת על מינויו; היתה לי הזדמנות לעשות זאת בוועדת החוץ והביטחון, אבל לא במליאה. אני בטוח, שהניסיון הרב שלו, גם כאלוף וגם כיושב-ראש ועדת החוץ והביטחון, יסייע לו בתפקיד, לטובת כולנו, כל עם ישראל. בהצלחה. מה שקרה בג'נין ובקבטיה ומה שקרה הלילה בשכם - אני לא יודע באיזו שעה קרו הדברים - מדליק בוודאי נורות אדומות לגבי התחלת התהליך, לגבי מה שקורה ביהודה ושומרון עם הנסיגה שלנו מהערים. אני לא יודע לצטט במדויק, אבל נדמה לי שסגן שר הביטחון, חבר הכנסת אורי אור, אמר משהו בדומה לזה, שאם דברים כאלה יישנו, לא תהיה לנו ברירה אלא לחזור לערים האלה. על כך אני רוצה לומר שני דברים. ראשית, אזור יהודה ושומרון, שלא כמו עזה, צמוד מאוד לקו התפר לאורך קילומטרים רבים, והעירוב של האזרחים פה ושם וחיילים ואנשים מכל העמים הוא מאוד קשה וחזק. לכן הסכנה ביישובים שנמצאים בקו התפר גדולה מאוד לגבי ביטחונה של מדינת ישראל. לכן חשוב מאוד וחיוני מאוד, שהממשלה תאמר לכנסת ולציבור מה היא מתכננת עם היציאה מהערים, כדי להבטיח את ביטחון היישובים שלנו וכדי שלא יישנו מקרים מאותו סוג שקרה כאן. נקודה מספר שתיים - מה שקרה כאן הוא בושה עצומה. היה מבוקש, אנחנו עדיין במקומות האלה, והם ממלטים את המבוקש באיזה תכסיס, ומי עושה את הדבר הזה? ""ניצי הפתח"", שזה, בעצם, חלק מה""פתח"" שהוא אתנו בהסכם. אני אומר, שה""פתח"", או אש""ף לא ימנע פעולות טרור אם הוא לא ידע שהוא חייב לשלם מחיר עבור זה. אם אש""ף בטוח שמדינת ישראל חסרת אונים והיא אומרת: אני דוגמטית, צמודה למה שאני התחייבתי, אבל אתה לא צמוד למה שאתה התחייבת, יש סכנה גדולה מאוד ממה שיקרה בהמשך התהליך מבחינת הטרור שבו, מבחינת ההתנפלות עלינו. אני אומר, שהעניין הזה של הענישה על מה שקרה, התגובה, חשוב מאוד, כלומר, חשוב מאוד שהממשלה תאמר באופן חד-משמעי לכנסת, לציבור, לאש""ף: אנחנו כן אומרים לכם - לא מסיבות של ניצול המצב כדי להפר את ההסכם, או כאילו האופוזיציה תמיד אומרת שיש לעצור את התהליך. אני אומר, שמבחינתכם אתם צריכים להבטיח את הביטחון. אתם, כלומר ממשלתנו צריכה לומר לאש""ף, שאם הדברים האלה יימשכו, או אם יקרה דבר כזה - אתם תשלמו את המחיר, היינו, גם בנושא המדיני; לא יכול להיות שרק בנושא הצבאי - גם בנושא הצבאי וגם בנושא המדיני. לכן יש חשיבות גדולה מאוד שהכנסת תדון בנושא וסגן שר הביטחון יאמר לנו בשם הממשלה מה קרה, מה התגובה, איך אתם מתכוננים ואיך אתם, על בסיס מקומי, אזורי, ארצי, מבטיחים שדבר זה לא יקרה עוד - גם דרך החיוב של אש""ף להתמודד עם זה עד כמה שהוא מסוגל, אבל לפחות שיהיה מוכן, יתאמץ ונכון לעשות זאת, וגם מבחינת צה""ל - מה אתם מוכנים לעשות כדי שדברים כאלה לא יישנו, גם לגבי העבר וגם לגבי העתיד. תודה.",4
66092,אנחנו מקבלים כל סידור שיהיה כפי שהצעת.,1
66536,"אדוני היושב-ראש, חברי הכנסת, במוצאי שבת נפגעו ליד נווה-דניאל שבגוש-עציון יונתן מושיץ, תושב אפרת, ובתו ליאור. הפיגוע החמור של ירי לשם רצח על מכונית נוסעת בדרך מירושלים לאפרת מצטרף לשורה של פיגועים שהסלימו והלכו בתקופה האחרונה. אם עד כה היה ניתן לצפות לתגובה מהירה ויעילה של צה""ל, אשר יתחקה אחר עקבות מבצעי הפיגועים ויניח עליהם את ידו, הרי לאחר יציאת צה""ל מבית-לחם, מרמאללה, מג'נין, משכם, מקלקיליה ומטול-כרם והוצאת מערכות השב""כ והמודיעין מערים אלה, יהפכו ערים אלה לערי מקלט ומסתור למחבלים, והן עלולות לעודד בכך את המשך הטרור ואפילו את הגברתו. חברי הכנסת, הכול יודעים, כי בבית-לחם, ברמאללה, בשכם ובג'נין מצויים גרעינים קשים של אנשי ה""חמאס"" ו""הג'יהאד ה""אסלאמי"", המתכננים פיגועים קשים הן כנגד ציבור המתיישבים ביהודה ובשומרון והן כנגד האוכלוסייה היהודית בכל רחבי הארץ, ובעיקר בערי תפר כירושלים, כפר-סבא ועפולה. אדוני היושב-ראש, הרשות הפלשתינית איננה מסוגלת - אינני יודע כמה היא רוצה - להתמודד עם קבוצות טרור אלו, שזוכות לאהדה בקרב חלק ניכר מן האוכלוסייה בערים אלו, ועל-פי הניסיון עד כה, היא מסתפקת במשפטי דמה ובעונשים סמליים שמבוטלים תוך זמן קצר. גם אם לא יסלים הטרור בימים אלה, שבהם מקבלים הפלשתינים את מבוקשם, הרי ברגע שייקלע המשא-ומתן לקשיים בשאלות כמו ירושלים, שחרור מחבלים שופכי דמים או זכות השיבה הפלשתינית, עלול הטרור לגאות שוב, כשידינו יהיו אסורות בכבלי הסכם אוסלו. אפילו גדרות ההפרדה ושאר אמצעי הבקרה, שעומדים איכשהו בחבל עזה, לא יעמדו לרשותנו ולא יעמדו במשימה הנדרשת ביהודה ושומרון, כיוון ששם העניין מורכב הרבה יותר. כולם יודעים זאת. הצבא שלנו, צה""ל, נקלע לכן למשימה שנראית כמעט בלתי אפשרית בתנאים מסוימים. הוא נדרש להכין תוכניות של הגנה וביטחון, הכפופות להחלטות מדיניות, שעל פניהן נראה שאינן נותנות מספיק יכולת להגנה ולביטחון שנדרשים. חברי הכנסת, אין לנו ספק שצה""ל עשה, עושה ויעשה את כל מה שהוא יכול, והוא יכול לעשות הרבה, כדי לשפר ולחזק את הביטחון של ההתיישבות ושל קו התפר לאורך כל הדרך. אבל אני פונה לממשלה להבהיר לעם איך היא מתכוונת להתמודד עם הסכנה העלולה לרחף על ראשינו כמו במקרה הזה של מושיץ, ואולי גם צורת היציאה שלנו משכם יכולה להיות איזה רמז לקראת הבאות. חברי הכנסת, אני רוצה לסכם: 1. הממשלה התחייבה שלא יפונו הערים לפני סיום סלילת הכבישים העוקפים. על הממשלה לחזור ולהודיע שאכן כך היא פועלת. 2. כדי שכושר ההרתעה שלנו לא ייפגע, חייבים לדרוש, לפי הסכם אוסלו, הסגרה של מחבלים, ולא, יהפכו כל ערי הגדה לערי מקלט. 3. על-פי דוחות שקיבלתי ממועצת יש""ע, יש עלייה במספר זריקות האבנים ובקבוקי התבערה וגם בתקריות בנשק בזמן האחרון, ואחת מהן עולה כאן לסדר-היום. 4. הניסיון בקבטיה מלמד, שאין אפשרות לקיים מרדפים ומעצרים גם בשטח ולמעשה השטחים הצהובים הם ""חום בהיר"", ותוך זמן קצר עלולים להיות גם ""חום"" ממש. 5. ""ייבוש"" היישובים על-ידי הממשלה עלול, חס ושלום, ליצור רושם שהממשלה איננה דואגת ליישובים האלה, ודבר זה עלול - אני אומר זאת בזהירות גדולה - ליצור אצל מישהו תמריץ כדי לפגע, וצריך להיזהר מכך. צריך להראות חד-משמעית, שכוונת הממשלה לעמוד לימין היישובים, גם בבנייתם, גם ביישובם וגם בביטחונם. למשל, אפילו מקום כמו גוש-עציון, שנכלל בקונסנסוס רחב מאוד, נמשכת בו הקפאת הבנייה הפרטית, כך שזה לא קשור לתקציב או לסדר עדיפויות. וכך גם אולי לגבי תחנת מגן-דוד-אדום או מוקד וצוות חירום בקריית-ארבע שלא ניתנים להם, וזה ממש מסכן את הבריאות. אני פונה לממשלה, בעקבות האירוע של מושיץ יונתן, להבטיח את הביטחון ביש""ע, בקו התפר ובמדינת ישראל בכללה, ואני מאחל מכאן בריאות שלמה לליאור וליונתן מושיץ.",5
67419,"אדוני היושב-ראש, חברי הכנסת, ככל שתהליך אוסלו מתקדם נהיה נושא ירושלים מרכזי במגמתם של הפלשתינים. הצד הפלשתיני מדגיש ביתר שאת לאחרונה כי פניו לירושלים, ועמדתו המוצהרת היא תובענית ובלתי מתפשרת באשר לצירוף ירושלים לשטחי האוטונומיה. ההנהגה הפלשתינית איננה מסתפקת במלל, הם גם פועלים להמחיש את השליטה שלהם בשטח. הדברים ידועים - ""אוריינט האוס"", ג'יבריל רג'וב ואנשיו, המוסדות הפלשתיניים, ובסוף - הבחירות בסניפי הדואר בירושלים. ירושלים נמצאת לא רק במרכז הוויכוח הציבורי אלא גם במרכז כוונות הטרור. בחודשים האחרונים אירעו פיגועים בירושלים, פיגועים קשים במדרחוב, בגבעת-התחמושת, ב""בנייני האומה"", ונחשפו חוליות שתכננו פיגועים בירושלים.

מבחינות רבות וידועות לא קל לאבטח את ירושלים ולחסום אותה הרמטית ואפקטיבית לאנשי הטרור והמחבלים. גורמים עוינים עלולים להגביר את הפיגועים, חס ושלום. העברת האזורים שגובלים בירושלים לידי הרשות הפלשתינית עושה את הבעיה קשה יותר, מאחר שחוליות הפיגוע לא יצטרכו מרחק רב מהאזור שבו הן מתארגנות לאזור הפעילות שלהן, ואף קל להן להימלט חזרה לשטחי האוטונומיה. הממשלה נדרשת לגלות את מרכיבי הביטחון המיוחדים שהיא מפעילה בקו התפר במה שנוגע לצירים, פרצות, גדרות, ביטחון שוטף, שטחים שולטים, כמו על גילה וגבעת-זאב ועוד; פיקוח תנועה מירושלים וממנה, מה פתוח ומה לא, ואיך פתוח. חברי הכנסת, בעקבות ביצוע הסכמי אוסלו עלולה ירושלים להיות מובלעת בתוך האוטונומיה. מצפון גובל שטח A של אל-בירה בשכונות הערביות בצפון העיר. אין דרך למנוע תנועה חופשית מרמאללה, אל-בירה, שועפאט, בית-חנינא ומשם למרכז העיר. מדרום שטח A של בית-סאחור, בית-ג'אלה ובית-לחם גובל בטווח נשק קל לגילה. בגישה מג'בל-מוכאבר לשכונת תלפיות-מזרח נעשות שכונות תלפיות, תלפיות-מזרח וגילה לשכונות ספר. במזרח אזור B של הכפרים אבו-דיס, עזרייה ועוד, חצויים מוניציפלית, חלקם רשות פלשתינית חלקם מדינת ישראל, עם כל מה שמשתמע מכך באשר ליכולת חופשית של מעבר. הגישה היחידה לירושלים שלא חוצה שטחים של אוטונומיה היא כביש תל-אביב-ירושלים. כל יתר הצדדים - אוטונומיה. חברי הכנסת, משרדי הרשות יעברו כנראה מעזה לרמאללה או לבית-לחם. מרכז הרשות, אני מבין, עשוי להיות מוקם באבו-דיס, מרחק 3 קילומטרים משכונת ארמון-הנציב ועל הדרך מירושלים למעלה-אדומים. בתוך ירושלים עדיין לא נסגרו משרדי הרשות הפלשתינית. מאות הסוכנים של רג'וב ממשיכים לפעול בתוך ירושלים, והם אזרחי ירושלים לכל דבר, הם ירושלמים. הם נעים באופן חופשי בכל העיר. ואף-על-פי שראש הממשלה המנוח רבין הודה שזה מנוגד להסכם, לא נעשה דבר בעניין הזה. הרשות הפלשתינית בונה טבעת חנק מסביב לירושלים עד הגבולות המוניציפליים של ירושלים. וגם בתוך מזרח העיר נעשית בנייה גדולה מאוד בלתי חוקית, ללא רשיונות, ומשרד הפנים מתעלם ולא עוצר. אדוני היושב-ראש, הכנסת חייבת לוודא, שהממשלה באמת דואגת להבטיח את ירושלים כולה, וקודם כול את המקומות הרגישים, את השכונות ההיקפיות, לדעת שכבישים, בתים, קרקעות, תוואים שולטים, צירים מרכזיים, שכונות, זוכים למיגון הולם. אדוני היושב-ראש, אם אכן כנים דברי הממשלה, שירושלים רבתי, שלמותה והגנתה הן דבר מוסכם ולא ניתן לשינוי - אני מקווה שזה כך, אני רוצה לקוות שזה כך - המבחן הזה הוא נכונות הממשלה לשתף ולו רק בנושא ירושלים גם את האופוזיציה; בכל הנוגע לירושלים. זו הזדמנות מצוינת להוכיח את אחדות העם בנושא שהוא לב לבנו. בזאת תיבחן הממשלה ביחסה לירושלים.

נכון שהממשלה סירבה לחוקק, והתשובה שלה היתה, ששם לא תהיה אוטונומיה, שזה יהיה בפועל חלק ממדינת ישראל. הממשלה תיבחן גם בכך - אם כביש ירושלים-תל-אביב יהיה כולו ישראלי.

הוספנו את זה לפרוטוקול. שאלה טובה מאוד.

מג""ב זה משטרה. מה הבעיה?",2
68263,"אדוני היושב-ראש, חברי הכנסת, אם הממשלה ומערכת החינוך לא מודאגים ממה שקורה עם הישראלים המסוממים באלפיהם בגואה, הכנסת חייבת להיות מודאגת מזה ולהתריע על כך. אם בתקופה של טרום-שלום, כשעדיין אנחנו תחת איומי טרור ומלחמה בלבנון, בגליל ובכל מקום, זאת דמותו של חלק חשוב של הנוער והצעירים, ותוסיפו על כך את הפיכתנו בקרוב, לפי התוכנית שהוגשה לממשלה למדינת קזינו ממוסדת ופורחת, תארו לכם איזו דמות תהיה לנו כשיבוא השלום וחישוקי הביטחון כבר לא ילכדו אותנו כל כך. חברי הכנסת, מרגיעים אותנו שלא ניבהל מ""חוף תל-אביב"" בגואה, מפני שיש לזה מקבילות בתוך תל-אביב בישראל - מסיבות אסיד, עמק האלכוהול, מועדי הימורים ועוד. זה בדיוק מה שאסור שירגיעו אותנו בו. אדרבה, זה צריך להחריד אותנו. מה מצפה לנו בחגיגות הנורמליות שלנו כמדינה אוניברסלית כאשר זאת האידיאולוגיה של חלקים מסוימים בתוכה? מערכת החינוך שלנו, ולא משרד החוץ, כמו שאמר חבר הכנסת שפי, היא שצריכה לעשות את חשבון הנפש שלה, אם כל כך הרבה ""מסטולים"" ישראלים נוהרים להודו ומוצאים את מקומם בה. אי-אפשר להסתפק באזכור עונתי של המסיבות האלה ולעבור לסדר-היום. הרי כולם יודעים לאן מידרדרים הדברים. הממשלה, הכנסת, הציבור ומערכת החינוך צריכים ליזום פעילות נרחבת בעניין ולעשות בהתמדה להעמקת הטיפול בנושא החמור והכאוב הזה. אדוני יושב-הראש, אסור שנגיד שזו תרבות המערב וזו ממילא זהותנו הלאומית שמועתקת משם ומתממשת במזרח שוב. עלינו להסכים בינינו על התנהגויות, על קודים ערכיים ועל קודים מוסריים. נחוץ שנגיע להסכמות על מטרות מינימום של התנהגותנו, כדי למנוע שברים מסוכנים בזהותנו והתפוגגות של הערכים שלנו. חברי הכנסת, יש קו מחבר בין התפרקות מערכים של משפחה, מוסר, מסורת וציונות לבין ההידרדרות שמתבטאת בשורה של פגמים, כמו האונס הקבוצתי בטבעון, וקודם לכן בשמרת, על-ידי מבוגרים, קטינים, נגד קטינים, על-ידי קטינים, בסמים קשים ונוראיים, בבתי-הימורים ובפגמים נוספים שצריך לתקנם. צריך לחזור לערכים המלכדים שלנו, שהחישוקים שלהם מתפרקים עכשיו. אין חלל ריק. אם התביעות המוסריות והמסורתיות נעלמות, הן מתמלאות בתת-תכנים, המרחיבים את הסדקים בחברה שלנו. אני קורא לכנסת שלא לתת דרור לפוטנציאל הליברלי-המתירני, כדי להגן על החברה שלנו מההתעצמות של גורמי הפירוק שלה. עלינו להיאבק מול המציאות החולנית הזו ולהמירה במציאות אחרת, בריאה יותר. עלינו להתעקש, בנחישות, כדי לשמר את המדינה כמדינה ערכית, ציונית ויהודית. אין לי ספק, שהתופעות האלה, שהולכות ותופסות יותר ויותר את מקומן ברקמות הכי עדינות של חיינו, אינן מבטאות ומסמלות את הערכים המסורתיים שלנו. להיפך - אסור לנו לוותר על זה. צריך לרסן את התיאבון ההדוניסטי המופרז שלנו ולחזור עוד הפעם לשורשים ולהסתפק במועט, בערכי היסוד שעליהם קמו המדינה הזו והחברה שלנו. בעיני, מה שקורה בגואה, וברור שבהקשר של סמים ולא בהקשר של נושאים אחרים, מסמל שקיעה יהודית, לאומית, ציונית וערכית. בשום אופן, זה לא אור לגויים, ולו גם אור צנוע ומצומצם, כפי שהיה מצופה מאתנו. אני פונה לכנסת לדון בנושא הזה.

למה הממשלה לא מציעה חוק כזה? למה הכנסת צריכה להציע?",1
68273,האם יש דבר כזה שאומרים ששמענו את דברי שניהם - - -,1
68529,"אני מוכן לוותר, אבל אני מדבר שלוש דקות והם מדברים 20 דקות.",1
68690,"אני מוכן לוותר, אבל אני מדבר שלוש דקות והם מדברים 20 דקות.",1
68695,"אדוני היושב-ראש, קודם כול, אני מודה לך על כך שהתחשבת בנו ונהגת בהגינות מרובה, אני מקווה שכך יהיה גם הלאה. חברי הכנסת, כל הארץ היתה צריכה להזדעזע ת""ק פרסה על ת""ק פרסה כאשר מי שממונה על המשפט ברשות הפלשתינית השווה את מדינת ישראל, ביחסה לפלשתינים, לנאצים, יימח שמם, ביחסם ליהודים. טרם יבש הדם של רבים רבים מאחינו, נשים, ילדים וגברים שנרצחו על-ידי ארגון המרצחים שפריח אבו-מדין היה אחד מקברניטיו; טרם מילאו ראשי אש""ף את התחייבותם, שקיומה היה חייב להיות תנאי לכל משא-ומתן עמם: למחוק את הסעיפים באמנה הפלשתינית המגלים את כוונתם וקוראים להשמיד את מדינת ישראל - וכבר נחשף יחסם של בעלי הברית של הממשלה בפליטת הפה המכוונת או הספונטנית או הפרוידיאנית, אולי, של מי שממונה אצלם על הדין, המשפט, הצדק, המשווה אותנו, קורבנות הנאצים, למרצחינו הנאצים. ויד הממשלה לא רעדה כאשר הורתה לאחר התרסה איומה כזאת לשחרר עוד 1,200 מחבלים, בהם כאלה מה""חמאס"", שלא התחייב לא לחזור ולרצוח בנו, ובהם כאלה שדם על ידיהם. נכון, דם של פלשתינים שסייעו לכוחות הביטחון שלנו להגן עלינו. כמו שאמר בכאב אחד מהמסייעים שלנו: מדינת ישראל קבעה בזאת שהדם של אלה פחות אדום, או פחות כחול. נכון, בשפה רפה, במשך כמה שעות, הגיבו נציגי הממשלה בטרוניה על ההתבטאות החמורה. אבל עברנו על כך, בסופו של דבר, מהר מאוד לסדר-היום. גם כאשר בפלפוליסטיקה מזויפת הסביר מישהו מהפלשתינים, שלא בדיוק זאת היתה הכוונה. אבל ההשוואה המצמררת, הנבזית, האיומה, נשארה וחשפה מה באמת יחסם אלינו. נכון, הם יכולים לומר: מה אתם רוצים? למדנו זאת מכמה מכם. כמו, למשל, פרופסור ליבוביץ המנוח, זכרו לברכה, שקרא לצה""ל ""יודו-נאצים"", ואחר כך, כרבם של השמאלנים, כמעט זכה לפרס ישראל. או כמו, למשל, פרופסור צימרמן, שהשווה, שכינה בחוצפה ובאנטישמיות עצמית את נוער המתנחלים בחברון ""נערי היטלר"", והוא נשאר על כנו כפרופסור נכבד באוניברסיטה העברית שלא גונתה על כך ולא גינתה את זה. בכל זאת היה ראוי, שהממשלה היתה מעכבת את הקריאה, דורשת בירור דברים, התנצלות אמיתית, שיובן ממנה כי אכן הם מבינים את הנורא שנחשף בביטוי הזה, בקשר לצורה שבה הם באמת רוצים לראות אותנו ולחיות אתנו, אותנו המחזרים אחריהם ועל פתחיהם. אדוני היושב-ראש, אני מסיים. על חילול זכרה של השואה שלא היה דומה לה בתולדות העולם, על פגיעה בזכרם של 6 מיליוני יהודים שהושמדו ורבים רבים אחרים שהושמדו בשואה, על הכנסת לדרוש מהממשלה שלא לעבור לסדר-היום על הורדת המסכה הזאת ממי שאומר שהוא רוצה באמת לחיות אתנו בשלום ומתבטא עלינו כפי שהתבטא. לכן אני מציע לכנסת לדון בנושא.",1
68889,"אדוני היושב-ראש, חבר הכנסת - ב""חברי הכנסת"" אני פונה גם אל עצמי. קודם כול, ירושלים היא בראש דאגתנו. בקרוב יהפכו אותה הפלשתינים לנושא המרכזי. הממשלה אומרת לעם, שירושלים איננה נתונה למשא-ומתן, והיא מצהירה על עיר המאוחדת לנצח. אבל בלי משים מתבצעת חלוקת העיר, ומזרח-ירושלים הופכת בפועל לבירת מדינת ערפאת. המוסדות הפלשתיניים ממשיכים לפעול, והממשלה מעלימה עין; בתי-הספר מפוקחים על-ידי הרשות הפלשתינית, בהסכמה שבשתיקה; הבחירות לרשות מתקיימות בתוככי ירושלים, אם כי הקלפיות מתחפשות לתיבות דואר; הרשות רוכשת בתים ונכסים בעיר ומפעילה חקירות שב""כיות ומשטרתיות, ובעצם קיימת בירושלים עיריית צללים חלופית. אין אם כן ערך של קיימא בהצהרות לעצמנו. עלינו לומר לאש""ף, שירושלים איננה ניתנת למיקוח, שלא נדון עליה אתם. יאמר ראש הממשלה לכנסת: אני אפנה לערפאת ואומר לו, שעם ישראל מאוחד בעניין ירושלים, והיא לא תעלה על שולחן הדיונים ועל שולחן הניתוחים. אסור להגיע למצב שבו ניסוג ממחוזות ארצנו שמסומנים B ,A ו-C, שדינם נגזר באוסלו א', ב' וג', ואז ייאמר לנו, שבגלל חלק מירושלים ניכנס למלחמה. אם לא נעצור עכשיו, נהיה אחראים לסכנה שנאבד את ירושלים. הרבה התחייבויות שהתחייבנו פנימה, לעם שלנו, ירדו מהפרק, וזה עלול לעלות גם בגורל ירושלים. לכן, בואו נשים עכשיו מנעול על שערי ירושלים. אם מתכוונת הממשלה באמת שלא לוותר על נצח ירושלים כבירה בלעדית של ישראל, תיזום חקיקה משותפת עם האופוזיציה, שבה יובהר שיש קווים אדומים שאותם אנחנו לא עוברים בתהליך המדיני הזה. כלומר, חוק שקובע כי ירושלים איננה ניתנת למיקוח. היא לב העניין. והנה יש לממשלה הזדמנות ליצור הסכמה מלאה בנושא המרכזי הזה. אדוני היושב-ראש, אף שהגולן אינו מעניינו של החוק המוצע, יש לו קשר למהות העניין. המשא-והמתן עם הסורים בנוי על הנחה ברורה, אחת בלבד, של נסיגתנו מכל הגולן ועקירת כל יישובינו משם וגירוש כל מתיישבינו מהגולן. המיקוח עכשיו הוא על התמורה למחיר הזה: מה תהיה הנורמליזציה, מה יהיו הסדרי הכלכלה, מה יהיו הסדרי הביטחון. כאשר תבוא הממשלה הזאת על סיפוקה בשאלות האלו, בפשרה מסוימת, היא תהיה מוכנה בתמורה לעזוב את הגולן לריבונות ולשליטה הסורית כשהוא ""נקי"" מיהודים. על כך אנחנו מתריעים ותובעים שלא להתקדם במשא-ומתן הזה, אלא להמתין להכרעת העם בבחירות הקרובות. כדאי בהזדמנות הזאת להזכיר לכנסת, שערפאת משתהה בביטול סעיפי השמדת ישראל באמנה הפלשתינית, מפני שלטענתו הוא מתקשה לגייס שני שלישים מהמועצה הלאומית הפלשתינית לתמוך במחיקת הסעיפים הרצחניים. מדוע זה לגיטימי שהם יזדקקו לשני שלישים בהכרעה יסודית שלהם? מדוע זה לגיטימי שארצות-הברית הגדולה תצטרך לשני שלישים מבתי-הנבחרים שלה לאישור אמנות בין-לאומיות, אבל כשאנחנו דורשים שגורל הגולן ייחרץ ברוב של שני שלישים, יש בכך חילול הקודש של התהליך המדיני החפוז? והרי ברור, שאם לאסד לא אצה הדרך, והיא לא אצה לו, ולנו היא אצה, ידנו תהיה על התחתונה. הממשלה מאמינה שהסדר עם הסורים תורם לביטחוננו. לגיטימי שהיא תאמין בזה. אבל האם היא בטוחה בכך? ומדוע אין זה לגיטימי לדרוש שבהכרעה קיומית כל כך יהיו שותפים לשיקול שני שלישים של העם, או של נבחריו? חברי הכנסת, הכנסת אישרה את ההסכם עם ירדן כמעט פה אחד. בין היתר - לא רק, אבל בין היתר מפני שהמלך הרשים את העם ואת נבחריו שהוא באמת רוצה בשכנות טובה אתנו. לא כך אנחנו מרגישים עם אש""ף, עם הרשות הפלשתינית, והממשלה יודעת זאת. בכרוזי הבחירות מופיעים ערפאת וה""כוורת"" שלו תחת סמל של רובים ורימוני יד. יחיא עיאש, ודאי כבר נאמר בדיון הזה, האחראי לרצח עשרות ילדים, נשים וגברים ישראלים אחרי הסכם אוסלו, הוא קדוש בעיניו, והוא משתתף בעצרות לזכרו. ערפאת לא מפסיק להכריז על ג'יהאד והמשך טרור ואינתיפאדה אם לא תינתן לו ירושלים. ותאמינו לו. ושר המשפטים שלו משווה בינינו, קורבנות הנאצים, לבין הנאצים, ואיננו מתנצל על כך. לחרפתנו, אנחנו בולעים את הנאצה. שר הדתות שלו מכריז, שאין ולא תהיה ליהודים זכות להתפלל במערת-המכפלה, בקבר רחל ובקבר יוסף, מפני שאסור ללא-מאמינים להתפלל במקום תפילה השייך למוסלמים. והתגובות שלנו רפות. וזה איננו הכול. אדוני היושב-ראש, אנחנו משחררים את רוצחי הסייענים וקובעים בכך, שדמם פחות אדום או כחול מדמנו. אבל עיתונאי ישראלי אחד שמצוי בעניינים כותב ביד לא רועדת - כך הוא כותב אתמול ב""הארץ"": במוקדם או במאוחר ישוחררו כל הרוצחים, גם אלו של יהודים, כי כך נקבע בהסכם. על דברים אלה הוא מוסיף הצדקה: למניעת שחרורם של ערבים שופכי דם יהודי אין שום אחיזה בחוק, והבסיס המוסרי של העיקרון הזה מפוקפק, הוא אומר. והוא תובע: מדוע לעכב את שחרורם של רוצחי יהודים? והוא משיב: הסיבה היחידה של הממשלה - החשש שלה מתגובה כועסת של דעת הקהל בארץ ומזעזוע של משפחות חללי הטרור. והוא מגלה: עד מתי? עד הבחירות. הוא מסביר: הממשלה מעדיפה את שיקול הבחירות על שיקול השלום. חברי הכנסת, שחרור אסירים עם דם על ידיהם פוגע באושיות הצדק והמשפט ומנתץ לרסיסים את ההרתעה של הלוחמה בטרור. ובכלל, שחרור אסירים בלי להסגיר את הרוצחים הנמלטים ובלי דרישה בלתי מתפשרת להחזרתם של נעדרינו הוא מעשה שמנוגד למוסר ופוגע בביטחוננו בטווח מיידי ובטווח ארוך. הממשלה פנתה, על-פי הסכמי אוסלו, לרשות הפלשתינית להסגיר לידינו כ-50 מבוקשים, רוצחים ומפגעי טרור, ביניהם רוצחי אוהד בכרך ואורי שחור, השם ייקום דמם, וכן רוצחי עפרה פליקס, השם ייקום דמה, ועוד. כולנו יודעים שהרוצחים האלה מסתובבים חופשי בערי המקלט עזה ויריחו. הרשות הפלשתינית מתעלמת מתביעתנו, מקיימת משפטי סרק ומבצעת מעצרי דמה. כשאנחנו איננו מגיבים בעצירת התהליך עד תיקון ההפרות ובאי-שחרור אסירים אצלנו, בעצם אנחנו מוותרים על ההסגרה ומבליגים על ההפרות. אבל לא רק זה - בהעלמת העין הזאת ישראל משדרת את הכניעה שלה לטרור מול הרשות, שמשדרת מצדה שהיא תומכת בטרור במתן מקלט וחסות לרוצחים נמלטים. אדוני היושב-ראש, הפיגועים החבלניים לא נפסקו. בשבועות אלו הם התבצעו בנווה-דניאל, בכוכב-יאיר, ברצועת-עזה, ורק הלילה בבית-לחם, ליד קבר רחל, ליד מסוף רפיח וליד כפר-דרום. לא אכפת לרשות שיהיו פיגועים נגדנו, ובלבד שלא יאשימו אותה בכך. היא איננה מטפלת בתשתית החבלנית של ה""חמאס"" ברצועה, וזו ממשיכה להיבנות ולהכין פיגועי רצח. הרשות מטפלת רק במה שמביך אותה, לא במה שהורג אותנו. הם משמרים את ה""חמאס"" כנשק שלהם כדי להכניע אותנו בטרור בדרישתם בהסדרי הקבע ובירושלים.

בוודאי, היושב-ראש צודק. אני רק מוסיף על כך. אנחנו יודעים זאת ושותקים, מפני שאנחנו בריצת אמוק בתהליך עד סכנה של התרסקות. זה סוג הסכם שלא היינו מסכימים לעשותו לא עם המצרים ולא עם הירדנים. זה סוג הסכם עם ארגון טרור שזו השיטה שלו. בהחלטת הממשלה להימנע תמיד מלעשות שימוש בתהליך המדיני כאמצעי להפסקת פיגועי הטרור קובעת הממשלה, כי מעבר לערך הביטחון המיידי עומד לפניה ערך עליון אחר: התהליך המדיני עם אש""ף. איננו מערערים על מניעיה של הממשלה, שנובעים מרצון להביא את העם אל המנוחה והנחלה תוך חתירה לשלום בין ישראל לבין שכניה, אבל אנחנו מבקרים אותה וחולקים על המדיניות, על השותפים, על ההסדרים ועל ביצועם, שפוגעים, לדעתנו, באושיות ובבסיסים של זכותנו לשבת ברחבי ארץ-ישראל ושל ביטחוננו מול טרור ומול מלחמה אם וכאשר תפרוץ. חברי הכנסת, כשאנחנו מבקרים את החוק המוצע, אנחנו מצביעים על הטעויות שבהסכם ומכוונים להסדרים מדיניים וביטחוניים טובים יותר. הטיעון של הממשלה על העדר אלטרנטיבה הוא כוזב. לא היינו צריכים לחשק את עצמנו במלחמתנו בטרור ולקשור את עתידנו עם זה של ערפאת תוך העלמת עין ממדיניותו, מהלכיו ומחדליו. לדידנו, היה ניתן לבנות מדיניות שמבוססת על זכותנו על ארץ-ישראל, על התיישבות בה עם הבטחת ביטחוננו. אבל גם לדידה של הממשלה, אלטרנטיבות הפעולה שלה מתמעטות ככל שהיא צועדת במשעול הצר שלה. לפנינו עדיין הסכם הקבע, ירושלים, זכות השיבה, ועל מצפוננו ועל אחריותנו היהודית והציונית יישובינו ביהודה, שומרון ועזה. אדוני היושב-ראש, שלום שמותנה בעקירת יישובים ובגירוש יהודים איננו שלום אמת. 150,000 החלוצים שיושבים בקו הראשון ראויים כבר עכשיו לדעת, שעל כך מאוחדות הממשלה והאופוזיציה, שבכל הסדר שיהיה לא יהיו יהודה, שומרון ועזה נקיים מיהודים שיחיו בביטחון, ברווחה ובריבונות ישראלית. גם זה מבחן לנכונותה של הממשלה להידברות אמיתית, לאיזה פיוס בעם. אני קורא לממשלה להחיל את הריבונות הישראלית על היישובים ולצרף אותם ברצף שיש בו כדי להעניק להם ביטחון וקיום בכבוד. אדוני היושב-ראש, ביום ראשון הבא יהיה מצב חדש. אחרי הבחירות יאיצו הפלשתינים את הציפיות למדינה פלשתינית שבירתה ירושלים. ביום ראשון הבא נתעורר למציאות חדשה ולא ודאית לגבי האירועים בשנה הקרובה, כפי שאמר לממשלה השבוע ראש השב""כ היוצא, אירועים שהבאנו על עצמנו ומחייבים עכשיו הבהרה של העמדות, הכרעה של העם והידברות בבית כדי להתמודד אתם כמו שצריך.",5
69252,"אדוני היושב-ראש, חברי הכנסת, היה זה שבוע של דמים. שלשום נפצע יהודי מירי חבלני בבית-לחם, ליד קבר רחל, ואמש נהרגו הרופא רב-סרן עוז תיבון, זיכרונו לברכה, והחובש יניב שימל, זיכרונו לברכה, וזאת נוסף על אירועי הירי שהתחוללו השבוע ברצועת-עזה. מי יודע מה יקרה עוד השבוע, חס ושלום? יותר מכך, מי יודע מה יקרה לאחר השבת והבחירות? זה מה שקורה, כשעושים הסכם עם ארגון טרור. לעולם לא היינו מסכימים להסכם מהסוג הזה עם מדינה מסודרת, ירדן או מצרים, כלומר לכך שחצי הצבא ינצור את נשקו וחציו השני יורה והורג בנו. אבל, הרשות הפלשתינית מעניקה את חסותה למרצחים המכינים בתחומיה את פיגועיהם בנו ובורחים לתחומיה בחזרה מפני צה""ל וחוזר חלילה. הממשלה, בסופו של עניין, עוצמת את עיניה, ואיננה מגיבה ברצינות. הנה, הבוקר שלאחר הפיגוע הכל-כך קשה אמש, הממשלה ממהרת להרגיע את הרשות: התהליך המדיני יימשך. מובן ששחרור האסירים, לרבות אלה מה""חמאס"", יבוצע. הממשלה משדרת בזה, שהיא נכנעת לטרור, כפי שהרשות הפלשתינית משדרת בהתנהגותה שהיא תומכת בטרור. נוח לרשות הפלשתינית מצב כזה, שה""חמאס"" ירצח בנו, כמו שנוח לסוריה שה""חיזבאללה"" יהרוג בנו, והם - הרשות הפלשתינית - בעלי בריתנו. זהו אופי של הסכם שעושים עם ארגון טרור, שזו השיטה שלו והוא איננו מתכוון ואיננו מסוגל להשתחרר ממנה. בהחלטת הממשלה הקבועה, המקובעת, להימנע מלעשות שימוש בתהליך כאמצעי להפסקת פיגועי הטרור, קובעת הממשלה, שהיא מעדיפה את השיקול של ההידברות עם אש""ף על שיקול ביטחוננו מול הטרור. אסור לממשלה לחשק את עצמה ואת עוצמתה במלחמתנו בטרור ולקשור את עתידנו עם זה של ערפאת. לא ייתכן, שיהודים יירצחו על-ידי ה""חמאס"" בחסות אש""ף, ואנחנו נבלע את זה בלי שנגיב, גם מדינית, כלפי אש""ף, נותן החסות לטרור. יש אלטרנטיבה למדיניות של הממשלה - שיהיה לאש""ף מה להפסיד, לדידה של הממשלה, אם הוא לא יבלום, אפקטיבית, את הטרור. תואיל הממשלה להפעיל את המנוף המדיני והצבאי שבידינו. אם היא לא תעשה את זה, תוכיח הממשלה למי שצריך עוד הוכחה שהתהליך שמתנהל על-ידיה הוא מסוכן מאוד.

אני יודע את השמות מהתקשורת.

וזה בחסות הרשות הפלשתינית.

לא במקום להיות שם. אבל זה השותף שלך? וזה שרצח אחרי אוסלו.",1
69604,"אדוני היושב-ראש, חברי הכנסת, מטרת החוק המוצע היא להבטיח את צביונה ואופיה היהודי של המדינה על-ידי הפעלת החלטתה של הכנסת לשמור על ייחודיותה של החברה הישראלית, כדי למנוע את הפיכתה של מדינת ישראל למדינה נוספת בשורה ארוכה של מדינות ליברליות, חילוניות. אנחנו מודעים לכך, שכדי להטמיע רוח יהודית בעם, אין די בחקיקה. איננו רוצים גם שהדת תיראה ככוח כופה ונעדר רגישות. ודאי שאנחנו לא רוצים גם להתעלם מזכויות אדם והבטחת כבודו, חירותו ושוויונו. היהדות היא רגישה מאוד בתחומים אלה, ובאופן עמוק ואמיתי. אבל, ביודענו שחוקי מדינת ישראל מיועדים לעצב את המסגרת שבתוכה אנחנו חיים, והם יוצרים את האווירה ואת הערכים שמכוונים את העם ואת בני הנוער, נראה לנו, שאותה הסכמה מלכדת שחישקה את עמנו כעם אחד, במה שזכה במשך הזמן בכינוי ""שמירת הסטטוס-קוו"", מחייבת אמנה והסכמה מחודשת, שלפיה יכובד מה שהובן והוסכם בזמנו על-ידי דוד בן-גוריון באשר לדרך אחת משותפת יהודית בכניסה לעם היהודי ובבניית המשפחה בישראל, במעמד הרבנות הראשית בישראל ובאופיה של השבת. גם אם אין ההסדרים הקיימים שלמים או משביעים רצון, הם כאלו שהסכמנו עליהם וחיינו אתם, ונמנענו גם בשל כך ממלחמות של דת ותרבות שאין צורך להכניס אותן עכשיו לתוך חיינו. מה שמתבקש כאן הוא לחזור על האמנה של מה שחוקקנו ומה שנהגנו עד כה בדרך של עיגון הנושא כחוק-יסוד מחייב, מאחר שלאחרונה קמו כל מיני מערערים, והרבה יסודות עלולים ליהרס. לכן ראוי שההסדר יקבל ביטוי חברתי הגון וקבוע. חברי הכנסת, החוק הזה לא מתיימר לעצב את דמותם הרוחנית של אזרחינו. ממדים רוחניים יצמחו מתוך התפתחויות חינוכיות - בהבנה, בהזדהות עם ערכי היהדות. בעיקר כך ראוי להוביל ליחס חיובי של יהודים כלפי מורשתנו הרוחנית. אבל, התחיקה הזאת באה כדי להבטיח את הקו האדום, את המסגרת, קו אדום שאותו לא עוברים בהיסח דעת, מבלי משים. מהלך אחדותי שכזה מצדיק התייחסות אליו בשפה הפרלמנטרית של רוב מיוחס בחוק-יסוד. אדוני היושב-ראש, נראה לי, שהציבור הרחב, רוב מניינו ובניינו של עמנו כאן, מקבל ברצון את ההסדר הזה, שנובע ממקורות תורניים וממניעים של אחדות עם וערבות הדדית. לא מדובר כאן על כיפוף של מישהו לסמכות שהוא לא מכיר בה, אלא בשכנוע ובנימוקים מוסריים וערכיים שמנוסחים במושגים המקובלים על הציבור הישראלי הרחב. יש מסר עמוק וחיוני באותה זיקה שורשית אל המקורות שלנו ואל יסודות קיומנו הרוחניים, ועלינו לרצות מאוד שהקודים המסורתיים והמוסריים שליוו אותנו עד עכשיו לא יימחקו ויהפכו אותנו לסתם מדינה מזרח-תיכונית או ים-תיכונית ללא ייחודיות שנובעת לא רק משגשוג כלכלי ומהצטיינות מדעית אלא מערכים בסיסיים, אותם ערכים ששמרו אותנו כעם אחד ומיוחד במשך אלפי שנים. לא מדובר פה, חברי הכנסת, בכוח כפייה מוגבר, אלא בהבטחת הבסיס הקיים, שמאפשר קיום יחד. אין סתירה בין ההצעה הזאת לבין יחסי דת ומדינה ויחסי דתיים ושאינם דתיים בדרכי נועם. מאחר שמדובר בקיבוע של המצב הקיים, התייחסות הממשלה והתייחסות הכנסת להצעה זאת יעידו כמאה עדים על הנכונות לדיאלוג אמיתי, כן. לכן, על הכנסת ועל הממשלה להסכים בנושא הזה ולעשות בכך את מורשתנו למשמעותית בעבור כל העם בישראל. בימים אלה, שהרבה ערכים מסורתיים מתערערים בהם, יהיה מסר מאוד חיובי, אם הכנסת אכן תחליט לאשר את החוק המתייחס לערכי יסוד שמגינים על שלמות המרקם השומר אותנו מקרעים. תהיה בכך בשורה ויהיה זה נדבך שירגיע מאוד את הזעזועים באשר לשלום פנימי בתוך עמנו. אני מקווה שהממשלה לא תתגייס בעוז כדי להפיל הצעת חוק שמשמרת דברים שהיו מקובלים עלינו מקדמת דנה ואנחנו נוהגים לפיהם. אני מקווה, שהכנסת תאפשר לחוק הזה לעבור בקריאתו הטרומית בשלב הזה.",1
69912,"מדוע אתה לא יכול לקצר את הדיבורים?

כן. אדוני היושב-ראש, אבל תעשה את זה לא בשעות הלילה, אלא בשעות הבוקר.",1
70138,"אם זה יידחה לשבוע הבא בזמן כמו עכשיו, זה יהיה אותו דבר - - -

אדוני היושב-ראש, מה שאתה אומר לגבי תשובת השר - אתה צודק במאה אחוז. אתה בקיא בעניין וזה לכבוד העניין. אבל במה שנוגע להבהרת הדברים, האם אתה יכול לומר לנו, האם הנושא יידון ביום שני או ביום שלישי או ביום רביעי בבוקר, או כמו עכשיו, בסוף הישיבה, כאשר אף אחד לא יבוא?

מדוע אתה לא יכול לקצר את הדיבורים?

כן. אדוני היושב-ראש, אבל תעשה את זה לא בשעות הלילה, אלא בשעות הבוקר.",1
70276,"אדוני היושב-ראש, הוא צריך להיות פה. בשבוע שעבר הנושא הזה היה צריך לעלות ולא היה שר שיענה.

אדוני היושב-ראש, חברי הכנסת, הנושא היה אמור לעלות בשבוע שעבר, אבל יושב-ראש הישיבה החליט, שהיות שאין שר שמשיב נדחה את הדיון. הנושא היה מאוד חם בשבוע שעבר, אבל אצלנו כל שבוע יש ""חימום"" אחר, ושוכחים דברים ומאבדים חלק מההרגשה של הדחיפות. היות שלנושא הזה, כמו לנושא הבא שדחינו אותו אז, יש משמעויות מעבר למקרה עצמו, אנחנו כמובן מעלים אותו. זה היה נושא של חיילות שהועלו בפקודה לנושאת מטוסים בריטית והתלוננו, ודובר צה""ל השיב מה שהשיב. נדמה לי שדעת חברי הכנסת שהעלו את הנושא לא היתה נוחה כל כך מהתשובה. אני מקווה שסגן השר לא יחזור על התשובה הזאת. בינתיים, אגב, חברת הכנסת חזן, התרגשה עלינו עוד פרשייה שהתפרסמה היום, היא לא בדיוק אותו דבר, אבל היא באותו הקשר.

יפה. היות שלא שמעתי, ידעתי שתתענייני בזה והזכרתי את שמך. זה מחייב תשומת לב. באמת, לא נעים לי, נוכחים פה קציני צה""ל ויוצא כאילו אנחנו תוקפים את צה""ל, אבל זה לא נכון, אבל דברים שנראים מקולקלים צריכים תיקון. מה שהתפרסם היום, ואולי סגן שר הביטחון יתייחס גם לזה, הוא, שחיילים קיללו והעליבו, רמזו רמזים מיניים וחשפו ישבנים - סליחה, אינני יודע אם זה ביטוי פרלמנטרי, אבל כפי שאתם תחליטו - נוכח ארבע חיילות שהיו מדריכות קליעה, והם צעקו לעומתן, אני ממש מבקש סליחה על המלים האלו: ""הגיעו הזונות, הגיעו זונות למאהל"". באמת צר לי, צר לי שזה צה""ל, וצר לי בעיקר שמדובר בחיילי נח""ל. התגובה של דובר צה""ל היא, שצה""ל עושה כל מאמץ כדי להבטיח שמקרים מסוג זה לא יישנו. השאלה היא של הלכי רוח, של דפוסי התנהגות שמחייבים תשומת לב בצה""ל. ולכן טוב שאנחנו מעלים את זה. אני רוצה לחזור לעניין הביקור הלילי שעשו מורות-חיילות, שהובאו בפקודה לנושאת מטוסים בריטית, ולאחר עשר דקות של סיור לימודים באונייה, כך הן טענו, הן הוזמנו לבר או לפאב, אינני יודע, וכובדו במשקאות משכרים. בידיעה נמסר שהן וההורים שלהן חשו מושפלים. היתה להן תחושה, שהן הוזמנו כאילו להתיידד עם חיילי הספינה, או מה שפחות נעים, לבדר אותם. לאחרונה מדובר אצלנו הרבה על מקומה של החיילת בצה""ל. קצינת ח""ן ראשית לשעבר דיברה על אפליה. היתה בחורה שרצתה להיות טייסת, אחרת ביקשה להיות לוחמת. ויש כאלה שדיברו על כך שהבנות מופיעות כמשרתות במפקדות. והיתה גם הקריאה לשירות לאומי במקום גיוס בנות. והנה, מהלך כזה, שבמקרה הטוב אפשר להעריך אותו כתמוה וכמוזר, אם לא למטה מזה. דובר צה""ל הכחיש כמובן את כל הסיפור. לדבריו, הסיור היה לימודי בלבד, והמשקה היה ""רק"" פונץ' או בירה; והחיילות, כך הוא אומר, דווקא היו מרוצות. לא נעים לי לומר זאת, אני לא מרגיש בנוח עם התשובה המוחלטת הזאת. קשה לי לתת בה אמון מלא. ראוי היה שהתשובה לא תהיה לקונית כל כך, או חד-צדדית כל כך. ואפילו היה בה איזה איום, לאמור: אנחנו נבדוק מי המציא את הסיפור הזה, מי הוציא אותו לאור. ייתכן מאוד שהתחושה באשר לאווירה של זולות ושל ניצול שחשו כמה מהחיילות היא סובייקטיבית. יכול להיות. אבל גם תיאור הדברים כאילו לא היו מעולם, וכאילו לא היה כלל נושא של היכרות בין החיילות שלנו לבין החיילים הבריטים, אלא רק הכרה של הספינה, התותחים שלה, מסלולי ההמראה שלה - נראה לי, אם להגיד זאת בעדינות, שזה לא תיאור מלא ולא תיאור מדויק. אנחנו לא רוצים לפגוע בצה""ל. אבל נראה שצריך לשים לב יותר לדברים. משהו לא בסדר בנושא הזה. ולא יכול להיות שהכנסת תסתפק בהודעה חוזרת על הודעת דובר צה""ל ותקבל את זה כעובדה. תהיה בזה פגיעה בצה""ל, בחיילות ובעתיד המוסרי שלנו. אל תקבלו גם את העמדה שלי כמוחלטת. תביאו את זה לדיון בכנסת או בוועדה מוועדותיה, תזמינו את כל הצדדים הנוגעים בעניין, ואז נסיק את המסקנות. אם הכנסת לא תעשה זאת, היא סותמת את הגולל על התפקיד שעוד נותר לה כמפקחת על הממשלה. אני קורא לסגן השר ולנציגי הציבור להסכים שהנושא הזה יידון בכנסת או באחת מוועדותיה, אולי בוועדת החוץ והביטחון.",1
70284,"אדוני היושב-ראש, חברי הכנסת, יש איזה קשר של השלמה, כמעט של השתקה, עם הנכונות לספוג המשך של ניסיונות להפר את ההסכם בין הממשלה, המדינה, לבין הפלשתינים. אתמול נדקר בעפולה רס""ר אלי אזולאי על-ידי צעיר פלשתיני מאזור ג'נין, בסכין מושחזת באורך 20 ס""מ. אומרים שהוא פצוע קל עד בינוני. אבל הוא בוודאי נאבק אם לא על חייו, על אי-נכותו. אלולא הזדמן לשם רב-סמל מאיר כהן מהמשטרה, אולי כבר לא היה בין החיים, מפני שההוא היה מספיק לדקור עוד כמה דקירות. נאחל לו קודם כול בריאות טובה.

הדוקר אמר, שהוא התעודד מהרצח שהיה בשבוע שעבר, שהוא העילה של ההצעה לסדר-היום כאן, של סמל ראשון אהוד טל, זיכרונו לברכה, במחנה שבעמק-דותן, והוא רצה להמשיך בשרשרת הרציחות. לכן העלינו בשבוע שעבר את הנושא - וכפי שהיושב-ראש אמר, זה נדחה מסיבות כאלה או אחרות לשבוע הזה - הנורא מכול: בשבוע שעבר נרצח חייל בתוך בסיס צה""ל, סמל ראשון אהוד טל, זיכרונו לברכה. המחבל עבר את המכשיר לזיהוי מתכות עם שתי סכינים, שבהן רצח את קורבנו. חמור גם המקרה השני. סגן-אלוף במילואים נעצר על-ידי שוטרים פלשתינים ברמאללה, לקחו את נשקו ופתחו בזה תקדים של מעצר של המתנחל הראשון שנעצר על-ידי המשטרה הפלשתינית, והפירו בכך את ההסכם שלפיו רשאי אזרח ישראלי להסתובב בכל מקום עם נשקו שברשיון. היה צורך בהתערבות של קציני צה""ל כדי לשחרר אותו ממעצר שבוצע בניגוד להסכם ותוך הפרה בוטה שלו. שוטרי רמאללה הפלשתינים המשיכו באותו יום במרץ בפעולות שלהם ועיכבו שלושה חיילי צה""ל בניגוד להוראות שמתירות מעבר חיילים ללא בדיקה, ללא עיכוב או מעצר. חברי הכנסת, ישראלי רשאי על-פי ההסכמים להיכנס לכל מקום בשטחי B ,A ו-ללא הבדלי צבע - חום, צהוב ולבן. אין סמכות לפלשתינים לעצור אותו. זאת אומרת, היתה כאן הפרה של ההסכם. בכלל, מאז ההסכמים אין מנוח ליישובים בקווי התפר, והביטחון של היישובים והאזרחים מעורער, לפי ההרגשה שלהם וגם בפועל; פגשנו לא מזמן את נציגי היישובים בקו התפר. מה שקורה, אם לא יטופל בהחלטיות, ילמד את הפלשתינים שמותר להם לחרוג ולהרוג. הפרצות שנפתחו ינוצלו על-ידם כדי לקבוע עובדות שישנו את מהות ההסכם. יש אצלנו נטייה לשכוח ולסלוח. הדבר מסוכן והרה-אסון. קראתי בעיתון שהרמטכ""ל אמר בוועדת החוץ והביטחון של הכנסת - זה היה בעיתון - שהוא מודאג ממספר הפיגועים שמבצע ה""חמאס"" מאז ההסכם. אפילו השר לביטחון פנים אמר לאחר המקרים האלה, שלא נשלים עם מצב שבו חייהם של ישראלים בסכנה. אבל אמירה לחוד ומעשה לחוד. הפלשתינים לומדים אותנו. הם בוחנים את הרגישות שלנו למילוי סעיפי ההסכם. הם יוצרים מקרי מבחן בנושאים של ביטחון, של סמכות, של אחריות. אם לא תהיה, ואני מנחש שלא תהיה, תגובה ישראלית אפקטיבית, הם ימשיכו וייצרו מצבים עובדתיים חדשים. הם ינצלו את השתיקה שלנו כנכונות לקבל את הקביעות שלהם. לכן, הכנסת חייבת לדון בהסלמה של המצב, בהידרדרות בהרגשת הביטחון של אזרחינו ובהפרות החמורות של ההסכמים בינינו לבין הפלשתינים. אני מודה לך, אדוני היושב-ראש.",4
71528,"אדוני היושב-ראש, חברי הכנסת, הכאב והיגון על ההרוגים ועל הפצועים שלנו עמוקים ומשותפים לכולנו, אנחנו אבלים עם המשפחות ומתפללים על הפצועים. כשרצף הפיגועים הוא כמו אצל איוב, עוד זה מדבר וזה בא - אין זו העת לנגח. אבל אסור לנו לטמון ראשינו בחול כאילו כלום לא קרה או כאילו זו מכת טבע וגורל שלא ניתנת לשינוי. הארץ כולה סוערת, דוויה, כואבת, ואי-אפשר עוד להחשות. אנחנו קוראים לממשלה להתבונן ביושר ולפעול כפי שצריך. אז היא תאחד ותלכד את העם ותמלא את אחריותה לביטחונו, ואל תסתפק באמירות סרק שאין להן כיסוי, ואל נפטיר כדאשתקד כדי שלא נישא באחריות למה שעלול עוד לקרות לנו. תפסיק הממשלה לומר, שכל תגובה תקיפה שלנו, שתובעת מהרשות הפלשתינית למלא את חובתה, היא פרס ל""חמאס""; להיפך. המשך הצלחת הטרור הוא הפרס ל""חמאס"". הטרוריסטים הם לא אויבי השלום, הם אויבי ישראל, ואוי לנו אם נימנע מתגובה הולמת ויעילה על אסון נורא שכזה. פשוט נאמת שאנחנו משלימים עם כך, חס ושלום, מחולשה. הממשלה יודעת, שרק תגובה תקיפה שלה מול הרשות, שמהשטחים שברשותה עכשיו יוצאים המתאבדים - ויתירה מזו, שם מכינים בלי הפרעה את התוכניות, שם מכינים את חומרי החבלה - רק כך תומרץ הרשות למלא את חובתה, רק כך יומרץ ערפאת לקיים את התחייבותו למגר את הטרור. חברי הכנסת, אנחנו יצאנו מהערים ואין לנו עוד את תשתית המודיעין וכוח הסיכול וההתרעה וההרתעה. ושם בלי מפריע מטיף ה""חמאס"" לחיסול ישראל, וערפאת אינו עושה דבר כדי לבלום את התעמולה ואת האינתיפאדה בדרכים ואת תשתית הטרור. להשעות את השיחות עד לאחר ההלוויות, לעשות סגר זמני - זה רק מצחיק את הפלשתינים. הסיפוח הזוחל שלהם רץ, ואנחנו, כדי להימנע מעימות, מתקפלים. בלי קשר לוויכוח אם הסכם אוסלו טוב או רע, בלי קשר לנצים ויונים או ימין ושמאל, כולנו צריכים להיות מאוחדים בדעה, שאין המשך לתהליכים קודם הבחירות, שבהן יכריע העם במה הוא מאמין באמת ורוצה. אבל גם לשיטתה של הממשלה - כל עוד לא שונתה, כמובטח, האמנה הפלשתינית, שנותנת תוקף לאידיאולוגיה של השמדת ישראל כיעד פלשתיני, וכל עוד לא הוכיח ערפאת שהוא מתכוון לחיות אתנו בשלום - כלומר, להילחם מלחמת חורמה בטרור, על כל גורמיו ומרכיביו - גם לשיטתה של הממשלה, איזה שיגעון יהיה לדבוק דוגמטית בתאריך של היציאה מחברון, העיר מלאת ה""חמאס"". יהיה בכך חוסר אחריות להוסיף את חברון כבסיס טרור נוסף בלי שערפאת מוכיח באמת שהוא לוחם, לוחם, לוחם בטרור. אדוני היושב-ראש, הסגר הוא תקופה של אשליה. אין סגר אמיתי ביהודה ושומרון, זו זריית חול בעיניים. העדר כושר ההרתעה והסיכול והמודיעין הוא מחלה קשה שמזמינה טרור. כל עוד ערפאת משחק משחק כפול בינינו לבין ה""חמאס"", כל עוד נוח לו שיש ברקע ""חמאס"" עם פוטנציאל פיגוע ואיום כלפינו, כל עוד אין ערפאת מוכיח בעליל שהוא מתכוון לשלום ומסוגל למלחמה בטרור - אל נתמסר חד-צדדית. חברי הכנסת, קודם אוסלו היו פיגועים גם כן, נכון. אבל איך אמר אתמול עמוס עוז, בייאוש, בטענה ובהתרסה? הוא אמר: הרי כבר איננו שולטים על כל הפלשתינים, והם ממשיכים להרוג בנו. חתמנו אתם הסכם. אנחנו לא שולטים בהם, והם כן הורגים בנו. אם הם לא יכולים, הוא אומר, לספק את מה שהתחייבו, להסכם אין ערך והוא לא יחזיק. הקול הזה, אומר עוז, צריך לצאת דווקא ממחנה היונים. חברי הכנסת, אם ההסכם שכרתנו לא קוצץ את הטרור, הרי ההסכם עצמו הוא רע ומסוכן ויסכן יותר לעתיד לבוא. הרשות הפלשתינית נתנה לגיטימציה למאורות המפלצת, שפועלות בגלוי. יש קו מחבר בין האוטובוס בקו 5 - בקלקיליה, בחסות הרשות - לבין האוטובוס בקו 18 בירושלים. דבר זה מוכרח להיפסק. סביב דבר זה צריך ליצור קונסנסוס. לא מפני שאנחנו מתנגדים להסכם אוסלו. אנחנו תובעים הקפאת התהליך עד שהפרטנרים ישכנעו את ציבור נוסעי האוטובוסים שלנו, שהם כל ישראל, שהעולה על קו 18, קו ח""י, לא יורד ממנו מת. מפני שהממשלה בעד הסכם אוסלו, כפי שהיא ציפתה שהוא יהיה, עליה להקפיא את התהליך עד שערפאת יעמוד בהתחייבותו. האופוזיציה והממשלה כאחת, באורח אחראי, יקפיאו את התהליך, מפני שתהליך כזה לא יביא שלום. תהיה זו אמנה כלל-ישראלית על מהות, על תוכן ועל הנפש.",4
71584,"אדוני היושב-ראש, חברי הכנסת, הכאב והיגון על ההרוגים ועל הפצועים שלנו עמוקים ומשותפים לכולנו, אנחנו אבלים עם המשפחות ומתפללים על הפצועים. כשרצף הפיגועים הוא כמו אצל איוב, עוד זה מדבר וזה בא – אין זו העת לנגח. אבל אסור לנו לטמון ראשינו בחול כאילו כלום לא קרה או כאילו זו מכת טבע וגורל שלא ניתנת לשינוי. הארץ כולה סוערת, דוויה, כואבת, ואי-אפשר עוד להחשות. אנחנו קוראים לממשלה להתבונן ביושר ולפעול כפי שצריך. אז היא תאחד ותלכד את העם ותמלא את אחריותה לביטחונו, ואל תסתפק באמירות סרק שאין להן כיסוי, ואל נפטיר כדאשתקד כדי שלא נישא באחריות למה שעלול עוד לקרות לנו. תפסיק הממשלה לומר, שכל תגובה תקיפה שלנו, שתובעת מהרשות הפלשתינית למלא את חובתה, היא פרס ל""חמאס""; להיפך. המשך הצלחת הטרור הוא הפרס ל""חמאס"". הטרוריסטים הם לא אויבי השלום, הם אויבי ישראל, ואוי לנו אם נימנע מתגובה הולמת ויעילה על אסון נורא שכזה. פשוט נאמת שאנחנו משלימים עם כך, חס ושלום, מחולשה. הממשלה יודעת, שרק תגובה תקיפה שלה מול הרשות, שמהשטחים שברשותה עכשיו יוצאים המתאבדים – ויתירה מזו, שם מכינים בלי הפרעה את התוכניות, שם מכינים את חומרי החבלה – רק כך תומרץ הרשות למלא את חובתה, רק כך יומרץ ערפאת לקיים את התחייבותו למגר את הטרור. חברי הכנסת, אנחנו יצאנו מהערים ואין לנו עוד את תשתית המודיעין וכוח הסיכול וההתרעה וההרתעה. ושם בלי מפריע מטיף ה""חמאס"" לחיסול ישראל, וערפאת אינו עושה דבר כדי לבלום את התעמולה ואת האינתיפאדה בדרכים ואת תשתית הטרור. להשעות את השיחות עד לאחר ההלוויות, לעשות סגר זמני – זה רק מצחיק את הפלשתינים. הסיפוח הזוחל שלהם רץ, ואנחנו, כדי להימנע מעימות, מתקפלים. בלי קשר לוויכוח אם הסכם אוסלו טוב או רע, בלי קשר לנצים ויונים או ימין ושמאל, כולנו צריכים להיות מאוחדים בדעה, שאין המשך לתהליכים קודם הבחירות, שבהן יכריע העם במה הוא מאמין באמת ורוצה. אבל גם לשיטתה של הממשלה – כל עוד לא שונתה, כמובטח, האמנה הפלשתינית, שנותנת תוקף לאידיאולוגיה של השמדת ישראל כיעד פלשתיני, וכל עוד לא הוכיח ערפאת שהוא מתכוון לחיות אתנו בשלום – כלומר, להילחם מלחמת חורמה בטרור, על כל גורמיו ומרכיביו – גם לשיטתה של הממשלה, איזה שיגעון יהיה לדבוק דוגמטית בתאריך של היציאה מחברון, העיר מלאת ה""חמאס"". יהיה בכך חוסר אחריות להוסיף את חברון כבסיס טרור נוסף בלי שערפאת מוכיח באמת שהוא לוחם, לוחם, לוחם בטרור. אדוני היושב-ראש, הסגר הוא תקופה של אשליה. אין סגר אמיתי ביהודה ושומרון, זו זריית חול בעיניים. העדר כושר ההרתעה והסיכול והמודיעין הוא מחלה קשה שמזמינה טרור. כל עוד ערפאת משחק משחק כפול בינינו לבין ה""חמאס"", כל עוד נוח לו שיש ברקע ""חמאס"" עם פוטנציאל פיגוע ואיום כלפינו, כל עוד אין ערפאת מוכיח בעליל שהוא מתכוון לשלום ומסוגל למלחמה בטרור – אל נתמסר חד-צדדית. חברי הכנסת, קודם אוסלו היו פיגועים גם כן, נכון. אבל איך אמר אתמול עמוס עוז, בייאוש, בטענה ובהתרסה? הוא אמר: הרי כבר איננו שולטים על כל הפלשתינים, והם ממשיכים להרוג בנו. חתמנו אתם הסכם. אנחנו לא שולטים בהם, והם כן הורגים בנו. אם הם לא יכולים, הוא אומר, לספק את מה שהתחייבו, להסכם אין ערך והוא לא יחזיק. הקול הזה, אומר עוז, צריך לצאת דווקא ממחנה היונים. חברי הכנסת, אם ההסכם שכרתנו לא קוצץ את הטרור, הרי ההסכם עצמו הוא רע ומסוכן ויסכן יותר לעתיד לבוא. הרשות הפלשתינית נתנה לגיטימציה למאורות המפלצת, שפועלות בגלוי. יש קו מחבר בין האוטובוס בקו 5 – בקלקיליה, בחסות הרשות – לבין האוטובוס בקו 18 בירושלים. דבר זה מוכרח להיפסק. סביב דבר זה צריך ליצור קונסנסוס. לא מפני שאנחנו מתנגדים להסכם אוסלו. אנחנו תובעים הקפאת התהליך עד שהפרטנרים ישכנעו את ציבור נוסעי האוטובוסים שלנו, שהם כל ישראל, שהעולה על קו 18, קו ח""י, לא יורד ממנו מת. מפני שהממשלה בעד הסכם אוסלו, כפי שהיא ציפתה שהוא יהיה, עליה להקפיא את התהליך עד שערפאת יעמוד בהתחייבותו. האופוזיציה והממשלה כאחת, באורח אחראי, יקפיאו את התהליך, מפני שתהליך כזה לא יביא שלום. תהיה זו אמנה כלל-ישראלית על מהות, על תוכן ועל הנפש.",4
73549,"אדוני היושב-ראש, חברי הכנסת, בבחירות שהתקיימו זה לא כבר השיב העם באופן מובחן ומובהק על שתי שאלות גורליות וקיומיות: המהלך המדיני והביטחוני, והכיוון של הזהות היהודית שלנו. העם קבע שהוא רוצה קו לאומי ושהוא רוצה במדינה עם ערכים יהודיים וציוניים. בשנים האחרונות גברה התפיסה שאנחנו מצויים בעידן אוניברסלי וקוסמופוליטי וחל כרסום חמור במסורת ובמורשת ישראל. הממשלה הזאת חייבת להביא להבנת הזהות היהודית, גם מפני שבלי זהות כזאת אין פתרון אף לאחת מבעיות חיינו. חיינו כאן מחייבים זהות, והמסמוס והטשטוש של הזהות הם עיוות של העיקר, מפני שחוסר זהות יהודית במרכז הווייתנו כאן מבולל ושם סימן שאלה על הצורך להמשיך ולהתקיים כיהודים, וכיהודים ישראלים. אין כמו התרבות היהודית, שיש בה בבחינת שבעים פנים לתורה. יש אביי ויש רבא. יש שמאי ויש הלל. יש רבי יוסף קארו ויש הרמ""א. יש הרמב""ם ויש הראב""ד. יש רש""י ויש תוספות. ראשונים ואחרונים. יש שקלא ויש טריא. בסוף הדיון יש הכרעה, אבל הדיון עצמו פורה ומפרה, כפי שעל-פי חז""ל אמר הקדוש-ברוך-הוא: הלוואי אותי עזבו ותורתי שמרו; ובלבד שנעסוק במורשת העשירה שלנו. זרקו את הקלסיקה העשירה והאדירה שלנו, האינטליגנציה לא מכירה אותה והיא אומרת: זה לדתיים. אנחנו צריכים להחזיר את זה לעם, לעם הספר. אני רואה - מלבד תהליכי הביטחון והשלום והכלכלה והחברה - את תפקיד הממשלה הזאת לעשות את הצירופים ההכרחיים בין קודש לחול, בין עם לארץ, בין עבר לעתיד, בין כל חלקי העם, בין רוח לחומר, בין יהדות לממלכתיות, מפני שבלי תוכן וייעוד משותפים קשה לשמור על גורל וערבות הדדיים. הממשלה צריכה לראות עצמה מביאה לאחווה בין דתיים, חרדים, מסורתיים וחילונים, בין אנשי הקיבוצים, המושבים ואנשי העיירות והערים, בין יהודים, ערבים, דרוזים וצ'רקסים, מתוך כבוד הדדי, הבנה והתחשבות איש ברעהו. אני רוצה לומר כמה דברים על משרד החינוך. אפתח בדבריו של אחד האינטלקטואלים הישראלים, יורם ברונובסקי, איש לא דתי. הוא גם נסמך על סופר לא דתי, גדי טאוב. הוא אמר כך: עוד כמה שעות תנ""ך, עוד כמה שעות של היסטוריה יהודית וספרות עברית קדומה וחדשה - מזה יכולה לצמוח רק ברכה. הוא הוסיף ואמר, שהרעה המכרסמת בחינוך הישראלי הגיעה לשפל שאי-אפשר לרדת ממנו עוד, כאן יכול להיות רק שינוי לטובה. אני מתחייב בזאת לכנסת ולציבור להיות שר החינוך של עם ישראל כולו ושל אזרחי ישראל כולם, ומתוך כך למלא את חובותי כלפיהם. אני רוצה להבהיר, שלא אתן יד לקצץ שעה משעות הוראת המדעים וענפי דעת אחרים. הטוענים לסתירה בין יהדות לבין ענפי הדעת האוניברסליים שייכים לדור קודם, שבעט קודם וחשב אחר כך, שהקדים ""לא תעשה"" ל""נשמע"", ושתפיסתו את היהדות נותרה בחיתוליה, ברמה של הגיל הרך שבו הוא עזב את החדר ואת בית-המדרש, שבו הוא הקפיא את המושגים של היהדות שלו. אנחנו נהיה בחינת ""מוסיף והולך"". החינוך לא יהיה משועבד לתכלית בלבד, כלוא בפוסט-מודרניזם שחלקו ניהיליסטי וחלקו מנסה ליצור שפה חדשה ואוטופיה חדשה. החינוך שאנחנו נשקוד עליו יגביר את לימודי ההומניסטיקה בכלל ואת לימודי היהדות בפרט. יהדות - זאת היהדות שהנחילה לעולם משפט נאור, ערכי יסוד ומוסר ותפיסה כי כל אדם, כל אדם, נברא בצלם. בדעתי להקים מועצה לעניין זה, שתכלול אנשי חינוך ורוח המייצגים גוני דעות, והיא תציע את הטקסטים, הספרים והתכנים להכרת היהדות ותספק היזון חוזר מתמיד. חברי הכנסת, עם שמוותר על הרציפות הרוחנית שלו גוזר - - -

אתה נוסע לעוד משלחת, אתה חייב לדווח להם? חכה.

אני חושב שאמרתי מה שאמרתי בלשוני, והיית צריך להסתפק בזה.

אתה רוצה להתגרות - תתגרה. אני בלשוני אמרתי מה שאמרתי, כפי שרציתי לבטא את זה.

בחינוך לא שייך קונסרבטיבים ורפורמים. מה אתה רוצה? עם שמוותר על הרציפות הרוחנית שלו גוזר על עצמו כליה. עם שכל תכליתו היא ברית גורל בלבד, בלי ברית של ייעוד ותוכן, לא יחזיק מעמד, לא תהיה לו מוטיבציה, לא יהיה לו קיום. אנחנו נוכיח, שלא רק שאין סתירה בין יהדות לאנושות, אלא שיסודות האנושות ההומניסטית נטועים בתוך דל""ת האמות של בית-המדרש. הדור שיגדל בארבע השנים הקרובות יהיה עשיר יותר ברוחו, יותר מדעי, יותר תרבותי, יותר הומני, ותזכרו: יותר יהודי.",2
73578,"אני, זבולון בן מנחם, זיכרונו לברכה, ומלכה, זיכרונה לברכה, המר, מתחייב כחבר הממשלה לשמור אמונים למדינת ישראל ולחוקיה, למלא באמונה את תפקידי כחבר הממשלה ולקיים את החלטות הכנסת. (חותם על ההצהרה)",1
73843,"אדוני היושב-ראש, חברי הכנסת - - -

אדוני היושב-ראש, תודה רבה על דבריך היפים והטובים. כבוד חברי הכנסת, בתשובה שאני אשיב לחברת הכנסת תמר גוז'נסקי, אני לא מקיף ומכסה את מכלול הסוגיות שהיא העלתה כאן, שהרי גם הנושא עצמו עוסק בחינוך, בבריאות וברווחה. הצד השווה שבו הוא שמדובר בגיל הרך. לכן אני מלכתחילה מודיע, שאני תומך בכך שהנושא יעבור בהמשך לדיון מעמיק ומקיף יותר בוועדה, ולפי הצעתה של חברת הכנסת, לוועדת החינוך. חברת הכנסת גוז'נסקי, כפי שברור, עמדה בכנסת הקודמת בראש הוועדה המשותפת של ועדת העבודה והרווחה וועדת החינוך לנושא הטיפול בגיל הרך. במסגרת הדיונים הועלו הצעות שונות שעליהן היא חזרה, בצדק, גם עכשיו. ההצעות מתייחסות, בין השאר, לכמה נושאים ששייכים ישירות למשרד החינוך, ובהם אני רוצה לומר כמה דברים. אחד מהם הוא הפעלת החוק לחינוך חינם לגילאי שלוש-ארבע, שמונח על שולחן הכנסת, כפי שאמרת, זה שנים אחדות.

אני חושב שזה היה אולי באותו זמן שבו קבענו, שגילאי שלוש-ארבע ילמדו בעיירות פיתוח חינם, ואמרנו שבהדרגה נגיע גם ליתר, נכון? אגב, אני רוצה גם להסביר איך קרה שהגענו לגני-הילדים בעיירות הפיתוח דווקא, מלבד עצם העניין שעיירות הפיתוח צריכות עזרה וסיוע. אז חוקקתי את החוק של חינוך תיכון חינם לכל מדינת ישראל, בכל המגזרים, ואז אמרו: עיירות הפיתוח, שהעדיפות שהיתה להן קודם, שניתן להן חינוך חינם בתיכון, נעלמת, ולכן אמרנו - נוסיף להם חינוך חינם לגילאי שלוש-ארבע. כך התחיל העניין, היסטורית. כך שיש לי יד בכך שבגיל שלוש-ארבע החינוך בעיירות הפיתוח הוא חינם, בזיקה לתיכון חינם לכל המדינה, וזה גם חשוב. הנושא באמת נעצר בהמשך, כפי ששרי חינוך אמרו במשך הזמן, שקוראים לזה חוסר תקציב. זו נקודה ראשונה - גילאי שלוש-ארבע. הנושא השני שאת מעלה, והוא בעיני מאוד נכון, ולא נעים לי להגיד אבל גם אותו התחלתי, הוא עניין הפיקוח של המדינה על ילדים מתחת לגיל שלוש, מפני שהיו קיימות, ואני מניח שגם עכשיו קיימות, הרבה מסגרות שאינן הולמות את הרמה הראויה לגילאים האלה. יש גם תופעות של אלימות כלפי ילדים וכדומה, כפי שציינת, שמגיעות מדי פעם לידיעת הציבור. שני הנושאים האלה, שהתחלנו בהם אז, בעצם נפסקו. אני רוצה לומר לגבי הפיקוח על הגנים לגילאים הנמוכים: בקדנציה הקודמת שלי כשר החינוך, החלטנו על הפיקוח על גילאי שנתיים. בשלב ראשון התחלנו, אם את זוכרת, במחוז חיפה, בערים תל-אביב, רמת-גן והרצלייה. אז גם התחלנו בפיקוח שעד היום קיים שם, אבל לא התפתח מאז והלאה. אז הובטח הפיקוח על מסגרות פרטיות ועל הדרכת הגננות שפועלות במסגרות האלה. מסיבות שונות - אני לא מכיר אותן ואיני יודע מה קרה בדיוק בשנים האחרונות - לא נמשך התהליך של החלת הפיקוח הזה, כפי שאז מאוד רצינו שיהיה, על כלל המערכת החינוכית. אגב, צריך להגיד, למרות הנתונים המאוד-פרטניים שהעלית כאן, מה שאת קוראת במגזרים המפורטים השונים, הרי אף שלא הוחל חוק חינוך חינם על גילאי שלוש-ארבע בכל החברה הישראלית, במגזר היהודי מבקרים - כך כתבו לי את המספר - בין %95 ל=%99 מילדי ישראל בגנים לגילאי שלוש-ארבע, כאשר משפחות במצוקה בדרך כלל משלמות במסגרות האלה שכר לימוד מדורג. בעיירות פיתוח, כבר הזכרתי, זה חינם. במגזר הערבי, לפי הנתונים שיש לי - קצת שונה ממה שאמרת, אבל בגדול זה לא פותר את הבעיה - שיעור המבקרים עלה מ=%57 ל=%68. המניעה העיקרית, כך אומרים לי - ואני רק עכשיו נכנסתי לתפקיד, אני אלמד את זה, לא הייתי פה כארבע שנים - אומרים לי שזה נובע לא כל כך מאי-יכולת לשלם שכר לימוד - - -

איך את יודעת מה לא כתבו לי? אני עוד לא אומר - את קופצת. רק דקה, סבלנות. מה שלא יספק אותך בתשובתי, נדון עליו בוועדה. במגזר הערבי, אומרים לי שהמודעות לחשיבות של הליכת ילדים לגן היא לא כל כך חזקה, לא אצל ההורים וגם לא אצל הרשויות המקומיות. לכן, חלק מהמחדל, אם נקרא לזה כך, נובע גם מכך שאין שם עדיפות בנושא זה. לכן יש חוסר, בין היתר, אני מניח, במסגרות הציבוריות במגזר הערבי בנושא זה.

המקור הוא המקורות של השר שלך. בשלב הזה זה זהה. עוד אין חילופים שם.

המקור הוא אלה שעוסקים בכך במשרד החינוך.

מוזר? מוזרה הצורה שחברי הכנסת מדברים. היא אומרת משפט ויוצאת.

זהו, נקבל את דבריו של ידידי חבר הכנסת שבח וייס. אשר לגילאי שנתיים, על-פי הנתונים שנמסרו לי, כ=%70 מגילאי שנתיים נמצאים במסגרות חינוכיות: מעונות, גנונים ציבוריים ופרטיים, ושם יש פיקוח מטעם ארגוני נשים. כאמור, התחלנו לפעול מעט בעניין של החלת חוק הפיקוח. מכל מקום, אם התשובות אינן מספקות, ואני מניח שהן לא מספקות, אני מציע שנדון בנושא זה באופן מאוד רציני בוועדה, נלמד את הדברים ונראה מה ניתן מכאן ולהבא לעשות בנושא החשוב מאוד הזה. לכן, אני מציע להעביר את הנושא לוועדת החינוך.

אני הצעתי לוועדת החינוך, לפי הצעת המציעה.",1
73849,"אדוני היושב-ראש, חברי הכנסת, שרפה של ספר תנ""ך היא דבר חמור מאוד. לא היה עולה על דעתי שדבר כזה יכול לקרות במחוזותינו. ואם נכון שעלול לקרות דבר כזה - זה דבר נורא בעיני - ביחס לשרפה של ספרים בכלל וביחס לשרפה של ספר מכתבי הקודש או ספרי הקודש בפרט, ובעיקר, כפי שנאמר פה, ביחס של תלמידים לתכנים והתגובה שלהם עליהם. לכן, לא פלא שחבר הכנסת הרב גפני נזעק - אני מודה לך גם על דברי האמון שלך בי - אם מקרה כזה קורה זה באמת מזעזע. אני משבח אותך שלא התמקדת באירוע, מפני שלא התברר במאה אחוז שהאירוע הזה אירע, הוא התפרסם באופן כזה שהוא מצדיק הזדעזעות והזדעקות, אבל הוא לא הוכח באופן שאני אוכל לדעת איפה זה קרה ואצל מי זה קרה, אין לנו שום ידיעה בנושא. לכן גם נכון שנגעת במהות של הקשר שבין הנוער בישראל לבין המורשת, המסורת, המקורות והערכים שלו, לגבי היהודים - היהודיים, לגבי עמים אחרים - כפי שהם. אתה יודע, שבעניין המורשת הדרוזית, הייתי בזמני בעד זה, בהתייעצות עם אנשי הדת ועם שיח' אמין טריף, זיכרונו לברכה - כל עם בדתו ובדרכו. אני אומר לכנסת, שזו ממש בורות או רשעות לומר שאנחנו צריכים להיות אוניברסליים וקוסמופוליטיים ואסור לנו להיות ייחודיים ויהודיים - לגבי היהודים - וכאילו זה מצמצם אותנו. להיפך, נכון בעיני שבלי ייעוד ובלי תוכן משותף יש סיכון גדול לגורל המשותף שלנו ולערבות ההדדית שבינינו. כל מי שניסה לבדוק - במשרד אצלנו - לגבי המקרה הזה לא מצא דברים, אבל אם נמצא, כמובן נגיב, חינוכית, בהתאם. אבל העיקר, כמו שאומרים, ייתמו חטאים ולא חוטאים. אני רוצה שהנוער שלנו ילמד יותר מהמקורות שלנו, ולאו דווקא תנ""ך, גם את המקורות הנוספים שלנו - תורה שבעל-פה ודברים נוספים, לא רק תנ""ך. פעם התנ""ך היה מאוד נלמד, מאוד אהוב, ומורה-דרך בבתי-הספר הממלכתיים, אבל כבר כמה שנים שהעניין, אופן הלימוד והרצון ללמוד אותו צומצמו. יש מקום לכך שספר הספרים שלנו, שהוא ממש יסוד העם הזה, יהיה הלאה מצפן, ידוע, מוכר, אהוב וחביב על תלמידינו, ואני בפירוש מתכוון לטפל בכך. אין כאן דבר אחד על חשבון דבר אחר, אעשה הכול על מנת שהנוער שלנו יהיה יותר מדעי, יותר חברתי, יותר ציוני ויותר יהודי. מכיוון שהעניין הקונקרטי שהיה עילה להצעה לא התברר, אם חבר הכנסת גפני מסתפק בתשובה - נשאיר אותה; אם הוא עומד על כך - אני לא מתנגד שוועדת החינוך תדון באותה הזדמנות בנושא התכנים; כרצונך.

בבקשה, ועדת החינוך. אין מה לדון במקרה עצמו, מפני שמבחינת הידע שלנו הוא איננו קיים.",1
74009,"אדוני היושב-ראש, כנסת נכבדה, בהתאם לסעיף 37(א) לחוק-יסוד: הממשלה, הנני מתכבד להודיע לכנסת, כי מיניתי, באישור ראש הממשלה, את חבר הכנסת משה פלד לתפקיד סגן שר במשרד החינוך, התרבות והספורט. בהתאם לסעיף הנ""ל בחוק-יסוד: הממשלה, ייכנס המינוי לתוקפו מייד עם מסירת ההודעה לכנסת, זאת אומרת שברגע הזה הוא כבר סגן שר.",1
75812,"אדוני היושב-ראש, חברי הכנסת, הרמה של החינוך הערבי בישראל היא באמת נושא שצריך להעסיק אותנו ולחייב אותנו למאמץ. ממשלות שונות השתדלו לעשות בו את חלקן, למצוא חלק מהפתרונות; וגם אני מתכוון לטפל בעניין. גם פגשתי את חברי הכנסת הערבים לשיחה ראשונה בנושא הזה, והם העלו שורה של דברים שלדעתם יכולים לקדם את מערכת החינוך במגזר הערבי. העניין הזה של השילוב בפועל של המערכת הערבית בתוך המחוזות הרגילים של משרד החינוך, בעיני הוא דבר נכון. אני יודע שהיום יש רוחות בקרב האזרחים הערבים שאולי רוצים להיפך - הם רוצים איזה מינהל בפני עצמו. דיברנו על כך. אבל אני דווקא תומך בכך שכן יהיה שילוב באופן אמיתי, בלי סטיגמה ובלי להיות משועבד לעבר. ואני אשתדל באמת לדאוג לכך בתקופת הקדנציה הזאת. אני כן מאמין שזאת הדרך הנכונה, שנחיה יחד, יהודים וערבים, במערכת החינוך, ונקדם את המערכת. יש בעיות בחינוך הערבי, כמו שיש בעיות בחלקים שונים בחינוך היהודי. אני בטוח, שאם פרופסור באשי ייסע לכמה מקומות נוספים - - -

בלי לפרט. הוא ימצא גם במגזר היהודי מקומות עם בעיות. אני גם לא חושב שנכון - אינני יודע אם אמרת בדיוק את הביטוי הזה - שהחינוך הערבי מפגר אחרי העולם כולו, או אחרי העולם בכלל, אמרת.

לא בדקתי - סליחה שאני אומר את זה, ובאמת לא בשביל להקניט - לא בדקתי מה קורה בנושא הזה בארצות ערב או בארצות אחרות. אינני יודע. אבל אני אומר שבמדינת ישראל אסור שזה יהיה. כלומר, צריך שאותו אחוז נשירה קטן שיש במגזר היהודי יהיה במגזר הערבי. דרך אגב, שמעתי לאחרונה - לא בדקתי בדיוק - שיצא עכשיו סקר שהראה שבכמה תחומים בבחינות הבגרות יש במגזר הערבי דווקא הצטיינות רבה יותר מאשר בבתי-הספר היהודיים.

להיפך, אתה צריך לשמוח בזה, לא להניד ראש. ראיתי איזה סקר, הוא איננו לנגד עיני כרגע, כיוון שלא התכוננתי לכך. אני מבין שביפו הוצגה בעיה קשה. היתה לי על זה שיחה לפני כמה שבועות עם ראש עיריית תל-אביב, כדי באמת למצוא דרך, איך תתמודד תל-אביב, יחד אתנו, עם הסוגיה של ערביי יפו והחינוך. ונצטרך למצוא דרך איך באמת לפעול בעניין באופן כזה שנתקן, לאור הממצאים שנמצאו. דרך אגב, בקדנציה הקודמת שלי היתה לי תוכנית משוב: תוכנית שהיתה צריכה לבדוק בכל בתי-הספר הערביים בערבית ובחשבון, וביהודיים - בעברית ובחשבון, את הבנת הנקרא ואת ידיעת החשבון. ופרופסור באשי עמד בראש המבצע. אותו פיגור שאתה דיברת עליו, בין כיתות ד' לכיתות ב' וכדומה, מצאנו, לצערי, בהרבה מקומות. צריך לתקן בכולם. וכך גם במגזר הערבי. בכל אופן, טוב שהעלית את העניין. אני מציע שנעביר את הנושא לוועדת החינוך.

השאלה נכונה. הבעיה לא רק כספית. נכון. יש בעיה של מבנים ארגוניים, של ניצול הדברים וכדומה. אבל אני רוצה לומר עוד דבר. ביפו לכאורה הצד הזה של ניצול המשאבים לא היה צריך לקרות, מפני שזה תל-אביב. כלומר זה יחד, בתוך תל-אביב, ואותו הסדר של ניצול משאבים ומורים ומאמץ שנעשה בעיריית תל-אביב בשכונות ובמקומות שונים היה צריך להיעשות גם שם. אבל בכפרים שונים יש בעיות. אתם יודעים את זה. כלומר, חלקם תלוי לא רק בזה שיש מחלקה לערבים במשרד החינוך, אלא יש השפעות מאוד חזקות של המועצות המקומיות על השאלה: את מי בוחרים כמנהלים, את מי בוחרים כמורים - לאו דווקא רק לפי שיקולים חינוכיים.

כן, לא מפלגתי. הדברים בהירים, ברור למה הכוונה. מכל מקום, אני מציע להעביר את הנושא לוועדת החינוך.",1
75813,"אפוא סגן השר? במקרה אני כאן.

התשובה מוכנה אצלו, אני מוכן בינתיים להקשיב לבעיות.

אילו ידעתי שאני משיב - - -

התשובה מוכנה אצלו. אני אקשיב בינתיים לבעיות.",1
78088,"אדוני היושב-ראש, חברי הכנסת, גברת עליזה גרינברג ובני משפחת גרינברג, מוקירים ביציעים, בשנת המאה להולדת אורי צבי גרינברג עדיין חיים ופעילים אתנו ובתוכנו אלה שעבורם היה מורה דרך, קרוב בעוצמת ביטויו ובחזונו למדרגת נביא. חברים וידידים כבר יש אומנם מעטים בלבד, אבל תלמידים ומעריצים שהכירוהו מקרוב ממריצים את העיסוק בו מעבר למה שהיו עושים אילו ראו בו משורר בלבד. הכנסת לא ציינה מאה שנה להולדת ביאליק, אבל, כפי שהוזכר, לפני 20 שנה ציינה הכנסת 80 שנה להולדתו של אורי צבי גרינברג עוד בחייו ובנוכחותו. אז, להבדיל מהיום, נשמעו גם דברי כפירה פוליטיים באשר לצדקת החגיגה. היום כבר הופקעה שאלת היחס אל יצירתו של אורי צבי גרינברג מידי הפוליטיקאים. לתהליך הקנוניזציה של שירתו אחראים אנשים שאמות המידה שלהם תרבותיות ואיכותיות ומנותקות מהסכמה או אי-הסכמה עם עמדות שנקט המשורר בהקשרים היסטוריים קונקרטיים. לא שההתייחסות לשירה מעלימה אמירות בעלות תוכן אקטואלי, אלא שהמשורר כבר נמצא מחוץ לזירותיו של הפולמוס הזה, ההומה עד תפלות. במאמר מוסגר, נראה לי שגם בעודו חי ומתפלמס השכיל גרינברג להתרחק מן התפלות. גם לא פג תוקפם של אחדים מדבריו לגבי נושאים העומדים על סדר-יומנו הפוליטי, כמו שכתב לפני 18 שנה, בימי הדיונים על ההסכם עם מצרים: ""רציתי לבוא לארץ-ישראל הירושלמית מימות דוד ושלמה, ולא 'למדינת השטחים' של המפלגות, אינני רואה נגוהות בציון, נס מובטח - שיציל מה שאנו הישראלים קלקלנו. הזלזול: בנחלת אבות, בשטחי ארץ-ישראל ובמושגים המסורתיים, שאפילו אצל שבט אנאלפביתי אין למצוא כדוגמתו"". עד כאן מדבריו, שאין ספק שהם היו יכולים להיאמר על-ידו גם על בימת הכנסת בדיוני התקופה הזאת. חברי הכנסת, אני עומד על בימה זו כשר החינוך והתרבות. תפקידי איננו מקנה לי סמכות להיות פוסק ומורה הוראה בהלכות תרבות, אבל הוא מטיל עלי אחריות חברתית לקיים תרבות, לשמר אותה, להנחיל אותה, להקנות בה הבחנות בין גבוה לנמוך, בין עיקר לטפל, בין קבוע לחולף. כולנו מברכים על מהדורת כתבי גרינברג שבהוצאת מוסד ביאליק. ספרים אלו משמרים תרבות, והם תנאי הכרחי להנחלתה, אך אין די בכך. עליהם לצאת לאור ממחסני המהדיר ולהיות בבתיהם של קוראים. וכאן הבעיה העומדת בפני כולנו: בני הנוער של היום הם כבר דור שלישי או רביעי אחרי גרינברג. להם שפה אחרת, עולם מושגים שונה, עולם חוויות שונה, מקורות יניקה תרבותיים ונופים אחרים. החיבור שלהם עם השירה המיוחדת מאוד, הייחודית מאוד, העשירה מאוד, המגוונת והממושכת מאוד, של גרינברג - צריך הרבה גשרים והרבה חיזוקים. עוד לפני כ-20 שנה קונן הסופר עמוס קינן בדברו על גרינברג ואמר: ""הרצף עם היהדות לדורותיה נשבר, וענק, שאולי מעטים כמותו קמו מאז אבן-גבירול - מונח בקרקעית השבר"". יהיה עלינו למצוא את הדרך לקירוב הנוער לשירתו. אני רואה בכך תפקיד של מערכת החינוך. אדוני היושב-ראש, הזכרתי את המשורר ביאליק ואת מוסד ביאליק, חיבור של שני ענקי שירה. אורי צבי היה ילד כבן ארבע כאשר ביאליק בן ה-27 כתב את שירו ""פעמי אביב"". ""היתה רוח אחרת, גבהו שמי השמים"", כך הוא פותח את השיר, והוא מסיים אותו: ""היתה רוח אחרת מסביב"". שתי הבחינות הללו נכונות, ולגבי שניהם, גם היתה רוח אחרת בימיהם ובעולמם, וגם גבהו שמי השמים בשאיפתם ובחזונם. חברי הכנסת, לשניהם היתה נגישות קלה, בטוחה ומהירה אל כל מרחביה, מעמקיה וגובהה של המורשת היהודית. אוצרות הרוח היהודית לסוגיה ולדורותיה היו פתוחים בפניהם. מהם דלו, בהם השתמשו. אל אוצרות אלו הצטרפה יצירתם. בהם ומהם - חיותה: בלשון, במושגים, ברעיונות, ברמזים, בדרך שבה הפיקו מן השורשים היותר פרטיים ואישיים את האמירות היותר אוניברסליות וכלל-אנושיות. נדמה לי שזה כוחה של כל שירה גדולה. שניהם דאגו להעברתה של המורשת אל הבאים אחריהם, כל אחד מהם על-פי דרכו ואמונתו, וגרינברג, כמשורר ירושלים, הליריקן, המקטרג הגדול, המאמין הגדול, המקונן הגדול והחוזה הגדול, שאמונתו ומסירותו - כל כולן לעמו ולארצו. תפקידנו יהיה לתת מפתחות רבים ורב-תכליתיים אל ארמון האוצרות שלנו, שלא יהיו כגן נעול וכמעיין חתום, כלשון שיר השירים. אשתדל כשר החינוך לעשות זאת כמיטב הבנתי ויכולתי, וכמו שממליץ הסעיף הראשון ב""שולחן ערוך"", גם הוא מאוצרות המורשת היהודית החיה: לא אירתע מפני כל המלעיגים. מורי ורבותי, גרינברג כבר שוכן במקום מכובד בפנתיאון הספרות הלאומי שלנו, אבל יש פרדוקס בכניסה לפנתיאון זה: מצד אחד היא קובעת מעמד של נכס צאן ברזל בתרבותנו, מצד אחר היא מצביעה על התרחקות מן המציאות היומיומית. נכסי הפנתיאון הם נחלת מעטים, נבחרים, בעלי נפש. ידיעת פרדוקס זה תמנע מאתנו טיפוח ציפיות מוגזמות לגבי יכולתנו להפוך את שירת גרינברג לנוכחות חיה ויומיומית בעולמם של כל צעירינו, אבל אין אנו רשאים לפטור עצמנו מן המאמץ לעשות זאת, מאמץ שאני מקווה ומאמין כי יביא את פירותיו, וברוח דבריו של גרינברג: ""מעבר לייאוש אין ייאוש בעולם, וכל המורדות בהרים הם גם כן המעלות"".",3
78147,"אדוני היושב-ראש, חברי הכנסת, גברת עליזה גרינברג ובני משפחת גרינברג, מוקירים ביציעים, בשנת המאה להולדת אורי צבי גרינברג עדיין חיים ופעילים אתנו ובתוכנו אלה שעבורם היה מורה דרך, קרוב בעוצמת ביטויו ובחזונו למדרגת נביא. חברים וידידים כבר יש אומנם מעטים בלבד, אבל תלמידים ומעריצים שהכירוהו מקרוב ממריצים את העיסוק בו מעבר למה שהיו עושים אילו ראו בו משורר בלבד. הכנסת לא ציינה מאה שנה להולדת ביאליק, אבל, כפי שהוזכר, לפני 20 שנה ציינה הכנסת 80 שנה להולדתו של אורי צבי גרינברג עוד בחייו ובנוכחותו. אז, להבדיל מהיום, נשמעו גם דברי כפירה פוליטיים באשר לצדקת החגיגה. היום כבר הופקעה שאלת היחס אל יצירתו של אורי צבי גרינברג מידי הפוליטיקאים. לתהליך הקנוניזציה של שירתו אחראים אנשים שאמות המידה שלהם תרבותיות ואיכותיות ומנותקות מהסכמה או אי-הסכמה עם עמדות שנקט המשורר בהקשרים היסטוריים קונקרטיים. לא שההתייחסות לשירה מעלימה אמירות בעלות תוכן אקטואלי, אלא שהמשורר כבר נמצא מחוץ לזירותיו של הפולמוס הזה, ההומה עד תפלות. במאמר מוסגר, נראה לי שגם בעודו חי ומתפלמס השכיל גרינברג להתרחק מן התפלות. גם לא פג תוקפם של אחדים מדבריו לגבי נושאים העומדים על סדר-יומנו הפוליטי, כמו שכתב לפני 18 שנה, בימי הדיונים על ההסכם עם מצרים: ""רציתי לבוא לארץ-ישראל הירושלמית מימות דוד ושלמה, ולא 'למדינת השטחים' של המפלגות, אינני רואה נגוהות בציון, נס מובטח – שיציל מה שאנו הישראלים קלקלנו. הזלזול: בנחלת אבות, בשטחי ארץ-ישראל ובמושגים המסורתיים, שאפילו אצל שבט אנאלפביתי אין למצוא כדוגמתו"". עד כאן מדבריו, שאין ספק שהם היו יכולים להיאמר על-ידו גם על בימת הכנסת בדיוני התקופה הזאת. חברי הכנסת, אני עומד על בימה זו כשר החינוך והתרבות. תפקידי איננו מקנה לי סמכות להיות פוסק ומורה הוראה בהלכות תרבות, אבל הוא מטיל עלי אחריות חברתית לקיים תרבות, לשמר אותה, להנחיל אותה, להקנות בה הבחנות בין גבוה לנמוך, בין עיקר לטפל, בין קבוע לחולף. כולנו מברכים על מהדורת כתבי גרינברג שבהוצאת מוסד ביאליק. ספרים אלו משמרים תרבות, והם תנאי הכרחי להנחלתה, אך אין די בכך. עליהם לצאת לאור ממחסני המהדיר ולהיות בבתיהם של קוראים. וכאן הבעיה העומדת בפני כולנו: בני הנוער של היום הם כבר דור שלישי או רביעי אחרי גרינברג. להם שפה אחרת, עולם מושגים שונה, עולם חוויות שונה, מקורות יניקה תרבותיים ונופים אחרים. החיבור שלהם עם השירה המיוחדת מאוד, הייחודית מאוד, העשירה מאוד, המגוונת והממושכת מאוד, של גרינברג – צריך הרבה גשרים והרבה חיזוקים. עוד לפני כ-20 שנה קונן הסופר עמוס קינן בדברו על גרינברג ואמר: ""הרצף עם היהדות לדורותיה נשבר, וענק, שאולי מעטים כמותו קמו מאז אבן-גבירול – מונח בקרקעית השבר"". יהיה עלינו למצוא את הדרך לקירוב הנוער לשירתו. אני רואה בכך תפקיד של מערכת החינוך. אדוני היושב-ראש, הזכרתי את המשורר ביאליק ואת מוסד ביאליק, חיבור של שני ענקי שירה. אורי צבי היה ילד כבן ארבע כאשר ביאליק בן ה-27 כתב את שירו ""פעמי אביב"". ""היתה רוח אחרת, גבהו שמי השמים"", כך הוא פותח את השיר, והוא מסיים אותו: ""היתה רוח אחרת מסביב"". שתי הבחינות הללו נכונות, ולגבי שניהם, גם היתה רוח אחרת בימיהם ובעולמם, וגם גבהו שמי השמים בשאיפתם ובחזונם. חברי הכנסת, לשניהם היתה נגישות קלה, בטוחה ומהירה אל כל מרחביה, מעמקיה וגובהה של המורשת היהודית. אוצרות הרוח היהודית לסוגיה ולדורותיה היו פתוחים בפניהם. מהם דלו, בהם השתמשו. אל אוצרות אלו הצטרפה יצירתם. בהם ומהם – חיותה: בלשון, במושגים, ברעיונות, ברמזים, בדרך שבה הפיקו מן השורשים היותר פרטיים ואישיים את האמירות היותר אוניברסליות וכלל-אנושיות. נדמה לי שזה כוחה של כל שירה גדולה. שניהם דאגו להעברתה של המורשת אל הבאים אחריהם, כל אחד מהם על-פי דרכו ואמונתו, וגרינברג, כמשורר ירושלים, הליריקן, המקטרג הגדול, המאמין הגדול, המקונן הגדול והחוזה הגדול, שאמונתו ומסירותו – כל כולן לעמו ולארצו. תפקידנו יהיה לתת מפתחות רבים ורב-תכליתיים אל ארמון האוצרות שלנו, שלא יהיו כגן נעול וכמעיין חתום, כלשון שיר השירים. אשתדל כשר החינוך לעשות זאת כמיטב הבנתי ויכולתי, וכמו שממליץ הסעיף הראשון ב""שולחן ערוך"", גם הוא מאוצרות המורשת היהודית החיה: לא אירתע מפני כל המלעיגים. מורי ורבותי, גרינברג כבר שוכן במקום מכובד בפנתיאון הספרות הלאומי שלנו, אבל יש פרדוקס בכניסה לפנתיאון זה: מצד אחד היא קובעת מעמד של נכס צאן ברזל בתרבותנו, מצד אחר היא מצביעה על התרחקות מן המציאות היומיומית. נכסי הפנתיאון הם נחלת מעטים, נבחרים, בעלי נפש. ידיעת פרדוקס זה תמנע מאתנו טיפוח ציפיות מוגזמות לגבי יכולתנו להפוך את שירת גרינברג לנוכחות חיה ויומיומית בעולמם של כל צעירינו, אבל אין אנו רשאים לפטור עצמנו מן המאמץ לעשות זאת, מאמץ שאני מקווה ומאמין כי יביא את פירותיו, וברוח דבריו של גרינברג: ""מעבר לייאוש אין ייאוש בעולם, וכל המורדות בהרים הם גם כן המעלות"".",2
78258,"אדוני היושב-ראש, חברי הכנסת, אני מתנגד להצעת החוק הזו ומציע לכנסת לשמוע במשך כמה דקות מדוע, על מנת שתתמוך בהצעתי. התקנות כפי שהינן היום אינן נראות לי נכונות. זאת אומרת, אם בתקנות נאמר, מצד אחד, שאם ילד לומד בבית-ספר ממלכתי, הוא יכול רק פעם בשנה לעבור לבית-ספר מוכר - נגיד חרדי בהקשר זה - ומצד שני, ילד שלומד בחינוך החרדי אפשר להעביר כל רגע - זה לא בסדר. אני מודיע כבר עכשיו, שאוציא תקנה, שבמהלך השנה אי-אפשר להוציא משום צד. הצעת חוק כזו מביאה לכך שכל השנה יריבו, ירוצו לבתי-ספר וישלפו ילדים מכל צד. אני חושב שלא צריך שנקבע חוק שיגרום לערבוביה בבתי-ספר ולכך שכל השנה ירוצו ממקום למקום וכל אחד ינסה להעביר לבית-ספר ממלכתי או לבית-ספר שאיננו ממלכתי. כוונתו של המציע נכונה, האי-סימטריה הקיימת איננה בסדר. אני מודיע כאן לחברי הכנסת, שאני קובע היום תקנה, שלא יהיה אפשר להעביר משום צד לשום צד במהלך השנה. רק פעם בשנה, כאשר יש רישום; אם ירצה, יחליף בשנה הבאה. יהיה שוויון, אבל יש להפוך זאת. אין לקבל חוק המאפשר לשני הצדדים לרוץ ממקום למקום כל השנה; זה מבלגן את כל המערכת.

את זאת אמרתי, אבל נכון ממחר בבוקר - תהיה תקנה שתאמר כי אי-אפשר להעביר. אני פונה לכנסת לדחות את הצעת החוק, תוך קבלת ההתחייבות שלי שהתקנה המשווה תיכנס לתוקף מהיום.

אני לא צריך את השוט שלך, אני לא צריך שוט. לגבי האמירה שלך כרגע, אני לא צריך את השוט, אפילו את השוט התומך. אני מודיע לכנסת ואומר, שלא צריך להשאיר את המצב כפי שהוא אפילו לכמה ימים, כדי למנוע בלגן וניסיון למשוך ילדים מבית-ספר לבית-ספר.",1
78312,"לא. הטענה לא נכונה. כשישבתי שם, הוא לא הציג את עצמו. הוא לא דיבר.

אמרת שהייתי בכנס, וכך הוא הציג את עצמו שם. זה פשוט לא נכון.

קודם כול, אני מודה לחברי הכנסת, חברת הכנסת דליה איציק וחבר הכנסת דוד צוקר, שהעמידו את הדיון בדרך שלעניות דעתי צריך להעמיד אותו, כלומר לא באיזה שצף קצף של דברים צדדיים; זה דיון שבאמת צריך לדון אותו בחברה הישראלית, ואני שמח שהוא נפתח פה. אני אומר מראש שאני מציע שהוא יימשך בוועדת החינוך והתרבות. זה לא צריך לבלום אותי לעשות פעולות שאני חושב שצריך לעשות אותן, אין דבר כזה, אבל אני חושב שחשוב מאוד שהן ילוו, כל הזמן, בדיון הזה, וכי הוא יהיה בקצב או בביטוי הנכון, וכך עשיתם. אני רק אתייחס לכמה נקודות שנאמרו כאן כפתיחה לדיון, שנעשה אותו בוודאי שיטתי יותר בוועדת החינוך והתרבות, למשל. אני רוצה להעיר הערות מספר לגבי דעתי. קודם כול, אני מקבל את הדברים של חבר הכנסת צוקר, שכל אחד מאתנו שעוסק בחינוך בכלל או בכל תחום אחר, אבל בחינוך בוודאי, צריך לגשת אליו בענווה, בוודאי לא בכוחניות; גם תוך כדי הקשבה, ולדעת גם שהוא יצטרך לשמוח בחלקיותו. הוא לא הופך עולם. יכול להיות שיש מי שמשלים את עצמם שהם יכולים לעשות את המהפך העצום בכמה שנים, אבל זה עניין מצטבר, או דבר שצריך לעשותו, ובאופן כזה אני מתכוון לכל דבר, אבל גם בתחום הזה. אני רוצה להתחיל מהכיוון השני ולומר, כי אני חולק על גישתו של יזהר בענווה, אבל אני אומר זאת לעניות דעתי. אני חולק על העניין הזה שבמדינה כמו מדינת ישראל, האפשרות היא בין אינדוקטרינציה לבין שום דבר, במובן של מדינה נייטרלית. זאת לא מדינת אזרחיה, נקודה, אלא לפי חוקיה היא מדינה יהודית דמוקרטית. ואמרתי במקום אחר, שלא ראיתי כמעט שום מדינה לא טוטליטרית שבה כתוב: אנגלית דמוקרטית, צרפתית דמוקרטית, לאומית דמוקרטית. המהות היהודית של המדינה, עם זכויות מלאות, מלאות, מלאות לאזרחינו הערבים. לאזרחי המדינה - זכויות מלאות מלאות. אבל המדינה היא מדינה יהודית - - -

תפטור אותי מלענות לך. אם אתה מדבר על מדינת ישראל, אתה אזרח פה, אבל זו מדינה יהודית.

אני מקווה שפה אני אפילו בדעה אחת עם חבר הכנסת צוקר. עם חברת הכנסת דליה איציק אני בטוח מחזיק בעמדה אחת; זו מדינה יהודית.

ודמוקרטית. הרי אמרתי זכויות מלאות, מלאות, מלאות, כדי להגיד: דמוקרטית.

בהחלט. אני מוכן להגיד זאת עשר פעמים, אבל אמרתי זאת.

האם עלה על דעתך, גברתי היושבת-ראש, שאני מתכוון למשהו אחר?

היא לא רק מדינת אזרחיה, אלא היא מדינה יהודית - - -

נכון. תראו, זאת מחלוקת שקיימת - - -

היא מדינה יהודית, יש לה חוק השבות - - -

נכון. לא משנה, כל אחד בדעתו.

יהודית ודמוקרטית, אני מקבל את - - -

כן, בהחלט. אני רואה שאני מול חברינו הערבים, בסדר, ידעתי שזה יהיה העניין.

אמרתי, מול הערבים. לצערי, אזרחינו הנאמנים. לצערי - הוויכוח, אני אומר, אבל נכון, יש ויכוח. זו מדינה יהודית דמוקרטית, מדינת היהודים, כמו שהרצל אמר.

חבר'ה, אינכם מאפשרים לי לענות לעניין.

אם הם לא היו מאחרים הם היו יודעים מה אמרתי. אמרתי שיש להם זכויות מלאות, מלאות, מלאות.

אזרחים מלאים, אבל המדינה היא יהודית. מה מעמדם של היהודים באמריקה?

זה כבר דיון אחר, אבל כדאי לקיים אותו, כי הוא מחדד לנו קצת, חברת הכנסת - - -

אני אדבר על זה. מה עושה מדינת ישראל, שהיה בה שר של מרצ, והיא מחליטה על מאה שנות ציונות? מה עושים הערבים באותו זמן?

חבר הכנסת משה גפני, זה סיפור אחר.

אין סיפור אחר, בסדר, אתה הסיפור.

זה דבר ללא תקדים, מעולם לא ראיתי זאת.

לא, את תדאגי שאני אוכל לדבר.

יש לי מחלוקת עם יזהר - - -

הערבים הם חלק מהמדינה, ובמינהל לחינוך הערכי הזה גם הם ייקחו חלק במה שנוגע לתרבותם, למורשתם, לדתם, להבנתם הלאומית ונאמנותם לישראל, כל הדברים האלה, ולדמוקרטיה, כל זה חלק מהעניין, אבל תנו לי ללכת בכיוון שהיושבת-ראש התחילה לרמוז לו. גם יזהר, באיזה מקום, עבר איזה גלגול מאז. כלומר, נושא השבוי, למשל, ב""חירבת חיזעה"", לעומת החינוך שהיה בפלמ""ח וב""הגנה"" של אז לגבי טוהר הנשק. באיזה מקום לא אמרת להם: לכו תילחמו. אמרת להם: בכל זאת, בואו נילחם על כמה ערכים שלאורם אנחנו רוצים להתנהג, ולא כולם התנהגו כך אחר כך.

אני קודם כול עונה על שתי ההצעות לסדר-היום. השתדלתי להקשיב, אני משתדל לא להגיב מהנייר אלא לנסות לענות ולהשיב, אבל זה לא יכול להיות שלא יאפשרו לי לדבר. הזמן שלי חופשי?

לא יכול להיות 15 דקות כשעשר דקות - - -

דעתי הברורה היא, שמדינת ישראל איננה מדינה נייטרלית, היא לא מדינה אדישה לדמותה, היא גם לא כור היתוך, אני מסכים אתך, היא לא מקום שמערבבים את כולם לאותו דבר. בעיני היא פסיפס, היא מוזאיקה, יש לה חלקים שונים, וכל אחד מבטא - ואני אומר משהו לגבי המחויבות הרב-תרבותית. עם מחויבות, כפי שאני אומר, אבל הרב-תרבותיות שלך לצד שאתה עושה אותו. אין שום סכנה בהקשר הזה, מפני שבסופו של דבר את התורה הזאת מלמדים 100,000 מורים בעלי השקפות שונות, שאף אחד לא יכופף להם את היד ואת הראש. אני הולך לדבר אתם ממקום למקום, אני אעשה את זה - אחר כך אני אומר איך אני חושב שצריך לעשות את זה. הם יעבירו את זה בכיתות, לא אני ארצה בכל אלפי הכיתות הקיימות; המורים שלהם הם שילמדו אותם במקום. אבל רבים מהם, בממלכתי היהודי, מרגישים שלא מספיק במדינת ישראל לעסוק רק במדע, רק באוניברסליות; יש מקום גם לייחודיות, וזה לא מנוגד. הם לא מנגדים זה את זה. יש מקום, בחינוך הישראלי, לעסוק גם במה מיוחד לנו כיהודים, כמדינה יהודית, ולערבים כערבים, באשר לערבים. כאשר חשבתי על הדבר הזה אמרתי: בואו נפתח את הטקסטים, ויעשו אותם אנשים מגוונים. פגשתי בשבועות האחרונים, מלבד הפגישה עם הדמוקרטים שאני עוד מעט אומר עליהם משהו - אלה שעוסקים בדמוקרטיה ובאזרחות - ואמרתי להם שזה חלק מהעניין, מה שנקרא ועדת-קרמניצר. זה חלק מהעניין. פגשתי את אלה שעוסקים במה שאנחנו קוראים ועדת-שנהר, ומוצאים שם את ""אלול"", את ""אורנים"", את ""עלמא"", את ""שחרית""; פגשתי את צבן בהקשר מסוים, ואת ידלין בהסכם של בית-יציב, ואחרים ברמת-אפעל, שעוסקים בזה באופן נהדר. הם עוסקים בהכרת טקסטים ובהתמודדות אתם. כלומר, לא יכול להיות שעם ישראל בתקופה הזאת, בשבר הקיים, יהיה מנותק לחלוטין מאוצרות הדעת שלו עצמו. לדבר הזה יש הרבה משמעויות. אתה אומר: אני רוצה שהנוער שלנו יצטיין במדע ואני רוצה שנחזק את החלשים, וכל אחד מאלה צריך תוכנית. יש תוכנית הררי, יש תוכנית של יום לימודים ארוך ותוכניות אחרות; וצריכה להיות גם תוכנית שנוגעת במה שאני קראתי - הקניית ערכים. אפשר לקרוא לזה בכל שם שרוצים. כלומר, איך אתה נותן להם את היהדות שלהם, את הציונות שלהם, את הדמוקרטיה שלהם ואת האזרחות שלהם. איך אתה נותן להם כלים. אתה עצמך אמרת להנחיל וכדומה. אני אומר: נכון, איך אתה פותח לאנשים את האפשרות לעשות את זה. לכן אני אומר, שזה לא יהיה בדרך של אינדוקטרינציה. גם בחינוך הכללי לא כולם אותו דבר. אני אמרתי למי שרצה להקים את המועצה לחינוך הכללי, שהוא הרוב - %75: זה כבר לא יהיה רוב. נעשה משאל בין מורים, בין הורים, ויהיו כאלה שקרובים לליכוד וקרובים לצומת וקרובים למולדת וקרובים לכל אחד ואחד; ולפי זה יקבעו ההורים את דרכם כמו שהם רוצים. יכול להיות שזה טוב. כאשר אמרתי אולי יש מי שרוצה לחזור לשבטיות, לכיתתיות? יכול להיות. אני אומר: כן, טוב שהמדינה תיתן את הגרעין שלא צריך להתווכח עליו. כמו שאני חשבתי שלא צריך להתווכח עם יהודים על כך שצריך ללמוד תנ""ך; אף שאתה יכול לשאול למה, אולי אני רוצה ללמוד משהו אחר. את, דליה, שאלת: מי זה. פגשתי עכשיו מאות מנהלי בתי-ספר ומורים. מנהל ""בית-חינוך"" בירושלים, מנהל ""אליאנס"" בחיפה, מנהל בית-הספר התיכון של נשר. מאות שיושבים ולומדים ואומרים: נפתחו לנו דברים שאנחנו חושבים שאנחנו כן רוצים להתמודד אתם ולשתף בהם את התלמידים. דווקא בצורה אינטלקטואלית, קוגניטיבית, חווייתית, ברמה גבוהה. כלומר, כן להתמודד עם אוצרות הדעת וגם עם השפה המשותפת שצריך ליצור בין חלקים שונים בציבור, כדי שתהיה יותר הידברות בגילים רכים יותר, בין מורים, בין מחנכים, בין מפקחים, בין תלמידים. אני הייתי רוצה שיותר ויותר אנשים יעשו. אני אפגש בבתי-הספר. דליה או דדי, אתם אמרתם שיש ציבור שמרגיש שהוא נחנק.

ארבע דקות. גמרנו על ארבע.

חברת הכנסת איציק, זה גם לא נכון. כל פעם יש מישהו באופוזיציה ומישהו בקואליציה. אני לא אגיד לך מה אני הרגשתי במשך ארבע שנים. הצד השני שנמצא באופוזיציה גם מגזים. אני מקבל שיש הגזמה מכל צד. הוא מרגיש שעולמות נהרסים. לא.

יכול להיות, כל אחד לפי תחושתו.

נכון אמרתם פה - יש לנו בעיה בנושאים האלה. כמו שהיו מאשימים לפעמים את יהודי ארצות-הברית או יהודים במקומות אחרים בנאמנות כפולה, כלומר, לערכים כאילו סותרים. אין אדם שאין לו כמה נאמנויות בלבו אם הוא איש בר לבב ובר נפש. כלומר, יש לו אמונות מסוימות - מוסריות, ערכיות, לאומיות, חברתיות. ונצטרך למצוא דרך - זה חלק מהשפה של קרמניצר דווקא - איך אנחנו מגיעים זה אל זה ומדברים בינינו כדי שנוכל להבין את הדברים האלה ולהסכים עליהם. לא שאני מסכים אתך, שאני צריך להתנהג כמוך ואתה צריך להתנהג כמוני. זאת לא הכוונה. אלא הכוונה שכולנו נדע מהם אוצרות הדעת שלנו. נתחיל באוניברסלי ונראה שאין סתירה בין ייחודיים לכלליים. ניתן למגזר הערבי באמת יותר מאשר עד עכשיו, לעסוק בערכים שהוא מאמין בהם והם היו בצמצום. לא רק לבנות בניינים, וזה חשוב, אלא גם לדבר על הדברים האלה. אלה הכיוונים שאני חושב עליהם ורוצה אותם.

גם פה יש גוונים. אני מכיר את זה, חבר הכנסת צוקר. עכשיו אני מסיים, כיוון שהיושבת-ראש, בצדק, לא נותנת לי להמשיך. אין ספק שזה יהיה הכיוון של ועדת ההיגוי. אני לא נכנס בדיוק לשאלה איך זה יהיה מאורגן. אני עצמי אפילו לא יודע איך זה יהיה מאורגן. אני יודע על מה הוא יהיה מבוסס - לתת משקל גדול מאוד למה שנקרא ועדת-שנהר, משקל גדול מאוד למה שנקרא ועדת-קרמניצר. כלומר, לתת משקל גדול לאותם תחומים שבהם אנחנו עוסקים בערכים יהודיים, ציוניים, אזרחיים, דמוקרטיים. לתת לדברים האלה משקל גדול במערכת. לא מספיק לתלמיד ישראלי ללמוד רק את הדברים האחרים. עכשיו לגבי האדם המסוים. ודאי שפורמלית וחוקית נפעל בדיוק כמו שפעלו כל שרי החינוך האחרים; כך אני רוצה לקוות - באופן אמיתי, באופן חוקי. המכרז יהיה מכרז. אני בשום אופן לא מקבל חשדנות של כולם. לומר שאדם פסול מכיוון שהיה ב""בני עקיבא"". זה פוסל גם אותי, גם אני הייתי ב""בני עקיבא"".

רק מאחר שהיושבת-ראש מכריחה אותי, אני אומר: אנחנו נעשה לפי החוק. הוא באמת אדם מצוין. אמרו עליו הרבה דברים, ולא הוא אמר את כל הדברים האלה, והוא לא חושב שצריך להיות רוב לא דמוקרטי אמיתי.

יהיה מי שייבחר, ואני חושב שהוא ראוי להיבחר. הוא ראוי מאוד להיבחר. כל עוד שהוא לא נבחר הוא לא נבחר, אבל הוא ייבחר כמו שצריך.

לכן אני מציע, כיוון שלא נותנים לי יותר אפשרות לשכנע את החברים שאני צודק, להעביר את הנושא לוועדת החינוך.

אם מבקשים לקיים את הדיון במליאה, לא אכפת לי.",1
78326,"קודם כול, אני קושר את הנושא הזה גם לדיון הקודם. אני מאוד מצטער לשמוע מחלק מהדוברים, כמו חבר הכנסת עזמי בשארה, דברים שמהם משתמע כאילו יש פה איזו מחלוקת על היותה של מדינת ישראל מדינה יהודית. כאילו כאשר אני אומר מדינה יהודית, שלכל אזרחיה יש זכויות, זה לא טוב. זו מדינה יהודית, לפי חוק, אלא אם כן אתה רוצה לשנות את החוק הזה.

ומכאן לנקודה שנייה. אני חושב שלא נכון עשית כאשר ביטאת דברים שמהם השתמע שכאילו זו שגיאה של מערכת החינוך הישראלית כאשר היא רוצה לחנך ולעודד אנשים להגן על עמם ועל מולדתם. זה יכול היה להשתמע מהדברים שלך. כך אני שמעתי אותם. אתה אומר שאין זה תפקידה של מערכת החינוך לעודד גיוס לצה""ל. נכון שתפקידה של מערכת החינוך הוא לחנך אותם גם לדברים מוסריים כלפי כל האזרחים, לפי הדוגמה שהעלית, אבל חובתה בהחלט לחנך את האנשים להקדיש נפשם וזמנם להגן על מולדתם ועל עמם. מותר למדינה להחליט שהיא רוצה להוקיר את הלוחמים שלה, את מי שמקריבים את נפשם ונותנים את זמנם שלוש שנים למדינה, ולומר להם: ניתן לכם פתרונות שונים, אם זה דרך חוק חיילים משוחררים, שכולל מלגות ומשכנתאות, או בכל דרך אחרת. אדם שמקריב את נפשו, מגיע לו שיהיו לו יתרונות. אני בהחלט אומר את הדבר הזה. אני הייתי אפילו מבחין בין מי שלוחם ממש לבין מי שעושה פחות. כלומר, אני מבחין בין מי שמקדיש לנושא הזה הרבה מכוחותיו, ואומר שמגיע לו יותר. אבל, אין לזה שום קשר, ואני אומר זאת באופן חד-משמעי, ידידי חבר הכנסת מסאלחה, עם פגיעה במלגות של הערבים לאוניברסיטאות. זה גם לא יהיה בעתיד. אין לזה שום קשר עם פגיעה במלגות של הסטודנטים הערבים באוניברסיטאות. אם אנחנו באמת רוצים לתת יתרון בקריטריונים למי שמשרתים בצבא וכדומה, כי אז צריך להגדיל את מספר המלגות, ולאפשר לתת להם נקודות או בונוס, כפי שאתה הגדרת את זה. אני חושב שזו הכוונה, וצריך שיהיה ניקוד מועדף ובונוס, אבל זה לא צריך לפגוע באחרים, ואין לקשור בין הדברים. למדינה מותר, והיא אף צריכה להגיד שהיא מעודדת, אבל היא צריכה לא לעשות - - - לכן, אני אומר שאני חושב שכן צריך לתת העדפה בנקודות למי שמקדיש שנים לצבא, אבל זה לא צריך לפגוע אף לא באחד מהסטודנטים הערבים, ואני צריך לדאוג לכך שיהיו אמצעים מספיקים, כדי שהם לא ייפגעו ולא יהיו פחות ערבים שיקבלו מלגות. אין פה שום כוונה צדדית, יש פה כוונה לגופא; לא יותר מזה. לכן, לא צריך גם לבטל החלטה, כי אין החלטה לשנות, ולא צריך לבטל החלטה. אני מציע לכנסת, אם לא להסתפק בדברי, ואני מניח שלא יסתפקו, כי אז להעביר את הנושא לוועדת החינוך.

ביקש סגן השר פלד רשות לומר משהו במשך שתי דקות, וברצון אאפשר זאת מזמני. אמרו עליו כאן דברים שהוא רוצה להגיב עליהם ולהעמיד דברים על תיקונם. וגם חברים ביקשו ממנו שיאמר.

אמרתי שאם אתם מסתפקים בדברים שאמרתי, אני מודיע לכם שזאת כוונתי, ואז אולי נסתפק בזה. זה עדיף בעיני. זו כוונתי, חד-משמעית, ואמרתי זאת עוד באותו יום. למה להמשיך לחטט בזה ולהעביר לנושאים אחרים? אם אתם מסתפקים בדברי, אני מאוד אשמח.

מה שקובע הוא דברי, היינו: שיינתן ניקוד מועדף לחיילים משוחררים ולבוגרי שירות לאומי, וזה איננו בא על חשבון מלגות לערבים. שירות בצה""ל לא יהיה תנאי לקבלת מלגות.

גברתי היושבת-ראש, אם היתר לא מסתפקים, גם הצעתו מגיעה לוועדה.",1
78340,"אדוני היושב-ראש, חברי הכנסת, המחקר של פרופסור בר-טל לא הגיע לידי ולידיעתי, אינני יודע עד כמה הוא אכן כפי שהכותרות צועקות, וכדי להתייחס לדברים ולדעת באופן ענייני מה באמת קורה בספרי הלימוד בהקשר זה, צריך לקרוא את המחקר עצמו ואחר כך נוכל להתייחס אליו, אם צריך, באופן שצריך. עכשיו אומר פה בהערה, ואני אומר את זה כלפי חברינו הערבים: אני לא יודע אם הסטיגמות והתיוגים כלפי ישראלים - נדמה לי שחבר הכנסת זיסמן, יושב-ראש ועדת החינוך, אמר את זה - בספרי הלימוד בארצות ערב, אפילו מאלה שמצויות ביחסי שלום אתנו, השתנו לטובה. חוששני שלא. לפי מיטב ידיעתי לא שינו את הסטריאוטיפים כלפי יהודים וישראלים. זה לא אומר שאנחנו צריכים להיות אותו דבר, אבל אני אומר: כדאי לדעת שראוי להידבר גם בעניין זה. עוד נקודה אחת: אני מאוד מקבל את מה שאמרו חבר הכנסת רחבעם זאבי, חבר הכנסת זיסמן וחברים נוספים, שיש מקום לחזק את רוחם של תלמידינו באשר לצדקת הדרך שלנו, של יהדות וציונות ודמוקרטיה. כלומר, יש מקום לומר את זה בפירוש בספרי הלימוד שלנו. כפי שאתה אמרת לגבי יהדות, כפי שאמרנו לגבי ציונות ודמוקרטיה. צריך להביא את הדברים האלה, ולא צריך להיבהל ולומר: יש פעמי שלום, ואז לא צריך לומר מלה אחת על היותנו ועל מה שאנחנו. יש לחזק את זה אפילו. עם זאת, אני אומר בפירוש, שאם יש כינויי גנאי ודימויים שקריים, כפי שחלקם הוזכרו, שפוגעים בערבים - חובתנו לשנות זאת מייד. אבקש מיושב-ראש המזכירות הפדגוגית של המשרד שלנו, פרופסור עוזר שילד, וגם מהאחראים לתוכניות הלימודים, ללמוד את הדברים בהקדם ולהמליץ לתקן את כל מה שצריך לתקן. אני לא מתנגד לדיון בעניין בוועדת החינוך.

חברת הכנסת בלומנטל אמרה דברים מאוד חשובים, רק לא ראיתי אותה כאשר נכנסתי.",1
78535,"קודם כול, אני קושר את הנושא הזה גם לדיון הקודם. אני מאוד מצטער לשמוע מחלק מהדוברים, כמו חבר הכנסת עזמי בשארה, דברים שמהם משתמע כאילו יש פה איזו מחלוקת על היותה של מדינת ישראל מדינה יהודית. כאילו כאשר אני אומר מדינה יהודית, שלכל אזרחיה יש זכויות, זה לא טוב. זו מדינה יהודית, לפי חוק, אלא אם כן אתה רוצה לשנות את החוק הזה.

ומכאן לנקודה שנייה. אני חושב שלא נכון עשית כאשר ביטאת דברים שמהם השתמע שכאילו זו שגיאה של מערכת החינוך הישראלית כאשר היא רוצה לחנך ולעודד אנשים להגן על עמם ועל מולדתם. זה יכול היה להשתמע מהדברים שלך. כך אני שמעתי אותם. אתה אומר שאין זה תפקידה של מערכת החינוך לעודד גיוס לצה""ל. נכון שתפקידה של מערכת החינוך הוא לחנך אותם גם לדברים מוסריים כלפי כל האזרחים, לפי הדוגמה שהעלית, אבל חובתה בהחלט לחנך את האנשים להקדיש נפשם וזמנם להגן על מולדתם ועל עמם. מותר למדינה להחליט שהיא רוצה להוקיר את הלוחמים שלה, את מי שמקריבים את נפשם ונותנים את זמנם שלוש שנים למדינה, ולומר להם: ניתן לכם פתרונות שונים, אם זה דרך חוק חיילים משוחררים, שכולל מלגות ומשכנתאות, או בכל דרך אחרת. אדם שמקריב את נפשו, מגיע לו שיהיו לו יתרונות. אני בהחלט אומר את הדבר הזה. אני הייתי אפילו מבחין בין מי שלוחם ממש לבין מי שעושה פחות. כלומר, אני מבחין בין מי שמקדיש לנושא הזה הרבה מכוחותיו, ואומר שמגיע לו יותר. אבל, אין לזה שום קשר, ואני אומר זאת באופן חד-משמעי, ידידי חבר הכנסת מסאלחה, עם פגיעה במלגות של הערבים לאוניברסיטאות. זה גם לא יהיה בעתיד. אין לזה שום קשר עם פגיעה במלגות של הסטודנטים הערבים באוניברסיטאות. אם אנחנו באמת רוצים לתת יתרון בקריטריונים למי שמשרתים בצבא וכדומה, כי אז צריך להגדיל את מספר המלגות, ולאפשר לתת להם נקודות או בונוס, כפי שאתה הגדרת את זה. אני חושב שזו הכוונה, וצריך שיהיה ניקוד מועדף ובונוס, אבל זה לא צריך לפגוע באחרים, ואין לקשור בין הדברים. למדינה מותר, והיא אף צריכה להגיד שהיא מעודדת, אבל היא צריכה לא לעשות – – – לכן, אני אומר שאני חושב שכן צריך לתת העדפה בנקודות למי שמקדיש שנים לצבא, אבל זה לא צריך לפגוע אף לא באחד מהסטודנטים הערבים, ואני צריך לדאוג לכך שיהיו אמצעים מספיקים, כדי שהם לא ייפגעו ולא יהיו פחות ערבים שיקבלו מלגות. אין פה שום כוונה צדדית, יש פה כוונה לגופא; לא יותר מזה. לכן, לא צריך גם לבטל החלטה, כי אין החלטה לשנות, ולא צריך לבטל החלטה. אני מציע לכנסת, אם לא להסתפק בדברי, ואני מניח שלא יסתפקו, כי אז להעביר את הנושא לוועדת החינוך.

ביקש סגן השר פלד רשות לומר משהו במשך שתי דקות, וברצון אאפשר זאת מזמני. אמרו עליו כאן דברים שהוא רוצה להגיב עליהם ולהעמיד דברים על תיקונם. וגם חברים ביקשו ממנו שיאמר.

אמרתי שאם אתם מסתפקים בדברים שאמרתי, אני מודיע לכם שזאת כוונתי, ואז אולי נסתפק בזה. זה עדיף בעיני. זו כוונתי, חד-משמעית, ואמרתי זאת עוד באותו יום. למה להמשיך לחטט בזה ולהעביר לנושאים אחרים? אם אתם מסתפקים בדברי, אני מאוד אשמח.

מה שקובע הוא דברי, היינו: שיינתן ניקוד מועדף לחיילים משוחררים ולבוגרי שירות לאומי, וזה איננו בא על חשבון מלגות לערבים. שירות בצה""ל לא יהיה תנאי לקבלת מלגות.

גברתי היושבת-ראש, אם היתר לא מסתפקים, גם הצעתו מגיעה לוועדה.",1
78954,האם אני יכול לסמן אחד או שניים?,1
79440,"אדוני היושב-ראש, חברי הכנסת, לא צריך להגיד שהצטערתי מאוד על ההתבטאות הלא-צודקת והלא-מוצלחת בסיעת המפד""ל. קודם כול, כפי שנאמר כאן, מפלגה לא יושבת ומחליטה על תקציב של משרד ממשלתי. זה ערבוב תחומים שמקומו לא יכירנו ואסור לעשות אותו. שנית, כשר החינוך והתרבות, אפשר להחליט שהדתיים אומרים: אנחנו מסתגרים לנו בתוך משרד הדתות לעולמי-עד, ואנחנו לא יכולים להיות אחראים למערכת שלמה של חינוך ותרבות במדינה, מפני שאנחנו חושבים שכל היתר פסול. אבל אפשר לומר: אנחנו עם אחד שיש בו קצוות, אבל חלק גדול ממנו - לפי דעתי, %80 ממנו לפחות - מוכן להתווכח, לדון ובסוף להתפשר, להגיע להבנה ולכבד האחד את השני. כשר החינוך והתרבות אני רואה עצמי אחראי מבחינה ממלכתית וציבורית לכל האזרחים, לסייע לחינוך שלהם ולתרבות שלהם, כפי שהם בוחרים אותה. לא נכון להעמיד את זה כאילו התרבות היא של בודדים. זו פשוט שגיאה: מאות אלפים משתתפים בתרבות הזאת, יש גם תרבות לשכונות ויש אמנות לעם. יכול להיות שצריך להרחיב. זה מאבק מסוג אחר. תבוא ותאמר: במקום שישבו בתוך הערים, יקבלו יותר סבסוד כדי לנסוע יותר ברחבי הארץ. אבל יש לנו תזמורות מהטובות בעולם, והרבה יהודים דתיים גם כן הולכים לשמוע מוזיקה, חבר הכנסת אזולאי, וחלק הולכים לתיאטראות, מציירים ועושים ספורט וקוראים ספרים בספריות. לא כולם יושבים ואומרים: זה לא שלנו.

זו בדיוק הנקודה. לא אתה יזמת את העילה לכל העניין, אבל אני מצטרף לכך ואומר: אני מרגיש שיש מצוקה של מוסדות החינוך והתרבות הדתיים, או אלה שרוצים לשקף באופן יותר מובחן, כפי שמבינים היהודים הדתיים, שאני ביניהם, את ערכי התרבות וכדומה. אני יודע שזה לא מצדיק את העמדה האומרת שהם לא ראויים לעזרה מספקת. זה מאבק לגיטימי. יבואו אנשים, נציגי מפלגות דתיות ואחרים וישפיעו גם על לא-דתיים, ויגידו להם: בואו נרחיב את התרבות התורנית, בוא נגביר את התרבות של ערכי יהדות, אבל לא צריך לנכר את זה ולנגד את זה לתרבות האחרת שהיא לא תרבות יוון, היא לא תרבות פסולה - היא תרבות ישראלית, יהודית ולא-יהודית. כלומר, יש בה כמה דברים, שלפי דעתי צריך לפעול בכיוון שלהם. זו שגיאה בלתי רגילה לומר שאנחנו אומרים, כמו שביטא את זה, נדמה לי, חבר הכנסת זיסמן, שכל פעם שישתנה פה שלטון או כל פעם שיבוא שר אחר, הוא לוקח את כל הקופה ומעביר אותה לצד שלו. אין דבר כזה. אתה גם צריך להבין שלא לעולם יהיה שר חינוך דתי. יכול להיות שרוב הזמן יהיה פה שר חינוך לא דתי במשרד החינוך והתרבות. צריך שתהיה תרבות כזאת, הדדית, כך שכל מי שיהיה בתפקיד לא יבוז לאחר ולא ימחק אותו. כלומר, הוא יצטרך לראות את הדברים כפי שצריך. לכן, כשמעמידים את זה באופן כל כך מנוגד, כאילו רצון לרוקן אחד ולמלא את השני מההורקה של האחד, זה איננו תורם דבר. משום כך, לפי דעתי צריך לפתח תרבות תורנית, צריך לפתח תרבות ישראלית. אין ספק שצריך לפתח פה תרבות, אבל צריך גם להיפתח זה לזה. אנחנו צריכים להיות ערים לכך דווקא בחג החנוכה, היות שהזכרת אותו, שיהדות אינה עומדת בסתירה לתרבות, אינה עומדת בסתירה לאוניברסליות. כלומר, יש מי שרוצים להגיד לנו: אתם סגורים בגטאות שלכם מלפני אלפי שנה, אבל יש ערכים. זו שגיאה של מי שאומר זאת. דווקא מתוך היהדות יש בנו הומניסטיקה, אנושיות, התנהגות כמו שצריך, ערבות הדדית, אחריות הדדית - זה חלק מן העניין של העם שלנו. גם אתה, גם תנועתך כן רואה את עצמה לא רק תנועה סגורה בתוך הדתיים; כולנו חיים כאן יחד וצריכים לכבד זה את זה. אפשר להתווכח, אפשר לדון. לא מלחמת תרבות, הייתי אומר. צריך לבנות פה דיון, לבנות פה מצע משותף, להתמודד על דמות רשות הרבים, התמודדות דמוקרטית, רוחנית, ערכית, דיונים. כל זה בסדר.

ההתמודדות היא בתחומים הרבה יותר גדולים, במערכות של בני אדם, במערכות של חברה. דרך אגב, זה גם לא נכון שזה 600 מיליון, זה 250 מיליון. זה ערבוב של כל מיני תקציבים שמעבר. היתה טעות בלתי רגילה, לפי דעתי, ואני מודיע חד-משמעית שאפעל כמו שהסברתי, כמו שאני מבין שצריך לפעול. לחזק תרבות תורנית - בסדר גמור, המדינה יכולה לתבוע ולהוסיף, אני תומך בזה מאוד. אבל יש לכבד את התרבות הישראלית שקיימת פה ולתת לה את האמצעים שלה. לכן אני אפעל, בלי קשר בין שני הדברים, לכך שהתרבות תפרח וגם היהדות תפרח. אני מציע לכנסת, אם תסכימו, להסתפק בתשובתי ולא להעביר את הנושא לוועדה או לקיים בו דיון.

כן, אני חושב שהתרבות הערבית היא בפירוש תרבות ראויה בכלל, ובוודאי במדינת ישראל היא ראויה לסיוע ולהתפתחות, ואותם שינויים שהתחילו בהם, אני בפירוש לא רואה אותם בסתירה לעמדתי.

אני מציע להסתפק בתשובה הזאת, כדי שלא לפתח דיון סביב אמירה שנאמרה במקום מסוים. העניין עצמו שווה דיון במליאה, על דמותה התרבותית של מדינת ישראל. דרך אגב, נדמה לי שיש לנו דיון כזה בקשר להצעה אחרת שהצעתי פעם - על דמותה היהודית, התרבותית של מדינת ישראל. אבל לא כדאי לתלות את זה באמירה של מישהו מסיעת המפד""ל. אם אתם מסכימים.",1
80423,"אדוני היושב-ראש, חברי הכנסת, בית-הספר הוא לא מוסד שבנוי בתוכנו ומתקיים כאילו על פלנטה אחרת. בתי-הספר מוקפים בגדרות אבל לא בחומות, ואנחנו עושים כמיטב יכולתנו כדי ליצור בבתי-הספר אקלים טוב יותר מזה שמושל בחברה שלנו כולה. אבל בית-הספר הוא לא בועה סגורה. אנחנו מסננים, אבל אנחנו לא יכולים לאטום את הכיתה כחדר סטרילי. יש רוחות רעות ומדיחות שמנשבות ברחובות שלנו, והן חודרות גם לבתי-הספר. אנחנו לא מרימים ידיים; להיפך, אנחנו מאיצים במערכת להתעלות על עצמה כדי למנוע, כדי לחסן, כדי לטפל, כדי לרפא. מה תעשה ועדת חקירה? היא תאמר שאנחנו לא עושים את כמיטב יכולתנו? אז אפשר לומר זאת עכשיו. יושב-ראש הוועדה למלחמה בנגע הסמים אמר עכשיו שלא עושים. לא צריך ועדה בשביל זה. אבל אם היא תגיע למסקנה שעושים, אבל צריך לעשות יותר - היא תאמר מה שאני אומר עכשיו. אנחנו מתחייבים לטפל בעניין וברצון גם בליווי ועדת החינוך והתרבות והוועדה למלחמה בנגע הסמים, באופן רצוף, אבל ועדת חקירה שתיכנס לתוך בתי-הספר, ועדת חקירה פרלמנטרית - - -

בבקשה; תהיה ועדת מומחים - בבקשה; לא ועדת חברי כנסת.

אם תהיה ועדת מומחים - ואנחנו נדבר על ההרכב שלה - שבודקת מה קורה, אבל לא פוליטיקאים שייכנסו לתוך בתי-הספר כדי לבחוש בעניין.

אני רוצה להמשיך, לא גמרתי.

אני אשמע מייד. אני רוצה לומר כמה מלים על הנושא עצמו, ברשותכם. אני אומר, שאלה שמספקים לצעירים שלנו, בסחר האיום שלהם, את הסמים, הם רוצחים ופושעים אולי מהגרועים ביותר שבין הרוצחים שיש, אף שהם לא רואים את הקורבן שלהם מולם. הם שולחים את הנוער - הם גורמים לרבים מבני הנוער שהחיים שלהם יאזלו וייגמרו, והם מדיחים אותם, בעצם, להתאבד. אלה שצורכים סמים, בין נוער בין מבוגרים, אבל נוער בוודאי, יודעים שהם קונים איזה ריגוש של שעה במחיר החיים שלהם, והם יודעים שהם לא יצרכו את הסם הממית, כפי שלפעמים הם אומרים לעצמם - במידה; הם ייקחו מידה קטנה ובזה הם ייגמרו את העניין. אין משורה ואין מידה. אני חושב - אני לא חושב, אני בטוח - שאתה צודק כשאתה אומר שההבחנה בין סמים קשים לקלים לא תעמוד לכל אותם מאות אלפים שהתחילו בקל וגמרו כמו שהם גמרו. לכן הרוצחים והמתאבדים נפגשים כאן, ואנחנו צריכים להפריד ביניהם. הצבא והמשטרה, באמת זאת חובתם לאסור מלחמה על הרוצחים למיניהם, הגדולים והקטנים. המחנכים צריכים לאסור מלחמה, אם מותר לומר כך, על המתאבדים, והמחנכים אלה הם הורים, אחים ואחיות, קרובי משפחה, מורים, מדריכי נוער, יועצים וכל מי שאמון להנחיל חיים, לקיים אותם, לתת להם תוכן. אני חושב, שיושב-ראש הוועדה, חבר הכנסת אלי בן-מנחם, אמר נכון שהרוצחים אינם נלאים שעה אחת. הם לא מתעייפים. הם משכללים כל מיני תחבולות איך להיכנס עם זה, והילדים שלנו, אלה שעושים את זה ומתאבדים, משביעים אותנו, את כל מערכת החינוך, לא לנוח, לא להתעייף, לא להתייאש ולהיאבק כדי להציל ולקיים את הנפש שלהם. האתגר הגדול שאני רואה, של הקהילה המחנכת, הוא ליצור אווירה כזאת שיהיה קשה למכת הסם להתקיים. אבל אי-אפשר לעשות זאת לבד. אנחנו מחויבים, באומץ לב, לזהות את המזהמים, לקרוא להם בשם ולנטרל את הפגיעות שלהם. כל אנשי הרוח, התרבות, האמנות, היצירה והתקשורת צריכים להיות ערים ואמיצים - - -

הבנתי שהיא ממרידה אותך, בסדר.

אני אומר שהם צריכים לדאוג לכך, זה קשור בזה, לשלול בכלל בארץ אווירה מתירנית, ניהיליסטית והדוניסטית, מפני שהגבולות בין חופש מוחלט לבין אחריות דקים. לא המדינה צריכה לקבוע אותם. אבל, בבקשה, אנשי הרוח שיבדקו את עצמם ולא יהיו רק סמנים של החופש המוחלט אלא גם סמנים של האחריות. מה הבעיה?

תודה. חברי הכנסת, הנגע הזה איננו מבחין בין עשירים לעניים. אני רואה את חובת משרד החינוך לחנך את התלמידים, ללמד אותם לחיות חיים בריאים ללא שימוש בסמים. עכשיו, אני אומר את מיטב הנתונים שידועים לנו ולמשטרה. יכול להיות שיש לוועדה נתונים אחרים, אני ארצה ללמוד אותם. זה לא פוטר אותנו מהעניין שאני הולך לדבר עליו עכשיו, אבל ברצוני פשוט להציג את העניין. לפי הנתונים האלה, רוב השימוש בסמים לא נעשה בין כותלי בית-הספר, אלא בשעות הפנאי במסיבות פרטיות, במסיבות אסיד, בפאבים, בדיסקוטקים, שהנוער הולך אליהם. יכולתי לפרט תוכנית תלת-שנתית מאוד רצינית שהתחילה להתבצע במשרד החינוך בשנה שעברה, שאולי אין די בה, אבל היא משתדלת כמיטב יכולתה להתמודד עם השאלה הזאת. אני מאוד ארצה שקודם כול ועדת החינוך של הכנסת והוועדה למלחמה בנגע הסמים, עם אנשי משרד החינוך יעבדו במשותף על התוכנית הזאת. והכול יהיה פתוח. משרד החינוך לא יסגור דבר בפני הכנסת, אבל אני לא מציע - וזה מה שאמרתי קודם לכן בהערת אגב ראשונית - שבאופן פתוח כל כך תקום ועדת חקירה של חברי כנסת, ועדת חקירה פרלמנטרית, שתיכנס אל תוך בתי-הספר. ואני לא רוצה להרחיב. חברי הכנסת יודעים מה פירוש הדבר.

בסדר, לא ועדת חקירה, ועדת בדיקה. אין מחלוקת על הצורך לטפל בבעיה באופן רציני. יש בעיה ערכית וחינוכית. גם אין לסמן בתג של איזו סטיגמה עבריינית וחולנית את מירב הנוער, כמו שאמר יושב-ראש ועדת החינוך. את נושא ה""ריטלין"" אני אבדוק עד הסוף, ואני אדווח לכנסת על כך בנפרד.

זה בשבילי חידוש מדהים, שכאילו בשנים האחרונות יש קשר בין מורים לבין יצרני תרופות - - -

אני מסביר. אמרתי שאבדוק. אני אמרתי שאני, באופן אישי, אבדוק את הנושא עם אנשים במשרד החינוך, ואני אדווח לכנסת ולוועדת החינוך.

את הכול, בוודאי, אנחנו מציעים אפילו עבודה יותר מורחבת מאשר הבדיקה שלי. יש לי פה בעיה, שאם הפרטים שציינת נכונים, זה דבר ממש מדהים ומזעזע וחייב טיפול מיידי. ואם זה נכון שכך מרדימים את התלמידים בבתי-הספר בהמוניהם, כדי שיהיה שקט למורים, זה נראה לי מאוד מרחיק לכת ומופלג. אבל אני אמרתי שאני אבדוק את הנושא.

אם מדובר על שבוע הסמים או יום הסמים - - -

שבוע בין-לאומי למלחמה בסמים. אם ראש הממשלה יבוא לכאן הוא בוודאי יאמר שאם הכנסת תקרא להגביר את התקציב ואת הכלים של הרשות - אני בעד שנעשה את זה. לגבי משרד החינוך, אני לא מטפל בכל הנושא. אני מייד אשמע את חבר הכנסת ריבלין. אני אבקש להקים ועדה מקצועית שתבדוק במשך חודשיים, שלושה חודשים, ותדווח לוועדת החינוך של הכנסת. אני אפילו מציע שתהיה ועדה משותפת שלכם בנושא - - -

אני מקבל גם את זה, שאנחנו נביא את החומר לפני ועדת החינוך. מה פירוש ועדה? - כלומר, ועדת החינוך וועדת הסמים. אנחנו נביא את החומר לפניה, והיא תדון בנושא בהרחבה, תקבל את כל החומר וכל העניינים. זאת אפשרות אחת. אפשרות שנייה היא, שאני אבקש מאנשי מקצוע מתוך משרד החינוך לבחון את העניין במקביל. ואני מציע שברוח זאת נקבל את ההחלטה.

אני מוכן לחזור. קודם כול, ועדה משותפת של ועדת החינוך עם ועדת הסמים - - -

אתה שואל אותי מה אני מציע מבחינה טכנית - להסיר או להעביר לוועדה?

יכול להיות שאפשר להגיע להסכמה בכנסת, וזה עדיף - - -

נכון, זה הניסיון שלי. זה מה שאני מנסה לעשות. אני מנסה להציע הצעה ברוח הדברים שדיברנו בקריאות הביניים תוך כדי הדיון - - -

אני מציע, ברוח הדברים שכולנו אמרנו: 1. הדיון בכנסת יעבור לוועדה משותפת של ועדת החינוך והוועדה למלחמה בנגע הסמים; 2. אנחנו נקים ועדת מומחים שתבדוק את העניין, והיא תעמוד לרשות הוועדה הזאת בטיפול שלה בעניין.

משרד החינוך, לגבי בתי-הספר. אם ראש הממשלה רוצה שהממשלה - הממשלה. אני כשר החינוך אקים ועדת מומחים חיצונית שתבדוק את העניין הזה.

היא תעבוד בשילוב עם הוועדה המשותפת.

יש לה קונוטציה אחרת. את מבינה את זה, לכן את שואלת אותי.

אני לא רוצה לתת סטיגמה למערכת החינוך כולה, שכולה נגועה בסמים, וגם את לא צריכה להיות מעוניינת בכך. כי זה גם לא נכון. אז אל תעשו את זה. אין לי שום אינטרס כיתתי בעניין הזה. זה גם לא טוב למערכת החינוך.",1
80701,"אדוני היושב-ראש, האם אני יכול להתייחס?

בסדר. אבל גם אנצל את דבריך על מנת להסביר את תפיסתי בעניין. קודם כול, לגבי הנושא של תיכון חינם - זה לא רק שהכנסת אישרה את החוק, אלא אני יזמתי אותו אז, ולא רק שיזמתי אותו, אלא נאבקנו קשה מאוד על מנת שהוא יתקבל. באמת נאחזתי באותו רעיון שאתה, היושב-ראש, אמרת, שילדים לא צריכים להיות תלויים בשרירות הלב של הוריהם, ולא משנה אם יש להם כסף או אין להם כסף. אני עצמי נפגשתי עם הרבה ילדים שבאו אלי לחצר משרד החינוך ואמרו: להורים שלי יש, אבל מסיבות של מס הכנסה ומכל מיני סיבות, ולא משנה מה הן, הם לא נותנים, או שהם לא מעוניינים והם רוצים שאעבוד וכדומה. כאן יש הזדמנות בלתי חוזרת. אני חושב שזו היתה הצלחה גדולה, והרבה תלמידים שלא למדו הצטרפו למעגל הלומדים. לכן, אני מודה לך שהזכרת זאת. אגיד לך מה הוויכוח בנושא של יום חינוך ארוך בהקשר זה. קודם כול, באמת צריך לשבח את הממשלה כמו שרמזת, שגם בתקופת הקיצוצים הזאת היא משקיעה 400 מיליון שקל למטרה הזאת. מובן שאם היו לנו 2 מיליארדי שקלים או 2.5 מיליארדים היינו הולכים על כל המערכת, והיה יפה מאוד אם התלמידים כולם היו מקבלים יותר שעות ביום דעת. ואינני נכנס לוויכוחים ולדקויות. אבל בסך הכול נניח שזה כך. אני אומר, שאם יש לי כסף לתת ל-200,000 ילדים, אני מעדיף קודם כול, ובעיקרון, את 200,000 הילדים שאין להם. תראה, ההורים של ה=%20 העליונים בחברה הישראלית משקיעים בכל ילד 5,000 שקל בשנה. %20 התחתונים משקיעים בכל ילד 500 שקל.

את הפער הזה משרד החינוך צריך לתקן. לכן, קודם כול, אני הולך לאותם יעדים בשני העשירונים התחתונים, ואני אומר: אני צריך לתת להם. עכשיו, יש בעיה נכונה שציינת, והיא נוגעת לסטיגמה. אגיד לך מה - בפועל היא לא תהיה; ואגיד לך למה - מפני שבסופו של דבר נלך לכיתות, לבתי-ספר ולערים ולעיירות שבהם זה מצבם של כל התלמידים או רובם. לכן, אני אומר: בדרך כלל זה לא מצב שבו אני דולה איזה בודד חלש מבית-ספר אחר, כי יש עליו סטיגמה, אלא בסך הכול בדרך כלל מדובר בכיתות שלמות, בעיירות כמעט שלמות. אבל אני הייתי אומר, שאם יש לי סכום כסף מסוים - אני לא רוצה לתת אותו לילדים החזקים באותה עיירה. למשל, קח את יבנה. יכול להיות שביבנה יש היום ילדים מאוד חזקים. מדוע אני צריך לשלול מ-50,000 ילדים עניים במקום אחר, מפני שנתתי לילדים החזקים ביבנה? לכן, אני אומר שהרעיון הזה הוא הרעיון, עם רגישות ועירנות לנושא הסטיגמה. בזה אני מסכים אתך. יש עוד נושא אחד שדיברת עליו, וגם בו אתה צודק. צריך שיהיו בתוך אותה כיתה גם גורמים שמושכים את הילדים קדימה. אני מקבל את שתי הנקודות האלה, כי הן נקודות מרכזיות. אבל בסך הכול - ובוודאי עוד נדבר על כך הרבה - המטרה היא לקחת את 200,000 הילדים החלשים, שגם מרוכזים בכיתות מסוימות, בבתי-ספר מסוימים ובעיירות מסוימות, ולתת להם את זה; ולא להוציא את הכסף על מי שפחות צריך אותו. איך נעשה זאת? עוד נדבר על כך.

אגיד לך רק משפט אחד. יש לי המון סיפורים כאלה. אבל אחד אספר לך. יש אדם שמכירים אותו כאן. בקדנציה קודמת שלי היה לו ילד בכיתה י""א, שרצו להוציא אותו מבית-ספר מאוד מפורסם בירושלים, מפני שאמרו שהוא לא מתנהג בסדר. בא אלי האבא שלו ואמר לי: תשמע, אם יזרקו אותו מבית-הספר הוא יידרדר לפשע; אני יודע באיזו סביבה הוא נמצא. ועוד הוא אמר לי: אני לוקח על עצמי שהוא יתנהג אחרת. פניתי למנהל בית-הספר. מנהל בית-הספר נענה לי, אבל בעיתונים היה כתוב: שר החינוך מתערב בשיקולים פדגוגיים. המנהל התגבר על כך והכניס אותו. הבחור הזה - ואבא שלו יעיד על כך - בינתיים נהיה קצין בצה""ל, הוא עורך-דין, יש לו משפחה עם כמה ילדים. הוא אמר לי מה היתה יכולה להיות האלטרנטיבה. לכן, הרבה פעמים באמת צריך לעשות מאמץ על כל ילד וילד, כדי שהוא יצליח.",1
82112,"אני לא השר התורן, אני התנדבתי.",1
82117,"אדוני היושב-ראש, עדיין אפשר לומר חברי הכנסת, ברשות היושב-ראש אומר את החלק הראשון שאין לי רשות להגיד באופן פורמלי אבל אתה מרשה לי. בחלק השני אני רוצה להשיב לחבר הכנסת דוד אזולאי, ולפי הצעתך קשרתי את התשובות על שתי ההצעות בדיבור אחד. לגבי ההתבטאות של רג'וב - כל מי שנתן יד להסכם בחברון, כמו כל מי שלא נתן לו את הסכמתו, גם ערבים וגם יהודים בבית הזה, שרוצים בדו-קיום, לפי דעתי כל אלו כאחד היו צריכים לגנות באופן חריף את האמירה הזאת. שהרי היה הסכם, הדיו לא יבשה עליו, ולו היה שר בממשלת ישראל שחתם על ההסכם אומר דברים דומים על ערביי חברון בשעות האלה, מה היו אומרים בחברון? מה היו אומרים בארץ לגבי כוונות אלו שחתמו על ההסכם? איזה אמון היה בעניין הזה? לכן, יש פה דבר מאוד חריף - שהרי היה הסכם שהיהודים נמצאים היכן שהם נמצאים, הערבים נמצאים היכן שהם נמצאים, והביטוי הזה חריף שבעתיים מפני שהוא נשמע מפי מי שממונה על הביטחון המסכל. כלומר, איזה אמון יש בו? איזה מסר הוא מוסר לאלה שאותם הוא צריך לסכל? איזו אווירת דמים הוא משרה בדיבור שכזה? לכן, הייתי מצפה שבדיון שיהיה בכנסת תהיה קריאת גינוי כוללת. גם הממשלה צריכה, לפי דעתי, לפנות אל הרשות הפלשתינית ולתבוע את ההתנצלות ואת החזרה הפומבית, מפני שהדברים נאמרו בפומבי. זאת נקודה אחת. לגבי ההצעה לסדר-היום, אני חושב שחבר הכנסת דוד אזולאי צודק בשני דברים, ולעניות דעתי איננו צודק בדבר אחד. הוא צודק בכך שלו היה הדבר הזה קורה בבית-ספר דתי, היתה האשמה גורפת. היו אומרים: זה החינוך שאתם נותנים. הוא צודק גם שבאין חזון ייפרע עם; כלומר, כשאין לך מחשבה על תוכן, על ערך, על עניינים של רוח, של קשר של ייעוד בתוכנו, יש בעיות באשר להתנהגויות. אני חושב שהוא לא צודק שהוא מתלה מהומה מסוימת שהיתה בבית-ספר מסוים באווירה של אותו בית-ספר. שאלתי בירושלים על בית-הספר ""סליגסברג"", ונאמר לי שנעשית שם עבודה חינוכית מאוד טובה, מאוד רצינית. אנשים שמכירים את בית-הספר, שאין להם סיבה לכסות על משהו, יודעים שהיתה שם התפרעות של כמה תלמידים, שקדמה להתפרעות שלהם בסכסוך עם ילדי שדרות, וכשהוצאו הילדים האלה, הם יצרו איזו התפרעות ואתם בית-הספר בא חשבון. כלומר, אתם הוא דן באופן פדגוגי ובכל הדרכים האחרות שיש לו להתמודד אתם. אבל לא הייתי רוצה שבאותה הזדמנות יוטל כתם על בית-ספר שלם, שבעצם פועל בסדר. אני לא נוקט אותה שיטה של אלה, שאם יש מקרה במערכת החינוך הדתית, מתלים את זה בכל הדתיים. אני אומר, שאם קרה מקרה, וחבל שקרה, יצטרכו להתמודד אתו, ואני מבטיח, שמערכת בית-הספר ומערכת מנח""י, שהיא המערכת הירושלמית של החינוך, ומשרד החינוך ככל שיתבקש, יטפלו במהומה המקומית הזאת, אבל לא הייתי תולה אותה במצב בית-הספר באופן כללי. חינוך לערכים - אני לא רק מסכים, אלא אנחנו הולכים לפעול באופן רציני במשרד החינוך, שלא רק נלמד את ענפי הדעת ואת המדע במדינת ישראל, אלא כל הסוגיות של מורשת ומסורת וציונות ודמוקרטיה ואחריות לקהילה ויושר ויחסים בין אדם לחברו וערכים מעין אלו שעם שיושב בציון צריך להתנהג לפיהם, הם אומנם יונחלו ויימסרו לתלמידי בתי-הספר כדי שיוכלו אכן להכיר אותם וגם לבחור את ההוקרה שלהם בהם. לכן, קודם כול אני אומר לך, חבר הכנסת אזולאי, שיש לי עניין מאוד גדול בנושא הזה, ולפי דעתי אתה צודק בכך שרוב הציבור רוצה בזה - ציבור דתי ולא-דתי, כלומר רובו רוצה. יש קבוצה מסוימת שאיננה רוצה בזה, ואני גם מתנגד להכרחת הקבוצה הזאת. אבל רובו של הנוער צריך לקבל אותם ערכים שמתנגדים למי שאומרים: מתה האידיאולוגיה ונגמרה הציונות ונגמרה המוטיבציה ונגמרה הפטריוטיות ונגמרה אהבת העם והמולדת. לגבי הערכים של העם והיהדות - בדברים האלה בית-הספר כן צריך להתמודד, ואני אעשה הכול כדי שבתי-הספר יתמודדו, בהסכמה גדולה מאוד של אנשי החינוך בישראל. יש כאלה שלא מסכימים, אז נצטרך להתמודד אתם ערכית ורוחנית, לא מפני שאנחנו רוצים מלחמת תרבות אלא צריך להיאבק על כך שזאת תהיה דמותו של הנוער הישראלי. אם היית מוכן, הייתי אומר שיש לשחרר את בית-ספר ""סליגסברג"" כדי שלא יהווה דוגמה עם סטיגמה ותיוג שאינם ראויים לו לדעת מי שבדק את העניין וראה שזה כך. אם אתה מסתפק בדיון שהיה לנו - מה טוב, זה מה שאני מציע; אם לא - שוועדת החינוך תדון בזה. כפי שתחליט. מצדי, אני ממליץ שנסתפק בדבריך ובדברי.",2
82216,אתה מציע לבטל את כל החוק?,1
82303,"אדוני היושב-ראש, חברי הכנסת, אני מציע לחברי הכנסת הנכבדים, חברי הכנסת וליד צאדק ואחמד סעד שהעלו את הנושא, בעיקר לנוכח הטון שבו אמר חבר הכנסת אחמד סעד את הדברים, שלא לערבב בין מצב המצדיק פעילות גדולה מאוד שלנו, ואני מתכוון לכך, של המגזר הערבי בחינוך, לבין כינוס המועצה. שהרי המועצה כאילו היתה כל השנים, והיו אפילו שרים שאולי נראו לך כמי שיותר אכפת להם מזה, ואתה מציין את המצב גם אחרי זה כדומה. וגם עיתון ""הארץ"", זה לא השקר הראשון שלו על משרד החינוך. אני לא עוסק בכל יתר הדברים. אבל אינפורמציות לא נכונות, לרבות זאת שהוא נתן היום על הדמוקרטיה - אלה אינפורמציות שקריות ומכוונות. אבל, אתם לא צריכים לקשור את הדברים, מפני שאנחנו באמת צריכים ליצור קשר אמיתי בינינו בשביל לבנות את מה שצריך לבנות. ואני מודה לחבר הכנסת וליד צאדק, שהזכיר שבתקופתי, כשאני הייתי שר החינוך - אני באמת רוצה לתקן ורוצה לעשות לא פחות ממישהו אחר. ואני מתכוון לזה. אני גם הייתי זה שהרכיב את הוועדה שהציעה את תוכנית החומש. נכון, לא הייתי - אבל היא מומשה בחלקיה על-ידי השרים שבאו אחרי. אני רוצה להצהיר פה שמשרד החינוך בראשותי ער לטיפוח ראוי של החינוך במגזר הערבי. אני יודע את הבעיות כפי שציינתם אותן, אני לא מכחיש אותן. נכון, יש בעיה שצריך לטפל בה. מאז כניסתי לתפקיד לפני חצי שנה נפגשתי כמעט עם כל חברי הכנסת הערבים, לפי יוזמתם, עם מחנכים ערבים, ונפגשתי גם עם נציגי המגזר הבדואי בנגב, בבאר-שבע. גם בשבוע הקרוב צפויות לי עוד פגישות רבות עם ראשי רשויות חינוך, פגישה עם כל ראשי המועצות שקשורים בחינוך בערים. כך ששני הדברים לא קשורים זה בזה, ואני אסביר לגבי המועצה. המועצה המייעצת הוקמה בפברואר 1994 על-ידי שר החינוך הקודם, אמנון רובינשטיין, לא באופן סטטוטורי אלא כמועצה מייעצת שאין לה תוקף חוקי. כמו שנמסר לי - זאת אינפורמציה שיש בידי, ואני מניח שהיא נכונה - המועצה הזאת הפסיקה את ישיבותיה לאחר ישיבות מספר, מפני שהמסמך שהיא הוציאה אחרי כמה ישיבות נגע לדרישה להקים מינהל חינוך ערבי עצמאי. דרך אגב, אם מזכירים את עיתון ""הארץ"", גם אני קראתי את המאמר בעיתון זה. המועצה הפסיקה את ישיבותיה בתקופתו של השר רובינשטיין, ולמיטב ידיעתי, על סמך אינפורמציה שמסרו לי ואני מניח שהיא נכונה, כמחאה על כך ששר החינוך לא קיבל את ההמלצה, התפטר היושב-ראש פרופסר ג'ורג' קנאזע.

כמה חברים התפטרו במאי 1996, ומאז לא התכנסה המועצה. כלומר, עוד קודם שהגעתי למשרד החינוך. מה הבעיה שלי עם המועצה? ערב הבחירות במאי 1996, ממש ערב הבחירות - שהרי יוני זה כבר אחרי הבחירות - כאשר רשמו את המועצה, בניגוד להנחיות של היועץ המשפטי לממשלה, לא לגבי משרד החינוך אלא לגבי כל המשרדים, לא לחטוף מחטפים, בדמדומים של הממשלה, ממש בשבוע האחרון, פנה אז השר רובינשטיין לתת מעמד סטטוטורי לשלוש שנים לאותו הרכב שהוא קבע. אני חושב שהיה הוגן, אם אדם עומד לעזוב או לא, אבל יכול להיות שהוא יעזוב, להשאיר את המצב כפי שהוא, וכשהוא יחזור - לתת מעמד סטטוטורי. יש לאפשר לשר שהגיע לראות, אולי הוא ירצה לראות אחרת את המבנה של המועצה ולא לחטוף, בזמן שהיועץ המשפטי אמר שלא לעשות דברים כאלו. נראה לי שזה מהלך של בחירות, אם מותר להכניס פה את הבחירות. ערב הבחירות אתה אומר להם: אני נותן לזה מעמד סטטוטורי. ודאי שמבטיחים. אני מניח כך, אני לא מכיר את זה כעובדה. אחרת, לא מובן לי למה לא נתת לה מעמד סטטוטורי במשך שנתיים, ועשית את זה ממש ערב בחירות, וזה נרשם לאחר הבחירות. לכן הדבר הזה, כפי שהוא נעשה, נראה לי לא תקין. כלומר, לא לתת מעמד קבע למועצה בשנתיים של קיומה, ולחטוף בחופזה ולהעמיד אותי בפני עובדה מוגמרת לשלוש השנים הבאות; אולי יש לי מחשבה אחרת? אני לא אומר שכן, אני אפילו לא מכיר את ההרכב. אני יכול, למשל, לשקול עכשיו לבנות הרכב אחר למועצה, להרחיב אותה, כמו שאני מבין את צורכי המערכת. אני רוצה לראות מה, וכדומה; ואני גם רוצה לבדוק אם מחטף כזה תופס. לא שאני לא רוצה שתהיה מועצה; בהחלט כן. למה לא? אין לי בעיה שתהיה מועצה, יש לי בעיה במחטף הזה. אני אומר את זה באופן גלוי. ראוי שתהיו לא פוליטיים, לפי דעתי; תקבלו את זה שלא עושים כך.

אני לא אתנגד שזה יעבור לדיון בוועדה, כפי שהציעו, ושם נדבר. למה לי להתחייב כרגע?

אני אסביר לך. הרי אני מתכוון לדון בסוגיות שונות, מה אני יכול לקדם בחינוך הערבי. אני יושב עם מי שצריך ואעשה מה שצריך. אמרתי שלא מצאה חן בעיני הצורה שרצו להכתיב הרכב מסוים של ועדה לשלוש השנים הבאות. נראה לי שלא עושים כך, ואל תלמדו מזה שיש לי משהו שלא לטובת החינוך הערבי. אני בטוח שנדון בכל הדברים.

אני לא מכיר ולא יודע מה זה סטטוטורי, מה זה חייב אותי וכדומה. לכן יש לי פה בעיה. מערכת החינוך הערבי נראית לי בעדיפות גבוהה בסולם. אם מישהו אמר מה שאמר, אם ""הארץ"" לא המציא את זה, אז לא היתה לו סמכות לומר - אם מישהו אמר, זה לא על דעתי אלא בניגוד לדעתי. הקידום של המועצה עומד לנגד עיני, ואין לזה קשר עם הפעלת הוועדה בהרכב הנוכחי שלה. אני מתייחס להרכב מאוד בתום, מפני שאני אפילו לא יודע מי בהרכב, לא נכנסתי לזה, מפני שהצורה לא מצאה חן בעיני. אני מציע שכל הנושא יעבור לוועדת החינוך. אין לי בעיה.

לא, אני פשוט הבהרתי. חבר הכנסת מחאמיד, הסברתי את העניין בהרחבה. אני מוכן להסביר לך שוב, ותוכל גם לקרוא את הדברים בפרוטוקול.

אמרתי שלא חוטפים דבר כזה ועושים אותו סטטוטורי כמה ימים לפני הבחירות. אני רוצה לראות אותו, אני רוצה לראות מה אני רוצה לבנות.

לעצם קיומה של המועצה אני לא מתנגד. אם אתה שואל אותי אם צריך להכתיב לי הרכב מסוים לשלוש שנים - אני רוצה לבדוק אם זה חוקי, אם זה בסדר.

נדבר על כך בוועדה. למה פעמיים? אתה בוודאי תהיה שם.

להיפך, אני אבוא אליך. אני לא יודע אם עקבתם אחרי זה. אתה דיברת אתי שצריך לדון בנושא של ערים מעורבות. אני רק מזכיר שהקמנו ועדה גם בעניין האלימות ביפו, ואנחנו מתכוונים לפעול בזה מאוד ברצינות.

אנחנו רוצים לדבר על עוד ערים מעורבות, אבל במקרה דיברתי על יפו.

הוא לא שמע טוב, הוא הבין.",1
95410,"כבוד נשיא המדינה, כבוד יושב-ראש הכנסת, משפחת רבין האבלה עדיין, חברי הכנסת, אורחים, כל מי שחווה את הדקות מקפיאות הדם של הרצח הנורא של ראש ממשלתנו האהוב, יצחק רבין, זיכרונו לברכה, לא ישכח את הצריבה שהוטבעה בלבבות - לעולם. האמינו לי, משפחת רבין הכואבת, שכולנו האמנו כי מסכת ערכינו היהודיים והישראליים מציבה אותנו בפלנטה שבה לא ייתכן שיהיה צל-צלה של התנקשות דמים פוליטית. אך כל זה נשבר וקרס. ואנחנו איננו מוכנים לעכל את הנבלה שנעשתה בישראל, שרוצח אחד שפל קם על מנהיגה הנבחר של ארצנו לרוצחו נפש. ואנו שואלים את עצמנו, איך יהודי, שאוזנו שמעה ""לא תרצח"" מרעים מרום הר-סיני, עבר על ""לא תרצח"", ואיך ישראלי, שיודע את קדושת מאבקינו לחיים ולשלום - איך טמא-נפש זה טימא את נשקו? הוא היה מעצמו שליחה של הזיה מורעלת שלו, אך הוא, במוחו המעוות, אפשר שראה עצמו שלוחם של שותפים סמויים לטירופו. אין לנו מנוח, ולא מרגוע. חברי הכנסת, על שאלות דרכי השלום ועל תוכן הפשרה ומהותה היה נטוש, עדיין נטוש ויהיה נטוש ויכוח פנימי החוצה את העם, ואולי גם מפלגות. דימינו לעצמנו שהוויכוח הטבעי הזה עוצר על הסף, והוא לא עצר. הוא עבר בדם את הקו האדום, בשעה שהרוצח לחץ על הדק הדמים. אפשר שכולנו עדיין חוטאים זה נגד זה יותר מן המותר, כשבלי משים נגררנו לאקלים שבו יכול היה מעוות-המוח וערל-הלב הזה לדמיין בעולם תעתועיו כי הוא יעשה מעשה שיהיה ביטוי לדעת נוספים. אני אומר בוודאות, בכל נפשי אני מרגיש את זה, שרצח בכלל, ורצח פוליטי בוודאי, מנוגדים ליהדות ולאנושיות, ואין לאיש בעולם, יהיו מעמדו ותפקידו אשר יהיו, הזכות להתיר רצח בשם דת, אמונה או אידיאולוגיה, מפני שקדושת חיי אדם קודמת לכל דבר, והיא איננה ניתנת להקרבה תמורת כל ערך אחר. המוותר על חיי אדם בשם אידיאל, פוגע בערכי היהדות ומחריבם. יצחק רבין, זיכרונו לברכה, ידע היטב את ערך חיי האדם וערך השלום. ובעוד כולנו חוגגים את ניצחונות מלחמת ששת הימים, שהוא היה מצביאה הגדול, דיבר הוא בנאום המופת שלו בהר-הצופים על הצער השורה בלב הלוחמים שחיי רעיהם קופדו במלחמה. רציחתו של רבין ביד נבל, שרוממות התורה בגרונו - נוראה. וחטא כבד חוטאים המופרעים המוכנים להצדיק רוצח נאלח ורצח של מנהיגים ואישי ציבור. כבוד הנשיא, חברי הכנסת, משפחת רבין, כל עוד נאשים זה את זה לא יהיו לנו מזור ותיקון. רצח רבין הוא תמרור שחור המחייב אותנו להעמיק את מחויבותנו הבלתי-מותנית והבלתי-מסויגת לקדושת חיי אדם. לפני הרצח לא התקיים דו-שיח אמיתי סביב הסוגיות שפילגו את העם. יותר מדי אנשים סברו שכוחניות ואלימות הן חלופה טובה יותר מאשר מלים, הקשבה ונימוקים. הרצח הוא כתובת דמים על קיר קיומנו, ואם לא נעצור, פעורות לרגלינו תהום ואף שאול. אנו, נציגי העם, מחויבים להבטיח שמן הטרגדיה האיומה הזאת לא תצמחנה עוד טרגדיות של רצח פוליטי. עלינו להתחייב להרגיע את סופת המחלוקת המאיימת עלינו לבל תסחוף את כולנו למשבר שאין לו תיקון. אני התרשמתי מדברי ראש הממשלה ומדברי ראש האופוזיציה על הנכונות בהושטת ידיים לפיוס, ואני מחכה ליום המחר להמשך של הקריאה הזאת. חברי הכנסת, תרבותנו היהודית היא של מחלוקת לשם שמים - אלו ואלו דברי אלוקים חיים. לא רק ההסכמה היא העיקר, אלא היכולת לחיות יחד גם ללא הסכמה. לא היינו מקימים את המדינה אם היינו מחכים עד שנגיע להסכמה מה תהיה דמותה, וטוב עשו שהקימו אותה בלי להסכים מראש. זה יבוא. כשצריך להכריע - כמובן מכריעים באופן דמוקרטי, בבחירות, ורק כך. אם לא נעשה זאת - אני חרד לעצם קיומנו כחברה. חברי הכנסת, אנחנו ניצבים מול רעיה שהתאלמנה, בנים שהתייתמו ומשפחה ששכלה את בחיר בניה. אנחנו כואבים אתכם על שהאדם והרע ואיש המשפחה נגדע במעשה פשע מופקר, שאין לו כפרה. איך ננחם אתכם אם לא על-ידי מחויבות עמוקה - אני התרשמתי, במהלך השבוע הזה, מדברים של משפחת רבין בכיוון הזה - לחנך את דור המחר על עשייתו של היהודי היקר, צנוע ההליכות, ישר הדרך, שחייו היו מופת. אנחנו ניצבים מול עם שאיבד את קברניטו הדגול והמסור, ואנחנו ניצבים מול עם שבמסירות נפש מקים כאן יחד מדינה לעם כולו, וכולו זועק וחרד לגורלנו לאחר הרצח המזוויע. ואנחנו אומרים: בואו נעבוד ביחד, קודם כול להוקיע ממש, עד האיש האחרון שבנו, את מה שקרה - ועכשיו כבר אין לנו תירוץ. עכשיו, כשאנחנו יודעים שדבר כזה יכול לקרות אצלנו, עלינו להבטיח שהוא לא יקרה עוד. הבה נקבע, שסובלנות והידברות אינן ססמה אלא מטלה וחובה, כי עתידנו תלוי ביכולתנו לראות בתוך הניגודים את המאחד. כאשר יתגבר האינטרס הלאומי הקיומי על האינטרס הפוליטי המפלג נוכל לבנות ברית בין פלגים בחברתנו, ורק אם נבקר כולנו ביושר את עצמנו - רק אז נצליח לצאת מן המצר. הבה נהיה ראויים לרבין המיוחד, שנרצח על משמרתו, וניצור תנאים שיחסלו מלכתחילה כל סכנה של רצח פוליטי בתוכנו. רק אם נדע, שעל כל אדם, על מחנהו ועל דגלו, לדעת, שאלימות, גם מילולית, וכוחניות אסורות בתכלית - רק אז נדע לכבד את זכרו של האדם, ראש הממשלה, שנפל בידי זד מטורף. הבה נבנה יחד עם, שבשירותו עמל יצחק רבין כל ימיו, ועל ביטחונו ושלומו נאבק כל שנותיו, ולמען קיומו, רווחתו, ביטחונו ושלומו נתן את כל חייו ואת חייו ממש. הבה נבלום את האסון, הבה נידבר בשאלות המלחמה וגם השלום יחד, הבה נמצא את הדרך לגייס את מרבית העם ממש להמשך דרכנו.",1
95474,"כבוד נשיא המדינה, כבוד יושב-ראש הכנסת, משפחת רבין האבלה עדיין, חברי הכנסת, אורחים, כל מי שחווה את הדקות מקפיאות הדם של הרצח הנורא של ראש ממשלתנו האהוב, יצחק רבין, זיכרונו לברכה, לא ישכח את הצריבה שהוטבעה בלבבות – לעולם. האמינו לי, משפחת רבין הכואבת, שכולנו האמנו כי מסכת ערכינו היהודיים והישראליים מציבה אותנו בפלנטה שבה לא ייתכן שיהיה צל-צלה של התנקשות דמים פוליטית. אך כל זה נשבר וקרס. ואנחנו איננו מוכנים לעכל את הנבלה שנעשתה בישראל, שרוצח אחד שפל קם על מנהיגה הנבחר של ארצנו לרוצחו נפש. ואנו שואלים את עצמנו, איך יהודי, שאוזנו שמעה ""לא תרצח"" מרעים מרום הר-סיני, עבר על ""לא תרצח"", ואיך ישראלי, שיודע את קדושת מאבקינו לחיים ולשלום – איך טמא-נפש זה טימא את נשקו? הוא היה מעצמו שליחה של הזיה מורעלת שלו, אך הוא, במוחו המעוות, אפשר שראה עצמו שלוחם של שותפים סמויים לטירופו. אין לנו מנוח, ולא מרגוע. חברי הכנסת, על שאלות דרכי השלום ועל תוכן הפשרה ומהותה היה נטוש, עדיין נטוש ויהיה נטוש ויכוח פנימי החוצה את העם, ואולי גם מפלגות. דימינו לעצמנו שהוויכוח הטבעי הזה עוצר על הסף, והוא לא עצר. הוא עבר בדם את הקו האדום, בשעה שהרוצח לחץ על הדק הדמים. אפשר שכולנו עדיין חוטאים זה נגד זה יותר מן המותר, כשבלי משים נגררנו לאקלים שבו יכול היה מעוות-המוח וערל-הלב הזה לדמיין בעולם תעתועיו כי הוא יעשה מעשה שיהיה ביטוי לדעת נוספים. אני אומר בוודאות, בכל נפשי אני מרגיש את זה, שרצח בכלל, ורצח פוליטי בוודאי, מנוגדים ליהדות ולאנושיות, ואין לאיש בעולם, יהיו מעמדו ותפקידו אשר יהיו, הזכות להתיר רצח בשם דת, אמונה או אידיאולוגיה, מפני שקדושת חיי אדם קודמת לכל דבר, והיא איננה ניתנת להקרבה תמורת כל ערך אחר. המוותר על חיי אדם בשם אידיאל, פוגע בערכי היהדות ומחריבם. יצחק רבין, זיכרונו לברכה, ידע היטב את ערך חיי האדם וערך השלום. ובעוד כולנו חוגגים את ניצחונות מלחמת ששת הימים, שהוא היה מצביאה הגדול, דיבר הוא בנאום המופת שלו בהר-הצופים על הצער השורה בלב הלוחמים שחיי רעיהם קופדו במלחמה. רציחתו של רבין ביד נבל, שרוממות התורה בגרונו – נוראה. וחטא כבד חוטאים המופרעים המוכנים להצדיק רוצח נאלח ורצח של מנהיגים ואישי ציבור. כבוד הנשיא, חברי הכנסת, משפחת רבין, כל עוד נאשים זה את זה לא יהיו לנו מזור ותיקון. רצח רבין הוא תמרור שחור המחייב אותנו להעמיק את מחויבותנו הבלתי-מותנית והבלתי-מסויגת לקדושת חיי אדם. לפני הרצח לא התקיים דו-שיח אמיתי סביב הסוגיות שפילגו את העם. יותר מדי אנשים סברו שכוחניות ואלימות הן חלופה טובה יותר מאשר מלים, הקשבה ונימוקים. הרצח הוא כתובת דמים על קיר קיומנו, ואם לא נעצור, פעורות לרגלינו תהום ואף שאול. אנו, נציגי העם, מחויבים להבטיח שמן הטרגדיה האיומה הזאת לא תצמחנה עוד טרגדיות של רצח פוליטי. עלינו להתחייב להרגיע את סופת המחלוקת המאיימת עלינו לבל תסחוף את כולנו למשבר שאין לו תיקון. אני התרשמתי מדברי ראש הממשלה ומדברי ראש האופוזיציה על הנכונות בהושטת ידיים לפיוס, ואני מחכה ליום המחר להמשך של הקריאה הזאת. חברי הכנסת, תרבותנו היהודית היא של מחלוקת לשם שמים – אלו ואלו דברי אלוקים חיים. לא רק ההסכמה היא העיקר, אלא היכולת לחיות יחד גם ללא הסכמה. לא היינו מקימים את המדינה אם היינו מחכים עד שנגיע להסכמה מה תהיה דמותה, וטוב עשו שהקימו אותה בלי להסכים מראש. זה יבוא. כשצריך להכריע – כמובן מכריעים באופן דמוקרטי, בבחירות, ורק כך. אם לא נעשה זאת – אני חרד לעצם קיומנו כחברה. חברי הכנסת, אנחנו ניצבים מול רעיה שהתאלמנה, בנים שהתייתמו ומשפחה ששכלה את בחיר בניה. אנחנו כואבים אתכם על שהאדם והרע ואיש המשפחה נגדע במעשה פשע מופקר, שאין לו כפרה. איך ננחם אתכם אם לא על-ידי מחויבות עמוקה – אני התרשמתי, במהלך השבוע הזה, מדברים של משפחת רבין בכיוון הזה – לחנך את דור המחר על עשייתו של היהודי היקר, צנוע ההליכות, ישר הדרך, שחייו היו מופת. אנחנו ניצבים מול עם שאיבד את קברניטו הדגול והמסור, ואנחנו ניצבים מול עם שבמסירות נפש מקים כאן יחד מדינה לעם כולו, וכולו זועק וחרד לגורלנו לאחר הרצח המזוויע. ואנחנו אומרים: בואו נעבוד ביחד, קודם כול להוקיע ממש, עד האיש האחרון שבנו, את מה שקרה – ועכשיו כבר אין לנו תירוץ. עכשיו, כשאנחנו יודעים שדבר כזה יכול לקרות אצלנו, עלינו להבטיח שהוא לא יקרה עוד. הבה נקבע, שסובלנות והידברות אינן ססמה אלא מטלה וחובה, כי עתידנו תלוי ביכולתנו לראות בתוך הניגודים את המאחד. כאשר יתגבר האינטרס הלאומי הקיומי על האינטרס הפוליטי המפלג נוכל לבנות ברית בין פלגים בחברתנו, ורק אם נבקר כולנו ביושר את עצמנו – רק אז נצליח לצאת מן המצר. הבה נהיה ראויים לרבין המיוחד, שנרצח על משמרתו, וניצור תנאים שיחסלו מלכתחילה כל סכנה של רצח פוליטי בתוכנו. רק אם נדע, שעל כל אדם, על מחנהו ועל דגלו, לדעת, שאלימות, גם מילולית, וכוחניות אסורות בתכלית – רק אז נדע לכבד את זכרו של האדם, ראש הממשלה, שנפל בידי זד מטורף. הבה נבנה יחד עם, שבשירותו עמל יצחק רבין כל ימיו, ועל ביטחונו ושלומו נאבק כל שנותיו, ולמען קיומו, רווחתו, ביטחונו ושלומו נתן את כל חייו ואת חייו ממש. הבה נבלום את האסון, הבה נידבר בשאלות המלחמה וגם השלום יחד, הבה נמצא את הדרך לגייס את מרבית העם ממש להמשך דרכנו.",1
96000,"אדוני היושב-ראש, חברי הכנסת, על-פי החוק הקיים, חוק הארכיאולוגיה, לא ייתן המנהל אישור לחפירה באתר עתיקות המשמש לצורך דתי או מוקדש לתכלית דתית - -

- - אלא באישור ועדת השרים האמורה בחוק העתיקות.

הרעיון שבחוק המוצע פה הוא, שמפני כבוד המת עלינו להתייחס לקברים כאל אתר המוקדש לתכלית דתית ומשמש לצורך דתי מפאת קדושתם, ומבחינת היהודים - גם ההיבטים ההלכתיים הקשורים לכך.

היות שעד כה התפתחו עימותים רבים סביב החפירות בקברים, יש צורך במניעת עימותים אלו. מאחר שלא הגענו להבנות מוסכמות בין רשות העתיקות לבין המשרד לענייני דתות, משרד החינוך, היועץ המשפטי לממשלה ומשרד המשפטים ושאר הגופים הקשורים לכך - אני אומר לחברי הכנסת, שאני עשיתי מאמץ גדול להפגיש את כולם ולהגיע למסמך שלא יצריך חקיקה. על קוצה של מלה אחת - -

- - מנע המנהל של רשות העתיקות את היכולת להכין את ההסכמה הזו. לכן, לא הגענו להסכמה. אין לנו, לכן, אלא להסכים להצעת חוק זו. דרך אגב, בעבר, כשהנושא הגיע לוועדת השרים, נוכחנו שהצדדים הגיעו לידי הסכמה. אני תומך מאוד בפיתוח מדע הארכיאולוגיה והחפירות, כדי לחפור ולגלות את צפונות ארץ-ישראל וההיסטוריה שלה. אני מאמין, שהתיקון לחוק לא יגרום לקשיים בעבודה של רשות העתיקות ושאר מוסדות המחקר ולא יפגום במחקר המדעי ובפיתוח הארץ. יש פה, במידה רבה, איזה ויכוח יוקרתי, מפני שיש בפועל כל מיני הסדרים ברגע האחרון שקשורים לעניין של מניעת פגיעה בכבוד המת. אבל, עד שזה מגיע ועד שמגיעים לכך, מקדימים לכך המון מריבות ועימותים וביזיונות, שהם מיותרים. לכן, אני בטוח שזה לא יפגום ביכולת שלנו להמשיך ולחפור ולגלות דברים, וזה גם יביא, לפי דעתי, לשיתוף פעולה טוב ויעיל בין כל הגורמים העוסקים בכך.

מה זה? לכן, אני פונה לחברי הכנסת להצביע בעד אישור החוק ולהעביר אותו לוועדת החינוך להכנתו לקריאה ראשונה ושנייה.

אני מבקש דחייה של מועד ההצבעה.

אם אני לא טועה, לפי תקנון הכנסת, מצביעים על זה.",1
96724,"אדוני היושב-ראש, חברי הכנסת, ההצעה להקים מועצה לחינוך הממלכתי - - -

אדוני היושב-ראש, חברי הכנסת, ההצעה להקים מועצה לחינוך הממלכתי הכללי נראית לי בלתי רצויה. לא רק שהיא איננה רצויה, אלא היא תזיק לכל מערכת החינוך, וקודם כול לחינוך הממלכתי. התפיסה שעומדת היום ביסוד החינוך הממלכתי, כפי שהיא באה לידי ביטוי בחוק החינוך הממלכתי, באה לבטל את הזרמים הרעיוניים והמפלגתיים בחינוך וליצור מערכת חינוך ממלכתית אחת לכל אזרחי המדינה. מכאן נגזרת ההגדרה של חינוך ממלכתי בסעיף 1 לחוק חינוך ממלכתי. חינוך ממלכתי פירושו חינוך שניתן על-ידי המדינה על-פי תוכנית הלימודים, ללא זיקה לגוף מפלגתי, עדתי או ארגון אחר מחוץ לממשלה ובפיקוחו של השר או מי שהוסמך לכך על-ידיו. המועצה לחינוך ממלכתי-דתי הוקמה כדי להבטיח שגם התלמידים הדתיים יצטרפו למערכת החינוך הממלכתית הכללית, וניתנו לה סמכויות מצומצמות מאוד ומוגדרות כדי לענות על צורך של מיעוט בחינוך בעל מאפיינים מיוחדים בתוך מערכת ממלכתית. מכאן נגזרת הגדרת החינוך הממלכתי-דתי בסעיף 1 לחוק לאמור: חינוך ממלכתי-דתי פירושו חינוך ממלכתי, אלא שמוסדותיו הם דתיים לפי אורח חייהם, תוכנית לימודיהם, מוריהם ומפקחיהם. החינוך הממלכתי, לא משנה מי השר, הוא הרוב במערכת. הוא רוב מפני שאין לו מועצה משל עצמו. למיעוט אתה מקים מועצה בזמן ההצטרפות של החינוך הממלכתי-דתי כדי שהוא לא יהיה חינוך עצמאי, אלא יהיה חלק מהמערכת הממלכתית. אבל רוב - ובעצם כל המשרד הולך לפי הרוב הזה - הרוב נהנה מכל החלטה שיש במשרד יותר מכל מיעוט, מפני שהיא מתאימה לו יותר מכל דבר אחר. אני יכול להביא לכך המון דוגמאות. אתה מקים לו מועצה משלו כדי לפלג ולחזור עוד הפעם - מפני שלא תהיה מועצת חינוך ממלכתית אחת, שיבואו להגדיר מה התוכן שלה, כמו שאמר חבר הכנסת צוקר. אז אני לא יודע אם התוכן של הורים שהם בליכוד, בעבודה, בדרך השלישית, במולדת - - -

בחינוך הערבי, כל המפלגות. מדוע יסכימו להיות תחת גג אחד המתאים יותר למישהו אחר? כל זמן שזה גג אחד של משרד החינוך, זה בסדר. ברגע שזה הופך להיות מועצה ששומרת על זכויות הרוב כאילו, הרוב יתפלג. אני לא חושב, שמה שחלקים גדולים בציבור חושבים שצריכות להיות מטרות החינוך בישראל דומה למטרות של חלקים אחרים בחינוך הממלכתי. אני לא אציע שתהיה מועצה אחת, יהיו עשר מועצות. אבל אז אתה חוזר שנים רבות לאחור, לתקופה שלא היה לנו חינוך ממלכתי? לכן זו לא בעיה טכנית של החינוך הממלכתי, שהוא הרוב, הוא עיקרו של משרד החינוך, אין לו שום סכנה של פגיעה.

אני חושב שהיושב-ראש הגדיר זאת בהגדרה נכונה. לכן, לפי דעתי, תהיה הבחנה פנימית בתוך החינוך הממלכתי בין זרמים שונים בעם, ויקומו מועצות נפרדות לכל אחד מהזרמים. יכול להיות שציבור שהוא ממש אנטי-דתי, מול ציבור מסורתי, ציבור חילוני שהוא באמצע - הם לא יסכימו למועצה אחת עם תוכנית אחת לגבי המטרות. זה לא יהיה הרוב, וזה יפגע בחינוך הממלכתי. זה יחזור, כפי שהגדיר זאת טוב ממני היושב-ראש, למצב של זרמים בחינוך, תוך אובדן היתרונות שגלומים במערכת חינוך ממלכתית גדולה ומאוחדת. לכן, אני אומר לחברי הכנסת, ההצעה להקים מועצה לחינוך ממלכתי לא תקדם את החינוך הממלכתי; להיפך. היא תחזיר את המדינה למצב שבו מערכת החינוך הממלכתי כמו ממלכתי-דתי - אגב, גם בממלכתי-דתי יקומו קולות שהם רוצים גם כן מועצות משל עצמם. המערכת תפוצל לזרמים ולתת-זרמים אידיאולוגיים, ודבר זה יהיה מכת מוות לנושאים רבים, כמו אינטגרציה, האינטגרציה שהביאה ברכה גדולה כל כך לחברה הישראלית בעשרות השנים האחרונות. לכן, אני מבקש מחברי הכנסת, אני פונה לחברי הכנסת לדחות את ההצעה הזו.

אני רוצה לומר לחברי הכנסת - כיוון שחבר הכנסת דוד צוקר רוצה קצת לגרות את החברים שרוצים להתנגד להצעה ולומר שהיא נגדכם - שזה ממש דבר לא נכון. כל בית-ספר היום יכול לקבוע את התוכניות שלו, ואף אחד לא מתערב שם, ואף אחד לא מתנגד. פה הכוונה היא לקבוע איזה אופי בתוך החינוך הממלכתי - ואין ברירה, המערכת תפוצל לזרמים אידיאולוגיים שונים. לכן, אני אומר לחברים, דווקא בממלכתי, שהיום הוא הרוב, רוב העניין של משרד החינוך הוא הממלכתי, וכל מי שעסק בחינוך יודע זאת - הצביעו נגד.",1
