Id,Text,RelevanceScore
287952,"אדוני היושב-ראש, כנסת נכבדה, השנה היא 2025, תוכנית העשור למלחמה בגזענות ובאי-שוויון נשאה פרי: מאות-אלפי מועסקים ערבים חדשים השתלבו בשוק הפרטי, בהיי-טק ובשירות הציבורי; הפערים החברתיים בין האזרחים הערבים והיהודים הצטמצמו פלאים והכלכלה משגשגת לטובת כל התושבים; היהודים לומדים ערבית, הערבים שוקדים על העברית; תלמידים יהודים וערבים מתוודעים לגדולי אנשי הרוח והוגי הדעות של שני העמים; היישובים הערביים זכו לתוכניות מתאר שחוסכות מתושביהם את מפח הנפש של הריסת בתיהם; במוסדות השלטון ובדירקטוריונים, במשרדי הממשלה ובבתי-המשפט אפשר לפגוש אנשים מכל שדרות החברה; פלסטין חוגגת את עצמאותה; ישראל ופלסטין מקיימות קשרי תרבות, תיירות ומסחר שהתבססו לאחר הכרה הדדית והסכמה על פתרון צודק לסכסוך ארוך השנים. כל זה קרה רק אחרי שהשכלנו להבין כי האינטרסים האמיתיים של שני העמים משותפים, שניהם מבקשים את ברכת החיים. זו אינה רק משאלת לב; בכוחנו לעשות זאת. אנחנו יכולים להעמיק את התהום בינינו, ואנחנו יכולים לבחור בחיים. אדוני היושב-ראש, בתחושת שליחות אני עומד כאן כנציג הרשימה המשותפת, על 13 נציגיה, המשקפים את פניה המגוונות של החברה הערבית ואת שותפינו היהודים במאבק למען השלום והדמוקרטיה. לפני חודש צעדתי מירושלים יחד עם נציגי הכפרים הלא-מוכרים בנגב. יצאנו מהכפר הלא-מוכר ואדי-אלנעם. בשנות ה-50 ריכזה המדינה את כל תושבי הכפר במקום אחד, ומאז הם מתגוררים סמוך לאתר הפסולת הרעילה רמת-חובב, ללא חשמל, ללא ביוב וללא מים. בוואדי-אלנעם פגשתי את סאלם בן השש, שעם רדת החשכה אין לו אלא לבהות באורות הבוקעים מהרפתות בקיבוצים ובחוות הבודדים מסביב. עמיתי חברי הכנסת, נסו לבחון רגע את המציאות דרך עיניו של סאלם. הביטו במציאות גם דרך עיניו של מג'ד, סטודנט ערבי באוניברסיטת תל-אביב, שלא עולה בידו לשכור דירה. נסו לדמיין את טריקת הטלפון כאשר מבחינים במבטא שלו או כאשר שומעים את שמו. ראו את המציאות דרך עיניהם של עימאד ואמל, זוג ערבי צעיר המחפש בית. 700 יישובים חדשים בנתה המדינה מאז הקמתה – 700 יישובים יהודיים, ואף לא יישוב ערבי אחד במשולש ובגליל. לרוב היישובים הערביים הקיימים אין תוכניות מתאר מעודכנות, ואני תוהה: היכן אמור הזוג הערבי לגור? באוויר? שימו עצמכם במקומה של היבה, נערה מלאת חיים שזה עתה סיימה את התיכון ומחפשת עבודה בקניון. במודעה שצדה את עינה היא גילתה שהדרישה מופנית ליוצאי צבא בלבד. האם דרושה מיומנות צבאית כדי למלצר? אלה הם בני הדור המשכיל ביותר שקם לציבור הערבי, אך הדלתות נטרקות בפניהם שוב ושוב. בשם סאלם מוואדי-אלנעם, בשם מג'ד הסטודנט, בשם עימאד ואמל, בשמה של היבה, בשמם ובזכותם אני מתייצב כאן.

עמיתי חברי הכנסת, אני עומד מולכם כנציגו של מיעוט לאומי, שהמדינה ממאנת בעקשנות לקבל אותו כפי שהוא מגדיר את עצמו. אני מכיר בעל-פה מאות שירים של מחמוד דרוויש, סמיח אלקאסם ותופיק זיאד, וזכיתי לקרוא בספריהם של אמיל חביבי ומוחמד עלי טאהא, אף שלערבים אסור ללמוד אותם בבית-הספר. האם לא הגיע הזמן שנקבל את התכנים שלנו בדלת הראשית של מערכת החינוך? גבירותי ורבותי, השפה הערבית היא שפה רשמית. היא נמצאת בשלטי רחוב בתל-אביב כחלק מהמרחב, וראו זה פלא, הדבר לא הביא חורבן על דייריו של אף רחוב. הכרה בזכויות הלאומיות אינה גורעת משאר האזרחים. נהפוך הוא, היא מעשירה את המרחב שאנחנו חיים בו. נמשיך לדרוש להכיר בנו כקבוצה לאומית הזכאית לשוויון מלא, אזרחי ולאומי, וניאבק על כך. אדוני היושב-ראש, אני חש הזדהות עמוקה עם סבלם של היהודים במשך דורות רבים. אני מרגיש את המועקה הרובצת על בני העם היהודי הנעוצה בעברו, ואני מבין את החרדה שיהודים רבים חשים. אינני מקל בה ראש. אך סבלם של היהודים אינו מצדיק עוול או אפליה כלפי האזרחים הערבים, וגם לא את המשך השעבוד של העם הפלסטיני בשטחים הכבושים. בזמן ששרי הממשלה מעמיקים את הכיבוש, פוגעים בזכויות הבסיסיות של העם הפלסטיני ומעבירים את כספי המסים שלנו להתנחלויות במקום לשכבות המוחלשות, יש מי שדורשים שחברי הכנסת הערבים יפסיקו לדבר על הכיבוש. יש אפילו מי שמבטיחים שמצוקותינו כמיעוט יזכו לאוזן קשבת אם רק נמלא פינו מים בנושא הזה. ואני שואל אתכם, חברי הכנסת, איך אני יכול להחריש מול הגורל הטרגי של בני עמי בגדה, בעזה ובמחנה הפליטים ירמוכ? הטרגדיה הפלסטינית נמשכת יום-יום, שעה-שעה, וישראל עודנה מתכחשת לאחריותה ביצירת המצב הזה. לא נעצום עין נוכח המתרחש סביבנו ולא נחדל לחתור לחירות, לצדק ולפיוס. זכותנו וחובתנו, כפלסטינים וכאזרחי מדינת ישראל, להתייצב מעל כל במה ולקרוא: שלח את עמי. גם אחינו זכאים לחירות. האדמה היפה הזו טובה לכולנו, ערבים כיהודים. אם נהפוך אותה לשדה קרב היא תקיא אותנו; אם נזרע יחדיו זרעים של עתיד היא תברך אותנו בכל פירותיה. חברי חברי הכנסת, בנעורי נפעמתי מהמאבק העממי של העם הפלסטיני באינתיפאדה הראשונה והובלתי הפגנות סולידריות בחיפה. בן 15 הייתי כשקיבלתי זימון לחקירה בשב""כ. תחילה לא הבנתי את פשר הדבר, חשבתי שזכיתי באות כבוד ונמלאתי גאווה. אט-אט התברר לי האסון. חקירה רדפה חקירה. התחלתי לחשוד בכולם, ובתוך כך התנתקתי מחברי ונותרתי לבדי. אילולא הורי, פאטמה ועאדל, היושבים היום ביציע, אינני בטוח שהייתי מחזיק מעמד. מי שהיה אז ראש השב""כ הוא היום עמיתי כאן. אני פונה אליך בראש מורם, כאדם אשר לא שכח ולו ליום אחד את הנער הצעיר מלא הלהט והתקווה מחיפה שחייו כמעט נהרסו בגלל השב""כ; חרף העבר אני פונה אליך ומצפה ממך להיות שותף אמיץ למען קידום השוויון והדמוקרטיה לכל האזרחים. מכאן אני פונה לאזרחים הערבים שהעניקו לנו את קולם ואמונם: סבינו וסבותינו היו בני דור הנכבה. (אומר משפט בשפה הערבית, להלן תרגומו: כמו העשב הירוק הצומח בין חגווי הסלעים.) הורינו היו בני הדור שנאבק ושרד בצל הקיפוח והאפליה. הדור שלנו ישיג את השוויון. אחי ואחיותי, אח'וואתי ואח'וותי, ההיסטוריה לימדה אותנו כי אל לנו לחשוש שזהותנו הלאומית תיטשטש. האימפריה העות'מאנית גמרה אומר לשלול את זהותם הערבית של נתיניה הערבים ולהפוך אותם לטורקים ורדפה כל סממן ערבי וכל אינטלקטואל; סופרים ומשוררים ערבים הועלו לגרדום. אך ההישג הטורקי בקרב הערבים הסתכם באימוץ מילת הלעג הטורקית ""טוז"". האם גם אתם שומעים את רעם הצחוק של ההיסטוריה? בתקופת הממשל הצבאי בישראל ניסו לפגוע בגאוותנו הלאומית. על כך כתב המשורר המהולל מחמוד דרוויש: סג'ל, אנא ערבי – תרשום, אני ערבי. אחי ואחיותי, אל תיכנעו לייאוש ולחוסר האמונה. (אומר משפט בשפה הערבית, להלן תרגומו: אני סמוך ובטוח בהשתייכותנו הלאומית.) הזהות שלנו איתנה ואנחנו נגן עליה, ויחד עם זאת נשתלב ונשפיע. הגאווה והזהות הלאומית אינן שוללות את הרצון להיות חלק מכלל החברה במדינה. אחי ואחיותי, אח'וואתי ואח'וואתי, התחלתי ב-2025, ואני יודע שבשנת 2015 המצב שונה לחלוטין. אנו צועדים במסע ארוך, יהיו בו לא מעט מהמורות ומכשולים. יהיו מי שיטילו בנו דופי, יהיו מי שיתפללו לכישלוננו, אבל קשיים לא ירתיעו אותנו ולא ישברו את רוחנו. יחד, שלובי זרועות, נמשיך במסענו. המגדלור המוסרי שלנו, כוכב הצפון, מנחה אותנו, כי דרכנו צודקת, דרכנו ראויה. אדוני היושב-ראש, אני, איימן עודה, לא מהווה איום, כמו גם חצי מיליון האזרחים שנתנו לנו את קולם, אדוני ראש הממשלה. כל אזרח צריך לשמוח בהצבעה של האזרחים, להיות גאה בכך שהם נהרו לקלפי חרף המדיניות שראש הממשלה מוביל. הקולות הללו תובעים את זכותם לשוויון אזרחי ולאומי – להם ולכל אזרחי המדינה. אספת העם באתונה העתיקה פשטה את הרגל, לא בגלל אויב חיצוני. היא התפוררה בגלל חוק האוסטרקיזם, שאִפשר את גירושם של חברי פרלמנט בגלל דעותיהם בהצבעה דמוקרטית. וכאשר האוסטרקיזם היה כלי פופולרי, הפרלמנט האתונאי איבד את כוחו המוסרי. היום, כשהרוב מקדם את חוק החרם, חוק העמותות, חוק הנכבה, חוק האזרחות, חוק ועדות הקבלה וחוק בג""ץ, אנחנו נמצאים בעידן האוסטרקיזם הישראלי. זו איננה רק עריצות הרוב, זו רדיפה. בכנסת הקודמת דיברו ראשי המפלגות על פוליטיקה חדשה, אבל המשיכו להוביל את הפוליטיקה הישנה, רוויית השנאה והשיסוי. התשובה שלנו, אחריותנו המוסרית, היא העמידה לצד כל הקבוצות המוחלשות, לצד האתיופים, המזרחים, החרדים, הרוסים, עובדי הקבלן, מחוסרות הדיור. גם לצדם של אלה שחונכו לחשוש מפנינו ולשנוא אותנו. כן, לשנוא אותנו. גם הם גם אנחנו ראויים לשוויון. אי-צדק במקום אחד הוא איום על הצדק בכל מקום, אמר מרטין לותר קינג. חברי הכנסת, בין בני משפחתי הנרגשת ביציע יושב גם בני אסיל. מחרתיים ימלאו לו ארבע. אסיל קרוי על שם דודו אסיל עאסלה, אחי אשתי, שנורה למוות בגיל 17 בכפר עראבה באירועי אוקטובר 2000, בעת שחיפש מחסה במטע זיתים ולא איים על איש. האחראי לא נשפט, והצדק עדיין לא נעשה. אנחנו נרדוף את הצדק ונדאג שהוא ייעשה וייראה. כשנולד בני, בדיוק בתאריך שבו נולד דודו, ראינו בזה סימן. החלטנו לקרוא לו אסיל, כסמל לבחירה שלנו בחיים. הרי יהיה אשר יהיה, בנינו ונכדינו ימשיכו לחיות יחד בארץ הזאת, ערבים ויהודים. אין לנו ברירה אלא לבחור בחיים. הבה נבחר בחיים.",1
288108,"אדוני היושב-ראש, חברי חברי הכנסת, אני שמעתי כמה מחברי שדיברו על פסילת הבחינה בשפה העברית בבתי-הספר הערביים. זה אכן נושא כואב לכולנו, ואני שואל: מי האחראי? יש התשובה הברורה והמהירה שמטילה את האחריות על התלמידים עצמם – מבצעים עונש קולקטיבי לכולם, ומבטלים את הבחינה. ואני שואל: איפה משרד החינוך? מי אחראי לזה? מי אחראי להעברת המבחנים? מי אחראי למנהלים? מי אחראי לחברות המופרטות? אני חושב – וגם בטוח – שמשרד החינוך הוא אכן האחראי העיקרי. אנחנו גם, בשם הרשימה המשותפת, מבקשים לחקור את הסוגיה, להעמיד את האחראים לדין, כי אנחנו רוצים טוהר בחינות, לרבות בבחינה בעברית. אנחנו מבקשים שמשרד החינוך יחליט שציון המגן שהיה להם יהיה גם התוצאה הסופית. תודה רבה.",1
288426,"אדוני היושב-ראש, כנסת נכבדה, תרשו לי קודם כול לברך את ראש הממשלה מר בנימין נתניהו, שיצא בריא ושלם אחרי ""ליל בובולינה"" הארוך והמסויט שלו. למי שלא יודע, בובולינה היא הזקנה של זורבה היווני. זקנות הכפר עטו על השלל שהשאירה בעודה שוכבת על ערש דווי. הלילה של בנימין נתניהו היה מכוער כל כך – עד כדי כך שהריאליזם בלילה הזה עלה אף על הדמיון של מחבר הספר, קאזאנצאקיס. להגנתה של הממשלה אפשר לומר שהמלחמה על השלל הייתה כאן מקורית יותר, אכזרית יותר וחסרת בושה יותר. רק נאחל שלא יעוטו עוד זקנות ממפלגות אחרות על השלל, או על מה שנשאר ממנו. אבל זאת רק ההתחלה. הערבים אומרים שהגשם מתחיל בטפטוף, ואם זה הטפטוף, התכוננו למבול, אללה יוסתור. כבוד היושב-ראש, לדאבוני, איננו יכולים לאחל הצלחה לחברי ממשלה זו, כי הצלחתם פירושה הרס של כל חלקה טובה בחברה. הממשלה הרעה שעומדת לקום מייצגת חיבור בין קפיטליזם דורסני לבין לאומנות. הצלחתכם היא אסון לשני העמים ולכל האזרחים. איך אפשר לאחל הצלחה לשרת משפטים שמשנתה המוצהרת היא להחליש את מעמדו של בית-המשפט העליון? איך אפשר לאחל לה הצלחה, כשהיא משווה את הילדים הפלסטינים לנחשים, שצריך להרוג לפני שיגדלו? איך אפשר לאחל הצלחה לשר חינוך שהערבים בשבילו הם כמו רסיס בישבן? נאחל לו שיזכה להניח את ישבנו במנוחה, אך לא בכיסא של שר. איך נאחל הצלחה לסגן שר ביטחון שרואה בפלסטינים ""חיות אדם, שאינם זכאים לחיות""? אוי לבושה. ולמעלה למעלה, בראש הפירמידה, איך אפשר לאחל הצלחה לראש הממשלה במשימתו אם הוא מכנה את הערבים ""כמויות שנוהרות לקלפי""? ובכן, דגל שחור של גזענות מתנוסס מעל ממשלה זו. גם אם ממשלה זו נבחרה בצורה דמוקרטית, הדגל נשאר מונף. כי אין דו-קיום בין דמוקרטיה לגזענות. איך נאחל הצלחה לממשלה שבקווי היסוד שלה מופיעים האזרחים הערבים רק פעם אחת, וגם כאן במונח ""בני הדתות"", ""בני העדות"". באמת – – –

באמת, זה מה שיצא לכם אחרי רצף דיונים? הרי נתניהו הכיר בנו כערבים, בניסיונו להרתיע מפנינו ביום הבחירות. אך באמת, מי הרשה לכם להגדיר את הערבים? אנחנו יודעים היטב להגדיר את עצמנו. מי מעז לערער על השיוך הלאומי שלנו? אנחנו בני עם אכת'ם בן סייפי, בלקיס, אלקס בן סאעדה אלאיאדי, הח'ליפה עומר אבן אל-ח'טאב, אבן רושד, אלאח'טל, אבן ח'לדון, והפלסטינים אלקאדי אלפאדל, אלשאפעי, כשאג'ם, אלאעסקלאני, אברהים טוקאן וד'אהר אלעומר אלזידאני. אבל הבעיה היא לא רק בעמדה ההצהרתית. הממשלה רודפת את האזרחים הערבים, ואני מציין את הנגב כדוגמה אחת מני רבות. בנגב, המכוסה אין-ספור גרגרי זהב, שהשמש מאירה אותו כמעט כל ימות השנה, ערביי הנגב מחפשים מקום תחת השמש. את ערביי הנגב הבדואים, הבדואים גאוות המדבר – טלב אבו עראר, הבדואים גאוות המדבר – פועלת המדינה לגרש ולרכז, כאשר יישובים יהודיים, לרבות חוות הבודדים, מפוזרים בכל רחבי הנגב וזוכים לכל השירותים. הממשלה נוהגת לומר שערביי הנגב מפוזרים על שטחים גדולים, אך האמת העירומה היא שערביי הנגב גרים רק על 5% מאדמות הנגב. הנגב נדיב, נדיב מאוד, ויכול להכיל את כל אזרחיו משני העמים. אך הוא יהיה מחניק אם הססמה תהיה ""לגאול את אדמת הלאום מהפולשים הערבים"". לאחרונה הוחלט להרוס את הכפר הערבי אום-אלחיראן, המונה 1,000 תושבים, כדי להקים במקומו את היישוב היהודי חירן. אבל מה הפלא? מחר, 15 במאי, אנחנו מציינים את יום הנכבה, היום שמסמל, בין היתר, את הריסתם של מאות יישובים ערביים והקמת יישובים יהודיים במקומם, עם שמות חדשים ומעוברתים: עין-איילה במקום עין-ע'זאל, צרופה במקום סרפנד וגבע במקום ג'בע. זו ממשלה שמתכחשת למחויבות של הנשיא הפלסטיני לפתרון שתי המדינות ופוחדת מההכרה בזכותם הצודקת של בני העם הפלסטיני. חזית הסירוב היא כאן. חזית הסירוב היא כאן. אך מכאן אני רוצה לברך את הכס הקדוש, האפיפיור פרנציסקוס, על ההכרה במדינה הפלסטינית על בסיס קווי 67'. יישר כוח.

זו ממשלה שבורחת מבשורה, כי אין לה בשורה: לא לשלום ולא לכלל המוחלשים. אני רוצה לפנות ברגע זה דווקא אל חברי האופוזיציה, אליכם: האם יש לאופוזיציה האומץ הדרוש להניח קווי יסוד מקבילים לקווי היסוד של הקואליציה? קווי יסוד של שלום אמיתי לפי החלטות האו""ם, שוויון אזרחי ולאומי לאוכלוסייה הערבית, דמוקרטיה וצדק לכלל האזרחים. האם האופוזיציה תניח אלטרנטיבה אמיתית, או שמדובר באותה הגברת בשינוי אדרת? ממשלה הנשענת על 61 חברי כנסת היא ממשלה עצבנית, ואת המחיר שלה נשלם במלחמות ושיסוי ותוכניות נגד כל המוחלשים. הרי לנתניהו יש תרגיל קבוע: כשהכיסא מתנדנד – יפציצו המטוסים, כשהביקורות רועמות – ירעמו התותחים. ממשלה זו, ככל שימיה יתקצרו ייטב לשני העמים ולכל האזרחים. ואנחנו נדאג לכך.",1
288535,"אדוני היושב-ראש, באתי לדבר על אום-אלחיראן, אבל לפני כן – אני הקשבתי לדברי אחת מחברות הכנסת, שדיברה על הפליית הנוצרים בקרב העם הפלסטיני. בשביל לנסות להרגיש עד כמה זה אמין, חשוב לי להבין את עמדתה לגבי העקורים הנוצרים, למשל באקרית, בירעם, אלדאמון, סוחמתא, אל-בירווה: האם היא בעד שיבתם, או שהיא בעד להמשיך להפלות אותם לרעה? האם היא באמת בעד שוויון אזרחי, שוויון לאומי ושוויון דתי בין כל האזרחים במדינה, כמו שאנחנו בעד, או שאין גבול לצביעות? בנושא אום-אלחיראן – זה נושא שכל כך רובץ על החזה, כל כך כואב לנו. אני זה שלושה ימים מתרוצץ ממשרד למשרד, מנסה לדבר עם שרים, עם חברי כנסת, מנסה להסביר להם: איך זה ייתכן? איך יכול להיות שאנשים שהמושל הצבאי החליט להעביר אותם מהאדמות שלהם – להפקיע את האדמות שלהם, להעביר אותם למקום אחר, עכשיו באים אליהם, אחרי 60 שנה, ומבקשים לעקור אותם שוב? לא כי, למשל, יש מפגע סביבתי, לא בגלל בעיה תכנונית, אלא בשביל להקים יישוב יהודי – –

– – חדש באותו מקום. אנחנו ניאבק על זה. איך אנחנו נעשה את זה? מחר יש לנו הצעה לסדר-היום, ואני אפרט. תודה.",1
288629,"אדוני היושב-ראש, חברי חברי הכנסת וחברות הכנסת, כמה עוול אפשר לעולל לכפר קטן אחד? אני מדבר על הכפר אום-אלחיראן, משפחת אבו אלקיעאן. המשפחה הזו הועברה בשנת 1948 למקום סמוך, ובשנת 1956 המושל הצבאי החליט לעביר אותם שוב למקום חדש, המקום הנוכחי, אום-אלחיראן. הם נמצאים שם כבר 60 שנה, קצת יותר. המדינה טענה שהם לא בני רשות, שהם מסיגי גבול. אבל בית-המשפט דחה את התביעה הזו והוא קבע שהם בני רשות והם לא מסיגי גבול. בדרך כלל מאשימים את הערבים בנגב שהם מסיגי גבול; הפעם זה לא. הטענה השנייה היא שאי-אפשר לאשרר, אי-אפשר לעשות לגליזציה. הפעם אפשר. כי במקום אום-אלחיראן רוצים לבנות יישוב יהודי בשם חירן. כלומר, מבחינת יישוב, גברתי שרת המשפטים, אפשר לבנות יישוב שם, אין בעיה תכנונית. עכשיו, לפני שבוע, בית-המשפט קבע שאכן הם צודקים, הוא מבין זאת, אכן יש פגיעה – ברוב דעות, שניים מול אחד, קבע שצריך להוציא אותם משם. אז אפשר להתגונן ולהגיד: מה אפשר לעשות? בית-המשפט קבע. דרך אגב, במקרים אחרים, כמו בירעם ואקרית, אכן בית-המשפט קבע, אבל אפשר אחרת. עכשיו אני מדבר גם כמשפטן; יש צד שזכה וצד שהפסיד, אבל גם הצד שזכה נמצא פה, הממשלה. בן-אדם, צד שזכה, יכול להגיד אני זכיתי, אבל לפנים משורת הדין, בגלל x, y,z , אני יכול לוותר, או אני מקבל עמדה אחרת. חכמים אמרו פעם, שהצדק יותר חשוב מהחוק. עכשיו, שופט, פותח את ספר החוקים, אומר: זה החוק, אין לי ברירה. אבל פה יש ברירה, כי זו הממשלה, והממשלה יכולה ללמוד איך לפתור את הבעיה הזאת. לפי אליקים רובינשטיין, שצידד בעמדה שצריך להוציא אותם מהמקום הזה – אליקים רובינשטיין אמר כך: לדעתנו ראוי שהמשיבה תשקול, באורח מתאים והוגן, שאותם תושבים יקבלו הטבה מסוימת במסגרת מכרזי השיווק ביישוב החדש חירן, כלומר להישאר במקום. אליקים רובינשטיין. דפנה ארז אמרה: בעניין זה המדינה התבססה על מידע מוטעה, שלפיו המבקשים הם מסיגי גבול. גרוע מכך, המדינה לא חזרה ושקלה את אחריותה משהתגלו העובדות לאשורן. כלומר, מבחינת השופטים הם לא מסיגי גבול, והם מבקשים מאתנו לשבת ולדבר ולבדוק אופציות, בין היתר שהם יישארו במקום. אני רוצה להגיד לך, גברתי שרת המשפטים – – –

נכון, אבל להישאר במקום שלהם, נכון? כבוד השר בני בגין, אתה קראת את פסק-הדין. הם יכולים להישאר במסגרת היישוב המתוכנן, נכון? אמרתי אמת? נכון? מדויק? יופי.

אדוני השר, בוא נחליט כך, שאנחנו עכשיו פותחים הידברות. אנחנו רוצים לשבת אתכם. אנחנו רוצים לדבר. כי זה כל כך כואב.

גברתי שרת התרבות – – – אני בין היתר מדבר על פסק-הדין עצמו, שאומר שהם לא מסיגי גבול, שאפשר אחרת, לבדוק אופציה שהם יישארו במקום שלהם ולהרחיב את היישוב, לתכנן משהו.

אני רוצה להגיד ולסיים כך, אדוני היושב-ראש, פה אום-אלחיראן – הכול ריק, הכול ריק חוץ מהמקום הזה. אז הם עוזבים את כל המקומות, באים למקום שיש בו ערבים ואומרים להם: סליחה, תעזבו את המקום הזה, אנחנו רוצים לבנות יישוב יהודי בשם חירן. דבר כזה אנחנו לא יכולים לקבל. אני מבקש שנפתח בהידברות כבר מעכשיו. תודה.

גברתי שרת המשפטים, שלוש הערות. ההערה הראשונה, את לא הזכרת שהם הפקיעו את האדמות שלהם בשנת 1956, כלומר, אלה לא אנשים שקפצו מהירח למקום הזה. ההערה השנייה – מה שלא אמרת הוא שההצעה של בית-המשפט היא לתת להם זכות קדימה, שהם יגורו בחירן, כלומר לא כמו שהצעת את – לא כמו שהצעת, להידבר איך לפנות אותם, איך לעקור אותם תוך הידברות, אלא לדבר – איך הם יישארו שם. זאת אומרת, זאת המהות של פסק-הדין. לכן אני מציע להעביר את הנושא הזה לוועדת הפנים, בבקשה.",1
289830,"לא, אני בטעות הצבעתי – – –",1
289889,"גברתי היושבת-ראש, חברי חברות הכנסת וחברי הכנסת, ביום חמישי על הבוקר הוצתה הכנסייה – הכנסייה הביזנטית, ההיסטורית, הלחם והדגים, ""כַּנִיסַת א-טאבע'ה"", אחת מהכנסיות הנחשבות ביותר בכל העולם. מעל פני המים בכינרת ריחפו דפים של הברית החדשה השרופה, אבל אף אחד לא יצליח לשרוף את אמירות הנצח (נושא דברים בשפה הערבית, להלן תרגומם: אשרי הענווים כי המה ירשו ארץ; אשרי הרעבים והצמאים לצדקה כי הם ישבעו; אשרי הרחמנים כי הם ירחמו; אשרי ברי לבב כי הם יחזו את האלוהים;) אשרי רודפי שלום כי בני אלוהים ייקראו. ואני שואל, מה מקור השנאה? היינו היום במחזה גזעני סוריאליסטי, כאשר סגן שר הפנים פונה אלינו ואומר שהוא עושה לנו טובה שאנחנו נמצאים במולדת שלנו, במולדת ההיסטורית שלנו. אנחנו לא באנו למדינת ישראל. מדינת ישראל באה אלינו ועלינו. אנחנו בני המקום הזה. אנחנו בני הכרמל, בני הגליל, בני מרג' אבן עאמר, בני א-סהל, בני א-נקב, אנחנו בני המקום הזה. כאשר בארזים נפלה שלהבת, מה יעשו אזובי הקיר? כאשר שר החינוך רואה בערבים רסיס בישבן; כאשר שרת המשפטים רואה בילדים הערבים נחשים; כאשר ראש הממשלה עולה – חשבתי שהוא רוצה להוקיע את שר הפנים – –

את סגן שר הפנים. – – וראיתי איך הוא מגבה אותו.

אז אומרים שהדג מסריח מהראש. אולי במקום הדג, אם זה ""תג מחיר"", אז בתי""ו, התג מסריח מהראש. ואני פונה אליך, השר לביטחון פנים, מר גלעד ארדן: 43 כנסיות, מסגדים, מנזרים, ורק לפני חודשיים חיללו את בית-הקברות – –

– – ושברו את הצלבים בכפר ברעם. ועכשיו רוצים לבנות על בית-הקברות של אל-מֻג'אהד, עז א-דין אל-קסאם, לא נותנים למתים מנוחה. אז אם – – –

אני מסיים, גברתי, משפט סיכום. אז תגיד לי, בבקשה, או שאתם כל כך חלשלושים, או שאתם לא רוצים לעשות שום דבר. אם זו הייתה פגיעה במה שנקרא ""ביטחון המדינה"", אנחנו יודעים איך אתם הופכים כל אבן.

אני אומר את מה אמר אמיל זולא: ""אני מאשים"". אני מאשים אתכם.

א-טאבע'ה. לא א-טאבח'ה. א-טאבח'ה זה המבשלת.

יש מושג שאנחנו יודעים עברית, יודעים את התרבות היהודית. זו הזדמנות שהיהודים ילמדו.",1
290410,"אדוני היושב-ראש, כנסת נכבדה, בשבוע שעבר מונה בנצי סאו לממלא-מקום המפכ""ל. האמת, וצריך להגיד את האמת, שהוא לא ביצע עבירה כמו עישון מריחואנה ברחוב שינקין לפני 20 שנה, או למשל נהיגה ללא רישיון, או כל עבירה שתמנע ממנו להגיע למעמד הזה. הוא רק היה אחראי ליחידה שרצחה שלושה ערבים באוקטובר 2000. אנחנו מכבדים את החללים שלנו. לכל אחד מהם יש שם, לכן אני אזכיר את השמות שלהם: ראמי ג'רה מג'ת; מוחמד ג'בארין ומוסלח אבו ג'ראד מאום-אלפחם, אחמד ג'בארין ממועאוויה; ויסאם יזבק, עומר עכאווי ואיאד לואבנה מנצרת; מוחמד ח'מאיסה מכפר-כנא; ראמז בושנאק מכפר-מנדא; וליד אבו סאלח ועימאד גנאים מסח'נין; עלאא נסאר ואסיל עאסלה מעראבה. אלה הם 13 החללים שנפלו באוקטובר 2000. מינוי בנצי סאו לממלא-מקום המפכ""ל – כלומר, רישיון להריגת ערבים. אפשר להרוג ערבים ואפשר להמשיך בתפקידים. אנחנו ניאבק נגד המינוי הזה. אני מבקש מחברי הכנסת שינקטו עמדה ברורה. אנחנו נפנה לערכאות, וגם – מאבק עממי. אנחנו לא ניתן לדבר הזה להתרחש. תודה.",1
290816,"אדוני היושב-ראש, חברים וחברות הכנסת, אני מבקש ממך, אדוני היושב-ראש, לסטות בכמה משפטים – –

– – מהנושא של הצעת החוק. מה שקרה לפני רגע הוא דבר שלא מוסיף לאף אחד, ואני מאשים פה את הקואליציה. כי לא יכול להיות שחבר אופוזיציה מגיש הצעה כל כך אנושית, כל כך נכונה, ובקואליציה לא מנסים ללבן את הסוגיה לפני ההצבעה. איך יכול להיות שהכנסת תצביע נגד פיצויים לנפגעי שואה? איך יכול להיות? עיסאווי, בשם הרשימה המשותפת כבר אמרנו בתקופת הבחירות: אנחנו נהיה עם המוחלשים בכל מצב. לא חשוב מאין הם מגיעים. זאת עמדה ערכית, ואנחנו נצביע כל הזמן בכיוון הנכון. ככה עשינו עכשיו, ככה עשינו עם ההצעה לוועדת חקירה פרלמנטרית בנושא האתיופים וכך בכל מצב ומצב. לכן אני מבקש לזרז את ליבון הסוגיה הזאת במשרד האוצר, ואני מקווה – זה, לא צריך לעבור שבוע אחד. צריך לגבות את הגישה הזאת, שהם אכן יקבלו את הפיצויים שמגיעים להם. לגבי הצעת החוק שלי – הצעת החוק שלי נוסחה על-ידי חבר הכנסת לשעבר חנא סוייד, אבל הוא לא הגיש אותה. אני מגיש אותה אחרי שקיבלתי את המנדט. היא אומרת כך – הצעת חוק לתיקון פקודת העיריות (חלוקת הכנסות ממתחם הגורם למפגעים סביבתיים בין רשויות מקומיות): ""בלי לגרוע מהוראות סעיף קטן (ב), הכנסות מארנונה כללית, מהיטלי השבחה או מאחד או יותר מתשלומי החובה, שמקורן ממתחם המצוי בתחומה של רשות מקומית אחת, הגורם למפגעים סביבתיים ברשות מקומית אחרת, אחת או יותר, יחולקו בין הרשות המקומית שבתחומה מצוי המתחם לבין הרשות המקומית המושפעת מהמפגעים הסביבתיים, כאמור על-פי כללים שיקבע השר"". זה אומר בקיצור כך: יש מתחם שיוצא ממנו מפגע סביבתי – משרפה מסוימת, מחצבה מסוימת – והפגע הזה עובר ליישובים מסביב. אז לא יכול להיות שרשות מקומית אחת מרוויחה כסף, ארנונה, מהמקום הזה, והניזוקות מהמצב הזה הן רשות מקומית או יותר מרשות מקומית אחת. לפי הצדק החברתי, לפי הצדק החלוקתי, צריך להעביר את כספי הארנונה לכל הרשויות המקומיות מסביב שנפגעות מהמתחם הזה. אני דיברתי עם יושב-ראש הקואליציה צחי הנגבי. אני מעביר את ההצעה שלי מהצעת חוק להצעה לסדר-היום. אני מבקש להעביר אותה לוועדת הפנים כדי ללבן את הסוגיה הזאת. שם אנחנו נאחד כוחות כדי שהיא כן תעבור. תודה.",1
290890,"כבוד היושב-ראש שי פירון – –

– – כבוד השר אריה מכלוף דרעי, חברי חברי הכנסת, אני הקשבתי לדבריו של חברי מיקי לוי, ואני שואל: עם כזאת אופוזיציה, מי צריך קואליציה בכלל?

מה שטוב לכולנו זה שלא יהיו עובדי קבלן במדינה – –

– – ולחשוב על המוחלשים ביותר, והם לא אחד או שניים – הם 408,600 עובדי ועובדות קבלן.

חצי מיליון. הם מהווים 38% מהמועסקים במשרות ציבוריות, בגופי המדינה, לכן זה העיקר. אני בא ממקום מהפכני – לא ממקום רפורמי, בשביל למצוא איך לפתור את הבעיה חלקית, אלא איך לפתור את הבעיה מהשורש. איך נראית מציאות חייהם של עובדי קבלן? כיצד הם עובדים ובאיזה אופן הם מתפרנסים? אני רוצה להביא דברים שכתבה רבקה ויטנברג שהיא עובדת קבלן בתחום הניקיון זה 14 שנים, וכך היא מספרת: העבודה קשה מבחינה פיזית. אני כל היום על הרגליים, יכולה לשבת רק בזמן ההפסקה של חצי שעה. אבל העבודה היא קשה גם מבחינת תנאי ההעסקה אצל כל קבלן שעבדתי עבורו. השכר הוא שכר מינימום והתנאים הם התנאים המינימליים הנדרשים כחוק. הרבה קבלנים מנסים לתת לעובד פחות ממה שהחוק מחייב, ולפעמים יש צורך לדרוש מהם במפורש דברים שמגיעים לי כעובדת, למשל תשלום על ימי חופשה שנתית, הבראה ופנסיה. לא פעם ולא פעמיים הייתי צריכה להיאבק כדי לקבל את המינימום שבמינימום. וזו לא רבקה כהן מחדרה, מיקי כהן מיש עתיד; אנחנו מדברים על המוחלשים והמוחלשות ביותר במדינה. אז צריך לתמוך בשביתה הזאת. ואני פונה לממשלה ואומר כך: על הממשלה לשנות כיוון, להפסיק את תהליך מיקור-החוץ וההפרטה. כמו כן, יש לאכוף וליישם את ההסכם שנחתם בשנת 2012 בין ההסתדרות לבין משרד האוצר בדבר קליטה להעסקה ישירה של עובדי כתף-אל-כתף בשירות המדינה ובגופים נתמכים. יש להקים מנגנון ממשלתי לאיסוף שיטתי וקבוע של מידע אמין ומקיף, שיהיה שקוף וזמין לציבור, על מספר עובדי הקבלן, היקפי ההעסקה, רמות השכר ותנאי ההעסקה. לא ייתכן שמנכ""לים של משרדי ממשלה לא ידעו לענות על השאלה כמה עובדי קבלן מועסקים אצלם במשרד. לבסוף, על הממשלה להתחייב להקים ועדה אשר תפקח על תהליך קליטת העובדים להעסקה ישירה ותציע מתווה אופרטיבי ולוח זמנים למעבר להעסקה ישירה והוגנת של עובדי הקבלן. אני אומר מפה יישר כוח להסתדרות על ההחלטה האמיצה הזאת אכן להשבית את המשק על מנת לפתור את הבעיה הכואבת הזאת. תודה.",1
290897,"סלח לי, כמו שיש אריה מכלוף, שמי איימן עודֶה ולא איימן עודָה, אז תדייקו בבקשה.",1
290994,"אני יושב פה בשביל לשמוע אנגלית, כי אני לא שומע עברית פה.",1
291437,"אדוני היושב-ראש, חברי הכנסת וחברות הכנסת, זאת הזדמנות להדוף את המתקפה נגד האוכלוסייה הערבית בעניין השירות הלאומי. אנחנו כל הזמן אמרנו שאנחנו לא מתנגדים להתנדבות; נהפוך הוא, אנחנו בעד התנדבות, וגם ממוסדת. אני רוצה להוסיף שאנחנו גם לא מפנים עורף לאזרחות. אבל מה הבעיה? אנחנו התנגדו לפוליטיזציה של השירות, לפוליטיזציה של ההתנדבות. כלומר, אחרי אוקטובר 2000 הקימו את ועדת אור, והיו בה כמה המלצות חיוביות ברמה האזרחית. לאחר מכן, בשביל לממש את ההחלטות האזרחיות של ועדת אור, הקימו ועדה שנקראה ועדת לפיד. חבריה היו בני אלון, אפי איתם, והשמאלנים היו גדעון עזרא וצחי הנגבי. והיא הייתה אמורה לבדוק את האפשרות – איך ליישם את השוויון האזרחי לאוכלוסייה הערבית. גם אתה היית חבר בוועדה, ועדת לפיד.

ועדת לפיד למימוש המלצות ועדת אור.

בוודאי. אז אתה היית שם שמאלן, כי מימין היו בני אלון ואפי איתם. הוועדה הזאת החליטה כך: שעל הצעירים הערבים לשרת שירות אזרחי – צעד ראשון בכיוון המשטרה והצבא ומסגרות ביטחוניות נוספות. אחרי זה העבירו את השירות למשרד הביטחון, אצל שאול מופז, שהיה שר הביטחון דאז. אז יש לנו בעיה עם שלושה משרדי ממשלה: גם הביטחון, גם החוץ, גם קליטת העלייה. אנחנו רוצים שוויון בכל משרדי הממשלה, אנחנו רוצים קשר עם כל משרדי הממשלה למעט הביטחון, החוץ וקליטת העלייה, כי אנחנו רואים שהם משבשים את הזהות הלאומית שלנו. מה שקורה עכשיו – מזמן הפועל המזרחי ועד המפד""ל ועד הבית היהודי הם תמיד רוצים את התיק הזה. אז כל הסיפור של השירות האזרחי הוא סיפור ממסדי רציני, או שהוא סיפור של אינטרס מפלגתי צר? אני חושב שאתם עושים צחוק מכל הסיפור הזה שנקרא שירות אזרחי. ואני אומר לכם שהאוכלוסייה הערבית, כאשר היא התנגדה, היא לא התנגדה לעצם ההתנדבות אלא היא התנגדה לפוליטיזציה של ההתנדבות. תודה רבה.

יריב, יריב, הצביעו לנו 90% מהציבור שלנו, אז איך – – – תגיד לי.",1
291557,מה ההבדל בין הסכם השלום עם ירדן ומצרים לבין נסיגה חד-צדדית?,1
291724,"גברתי היושבת-ראש, חברי חברי הכנסת וחברות הכנסת, אני הקשבתי לדברים של עמיתי בכנסת, ואני רוצה להגיד לכם, אם הסיפור הוא פוליטי, אז התשובות הן פוליטיות; אם הסיפור הוא שוויון בחובות וגם שוויון בזכויות, אז אתה לקחת את כל הסיפור של ההתנדבות למקום פוליטי, וזו הבעיה העיקרית של השירות הלאומי. כלומר, כאשר מדברים על שוויון בחובות ושוויון בזכויות, לא מדברים על התנדבות לשם ההתנדבות, אלא סוגיה פוליטית. לכן כל החברים שלי בסיעה המשותפת הגיבו תגובות פוליטיות. אתה לא בא ואומר להם: אנחנו רוצים לבנות תוכנית להתנדבות לשם ההתנדבות, אלא יותר מזה. אתם יודעים שכל הסיפור התחיל בוועדת לפיד בשנת 2004, כאשר דיברו על השירות הלאומי כצעד ראשון לכיוון המשטרה, הצבא ומסגרות ותוכניות נוספות. כשהעבירו את השירות הלאומי למשרד הביטחון, שר הביטחון דאז היה שאול מופז – אמרנו: מה הקשר בין השירות האזרחי, שאמור להיות אזרחי, לבין הביטחון והביטחוניזם ומשרד הביטחון? אתם יודעים שנתנו למל""ל – המועצה לביטחון לאומי – לטפל בסוגיה הזאת. אתם יודעים שראשי הממשלה דיברו על הקשר בין הזכויות לבין החובות, ונתנו את השירות הלאומי כדוגמה. כלומר הכול פוליטי, לכן התשובות הן תשובות פוליטיות. אבל אני רוצה עוד להוסיף – בכמה מדינות בעולם ביטלו את השירות הלאומי כי הוא הגביר את האבטלה. למשל באוסטריה, בשנת 1964; בניו-זילנד, בשנת 1969; באוגנדה, בשנת 1972 – מכיוון שהביאו אנשים שישרתו חינם במקום אנשים שעובדים בכסף, וכך הוציאו את האנשים שעובדים בכסף ממקום העבודה, ובכך הגבירו את האבטלה. האם למדתם את הנושא הזה? האם אתם חושבים שבקרב הציבור הערבי – – –

טוב, אז אני נתתי לך דוגמאות, אני מבקש ממך ללמוד אותן. לעומת זה, כאשר אנחנו אומרים לא, אנחנו אומרים לא מסיבות פטריוטיות, מסיבות חברתיות, מסיבות כלכליות, מכל הסיבות יחד. לכן, אנחנו בוודאי נתנגד. אנחנו אומרים כן להתנדבות. כולנו התנדבנו. יש לנו עמדה ערכית כלפי ההתנדבות, אבל אנחנו התנגדנו לפוליטיזציה של ההתנדבות. תודה רבה.

אורלי, מה זה ערבי או נוצרי?",1
291760,"אדוני היושב-ראש, חברי חברי הכנסת וחברות הכנסת, אדוני היושב-ראש, בוא נתחיל בזה שהשם שלי איימן עוֹדֶה ולא עוּדָה. תנסה להגיד את זה.

מה זה היימן? מה, שם אשכנזי? סי היימן, למשל?

כל הכבוד. הפעם הצלחת. יופי, כל הכבוד. כן, תודה רבה.

סמוטריץ – מה, זה – – – דרך אגב, מי שיודע את השפה של האחר הוא מרוויח מזה. לכן, גם יהודים צריכים ללמוד ערבית. פהמת עלי?

אבל לא מהמקום של דע את האויב, אלא ממקום של תרבות נוספת – – –

מישהו אמר פעם שבתוך כל בן-אדם יש גזען קטן. אני מאמין גם שבתוך כל גזען יש בן-אדם קטן, צריך לדבר אליו.

לגבי התכנון והבנייה – אני ביקשתי לדבר, ואני רוצה להציג את הבעיה הקשה של האוכלוסייה הערבית. מאז שנת 1948 לא נבנה יישוב ערבי אחד בגליל ובמשולש, ממש אפס, ותוכניות מתאר לא חודשו. חלקן לא חודשו זה 30 שנה. ""צוות 120 הימים"" קבע שהאפשרות הייתה של הממשלה – קבעה בצורה חד-צדדית שלא מאשררים תוכניות מתאר, לא מרחיבים אזורי שיפוט. ואני פעם אמרתי שהמצב הזה הוא כמו חליפה שאתה קונה לילד בן עשר אבל היום הוא בן 30. ואתה רוצה להלביש לו את החליפה בכוח, אז היא תיקרע מפה וגם תיקרע מפה. בשביל לפתור את הבעיה, אנחנו הגשנו – – –

בשביל לפתור את הבעיה אנחנו הגשנו הצעה קונקרטית. אמרנו שיש 50,000 בתים לא מוסדרים בקרב האוכלוסייה הערבית. אם אנחנו נמשיך במצב הזה, ניפגש בקדנציה הבאה, ויש 55,000 בתים לא מוסדרים. אז אנחנו צריכים להגיע לפתרון לבעיה הזו. ההצעה הקונקרטית שלנו – להקים ועדה; חלקם מקצועיים מטעם הממשלה, חלקם מקצועיים מטעמנו. והוועדה הזו תלמד את הנושא, תלמד את סוגיית תוכניות המתאר ואזורי השיפוט, והיא תגיש המלצות. אם נצליח לעשות את הצעד הזה אנחנו נפתור בעיה כואבת ולחוצה זו, ויפה שעה אחת קודם. תודה רבה.",1
292024,"אדוני היושב-ראש, אני מבקש לדבר מהצד על הדברים שלך.

אדוני היושב-ראש, עמיתי חברי הכנסת, אנשי הדת המכובדים, כבוד הארכיבישוף מרקוצו, 33,000 תלמידים ערבים שובתים. לפני כמה דקות דיבר שר האוצר על התקציב ועל שכולם שמחים מהתקציב הזה.

אז אני אגיד כך: מדובר על בתי-ספר שמהווים 4% מבתי-הספר הערביים, כבוד השר. שליש מהסטודנטים באוניברסיטאות הם בוגרי בתי-הספר הללו, 87% מהערבים שעובדים בהיי-טק הם בוגרי בתי-הספר הללו, ואנחנו מדברים על כאילו בתי-ספר פרטיים, כי האנשים השקופים והמוחלשים והמוחלשים ביותר לומדים בבתי-הספר הללו. בתי-הספר הללו – מבקשים להשוות אותם לבתי-הספר האחרים. לכן צריך להיענות לבקשה צודקת זו, והיום ולא מחר. תודה רבה.",1
292151,"אדוני היושב-ראש, עמיתי חברי הכנסת וחברות הכנסת, אני אציג רק עמדה – את העמדה של הרשימה המשותפת. אני לא אפרט הרבה. אני אגיד לכם שאנחנו נצביע נגד, ונגד שתי ההצעות.

אני שמעתי, קראתי כל מיני ספקולציות על חברי הכנסת הערבים. אני חושב שהספקולציות הללו נגועות בעליונות מסוימת – שאפשר לקנות את הערבים, שהכי קל לקנות את הערבים. אז אני אומר לכם שהעמדה שלנו היא עמדה עקרונית: בעד צדק חברתי, נגד מסירת אוצרות הטבע לטייקונים על חשבון המוחלשים. אנחנו כקבוצה מוחלשת – שלי יחימוביץ – אנחנו לא נמכור מוחלשים על-ידי דיל שאנחנו נקבל בו משהו. אנחנו לא נמכור את שאר המוחלשים.

אנחנו בעד חיבור בין כל המוחלשים, בעד בריתות בין כל המוחלשים. אנחנו נקבל את הזכויות שלנו דרך מאבק, בראש מורם, כי מגיע לנו בהיותנו אזרחים, ולא כאנשים שיקבלו כל מיני הטבות קטנות פה ושם על חשבון עמדה עקרונית. זוהי עמדת הרשימה המשותפת. תודה רבה לכם.",1
292186,"אדוני היושב-ראש, כבוד שר החינוך, עמיתי חברי הכנסת וחברות הכנסת, אני לא בא לכאן כדי להגן על בתי-הספר הכנסייתיים; אני בא לכאן כדי להגן על עקרון השוויון, כדי להגן על ערכי הצדק. שעת הוראה בבית-ספר כנסייתי עולה 4,551 שקלים; ב""מעיין החינוך התורני"" היא עולה 5,441; בבית-ספר של החינוך העצמאי היא עולה 5,757 שקלים; בבית-ספר רשמי היא עולה 7,018, אדוני שר החינוך. ואני שואל אותך למה, בשם הצדק, בשם עקרון השוויון. ואני שואל עוד: למה יש סעיף מיוחד לרשת החינוך החרדי, 3(א) בחוק יסודות התקציב, ויש סעיף אחר לבתי-הספר המוכרים הלא-רשמיים, לרבות בתי-הספר הכנסייתיים, שזה חוק, כן – סעיף 9 בתקנות חוק חינוך ממלכתי משנת 1953? אני שואל: למה? האם יש אפרטהייד? האם יש חוקים אחרים לקבוצה הזאת וחוקים אחרים לקבוצה אחרת? אבל אני רוצה להגיד לכם משהו: אין לי שום דבר נגד בתי-הספר החרדיים, ואני לא אסכים אף פעם שפריבילגיים ישסו מוחלשים במוחלשים. אתם, החרדים, מגיע לכם, אבל גם לנו מגיע. לכן, אני רוצה שוויון בין בתי-הספר הכנסייתיים לבין בתי-הספר החרדיים. ויגידו לי: ליבה, לא ליבה. אני יודע שבתי-הספר הכנסייתיים מלמדים את הליבה של הליבה, אבל אנחנו מבקשים שוויון, דורשים שוויון בינינו ובין החרדים, ולא אסכים אף פעם שפריבילגיים ועשירים ישסו עניים בעניים. ואני שואל: מי צריך ועדה? שלשום נפטר השופט לשעבר חשין, זיכרונו לברכה, והוא שאמר, שטבע את המשפט שבשביל לקבור דבר צריך להקים לו ועדה. ואני אומר: הדברים כל כך ברורים; האם מגיעה תפילה לכנסייתיים כמו שמגיע לחרדים? האם מגיע תמרוץ או טיפוח לכנסייתיים כמו שמגיע לאחרים? האם מגיע פיצול בכיתות א' או ב' לכנסייתיים כמו שמגיע לחרדים ולאחרים? האם מגיע עבור מצוינות לכנסייתיים כמו שמגיע לאחרים? השאלות הן כל כך ברורות וכל כך קונקרטיות, אז להשיב עליהן – אפשר בחצי יום להשיב עליהן. אתם יודעים מה? קחו יומיים. בשביל מה להקים ועדה? כי יש שביתה ורוצים שהילדים יחזרו לבית-הספר, ולמרוח את הדבר לחודש, חודשיים, ואחרי זה לצאת עם מסקנות כמו שהם רוצים? צריך להחליט היום, ואפשר להחליט היום. הסיפור החדש של בתי-הספר הכנסייתיים הוא שמפלגת יש עתיד רצתה לפגוע בחרדים, אז היא פגעה בהם, וכתופעת לוואי גם פגעו בכנסייתיים. אז דרך הסכמים קואליציוניים חדשים החזירו לחרדים, ומי שנתקע מאחור זה בתי-הספר הכנסייתיים. זה כל כך סוריאליסטי, כל כך פוגעני. ואני רוצה להוסיף שקרו עוד שני דברים שהפלו לרעה את בתי-הספר הכנסייתיים: הדבר הראשון – ביטול חוק נהרי בשנת 2014; הפגיעה השנייה – שתורמים מחו""ל מעדיפים לתרום עכשיו לכנסיות בסוריה ובעיראק ולא לכנסיות בישראל. לכן, בתי-הספר הללו נפגעו קשות בשנים האחרונות. אנחנו מדברים על בתי-ספר שהם 4% מבתי-הספר הערביים. שליש מהסטודנטים הערבים באוניברסיטאות הם בוגרי בתי-הספר הללו; יותר מ-80% מהערבים בהיי-טק הם בוגרי בתי-הספר הללו. אתם מבקרים בבתי-חולים ואתם משבחים את הרופאים הערבים – יותר מחצי הרופאים הערבים בבתי-החולים הם בוגרי בתי-הספר הללו. אז מה קורה בעצם? הכנסיות מחנכות, מטפחות, משלמות כסף, והכלכלה בכלל, אדוני שר הכלכלה לשעבר, מרוויחה מהילדים הללו, מרוויחה מהסטודנטים, מרוויחה מהעובדים הללו. אז במקום לגשת לשוויון, עוד ממשיכים להפלות אותם לרעה. אני אמרתי שאני לא בא להגן על בתי-הספר הכנסייתיים אלא על עקרון השוויון ועל ערכי הצדק ועל הערכים בכלל. ראית איך המשרד שלך התנהג בשבוע האחרון, אדוני השר? התחיל להשחיל כל מיני כתבות, כל מיני ספינים תקשורתיים: כמה המנהלים מקבלים – 400,000 ש""ח בשנה. זה העלות, לא הברוטו, ודאי לא הנטו, אבל העיקר לפגוע בהם; ולהגיד גם שהם סלקטיביים. אז תגיד לי, אדוני השר, אני בן העיר חיפה; 70% מהערבים בעיר חיפה לומדים בבתי-הספר הללו, אז על איזו סלקציה אתה מדבר? על איזו סלקציה? מדברים על בתי-ספר של פריבילגיים. הרי בתי-הספר הללו נמצאים בשכונת ואדי-ניסנס, המוזנחת ביותר. אני למדתי שם. אבא שלי עובד בניין. כאשר המזכירה קראה לי ידעתי שכנראה אין להורים שלי כסף לשלם עבור הלימודים שלי. אנחנו מדברים על עאידה שלמדה שם, על חנין שלמדה שם, על אוסאמה שלמד שם, על זוהיר שלמד שם, על יוסף שלמד שם, בבתי-הספר הללו. מדברים על בתי-ספר עדתיים – ביום האחרון מהמשרד שלך זה יצא. אז יוסף – אימא שלך מוסלמית; חנין ממשפחה מוסלמית; אוסאמה ממשפחה מוסלמית; זוהיר ממשפחה מוסלמית; אני ממשפחה מוסלמית. אלה בתי-ספר שהביאו כל טוב לחברה שלנו. אנחנו מדברים על המערב שהביא בעיקר קולוניאליזם, אבל יש צד קטן ונאור, כמו בתי-החולים, למשל האנגלי, הראשון בארץ, שהוקם בשנת 1861, בית-ספר כמו ""טרה סנטה"" בנצרת, שהוקם לפני 300 שנה. הילדים שלי לומדים בבית-ספר לנזירות בנצרת שהוקם בשנת 1867. והם חינכו, והם לימדו. אז הגענו עד הלום, והציעו לנו 50 מיליון שקלים במקום לגשת לשוויון מלא, ל-200 מיליון ש""ח בשנה. אדוני, המשרד שלך הוא המשרד השני בגודל התקציב שלו. בשנת 2000 התקציב שלו היה 21 מיליארדים; היום זה 44 מיליארדים. אז הם מבקשים – –

אז עוד תוספת. אז הם מבקשים 200 מיליון שקלים. אני, כראש הרשימה המשותפת, בשם הרשימה המשותפת – היום אנחנו מקיימים ישיבה של ועדת המעקב. אנחנו נקרא לשביתה כללית ברחוב הערבי. אנחנו נתמוך בבתי-הספר הללו, שהביאו כל טוב גם לחברה שלנו, גם לכל האזרחים, לרבות בתרבות ובכלכלה. אני מבקש מכם, חברי חברי הכנסת וחברות הכנסת, להיעתר לבקשה הכל-כך צודקת שלנו. תודה רבה לכם.

עיסאווי, יש בתי-ספר רשמיים מצוינים – – –

כבוד השר, אנחנו מבקשים לקיים את החוק, נקודה. כלומר, סעיף 9 בתקנות משרד החינוך אומר שמגיע 75% למוכר בלתי רשמי. אני מבקש ממך להצהיר פה: אני, כבר מהיום, רוצה לקיים את החוק, נקודה. עכשיו, לגבי המיון, חשוב להגיד לך: אני מהעיר חיפה, ו-70% מהתלמידים הערבים בה לומדים שם. אז יש אליטה של 70% – יש אליטיסיטים, élite, של 70% – – –

סעיף 3(א) לחוק יסודות התקציב – – –

כבוד השר, אתם עוברים על החוק.

– – – כמה זמן ייקח לכם? שלושה ימים? ארבעה ימים?

– – – discrimination – – –",1
292400,"גברתי היושבת-ראש, אדוני השר, חברי חברות הכנסת וחברי הכנסת, אני אכן אעשה את זה קצר. הסיפור הוא כל כך חשוב עבור כל מיני קבוצות מוחלשות במדינה, לרבות האוכלוסייה הערבית, והוא נושא אי-חיבור חשמל לאנשים שאין להם טופס 4. הסיפור הזה עבר, טלאי על טלאי, מאז צו שחל ועד התוכנית של פואד בן-אליעזר, ועד כל מיני תוכניות, אבל אני רוצה לחזור אל החוק. מדובר על סעיף 157א בחוק התכנון והבנייה, שבו כתוב שמי שאין לו טופס 4 לא יכול להתחבר לחשמל. אבל בסעיף 157א(ח1) יש הסתייגות, ששר הפנים, מותר לו לחבר, בתנאי שהתוכנית מופקדת, אבל טרם אושרה, וגם שהרשות המקומית היא בעד. עכשיו, לפני כחודש שר האוצר כחלון היה בדאלית-אלכרמל, ואישר לפי תוכנית ספציפית, לגבי שכונה ספציפית בדאלית-אלכרמל, שנקראת חארת-אלפש, אבל שם כתובים, בצו של השר, שני דברים מעניינים. הדבר הראשון – שהיא תוכנית ספציפית לגבי השכונה הזאת, המספר שלה 356/0144251, אבל מה שקשור שם, בסעיף ד' של צו השר, שהוא לא מאשר חיבור חשמל לבתים שיש עליהם צו שיפוטי או צו מינהלי תלוי ועומד. כלומר, הוא נותן ביד אחת ולוקח ביד השנייה, אפילו כלפי דאלית-אלכרמל. אני נפגשתי עם השר כחלון, דיברנו, הוא אמר שהוא רצה להשליך את ההחלטה הזו על כל האוכלוסיות, לא רק דאלית-אלכרמל. אבל אפילו אם הוא ישליך את ההחלטה הזו, היא לא תפתור את הבעיה. כאשר מדברים על צווים תלויים בבית-המשפט, אז זה נמצא לגבי כל בית שנבנה ללא היתר, כי אחרי יומיים מגישים צו הפסקת עבודה, ואחרי עוד יומיים, או צו מינהלי או צו שיפוטי. לכן צריך לבטל את הסעיף הזה. אז השר כחלון הפנה אותי לכל מיני גורמים. אני שאלתי אותם, והם עמדו תמהים, הם לא מצאו תשובה. אז אמרו: אנחנו רוצים ללמוד את הסוגיה הזו שוב, עוד הפעם. כלומר, הסוגיה הזו, שנסחבת מאז סוף שנות ה-80 עד עצם היום הזה, תמיד יש סיבה כזו או אחרת למה לא לחבר את הבתים הללו. והסיפור הזה הוא ממש win-win and win situation, כי זה טוב לאנשים המוחלשים, זה טוב לחברת החשמל – כי אם יחברו את הבתים הללו לחברת החשמל, חברת החשמל תרוויח רבע מיליארד שקלים – וזה טוב לכלכלה בכלל.

טוב, חבר הכנסת ברושי, המתווה הוא כך: מי שבנה על האדמה שלו – –

– – ואפשר לעשות לו לגליזציה בדיעבד, אז מאשרים לו.

אז זה הכיוון. אז מי הממשלה? אז השר – או שר התשתיות הלאומיות שטייניץ, שדיבר אתי לפני כמה דקות ואמר לי שהוא בכיוון הזה, או השר כחלון, ואני שמח שהשר חיים כץ נמצא פה.

טוב, טוב. אנחנו צריכים לפתור את הבעיה, ופתירתה טובה לכולם. אז אין שום סיבה לעכב ולא לחבר את הבתים הללו לחשמל. אני מנצל את ההזדמנות הזו להביע עמדה פוליטית. השר שטייניץ תפס אותי ושאל אותי: האם אתה באמת לא מגנה פגיעה בחפים מפשע? אז טוב לדבר גם בעברית, גם בערבית, בשתי שפות, אבל בעמדה פוליטית אחת; בכל מקרה, להיות בן-אדם בכל מצב. אנחנו קוראים להוציא את כל האזרחים – את כל האזרחים, פלסטינים וישראלים – ממעגל האימה ומעגל המלחמה. זה כל כך ברור, זה ברור לכולם. עכשיו, מה הבעיה? הבעיה היא שיש שני נרטיבים, ושני הנרטיבים לא הפסיקו מאז עמד הרצל על המרפסת בבאזל ודיבר על עם ללא אדמה שמגיעה לו אדמה ללא עם. אלא ששני הנרטיבים ממשיכים יום-יום – הערבים צופים בלוויינים הערביים ורואים אימהות בוכות כל הזמן, והיהודים, יש להם התקשורת שלהם. מהאזרחים, אף אחד לא מבין את האחר. כל אחד מסתכל אל האחר, אומר: למה הוא לא מבין אותי? אז אני רוצה להגיד לכם שמה שעושה הצבא, עצם העובדה שיש כיבוש ארור כזה, זו פגיעה – –

– – בזכויות הבסיסיות של העם הערבי הפלסטיני. ואתם לא רואים איך ילדים פלסטינים נהרגים, אתם לא רואים את הלוויות שלהם, אתם לא רואים את האימהות שלהם.

אז אנחנו, הערבים, שאנחנו חלק מהעם הערבי הפלסטיני, וגם, יחד, חלק מאזרחי המדינה – –

– – אנחנו אלה שרואים את שני הצדדים, מפני שאנחנו רואים גם את התקשורת הערבית ואנחנו רואים גם את התקשורת הישראלית; מפני שאנחנו מבינים גם ערבית וגם עברית, אז אנחנו יודעים את האמת. ואנחנו אומרים לכם את האמת: אכן הצבא מבצע, כן, פשעים נגד העם הערבי הפלסטיני. אתם צריכים לדעת את הדבר הזה. בחורה אחת ממשפחת סוויד, גירשו אותה מפני שהיא פרסמה בפייסבוק תמונה של חלל שנקרא פאדי עלון. מבחינת הרוב הישראלי הוא מחבל. מבחינתנו הוא ברח מהמתנחלים שרצו לתת לו מכות, ברח לאיפה? למשטרה, בשביל לבקש הגנה. אז המשטרה חשדה בו וירתה בו והוא נהרג. אז מבחינת הנרטיב הישראלי הוא מחבל, מבחינת הנרטיב שלנו הוא חלל. והיא שמה את התמונה שלו, גירשו אותה מרשת ""פלאפון"". לכן תבינו את האוכלוסייה הערבית בישראל – וזה הזמן לברך כל אחד ואחת שהשתתפו בהפגנה הענקית. מה זאת אומרת, הפגנה? דרך אזרחית, מאבק אזרחי. מה זאת אומרת, שביתה? שביתה היא מאבק אזרחי לא אלים. זו הדרך של האוכלוסייה הערבית. רצו להפלות את הערבי הישראלי. מיהו הערבי הישראלי? הוא לא ערבי מאה אחוז מפני שלא צריך שיהיו לו כיסופים לאומיים, והוא לא ישראלי מאה אחוז מפני שרק היהודי הוא ישראלי מאה אחוז במדינת היהודים. אז הוא יצור מעוות, הולך ככה, בצורה מעוותת. אנחנו גם ערבים פלסטינים במלוא מובן המילה, ואנחנו ניאבק למען אזרחות מלאה – שלמה – בתוך מדינת ישראל, גם וגם, לא חצי וחצי, אלא מאה אחוז פה מבחינת שייכות לאומית ומאה אחוז פה מבחינת שייכות אזרחית.

אז זו הדרך של האוכלוסייה הערבית.

ואני אומר לכם שאפשר להמשיך סחור-סחור אחרי ניהול הסכסוך, וזה יתפוצץ, איציק – – –

אם זה לא יתפוצץ עכשיו או עוד חצי שנה, אז עוד שנה.

אז צריך לעקור את שורש הרע.

מהו שורש הרע? הוא המשך הכיבוש. מה זאת אומרת, מדינה פלסטינית שבירתה ירושלים המזרחית? זאת אומרת 22% מהמולדת ההיסטורית, מהחלום ההיסטורי של העם הערבי הפלסטיני. לכן זה לא הצדק כולו, זו פשרה היסטורית. ואני אומר לכם, זו פשרה כואבת. מה, אין לפלסטינים כיסופים לחיפה וליפו ולעכו? לכן זו פשרה היסטורית כואבת. מי שרוצה שלום-אמת, חייב לקבל את הפשרה ההיסטורית הזו. ורק כך אנחנו עוקרים מהשורש את האלימות. רק כך נביא ביטחון אמיתי לשני העמים ולכל האזרחים.",1
292599,"אדוני היושב-ראש, חברי חברות הכנסת וחברי הכנסת, חברי אילן, מאיר ואלי, אני הקשבתי לדבריכם, בוודאי אנחנו יכולים להיות שותפים. מאז שנולדתי אני לא תומך במלחמות, אבל המלחמה הזאת, המלחמה נגד העוני, אני מבקש לקחת חלק פעיל בה, כי זה בוודאי נחוץ לכולנו, לרבות השכבות המוחלשות. חשוב מאוד שהכנסת בוחרת לציין את יום העוני. אנו יודעים גם כי בארצנו מתחוללים שינויים הרי גורל: ההון הופך למרוכז בידיים מצומצמות יותר ויותר, בעוד העוני הולך ומעמיק; זכויות העובדים הולכות ונשחקות, בעוד המעסיקים וקבלני כוח-האדם מתעשרים על חשבונם; משאבי הטבע מועברים כלאחר יד לידיהם של בעלי הון. לצד העוני המתרחב צומח לו עושר שיסודו בגזל משאבי הארץ הזאת וניצול עובדיה. לעוני גוונים רבים, אך גוון אחד בולט בו, ובמובהק, והוא הגוון של העוני בציבור הערבי. לפי נתוני הביטוח הלאומי, כמחצית מהאזרחים הערבים בישראל עניים; בקרב היהודים בערך אחד מכל שבעה אזרחים הוא עני. ברור כי כל אחד מהנתונים האלה מעורר תרעומת בפני עצמו, וכי יש למגר את העוני הן בציבור היהודי והן בציבור הערבי, אך ההבדל העצום בהיקף העוני בין הציבור הערבי ליהודי מלמד אותנו כי המאבק בעוני חייב להיות גם מאבק באפליה, בגזענות, בהזנחה ובהתעלמות מצרכיו של הציבור הערבי. לעוני יש פנים לאומיות – לעוני יש פנים לאומיות; חלק ניכר מהאזרחים הערבים הם עניים, וחלק ניכר מהעניים הם אזרחים ערבים. במיוחד בולט הדבר כשבוחנים את העוני בקרב הילדים: יותר משליש מכלל הילדים בישראל חיים מתחת לקו העוני, אך בקרב ילדים ערבים שניים מכל שלושה ילדים חיים בעוני. אדוני שר הרווחה חיים כץ, שניים מכל שלושה ילדים ערבים הם ילדים עניים. זה נתון מביש. הנתונים על מצבן של הנשים הערביות מסמרי שיער לא פחות: שיעור תעסוקת נשים ערביות הוא 32%, בעוד שיעור העסקתן של נשים יהודיות הוא 78.8%. הנתונים האלה ממחישים עד כמה קשורים זה בזה העוני, הגזענות ואפליית הנשים – העוני, הגזענות ואפליית הנשים – ועד כמה קשורים המאבקים בהם זה לזה. ראש הממשלה נתניהו אמר בזמנו שבניכוי הערבים והחרדים מצבנו מצוין. כמה נוראה נשמעה האמירה הזאת אז, וכמה היא נשמעת נוראה עוד יותר היום. קשה למנות את כל השגיאות שהיא מכילה. מפתה להתווכח ברמה העובדתית ולהזכיר לנתניהו עד כמה נרחבת תופעת העוני גם בקרב הציבור הרחב בישראל, בקבוצות אוכלוסייה שונות ומגוונות – ממש לא צריך להיות ערבי או חרדי כדי להיות עני בישראל. אבל הוויכוח אינו עובדתי; הוויכוח הוא בראש ובראשונה ערכי ואידיאולוגי, בין גישה סוציאלית שוויונית לבין מדיניות ניאו-ליברלית חזירית. מול התפיסה הזאת ומול המציאות הזאת צריך להעמיד אלטרנטיבה ברורה. כשהממשלה מבקשת להפריד ולסכסך בין העניים היהודים לערבים עלינו להשיב במאבק משותף, יהודי-ערבי, למען צדק חברתי; כשהממשלה מבקשת להאשים את העניים בעוני, יש להצביע על האשמים האמיתיים, שהם ההון והשלטון; כשהממשלה מבקשת להעמיק את העוני ואת האפליה, יש לייצר תנועת מחאה בעד צדק חברתי ושוויון אזרחי ולאומי; כשהממשלה מבקשת להסתיר את השיח הכלכלי-חברתי מאחורי להבות של הסלמה – שהיא אחראית לה – יש להשיב במחאה משותפת למען צדק חברתי ולמען השלום – –

– – כן, למען השלום. את הקשר בין הצדק החברתי לבין השלום כולנו מרגישים בכיס בכל פעם שמיליארדי שקלים נשפכים על בניית ההתנחלויות ובכל פעם שתקציב משרד הביטחון מתנפח. שוב ושוב אנחנו רואים בעיניים איך הכסף שיכול היה ללכת למערכת החינוך, למערכת הבריאות, לשירותי הרווחה, לפתרונות דיור – איך הכסף הזה מנוצל לרעת האינטרסים האמיתיים של היהודים והערבים שחיים כאן.

אני לא מפסיק אפילו לרגע להאמין באנשים שחיים כאן, בארץ הזאת. אני לא מפסיק אפילו לרגע לרצות עתיד טוב יותר לציבור הזה, להיאבק יחד אתו כדי להביא ימים יפים יותר, גם אם היום חזקות תחושות הפחד והייאוש.

אז אני מסכם, אדוני. אני זוכר עדיין את קיץ 2011, כשצעדנו יחד יהודים וערבים ברחובות חיפה וצעקנו: העם דורש צדק חברתי, בעברית ובערבית. אני מאמין שדווקא עכשיו עלינו לצעוד יחד שוב, כדי שלילדים שלנו תהיה ארץ טובה יותר לגדול בה. דווקא עכשיו עלינו לצעוד יחד שוב, למען הצדק החברתי, למען השוויון המלא, למען השלום הצודק. תודה.

דרך אגב, אני דיברתי הכי פחות.",1
292773,"אדוני יושב-ראש הכנסת, חברי הכנסת וחברות הכנסת, היום ראש הממשלה אמר: לעד נחיה על חרב. האמת, תמיד ידעתי שרבין נרצח בשנת 1995, אבל הוא נרצח פוליטית בבחירות של 1996. שמעתי הרבה דברים היום על רבין. הדוברים פסחו על דבר כל כך חשוב שהיה בשנות ה-90, והוא הקשר של רבין עם האוכלוסייה הערבית. האוכלוסייה הערבית רוצה שלום, שוויון, הכרה ולגיטימציה. רבין, באומץ, התחיל בתהליך השלום; הוא התחיל גם בשוויון. הוא הביע הכרה לא בעוול הלאומי אבל בוודאי בעוול האזרחי, ולכן התחיל בתיקון העוול האזרחי. לגבי הלגיטימציה, הוא אכן נשען על הקולות של האוכלוסייה הערבית. לכן הוא שאב את הלגיטימציה שלו מהאזרחות ולא מהלאומיות. הממשלה הנוכחית דורסת ברגל גסה את הערכים הללו, שראיתי לנכון להדגיש אותם ביום זה. תודה.",1
292839,"אדוני היושב-ראש, שמי בערבית זה איימן עוּדֵה, לא עוּדָה.

תודה רבה. אז אני מבקש, תתחיל מחדש עכשיו לספור.

טוב. אדוני, הנשיאות לא קיבלה את ההצעה שלי לדון בנאום המופתי של ראש הממשלה. אדוני, השואה היא האירוע המכונן עבור היהודים; המכונן ביותר – אפילו יותר מקום המדינה בשנת 1948. וראש הממשלה הוא הבן-אדם המשפיע ביותר במדינה. אז אולי יש מישהו שחושב שזה שגרתי שהמופתי אכן שכנע את היטלר, ושאיש רוח פלסטיני שכנע אותם בתורת הגזע, והפלסטינים הם שהיו מאחורי האנטישמיות והפוגרומים, ואולי אחד פלסטיני הוא שלחש באוזנו של השופט של דרייפוס, ואולי הפלסטינים הם ששכנעו את פרעה לרדוף את היהודים. אדוני, כל העולם דיבר על הנאום הזה; פובליציסטים כתבו על זה; הקנצלרית הגרמנייה התייחסה לנאום הזה. פה, בכנסת, החליטו, כמו בת-יענה, לטמון את הראש בחול. אחד האנשים שאל את ליבוביץ פעם: מזג האוויר – קר בחוץ, אולי נסגור את החלון? אז פרופסור ליבוביץ השיב לו: אם נסגור את החלון, האם לא יהיה קר בחוץ? אז אני אומר לך: בכל העולם מדברים על זה חוץ מבכנסת ישראל. זו שערורייה לדמוקרטיה. תודה.

תישארו עם עוּדָה, בבקשה. אם זה – – – תישארו עם עוּדָה.",1
293924,"אדוני היושב-ראש, כבוד השר גלעד ארדן, חברות וחברי הכנסת, אני לא בא כאן כדי להגן רק על התנועה האסלאמית, אלא בעיקר להגן על המרחב הדמוקרטי. הממשלה השתמשה בחוק דרקוני, שהוא שריד תקופת הקולוניאליזם, חוק לשעת-חירום, אשר לא חוקק בכנסת זו אף שהיא מחדשת אותו, והיום הקואליציה רוצה לחדש אותו שוב. ואני שואל: מה התנועה האסלאמית עשתה? מה חדש? האספה ההמונית, ""אל-אקצא בסכנה"", מתקיימת מאמצע שנות ה-90; ה""מוראביטון"", ה""מוראביטאת"", נמצאים ונמצאות באל-אקצא זה עשר שנים; על השינוי בסטטוס-קוו, התנועה האסלאמית ואחרים, כולל אנוכי, מדברים כבר משנת 2000, אז למה צריך להוציא אותה מחוץ לחוק? באיזו טענה? האם היא עברה על החוק? האם מגישים כתבי-אישום נגד ההנהגה שלה, אף שהם מחפשים ועוקבים אחריה כבר יותר משני עשורים? מה זה אומר שהממשלה, יש בה שר, אורי אריאל, שעלה למתחם של אל-אקצא – הוא נשאר שר בממשלת ישראל, והממשלה מחליטה דווקא להוציא את התנועה האסלאמית ולהשאיר אותו שר בממשלה? אז מה האמירה שאנחנו מקבלים? ולמה ראש הממשלה נוקט בעמדה הזו דווקא עכשיו? אין לי ספק שראש הממשלה, שבנה את השלטון שלו על ההפחדה, על ההפחדה גם מהערבים שנוהרים באוטובוסים בכמויות, איבד קלף כל כך חשוב לו בהפחדה, והוא הקלף האיראני. אז הוא מחפש אויב חדש, והאויב האולטימטיבי הוא האוכלוסייה הערבית.

ראש הממשלה קורא את הסקרים מדי יום ורואה איך הוא מזדנב אחרי ליברמן, אחרי הבית היהודי. אז הוא רוצה לחזק את עצמו שוב, והוא מחפש את האויב מחדש; ראש הממשלה שעשה דה-לגיטימציה לאוכלוסייה שלמה, אז מה הפלא שהוא יוציא חלק ממנה מחוץ לחוק? ואני שואל אתכם, את כולכם: למי זה טוב לראות בכל התנועות האסלאמיות מקשה אחת? למי זה טוב לראות בכל התנועות האסלאמיות מין ""דאעשיזם"" כזה? יש תנועה אסלאמית דמוקרטית למהדרין, והיא תנועת ""א-נהדה"", בתוניסיה, למשל; יש התנועה האסלאמית הדרומית, שהיא חלק מהתנועה המשותפת, ויש התנועה האסלאמית הצפונית, שהיא מתמודדת לפי החוק – ואני אוסיף, לפי החוק הישראלי. במידה שהיא עוברת על החוק – אז יש הכלים המספיקים והמספקים להעמיד אותה לדין. אבל מחליטים להשתמש בחוק דרקוני כזה, חוק קולוניאליסטי, כדי להוציא את כולה מחוץ לחוץ. כאשר אני אומר ""כולה"", אז מחליטים בבת אחת להוציא 17 עמותות, ובהן עמותת ""איקרא"" למשל, שהיא עמותה שתורמת למען התלמידים והסטודנטים, מלמדת אותם פסיכומטרי וכל מיני שיטות לימוד; מחליטים להוציא את תנועת ""אל-ארד ואל-אנסאן"" בנגב, ""האדמה והאדם"", שמשרתת בכפרים הבלתי-מוכרים, איפה שהמדינה מפקירה, מפקירה את הילדים, בכפרים שאין להם מים ואין חשמל, אז מחליטה להוציא את העמותה הזו מחוץ לחוק. זו דרכה של הממשלה הנוכחית אין ספק שיש פער תהומי בינינו לבין התנועה האסלאמית הצפונית, לרבות במישור החברתי. מי שמתמודד עם התנועה האסלאמית הצפונית באוניברסיטאות, ברשויות המקומיות, בכל מיני מסגרות – זה אנחנו, שאנחנו תנועה פוליטית שיש לה משנה סדורה די ברורה במישור הפוליטי, אבל הפער התהומי הוא בעיקר במישור החברתי. אז להתווכח עם התנועה האסלאמית – בוודאי צריך להתווכח עם התנועה האסלאמית, אנחנו אלה שמתווכחים עם התנועה האסלאמית; אבל בין זה לבין לא לתת לה זכות להביע את הדעה שלה – זה ההבדל בין להיות דמוקרט ולהיות פירומן או נירון-ישראל, שרוצה להצית את הכול, כמו ראש הממשלה בנימין נתניהו. אבל הבעיה היא לא רק ראש הממשלה ולא רק הקואליציה; הבעיה היא עם מה שנקרא השמאל, השמאל בישראל, המחנה הציוני. האמת שאין פלא שמי שדיבר לפני דיבר על סיום הכיבוש מטעמים דמוגרפיים, שהוא רוצה להגיד לי בעצם שגם אני, הערבי, גם אני בעיה דמוגרפית. עכשיו הוא רוצה להיפטר מהפלסטינים מסיבות דמוגרפיות, אחרי זה הוא ימצא שאני בעיה דמוגרפית בתוך מדינת ישראל. אין פלא שמי שעומדים לצדנו בלהכיר בזכותה של אום-אלחיראן להתקיים – אין פלא שהם יעמדו לצד הממשלה. אבל אני רוצה להגיד להם, שבסופו של דבר אתם מפסידים במשך 20 שנה, מפני שהעם יעדיף את המקור ולא את הצל ולא את העותק.

לכן, כאשר אתם לא מביעים אלטרנטיבה לממשלה, אז הציבור – – –

חבר הכנסת חזן, אל תפריע לי, בבקשה. אל תפריע לי.

אל תפריע לי, בבקשה. אז הציבור יבחר במקור ולא בעותק. אבל אתם פוגעים בעיקר ב-20% מהאוכלוסייה, שאתם יכולים להישען עליה במידה שאתם רוצים לגשת לכיוון של השלום, השוויון, הדמוקרטיה והצדק החברתי. אנחנו יודעים שאנחנו, האוכלוסייה הערבית, לא יכולים להשפיע ממש על החלטות המלחמה והחלטות הגזענות; יחד עם זאת, אנחנו יודעים שאי-אפשר להגיע לשלום אמיתי, שוויון אמיתי, דמוקרטיה אמיתית וצדק חברתי אמיתי, בלי המשקל האיכותי והכמותי של האוכלוסייה הערבית. לכן, מי שתוקף את האוכלוסייה הערבית, מי שמצטרף לממשלה בתקיפתה נגד האוכלוסייה הערבית, הוא גם פוגע בעצמו. בתקופת הממשל הנאצי – ואני אף פעם לא משווה כל תקופה בהיסטוריה, וגם לא את התקופה הנוכחית, לתקופה הנאצית, שאין לה אח ורע בכל ההיסטוריה האנושית, אבל יש לקחים שאפשר ללמוד ממנה. אחד השירים שמבטאים בצורה נכונה את העמדה הדמוקרטית הוא שירו של מרטין נימלר. מרטין נימלר אמר: כשהנאצים באו לקחת את היהודים אמרתי: אני לא יהודי, אז אני לא אגן עליהם; כשהם באו לקחת את האיגודים המקצועיים, אמרתי שאני לא חלק מהאיגוד המקצועי אז אני אשב בצד; כאשר באו לקחת את הקתולים, אמרתי: אני פרוטסטנטי; כאשר באו לקחת אותי, לא מצאתי אף אחד שמוכן להגן עלי. לכן אני פונה למחנה הציוני – –

– – ואני אומר להם, שמי ששתק על ההסתה נגד האוכלוסייה הערבית – בסופו של דבר אותו פאשיזם רצח את רבין, אז תלמדו את הלקח בבקשה. תודה.

אתה אומר שאנחנו הבעיה? בגללנו לא – – –

בגללנו לא מעבירים כסף? – – –

רוצים. אתה המחליט, לא אנחנו.

אנחנו הבעיה, ואתם הפתרון. אנחנו הבעיה, ואתם הפתרון.

אדוני השר, אתה מאמין בעצמך שאתם הפתרון ואנחנו הבעיה? – – –

מברוכ. זה הערבי הישראלי שאתם רוצים – – –

אז תיתנו להם. אני מבקש ממך – – –

– – – אני מבקש שתעבירו כסף לנצרת.

סליחה, אתה מדבר על כל ערביי חברון?

על קבוצה שלמה? על קבוצה שלמה?

הברברים הם עם טוב, הם עם טוב. אל תדבר על הברברים. עם מלומד מאוד.

אני רוצה להגיד לך שאני לא מדבר בשמו, אבל אם הוא רצה במצב הזה, הייתה אינתיפאדה שלישית.",1
294024,"כבוד היושבת-ראש, חברי חברי הכנסת וחברות הכנסת – – –

כבוד היושבת-ראש, חברי חברי הכנסת וחברות הכנסת, ההצעה שלי היא פשוטה מאוד והוגנת מאוד. הסטודנטים שלומדים בחו""ל במוסד להשכלה גבוהה משלמים ביטוח לאומי יותר מאשר סטודנטים שלומדים בארץ, ואין סיבה לכך, נהפוך הוא. הסטודנטים שלומדים בחו""ל משקיעים כסף, וההורים שלהם משקיעים יותר מאשר לגבי סטודנטים שלומדים בארץ. לכן מן הראוי, מן הצדק, מן השוויון, להשוות את כל הסטודנטים – הלומדים בארץ והלומדים בחו""ל. תיאמתי עם שר הבריאות, כבוד השר ליצמן, ועם יושב-ראש הקואליציה, חבר הכנסת צחי הנגבי, לדחות את התשובה ואת ההצבעה, על מנת לנהל דיאלוג עם השר במטרה לקדם הצעת חוק הוגנת זו. תודה.",1
294976,"אדוני היושב-ראש, חברי חברי הכנסת, היום ביקרתי יחד עם חברי אחמד טיבי ואוסאמה סעדי בכפר הפלסטיני ביתילו, אחרי שקבוצת ""תג מחיר"" ניסו לשרוף בית והשליכו רימוני גז לחדרו של קטין – מה זה ""קטין"", זה תינוק בן שנתיים, כַּרם – והוא פשוט מאוד רק בנס לא נחנק מהגז. אני כבר שבועיים, יחד עם חברי, מנסה להחזיר גופות של צעירים פלסטינים שנמצאים במקררים פה בישראל, ואני מנסה לחשוב על הסיפור של אנטיגונה, שהפרה את צו המלך בשביל לקבור את אחיה, כי זה רגש אנושי, ערכי, אלמנטרי ביותר. ואני חושב, מה הקשר: הקשר – שכל הפשעים הללו הם הבנים הלגיטימיים של הכיבוש הארור הזה; הכיבוש פוגע בעיקר בעם הפלסטיני, אבל אין ספק שהוא משחית את החברה הישראלית כולה. והגיע הזמן שניאבק, ערבים עם כוחות שלום יהודיים, ביתר שאת, ברחובות ובכל מקום, נגד הכיבוש הארור הזה. תודה.",1
295056,"אדוני היושב-ראש, חברי חברי הכנסת וחברות הכנסת, בואו נתחיל מהשם. אני חושב שההבדל בין הימין לבין השמאל הציוני הוא כך – שהימין מקבל אותנו כערבים, כמו שאנחנו בדיוק, אבל הוא לא רוצה אותנו בכלל; השמאל הציוני רוצה אותנו, אבל הוא רוצה לבנות אותנו כמו שהוא רוצה, לא כמו שאנחנו באמת. לכן, זה מתחיל מהשם. עוּדָה, עוּדָה, אז – השם שלי הוא כך.

השם שלי הוא כך – איימן עוֹדֶה.

אני מבקש מאדוני היושב-ראש, אני רוצה לדבר דקה בערבית, שירשה לי בבקשה, כי היום הוא יום ההולדת של הנביא מוחמד עליו השלום, ומחרתיים הוא חג המולד – –

– – אז אני, ברשותך, רוצה לפנות אל העם שלי – –

– – ולהגיד להם חג שמח. תרשי לי להיות מנומס, מבקש, כי בסופו של דבר הוא ייתן לי. אם הוא לא ייתן לי, אני אעשה בדיוק מה שאת רוצה, כמו שאת מציעה לי. אני פונה אל בני העם שלי: (אומר דברים בשפה הערבית, להלן תרגומם: אני פונה אל בני עמי, אל אנשינו, כל אנשינו, לרגל יום לידת הנביא מוחמד ולרגל חג המולד. נֶאֱמַר: ""אור הבהיק בשמי המזרח – מאיר באור נגוהות בלילה המתקדר"". ויש מי שהוסיף ואמר: ""אור הבהיק בשמי המזרח להנחות את האמגושים לאֵבוּס"". שנה טובה לכל בני עמנו לרגל יום לידת הנביא מוחמד ולרגל חג המולד, ומי ייתן ונמשיך להיאבק יחדיו למען חיים בכבוד בארץ אבותינו.) לגבי הצעת החוק הספציפית – – –

תודה רבה. תודה. כול עאם ואלג'מיע בח'יר. חג שמח לכולם.

שוכראן, שוכראן, שלי, ואנתום בח'יר.

וציפי גם. בוודאי. לגבי הצעת החוק – – –

בסך הכול אמרתי: חג שמח לכולם. אנחנו עוד נמשיך להיאבק ביחד למען חיים בכבוד במולדת ההיסטורית שלנו.

אני מבין שזה אנחנו שבאנו אל מדינת ישראל; לא שמדינת ישראל באה אלינו ועלינו. אז אנחנו, ודאי, כבני המקום, אני פונה – גם בגאווה של בני המקום – אל בני העם שלי ומברך אותם, אומר להם חג שמח. לגבי הצעת החוק הספציפית, קודם כול, אני רוצה להודות שהקואליציה פנתה אלי ואמרה לי שמבחינה עקרונית היא מקבלת את הצעת החוק שלי, שאומרת כך: מטרת החוק היא להבטיח את הייצוג המהותי לבני העדות המוסלמית, הנוצרית והדרוזית בכנסת, כך שלא יתקיימו ישיבות כנסת בימי החגים המרכזיים לעדות אלו. סעיף 18א לפקודת סדרי השלטון והמשפט משנת 1948 קובע שימי המנוחה הקבועים במדינת ישראל יהיו שבת ומועדי ישראל המפורטים בסעיף, ובנוסף קובע לגבי מי שאינם יהודים, לפי הנוסח של החוק, זכות לקיים ימי מנוחה בשבתם וחגיהם. מועדי הכנסים של הכנסת נקבעים לפי סעיף 9 לחוק הכנסת משנת 1994, בהתחשב בחגים יהודיים, אולם חוק זה אינו מתייחס לחגים של בני עדות אחרות. מאז ראשיתה כיהנו בכנסת חברי כנסת בני העדות המוסלמית, הנוצרית והדרוזית, ולפיכך מוצע לתקן את סעיף 9 לחוק הכנסת ולקבוע כי גם בימי חגיהם לא תתקיימנה ישיבות הכנסת. יחד עם זאת, מוצע להאריך את תקופת כנסי הכנסת בהתאם לחגים אלה, כך שתיקון זה לא יפגע במשכם. אני מברך על זה שהקואליציה מקבלת מבחינה עקרונית. ביקשו ממני לדון בהצעה הזו עם יושב-ראש הכנסת ולבדוק בתוך שבוע איך אפשר ליישם. אני חושב שיותר מתרבות אחת עדיפות על תרבות אחת. אני כל כך מתקומם ומתרעם על דברי השטנה נגד חג המולד, נגד זה שמציינים את חג המולד במולדת ההיסטורית – כן, ההיסטורית – של הנוצרים. במולדת ההיסטורית – כן, ההיסטורית – של הנוצרים מתקוממים על כך ומבקשים שהם לא יחגגו את חג המולד במולדתם ההיסטורית. לכן, יותר מתרבות אחת עדיפות על תרבות אחת.

אני פה לא דיברתי עלייך, חברת הכנסת ענת. אני תופס את זה כך: זה שערבים יודעים עברית ורוב היהודים לא יודעים ערבית, זה ערך מוסף לערבים ולא ליהודים. היהודים בהיסטוריה למדו יותר שפות מעמים אחרים. פה, דווקא פה, הערבים יודעים יותר שפות מהיהודים, וזה ערך מוסף לטובת הערבים ולא לטובת היהודים. אני רוצה להגיד, ידיעת יותר מתרבות אחת, זה מעשיר את הבן-אדם, זה מוסיף לבן-אדם, זה נותן לבן-אדם להבין את ההיסטוריה של עם אחר, להתחבר גם לכאבים, גם לכיסופים של עמים אחרים. אז אני מתחיל בזה, ולפני גם התחילו. אנחנו לא צריכים לעצור פה. אנחנו צריכים עוד להמשיך כדי שההוויה של כולנו תהיה הוויה רב-תרבותית ולא הוויה לאומית צרה. תודה רבה לכם.

אה, ראית, זה השמאל הציוני.",1
295226,"אדוני, הבעיה היא שישראל – – –",1
295301,"אדוני היושב-ראש, חברי חברי הכנסת וחברות הכנסת, לחברה האזרחית ולארגוני זכויות האדם יש תפקיד מהותי בכל חברה ששואפת להיות דמוקרטית, ולכן הם הפכו כאן לאויבי השלטון. אתם מנסים להשתיק כל ביקורת נגד המדיניות שלכם, אבל בדיוק בגלל זה כל העולם מדבר על זה עכשיו. אני רוצה לדבר אתכם היום על חוק סימון העמותות דווקא מהזווית של הטבות מס שניתנות, ולא ניתנות לעמותות מסוימות. לאחרונה פורסמה הרשימה המלאה של העמותות המקבלות פטור ממס. מסתבר שמתוך כ-6,000 עמותות, רק 45 הן עמותות ערביות – פחות מ-1% מכלל העמותות המקבלות פטור ממס הן ערביות. מנגד, נמצאו ברשימה מאות עמותות ימין ומתנחלים, כמו עמותת ""חננו"", שמעניקה סיוע כספי ומשפטי לכנופיות הטרור של נוער הגבעות, ו""מכון המקדש"", שחולמים להרוס את מסגד אל-אקצא ולהקים את המקדש השלישי. הרשימה הזאת היא פרצופה של ממשלת נערי הגבעות הזאת. תודה.",1
295537,"נכון. אופיר, אופיר, נכון ומדויק.",1
295739,"גברתי היושבת-ראש, אדוני השר לביטחון פנים, בבוקר יום ראשון פרצו כוחות משטרה למעונות הסטודנטים של אוניברסיטת תל-אביב. רצוני לשאול: 1. האם מוצו כל ההליכים המשפטיים הנדרשים, כגון צווי חיפוש וזימונים לחקירות? 2. האם מדובר במשפטי שדה וחקירות בזק של חשודים מיידיים לכאורה? תודה.

זה גלש גם מהמעונות לבתי ערבים ביפו. שאלתי היא: האם הייתה הוראה גורפת לחפש בבתים של ערבים? האם המשטרה והשב""כ חשבו שהיורה יכול להתחבא או על מדף או בתוך מגירה, או שמטרת הפיכת בתים שלמים על תכולתם נעשתה רק מתוך נקמה או גזענות?",1
296351,"אדוני היושב-ראש, חברי חברי הכנסת, נציג הממשלה, מהי העיר בלי האנשים, אמר שייקספיר. ואנחנו, האוכלוסייה הערבית, שאיבדה את העיר אחרי הנכבה הנוראית בשנת 1948, לא נשארה לנו עיר. והעיר היא לא רק מספר התושבים, העיר היא יותר מזה: היא הרוח העירונית והרוח האינדיבידואלית. בעיר לא חשוב בן מי אתה, למי אתה שייך מבחינה משפחתית, מבחינה עדתית, אלא העיקר זה הבן-אדם. העיר היא הרוח האינדיבידואלית. ואנחנו איבדנו את הכפר – את הירק, את קולות הציפורים, את המחזה הפסטורלי – ולא הרווחנו את העיר. לא עיר של בתי-דפוס ומפלגות, בתי-קפה של המשכילים. אנחנו חיים בכפרי בטון צפופים. לכן מן הראוי להקים עיר ערבית חדשה. כאשר מדובר על עיר ערבית, צריך לזכור שמאז שנת 1948 עד עכשיו, אדוני היושב-ראש, המדינה הקימה 700 יישובים חדשים, כולם של יהודים, ואפס יישובים של ערבים בגליל ובמשולש, ממש אפס. אתה לא יכול ונציג הממשלה לא יכול להגיד לי שהוקם יישוב ערבי אחד מאז שנת 1948 בגליל ובמשולש, בחוף או במרג' אבן עאמר, מה שנקרא עמק יזרעאל. וזו זכות. לכן לפני כמה שנים התחילו לדבר על עיר ערבית. פתאום הציעו מקום מסוים ליד ג'דיידה-מכר, שנקרא טנטור. בוודאי זה לא הוקם, אבל המקום המוצע הוא על אדמות פרטיות של אנשים ולא על אדמות של המדינה. וזכותנו גם לחשוש מהמטרות של המקום הזה. כנראה הערבים נוהרים – והמילה הזו, נוהרים, היא מילה קשה – נוהרים לעכו, לנהריה, לכרמיאל, שזה יישוב שהוקם לטובת הייהוד, אז אולי צריך להקים משהו לערבים בשביל לשאוב את הערבים ולהשאיר את המקומות הללו עם רוב יהודי מוצק. אם יש היגיון בהקמת עיר, אז הוא צריך להיות בשיתוף פעולה. אנחנו נציגי האוכלוסייה הערבית – הקמת עיר חדשה זה דבר שהוא כל כך חיובי, כל כך נכון, כל כך בכיוון הנכון, אז בואו נעשה את זה ביחד, לא על אפה וחמתה של האוכלוסייה הערבית. איך זה יכול להיות אם זה דבר חשוב ובכיוון הנכון? ב-30 בחודש האחרון, דצמבר, התקבלה החלטה חשובה: התוכנית הכלכלית. ואני רוצה להביע עמדה לגבי התוכנית הכלכלית. יש בה שני דברים חשובים ביותר: זה הכסף, המספר, וזה שינויי מנגנוני ההקצאה. אין ספק בזה. אין ספק בזה. יחד עם זאת, אחרי שהתקבלה החלטה, אולי בשביל לרצות את ציבור הימין, התחילו לדבר על תנאים. התנאים לא נמצאים בתוכנית עצמה, חוץ מתנאי אחד והוא הבנייה הרוויה. ואני רוצה להתייחס לבנייה הרוויה וגם להתייחס לשאר התנאים שלא התקבלו עד עכשיו אבל רק מדברים על זה בתקשורת. לגבי הבנייה הרוויה – יש כפר ויש עיר. כמו שיש עיר כמו תל-אביב, שיש בה בנייה רוויה, יש קיבוצים שהוקמו על אדמות שלנו, אף אחד לא מבקש שתהיה שם בנייה רוויה. ויש גם מושבים. אז הכפר הוא בטבעו כפר. כאשר מדברים על עיר, נשמח לדבר על שכונה חדשה עם תשתיות הולמות, עם מערכת חינוך, מסחר, וגם בנייה רוויה. מישהו חושב שאנחנו בטבענו מתנגדים לבנייה רוויה? מה פתאום. אני גר בבניין גבוה, אני גר בבנייה רוויה ואין לי בעיה עם זה. אבל זה לא צריך להיות דרך התנכלות פוליטית, בוודאי לא דרך הסתה. צריך להביא תוכנית מלומדת ולהגיד שבעיר מסוימת אפשר לבנות שכונה חדשה עם תשתיות הולמות, כי זה עוד יותר מכוניות, אז צריך תשתיות הולמות; זה עוד יותר ילדים, אז צריך מערכת חינוך הולמת; וגם מערכת מסחר. אבל בוודאי לא דרך התנגחות פוליטית. אז זה התנאי היחידי שנמצא בתוכנית. לגבי תנאים שדובר עליהם בתקשורת אבל הם לא קיימים בתוכנית, אני גם רוצה להתייחס. לגבי האכיפה – הריסת בתים לא מורשים – אתם יודעים, חברי הכנסת וחברות הכנסת, סגנית השר ציפי חוטובלי, יש 50,000 בתים ערביים שנבנו ללא רישיון, ללא היתר. אז מה, המדינה רוצה לבוא עכשיו ולהרוס 50,000 בתים? זו מלחמה. חיפשנו מה כן. לכן נפגשנו עם ראש הממשלה והגשנו הצעה קונקרטית: במקום שאנחנו נבנה 30 בתים ללא היתר כל שלושה חודשים, והמדינה תהרוס בית כל שלושה חודשים, כמו שהיא הורסת היום, ההצעה שלנו אומרת שבמשך שנה וחצי המדינה לא תהרוס בתים – כלומר שישה בתים, לא יותר. נוציא הודעה לציבור שלנו: אל תבנו ללא היתר בתקופה המסומנת; ואנחנו מקימים צוות מקצועי שילמד את הסוגיה הזו, וילמד איך תיעשה לגליזציה לבתים הבלתי-מורשים. בינתיים לא קיבלנו תשובה. כי אנחנו לא מקבלים תשובות על הצעות מלומדות, ענייניות, שאנחנו מגישים. לגבי הסוגיה הזו, אני רוצה להתייחס לצפיפות בקרב האוכלוסייה הערבית. והדבר הזה נותן תשובה גם לבנייה הרוויה וגם לאכיפת החוק בסוגיית הבתים הבלתי-מורשים. אני רוצה להמחיש את הנושא של הצפיפות במתן דוגמה אחת, של הכפר תמרה, או העיר תמרה והעיר צפת. שתיהן נמצאות במחוז צפון. בעיר תמרה יש 30,000 תושבים, בצפת – 31,000 תושבים. תחום השיפוט של תמרה – 29,000 דונם; בצפת – 29,000 דונם. אבל מה ההבדלים? למשל, בנייה קיימת לתעשייה בעיר תמרה זה 9,100 מ""ר, לעומת 64,000 מ""ר בצפת. 9,000 מ""ר בתמרה, לעומת 64,000 מ""ר בצפת. לגבי הצפיפות, לפי תוכנית המתאר, בשנת 2030 יהיו בתמרה 10.7 אנשים לדונם אחד, לעומת 5.7 תושבים לדונם אחד בצפת. זוהי האפליה. על זה, גם הנכבה בשנת 1948, גם הצונאמי של הפקעות האדמה בשנות ה-50 וה-60 וה-70, גם אי-מתן הרחבה באזורי השיפוט ואי-אשרור תוכניות מתאר – ואחרי כל זה באים ואומרים שהערבים בונים בצורה לא חוקית. לכן צריך לפתור את הבעיה מהשורש ולתת זכויות באדמה ועל האדמה לאוכלוסייה הערבית במדינה. לפי התוכנית של הממשלה, הזרקורים מופנים לכיוון התעסוקה, ואנחנו מברכים על כך. מה זאת אומרת אנחנו מברכים – אנחנו נאבקנו. ישבנו עם האוצר 70 ישיבות, עם שר האוצר – 20 ישיבות. אנחנו רצינו את זה, אבל אנחנו רוצים גם שהעובדים לא יהיו עבדים. שיחזרו למקום יאה, מקום שאפשר לחיות בו, ולא ליישובי גפרורים. לכן נאבקנו עם הרשויות המקומיות והצלחנו להשיג תוכנית חומש של 2 מיליארד שקלים – 750 מיליון שקלים לבנייה, 750 מיליון שקלים לפיתוח, 200 מיליון שקלים מענקי איזון חד-פעמיים, וכל מיני דברים פה ושם – –

– – אבל, ודאי שזה עוד לא מספיק. עכשיו, אני רוצה לסכם, אדוני היושב-ראש. כאשר בונים עיר זה צריך להיות בהסכמה, כי זה דבר חיובי. לכן אי-אפשר להחליט על בניית אזור מסוים על אפם ועל חמתם של התושבים. לכן, אדוני, סגן השר, אני מציע לך: בוא נחליט עקרונית שאנחנו הולכים בכיוון הזה ובוא נשב ביחד, אולי נמצא פתרון הולם וצודק. תודה רבה.

תודה רבה לך, אדוני סגן השר. אולי זו הזדמנות גם להגיד מילה על שר הפנים אריה דרעי. אנחנו, חובתנו להגיד את האמת, אפילו אם היא לא פופולרית לפעמים. אריה דרעי, כאשר היה שר הפנים בשנות ה-90, היה שר הפנים הטוב ביותר, לטובת האוכלוסייה הערבית, מאז 1948 ועד שנות ה-90. אנחנו זוכרים לו את זה.

האם זה היה מספיק? ודאי שלא. אבל אנחנו רוצים שהוא ימשיך באותו כיוון ביתר שאת, כי הבעיות היום הן יותר קשות. אבל גם אנחנו יודעים שיש הבדל בין תקופת שנות ה-90 לבין התקופה הזו, בין הממשלה שהייתה לבין הממשלה הזו, שהיא הימנית ביותר והגזענית ביותר מזה 20 שנה לפחות. אבל בכל זאת, בוא נסכם ביחד, כמו שאמרת – אנחנו מחפשים עיר. כולם יודעים שהמדינה הקימה 700 יישובים, כולם ליהודים ואפס לערבים. וזו זכות של האוכלוסייה הערבית. לכן, להקים עיר על אפם ועל חמתם של האוכלוסייה הערבית ונציגיה או במשא-ומתן – אז הדרך הזו של משא-ומתן, חברי ברשימה המשותפת – ואני מדבר אל כל חברי הבית הזה – משא-ומתן, נדבר ביחד, נמצא פתרונות ביחד, ונדחה את ההצבעה למועד אחר. תודה רבה לך.",1
296380,"אדוני היושב-ראש, תודה רבה, אני מקווה שלא רק אנחנו ברשימה המשותפת, יש לנו דעה שונה. יש מקרה של הרג, רצח, מה שאפשר לקרוא אחרי חקירה. שרת החוץ של שבדיה מבקשת לחקור – לא להאשים, לחקור. יכול להיות שיש צדק פה, אין צדק, אבל לחקור. בן-אדם – היא ביקשה לחקור את המקרה.

הדבר הזה הוא כל כך בסיסי בכל מדינה מתוקנת.

אדוני היושב-ראש, אז אני מבקש כן לחקור. וצריך לחקור. כאשר בן-אדם, לא חשוב אם הוא נהרג או נרצח – – –

כבר אמרנו שהכיבוש משחית. הכיבוש משחית את החברה הישראלית. אתם חושבים שאי-אפשר לבדוק לגבי מקרים שבאמת רצחו, ממש רצחו, ולא צריך לחקור את המקרה הזה? איך זה יכול להיות? אני לא מבין. אני לא מבין. רק לחקור. יכול להיות שיצא x או y, אבל כן, יש לחקור את המקרה הזה. בן-אדם זה בן-אדם. הבן-אדם, החייל, כשיחזור לפה, הוא יחזור עם דם על הידיים. הוא עלול עוד לרצוח גם פה, כי הוא כבר רצח בן-אדם. הכיבוש הארור הזה משחית את החברה כולה. כולה. אני רוצה להגיד לכם, אני בהיותי גם ערבי, גם פלסטיני וגם אזרח במדינת ישראל – אני זה שיודע את שתי השפות, יודע את שתי התרבויות, רואה תקשורת פלסטינית ורואה תקשורת ישראלית; אני זה שרואה את שני הצדדים, ואני אומר לכם שאני מדי יום רואה את הלוויות, את האימהות הבוכות. אי-אפשר לצאת כולם, כולם, נגד חקירה. במדינה מתוקנת דמוקרטית חוקרים. יכול להיות שיצא x בחקירה, יכול להיות y, אבל כן לחקור. תודה.

אתה חושב שיש מישהו – אתה חושב שאנחנו נגן על זה?",1
296464,"אדוני היושב-ראש, חברי חברי הכנסת, אתמול התעורר חלום ישן ועמוק להיות חלק מאירופה. דווח לנו שירד גשם, אז פה בכנסת ביקשו מאתנו לחזור הביתה. ביטלו את הישיבות. גם היום בבוקר ביטלו את הישיבות. סוף-סוף אנחנו יכולים להיות חלק מאירופה – יש שלג פה.

אבל המציאות היא אחרת. היום בבוקר הייתי בכלא 4 אצל תאיר קמינר, סרבנית גיוס, סרבנית מצפון; לא מוכנה להיות חלק מצבא הכיבוש. היא חלק מהמזרח ורוצה שלום בין כל עמי המזרח. תאיר, את עוד תאירי על כולם. אנחנו מעריכים אותך, אנחנו אוהבים אותך. יחד נביא את היום שכולם יצדיעו לך, אחרי סיום הכיבוש. תודה.",1
296543,"גברתי היושבת-ראש, חברי חברי הכנסת וחברות הכנסת, לא צריך לחשוב רחוק ולא להסתכל רחוק; מספיק להסתכל על שולחן הממשלה ולראות את השרים מירי רגב, איילת שקד, נפתלי בנט, יריב לוין וזאב אלקין, ולחשוב עליהם עצמם – לחשוב למשל על מירי רגב וההחלטה שלה לגבי הקישור בין התרבות לבין הנאמנות. ואני חושב? מה הקשר? ולמי הנאמנות? ומה פירוש המילה הזאת, נאמנות? האם אנחנו חיים בתקופת הפיאודליזם, שיש נאמנות של העובד לאדון, או שבמאה ה-20 וה-21 יש מילה אחרת, שהיא אזרחות, אזרחות ומדינת חוק? מי שמפר את החוק, מענישים אותו במדינת חוק; מי שלא מפר את החוק, לא מענישים אותו על מילה שנקראת נאמנות, שאף אחד לא מבין איך מפרשים אותה – האם לפי הלקסיקון של הימין הקיצוני, האם לפי הלקסיקון של קבוצה אחרת, או שצריך להישען על האזרחות – וזו המילה שיש בה את הברית החברתית בין האזרח לבין המדינה. ואני מסתכל על השרה איילת שקד ועל חוק העמותות. אנחנו כל הזמן אמרנו שההתקפה נגד האוכלוסייה הערבית לא תעצור אצל האוכלוסייה הערבית; היא תגיע לשכבות בקרב השמאל של הציבור היהודי. וזה כך. ואני עכשיו מסתכל על השר נפתלי בנט, ואני שואל אותך, אדוני השר: אתה קראת את ספר האזרחות, ששם כתוב שאזרחי המדינה הערבים הם שרודפים יהודים ופוגעים בהם בסכין? אני מבקש ממך שתעלה על הדוכן ותחזור ותגיד שזו טעות נוראית. זה לא ספר של אזרחות; זו הסתה נגד חלק מאזרחי המדינה. אני עכשיו מסתכל על השר יריב לוין ועל השר זאב אלקין. הייתה פה הצעה לתוכנית כלכלית, ועברה ב-30 בדצמבר. אין ספק שיש בה ממדים חשובים ביותר, ואתם שניכם מתחילים לדבר על התניה. אפשר לדבר על התניה של זכויות? זה לא מתן חסד; זו זכות וחלק מהזכות של האוכלוסייה הערבית.

לכן, אני מבקש משניכם שההצעה הזאת תעבור כמו שהיא. היא לא משאת נפשנו, כי אנחנו צריכים להיאבק עוד בשביל שוויון מלא. אבל לא לטעות: הבעיה העיקרית היא לא עם השרים שהזכרתי את שמם; הבעיה העיקרית נמצאת אצל ראש הממשלה, אצל ראש המסיתים. כולנו ראינו את התחקיר של ערוץ 2, איך הוא הסית נגד האוכלוסייה הערבית, איך הוא הגיע לשלטון.

לכן, זו ממשלה כושלת מבחינה מדינית, כושלת מבחינה פוליטית, כושלת מבחינה חברתית, כושלת מבחינה אזרחית, שצריכה לעוף, ויפה יום אחד קודם. תודה.

אני הקשבתי היטב לדברי השר המשיב, ופשוט מאוד, עריצות הרוב מתגלמת פה, עריצות הרוב בכול, גם בתשובה. דיברנו על x, הוא השיב על y. אני דיברתי על התוכנית הכלכלית, למשל, ועל התנאים, אז למה לא התייחסת? אדוני שר החינוך, דיברתי על זה שאתם האשמתם את הערבים אזרחי המדינה שהם משתמשים בסכינים. אתה אמרת שאתה תשיב, ואתה לא השבת.

דיברתי על נאמנות, וגם לא שמעתי כלום. לכן, זו ממשלת עריצות הרוב. היא לא רוצה לענות, לא רוצה להשיב, לא רוצה להתייחס לאף אחד. עכשיו בבית-המשפט העליון יש משפט של העיתונאי מוחמד אלקיק. מוחמד אלקיק הוא עצור מינהלי. מה הממשלה הזאת – מה זאת אומרת מעצר מינהלי? מה זאת אומרת מעצר ללא ראיה, ללא משפט, ללא כלום? כמו שהוציאו את התנועה האסלאמית דרך חוק קולוניאלי, מנדטורי, משנת 45', לא צריך בתי-משפט, לא צריך כלום, צריך רק עריצות רוב. עומד בפני ראש הממשלה – הוא זה שהשלטון שלו מבוסס על הסתה נגד האוכלוסייה הערבית. אנחנו ראינו את ערוץ 2, ראינו איך הסיתו נגדנו. אבל זו לא רק גזענות מובנית, זה משהו מכוון. כולם יודעים – אם האוכלוסייה הערבית היא אוכלוסייה לגיטימית במדינה, אז הימין יצטרך לשכנע 65% מהיהודים. הימין לא רוצה רוב אזרחי; הוא רוצה רוב יהודי ולא רוב אזרחי במדינה, לכן עושה את הכול בשביל להוציא את האוכלוסייה הערבית מחוץ למעגל הלגיטימציה, מחוץ למעגל ההשפעה. אבל מי עוזר לו בעצם? עוזר לו ראש האופוזיציה, שאומר שאין פתרון מדיני, שאומר: אין עוד פתרון של שתי מדינות, שמסית נגד הרשות הפלסטינית ונגד יו""ר הרשות הפלסטינית. בעצם, עם אלטרנטיבה כזו העם יעדיף את המקור ולא את ההעתק; העם יעדיף להצביע ישירות אל הימין ולא אל הצל של הימין. לכן, נכון שיש מחנה לאומי במדינה, נכון שמה שמתיימר, מה שקורא לעצמו ""שמאל"", קורא לעצמו היום ""המחנה הציוני"". רק אנחנו ברשימה המשותפת, עם כוחות דמוקרטיה; אנחנו המחנה הדמוקרטי והאלטרנטיבה האמיתית במדינה. תודה.",1
296979,"כבוד השר אבי גבאי, אדוני היושב-ראש, חברי חברי הכנסת וחברות הכנסת, אני מתחיל במילת הערכה לכבוד השר על הכנס שהיה אתמול ביפיע. היה כנס חשוב בכיוון הנכון. ממש צעד נכון. אני חושב שראשי המועצות המקומיות הערביות הרגישו שזה צעד בכיוון הנכון. מבחינתנו המבחן הוא ביישום, ואני מקווה שכבר מהיום אנחנו מתחילים ביישום. אבל נראה שאנחנו חלוקים – – –

היה כנס משותף, שהזמין אותו בעיקר – לכבוד השר אבי גבאי, לגבי איכות סביבה שווה. אני חושב שהתוכנית היא טובה מאוד, ואני מקווה שהיא תבוצע, אבל נראה שאנחנו חלוקים, ובהרבה, לגבי מפרץ חיפה, לגבי זיהום האוויר בחיפה. אני בן העיר חיפה. אני בן העיר שממוצע חולי הסרטן בה גדול פי-חמישה מהממוצע הארצי. זה נתון נוראי. זה נתון מפחיד, מחפיר, וזה נתון שאומר את הכול. גם לגבי התינוקות – 20%–30% מהתינוקות בחיפה נולדים עם בעיות – 20%–30% יותר מהממוצע הארצי. וזה לא רק זה, יש עוד דברים, למשל בז""ן, מתחם דלקים חדש, מתחם קרקעות הצפון, שאנחנו צריכים לשמוע את חוות דעתו של השר. יש ועדת משנה שעומד בראשה חברי דב חנין, שהגישה המלצות ברורות וכל הגורמים תמכו בה חוץ מהממשלה. אני מקווה לשמוע מהשר גם לגבי העניין הזה. כאשר אנחנו מדברים על מפרץ חיפה אנחנו לא מדברים רק על חיפה והקריות. נראה שיש שקופים: לא מדברים על עוספיא ודאליה, לא מדברים על אבטין, לא מדברים על שפרעם ועל אעבלין. כולם כולם נפגעים מהמצב הזה. פעם שמעתי שאיכות הסביבה זו צרה של עשירים, אבל ממש לא – דווקא העשירים יכולים ליהנות ממפרץ חיפה. מי שנפגע זה בעיקר העניים. זה העניין של כולנו – זה העניין של רוב האנשים, של רוב החברה. כולם צריכים לדאוג לדבר הזה. אני קורא מעל במה זו לכל תושבי האזור, אזור חיפה, להתאחד במאבק חשוב זה. אנחנו, דרך הכנסת, לא יכולים לעשות שינוי מהותי; רק ארגון של התושבים עצמם, מאבק עממי, מאבק ציבורי ברחוב, יכול להביא שינוי. אני קורא לאחד את כל הכוחות. תודה רבה.

כן, אדוני, מה הממשלה עושה?",1
297030,"אדוני השר, זאת לא הייתה דומייה, זאת הייתה אל-פאתִחה, ואת זה קוראים לכל בן-אדם שמת, ממש ממש לכולם, אפילו אם אתה לא מסכים. ואני, בשם כולנו, לא נסכים אף פעם לפגוע ביהודי בהיותו יהודי. חד וחלק. בוודאי לא בפלסטיני בהיותו פלסטיני. חד וחלק.

אדוני היושב-ראש, אדוני השר, חברי חברי הכנסת וחברות הכנסת, לגבי הסערה – אני תומך בצעדים למען החזרת הגופות למשפחות, כולל הפגישה עם המשפחות, כי זה דבר הומניטרי, מוסרי, ממדרגה ראשונה. ואני שואל, על מה המהומה? אז הבנתי, על זה שהם עמדו דקת דומייה. האנשים עמדו לקרוא את סורת אל-פאתחה, שקוראים כאשר יש פטירה, לכל בן-אדם – זו התרבות שלנו – לכל בן-אדם, אם אתה מסכים עם מעשיו ואם אתה לא מסכים עם מעשיו. אבל אני רוצה להיות חד וברור: חבר הכנסת איציק, אנחנו מוקיעים, אנחנו יוצאים חוצץ נגד פגיעה בחפים מפשע, יהודים כפלסטינים. אנחנו קוראים לכולם להוציא את כל האזרחים, יהודים כפלסטינים, ממעגל האימה, המלחמה, האלימות, בוודאי. יחד עם זאת, אנחנו תומכים במאבקו הצודק של העם הפלסטיני נגד הכיבוש ולמען הקמת מדינה פלסטינית לצד מדינת ישראל.

אז אני מבקש מכולם להנמיך את הלהבות. אני קורא לכולם, באחריות – אני קורא לכולם, באחריות – להנמיך את הלהבות, כי ממש לא צריך לעשות כך. צריך להתווכח, אבל מה שקורה בעצם זה הסתה, בעיקר מראש הממשלה, וזו לא רק גזענות מבנית, זו פוליטיקה מכוונת. תבינו, אתם במיוחד, אני פונה אליכם – ראש הממשלה יודע יותר מכולם מהו משקלה של האוכלוסייה הערבית. הוא למד את זה על בשרו כאשר רבין נשען על קולות האוכלוסייה הערבית, הוא למד את זה על בשרו כאשר ההבדל בין פרס לבין נתניהו, בשנת 1996, היה 30,000 קולות. הוא יודע מה המשקל של האוכלוסייה הערבית. לכן הוא נושא הדגל בהסתה נגד האוכלוסייה הערבית. לכן הוא זה שאמר את נאום ""הערבים נוהרים לקלפיות"". לכן הוא זה שאמר דברי כזב ושקר כאשר האשימו אותנו שאנחנו מניפים דגלי ""דאעש"". לכן הוא זה שהסית בנאום דיזנגוף המפורסם. לכן הוא ממשיך להסית נגדנו. זה בעיקר נגדנו, אבל לא רק, זה גם נגדכם – – –

– – – זה גם נגדכם, אתם. לכן, בלי שהאוכלוסייה הערבית תהיה אוכלוסייה לגיטימית במדינה, הצד הזה לא יחזור לשלטון אף פעם.

לכן אתם לא צריכים להיות נגדנו, אתם צריכים להיות עם האמת.",1
297117,"אדוני היושב-ראש, אדוני השר, חברי, עמיתי חברי הכנסת וחברות הכנסת, הפרלמנט האתונאי הוא עדיין תפארת בכל ההיסטוריה, אבל מתי הוא קרס? בעידן שנקרא האוסטרקיזם היווני, כאשר חברי פרלמנט החליטו להשעות חברים אחרים מהפרלמנט האתונאי בשל דעות אחרות. זה מה שקרה וקורה בעצם לא רק היום הזה, לא רק בשנה האחרונה, אלא בשנים האחרונות. אנחנו נמצאים במדרון חלקלק של כרסום המרחב הדמוקרטי. שמעתי והשתתפתי בישיבה שמדברת על תרבות-נאמנות, ואני חושב, מה זה נאמנות? ולמי הנאמנות? ולאיזה ערכים הנאמנות? האם היא לימין הקיצוני? לימין המתון? למרכז? לשמאל הציוני? למי הנאמנות? במדינת חוק מענישים את מי שהפר את החוק, נקודה. הנאמנות היא מילה שנשאבת מעידן הפיאודליזם, כאשר דיברו על נאמנות בין העובד לבין האדון. הברית החברתית היום בין האזרח לבין המדינה היא האזרחות ולא הנאמנות. אבל אם בכלל שואלים על נאמנות, אז חשוב לחשוב האם לממשלה יש נאמנות כלפי אזרחיה, גם העניים, גם הערבים, גם אלה שיש להם תפיסה אחרת, או שאין לה כלל וכלל נאמנות כלפיהם? ראש המסיתים, נושא הדגל, מי שמכוון, הוא ראש הממשלה נתניהו. הוא עושה את זה לא רק מתוך גזענות מובנית; הוא יודע טוב מאוד מה הוא עושה. הוא עושה דה-לגיטימציה לכל מי שחושב אחרת, רק בשביל לשמור על השלטון שלו. כך זה היה בכל הנאומים שלו. אני לפעמים מנסה לחשוב רק איך חבר כנסת מסוים תקף בצורה זו או אחרת, איך ראש הממשלה עמד פה והסית נגד קבוצה שלמה; איך הוא עמד עכשיו ודיבר על הכבוד הלאומי רק בשביל להסית עוד נגד החברה הערבית. אני שוב ושוב פונה אליכם; אני אומר לכם שהאוכלוסייה הערבית לבדה לא יכולה, אנחנו רק 18% – –

– – אבל בלעדינו אי-אפשר בכלל. זוהי המשוואה: אנחנו לבד לא יכולים, אבל בלעדינו אי-אפשר בכלל. לכן אל תיתנו יד לדה-לגיטימציה של האוכלוסייה הערבית. תודה רבה.",1
297195,"אדוני היושב-ראש, אחד הפרלמנטים הנחשבים ביותר בהיסטוריה הוא הפרלמנט האתונאי. זה פרלמנט שהעשיר את העשייה הפרלמנטרית בכל ההיסטוריה. אבל הפרלמנט הזה קרס בעקבות חוק האוסטרקיזם. מהו חוק האוסטרקיזם? זה חוק שנותן זכות לחברי פרלמנט להדיח חברים אחרים בפרלמנט. אנחנו נבחרי העם, אנחנו לא רוצים להיות נבחרי נבחרי העם, ואתה, ודווקא אתה, בהיותך יושב-ראש הכנסת, אני פונה אליך ומבקש שתיאבק בכל מאודך נגד העברת חוק שנותן זכות לחברי כנסת להדיח חברי כנסת אחרים. תודה רבה.",1
297761,"אדוני היושב-ראש, חברי חברי הכנסת וחברות הכנסת, אני ראיתי, כמוכם, את תגובת השר. ראיתי את שרירות הרוב, עריצות הרוב. ראיתי מה זאת אומרת כיסאות ריקים, מה זאת אומרת עשייה פרלמנטרית מול ממשלה כזו. אנחנו נתנגד להצעה של המחנה הציוני, אבל צריך לתת כבוד, אדוני השר. בכל זאת, צריך לתת כבוד, לא לרדת מהבמה ולהיעזר ברוב – בעריצות רוב.

אדוני השר, דיברת על המערך. אני רוצה לדבר אתך על מנחם בגין, ראש הממשלה המיתולוגי של הליכוד, שאהוב על כל כך הרבה אנשים בבית הזה. הוא התנגד נחרצות לשימוש במעצרים מינהליים. ב-21 במאי 1951 הוא הגיב בנאום מעל במה זו על הודעתו של השר שרת על הפעלת חוקי חירום ומעצר מינהלי כלפי חברי מחתרת ""ברית הקנאים"". כך אמר בגין – הוא אמר: לא נכון. יש חוקים רודניים. יש חוקים בלתי מוסריים. יש חוקים נאציים, כך הוא אמר – יש חוקים נאציים. אל תשאלו אותי מי קובע איזה חוק הוא נאצי ואיזה חוק הוא בלתי מוסרי. החוק שהשתמשת בו הוא נאצי, הוא רודני, הוא בלתי מוסרי. וחוק בלתי מוסרי הוא גם בלתי חוקי. על כן, המעצר הוא בלתי חוקי, והצו שלכם הוא שרירותי. לא הייתה לכם כל זכות לעשות זאת כאשר קיימת כנסת, כאשר קיים בית-דין, כאשר יש בידיכם מערכת חקיקה. מוחמד אלקיק בסופו של דבר יצא לחופש כמנצח. מוחמד אלקיק מגלם בגופו את ניצחון הרצון האנושי מול האטימות והרוע של הכיבוש. מוחמד אלקיק – בן 33 – הוא רק בן 33 – נשוי ואב לשני ילדים, עיתונאי ופרשן. הוא עציר מינהלי הנאבק על חייו אחרי שביתת רעב של 90 ימים, והוא עדיין אפילו לא יודע במה הוא מואשם. האם מאמריו היו הסיבה למעצרו? אולי דיווחו בטלוויזיה, או פשוט דעותיו? אלקיק, דרך אגב, הוא לא העיתונאי היחיד מהגדה שעצור במעצר מינהלי. יחד אתו – שלושה עיתונאים נוספים. כאשר אפילו עיתונאי מוכר וידוע מה""וושינגטון פוסט"" נעצר על-ידי המשטרה בחשד להסתה, אתם רק יכולים לדמיין מה היחס לעיתונאים פלסטינים. לא סתם ישראל מדורגת במקום ה-101 במדד חופש העיתונות הבין-לאומי, מדד שנתי המתפרסם על-יד׳ ארגון ""עיתונאים בלי גבולות"", הבודק את חופש העיתונות ב-120 מדינות. ישראל ממוקמת מתחת לאוגנדה וקניה. 660 עצירים מינהליים – 660 עצירים מינהליים – עצורים בניגוד למוסר ולדעת בבתי-הכלא בישראל היום. המספר הגדול ביותר מאז 2008 – עצור אחד יהודי ו-659 פלסטינים שחירותם נלקחה מהם, כל זכויותיהם נשללו מהם, ומעל הכול נשללה זכותם להיאבק על חפותם. ישראל הפכה את זה לשיטה: היא חוטפת אנשים מבתיהם ומשליכה אותם לבתי-הכלא ללא כל יכולת להיאבק על חפותם. זאת הדמוקרטיה שאתם כל כך מתגאים בה. מעצר מינהלי הוא הליך המבוצע על סמך הוראה מינהלית בלבד, ללא כתב-אישום, ללא חשיפת הראיות ולמעשה ללא משפט או הכרעה שיפוטית. מעצר מינהלי יכול להתחדש כל שישה חודשים לתקופת זמן בלתי מוגבלת, לנצח. עצירים מינהליים אינם יכולים לדעת מתי יצאו לחופשי ואם אי-פעם יהיה לסיוט הזה סוף. אתמול התפטר עורך-דינו של אלקיק, עורך-הדין ג'ואד בולוס, לאות מחאה על הסחבת הבלתי-נגמרת במשא-ומתן על העברתו לבית-חולים פלסטיני וסיום החזקתו בכפייה בבית-החולים ""העמק"". חייו של אלקיק תלויים על בלימה; ראש הממשלה ושר הביטחון הם שיישאו באחריות למותו. מוחמד אלקיק נאבק באומץ על חייו ועל שחרורו, ובסופו של דבר מוחמד אלקיק ישוחרר, הוא יהיה אדם חופשי אשר ניצח את הכיבוש ואת מנטליות הדיכוי שיוצרת את אותם פשעים מכוערים דוגמת המעצר המינהלי. אדוני היושב-ראש, חברי חברי הכנסת, אי-אפשר לעלות לנאום על האי-אמון העמוק בממשלה וביושב בראשה בלי להזכיר את מושא נפשו החדש של ראש הממשלה, חוק ההדחה. ראש הממשלה רוצה שחברי הכנסת הם שיקבעו אם אותם נציגים שנבחרו על-ידי הציבור לייצגם יכולים להמשיך בעבודתם בבית הזה. זאת לא דמוקרטיה, זאת עריצות הרוב. תפקידי אינו לרצות או לשמח את יושבי הבית הזה – תפקידנו אינו לרצות או לשמח את יושבי הבית הזה; אני פה לא לייצג אתכם, הציבור שבחר בנו בתמיכה חסרת תקדים – למענו ובשבילו אנו עומדים פה מולכם. תהליך קריסתו של הפרלמנט המפורסם של אתונה התחיל בתקופת האוסטרקיזם, כאשר ניתנה הסמכות לאספת העם לגרש אזרח, מה שבפועל הפך להיות שיטה של הגליית יריבים פוליטיים. זה אותו ראש ממשלה ששיקר והסית נגד הציבור הערבי ביום הבחירות; הוא ממשיך את אותו קו מסוכן, מלא בשנאה וייאוש, כ׳ זה כל מה שיש לו להציע. ההסתה והשנאה לא עוצרות בציבור הערבי; נתניהו צריך לסמן עוד אויבים, בשביל שהציבור יתעסק בשנאה במקום בלחשוב ולהאמין שאפשר לחיות פה אחרת – בחירות, שוויון ודמוקרטיה. התרוממה פה, בחסות נתניהו, רשת שלמה של ארגוני ימין, שכל תפקידם לרדוף – במימון ממשלתי – את כל מי שמתנגד לממשלה ולמדיניות הכיבוש, הנישול והאפליה. הנה, רק בשבוע שעבר למדנו בעיתון ""הארץ"", שהפרויקט הראשון של אותו ארגון מרגלים, רגע לפני שהם הושתלו בארגוני השמאל, היה לייצר על-ידי שקר ומרמה את תשתית השנאה שעל בסיסה קבע שר הביטחון באוקטובר 2014 שפלסטינים לא יורשו להמשיך לנסוע באותם אוטובוסים עם המתנחלים. אותו ארגון, ""עד כאן"", ביים הטרדות מיניות – דבר נלוז ושפל מאין כמוהו: הם עיבדו צילומים ויצרו מצג שווא, שאותו העבירו לכלי התקשורת ולמקבלי ההחלטות. אז מטרתם הייתה הפרדה בין יהודים לפלסטינים בקווי האוטובוסים. אחרי שהם נכשלו, ושר הביטחון חזר בו מהחלטתו לאחר סערה בין-לאומית על קווי האפרטהייד בגדה – –

– – הם עברו לעבוד כמרגלים – ושוב צריך להזכיר: במימון המדינה – בארגוני שמאל וזכויות אדם.

ולסיום, ביום שבת גל השנאה הגיע לידידי אודי אלוני, בנה של שלומית אלוני היקרה, שהותקף בבוטות כי הביע את דעותיו הפוליטיות הכנות והאמיצות. וזאת הזדמנות נפלאה לסיים עם קרן אור ולברך את אודי אלוני ואת תאמר נפאר, ועוד שורה ארוכה של אמנים ואמניות, על הזכייה שלהם בשבת בפרס בחירת הקהל בפסטיבל ברלין על הסרט ""צומת 48'"", שמספר על החיים בצל העוני והדיכוי בלוד ועל מוזיקה ואהבה שנותנות תקווה לעתיד טוב יותר.

אני גאה בכם, חברים. תודה.

– – – כי אתה רואה את כל היהודים – – –

מה זאת אומרת כל היהודים בצד אחד וכל הערבים בצד אחר? – –

מה זאת אומרת, כל היהודים בצד אחד והערבים בצד אחר?

אבל אתה גזען. מה זאת אומרת אצלכם? איך אתה אומר את זה? – – –

אין לנו תרבות שלום? – – –

יש את אבו מאזן. יש יותר איש שלום ממנו?

– – – אין שום דבר – – – אפס – – –",1
298038,"אדוני היושב-ראש, חברי חברי הכנסת וחברות הכנסת, אני מצטרף להצעת האי-אמון בשל חוק ההדחה. חוק ההדחה רוצה שקולגות שלנו ידיחו אותנו מהבית הזה. אנחנו, שמן הסתם לא נבחרנו על-ידי הקולגות, לא נבחרנו על-ידי הימין, אנחנו לא צריכים לרצות את הימין, אנחנו נבחרנו על-ידי העם, ורק העם יש לו זכות להדיח אותנו מפה. אבל זה לא רק החוק הזה; זה חלק ממסע דה-לגיטימציה נגד החברה הערבית כולה. ראש הממשלה, שיודע יותר מכל בן-אדם אחר את המשקל של האוכלוסייה הערבית, מאז שהוא היה יושב-ראש האופוזיציה, מאז שרבין נשען על הקולות של האוכלוסייה הערבית, הוא יודע מה זאת אומרת לעשות דה-לגיטימציה לאוכלוסייה, שאם היא מממשת את כל הכוח שלה, שהיא 20% מכלל האוכלוסייה, הוא לא יישאר ראש ממשלה. הוא למד את זה גם בשנת 1996, כאשר ההבדל בינו לבין פרס היה 30,000 קולות. כלומר, הערבים יכולים להחליט מי יהיה ראש הממשלה. אז הוא גם הגדיל והעלה את אחוז החסימה, הוא גם זה שהסית ביום הבחירות שהערבים נוהרים לקלפיות, הוא זה שנאם בדיזנגוף נגד אוכלוסייה שלמה, הוא זה שאמר בפנינו שאנחנו מרימים דגלי ""דאעש"" – אנחנו החילונים מרימים דגלי ""דאעש"". אנחנו, שמתנגדים ל""דאעש"" מבחינה מהותית, ורואים בה פשע נגד האנושות כולה – הוא אומר ומשקר במצח נחושה שאנחנו מרימים דגלי ""דאעש"". זה חלק ממסע הדה-לגיטימציה, הדמוניזציה, נגד ציבור שלם, אבל לא רק; הוא גם פוגע בשמאל הישראלי, הוא פוגע במרחב הדמוקרטי, גם בעמותות, גם בתיאטרון, גם בבית-המשפט העליון. אני עכשיו מבין למה הוא עושה את זה: הוא רוצה להשתיק את כל הקולות בשביל לפגוע באוכלוסייה הערבית. לכן, אנחנו מבקשים להצביע בעד האי-אמון. תודה.",1
298330,"אדוני היושב-ראש, אני אנצל את הבמה לדבר על יום האישה הבין-לאומי, מכיוון שמחר אין לי זכות לדבר. אדוני היושב-ראש, כנסת נכבדה, ביום הזה לפני יותר מ-100 שנים צעדו אלפי נשים ברחובות ניו-יורק הקרה והמרוחקת, עם חתיכות של לחם יבש ופרח זוהר, וביקשו צדק ורק צדק, שוויון בתנאי העבודה, שוויון בשכר וזכות הצבעה. לחם – כדי לחיות, ופרחים – כדי שיהיה בשביל מה לחיות. גבירותי ורבותי, עברו מאז עשרות שנים, ואנחנו כאן ועכשיו מסתכלים על מעמדן של נשים בעולם, ויש לנו עוד דרך ארוכה לצעוד. אדוני היושב-ראש, אני מבקש לשתף אתכם בשני סיפורים, של שתי נשים שאינן עמנו עוד. בתיק המשטרתי של המקרה הראשון כתוב כך: ""מהחקירה עולה כי החשוד הוציא את הצעירה מהרכב והחל להכות אותה. בשלב הזה המנוחה החלה להתחנן על חייה, אך החשוד הגיע כשבלבו גמלה ההחלטה להמיתה. החשוד הלם במנוחה באמצעות פטיש עד אשר מתה, ונמלט מהמקום"". בסיפור השני, במקום האחר, כתוב כך: ""הוא הלם בה בפטיש פעם אחת, והיא ניסתה להגן על עצמה בידיה, אבל הוא המשיך להלום בה שוב ושוב"". הרוצח סיפר לחוקרים: ""היא אמרה לי שאני כמו זר אליה, ושזהו, האהבה נגמרה לגמרי. אני לא זוכר כלום מהרגע שלקחתי את הפטיש, פשוט ייאוש גדול תפס אותי. אמרתי ששנינו מסתלקים מהעולם הזה. אמרתי שאני לא נשאר, ומסיים את החיים שלי"". בשני הסיפורים מדובר בגבר שרצח באכזריות אישה. הראשון רצח את רנין רחאל והשני רצח את דפנה בר ציון. הסיפור הראשון יצא לתקשורת הישראלית בעברית כסיפור של רצח על רקע כבוד המשפחה, כבוד המשפחה הארור הזה; החברה הערבית מזמן נפטרה מהביטוי המבזה הזה, ודווקא החברה הישראלית היא שדבקה בו, ואילו הסיפור השני תואר כסיפור של אהבה עמוקה, אובססיבית ונכזבת, שהסתיימה ברצח אלים ואכזרי של אמן שרצח את אהובתו. ואני שואל מעל במה זו, כגבר, כבן-זוג וכאדם: האם לא הגיע הזמן להיפטר מהרקעים האלה של רצח נשים? כבוד המשפחה, רקע רומנטי, רקע של ""משבר עלייה"", רקע סמים, רקע אלכוהול, רקע תרבותי, רקע משבר משפחתי, וההמצאה החדשה של משטרת ישראל – ""נרצחה על רקע עצמאותה"", כמו שנכתב באחת מהודעות התקשורת אחרי שאימא לשישה ילדים נורתה בשישה כדורים. עוד ועוד המצאות וקלישאות כדי שלא להגיד את התיאור הנכון לפשע הזה שמסיים את חייהן של כ-20 נשים כל שנה בטרם עת, ערביות ויהודיות, מכל העדות והקבוצות האתניות, כשכמעט חצי מהקורבנות הן נשים ערביות – זה רצח נשים, רצח שמתבצע בידי גבר שמנסה לשלוט בחיי אישה, כאשר הוא לא רואה אותה כאדם עצמאי וחופשי. חברי וחברות הכנסת הנכבדים, הגיע הזמן שנשים את המאבק בפשע הנורא הזה בראש סולם העדיפויות שלנו, ונפסיק להתחבא מאחורי הסברים ורקעים למיניהם. לא יכול להיות שרוצחי נשים לא נמצאים מאחורי סורג ובריח. לא יכול להיות שנשים מאוימות על-ידי גברים, ואנחנו שותקים. אוזלת ידנו מחזקת את ידם של הרוצחים. ענישה היא הגורם המרתיע ביותר בנושא זה, ובנוסף, שלושה מרכיבים נוספים חשובים לא פחות – חינוך, חינוך וחינוך. כנראה עוד לא הפנמנו ולא למדנו שנשים הן שוות במלוא מובן המילה, שותפות לדרך, מובילות ומנהיגות. ביום האישה הבין-לאומי עלינו לזכור את הנשים ששילמו בחייהן על היותן נשים, ובו-בזמן לחשוב על איזה עתיד אנחנו רוצים לייצר לבנות ולבנים שלנו. תודה רבה.",1
298724,"אדוני היושב-ראש, חברי חברי הכנסת וחברות הכנסת, לפני חמש שנים נפרדנו מחבר יקר במיוחד, תופיק טובי, פרלמנטר מעורר השראה, חבר כנסת בשורות האופוזיציה במשך 40 שנה. תופיק טובי מסמל יותר מכול את המאבק למען הישרדות האוכלוסייה הערבית במולדתה, שאין לה מולדת אחרת מלבדה; הוא, שיחד עם חברו מאיר וילנר חשף את הטבח הנוראי בכפר-קאסם, שמטרתו הייתה לגרום לאזרחים הערבים לברוח מהמולדת. תופיק טובי מסמל יותר מכול את המאבק הנחוש בממשל הצבאי. בדיוק לפני 67 שנים, במרס 1949, עמד בכנסת הראשונה חבר כנסת ערבי, קומוניסט מחיפה, בקושי בן 30, ונשא את נאום הבכורה שלו: שאלת הזכויות של מיעוט לאומי מובילה לשאלת הדמוקרטיה והחופש של כל תושבי המדינה. אי-אפשר לחלק את הדמוקרטיה והחופש. מילים אלה משנת 1949 נשמעות כאילו נאמרו ממש היום. בימים אלה, כשהגזענות גואה, אנחנו צריכים יותר מתמיד את הערכים של תופיק טובי וחברים לדרך, הערבים והיהודים – ערכי השלום, השוויון, הצדק החברתי והדמוקרטיה. תופיק טובי, שבביתו ביקרתי במשך 20 שנה – –

– – הוא המודל שלי לחיקוי. הוא שהתווה את הדרך שבה אנו צועדים היום. תודה.",1
298773,"אדוני היושב-ראש, כבוד השר, חברי חברי הכנסת וחברות הכנסת, תרשו לי בבקשה לדבר בהתחלה בשפה הערבית ולברך את האורחים שלנו מבית-הספר ""אל-פארוק"" מכסייפה שבנגב. (אומר דברים בשפה הערבית, להלן תרגומם: האחיות והאחים תלמידי כיתה י""א מבית-הספר ""אל-פארוק"" מכסייפה, אנחנו מברכים אתכם. אני מבקש מכם שתעריכו את הרשימה המשותפת. אתם יכולים לספור את החברים הנמצאים פה – יותר מכל רשימה או סיעה אחרת. נוסף על כך, אם תשימו לבכם מיהו האדם ומיהם האנשים שמגישים את מספר הצעות החוק והשאילתות הרב ביותר ועסוקים במליאה הזאת, הרי תיווכחו שמדובר בחברי הכנסת מהרשימה המשותפת. לפני כמה ימים חבר הכנסת דב חנין מהרשימה המשותפת הגיע למקום הראשון כמחוקק בבניין הזה, והוא מהרשימה המשותפת. אני רוצה לומר לכם שהנושא החשוב ביותר לנו ללא ספק הוא נושא הנגב. הנגב הוא מבחינתנו האזור המאוים ביותר היום. אין ספק בכך. יש 46 כפרים לא מוכרים בנגב. חלק מהכפרים האלה מאוימים בגירוש. שוו לנפשכם לדוגמה שהם רוצים לגרש את אום אלחיראן כדי להקים חירן אחרת במקומה. באופן זה הם יגרשו את התושבים הערבים ויביאו תחתם תושבים יהודים. פעם אמרו שהם רוצים לגרש מהכפר בגלל בעיות תכנוניות או בעיות סביבה. טוב, אם יש בעיות תכנוניות או בעיות סביבה, למה אתם רוצים להביא תושבים במקום תושבים? זוהי גזענות. אנו רוצה לומר לכם שאנו פה, מהעמדה שלנו, פועלים במלוא המסירות למען נושאי הנגב, אבל יש נושא שחשוב מכולנו – הוא אתם. הדבקות באדמה והמאבק העממי המאורגן חשובים מעבודת הכנסת. באמצעות אלו אתם ואנו ניאבק יחדיו למען זכויות אנשינו בנגב. אלוהים ישמור אתכם, תהיו בריאים. תודה.)

אדוני היושב-ראש, אדוני השר, חברי הכנסת וחברות הכנסת, ההצעה שלי היא פשוטה וחשובה מאוד. מדובר על סעיף 144א בחוק העונשין, שם יש כל מיני הגדרות ותארים למילה גזענות, וכולם נכונים – גם ההגדרות וגם התארים. ושם יש עוד תיאור למצב שהוא גזעני: במידה שהם מפלים בן-אדם על רקע לאומי אתני, מחליטים לא למכור לו או לא להשכיר לו דירה למשל – וזו הגדרה נכונה. אני מבקש להוסיף עוד הגדרה, והיא נגד האנשים שקוראים להחרמה על רקע לאום או על רקע אתני. כלומר, לא רק מי שמבצע, אלא מי שקורא. ואני רוצה לתת פה תיאור מסוים של מצב, כדי שכולנו נרגיש כמה שזה גזעני. אדוני היושב-ראש, כאשר בן-אדם, בצרפת למשל, קורא להחרמת מקום של יהודים, קריאה – האם זו קריאה גזענית או לא? או כאשר הוא קורא לא למכור ליהודים או לא להשכיר דירה ליהודים, הקריאה היא קריאה גזענית. עכשיו, פה אני מעביר מיהודים לערבים: האם כאשר קורא רב מצפת ליהודים לא להשכיר דירה לערבים, האם זו קריאה גזענית או לא? אני חושב שזה די ברור שזו קריאה גזענית. לכן אני מבקש מהבית הזה, אני מבקש מחברי הכנסת, מהאופוזיציה, גם מהקואליציה, מכבוד השר, לא לדחות את הדרישה ההוגנת הזו, הנכונה, המשכנעת, שזו גזענות. אפילו אם יש בינתיים החלטה – אדוני השר, אני לא יודע אם אתה משיב; אם אתה משיב, אני חושב, במידה שכבר קיבלתם החלטה לדחות את ההצעה הזו, אולי נחליט לא לדחות אותה עכשיו, נלמד אותה עוד הפעם, כי קריאה להחרים ערבים, לא לתת לערבים לשכור דירה או לא לקנות ממקום של ערבים – – –

אני מבקש, במידה שהתשובה שלכם לא, אז כן, זו האלטרנטיבה שאני מקבל.

אני מבקש תשובה והצבעה במועד אחר. תודה רבה.",1
298862,"כבוד היושב-ראש, אדוני השר, כנסת נכבדה, לפני זמן מה שודרה בחדשות כתבה שביקשה לגייס את הציבור לעזור במימון תרופה ניסיונית לילד בן שש החולה בניוון שרירים. אבל הילד הוא ערבי, ערבי מרהט, וקוראים לו מוחמד. הזעם על הניסיון לעזור להציל את חייו של מוחמד הגיע במהרה, ועמוד הפייסבוק של הערוץ התמלא באחת בתגובות שטנה – מראה מפחידה ועצובה של החברה הישראלית היום. שלמה כתב: תנסו לתת ציאניד. עדי הוסיף: שימות, עוד מחבל. לירון מייד התנדבה: אני אתרום לו רעל שיהרוג אותו לפני הזמן. גם קורל הציעה עזרה במימון ציאניד. איציק, שמגדיר את עצמו גזען גאה, הוסיף: יימח שמו, להרוג אותם כשהם עוד קטנים. וכך זה נמשך ונמשך. השנאה מעוורת כך שאפילו ילד בן שש החולה במחלה קשה הוא מטרה לאיחולי מוות. כשקוראים את התגובות האלה ומקשיבים לשיח הציבורי שהפך לנפוץ פה במדינה, תוצאות הסקר שפורסמו בשבוע שעבר אומנם מצערות ומדאיגות, אך בכלל לא מפתיעות. אחת התוצאות הקשות ביותר שנחשפו היא שחצי מהאוכלוסייה היהודית במדינה תומכת בגירוש וטרנספר שלנו, הערבים אזרחי המדינה – רוצים לגרש אותנו מהמולדת שלנו: חצי מהציבור היהודי תומך בטרנספר; גירוש של אוכלוסייה שלמה, גברים, נשים, ילדים, טף, שייזרקו מבתיהם ויהפכו לפליטים. המפלצת שמנהיגי הימין יצרו במו-ידיהם איבדה שליטה.

הממשלה והיושב בראשה הם המכתיבים את הטון, והציבור, לצערי, נוהר אחריהם. נועם חומסקי אמר: לאומנות קיצונית, פחד, גזענות וקנאות דתית, אלו הן הדרכים למשוך אנשים, אם אתה מנסה לארגן בסיס המוני של תמיכה במדיניות שלמעשה מיועדת למחוץ אותם. נתניהו הוא להטוטן של הסתה ושנאה, אבל את המחיר של דרכו משלמים לא רק האוכלוסייה הערבית, כי אם כלל האזרחים במדינה.

לסיום, חשוב לי להבהיר שאנחנו פה, ולא הולכים לשום מקום. זוהי המולדת שלנו, אנחנו חלק מהנוף והאדמה – – –

לסיום, חשוב לי להבהיר שאנחנו פה, ולא הולכים לשום מקום. זוהי המולדת שלנו, אנחנו חלק מהנוף והאדמה, שורשינו נטועים עמוק עמוק במקום ואינם ניתנים לתלישה. (אומר דברים בשפה הערבית, להלן תרגומם: ""עִמְדוּ בנחישות, האנשים שאני אוהב, בסבלנות בפני ההתקפות. שימו בין העיניים את השמש ואת הפלדה – בעצבים. זרועותיכם יגשימו את החלומות הנפלאים ביותר ויחוללו נפלאות."") תודה.",1
299284,"אדוני היושב-ראש, חברי חברי הכנסת וחברות הכנסת, קודם כול, תודה רבה שנתת לי לדבר.

אדוני היושב-ראש, חברי חברי הכנסת וחברות הכנסת, מה לא עשו בשביל להוציא אותנו מהמשחק הפוליטי, מה לא אמרו עלינו. אחת מהאמירות, למשל, שאנחנו מתעסקים בסוגיה הפלסטינית ופוסחים על הסוגיות שלנו אנחנו. כך מנסים להסית את הציבור שלנו נגדנו; אנשים שמתעסקים יום-יום בסוגיה הפלסטינית, מקדמים התנחלויות, מחזקים צבא, מחזקים מה שנקרא ""ביטחון"", פוגעים באוכלוסייה הפלסטינית יום-יום, לוקחים את הכסף שלנו, כסף המסים שלנו, של כולנו, ושמים אותם בשטחים הכבושים, הם אלה שמאשימים אותנו שאנחנו פוסחים על הסוגיות שלנו ואנחנו מטפלים אך ורק בסוגיות של העם הערבי הפלסטיני. העלו את אחוז החסימה, ביום הבחירות דיברו על ""ערבים נוהרים לקלפיות"" – מנסים כל הזמן בכל האמצעים למנוע מאתנו להיות מיוצגים בבית הזה. הם לא הצליחו ובבחירות האחרונות הגענו ל-13 מנדטים. אז צריך דרך מקורית, דרך מבריקה. מצאו את הדרך שחברי כנסת יכולים להדיח חברי כנסת אחרים, שאנשים מהימין יש להם את הזכות להדיח אותנו מהפרלמנט. אנחנו נבחרי העם ולא הנבחרים שלהם. ומה הטענה? דמוקרטיה מתגוננת. מהי דמוקרטיה מתגוננת? זוהי תפיסה תיאורטית שבאה בעקבות הרפובליקה של ויימאר. אבל צריך לזכור שהייתה רפובליקה שניצח בה צורר, אויב שהוא יותר נגד האנושות כולה, שקידם פאשיזם, שכבש, קידם מלחמות, בוודאי לא מדובר על אנשים שהם שוחרי שלום, שוחרי דמוקרטיה. ומהי דמוקרטיה מתגוננת? ומהי הפגיעה הקשה ביותר בדמוקרטיה אם זה לא הכיבוש עצמו? כי עם שמשעבד עם אחר אינו יכול להיות עם חופשי. מהי הדמוקרטיה המתגוננת? מהי הפגיעה העיקרית בדמוקרטיה הישראלית? מהו החור השחור? הוא האפליה נגד האוכלוסייה הערבית. לכן, יש שיח פוליטי; יש אנשים שמאמינים בדרך הזו שדיברתי עליה עכשיו, ויש אנשים שמאמינים בדרך אחרת. אז מנהלים פרלמנט, מדברים בפרלמנט, מנהלים שיח, אבל לא מחליטים להדיח קבוצה אחרת. אז אני קורא לימין, אומר להם: מי שמך, מי נתן לך את הזכות הזו? הציבור בחר בנו, הוא עוד ימשיך לבחור בנו. לכן אני רוצה להגיד, לא רק לחברים באופוזיציה, אני רוצה לפנות אליך, אדוני השר גלנט.

אני רוצה לפנות אליך, אני רוצה לפנות לח""כים החרדים ולהגיד להם שעכשיו זה אנחנו, אבל בעוד שנה או כמה שנים זה יגיע לאנשים אחרים. יש אנשים, ראש הממשלה בעיקר – –

– – רוצה פרלמנט על טהרת היהודים, כי הוא מחפש רוב של 51% מהיהודים. במידה שאנחנו נהיה לגיטימיים הוא יצטרך לשכנע יותר מ-65% – –

– – מהיהודים. לכן הוא בדרך הזו רוצה לשמור על כיסאו. לכן אני קורא לחברי הבית להדיח את חוק ההדחה. תודה.",1
299719,"(אומר דברים בשפה הערבית, להלן תרגומם הסימולטני לעברית: מכובדי יושב-ראש הישיבה, חברי הכנסת וחברות הכנסת, השפה הערבית מתחדשת, ועכשיו אפשר להגיד חברת הכנסת – נאיב ונאיבה; קודם לא השתמשו בלשון נקבה. אני רוצה לברך את כל אוהבי ושוחרי השפה הערבית, ובייחוד את חבר הכנסת חברי יוסף ג'בארין, על היוזמה היפה, המכובדת הזאת. אני רוצה להודות ליושב-ראש הכנסת על שקיבל את היוזמה והחליט שהיום הזה יהיה יום השפה הערבית, ושחברי הכנסת שאינם יודעים ערבית יקבלו את התרגום סימולטנית. אני רוצה להגיד לאנשים פה שאנחנו פה מרגישים כמו שהרגיש אבו טייב אל-מותנבי כשהיה בין בני עמו. הוא אמר בשירו היפה: היופי של העשירים יפה כמו הפרחים בעולם, אבל הבחור הערבי זר בשפתו או באופיו ובפניו. ואנחנו מרגישים זרות במקום הזה ואומרים ""מוקם"" ולא ""מקמן"", שזה המקום של האדם. אבל שפתנו איננה זרה; היא שפה טבעית בכרמל, בעמק-יזרעאל, ובנגב היפה, הרחב. אנחנו בני המולדת הזאת; השפה שלנו היא שפת בני המולדת המקוריים. אנחנו דורשים ונאבקים כדי שהשפה הערבית תהיה שפה רשמית אמיתית במדינה הזאת, ולא שפה של מסיתים, שמכירים אותה דרך השב""כ ודרך מערות המוחבראת. הם מסיתים נגדנו בשפה לא יפה. זאת שפה שנוצרה כדי להיות גשר בין העמים, לקרב בין האנשים, כי בסופו של דבר אנחנו רוצים לחיות בשיתוף, בשוויון, בהדדיות ובכבוד הדדי בין כל האנשים. תודה.)",1
299770,"אדוני היושב-ראש, חברי חברי הכנסת וחברות הכנסת, הרשות השנייה לטלוויזיה ורדיו פועלת מכוח חוק הרשות השנייה לטלוויזיה ורדיו משנת 1990 וממונה על קיום השידורים בערוץ 2 ובערוץ 10. סעיף 5 לחוק קובע, כי אחד מתפקידי הרשות השנייה הוא קיום שידורים ""בשפה הערבית לצרכיה של האוכלוסייה הדוברת ערבית"", וכן ""מתן ביטוי להשקפות השונות הרווחות בציבור"". כמו כן, נקבע באותו סעיף כי במילוי תפקידה תפעל הרשות ""למתן ביטוי מתאים למגוון התרבותי של החברה הישראלית"". החוק אף קובע כי שידור תוכניות דוברות ערבית כיום לא יפחת מהיקף של 5% מהיקף השידורים הכולל. מטרת הצעת החוק – לקדם את המטרות והערכים הקבועים בסעיף 5(ב) לחוק, באמצעות הגדלת המחויבות לשידורי טלוויזיה בערוצים 2 ו־10 בשפה הערבית לשיעור של 20% במקום 5% כקבוע כיום. שיעור זה מייצג את שיעור האוכלוסייה שערבית היא שפת האם שלה בכלל אוכלוסיית המדינה. אתמול ציינו בכנסת את יום השפה הערבית – ביוזמת חברי חבר הכנסת יוסף ג'בארין. דיברו ערבית בכנסת. נהניתי מההזדמנות, כמו שאר חברי חברי הכנסת, ויותר מכול נהניתי לפגוש את האנשים הערבים והיהודים אוהבי ומומחי השפה הערבית שהגיעו עד לכנסת כדי להשתתף ביום מיוחד זה. לצערי, אני יודע שימים כאלה הם מטבע נדיר במרחב הרשמי במדינה. ואני באמת מנסה להבין למה מנסים להתכחש ולהתנכר לשפה הערבית. האם הממסד במדינה מפחד מהאנשה של האדם הערבי? האם לימוד השפה הערבית הוא ערך מוסף – רק כדי לאסוף מודיעין ולהבין את שפת האויב? האם אסור להאמין שהשפה היא המפתח לתרבות והמפתח להכרת עמים אחרים? אני רוצה לבחור לפנות לציבור. במדינה חי מיעוט לאומי שמהווה 20% מכלל האזרחים במדינה, ושפת האם שלו היא ערבית. כמעט חצי מהציבור היהודי, במקור, שפת אמו היא ערבית, ואנחנו חיים במרחב המזרח התיכון ושפת האם היא ערבית. הצעת החוק שאני מעלה היום מתייחסת להיקף השידורים בשפה הערבית ברשות השידור, שכיום מעוגן בחוק בהיקף של 5%. אנחנו דורשים שהאחוז הזה יהיה זהה לאחוז שלנו באוכלוסייה, כלומר 20%. אני רוצה לברך את עמותת ""סיכוי"" ואת אתר ""העין השביעית"", שבחודשים האחרונים עוקבים מקרוב אחר מספר ואחוז המשתתפים הערבים בתקשורת העברית או הישראלית. יוזמה מבורכת זו, שנקראת מדד הייצוג, מגלה נתונים מזעזעים אך לא מפתיעים: אחוז הייצוג של הערבים נע בין 2% ל-3.5% לכל היותר. בתקשורת הישראלית רוב המשתתפים הערבים בתוכניות האקטואליה אינם מרואיינים על סמך הידע, המומחיות או התפקיד שלהם, אלא רק כ""ערבי מהרחוב"", והדיווח כמעט תמיד יהיה על נושאים מדיניים או פוליטיים. זו הדמות השטוחה שמנסים לייצר לחברה הערבית. ותרשו לי לברך גם על היוזמה החשובה שנקראת A-List: מאגר מומחים ומומחיות ערבים הבא לספק הכרה לכל המומחים והמומחיות בתחום שהם במקרה גם ערבים. תודה לך, מקבולה נסאר, על ריכוז היוזמה החשובה הזאת. אני מבקש תשובה והצבעה במועד אחר. אני מבקש, ברשותכם, להתייחס להסכם שנכרת בין ראש הממשלה לבין ראש ישראל ביתנו אביגדור ליברמן. ואני רוצה לשאול, מה המאפיין העיקרי? מה חדש? הרי יש גזענות גם בממשלה הנוכחית, יש אנשים מחרחרי מלחמה גם בממשלה הנוכחית, יש אנשים שרוצים להעמיק את הכיבוש, יש אנשים שרוצים עוד עיבוי התנחלויות, יש ראש ממשלה שמסית נגד האוכלוסייה הערבית, אם בנאום המפורסם ביום הבחירות על ערבים שנוהרים לקלפיות ואם בנאום דיזנגוף המפורסם, ואם בזה שראש הממשלה עמד שבע פעמים על הדוכן הזה ובשבע הפעמים הסית נגד האוכלוסייה הערבית. אז מה חדש? החדש הוא שבאבחנה מדעית יהיה פה שר ביטחון שהוא פאשיסט קלאסי. ואני רוצה להסביר. יש דברים שנובעים מססמאות פוליטיות, יש דברים שאפשר להגיד שהוציאו אותם מהקשרם, ויש דברים שנובעים מזעם מסוים ותשובה של רקע מסוים. אבל אני קראתי את ספרו של אביגדור ליברמן, ""האמת שלי"", ואני רוצה להוציא לכם כמה ציטוטים מהספר הזה. למשל, בעמוד 46 הוא אומר שהבעיה העיקרית שלנו היא לא הפלסטינים בשטחים משנת 1967, אלא הבעיה העיקרית שלנו היא המיעוט הערבי בתוך מדינת ישראל. בעמוד 52 ליברמן כותב שצריך לבצע טרנספר, להעביר ערבים מאזור המשולש לשטחים של 1967. ואני שואל, מה המטרה? ומה ההבדל ביני – אני, הערבי הפלסטיני בכל רמ""ח איברי שגר בחיפה – מה ההבדל ביני לבין ערבי-פלסטיני מאום-אלפחם? ההבדל היחידי – שאני גר בין שכנים יהודים, לכן אי-אפשר למתוח את הגבול ביני לבין השכנים היהודים. לכן הוא רוצה לגרש עכשיו את הערבים מהמשולש, ואחרי זה יגיע התור שלי. אז הוא לא רוצה ערבים בכלל במדינה. ובעמוד 50 מה אומר שר הביטחון של ממשלת ישראל? הוא אומר: אני לא מאמין בדו-קיום, לא רק בטווח המיידי, גם בטווח הארוך, אפילו בעוד 50 שנה לא יהיה דו-קיום בין הערבים לבין היהודים. כך אומר השר הבכיר בממשלה. והשר הבכיר, והוא שר ביטחון, מה עוד הוא אומר? הוא אומר שאין פתרון מדיני. יש רק פתרון צבאי. שר הביטחון, כך הוא כותב בעמוד 174 בספר שלו, ""האמת שלי"". ובואו נשמע מה הוא אומר על הצבא. הוא אומר: כן, צריך לתת לצבא להרוס כפר שלם. כך אומר שר הביטחון בעמוד 182 בספר שלו. והוא גם מבקש להחליף את שיטת המשטר ממשטר פרלמנטרי למשטר נשיאותי, והנשיא צריך להיות יותר חזק מבית-המשפט העליון. וזה מה שהוא כותב בעמוד 158. כאשר הוא כותב ספר, אז הוא כותב אותו, הוא חוזר עוד פעם, שולח לחברים לשמוע את דעתם, אחרי זה שולח לבית-דפוס ואומר שזו המשנה הסדורה שלו. וזה שר הביטחון החדש של מדינת ישראל. לכן, מכיוון שהוא מזכיר לי את הקלאסיקה שבספרות הפאשיסטית של שנות ה-30 באירופה, אז אני רוצה לקרוא ספרות משנות ה-30 של המאה ה-20, של ברטולד ברכט, משנת 1938.

ברטולד ברכט אומר: ""גנרל, הטנק שלך הוא רכב חזק, / הוא רומס את היער, הוא מוחץ מאה אנשים./ אבל יש לו חיסרון אחד: / הוא זקוק לנהג. // גנרל, המפציץ שלך חזק. / הוא טס מהר מן הסופה, הוא רומס יותר מפיל. / אבל יש לו חיסרון אחד: / – –

– – הוא זקוק למכונאי. // גנרל, האדם שמיש מאוד. / הוא יודע לטוס, הוא יודע לרצוח. / אבל יש לו חיסרון אחד: / הוא יודע לחשוב"". לכן אני פונה אל האנשים שרוצים לחשוב: זה לא מאבק של ערבים מול יהודים או יהודים מול ערבים, זה מאבק של אנשים דמוקרטים מול הפאשיזם.

יש מחנה לאומי פה, יש מחנה ציוני שמזדנב, לממשלה, אנחנו נקים את המחנה הדמוקרטי.

– – יש הפגנה ענקית של ערבים ויהודים ביחד – –

– – אנא הצטרפו להפגנה החשובה הזאת נגד הפאשיזם. תודה.",1
299809,"גברתי היושבת-ראש, כבוד השרים, חברי וחברות הכנסת, תמונתו של מייסם אבו אלקיעאן מביטה בנו מכותרות העיתונים. תביטו בעיניו, בפניו הנפוחות, הכואבות והעצובות. מייסם הוא בחור מוכשר וחרוץ. הוא עבר מחורה לתל-אביב ועבד בשתי עבודות, מירוץ ממקום למקום, בחלום לחסוך מספיק כסף על מנת שיוכל ללכת ללמוד. אבל עכשיו הוא במעצר-בית. ביום ראשון אחר-הצהריים החליטה קבוצה של שוטרים לבושים בלבוש אזרחי שהוא איום, בלי שום סיבה, באמצע יום עבודה בכיכר רבין בתל-אביב. ביקשו שיזדהה, ואז התנפלו – מכות רצח, בעיטות, בוקסים, חניקות. הם קראו לו ערבי מסריח. עוד ועוד שוטרים הצטרפו. מייסם הגיע לבית-החולים רק שעות אחר כך, כשחלק מהשוטרים שהכו אותו עדיין אתו. הם אזקו אותו למיטת בית-החולים. להוריו ולמשפחתו המבוהלת הם לא נתנו להתקרב. לאביו, שהתחנן לראות את פניו, סירבו. השוטרים יודעים היטב שזו הרוח שנושבת מלמעלה. המשטרה הזאת, שאמורה לספק לנו ביטחון, היא אימתו של כל צעיר ערבי, אדוני השר לביטחון פנים. בבית-המשפט קבעו באותו לילה שמייסם יושם במעצר-בית ושהוא מורחק מתל-אביב. הוא מורחק, אחרי שהיה ברור שהוא לא היווה איום או סכנה; סתם עוד יום עבודה. והשוטרים – הסכנה האמיתית שרחשה באותו יום ברחובות תל-אביב – הם לא נעצרו ולא הורחקו, ואנחנו אפילו לא יודעים אם נחקרו. ראש הממשלה לא התקשר לאבא של מייסם. השר לביטחון פנים, שכנראה איבד את חוש האירוניה, התלונן שעושים בשוטרים לינץ'. זה אתה, כבוד השר לביטחון פנים. במשטרה למדו שלא מתנצלים. בתגובות רשמיות נאמר שוב ושוב שהשוטרים התנהגו כמצופה מהם. ואני מסכים – השוטרים התנהגו בדיוק כפי שמצופה מהם על-ידי המפקדים שלהם, על-ידי המפכ""ל, על-ידי השר לביטחון פנים ועל-ידי ראש הממשלה. זוהי, כפי שאוהבים להגיד פה, רוח המפקד. הממשלה הזאת לא הוקמה וכבר שוברת שיאים. אנשי ימין כבר רואים בה ניצנים של פאשיזם. ראש הממשלה הפך את הגזענות והשנאה לבשורה המרכזית שלו לאזרחי המדינה, והתוצאות – בפניו של מייסם. אבל חשוב גם לראות את ניצוץ התקווה שהאירוע הקשה הזה הדליק, בזכות אנשים שלא הסכימו לשתוק. עדים מספרים על אישה מבוגרת שצעקה וצעקה על השוטרים שיפסיקו להכות את מייסם – הם צעקו בחזרה: לכי מפה לפני שנגמור גם אותך; עובדי המרכול, ערבים ויהודים, ניסו למנוע ולעצור את המכות; עוברי אורח עצרו, צילמו ופרסמו; קול צעקה עלה מהרשתות החברתיות – צעקה שהדהדה את השתיקה מספסלי הממשלה; קבוצות פעילים ערבים ויהודים ליוו את מייסם בכל הלילה הסוער של יום ראשון.

הם עמדו מחוץ לבית-החולים ובית-המשפט. הם צעקו סולידריות והם צעקו מחאה נגד הגזענות והאלימות של המשטרה ונגד הממשלה שהתוותה את הקו.

אני מסיים. אני קורא מפה לכל האנשים המאמינים באפשרות של חיים אחרים, חיים משותפים המבוססים על ערכי הכבוד והשוויון ואפילו אהבת הזולת: את האופוזיציה האמיתית אנחנו נבנה ביחד ברחוב – –

בשבת בערב ניפגש להפגין ברחובות תל-אביב – –

נעמיד מראה לגזענות ולשנאה – –

אני נציג האוכלוסייה הערבית. אני נציג האוכלוסייה הערבית – – –

אני כפוי טובה? אני זה שמייצג את העם שלי.

אתה צריך להקשיב לי. אתה צריך להקשיב לי.

זהו העניין, בגלל שהוא ערבי. בגלל שהוא ערבי.",1
299886,"אדוני היושב-ראש, חברי חברי הכנסת וחברות הכנסת, אומרים על ראש הממשלה שהוא לחיץ מאוד, עד כדי כך שאחרי כל בעיה קטנטונת הוא מתפרק לחלקים ואז הצוות שלו מתחיל להרכיב אותו מחדש. אבל אנשים רעים סיפרו לי שבפעם האחרונה החליפו חלקים בחלקים אחרים בגוף שלו, מלמטה למעלה, עד כדי כך שהוא מקבל החלטות כל כך בעייתיות – אפילו עבורו. אני יכול להסכים עם ליברמן רק בדבר אחד: שהוא אמר על ראש הממשלה שהוא רמאי ושקרן. שמעתי מאנשים, מסטודנטים שהיו בתקופתו של ליברמן – כמוך, חבר הכנסת אוסאמה סעדי – שהוא מדבר גבוהה-גבוהה, אבל הוא פחדן, שפן, מוג-לב, בורח בהתחלת כל הפגנה. זה נכון, אוסאמה?

אז אני סומך על הילדים במחנות הפליטים ג'באליה וקלנדיה, שעשו לו קרקס, ואני בטוח שהוא, שמשליך את להבו נגד האזרחים הערבים במדינה, שהאזרחים הערבים, שהם היום מיליון וחצי אזרחים, יגיעו עוד מעט ל-2 מיליון אזרחים גאים במולדתם, שאין להם מולדת אחרת מלבדה. רק לפני שבוע שמענו על היבא יאסין-עבדאללה מכפר-מנדא, שקיבלה בגיל 26 דוקטורט בביולוגיה, וגם על מוחמד זידאן, מאותו יישוב פשוט, כפר-מנדא, שקיבל 800 במבחן הפסיכומטרי. עוד נצליח במולדת שלנו. אבל פה יש הזדמנות, הזדמנות חשובה, שתפיסה של מדינה יהודית, למשל, בזמן ש-20% מהאזרחים הם בני המקום, נתפסת כאמירה גזענית בכל מקום שפוי בעולם, אבל היום הוא לא רק כך; היום שר הביטחון הוא שר פאשיסט קלאסי, שרוצה לבצע טרנספר נגד אוכלוסייה שלמה. לכן, אין ספק שהמאבק העיקרי שלנו הוא במולדת, אבל זו אופציה גם לפנות לעולם כולו בשביל להשחיר את פניו של הממסד. תודה.",1
299907,"אדוני היושב-ראש, אני רוצה להקדיש את הנאום שלי היום לכתבה הכל-כך חשובה של דפנה ליאל, אתמול בחדשות ערוץ 2, ולהביע הערכה עמוקה לחברות הכנסת מירב בן ארי, איילת נחמיאס ורבין, קסניה סבטלובה, גילה גמליאל, ענת ברקו, מיכל בירן, רחל עזריה ושרן השכל, שהתייצבו מול המצלמה ודיברו בגילוי לב נדיר על תופעת ההטרדות והתקיפות המיניות הבזויה. עלינו לפעול, כולנו, נגד תקיפות והטרדות מיניות, שקיימות, לצערי, בכל מקום, וכפי שגילינו אתמול, אפילו במשכן הזה. ודווקא הגילוי הזה צריך לעודד את כולנו להמשיך לפעול ביתר שאת, להוביל את השינוי עד לשוויון מלא. תודה.",1
300157,"אדוני היושב-ראש, היום מציינים את תחילת חודש רמדאן, חודש שמתקיימת בו מצוות הצום. החודש הזה מתאפיין בהתבוננות פנימית, באיפוק וצניעות, במעשי חסד, בכפרה על עוונות ובהזדהות עם אנשים שידם אינה משגת לאכול. ברשותכם, אעבור לשפה הערבית בשביל לברך את הציבור הצם. (אומר דברים בשפה הערבית, להלן תרגומם: אחים ואחיות, רמדאן כרים. החודש הזה נשגב בערכיו העמוקים, ערכי ההתקרבות בין האנשים, ערכי ההזדהות עם הזולת, ערכי הסבלנות. אנחנו כולנו זקוקים לערכים העמוקים של חודש רמדאן המבורך. ברצוני לאחל צום מבורך ואפטאר טעים.) תודה.",1
300430,"אדוני היושב-ראש, כנסת נכבדה, יש לי שכן בחיפה שהתאהב בבחורה יפה מבית-לחם, והם התחתנו.

כנראה הכיבוש המכוער שלהם יותר קשה מהאפליה המכוערת שלכם.

הביאו ילדים, אבל לדאבוני, היא חלתה בסרטן. אבל מה שהיה לא פחות קשה מהסרטן הוא הביורוקרטיה בבתי-חולים, כי היא, פשוט מאוד, הרשו לה להישאר בתוך מדינת ישראל, אבל ללא זכויות; ללא אזרחות, ללא תושבות, ללא ביטוח לאומי, ללא כלום.

ואני כבר שישה חודשים נאבק למען שהיא תקבל אזרחות – –

אני הקשבתי לדבריו של חבר הכנסת טיבי, שדיבר על זה שאלי ישי דיבר על מימוש אטי של זכות השיבה. אבל אני גם זוכר את אמירתו של שר הפנים פורז, שאמר: אני מתבייש, אני מתבייש, לכן אני מבקש להעביר את החוק רק לשנה אחת. והזמני הוא כל כך קבוע, עד כדי כך שזה מתמשך 17 שנים. ואני שואל: מהי הסיבה האמיתית? עברו מדמוגרפיה במדינת ישראל היהודית והדמוגרפית לטיעון מופרך של הביטחון. ואני שואל, למה נותנים אישור לעובדים פלסטינים בשביל לבנות להם בתים? אז כאשר יש צורך, אין, אין בעיה עם זה, לתת להם אישור, זו לא בעיה ביטחונית. כי הסיבה היחידה היא גזענות לשמה – היא גזענות לשמה. אני מבקש מהח""כים בבית הזה – מה נאמר לכם? קהות חושים זה קטן עליכם. המילה הלעוסה, המאוסה – גזענות, היא לא מזיזה כלום. אני רוצה לפנות למחנה הציוני ולהגיד לכם את האמירה המפורסמת של מרטין לותר קינג, שהמקום החם ביותר בגיהינום נמצא לאנשים שעמדו בצד במבחן המוסרי. אני פונה אליך, אדוני היושב-ראש, שמענו את האמירה הגזענית של סדן על מסעודה. אנחנו חייבים לעמוד לצד מסעודה וכל המסעודות, אבל מי שמתחיל בגזענות נגד פאטמה ונגד חלימה מגיע לגזענות נגד מסעודה. אני מבקש עמדה מוסרית, ורק פושע יתמוך בחוק כל כך גזעני, נגד ילדים, נגד משפחות. אני קורא לחברי הבית להתנגד לחוק ארור זה. תודה.",3
300596,"אדוני היושב-ראש, כנסת נכבדה, אני לא רק בן העם הערבי הפלסטיני, אני כל כך גאה בעם הזה; היום בבוקר ביקרתי ברמאללה. פה, במדינת ישראל, מתגאים – –

– – שבנו מדינה לפני המדינה. העם הפלסטיני לא רק בנה מדינה לפני המדינה, כולל כל מוסדות השלטון, כולל בתי-חולים, אוניברסיטאות – חברון היא המקום מספר אחת בעולם מבחינת האקדמאים – העם הפלסטיני בנה יותר ממדינה אחת: בנה חלקים מירדן, חלקים מלבנון, חלקים מכוויית, חלקים מקטאר. עם – מגיע לו כל טוב. אבל אני גאה בעיקר כי הוא מכאיב לכם, כי הוא נאבק נגד הכיבוש הארור הזה. ואני מתבונן בהצעת החוק הזאת, ואני רואה את הפניקה, את הפניקה של השלב האחרון בכל קולוניאליזם בעולם.

אני רואה את הפניקה של הצרפתים בסוף הכיבוש על אלג'יר – –

– – אני רואה את הפניקה של האמריקנים בשלב האחרון – –

פניקה. תמשיכו בפניקה שלכם.

תן לי, אדוני היושב-ראש, אני אמשיך, אני לא מקשיב להם.

אני לא מקשיב להם. יאללה, פניקה, פניקה. אני לא מקשיב להם.

עוד פניקה, עוד פניקה. עוד פניקה.

עוד פניקה, יא אחרון הקולוניאליסטים, יא אחרון הכובשים, עוד פניקה.

חברים, אני מבין שאין ביטחון עצמי. אני מבין שאין ביטחון עצמי.

אז למה אני מבין? כאשר ישראל נשארה לבד – – –

כאשר ישראל נשארה לבד עם מיקרונזיה, אז ישראל ומיקרונזיה לבד מול כל העולם. אז אני מבין את הפניקה.

כי יש לך את הדיקטטור ליברמן, רק שהוא יהיה מרוצה ממך.

חברים, נא להירגע. הפניקה מובנת.

אתם ומיקרונזיה לבד מול כל העולם. ומה ההחלטה האחרונה? לפני חצי שעה שר הביטחון המהולל ליברמן קיבל החלטה למנוע ממוחמד אל-מדני להגיע לתוך ישראל. למה אל-מדני מפחיד את ליברמן? פשוט מאוד, כי הוא איש שלום. פשוט מאוד, כי הוא רוצה פתרון – –

– – שתי מדינות, אז הוא כל כך מפחיד את אויבי השלום.

כאשר מהמקום הזה אני אומר לחברי האישי מוחמד אל-מדני: אני מברך את כל הפעילות שלך נגד הכיבוש הארור הזה.

אני רוצה לפנות עכשיו עוד פעם למחנה הציוני, ועוד פעם לדבר על משפטו המפורסם של מרטין לותר קינג, שהמקום החם ביותר בגיהינום שמור לאנשים שיושבים בצד במבחן המוסרי. אז עוד פעם אתם מצטרפים לימין, כי אתם חלק מהימין.

עכשיו, אני רוצה להגיד לכם – –

– – אני רוצה להגיד לכם – –

– – שהחוק הזה פוגע במדינת ישראל לא – – –

סליחה, ראית כמה הפריעו – – –

החוק הזה פוגע ישירות – – –

אז סליחה, החוק הזה פוגע ישירות במדינת ישראל הרשמית. למה?

כי היא מקיימת תיאום ביטחוני – – –

סליחה, אדוני היושב-ראש, תן לי לדבר בבקשה.

אז החוק הזה פוגע ישירות במדינת ישראל הרשמית.

החוק הזה פוגע בצורה ישירה בישראל הרשמית. למה? כי מדינת ישראל מקיימת תיאום ביטחוני עם אנשי אש""ף, מדינת ישראל מקיימת קשרים עם הרשות הפלסטינית ועם חברי אש""ף. ואש""ף, לפי ההגדרה הישראלית, הוא ארגון טרור, וחבריו הם חלק מארגון טרור. אז לפי החוק הזה – זה חלק מהפניקה של השלב האחרון של הקולוניאליזם.

הטרור האמיתי הוא הכיבוש שלכם – –

– – שהוא עוד, עוד יסתיים. תודה רבה.",1
301578,"אדוני היושב-ראש, חברי הכנסת וחברות הכנסת, אני שואל את עצמי, איך אפשר להסביר את חוסר הביטחון הנורא הזה שלכם? אתם בשלטון כבר כל כך הרבה שנים; שש שנים ברצף אותו ראש ממשלה; יש לכם קואליציה רחבה עם רוב ברור; מנהיגים את המדינה לפי ראות עיניכם; מחוקקים חוקים גזעניים, ואפילו הקומבינה על הגז מתקדמת. ועדיין, עדיין אתם מתנהגים כעכברים מפוחדים: מחוקקים עוד ועוד חוקים להגן על הזכויות של הרוב ולהשתיק את המיעוט; עסוקים מבוקר עד ערב ברדיפה מתמדת ואובססיבית של כל מי שלא מסכים אתכם; לא מסוגלים להתמודד עם שום אמירה ביקורתית. אולי אני צריך למצוא נחמה בכך שסימנתם לכם עוד כמה אויבים למעט הערבים הנוהרים וחברי הכנסת הערבים, שלפי התגובות שלכם ניתן להבין שאמירה אחת של אחד מאתנו ממש מסוגלת למוטט פה את השלטון. רשימת העמותות שביקשתם לסמן באות קין היא רשימה של כבוד; שורה של עמותות וארגונים אמיצים שנראה שרק הולכים ומתעצמים למול קמפיין הדה-לגיטימציה שלכם: ""סיכוי"", ""בצלם"", ""שוברים שתיקה"", מרכז הייעוץ הערבי לחינוך, האגודה לזכויות האזרח, ""עיר עמים"", ""יש דין"", האגודה לתרבות ערבית, ""קואליציית נשים לשלום"", ""גישה"", הטלוויזיה החברתית. שני סוגים של ארגונים בחרתם לרדוף: אלה שעובדים למען השוויון ואלה שנאבקים נגד הכיבוש. ובכך סימנתם בצורה ברורה מי הם אויביכם – השלום והשוויון. אני גם יודע ומבין שאתם מנסים להפחיד ולהעלים את הארגונים הבודדים שפועלים ונאבקים בזירה הציבורית עבור שוויון לציבור הערבי. כי המטרה שלכם היא לבודד אותנו, ואני יודע איזה עבודה נפלאה הארגונים האלה עושים וכמה הם מפריעים לכם. הרי העמותות האלה, שאתם עסוקים יומם וליל ברדיפתן תחת הכותרת השקרית והצבועה של שקיפות, סך תקציבן, של כולן ביחד, הוא בערך בגודל התקציב של עמותת מתנחלים אחת בשם אלע""ד. ובניגוד לארגונים האלה, שתורמיהם מפורסמים ככה, פשוט, באתר האינטרנט שלהם, באלע""ד הכסף מגיע ממקורות עלומי-שם באיי-סיישל, כמיטב מסורת השקיפות. והשקר הבא הוא, כמובן, מימון החוץ, שכל כך מדאיג את ראש הממשלה ואת שורת מממניו – שורה של מיליארדרים מפוקפקים מחו""ל שאפילו קנו לו עיתון. אבל היום, היום אתם בוחרים להוריד עוד חלק ממסכת הצביעות. לא כאן ולא בחו""ל אין אדם שמאמין בכנות שהחוק הזה עוסק בשקיפות. החוק הזה הוא עוד חלק מקמפיין של רדיפה פוליטית, אבל לפחות הפעם זה ברור. אדוני היושב-ראש, חברי וחברות הכנסת, אני גם שואל את עצמי כיצד זה ייתכן שאם חייל יורה בראש של אדם פצוע ששוכב על הרצפה, ללא יכולת לנוע או להגיב, אז הוא הבן של כולכם, בן שצריך לאהוב ולשמור; כל כך מסכן וחסר ישע שראש הממשלה מתקשר לחזק את הוריו. אבל אם החייל, הבן הזה, ילך בתום השירות ויספר את חוויותיו ככובש ויספר על המשמעות היומיומית של קיום משטר צבאי על אוכלוסייה אזרחית, אז הוא הופך לבוגד, שתול, גיס חמישי או בעצם יתום, כי הרי אז הוא כבר לא הבן של אף אחד. אתם לא סתם עוסקים באובססיביות בהסתה נגד ארגון ""שוברים שתיקה"", ולפי הטרנד האחרון – גם נגד בנות-זוגם. אני מבין ויודע ממה אתם מפחדים. אתם יודעים כמה עדין מסך הזכוכית שמונע מהציבור שלכם להבין את המחיר הנורא שגם הם משלמים בשביל להיות כובשים. אתם בונים חומות ומחוקקים חוקים שיקלו עליכם לעצום את העיניים. אבל כמו בכל מאבק, לאורכו ולרוחבו של העולם, של מיעוט ילידי שנאבק לצדק ולשוויון, אתם יודעים שיום אחד העיניים, שנפקחו כבר בכל העולם, ייפקחו גם כאן. אז אתם תצביעו היום ותעבירו עוד חוק אנטי-דמוקרטי; חוק שאין לו כמעט שום משמעות מעשית, מעבר לרצון לתייג ולייצר דה-לגיטימציה לאותם ארגוני זכויות אדם שכל כך מפחידים אתכם. אבל הפחד הזה שלכם יש בו גם תקווה – מחול הטירוף שלכם, שהולך ומקצין מיום ליום, יש בו כבר הניצוץ של היום שאחרי: היום שאחרי הכיבוש, היום שבו נחיה בחברה דמוקרטית ושוויונית, היום שבו נזכה לחיות בשלום. תודה.",1
301772,"אדוני היושב-ראש, חברי חברי הכנסת וחברות הכנסת, הצעת החוק שלי היא – – –

הצעת החוק שלי היא מאוד פשוטה, מאוד ברורה, מאוד צודקת. היא מדברת על ייצוג הולם של האוכלוסייה הערבית במוסדות התכנון. דיברתי עם יושב-ראש הקואליציה וסיכמתי אתו שאני אנמק אבל ההצבעה תהיה במועד אחר, כי יש סיכוי שהממשלה אכן תקבל את ההצעה שלי, שאומרת שמגיע לערבים 20% מהייצוג במוסדות התכנון. כולנו מבינים שתרומה של כל חלקי החברה היא תרומה לחברה כולה, זה דבר שרק מוסיף ורק מעשיר, ואי-אפשר להפריז בחשיבות דבר כזה. ייצוג הולם של המיעוט בגוף מקבל החלטות שמקנה למיעוט עמדת השפעה נאותה הוא ייצוג המבטא בקרב כלל חברי הגוף את משקלו היחסי של המיעוט באוכלוסייה. תרשו לי, אני רוצה לעבור לנושא אחר שדובר עליו אתמול. אתמול התקבלה החלטה הזויה להעניש אנשים שקוראים לסרבנות של נוצרים שהממסד מנסה לקדם את שירותם בצבא. ואני, תמוה בעיני איך זה יכול להיות שקריאה לסרבנות בכלל היא כן חוקית, אבל קריאה לסרבנות של חלקים מאוכלוסייה היא עבירה פלילית. למשל, לפני שבוע הפגנו אני וחברתי עאידה תומא מול כלא 6 וקראנו לסרבנות, ואנחנו גאים בעמדה המוסרית שלנו, ואף אחד לא קורא להעניש אותנו.

אז לקרוא לסרבנות בכלל או לסרבנות של יהודים זה דבר חוקי, אבל לקרוא לסרבנות של נוצרים שלא חל עליהם חוק – זו עבירה פלילית. לכן, התפיסה הזו נוגדת את עקרון השוויון והיא מהסוג החשוך ביותר של המקארתיזם הפוליטי. אנחנו הפגנו ותמכו בתאיר קמינר, שאנחנו כל כך גאים בעמדה המוסרית שלה – –

– – והיא עוד תאיר על החברה כולה כאשר כולנו נגיע לשלום-אמת בין העם הפלסטיני לבין העם היהודי, בין שתי המדינות העצמאיות, פלסטין וישראל. אבל אני חושב על התפיסה הזו של הפרד ומשול – איך מנסים לרוקן מתוכן קבוצות לאומיות או קבוצות תרבות. התחילו עם המזרחים, ניסו לרוקן אותם מהתרבות שלהם דרך בניית אומה, דרך שלילת הגלות, דרך שיהיה רק סיפור ונרטיב אחד ויחיד. ואני גאה שהמזרחים חוזרים לתרבות העשירה שלהם, שהיא בעצם התרבות שלנו, אנחנו, הערבים. ניסו גם עם הדרוזים, ואני גאה לראות איך חלקים גדולים מהערבים הדרוזים דווקא מחזקים את השייכות הלאומית והתרבות שלהם. ועכשיו מתחילים עם הנוצרים. עם הנוצרים זה יהיה אבסורדי, כי כולם יודעים שהנוצרים כחלק מהאומה הערבית היו חלוצי התרבות, חלוצי הציוויליזציה, חלוצי השפה, ניצני הרנסנס הערבי בסוף המאה ה-19, השמות הגדולים מכול: בוטרוס אל-בוסתאני, אברהים אל-יאזג'י, אסחאק אל-יאזג'י, נג'יב עזורי, אדיב אסחאק – אז איך אפשר? היו יותר חזקים מכם. היו הצלבנים, במשך 200 שנה ניסו וניסו, ואז היה ריצ'רד לב הארי. בוודאי לא ביבי – – –

אז אני אשיב על השאלה הזאת, בבקשה. אז היו אנשים יותר חזקים: ריצ'ארד לב הארי – בוודאי לא ביבי עם לב הצבוע – הוא נכשל. ביבי וגם אתם תיכשלו. ואני אסביר לך מה המטרה. המטרה היא יותר עמוקה: יש מטרה לקחת את הסכסוך ממקום פוליטי למקום דתי. מה זאת אומרת ממקום פוליטי למקום דתי? תסתכלו על ירושלים, למשל. בירושלים, כאשר מדברים פוליטיקה, אז זה ברור: יש גבולות 67', וצריך לחלק את ירושלים. בעמדה הזאת מצדד כל העולם. זו עמדה לא נוחה לממשלה הזאת, לכן רוצים עמדה אחרת – העמדה הדתית. אומרים: היו פה אברהם אבינו, יעקב, יצחק, השבטים, ירמיהו, ישעיהו. אז הכי קל להעביר את הסכסוך ממקום פוליטי למקום דתי, כי זו עמדה יותר נוחה. אבל האמת שלא רק זה. נתניהו לא רוצה לפתור את הסכסוך, הוא רוצה לנהל את הסכסוך. הוא מבין – כאשר הסכסוך הוא סכסוך דתי אז אי-אפשר לפתור את הסכסוך, אז צריך להעביר את הסכסוך ממקום פוליטי למקום דתי. וזה משתלב יפה עם מה שקורה בעולם – ""התנגשות הציוויליזציות"", סמואל הנטינגטון – העולם מול המוסלמים. אז זה משתלב יפה. וגם עכשיו, מה קורה בעולם הערבי? מלחמת אחים עקובה מדם גם היא נתפסת כמלחמה בין עדות, למרות שכולם יודעים שזה לא נכון כלל וכלל, שיש אויבים של הערבים כולם ושל האנושות כולה, כמו ""דאעש"" למשל, שרוצחת גם במוסלמים, גם בנוצרים – בכולם. אבל זה הכי נוח להעביר עכשיו את הסכסוך ממקום פוליטי למקום דתי ולהשתלב יפה עם התפיסה ה""דאעשיסטית"" באזור. איך עושים את זה? בין היתר, בניסיון כל כך עלוב, כל כך מאוס וכל כך כושל להוציא את הנוצרים מהמעגל הפוליטי והתרבותי, ניסיון שבוודאי ייכשל. אבל אני רוצה לשאול: האם יש בכוונת מישהו להפוך את המדינה למדינת כל אזרחיה, למשל, שכולם ירגישו שייכים, או שעוד קבוצה תרגיש שהיא ערבית בזכויות אבל יהודית בחובות? במדינת ישראל היהודית והדמוגרפית, הכל-כך דמוגרפית, קוראים כל קבוצה וקבוצה – איך להוציא אותה ואיך לעשות הפרד ומשול. ואני רוצה לשאול: אנחנו נאבקנו כל כך קשה למען זכויות בתי-הספר שאפשר לקרוא להם פרטיים, אפשר כנסייתיים, במקור, וגם נוצריים, במקור, בוודאי; אז אנחנו נאבקנו, הם שבתו, ואנחנו מנסים לחלץ חלק קטן מהזכויות, ומקבלים הבטחה על-גבי הבטחה. בסוף אנחנו קיבלנו החלטה להעביר 50 מיליון שקלים בשבוע הבא, ואנחנו ניאבק למען זה. וזה ממש שמץ מהזכויות של בתי-הספר הללו, שכל כך נתנו לכולנו: גם אדמה, גם בניינים, גם תשלומים מההורים. הם מהווים 4% מבתי-הספר הערביים בכלל, אבל משם יוצאים 30% מהסטודנטים באוניברסיטאות, 80% מהערבים בהיי-טק. ונושא אחר – כנסיית הלחם והדגים, למשל. אנחנו נאבקים. אדוני סגן שר האוצר יצחק כהן, ישבתי אתך פעמיים על כנסיית הלחם והדגים, ואתה הבטחת לי שיועברו משהו כמו מיליון שקלים מהתחלה. זה חלק קטן מהזכות. אז אנחנו רואים את האפליה גם ברוחב, גם בעומק – בכל התחומים, ועוד באים בדבר שגם הוא לא שוויוני.

כי אם בכלל – מה זאת אומרת שכן אפשר לקרוא לסרבנות בכלל, אבל לסרבנות של נוצרים אי-אפשר לקרוא וזאת עבירה פלילית? לכן, זאת הצעת חוק תמוהה, הצעת חוק אפילו לא שפויה, ואנחנו בוודאי נתנגד לה. תודה רבה.",1
301968,"כבוד היושב-ראש, כבוד ראש הממשלה, בהתחלה אני רוצה להודות לך, כבוד היושב-ראש, על החידוש הפרלמנטרי החשוב הזה, של לשאול את כבוד ראש הממשלה. אדוני ראש הממשלה, אתה מכהן בתפקידך כבר שבע שנים ברציפות. בתקופה הזאת המדינה הרסה את הכפר אל-עראקיב 100 פעמים. האם שמעת על הכפר הזה, כפר אל-עראקיב, בכלל? ושאלתי אליך – הכפר הזה, כמו כל הכפרים הלא-מוכרים בנגב, נכון שאין להם טאבו, אבל האדמה בבעלותם מלפני שנת 1948, מסיבה כל כך אובייקטיבית, שהמנדט הבריטי התחיל לחלק את הארץ לגוש וחלקה משנת 1932, ועצר בשנת 1939, עם תחילת מלחמת העולם השנייה. כשקמה מדינת ישראל, הנגב לא היה מחולק לפי גוש וחלקה, אז לא היה טאבו לאנשים, אבל האנשים היו שם, ויש הסכמים ביניהם, בין היתר בכפר אל-עראקיב. אני חושב שכבודו צריך לחשוב – אם 100 פעמים הרסנו את הכפר, ואנשים אחזו באדמה ובנו את הכפר שוב ושוב, 100 פעמים, אולי צריך לחשוב בכיוון אחר? אני רק רוצה לספר לך, אדוני, שהיום המשטרה פלשה אל הכפר הזה ועצרה שני ילדים בגיל 12 שנה. מעשה איום ונורא. אני בטוח שאנשים הגונים צריכים לחשוב בכיוון אחר לגמרי – להכיר בכפר הזה. תודה.",1
302798,"אדוני היושב-ראש, חברי חברי הכנסת וחברות הכנסת, גברתי שרת המשפטים איילת שקד, חשוב לי שתשמעי אותי, בבקשה. טוב, יש שתי גישות: יש גישה אזרחית דמוקרטית ויש גישה לעומתית, גזענית, לא מחפשת הסכמה, פשרה, לא מנסה להבין בשום פנים ואופן, וזוהי הגישה של הממשלה. גברתי שרת המשפטים, חשוב לי שתשמעי מה אנחנו מציעים. גברתי, ישנם 50,000 בתים לא מורשים בקרב האוכלוסייה הערבית. אנחנו מציעים כך – המדינה הורסת בית כל שלושה חודשים בערך, ואנחנו בונים 30 בתים לא מורשים כל חודש בערך. אם נמשיך כך, אפילו אם תהרסו 30 בתים, 40 בתים, 50, 60, 70 בתים – המצב יישאר על כנו. כך לא פותרים בעיה. אז מה אני מציע לך? מה הצענו לשרים? מה הצענו לראש הממשלה? שהמדינה תחליט על הקפאת הריסה במשך שנתיים, ואנחנו נקיים כינוסים בכל היישובים הערביים, אנחנו יחד עם ראשי מועצות מקומיות נבקש מהם לא לבנות ללא רישיון במשך שנתיים. אני חושב שהגישה הזו היא גישה של win-win situation, היא גישה טובה לכולם. ותוך השנתיים הללו מקדמים תוכניות מתאר ולגליזציה לכל הבתים הלא-מורשים, כי כולם מבינים מאיפה הבעיה: הבעיה היא שהמדינה בנתה 700 יישובים חדשים משנת 1948 עד עכשיו, כולם ליהודים, ואפס לערבים; המדינה הפקיעה את האדמות שלנו, במיוחד בשנות ה-50 וה-60, ולא אישרה תוכניות מתאר במשך 20 שנה. היה פה שר פנים, אלי ישי, שאמר: אני מטעמים אידיאולוגיים לא מאשר תוכניות מתאר ליישובים ערביים. אז נוצרה בעיה אובייקטיבית. לא עבירה כתוצאה מעבריינות, אלא פשוט מאוד אנשים מחפשים קורת גג.

אבל הממשלה הולכת בגישה לעומתית, בגישת אנטי, שלא תיטיב עם אף אחד. אני מסכם, אדוני היושב-ראש. חברי חברי הכנסת מהרשימה המשותפת, אנחנו צריכים ללמוד ברצינות, לבקש מאנשים שיעשו מרי אזרחי, כלומר לא ישלמו את הקנסות, ואנחנו נהיה מוכנים לשלם את המחיר. כן, לא לשלם את הקנסות, אפילו שייכנסו לבתי-סוהר. זו הזמרת פיירוז שאמרה – –

– – (אומר בערבית ומתרגם:) אין בתי-סוהר שיכולים לכלול את כל האנשים. כנראה אנחנו צריכים להתמודד בצורה הזאת. תודה רבה.",1
303049,"תודה רבה. גברתי היושבת-ראש, אדוני שר הדתות, חברי חברי הכנסת וחברות הכנסת, הכנסת עלולה להחליט היום על תקציב דו-שנתי. הכנסת עלולה לפגוע בעצמה, כי הפרלמנט בכל מקום אמור לבקר, לתת את הדעת, ופה מצמצמים את הסמכות שלו ואת הזכות שלו לבקר ומעבירים את זה משנה אחת לשנתיים. הגישה הזאת פוגעת בשקיפות. לפני יומיים שר האוצר בעצמו אמר על הממשלה שאם היא לא תצא לפגרה, היא צריכה אשפוז. הממשלה צריכה אשפוז אם היא לא תצא לפגרה בעוד יומיים. אז איך אפשר ששר האוצר בעצמו מקדם תקציב דו-שנתי?

אני רוצה לדבר על תוכנית החומש עבור האוכלוסייה הערבית, ולהביע את דעתי, וגם את החששות שלי. דובר על תוכנית של 9.7 מיליארד, חוץ מהחינוך, וההערה הראשונה שלי היא שבשביל לסגור את האי-שוויון החומרי אנחנו זקוקים ל-64 מיליארד שקלים, שלא לדבר על הזכויות הלאומיות ועל האדמות שנגנבו ועל כל הזכויות של האוכלוסייה, שהיא גם אוכלוסייה ילידית וגם קבוצה לאומית, ומגיעות לה גם זכויות לאומיות וגם היסטוריות, לצד האזרחיות והכלכליות. הגישה של התוכנית הזאת היא גישה ליברלית, היא לא גישה חברתית והיא לא גישה אזרחית, כלומר אתה לא תשמע מילה על צדק, שוויון או ערכים; אתה גם לא תמצא תפיסה חברתית, שמדברת על זכויות רווחה, למשל – על קשישים, כפי שדיבר לפני חבר הכנסת נחמן שי; ואתה גם לא תשמע על זכויות בתחום הבריאות, חבר הכנסת עבדאללה אבו מערוף, כי הגישה היא לא גישה חברתית, ולא גישה אזרחית, אלא גישה ליברלית, שמדברת על כסף טוב. מה זה כסף טוב עבור האוצר? זה כסף שאמור לחזור בצורה ישירה לאוצר. כלומר תעסוקה, למשל. תעסוקת נשים ערביות, למשל. ואני עוד אדבר על הסוגיה הזאת. לפעמים יש סתירה בין האינטרס של השוק לבין מדיניות גזענית או מה שנקרא ביטחונית. למשל, בתקופת הממשל הצבאי, אחרי מאבק עיקש של האוכלוסייה הערבית, היו כמה קבלנים בתל-אביב שרצו עבודה זולה, של ערבים, אז התחילו ללחוץ על הממשלה: תוותרו על ההיתרים של הממשל הצבאי, אנחנו רוצים עובדים ערבים, זולים, בתל-אביב, שיבנו את ""מגדל שלום"", למשל, שיבנו בניינים גבוהים בתל-אביב ובסביבה, במרכז הארץ, בגוש-דן. אז בין המאבק הזה לבין המדיניות הגזענית, מי מנצח בסוף? זו שאלה שנדרשו אליה הפילוסופים בעבר. עכשיו מבקשים עובדים פלסטינים. שר האוצר הבטיח דיור, רוצים עובדים פלסטינים. במקביל, ראש הממשלה, מסיבות ביטחוניות, לא רוצה. אז מי ינצח בסוף? התשובה היא לא מתמטית; זה לא אחת פלוס אחת שווה שתיים. בדרך כלל מי שמנצח זה האינטרס של השוק, אבל בדרך מפותלת, בגלל הלחץ הגזעני הרובץ. זה לא משתחרר בצורה טבעית למען כולנו, אבל זה מתחיל בצורה מפותלת לנצח. אז האוצר הביא את התוכנית, הממשלה אמרה: מה פתאום, ישיבת הממשלה התפוצצה ארבע פעמים, ובסוף קיבלו, עם התניות שפוגעות בתוכנית הזאת. אחרי שישה חודשים של מאבק נגד ההתניות, כמה התניות הוסרו, ונשארה התניה כל כך חשובה ופוגענית בתוכנית עצמה, שהיא התכנון והבנייה – הריסת בתים. אז מי הם אויבי התוכנית? האויבים העיקריים של התוכנית הם שרים שלא ייתנו לתוכנית הזאת להתממש. עכשיו, אני רוצה לסכם בצורה הזאת, ואגיד – וחברי באסל גטאס, אתה מבין בכלכלה – חבר הכנסת באסל גטאס, אני חושב כך: לא צריך לומר שהמבחן הוא ביישום, לא צריך להגיד את זה. צריך לומר שחודש אוגוסט הזה הוא המבחן העיקרי. למה? כי אנחנו ניגשים לתקציב דו-שנתי. עכשיו, בחודש אוגוסט, אמורים לחתום על הסכמים והתחייבויות תקציביות בין האוצר לבין משרדי הממשלה, ואם התוכנית שלנו, לשנתיים, כלומר 40% מהזמן של החומש, אם זה יהיה בפנים – יש סיכוי לממש את התוכנית או חלקים ממנה. אם בחודש הזה – לא צריך יותר מהחודש הזה – התוכנית הכלכלית לא תהיה חלק מההסכמים בין האוצר לבין משרדי הממשלה, צריך להגיד שתוכנית כלכלית – יוק. אנחנו נמצאים בחודש המכריע ביותר, וזהו המבחן העיקרי. לפני שבוע ראש הממשלה פנה אלינו, הציבור הערבי, פנייה נרגשת. הוא כמעט התנצל על אמירתו ביום הבחירות, וקרא לנו, הערבים, להשתלב במדינה. אך רק אתמול ערכה חברתי חברת הכנסת עאידה תומא סלימאן דיון מאוד רלוונטי לנושא ההשתלבות, על תעסוקת אקדמאיות ערביות, בוועדה למעמד האישה. לדיון הגיעו עשרות אקדמאיות ערביות אשר אינן מוצאות עבודה, יחד עם נציגות רחבה של החברה האזרחית, חברי הכנסת מהרשימה המשותפת ומרצ, וגם מהמחנה הציוני. אך מי לא הגיע? אף חבר כנסת אחד מהקואליציה או נציג מהממשלה. ואני שואל אתכם: האם לא ברור שהאינטרס של כולם הוא שנשים ערביות בכלל ואקדמאיות בפרט יעבדו ויתפרנסו? האם העובדה שיותר מ-12,000 אקדמאיות ערביות מובטלות אינה מטרידה אתכם? האם גם נושא זה מפחיד ומרתיע אתכם, חברי הקואליציה? הממשלה הזאת ממשיכה לעסוק רק בפירוד ובשנאה, במקום לחפש את טובת הכלל, ושום סרטון באנגלית מצוחצחת לא יכסה על זה. אני רוצה לומר לכם כך: יש נתונים שעוד יהיו נתונים מכוננים – מכוננים – ואני מגלה אותם בפעם הראשונה בכנסת. מי שערכה את הדוח הזה היא מיכל בליקוף מעמותת ""אינג'אז"". היא כותבת כך: 1. ערך המסים הישירים שמשלמת האוכלוסייה הערבית, כלומר מס הכנסה, ביטוח לאומי ומס בריאות ששילמו משקי בית ערביים, הוא 12.7% מההכנסה ברוטו למשק בית, לעומת 18% בקרב משקי בית יהודיים; 2. ערך המס העקיף, האגרות והארנונה ששילמו משקי בית ערביים הוא 24.8% מההכנסה נטו למשק בית, לעומת 15.5% בקרב משקי בית יהודיים. כמה אנחנו מקבלים ביטוח לאומי? אנחנו מקבלים 13.6% מסך כל תשלומי ההעברה מביטוח לאומי. זה עכשיו כל כך ברור, ואנחנו עוד נחדד את הנתונים הללו. אנחנו היום – אני לא מדבר על ההיסטוריה, לא על הפקעת אדמות. אני מדבר על יום-יום, על שנת 2016 – האוכלוסייה הערבית משלמת מסים יותר מאשר היא מקבלת מהמדינה, וזה ברור, חד וחלק, שחור על גבי לבן. אני רוצה לסיים במשהו שקרה היום: אנואר בורקאן, ילדה פלסטינית בת שמונה מחברון, שיחקה באופניים הקטנים שלה, עד שחייל מהצבא ניגש לילדה ולקח את האופניים ממנה, וזרק אותם לשיחים. לאנואר הקטנה לא נותר אלא למרר בבכי ולהתחנן שלא ייקחו ממנה את הצעצוע. את האירוע תיעד פעיל של ""בצלם"". אך אל תטעו, זהו לא מקרה חריג; זוהי המציאות המכוערת של כיבוש כוחני של עם. עד מתי ימשיך ראש הממשלה בישראל לשקר לציבור ולהראות שהכול בסדר, להתעלם מקיומו של עם אחר שפשוט מסרב לכיבוש ולשעבוד זר עליו?

לפני שבוע ימים שוחררה סרבנית הגיוס תאיר קמינר; משמעות השם אנואר בערבית היא אורות. תאיר ואנואר הן אלו שבסופו של יום עוד יאירו לנו את הדרך – –

– – שבה נחווה ונחיה במציאות חדשה – –

משפט סיכום, בבקשה. – – ובה גם הילדים בפלסטין העצמאית ישחקו בהנאה ובשמחת חיים בבתים וגם ברחובות. תודה.",1
303271,"אדוני היושב-ראש, אדוני השר, חברי חברי הכנסת וחברות הכנסת, אני רוצה לחשוף פה נתונים כל כך חשובים, שעוד ישפיעו על התודעה הציבורית בקשר לתשלומי המסים בקרב האוכלוסייה הערבית. אני רוצה להתייחס לנקודה הזאת בעקבות קבלת המספרים של התוכנית הכלכלית עבור האוכלוסייה הערבית. פניתי לעמותת ""אינג'אז"", והמנכ""לית שלה, ג'ידא רינאוי, ביקשה מהחוקרת מיכל בליקוף להכין לי דוח, כמה הערבים משלמים מסים מדי שנה. אסבר את אוזניכם בכמה נתונים, ואחרי זה אגיד את המספר המדויק של תשלומי המסים בקרב האוכלוסייה הערבית. הערבים משלמים כך: מסך המסים העקיפים שילמו משקי בית ערביים כ-12.8%; 11.5% מסך המע""מ; 27.5% מסך המס על טבק ומוצריו; 11.2% מסך הבלו על הדלק; 10.7% מתשלומי האגרות. ומה עוד? ערך המס העקיף – האגרות והארנונה – ששילמו משקי בית ערבים מהווה 24.8% מההכנסה נטו למשק בית, לעומת 15.5% בקרב משקי בית יהודיים. עכשיו, כמה כל האזרחים שילמו מסים? שילמו 320.995 מיליארד שקלים. זה כל משקי הבית בישראל. כמה הערבים שילמו מהם? משקי הבית הערביים שילמו 8.8%, כלומר משקי הבית הערבים משלמים מדי שנה מסים למדינה – 36.476 מיליארד שקלים. אדוני שר האוצר לשעבר יאיר לפיד, אדוני שר האוצר לשעבר, בשנת 2013, כאשר היית שר האוצר, הערבים שילמו 36.476 מיליארד שקלים. כלומר, כאשר אנחנו מדברים על תוכנית כלכלית של 9.7 מיליארד חוץ מהחינוך, זה חלק קטן ממה שמשלמים הערבים מדי שנה, ופה עוד מדובר בתוכנית חומש. כלומר, התוכנית – אין בה כהוא-זה חסד עבור האוכלוסייה הערבית. זה חלק קטן מהמסים שמשלמים האוכלוסייה הערבית. כבר אמרנו שנאבקנו למען התוכנית הכלכלית. ישבנו מאה פעמים מול האוצר, ועוד נשב. אבל מהו המשפט החשוב מבחינתי? תקן אותי שר האוצר לשעבר. מדובר בתוכנית דו- שנתית, כלומר, השנתיים הבאות הן החשובות ביותר, כי הן מהוות 40% מתכנית החומש. ועוד יותר מזה – אפשר לדעת מה יקרה עכשיו; אי-אפשר לדעת בוודאות מה יקרה בעוד שלוש שנים, בעוד ארבע שנים ובעוד חמש שנים. לכן, חודש אוגוסט הזה, החודש שבו חותמים על התחייבויות כספיות בין האוצר לבין משרדי הממשלה השונים, זהו החודש החשוב ביותר עבור התוכנית הכלכלית. כלומר, בסוף החודש הזה, אם התוכנית הכלכלית תיכנס לבסיס התקציב, אז יש סיכוי טוב שהתוכנית תעבור; אם בסוף החודש הזה אנחנו נוודא שהיא לא נכנסה לבסיס התקציב, אז תוכנית כלכלית – יוק.

לכן, המבחן של התוכנית הכלכלית הוא לא בעוד חצי שנה, כאשר אנחנו מדברים על היישום – – –

אדוני שר האוצר, יש לנו עוד שלושה שבועות לוודא שהתוכנית הזאת נכנסה לבסיס התקציב, ואנחנו כולנו נהיה עוד יותר חכמים. אנחנו לא נשב בצד ונחכה עד ליישום, אנחנו נשב מדי יום בחודש הזה מול האוצר בשביל לוודא שהתוכנית וההתחייבויות הכספיות אכן ייכנסו לבסיס התקציב, וזהו תפקידנו. תודה רבה.",1
303306,"אדוני היושב-ראש, גברתי השרה, חברי חברי הכנסת וחברות הכנסת, היום בבוקר קיבלנו את הבשורה הרעה על הריגתם של שלושה אנשים בתאונת דרכים קשה ליד פוריידיס, ועל עוד עובד בצ'ק-פוסט, עובד בניין. שמות הנהרגים בתאונת הדרכים הם אולגה נסאר אשקר, אנג'ליק נסאר נעים, קלואי סעיד נעים, והבחור שנהרג בתאונת דרכים בצ'ק-פוסט הוא חאלד סובחי עבד מנצרת. הלב דואב. ואני מהבוקר בקשר עם ד""ר חן קוגל, שהוא מנהל המכון לרפואה משפטית אבו-כביר, והוא מסביר לי ש-50% מהגופות שמגיעות אליו הן גופות של ערבים. 50%, וזה שנים.

גם תאונות דרכים, גם תאונות עבודה וגם פשע. אני חושב שצריך להיאבק נגד תופעה לא אנושית זו בשני מישורים: גם מטעם הממשלה, גברתי השרה, כי הממשלה, יש לה יכולת כל כך גדולה – יש לה את התקציבים, את החינוך, את התרבות, את שעות הפנאי וכו' וכו' – וגם אנחנו צריכים לבקר את עצמנו ביקורת עצמית קשה ולחנך את הציבור שלנו. זה חייב להיות מאבק משותף גם של הממשלה וגם של הנהגת הציבור הערבי. אני חושב שבתחילת המושב הבא אנחנו צריכים לשנס מותניים בשביל למגר תופעה כל כך קשה זו, כל כך פוגענית. תרשו לי לנחם את המשפחות בשפה הערבית, ברשותכם: (אומר דברים בשפה הערבית, להלן תרגומם: ברצוננו לפנות אל משפחת אשקר ואל משפחת נעים ביפו ואל משפחת עאבד מהשכונה המזרחית בנצרת ולומר להן: אלוהים ירחם עליהם. תנחומינו לכם, ומי ייתן ולא תוסיפו דאבה עוד. בשמי ובשם הרשימה המשותפת.) תודה רבה לכם.",1
303536,"אדוני היושב-ראש, חברי חברי הכנסת וחברות הכנסת, ניצולי השואה הנמצאים באולם, אני ערבי. אני בדרך כלל לא מצביע על הזהות הלאומית בכל רגע, אבל דווקא מהמקום הזה חשוב לי לומר לכם שהייתי אחד היוזמים, כי אתם התמודדתם מול הדבר הקשה ביותר שידעה האנושות אי-פעם, דבר שאין לו אח ורע בכל ההיסטוריה. לכן אני רוצה להגיד לכם: מברוכ – לא על הכסף בעיקר, אלא על הגישה עצמה, שמגיע לכם כל הוקרה וכל טוב. אני אולי אף פעם לא אמרתי מילה טובה על אחד מהממשלה, אז זה הזמן להגיד לשר האוצר כחלון, לסגן שר האוצר, להגיד להם שאנחנו מעריכים – חברי דב חנין, צדק צדק תרדוף; בן-אדם שבכל מצב, בכל מקום, אני לומד ממך. טלי וכל היוזמים, תודה רבה לכם. תודה.",1
303569,"מכובדי היושב-ראש, אדוני השר, חברי חברי הכנסת וחברות הכנסת, בשבוע שעבר חבר הכנסת סמוטריץ, עם חיוך גזעני ומכוער, אמר לנו: תראה לי ערבי אחד שעבר בפסיכומטרי. נניח לזה שאולי אתה לא יודע שבפסיכומטרי אין ציון ""עבר""; אבל מה שאתה יודע ורואה היטב זה המספר ההולך וגדל של הסטודנטיות הערביות והסטודנטים הערבים באקדמיה, ואתה משקשק מפחד. הם מצליחות ומצליחים למרות כל המכשולים שהמדינה שמה להם. גישתך דומה באופן מזעזע לנומרוס קלאוזוס בימים האפלים של אירופה, כשהגבילו את מספר הסטודנטים היהודים. אני רוצה לפנות ישירות אל כל הסטודנטיות הערביות והסטודנטים הערבים: המשיכו בדרככם. הראו לכל השונאים את תרבותנו היפה. מחקו לגזענים את החיוך המכוער מהפנים, כי אני בטוח שאמירות אלה רק מדרבנות אתכם להגיע ולכבוש פסגות חדשות גבוהות יותר ויותר. (אומר דברים בשפה הערבית). תודה.",1
303779,"גברתי היושבת-ראש, חברי חברי הכנסת וחברות הכנסת, הקשבתי היטב לדבריו של שר האוצר משה כחלון, הייתי מרוכז, מפוקס, וראיתי דברים חיוביים, אני חייב לומר. אני רוצה להתחיל ממקום שהוא חיובי. התוכנית הכלכלית עבור האוכלוסייה הערבית, 922: אני שמח שבשבוע שעבר כבר הוחלט בוועדת הכספים להעביר 750 מיליון שקלים – זה דבר טוב – אף שהם לא היו בבסיס התקציב. הבטיחו לנו שזה אכן יועבר במשך השנה, וזה הועבר. היום גם ישבתי עם שר השיכון גלנט ודיברנו על כל מיני הסכמים בקשר לוותמ""לים, כל מיני, בנייה פה, בנייה שם. למרות כל ההערות, ויהיו לנו הערות, אבל זה גם משהו, בגדול בכיוון החיובי. ואפשר גם לבקר, כי אנחנו יודעים שבשביל להגיע לשוויון מלא ברמה האזרחית צריך 64 מיליארד שקלים, וחוץ מזה, כל התוכנית בנויה ברמה הליברלית, כלומר, מה שנקרא אצל האוצר ""כסף טוב"", כסף שאתה משקיע והוא חוזר אליך דרך מסים וכל מיני דרכים אחרות. מה שחסר בתוכנית הזאת זה הפן החברתי, כלומר הרווחה, הגמלאים, המוחלשים ביותר. מכיוון שזה נתפס כסף ""לא טוב"", לא נגעו בו. מבחינתנו זה הכסף הסוציאלי הכי טוב והכי מוסרי בכל חברה, וזה מה שחסר בתוכנית הזאת. השר גם אמר כמה דברים טובים, ואני לא מקל ראש אפילו כאשר הוא מדבר על חיסכון לילדים שכשהם יגיעו לגיל 18 הם יקבלו 20,000 שקלים. אני חושב שגם זה דבר מבורך. גם כאשר מדברים על ניצולי השואה, אנחנו פה אתמול העברנו הצעת חוק מאוד חשובה, מאוד מוסרית, למען ניצולי השואה, אפילו כאשר הוא מדבר על מדינות ערב, כמו ה""פרהוד"" בעיראק בשנת 1941, כמו המקרה בלוב, כמו פה, כמו שם – להיות בן-אדם בכל מקום. ואלה הן החלטות חשובות. אבל סליחה, על מה אנחנו מדברים? כל מה שהזכרתי, כמה זה, 70 מיליון שקלים הכול ביחד? איפה 360 מיליון השקלים? איפה הכסף של התקציב? איפה 200 מיליארד השקלים בתקציב? למה? כי אף אחד פה, אבל אף אחד, לא מהקואליציה, לא מהאופוזיציה, דיבר על המשרד הגדול ביותר, והוא משרד הביטחון. מה הבעיה פה? הבעיה שיש מדיניות. זה לא כחלון לבדו, זה ראש הממשלה, זו הממשלה הימנית ביותר, ממשלה של מתנחלים. אז לוקחים את הכסף שלנו, אנחנו האזרחים, ומעבירים אותו למה שנקרא ביטחון, התנחלויות והעמקת הכיבוש – על חשבון השכבות המוחלשות. מי מאתנו לא רוצה ביטחון? אנחנו רוצים ביטחון אמיתי, אבל אנחנו יודעים מהי הדרך הקרדינלית לביטחון, והיא דרך השלום. לכן, במקום לתפוס דברים קטנים פה ושם – לראות לאיפה העיקר מגיע, לאן הוא מגיע, המשרד השני בגודלו זה משרד החינוך. לא שמעתי כלום על משרד החינוך, דיפרנציאלי ולא דיפרנציאלי. גם בתוכנית הכלכלית לאוכלוסייה הערבית דיברו, על הנייר, על 9.7 מיליארד, חוץ מהחינוך. טוב, אדוני, מה עם החינוך? אנחנו רוצים לראות, אנחנו רוצים לקרוא. ועוד משהו, הכפרים הבלתי-מוכרים בנגב. מה זאת חברה מוחלשת אם לא החברה הזאת? גברתי היושבת-ראש, במדינת ישראל במאה ה-21 יש 130,000 אנשים ללא מים, ללא חשמל, כל הזמן; ילדים קטנים, בגיל חמש, שש, שבע, שמונה. גברתי השרה גילה גמליאל, מדובר על התקציב, יש כפרים בלתי מוכרים, ילדים בגיל 11-10 הולכים 20 קילומטרים כל יום ברגל כדי להגיע לבית-הספר. מדברים על שקופים? אלה הם השקופים, השקופים ביותר. למה לא מדברים עליהם? מפני שהם ערבים. זוהי הגזענות. זה לא מוסרי לתמוך בהצעת חוק של תקציב כזה. תודה.",1
303859,"אדוני היושב-ראש, אדוני השר, חברי חברי הכנסת וחברות הכנסת, תשעה ילדים, קטינים, נתינים חסרי זכויות החיים תחת כיבוש ושלטון צבאי, נמצאים עכשיו במעצר מינהלי. אני מדבר על תשעה קטינים. תשעה ילדים מפוחדים בכלא, עכשיו. בלי הורים, בלי משפחה, בלי חברים, בלי בית-ספר. הם לא יודעים במה הם מואשמים. הם לא יודעים במה הם מואשמים, והם לא יודעים מתי יחזרו הביתה. אלה רק חלק מהפנים האכזריות של תקנות שעת-החירום, שגם היום, כמו בכל שנה, הכנסת תאשר כמו חותמת גומי. מה הסיפור? הממשלה רוצה להפחיד את האזרחים כל הזמן. הממשלה רוצה לגייס את האזרחים כל הזמן. ואני שואל: איפה אנחנו רוצים לחיות? במדינה נורמלית או במבצר צלבני? במצב טבעי, במצב של שלום עם שכנים ונורמליזציה, או במצב של כיבוש ופחד? ואני מנסה להתבונן בפסיכולוגיה הזו. אני מרגיש שיש פה חזקים, אבל מפוחדים. מרגישים מאוימים. יש מי שמזין את זה. יש רוב במנטליות של מיעוט. פעם נכנסתי לגוגל וכתבתי ""זכויות לאומיות לרוב""; לא למיעוט. אז גוגל התחרפן קצת, אחרי זה התעלף, אחרי זה התעשת ונתן את האייטם הראשון: זכויות קיבוציות לרוב ולא למיעוט – כי אין דבר כזה. כי הרוב מקבל את הזכויות הקולקטיביות ביום המכונן, בשנה המכוננת, שנת העצמאות, מגילת העצמאות. אחרי זה, זכויות קולקטיביות זה למיעוט, זה לא לרוב, אבל פה הכול מתהפך. אחד בשם מנחם בגין – לא חבר ברשימה המשותפת – אמר בפברואר שנת 1962: ""קיומן של תקנות אלו מעלה סימן שאלה מעל זכויות היסוד של כל אזרח בישראל, וחופש שאול איננו חופש. חופש שאול איננו חופש. אבל מן הרגע הראשון השמענו את האזהרה: אם חוקים אלה, חוקי הטרור של שלטון דיכוי יישארו במדינת ישראל, ביום מן הימים – –

– – לא יימצא חוג שלא ייפגע מהם. קיום חוקי חירום אלה הוא חרפה, הפעלתם – פשע"". זה מה שאמר יושב-ראש האופוזיציה דאז מנחם בגין בשנת 1962. הוא אמר שחוקים אלה הם חרפה והפעלתם פשע. וזה מה שעלול לקרות עוד כמה רגעים בכנסת. תודה.",1
303887,"אדוני השר אריה מכלוף דרעי, ברצוני להתייחס לתופעת הבנייה הלא-מורשית בקרב האוכלוסייה הערבית. הממשלה מנסה לקדם חוק, חוק קמיניץ, שבעצם מטרתו להרוס כמה שיותר בתים ערביים. אני חושב שיש דרך אחרת, יותר טובה לכולם. אתה יודע שמאז קום המדינה, משנת 1948 עד עכשיו, המדינה בנתה 700 יישובים חדשים, כולם – אבל כולם – ליהודים, ואפס יישובים חדשים לערבים: שוויון למהדרין. עכשיו לא מאשרים תוכניות מתאר, ותוכנית המתאר – כמו חליפה שמלבישים לצעיר בן 15, היום הוא בן 30, בכוח רוצים להלביש לו את החליפה – אז היא נקרעה מפה ומפה. זו בעיית הבתים הלא-מורשים בקרב האוכלוסייה הערבית. אנחנו מציעים כך – בשם הרשימה המשותפת, בשם ועדת המעקב, בשם הוועד הארצי לראשי הרשויות המקומיות הערביות, שאנחנו נפנה לציבור שלנו ונבקש מהם לא לבנות ללא אישור, בשום פנים ואופן, במשך שנתיים. הממשלה תחליט – אני, הממשלה, לא הורסת במשך שנתיים. עכשיו, מה קורה בפועל? כשאנחנו בונים משהו כמו עשרה בתים לא-מורשים כל חודש, והמדינה הורסת בית אחד כל שלושה חודשים – את הדרך הזאת כולם מבינים, ויכולים להרוס לא רק בית אחד, שלושה בתים ועשרה בתים. אבל אנחנו מדברים על 50,000 בתים לא-מורשים. אז אני מציע שנלך בכיוון הזה, ואנחנו נשב פעם אחת בכל שלושה חודשים, נראה אם אנחנו עומדים בהתחייבות שלנו והממשלה עומדת בהתחייבות שלה – אז ממשיכים. כל שלושה חודשים יש חלון, אם כולנו עומדים בהסכם, אז ממשיכים. כך אנחנו נפתור את הבעיה הקשה הזאת. כבוד הרב, אני רוצה לספר לך סיפור מהגמרא.

סיפור יפה מהגמרא, אני רוצה לספר לכבוד הרב.

הוא אוהב את זה, הוא אוהב את זה, אז – – –

אחד תעה בדרך ביער ומצא מישהו אחר. שאל אותו: איפה הדרך הנכונה? והאחר השיב לו: אני לא יודע, אבל פה אני הייתי, וטעיתי, אל תלך בדרך הזאת. אז לפחות הדרך שכולנו ניסינו, שלא נלך בה עוד פעם. תודה רבה.",1
304184,"אדוני היושב-ראש, חברי חברי הכנסת וחברות הכנסת, הממשלה קיבלה החלטה לקדם את החוק שמתיימר להשתיק את הקול של אל-מואזין, אל-אד'אן. חברים, יש שתי גישות: יש גישה לאומנית, מסתגרת, רוצה לראות רק צבע אחד; ויש את הגישה שלנו, שהיא גישה רב-תרבותית, וגם רואה את היופי בשוני ובמגוון. ויש עוד הבדל: יש אנחנו, אלה שרואים שהסכסוך הוא סכסוך פוליטי, אם זה ברמה של המאבק שלנו למען השוויון, אם זה בין הנכבש לבין הכובש הישראלי – זה מאבק פוליטי; ויש מי שרוצה להעביר אותנו למישור אחר: למלחמת דת. אבל העיקר מבחינתי – אני רוצה לומר לכם משהו: הח'ליפה עלי בן אבו טאלב אמר פעם (אומר בערבית: ""אין פועלים לפי עמדתו של מי שלא מצייתים לו"".) אם אתם רוצים להבין מה אמרתי, אז חז""ל אמרו כך: אין גוזרין גזירה על הציבור, אלא אם כן רוב הציבור יכול לעמוד בה. (אומר בערבית: נוסף על כך נאמר: אם אתה רוצה שיצייתו לך בקש את האפשרי.) אם אתם רוצים להבין, אז אני חוזר עוד הפעם לחז""ל שאמרו: הקדוש-ברוך-הוא מנסה אדם רק אם יכול לעמוד בניסיון. אנחנו והציבור שלנו לא יכולים לעמוד בחוק הזה. אנחנו לא נקיים את החוק הזה. אנחנו קיבלנו החלטה שאנחנו נגד החוק של גיוס חובה, וגם נגד הריסת בתים. אנחנו מוכנים לעמוד מול הדחפורים. ואנחנו גם נגד חוק הנכבה. זהו החוק הרביעי שאנחנו לא נעמוד בו. אנחנו נתנגד לו. ואני אומר בסוף שאל-אד'אן היה לפני הגזענים, אל-אד'אן יישאר אחרי הגזענים, כי הוא חלק מהטבע, הוא חלק מהמרחב, הוא חלק מהמולדת. תודה.

שאלה, שאלה: רימית את מס הכנסה, זה נכון?

היום פרסמו שרימית את מס הכנסה, זה נכון?",1
304231,"מכובדי היושב-ראש, בבית-קפה אחד שנמצא על שפת הים היפה בחיפה, שפוקדים אותו לקוחות ערבים רבים, ובו גם עובדים ערבים, ניתנה הוראה שלא לדבר בשפה הערבית במהלך משמרת העבודה. כלומר, ערבים ללא ערבית. את האבסורד הזה חשף כתב עיתון ""הארץ"" ג'קי חוגי, וזהו רק מקרה אחד מני רבים – הגישה הזאת שרוצה למחוק את הזהות ואת השייכות של בני המולדת הזאת, לצבוע את הארץ בצבע אחיד ותו לא. אבל כנראה מה שלא הבינו זה שמי שרוצה להדיר את הערבית מוצא את עצמו מודר בעירנו היפה חיפה, מה גם שזה פשוט לא חכם לכלכלה. אל מול הכיעור הזה יש גם המון יופי. אני מברך את עמותת ""יד ביד"", את היוזמה של חיפאים ערבים ויהודים, שמתקיימת בשעה זו מול בית-הקפה; יוזמה של סיפורים דו-לשוניים, שיעורי ולימודי ערבית. נמשיך לצעוד בכל דרך בגישה של הכרה ולמידה של יופי התרבויות בחיפה ובכלל הארץ. זוהי הדרך. תודה.",1
304290,"מכובדי היושב-ראש, מכובדי שר העבודה, הרווחה והשירותים החברתיים, בהתאם לתוכניות החדשות, מבחני ""נהג רכב משא כבד"" ו""נהג רכב ציבורי"" יתקיימו בעברית בלבד. רצוני לשאול: 1. האם נכון הדבר? 2. אם כן – מה ייעשה לחזרה לנוהל של קיום מבחנים גם בשפה הערבית – כמובן, שפה רשמית; 20% ילידים? תודה.

אני מבקש מבחינה עקרונית, שכל הזמן תהיה אופציה – –

אדוני השר, קודם כול, אני מאוד מכבד את התשובה. אני חושב שמבחינה עקרונית כל הזמן צריך גם בעברית, גם בערבית – שתי אופציות.",1
304578,"אדוני היושב-ראש, מכובדי השר ישראל כץ, חברי הכנסת וחברות הכנסת, יום שלישי, תחילת חודש פברואר של השנה שעברה, אוטובוס עם נשים שחוזרות מתפילה בירושלים נוסע על כביש 31, אחד הכבישים היותר-ידועים-לשמצה: כביש עם נתיב אחד לכל כיוון, ללא הפרדה קשיחה שיכולה למנוע תאונות חזיתיות, השוליים צרים מאוד והכניסות והיציאות מסוכנות ולא מסודרות. משאית שמגיעה מהצד השני עם מטען חורג מאבדת שליטה ונכנסת באוטובוס, ולנהג אין שום אפשרות להתחמק מהפגיעה. שמונה הרוגות, 29 פצועות, כל אחת עולם ומלואו, ויחד אתה משפחה ששום דבר בה לא יהיה אותו דבר אחרי הרגע הנורא ההוא: נורא אלאטרש, זינה אבו טראש, מנווא אבו אלקיעאן, פאטמה אבו אלקיעאן, קיפאיא אלעסיבי, נעמה אבו שחיטה, סמירא אלנבארי, קיפאיא אבו שאקרא אלסייד. שליש מההרוגים בתאונות הדרכים הם ערבים. שליש.

כשציבור מסוים נפגע בשיעור כל כך גבוה בהשוואה לחלקו באוכלוסייה ולאורך שנים רבות, זה מצביע בצורה ברורה על המחדל ועל הבעייתיות בהיקף ההשקעה ובאפקטיביות שלה. יש צורך דחוף בהשקעה מסיבית בשני תחומים: תשתיות וחינוך; חינוך ותשתיות. כמחצית מהנהגים הצעירים שאיבדו את חייהם על הכביש הם מהציבור הערבי. כמחצית מהצעירים הם ערבים. הנתון הבלתי-נתפס הזה הוא אות קלון לכל מי שיושב פה. כחלק מהעבודה על התוכנית הכלכלית נחשפו נתוני החשיפה של ילדים ונוער בציבור הערבי לתוכניות של משרד החינוך בתחום הזהירות בדרכים, והנתונים בלתי-מתקבלים על הדעת: בגיל הגן רק 43% לומדים על זהירות בדרכים, ובכיתות ט' וי' המצב מתדרדר עוד יותר ורק 11% לומדים על הנושא. חברי הכנסת וחברות הכנסת, מכובדי השר, אני מדבר הרבה מעל הבמה הזאת על כך שהאינטרסים של ערבים ויהודים במדינה הזאת הם משותפים. בתחומים מסוימים זאת נקודה שאני צריך להסביר ולהוכיח, אבל כשאנחנו מגיעים לתחום הזהירות בדרכים זה אמור להיות מובן מאליו. זאת משימה שכולנו צריכים להתגייס אליה ביחד. חייבים להוביל שינוי תודעתי עמוק ולעצור את הכאב הכל-כך מיותר הזה של משפחות רבות כל כך. מכובדי השר, ביקשתי פגישה אתך. אני מבקש שוב שאנחנו נשב בהקדם האפשרי ונשנס מותניים לעשות הכול בשביל להמעיט כמה שאפשר את התאונות, את הכאב הנורא הזה. תודה רבה.

אדוני השר, זה גם תשתיות וגם חינוך – – –

מתי יקרה זה של טירה? מתי?

אדוני השר, יש משהו מאוד חשוב – – –

בשנה האחרונה קידמנו 35 – – –

אתה מקדם דברים טובים. השאלה – – –",1
304647,"אדוני היושב-ראש, חברי חברי הכנסת, אני מברך את חברתי קארין אלהרר על הצעת החוק.

אדוני היושב-ראש, כולי הערכה לחברתי קארין אלהרר על ההצעה הזאת שגם אני הצעתי,  ולכן הצמדתי את ההצעה שלי. הצעה פשוטה מאוד, האומרת שיש זכות לקטין שישמעו אותו קודם, שיקשיבו לו קודם, שהוא יסביר, ואחרי זה יחליטו אם להסיר את החיסיון. אני שמח שהממשלה אכן תומכת. אני מקווה שבקרוב ההצעה הזאת גם תעבור את הקריאה השנייה והשלישית. תודה רבה.

זו בושה וחרפה. בושה – – –",1
304656,"מכובדי היושב-ראש, כבוד השרים, חברי חברי הכנסת וחברות הכנסת, תרשו לי להתחיל ולפנות אליכם בשאלה: מה שווה החג ללא השמחה שבאה יחד אתו? לכל חג יש שני מרכיבים: המרכיב הראשון – של טקסים, מסורות ופולחן דתי, והמרכיב השני הוא של שמחה וששון. לפעמים מדובר במחויבויות עבודה, פעמים אחרות מדובר בימי לימודים, ובמקרים אחרים מדובר במועדי מבחנים. השנה, כמו בשנים קודמות, נקבעה הבחינה הפסיכומטרית באותו יום שמציינים את חג המולד, ב-25 בדצמבר. אז בחינת הפסיכומטרי נקבעה ל-25 בדצמבר, ביום חג המולד. לצערי הרב, מדינת ישראל עדיין לא מכירה בחגים הלא-יהודיים באופן רשמי; לא בחגים הנוצריים ולא בחגים המוסלמיים, ואל תשאלו על הדרוזיים – או שמעוותים, כמו הביקור של הנביא שועייב, והופכים אותו לחג, או שמבטלים את חג אל-פיטר. ועוד מצער שעובדה זו משפיעה על מאות-אלפי אזרחים במדינה וגורעת משמחת החג של מאות-אלפי ילדים וצעירים שמצפים לחגוג את חגם. הנוצרים ברחבי הארץ, וכך גם הנוצרים במדינה, מתכוונים בחודש דצמבר לחגוג את לידת התינוק בבית-לחם – טקסים, פסטיבלים, אירועים, מזמורים ותפילות נערכים כל החודש כהכנה ליום החשוב, כדי לחגוג את חג המולד. אגב, אני מזמין את כלל הציבור לבקר בערים ובכפרים הערביים בתקופה החגיגית הזאת, כדי לחוות את החוויה ולקחת חלק בחגיגה המשותפת לאזרחים הערבים, בני הדת הנוצרית והמוסלמית יחד, בנצרת, חיפה, שפרעם ובכפרי הצפון – אלג'ש, גוש-חלב, מעיליא, תרשיחא, פסוטה ומקומות רבים אחרים. העובדה שמבחנים גורליים בקנה מידה ארצי נקבעים באותו יום שחלק משמעותי מהאוכלוסייה מציין חג קדוש היא לא מקובלת, ומה שעוד יותר לא מקובל הוא העובדה שהתנגשות כזו קורית לא בפעם הראשונה, ואם לא נמצא פתרון היום – גם לא בפעם האחרונה. דמיינו לכם, חברים נחמדים, כי מדובר בערב חג. בואו נדמיין לעצמנו, למשל, בחג החשוב לאותה עדה, נניח כמו ליל הסדר בפסח, ליל הסדר בפסח. כל המשפחה המורחבת מכונסת סביב שולחן החג, אוכלים, שותים, שרים, משחקים וחוגגים, ואילו נער או נערה, אדוני היושב-ראש, מסתגר בחדר, לומד משעות הבוקר ועד הלילה, והולך לישון מוקדם כדי להתעורר ביום למחרת כדי לגשת למבחן החשוב ביותר בחייו, אולי; מבחן שיסכם חודשים של למידה מפרכת, השקעה כספית ענקית, מבחן שיחרוץ את גורלו האקדמי והתעסוקתי של אותו נער או נערה. ביום למחרת המשפחה הולכת לקיים את המצוות והטקסים הדתיים של אותו החג, ביקורי קרובי משפחה מגיעים לשיאם, ולבסוף היא יושבת לארוחת צהריים כדי לחגוג ולסכם את תקופת החגים. ואותו נער, או נערה, לא יכול להשתתף ולקיים את מצוות החג וגם לא להשתתף בארוחת החג עצמה, משום שבאותה שעה הוא יהיה עסוק בלפתור את אותה בחינה גורלית. זה לא תסריט דמיוני. זה לא תסריט דמיוני. זה מה שהולך לעבור על אלפי נערים ונערות נוצרים בערב 24 בדצמבר, בעוד כחודש. ואני שואל: האם זה הגיוני, האם זה דמוקרטי, האם זה שוויוני, האם זה רב-תרבותי, או שזה כל כך לאומני וצר? (אומר דברים בערבית ומתרגמם:) ""לך אכֹל בשמחה לחמך"", כך נאמר, אדוני היושב-ראש, בספר קהלת, פרק ט'; ""זה היום עשה ה' נגילה ונשמחה בו"" – תהילים פרק קי""ח; והיה היום הזה לכם לזכרון, וחגֹתם אותו חג לה'"" – כך נאמר, אדוני היושב-ראש, מסיעת ש""ס, בשמות פרק י""ב. וחג ישמח לבב אנוש. החג, כמו שאמרתי, כולל בתוכו שני מרכיבים. ואיך אפשר להסכים למנוע מצעירים רבים את הזכות לשמחה, לאושר ולציון – – –

וחג ישמח לבב אנוש. החג, כמו שאמרתי, כולל בתוכו שני מרכיבים, ואיך אפשר להסכים למנוע מצעירים רבים את הזכות לשמחה, לאושר ולציון חגיגי של החג? איך אפשר לתת יד לפגיעה בזכות לפולחן דתי, להתקיימותה והמשכיותה של מסורת בת אלפיים שנה בארץ הזו? למרות ההתקדמות היחסית שחלה בשנים האחרונות, שבמהלכן מוסדות אקדמיים או מוסדות רשמיים בודדים התחילו לאפשר הקלות המכירות בעצם זכותם של תלמידים לציין ולחגוג את חגיהם – עד עכשיו מדובר ביוזמות פרטיות של גופים מסוימים. אותם אני מברך, כמובן, אבל הגיע העת לעגן זאת בחקיקה ולהפוך את ההנחיות להסדרה רשמית – דבר אשר יעשה צדק, ישפיע על יחסי ערבים ויהודים ויתרום לכיוון של בניית חברה משותפת. אני הגשתי את הצעת החוק הזאת, ובצורה אוטומטית הקואליציה דחתה את ההצעה. דיברתי עם כמה חברי כנסת מש""ס ויהדות התורה, והם אמרו לי: אתה יודע מה? אנחנו מתביישים. לא נוח לנו להצביע נגד. אז דיברתי עם יושב-ראש הקואליציה ביטן, והוא אמר לי: אתה יודע מה? בוא לא נצביע היום, נשב בשבוע הבא ונחליט יחד בשבוע הבא. לכן אנחנו לא נצביע הפעם אלא במועד אחר. תודה רבה לכם.",1
305040,"אדוני היושב-ראש, חברי חברי הכנסת, חברות הכנסת, שמעתי פה שהממשלה צפצפה על תקנון הכנסת. מה זה תקנון הכנסת עבור הממשלה הזאת? היא צפצפה על החוקים, על בג""ץ, על החוק הבין-לאומי, אז מדברים על תקנון הכנסת?

אז הממשלה מביאה את חוק ההסדרה לקריאה טרומית, ואני חושב על חטא היוהרה, על המנגנון להריסה עצמית. אולי זו הפעם הראשונה שאני מסכים עם ראש הממשלה, שאמר שהחוק הזה עוד יביא אותנו להאג. אני חושב, אדוני ראש הממשלה, שאתה צודק. החוק הזה אכן עוד יביא אותך, וחלק מהשרים, להאג, כי זה פשע נגד החוק הבין-לאומי.

על חוק ההסדרה אני מדבר. אני מציע שיתחילו לשכור עורכי-דין, כי יעבדו קשה מול בית-המשפט הבין-לאומי בהאג. אבל אני חושב שזה גם כואב ומצער מאוד, שזה לא רק פשע עבור בעלי הקרקעות הפלסטינים. זה פשע עבור כל בן-אדם שחולם שיהיה פה שלום. וכולם מבינים מהו הבסיס של השלום – הקמת מדינה פלסטינית לצד מדינת ישראל. ועוד מדברים על הסדרת עמונה והתנחלויות, שכולן לא חוקיות, בזמן שרוצים לפנות את אום-אלחיראן, בשם החוק. התושבים נמצאים שם משנת 1956, לפי החלטת הממשל הצבאי, ובית-המשפט העליון קבע שהם בני רשות והם לא פולשים. בזמן שמדברים על החלטות בג""ץ, אני נזכר באקרית ובירעם. כל כך הרבה פשעים שקורים במקום הזה, ועוד מדברים על מה? על תקנון הכנסת. הממשלה הזאת פושעת בחוקים מקומיים, בחוקים ישראליים, בחוקים בין-לאומיים, ועוד מדברים על תקנון הכנסת, שכל כך פוגעים בו על ימין ועל שמאל ביום הזה. תודה.",1
305307,"גברתי היושבת-ראש, חברי חברי הכנסת וחברות הכנסת, שמעתי פה שמדברים על תקנון הכנסת. מה זה תקנון הכנסת בעבור הפגיעה הקשה בחוק, בבג""ץ, בחוק הבין-לאומי? אני רוצה לומר לכם את האמת: כשהייתי בין ילד לבין ממש צעיר, חשבתי על מנהיגי ישראל. כמעט אף פעם לא הסכמתי אתם, אבל תמיד הרגשתי שיש בהם משהו רציני, שהם אסטרטגיים יותר, חושבים יותר, עושים הרבה דברים רעים עד כדי פשעים נגד העם שלי, אבל חושבים. עושים את זה בצורה שלא מפילה אותם. אני חושב שהשתנה משהו רציני בהנהגה של מדינת ישראל. הם הפכו לאנשים פופוליסטיים, מעניין אותם אולי סטטוס בפייסבוק. במקרה הכי טוב: סקר דעת קהל. אני חושב שזה חלק ממנגנון הרס עצמי, זה חלק מחטא היוהרה, משיכרון הכוח מול העם הפלסטיני. היה לנו משורר ענק בשם תופיק זיאד, שאמר פעם פתגם של פלאחים שאומר: ""ואווי בלע מנג'ל"". בעברית זה תן בלע מגֵל. אז הוא לא יכול להוציא אותו – – –

מגל. כן, תן בלע מגל, כן, והוא לא יודע מה לעשות עם המגל הזה. וכנראה זה מה שקרה עם מדינת ישראל אחרי 1967. אין לי שמץ של ספק שמה שקורה זה פגיעה בעם הפלסטיני. אבל לא רק. כמה אמרנו שהכיבוש משחית? אני רואה עכשיו איך הוא פוגע בבית-המשפט העליון, איך הוא פוגע במרחב הדמוקרטי, איך הממשלה הזאת רודפת עמותות, רודפת את התקשורת, אני רואה את זה יום-יום איך הכיבוש הזה פוגע בשני העמים. אכן בעם הפלסטיני בצורה הבוטה, העמוקה, הישירה, אבל האמת? הוא פוגע בשני העמים. כמעט אף פעם לא הסכמתי עם ביבי, הפעם אני מסכים אתו. כל בן-אדם שירים את היד פה ימצא את הרגל שלו בבית-הדין הבין-לאומי בהאג. חד וחלק. הפלסטינים לא יוותרו, וזאת זכותם המינימלית של הפלסטינים. תודה רבה.",1
305334,"יושב-ראש הקואליציה דוד ביטן מעדיף שהערבים לא יצביעו. זו רוחו של המפקד. הקול קולו של יעקב, והידיים ידי עשיו. הם מפחדים. בשנות ה-90, כשראש הממשלה היה יושב-ראש האופוזיציה ורבין נשען עלינו, מנענו ממנו להיות ראש ממשלה. ב-1996 ההפרש בינו ובין פרס היה 30,000 קולות, כלומר, אנחנו יכולים להשפיע. בשנת 1999 הוא הפסיד ב-43%, כלומר אנחנו הדחנו אותו. מפה אנחנו יכולים להבין למה הרימו את אחוז החסימה, למה הערבים נוהרים לקלפיות, למה מאשימים אותנו שאנחנו מניפים דגלי ""דאעש"", למה חוקקו את חוק ההדחה, למה מאשימים את הערבים בשרפות, למה נאמו את נאום דיזנגוף. אנחנו עוכרי ישראל, גיס חמישי, פורעי חוק, נשק בלתי חוקי, בנייה בלתי חוקית – הכול מכוון בשביל לעשות לנו דה-לגיטימציה. אבל אנחנו נתעצם, אנחנו נתחזק, ועוד יראו בבחירות הבאות. תודה.",1
305385,"גברתי היושבת-ראש, תודה רבה, חברי חברי הכנסת, חברי אוסאמה סעדי, תודה רבה על דברי הטעם, ולפניך – דב חנין. טוב, ומי הבא בתור? זה יושב-ראש הקואליציה, ביטן. וכמו שנאמר, הקול קול יעקב, והידיים ידי עשיו. כך, נכון? אז – זו רוחו של המפקד, שעושה את הכול בשביל לעשות דה-לגיטימציה לאוכלוסייה הערבית. עדיף שלא יבואו להצבעה. אבל למה? זו לא רק גזענות, זו אסטרטגיה פוליטית. חבר הכנסת זוהיר בהלול, חבר שלי, אבו עאדל, אתה זוכר, בשנות ה-90 היו שלושה אירועים מכוננים עבור ראש הממשלה בנימין נתניהו. אחד, אנחנו הערבים מנענו ממנו להיות ראש ממשלה – בתקופת ממשלת רבין. כי לרבין לא היה רוב, והוא נשען עלינו; אז מנענו מביבי להיות ראש ממשלה. אז – בן-אדם שכל יום קם בבוקר, מסתכל על המראה ואומר: מראה מראה שעל הקיר, מבחינתו, הדבר החשוב ביותר הוא להיות ראש ממשלה. אנחנו, הערבים, פשוטי העם, מנענו ממנו להיות ראש ממשלה. בשנת 1996 הוא גבר על פרס רק ב-30,000 קולות. אז – אנחנו הערבים יכולים להחליט מי יהיה ראש הממשלה. אז זה עוד אירוע מכונן. בשנת 1999 הוא קיבל 43%. כלומר, אנחנו הצלחנו להדיח אותו. אז מבחינתו הערבים הם איום, אבל לא איום עבור כולם, איום עבור ראש הממשלה אישית. לכן הוא מעלה את אחוז החסימה. לכן הוא אומר ביום הבחירות שהערבים נוהרים לקלפיות, לכן הוא מסתכל עלינו פה בכנסת ואומר שאנחנו מניפים דגלי ""דאעש"". לכן חוק ההדחה, לכן נאום דיזנגוף – הערבים גיס חמישי, הערבים פורעי חוק, בונים ללא היתר, נשק בלתי חוקי. לכן הוא מחרים אותנו בשבוע הראשון של המושב הזה. לכן כאשר יש שרפות, הוא מצית את השנאה נגד אוכלוסייה שלמה. ועם רוחו של המפקד ממשיך ביטן ואומר שהוא מעדיף שהערבים לא יגיעו לקלפי בכלל. כי פשוט מאוד הם רוצים להוציא אותנו ממעגל הלגיטימציה, או מעגל ההשפעה. אבל, חברי, אבו עאדל, זוהיר, אני חושב שלא צריך לפנות פה אל הימין. הימין – אנחנו יודעים מה האינטרס שלהם. אנחנו צריכים לפנות לאנשים שנמצאים פה. אם הם לא יבינו ולא יפנימו עמוק-עמוק שאם האוכלוסייה הערבית לא תהיה לגיטימית בפוליטיקה, הם אלה שלא יחזרו לשלטון. לכן, כאשר חברתי עאידה תומא מביאה את הצעת החוק על קורבנות הטבח בכפר-קאסם, ופה מצביעים נגדה, זו לא רק פגיעה ערכית, זו גם פגיעה טקטית. אם מסיתים נגדנו משם, ופה לא יוצאים חוצץ נגד, אז הם גם פוגעים בעצמם. אני חושב שזו המשוואה הכי חשובה לשנה הבאה – אם האוכלוסייה הערבית, שהיא 20% מכלל האוכלוסייה, היא אוכלוסייה לגיטימית, או לא. מבחינתי, זה הדבר הכי חשוב בשנה הבאה. אם אנחנו, ה-20%, נהיה לגיטימיים בפוליטיקה, הימין יצטרך לשכנע יותר מ-65% מהיהודים במדינה. אם אנחנו מחוץ למעגל הלגיטימי, הם יכולים להסתפק רק ב-51% מהיהודים, כי אנחנו מחוץ למשחק; אז מספיק לשכנע 51% מהיהודים, והם יהיו בראשות הממשלה. לכן, את הדבר הזה צריכים להבין בעיקר המחנה הציוני, עם כולנו ועם יש עתיד, ואני בטוח שמרצ מבינים ומפנימים, בעיקר ערכית הם מבינים את זה, אבל גם טקטית מבינים את זה. אני התבקשתי לדבר עד הסוף, עשר דקות שלמות, כי אנחנו, חשוב גם לנו להעביר זמן. אז אני רוצה לדבר פה על נושא יחסי הערבים והיהודים. אין בהרבה מקומות רוב שמתעקש להיות עם מנטליות של מיעוט כמו היהודים במדינה. מה זאת אומרת מנטליות של מיעוט? זה לא רק בשביל העבר – עבר של מיעוט ומנטליות של מיעוט – ולא רק חלק מהמזרח, שרובו ערבים. אני מסתכל, למשל, איך הם מנסים לקדם חוקים לאומיים – חוק הלאום, למשל. אני נכנס לגוגל – אבו אל-אמיר, אני כותב בגוגל ""זכויות קיבוציות לרוב"" – לא למיעוט, לרוב. גוגל משתגע. אחרי שהוא מתעשת, הוא מוציא לי באייטם הראשון זכויות קיבוציות למיעוט, לא לרוב. כי אין דבר כזה זכויות קיבוציות לרוב. יש למיעוטים. כי הרוב מקבל את הזכויות הקיבוציות שלו ביום המכונן – העצמאות, היום הראשון, במגילת העצמאות. אחרי זה, דמוקרטיה זה בין היתר זכויות של מיעוט – קיבוציות, לאומיות, של מיעוט. רק במדינת ישראל הרוב מקדם זכויות קולקטיביות של רוב. אבל גם אני מרגיש שיש רוב – באיזה מקום יש חזקים שבאיזה מקום מרגישים חלשים, וגם מאוימים, וגם מפחדים. אני מסתכל על חברי הכנסת מהימין, איך הם מתלהמים, מזיעים, יורדים מהבמה, באים, אומרים להם: כל הכבוד. ואני שואל: הם רוב? הם חזקים? למה הם מתנהלים בצורה הזאת? אבל כנראה במצבנו יש עוד כמה דברים שהם ייחודיים לסכסוך הזה. למשל, שהארץ היא ארץ קודש. את זה אתה לא תשמע, לא באוסטרליה, לא בקנדה, לא בארצות-הברית, לא בדרום-טירול באיטליה. לכל אבן יש משמעות דתית, לכן זה עוד מקשה על הסכסוך. אני מבין את הדבר הזה. אבל יש עוד דברים שגם הם מעניינים בסכסוך שלנו: 1. אני חושב ששני העמים הם עמים גאים. היהודים – עם הספר, עם הנביאים, פרסי נובל, גם פרויד, גם מרקס, גם קפקא, גם שפינוזה, גם איינשטיין. והערבים? הערבים שלטו בעולם במשך 700 שנים. לא שלטו כאנשים פרימיטיביים שהשתלטו; היו אבות התרבות, הציוויליזציה, המדע, והעבירו את המדע לאירופה. עם כל כך גאה, הוא לא יכול לקבל השפלה. אבל יש עוד דבר מעניין: לא חשוב מה נכון מבחינה היסטורית לגבי מי יליד, מי לא יליד. אם היהודים הם אותם יהודים שהיו לפני 2,000 שנה, האם במשך כל ההיסטוריה הייתה תחושה של לאום, או שהלאום הוא תוצר של 300 השנים האחרונות? זה פחות חשוב. זה חשוב לאקדמאים, אבל מרגישים כך. והערבים, האמת, לא כל כך חשוב אם הם צאצאי הכנענים, או שבאו עם הח'ליף עומר אבן אל-ח'טאב, או שחלק מהם אפילו בא לפני 400 שנה. זה פחות חשוב. העיקר שיש פה שני עמים, אבל עם תחושה של ילידים, של בני המקום. ויש פסיכולוגיה שלמה של עמים ילידים. זה לא המהגר. זה לא טורקים שנמצאים בגרמניה, רוצים לשפר את מצבם הכלכלי. אלה אנשים שחשוב להם גם הסמל, גם הדגל, גם איך מעצבים את הטוב הכללי; את הכול. גם לכן זה לא קל. לכן, אין ספק שהסכסוך הוא מורכב. אכן מורכב. אבל מי שמאמין בכוחו של הבן-אדם, מי שמאמין שאפשר להגיע לאינטרס האמיתי, העמוק, של בני העמים, של בני שני העמים, הוא אכן יכול להגיע לעמק השווה, לאינטרסים הלאומיים וגם האזרחיים של בני שני העמים. ואני מתבונן בחודש האחרון באמירתו של ג'ונסון, שהפטריוטיזם הוא מפלטו האחרון של הנבל. אני מסתכל על מאבק על עשרה בתים בעמונה, ובמקום אחר אמור להתנהל דיון על יותר מ-360 מיליארד שקלים תקציב המדינה. אף אחד לא מדבר על תקציב המדינה. מדברים על עשרת הבתים של עמונה. זה בדיוק הפטריוטיזם שהוא מפלטו האחרון של הנבל. במקום לדבר על הדברים העיקריים, החשובים, על חיי היום-יום של האנשים, מדברים על עשרה בתים של אנשים שנישלו, שגזלו – –

– – אדמות פרטיות של פלסטינים. אני הצלחתי להעביר את עשר הדקות ולמשוך את הזמן, אז – תודה רבה לכם.",1
305509,"אדוני היושב-ראש, מכובדי השרים, חברי חברי הכנסת וחברות הכנסת, אדוני, שר התשתיות יובל שטייניץ – אדוני, שר התשתיות יובל שטייניץ, חשוב לי שתשמע אותי. תודה רבה לך. כי אתה עוד מעט תענה. חשוב לי שתשמע אותי. אדוני השר, הנושא הוא אספקת חשמל למרות עניין טופס 4. אנשים בונים בניין, מקבלים את כל השירותים, לרבות מים, ביוב וכל השירותים העירוניים, חוץ מדבר אחד ויחיד שהוא חיבור חשמל. דווקא חיבור חשמל הוא זה שיכול לפגוע בטיחותית באנשים. אנחנו מכירים מקרים שבהם אנשים נהרגו בגלל שחשמל חובר בצורה לא חוקית. הנושא הזה עבר, טלאי על טלאי, מאז שנות ה-80. כולם זוכרים את צו שחל המפורסם, כולם זוכרים את ההחלטה המינהלית של פואד בן-אליעזר, כולם זוכרים את חוק הספקת החשמל משנת 1996, שנתן הוראת שעה להארכה של שנתיים לאנשים שלא חוברו לחשמל כדין, לפי חוק תכנון ובנייה, 1965. כולם מכירים את הסעיף ההוא, 157א רבתי, הנוגע לחיבור בתים לחשמל לפי טופס 4 וגם את ההסתייגות לסעיף קטן (ח)(1) שמדבר על כך שיש לשר הפנים זכות להעביר, לספק חשמל, בשני תנאים: שתוכנית הופקדה אך טרם אושרה, וגם שהרשות המקומית תומכת. אחרי זה יש החלטה של השר כחלון, אכרם חסון, (אומר בערבית: לגבי ואדי אל-פאש.) זו החלטה ספציפית לשכונה הזאת, ואני שמח שיש התקדמות רצינית בנושא. אך גם בהצעה הזו בסעיף קטן (ד) כתוב שמי שיש נגדו צו שיפוטי או מינהלי תלוי ועומד בבית-המשפט אז לא מחברים אותו לחשמל כדין. אני וחברי לסיעה המשותפת, ג'מאל זחאלקה, אחמד טיבי, עבד אל חכים חאג' יחיא וגם משתתף אתנו אכרם חסון מסיעת כולנו, ישבנו עם המשנה ליועץ המשפטי קמיניץ, וניסינו לקדם. בפעם הראשונה אחרי שהעברנו את ההצעה של קמיניץ למומחים אצלנו, לרבות המרכז הערבי לתכנון אלטרנטיבי, החזירו לנו תשובה שההצעה הזו פותרת את הבעיה ל-10% מהבתים. אך ורק. ישבנו עוד פעם עם ארז קמיניץ, המשנה ליועץ המשפטי, עשינו עוד התקדמות של כמה אחוזים, ועוד ישיבה שלישית, עד שקיבלנו חוות דעת מהמרכז הערבי לתכנון אלטרנטיבי שההצעה האחרונה פותרת אך ורק 20% מהבעיות. עכשיו, אני שואל למה אנחנו צריכים להמשיך ללכת סחור סחור אחרי הסוגיה הזו מאז שנות ה-80 עד עכשיו. מה זאת אומרת: מי שיש נגדו צו שיפוטי או מינהלי תלוי ועומד בבית-המשפט, אי-אפשר לחבר אותו? כלומר, אתה נותן ביד ואתה לוקח ביד, כי פשוט מאוד, כמעט אין אנשים שבנו בצורה לא חוקית, בצורה הרשמית הפורמלית, שאין נגדם צו שיפוטי. ברוב המקרים זה מגיע לזה שמתחילים בצו מינהלי; אחרי יומיים-שלושה – בית-משפט, אז זה צו שיפוטי קבוע. אז איך אפשר להגיד שאתה בעד אבל מי שיש נגדו צו אתה לא מחבר אותו? כלומר, אתה לא עשית כלום. אני אומר את זה בעיקר בגלל הבעיה הבטיחותית, מפני שזה פיקוח נפש. מפני שצריך לפתור את הבעיה הזו. מה גם שכל הגורמים מסכימים. זה טוב לאנשים עצמם, זה טוב לחברת החשמל, שתומכת במתווה הזה. אז למה רק הממשלה מתנגדת? אדוני השר, אני מציע לך לא להתנגד. אני מציע לך: אולי נמשיך בניסיונות שלנו לשבועיים, שלושה שבועות. אולי נצליח להגיע למתווה מוסכם כי זה דבר שרק ייטיב עם האזרחים, לרבות המוחלשים. תודה רבה לכם.",1
305709,"אדוני היושב-ראש, תודה רבה לך, חברי חברי הכנסת, שמעתי הרבה מהנאומים לגבי התקציב הבא, ודומני שלמעט הרשימה המשותפת אף אחד לא התייחס לתיק הגדול ביותר, הוא תיק הביטחון. כנראה זו הפרה הקדושה שאף אחד לא מנסה לבדוק, לחשוב אם זו היא גזירת הגורל או שזו מדיניות מטעם הממשלה. אני, אולי גם בהיותי אזרח ערבי במדינה, מבין ומרגיש, וגם הרגשתי בעבר, את הקשר בין המדיניות הביטחונית ובין המדיניות התקציבית, לרבות בתיקים כמו הרווחה, הבריאות והרשויות מקומיות. אני אמרתי שכבר הרגשנו, כי אני זוכר את תקופת אוסלו; זוכר את התקופה שהמעיטו בביטחון היתר, כי כולנו רוצים ביטחון אמיתי ואף אחד לא התנגד לביטחון אמיתי, אבל הרגשנו כאשר לא מעבירים עוד יותר כסף לביטחון שהוא לפי מדיניות, אלא מעבירים אותו לטובת האזרחים המוחלשים; כולם חווינו והרגשנו איך שהאזרחים הפשוטים יכולים ליהנות מכסף זה. והשבוע הזה, בצל מה שקרה עם עמונה, שדיברנו עליה במשך חודשיים – במקום לדבר על תקציב של כ-400 מיליארד שקלים אז מדברים על עשרה בתים במשך חודשיים שלמים. אוי ואבוי, אוי ואבוי, כמה הפטריוטיזם הוא מפלטו האחרון של הנבל; כמה אפשר להמחיש ולראות בעינינו את האמירה הנכונה הזו. הכי קל, במקום לדבר על כלכלה, על תקציב, על חיי היום-יום של האנשים – מה עוד? מאשימים את חברי הכנסת הערבים שהם מדברים על השטחים יותר מאשר על הסוגיות של האזרחים עצמם. זו הממשלה שלא מדברת – היא עושה. חלקה חי שם, בהתנחלויות; מעבירה את הכסף שלנו, של משלמי המסים, לשטחים הכבושים. הם עושים, ומאשימים אותנו, אותנו, שאנחנו מטפלים בסוגיות של השטחים במקום לטפל בסוגיות של האזרחים שלנו. מה שהכי נורא זה שיש כסף. חברים, יש כסף במדינה, אבל הממשלה מחליטה לשים אותו בידיים של העשירים ביותר. אתם שומעים טוב: לוקחים ממי שאין ונותנים למי שאין. אתם, שרי הממשלה, החלטתם אתמול שאפשר לקצץ בבריאות, לקצץ ברווחה, לקצץ בהשכלה הגבוהה, אחרי שהגשתם לכנסת תקציב. ברגע האחרון קיצצתם מיליארד ו-200 מיליון שקלים, כי צריך, לדעתכם, כסף לדברים אחרים: 150 מיליון שקלים כדי לפצות את מתנחלי עמונה, אלה שגזלו את האדמות, שגנבו את האדמות מאנשים פרטיים. אוי לבושה. לא מתביישים. איפה המוסר? איפה המוסר? אני נפגשתי עם בעלי אדמות מעמונה. נפגשתי אתם, האנשים הפשוטים, בעלי האדמות. אישה זקנה בעלת אדמה אמרה לי: זו האדמה שלי, גזלו לי את האדמה. יושבים על אדמות שבית-המשפט קבע שהן שייכות לבני-אדם אחרים. אתם מבטיחים לכל משפחה כזאת וילה של 180 מ""ר על הגבעה הסמוכה. אותם צריך לשקם, אבל לא חשוב, לדעתכם, לשקם בישראל את הקשישים, את הנכים, את החולים, את הנזקקים, את הילדים במצוקה; כל אלה לא חשובים. אני שמעתי שיש לנו שר חברתי ששמו משה כחלון. רבותי, הוא שר בממשלה ניאו-ליברלית. התקציב הוא ניאו-ליברלי לחלוטין, עם שר – אני מציע לקרוא לכחלון במקום ""השר החברתי"" – ""שר הנקודות החברתיות בתקציב הניאו-ליברלי"", כי יש לו נקודות חברתיות. למשל, מי שמגיע לגיל 18 מגיע לו 20,000 שקלים. נקודה חברתית טובה, אני תומך בה. ניצולי שואה, גם מהעולם הערבי – אני ערבי ותומך בה, כי להיות בן-אדם, בכל מקרה, בכל מקום – אז אני תומך. אז הנה, יש לנו שר של נקודות חברתיות. מצליח פה, מצליח שם; עוד הישג חברתי נחמד פה, הישג חברתי נחמד שם. אדוני, שר האוצר, זה תקציב של כמעט 400 מיליארד שקלים. זה לא 20,000, 2 מיליון, 200 מיליון, 700 מיליון. ויש עוד נקודה חשובה, ואני רוצה לדבר עליה: התוכנית הכלכלית עבור האוכלוסייה הערבית. חברים, אתם יודעים כמה אנחנו משלמים מדי שנה? חברתי אורלי, את יודעת שבמדינה לא יודעים שהערבים משלמים מדי שנה 36 מיליארד שקלים מסים? 36 מיליארד שקלים מסים. אני לא מדבר על עוולות העבר, על הפקעת האדמות, על כל העוול. אני מדבר על 36 מיליארד שקלים שאנחנו משלמים מדי שנה.

אבל כל האזרחים משלמים. לא, אני רוצה להוסיף משהו: אנחנו משלמים מסים אפילו פחות מהאחוז שלנו. אנחנו משלמים 11% מהמסים, ואנחנו 16% מהאנשים מעל גיל 18, כלומר צריך לשלם עוד יותר. אז עוד תעסוקה לערבים – עוד משלמי מסים; עוד תעסוקה לנשים הערביות – עוד משלמות מסים. זה טוב לאישה הערבייה, טוב לחברה הערבית, טוב לכלכלה בכלל; טוב לכל בן-אדם במדינה. לכן, אנחנו גם משלמים מסים, אבל גם יש פוטנציאל אדיר. אז, עם האנשים שמשלמים מדי שנה 36 מיליארד שקלים – הציעו לנו תוכנית כלכלית גרנדיוזית. האמת, אנחנו השפענו עליה, אין ספק בזה, ישבנו עם האוצר ושינינו פה, שינינו שם, השפענו. אבל מה התוכנית הזו? זו תוכנית ליברלית שמדברת על כסף טוב מבחינת האוצר. מה זה כסף טוב? זה כסף שמושקע וחוזר למדינה. אני בעד. אני בעד. win-win situation, בעד. אבל מה חסר בתוכנית הזו? לא רק שבשביל לסגור את הפערים צריך 64 מיליארד שקלים, לא רק, אלא הבעיה החברתית: שם לא תשמעו, לא גישה חברתית ולא גישה אזרחית. כלומר, לא תשמעו על רווחה, לא תשמעו על בריאות, חוץ משורה אחת: איחוד בתי-חולים בנצרת. אז אם לא יקרה איחוד, אז לא מגיעה בריאות לערבים? 25% מהחולים הם ערבים. לא תשמעו: זקנים, גמלאים, כי זה כסף לא טוב, זה כסף שלא חוזר, לא חוזר למדינה. אוי לרשעות; זה הכסף הטוב ביותר. זה הכסף האנושי, כסף הצדק החברתי, כסף שכן חוזר למדינה. אבל, תלוי מה התפיסה החברתית של שר האוצר, של משרד האוצר. כולנו יודעים מיהו מנהיג האוצר האמיתי, בנימין נתניהו עם המדינות הניאו-ליברלית הידועה שלו. ויש לנו שר נקודות חברתיות, שמו משה כחלון. חברים, מסיבות אלה אני קורא לכם להתנגד להצעת התקציב. תודה.",1
306094,"אדוני היושב-ראש, אדוני שר האוצר, חברי חברי הכנסת וחברות הכנסת, ראש הממשלה בנימין נתניהו לא נמצא ולא יהיה היום במליאה, כי הוא מכין את עצמו לחקירה, ובוודאי אפשר להבין אותו, כי יכול להיות שעוד כמה חודשים הוא, אפילו אם ירצה, לא יוכל להגיע למליאה הזאת כלל וכלל. אני זוכר שבתקופת ההתנתקות אמרו שכעומק החקירה עומק ההתנתקות. אני רוצה להזהיר פה ולהגיד: כעומק החקירה, עומק ההסתה נגד אוכלוסיות במדינה, ובעיקר האוכלוסייה הערבית. ראש הממשלה בנימין נתניהו, שבכל בוקר עומד ומסתכל במראה ואומר: מראה מראה שעל הקיר, מי היפה בכל העיר? – בן-אדם שכל כך אוהב את התפקיד שלו – נראה לי שהוא ילך בגישה של סמואל ג'ונסון, שהפטריוטיזם הוא מפלטו האחרון של הנבל. ראש ממשלה כמו נתניהו, שהוא נבל ומנוול, אני בטוח שהוא ינצל – – –

אני רוצה להקדים כאן תרופה למכה – –

– – ולהבהיר ולומר לכם כי הוא עוד יסית נגד המגזר הערבי.

בתקופת הבחירות הוא דיבר על זה שהערבים נוהרים לקלפיות. בתקופת אוסלו הוא דיבר עם הרבנים ואמר להם – –

– – שבשמאל שכחו מה זה להיות יהודי. בתקופת השרפות הוא הסית נגד המגזר הערבי. אני מזהיר אתכם, אני אומר לכם שהוא עוד יסית נגד המיעוט, הוא עוד יסית נגד האוכלוסייה הערבית. אבל בעיקר, צריך להדיח את ראש הממשלה לא בגלל הסיבה הזאת, אלא בעיקר בגלל המדיניות שלו, הן המדינית, הן החברתית, הן הכלכלית – זה הדבר העיקרי. בסוף אני רוצה לומר לכם, זה לא מזרח אירופה, זו לא אפריקה, בוודאי לא מדינות ערב; כאשר זה מגיע לבריטניה, לצרפת, לארצות-הברית, כאשר סנטה-אובמה משחיל מתנה דרך הארובה ברחוב בלפור עם החלטת מועצת הביטחון, כאשר זה מגיע אליהם, כולכם צריכים להבין את המסר. בספרות הרוסית נאמר פעם: אם מישהו אמר לך שאתה שיכור, יכול להיות שהוא לא צודק; אבל אם שניים, שלושה, ארבעה אומרים לך שאתה שיכור, אז אני מציע לך ללכת לישון. ממשלה כזו צריכה ללכת לישון ולהתפטר לאלתר. תודה.",1
306274,"אדוני היושב-ראש, חברי חברי הכנסת וחברות הכנסת – – –

חברתי תמר זנדברג, יעקב מרגי חברי, מוחמד חאלד איברהים – מישהו שמע על השם הזה? מוחמד חאלד איברהים, בחור בן 20 מכפר כאבול. אזרח מדינת ישראל. הוא נעצר ב-11 במאי אשתקד במעצר מינהלי. אז אני מבין למה לא שמעתם את השם שלו – הוא ערבי. למרות שהוא אזרח במדינת ישראל, בכל זאת לא שמעתם את השם שלו. מה זה מעצר מינהלי? בן-אדם, לא מביאים אותו לבית-משפט, הוא לא יודע מה אשמתו, הוריו לא יודעים מה האשמה, אנחנו פה לא יודעים מה האשמה, אבל הוא נמצא בבית-הסוהר כבר שישה חודשים.

מה נאמר על המעצר המינהלי? אמרת סתם. בואו נקשיב למנהיג המיתולוגי שלכם מנחם בגין, מה הוא אמר, לפי פרוטוקול הכנסת ב-21 במאי שנת 1951.

דרך אגב, אני לא הייתי מעז לומר את אותם דברים. כך הוא אמר, מנחם בגין, מעל במה זו: ישנם חוקים רודניים, ישנם חוקים לא מוסריים, ישנם חוקים נאציים. עד כדי כך. החוק הזה הוא חוק רודני, בלתי מוסרי, נאצי – כך אמר מנחם בגין. המעצר הבלתי-חוקי והצו שלכם הוא שרירותי. אין לכם זכות לעשות זאת, לדבריו של המנהיג המיתולוגי של מפלגת חרות – בגלגול הנוכחי שלה הליכוד – מנחם בגין.

אז אני רוצה לבקש מכם, חברי הכנסת וחברות הכנסת, לטובת אזרח מדינת ישראל שנעצר לפני תשעה חודשים. אף אחד לא יודע מהי אשמתו. אני מבקש מכם, במיוחד מהאופוזיציה, אבל גם מכל בעל מצפון שיושב פה: בואו נבקש אנחנו להבין מה הסיפור. בן-אדם צריך לעמוד לדין, בית-המשפט יחליט. כך מתנהגים במדינה דמוקרטית.

שמע, נגד כל מעצר מינהלי – נגד ערבים, נגד היהודים, ונגד היהודים שנמצאים עכשיו בבית-המעצר. נגד כל מעצר מינהלי.

נגד הכיבוש זה נגד היהודים?

– – – אין ספק שאם יהודה המכבי היה חי בימינו, מועצת הביטחון הייתה מגנה אותו מכול וכול על כיבוש של השטח הפלסטיני הכבוש.",1
306335,"אדוני היושב-ראש, בשבוע שעבר רצח נורא טלטל את עירי היפה חיפה. המשטרה חשדה בבן-אדם מהשכונה חליסה, שכונה מוחלשת שיש בה גם ערבים וגם יהודים, טרף קל. מצור של שלושה ימים על השכונה; דלתות נבעטו, אנשים הוכו – השפילו שכונה שלמה. אדוני היושב-ראש, בוועדת אור, ועדת חקירה ממלכתית, נאמר כך: המשטרה מתייחסת לערבים כאל אויבים ולא כאל אזרחים. מדי שנה נרצחים 70 ערבים, בקושי מצליחים לפענח מקרה אחד – כאשר הנרצח הוא ערבי. בוודאי יש לי עמדה ערכית נגד כל פגיעה בבן-אדם, נגד כל פגיעה בכל אזרח, אבל כאשר הנרצח הוא יהודי, כמו למשל בנאום דיזנגוף של ראש הממשלה, שהוא משתלח נגד חברה שלמה, אותו דבר קרה בחליסה, כאשר הנרצח הוא יהודי. אני דורש שהמשטרה תתנצל בפני תושבי שכונת חליסה ותפצה אותם בכסף. תודה.",1
306553,"אדוני היושב-ראש, חברי חברי הכנסת, באחד מלילות ההצבעה הארוכים במליאת הכנסת פנה אלי ראש הממשלה, שישב בכיסא שלפני, ושאל: מה אתה עושה עכשיו, איימן? לא הספקתי לענות והוא כבר ירה שאלה רטורית נוספת: אתה יודע איך אני מבלה את הלילות שלי? הוא המשיך בפנים רציניות: אני חושב ופועל למען האזרחים הערבים במדינה. לרגע התאפקתי שלא לפרוץ בצחוק. האם האדם שיושב מולי האמין בכל לבו לבדיחה שזה עתה סיפר? אבל נראה שצדקת, נראה שאתה באמת מבלה את הלילות שלך בדאגה מה תעשה עם האזרחים הערבים. לראש הממשלה יש מטרה אחת ברורה: איך להפוך את האזרחים הערבים לאויב מספר אחת, לסמן אותם, לחבוט בהם, ועל הדרך להרוס כל סיכוי לחברה משותפת במדינה. ראש הממשלה נתניהו דואג כל כך לאזרחים הערבים עד שבאחד מדיוני הממשלה סביב עמונה הוא הורה להרוס, כנקמה, בתים ביישובים הערביים. בחוצפה רבה מעז נתניהו להגיד שלא תהיה איפה ואיפה, ועושה דין אחד למתנחלים בעמונה – שגזלו וגנבו אדמה פרטית, ועוד בשטח כבוש – ולאזרחים ערבים, שבונים על אדמתם הפרטית שלהם. חודשים רבים הייתה הממשלה הזאת עסוקה רק בדבר אחד: הסדרת מצבן של 40 משפחות בעמונה. הממשלה התכנסה שוב ושוב כדי להעביר חוק שהוא עבירה על החוק הבין-לאומי. נבחנו חלופות, ניתנו פיצויים של מיליונים, וכמובן, ראש הממשלה גם פרסם סרטון בעמוד הפייסבוק שלו, שבו הוא הביע הזדהות אישית עם כאבם ומצוקתם של מתנחלי עמונה. גם על ההריסות בקלנסואה נתניהו פרסם פוסט, מחושב ומוקפד כמו תמיד. הוא בחר לפרסם כתבה דווקא מאתר אזוטרי, תחת הכותרת: כוחותינו הורסים בתים של ערבים – ""כוחותינו"" במלחמה מול מדינת האויב קלנסואה. חברי כנסת, כעומק החקירה, גובה ההסתה. אנחנו משלמים כעת את מחיר חולשתו הפוליטית של ראש הממשלה. את מחיר כישלונותיו ומחיר זעמו על הביקורים בחדרי החקירות. אולי הוא יושב עם סיגר טבול בשמפניה ורודה, אבל אנחנו יודעים שזו אכזריות שנובעת מחולשה. אדוני ראש הממשלה, ילדי קלנסואה יהיו כאן גם אחרי שאתה והשחיתות שלך תהיו רק זיכרון אפל. חברי הכנסת הנכבדים, בואו נדבר ברצינות על הבנייה ללא היתר, שהיא אולי הבעיה הכואבת והקשה ביותר של הערבים בישראל. בנייה ללא היתר היא לא תחביב של הציבור הערבי; בנייה ללא היתר היא מדיניות מוצלחת ביותר של ממשלות ישראל. לאורך עשרות שנים הופקעו עשרות-אלפי דונמים של אדמות מהאזרחים הערבים ותוכניות מתאר של ערים וכפרים ערביים נתקעו בכוונה במשך שנים על גבי שנים. ליישובים הערביים לא התווספו שטחי שיפוט. מאז קום המדינה נבנו בישראל 700 יישובים חדשים. 700 יישובים חדשים ליהודים ואף לא אחד לערבים. בישראל היום יש 930 יישובים קהילתיים; 930 יישובים שבהם אסור בפועל לערבים להתגורר. דבר כזה לא היה קיים, למעט בדרום-אפריקה, בתקופת האפרטהייד.

במשך עשרות שנים למדנו להבין: כשמדובר על הפקעת אדמה לטובת צורכי הציבור – –

– – האדמה היא ערבית והציבור הוא יהודי.

אדוני, אני מבקש את הזמן שלי, בבקשה.

במשך עשרות שנים למדנו להבין: כשמדובר על הפקעת אדמה לטובת צורכי הציבור, האדמה היא ערבית והציבור הוא יהודי. בקרב חלקים גדולים מהציבור היהודי רווחת האמונה שהסיבה לסוגיית הבנייה הלא-מורשית בציבור הערבי היא חוסר רצון לקבל אורח חיים עירוני ובנייה רוויה. אך זוהי טענה שקרית, שנובעת מקולוניאליזם תרבותי כלפי הערבים. כיום סך שטחי השיפוט של הרשויות הערביות משתרע על כ-2.5% משטחה של המדינה. במילים אחרות, 20% מאזרחי המדינה גרים על 2.5% משטחה. בזמן שלא הורחבו תחומי השיפוט של הרשויות הערביות, השטח הבנוי בהם גדל פי-16. בסח'נין מוקצים 191 מ""ר לנפש, בשעה שבכרמיאל מוקצים 524 מ""ר לנפש. לנצרת חצי שטח ממה שניתן לנצרת-עילית השכנה, אף שגודל האוכלוסייה בה הוא כפול. תאמינו או לא, גם בקרב הערבים יש מי שמעוניינים לחיות בכפר וכאלו שמעוניינים לחיות בעיר, וזכותנו, בדיוק כמו היהודים, למגוון האפשרויות. הבעיה אינה סגנון חיים ערבי אלא גזענות ממשלתית. אתם באמת חושבים שהערבים מעדיפים לחיות בבית ללא היתר? הקשבתם פעם לעצמכם? מי שמתגורר בבית ללא היתר משלם בדרך כלל עשרות-אלפי שקלים בשנה על קנסות. משפחה שחיה כך היא משפחה שאין לה שקט נפשי. איך אפשר לחיות בשקט כאשר סכנת הריסת הבית מרחפת מעליך? בנייה ללא היתר נעשית כצעד אחרון ונואש להבטיח קורת גג למשפחה, ולא מתוך כוונה להפר את החוק. כנסת נכבדה, אנחנו רוצים להביא לפתרון רציני ופרגמטי לסוגיה. הממשלה יודעת היטב שאין פתרונות קסם. אי-אפשר להרוס 50,000 בתים לא מורשים ולזרוק מאות-אלפים לרחובות. כשראש הממשלה מורה להרוס 11 בתים מתוך 50,000, לכולנו ברור שלא מדובר בטיפול בסוגיה אלא בספין פוליטי ריק, שכל מטרתו היא לספק את תאוות הנקם של הימין הקיצוני וההתנחלותי. אנחנו צמאים לתכנון הולם, ועל שולחן הממשלה עדיין מונחת ההצעה שלנו להסדרת הסוגיה כולה. ההצעה כוללת שני מרכיבים: מצד אחד הקפאת הריסות הבתים, כשבזמן הזה המדינה תשקיע משאבים כדי לאשר תוכניות מתאר שיסדירו את הרוב המוחץ של הבתים ביישובים הערביים ויספקו פתרונות לעתיד; מצד שני, אנחנו נפעל, יחד עם ראשי הרשויות המקומיות, בתוך הציבור הערבי על מנת שלא יבנו מבנים חדשים ללא היתר בתקופת ההקפאה. רק כך ניתן לפתור את הבעיה. אך זה מצריך רצון פוליטי. שרים רלוונטיים בממשלה, כמו שר הפנים דרעי ושר השיכון גלנט, כבר הביעו תמיכה בהצעה. אולם זה לא משרת את השיקולים הפוליטיים הצרים של ראש הממשלה. השביתה ביום רביעי הייתה צעד חשוב במאבק. ביום שישי השתתפו אלפים בהפגנה בקלנסואה, וזו רק ההתחלה. לא נהסס לפתוח בקריאה למרי אזרחי. נתמוך בכל מי שיחליט לא לשלם את הקנסות ויבחר ללכת במקום זה למאסר. בשירה של הזמרת הלבנונית האגדית פיירוז נאמר: (אומר בערבית ומתרגם:) אל תפחדו, בכלא אין מספיק מקום לכל האנשים. הם יוכלו להכיל רק חלק ויישאר ההמון, ועם ההמון נמשיך. חברים נכבדים, ראש הממשלה, בחוקיו הגזעניים, בהרס, בשנאה ובהסתה, מנסה בכוח להפוך את האוכלוסייה הערבית לאויב שיוכל לנופף בו מול הציבור. אחרי עשרות שנים שבהן חונקים לנו את היישובים, מונעים כל פיתוח או התקדמות, חוסמים את כניסתנו למאות יישובים אחרים, מבטלים מכרזים ומסרבים למכור או להשכיר לנו דירות בערים, אנחנו מתקרבים לנקודה שלא יהיה לנו מה להפסיד יותר. (אומר בערבית: כאן, על חזיכם, אנו נשארים כמו גדר). הגזענות לא תשבור אותנו, וההריסות לא ירתיעו אותנו. (אומר בערבית ומתרגם:) זוהי מולדתנו האהובה והיחידה, ואין לנו מולדת אחרת מלבדה.

אין לנו יותר מה להפסיד, אבל יש לילדינו עתיד להיאבק עליו. תודה.",1
306630,"גברתי היושבת-ראש, חברי חברי הכנסת, אני מתבונן בדיון במליאה, ואני חושב האם האבחנה היא פוליטית או פסיכולוגית. אני לא מכיר עוד מקום בעולם שנאבקים בו למען זכויות קולקטיביות של רוב. כאשר נכנסים לגוגל וכותבים ""זכויות קולקטיביות לרוב"", גוגל משתגע. אחרי שהוא מתעשת, הוא מוציא לנו את האייטם ""זכויות קולקטיביות למיעוט"", כי הרוב מקבל את הזכויות הקולקטיביות שלו ביום המכונן, בשנה הראשונה, במגילת העצמאות. אחרי זה, דמוקרטיה, בין היתר, זה זכויות קולקטיביות למיעוט, ולא לרוב. ואני מתבונן בהתנהגות. אני אומר: מה קרה עם הרוב הזה, שבא, משתלח, מתלהם, מזיע על הבמה, יורד, באים ומעודדים אותו איך שהוא מתלהם? האם יש עוד דבר כזה בעולם? אני מזהה שיש פה רוב עם מנטליות של מיעוט; חזקים עם מנטליות של חלשים ומפחדים. ועוד פסיכולוגיה חשובה: סליחה, האם גנבתם משהו בשנת 1948 ואתם לא בטוחים בעצמכם, לכן אתם כל הזמן רוצים לשמוע שאתם מדינה יהודית? תכירו בנו לא רק מבחינה עובדתית, אלא מבחינה אידיאולוגית תכירו בנו. האם גנבתם משהו בשנת 1948?

מדינה יהודית ודמוקרטית – – –

טוב, אז אם יש לנו ויכוח אינטלקטואלי על מדינה יהודית ודמוקרטית – –

– – מה זה מדינה יהודית, בבקשה?

האם זו מדינה יהודית לפי התפיסה של מרצ, למשל, של המחנה הציוני, של קדימה, למשל, של התנועה, של הבית היהודי, של הליכוד, של ישראל ביתנו? מה זה מדינה יהודית? אולי אנחנו צריכים לחתום על דף ריק ואחרי שתגיעו להסכמה אתם תמלאו את החסר והחתימה שלנו נמצאת כבר שם? אם אני רוצה שהמדינה תהיה גם שלי, גם שלי – –

– – אז היא מדינת היהודים או מדינת כולם? והאם מדינת היהודים סותרת את היותה מדינה של כולם? אז אם אני רוצה שתהיה מדינת כל אזרחיה, זה סותר שתהיה מדינת היהודים, אבל לא רק היהודים, גם הערבים אזרחי המדינה?

אז מותר לי לנתח את הדברים הללו, או שאני כבר עכשיו עברתי על החוק ואני לא יכול להתמודד בפעם הבאה? לאן אתם מוליכים אותנו? לאן? תודה.

מסכים אתך, אבל גם אני נמצא פה.

אני מסכים אתך, אבל גם אני נמצא פה.",1
306969,"אדוני היושב-ראש, חברי חברי הכנסת, חברות הכנסת, אנחנו כולנו נמצאים במצב נפיץ מאוד ביחסי ערבים–יהודים; בקשר בין האוכלוסייה הערבית לבין מוסדות השלטון. יש מי שרוצה שכל היהודים יהיו נגד כל הערבים; יש מי שרוצה שכל הערבים יהיו נגד כל היהודים. אני חושב שאנשים אחראיים צריכים לבדוק אופציה שלישית שיהיו בה ערבים ויהודים יחד נגד הגזענות. אני הייתי שם באום-אלחיראן. אחרי זה עקבתי אחרי כל ההתרחשויות. ראיתי איך הרגו את יעקוב אבו אלקיעאן שלוש פעמים: בפעם הראשונה ביריות; בפעם השנייה כשהאשימו אותו שהוא חבר ב""דאעש"" – לא פחות. זה היה אחרי חמש דקות מהפגיעה בו, ואיך המפכ""ל אמר שהוא מחבל בן-עוולה בלי לבדוק את הדברים? כולנו יודעים שאדם זכאי עד שהוכחה אשמתו, אבל כנראה זה לא לערבים. לערבים לא עומדת חזקת החפות. ועדת אור קבעה שהמשטרה מתייחסת לערבים כאל אויבים ולא כאל אזרחים. ועדת אור גם קבעה שהמשטרה מטפחת תרבות שקר. זה לא שקר, זה יותר מזה – תרבות שקר; בפעם השלישית, כאשר החזיקו בגופה שלו. מאז 48' עד עכשיו המדינה לא החזיקה בזדון גופה של אזרח במשך חמישה ימים. לא מדובר על זכויות אדם ועל אנטיגונה – כנראה אנחנו רחוקים מהערכים הללו. אבל חשוב לי לומר לכם שאתמול הייתה ההלוויה, והלוויה גדולה מאוד, הלוויה של עשרות-אלפים. האם מישהו נפגע מזה? האם לומדים לקח מזה? האם מישהו עכשיו יושבים ואומרים: למה החזקנו את הגופה חמישה ימים? אני לא רואה שמישהו מהממשלה חושב בכיוון הזה. על יעקוב אבו אלקיעאן אני רוצה לומר כמה מילים של מחמוד דרוויש, ומטעמי כבוד גם אתרגם אותן לעברית, כי חשוב לי שגם אתם תבינו מה מחמוד דרוויש אמר. (אומר דברים בשפה הערבית ומתרגמם:) אני אתרגם לעברית. מחמוד דרוויש אמר: שמו על פיו שלשלאות ואת ידיו קשרו לסלע המתים. ואמרו: אתה רוצח. לקחו את מזונו ובגדיו ודגליו וזרקו אותו בכלא המתים ואמרו: אתה גנב. זרקו אותו מכל הנמלים, לקחו את אהובתו הצעירה ואמרו: אתה פליט. ואתה עם העיניים האדומות והכפיים, הלילה מסתיים. חדר המעצר לא ישרוד ולא השלשלאות. נירון מת, אך רומא לא מתה. בעיניה – היא נלחמת. וזרעי החיטה ייבשו, ויימלא העמק חיטה. זה מה שאר מחמוד דרוויש, וזה כל כך מתאים ליעקוב אבו אלקיעאן ולסיפור שלו. אני רוצה לספר לכם מה קרה לי. אני. אני חושב שאתם, בהיותכם חברי פרלמנט – זה צריך לעניין אתכם, כי זה חבר כנסת, זה המעמד שלו, זו החסינות. זה צריך לעניין כל אחד מכם. הייתי שם אחרי משא-ומתן מייגע עד השעות הקטנות בלילה. ביקשתי עוד יומיים. לא נתנו תשובה. הרגשתי שהם יבואו ויהרסו. חשבתי שאני, חבר כנסת – יכבדו אותי – אני יכול לנהל משא-ומתן בשטח. כשהגיעו השוטרים ניסיתי לדבר אתם. ממרחק אפס ריססו אותי בגז פלפל. ממרחק מטר אחד ירו עלי כדור ספוג פה על המצח. אחרי שנייה ירו בי על הגב עוד כדור ספוג. הייתי באמבולנס בדרך לבית-חולים. שמעתי בחדשות שהמשטרה אומרת שהמפגינים זרקו עלי אבנים. אתם לא צריכים להסכים שתהיה פה, במדינת ישראל, משטרה המשקרת במצח נחושה. אתם לא צריכים להסכים. זה מתחיל אצל הערבים, אבל זה לא עוצר שם. זה בדיוק כמו שקרה בכל מקום בעולם, גם בתוך מדינת ישראל: הסיתו נגד הערבים, זה הגיע עד לרצח של רבין; מסיתים נגד מיעוט – זה מגיע לשמאל, לקבוצה השולטת, בגדול. לכן זה עניין של דמוקרטיה, זה עניין של הפרלמנט וזכויות של חברי כנסת. אתם לא צריכים לקבל את הדברים הללו. אני ישר פניתי למכון לרפואה משפטית אבו-כביר, אמרתי להם: תבדקו אותי. אני רוצה דוח רשמי, אני רוצה דוח רשמי ממה נפגעתי. אני משער היום – אני לא יודע אם מחר, אני לא יודע אם בתחילת השבוע הבא, אבל אני אמור לקבל את הדוח הרשמי. אז מה תגיד המשטרה? מה יגיד ארדן השקרן? מה יגיד? שאני, יש לי דם על הידיים, כמו שכתב? שאני הסתּי? שאני פגעתי בשוטרים? כך הוא יגיד? חברים, אני רוצה לעבור לסוגיה העיקרית. תבינו אותי בבקשה. תבינו מה אני רוצה לומר עכשיו. אני לא טוען שיש במדינת ישראל מדיניות אפרטהייד. אני לא טוען זאת. אני לא אומר שיש במדינת ישראל מדיניות אפרטהייד. אני חבר כנסת – זה לא אפרטהייד; יש חברי כנסת – זה לא אפרטהייד; יש רופאים ערבים בבתי-חולים – זה לא אפרטהייד. אנחנו חלק מהכלכלה, למרות כל האפליה – זה לא אפרטהייד. אבל מדינה שבנתה 700 יישובים חדשים, כולם ליהודים ואפס לערבים; יש במדינת ישראל 930 יישובים שערבי לא יכול לגור בהם בגלל ועדות קבלה. אני הערבי יכול לגור בכל מקום בארצות-הברית, באירופה, באוסטרליה, באסיה, באפריקה. רק במולדת שלי יש 930 יישובים שאני לא יכול לגור בהם. יש גם כפרים בלתי מוכרים – אין מים, אין חשמל, אין מערכת חינוך. מסתכלים על האורות של הבקר, של החיות בקיבוצים ממול. אין להם חשמל. אין להם מים. אז תגידו לי, כאשר אנחנו יכולים לסמן במפה שאלה יישובים רק של ערבים ואלה רק של יהודים, זה segregation או לא? זו מדיניות אפרטהייד בתכנון ובנייה או לא? אז אני אומר לכם, אני לא יכול לטעון שבמדינת ישראל יש מדיניות אפרטהייד בין ערבים לבין יהודים, לא יכול, אבל בתחום התכנון והבנייה יש אפרטהייד ממוסד מטעם המדינה. אני אומר לכם, אני לא מאלה שממהרים לפנות לעולם. אני מאמין שהמאבק העיקרי הוא פה במולדת – ולא רק ערבים, לבד, זה צריך להיות ערבים ויהודים ביחד, למען הדמוקרטיה. אבל הגב שלנו אל הקיר. אין לנו לאן לחזור עוד יותר. אנחנו 20% מכלל האוכלוסייה, ומשתרעים רק על 2.5% מהאדמות בעקבות ההפקעות המסיביות של האדמות שלנו. לכן, אנחנו קוראים לציבור הרחב: בשבת הבאה אנחנו מקיימים הפגנה ענקית בתל-אביב. למה בתל-אביב ולא בנצרת? כי יש לנו מסר, יש לנו מסר להעביר את הזעקה הצודקת שלנו לרחוב, לציבור הכללי במדינת ישראל. אני פונה לציבור הרחב: תשתתפו אתנו. זה המאבק של כולנו למען מדינה דמוקרטית, אזרחית, שוויונית לכולם. תודה.",1
307009,"– – – על שקר? – – – על שקר?

אדוני היושב-ראש, יש תקנון של הכנסת. הוא תקף אותי, אני צריך להשיב.

אני הותקפתי. אני הותקפתי פעמיים בגללו. תן לי לדבר.",1
307116,"אדוני היושב-ראש, מכובדי, יש דברים שאמורים להדאיג את כולם. אחד מהם – כאשר המשטרה והשר לביטחון פנים משקרים במצח נחושה. ואני אסביר: אחרי האירועים של אום-אלחיראן אני עצמי פניתי למכון לרפואה משפטית, אבו-כביר, וביקשתי מהם לבדוק אותי ולהוציא דוח. לפני שעה קלה קיבלתי את ממצאי הדוח, וכתוב שם כך: הפצע בראש הוא מוארך, עם שפשוף ושפך דם מקביל לו. ממצא זה יכול להתיישב עם פגיעת קליע, כלומר, משפשוף של קליע ספוג, כפי שטוען הנבדק. זו ההחלטה. זה כדור ספוג שפגע בי. הובלתי באמבולנס לבית-החולים ושמעתי את המשטרה אומרת שנפגעתי מאבנים, לכן החלטתי לפנות למכון לרפואה משפטית – כמו ששמענו שיעקוב אבו אלקיעאן שייך ל""דאעש""; שתי דקות אחרי האירוע כבר בדקו וכבר החליטו. אני חושב שהסיפור שלי הוא הסיפור הקטן ביותר בנושא. הסיפור של יעקוב בוודאי יותר גדול מהסיפור שלי, הסיפור של הריסת הבתים יותר גדול, וכל סיפור התכנון והבנייה בקרב האוכלוסייה הערבית הוא הסיפור הגדול ביותר. כשהשר לביטחון פנים משקר בזה – משקר לגבי יעקוב אבו אלקיעאן, משקר לגבי האירוע כולו; והיה עוד שקר לפני חודשיים – הוא אמר לי: בבקשה, קח, אני חותם לך, תבקר אצל האסיר מרואן ברגותי. אני מבקש, אני יוצא, ואני קורא ציוץ של השר שהדם שלו רותח: איך חבר כנסת מבקר אצל מרואן ברגותי.

אני חושב שכולנו עכשיו מבינים שהוא שקרן סדרתי.

אני רוצה לומר לכם שוועדת חקירה ממלכתית – –

– – זה לא אני, ועדת חקירה ממלכתית בישראל, קבעה שהמשטרה מטפחת תרבות שקר – –

– – והיא גם קבעה שהמשטרה מתייחסת אל הערבים כאל אויבים, ולא רק כאל אזרחים. אני רוצה לומר לכם: אני קורא להקמת ועדת חקירה ממלכתית.

אז השר ארדן לא הסכים לוועדת חקירה פרלמנטרית. למה אנחנו רוצים ועדת חקירה נייטרלית, והשר לא רוצה. עכשיו הוא צייץ בטוויטר שאני שקרן – אחרון הטוקבקיסטים, השקרן ארדן, השקרן הסדרתי. תודה.",1
307284,בזה אתה צודק. בזה אתה צודק.,1
307368,"כבוד השר, בתוכנית משרד התחבורה להרחבת השירות בקווים חדשים לחברה הערבית, כל הפעלה של קו חדש נתקלת באיסור הפעלתו בשבת. רצוני לשאול: 1. האם יאשר משרד התחבורה את הפעלת הקווים בשבת? 2. אם כן – מתי יפעל לכך?

כבוד השר, משרד התחבורה מתגאה בפרויקט הרכבת הקלה נצרת–חיפה, אבל מדובר בפועל ברכבת חיפה–נצרת-עילית – 11 תחנות עירוניות בתוך נצרת-עילית ותחנה אחת, שנמצאת על גבול נצרת–נצרת-עילית. האם לא מן הראוי שהרכבת תשרת גם את תושבי נצרת עצמם ותגיע באמת לנצרת, ולא רק בפרסומים? תודה.",1
308441,"אדוני היושב-ראש, חברי חברי הכנסת וחברות הכנסת, אני התבוננתי במחזה כי רציתי להבין, וראיתי איך מתייחסים אלינו רק כאל ערבים ולא גם כאל אזרחים. כך ראיתי את דוד אמסלם. גם השר דרעי – למשל זוהיר בהלול דיבר, אז השר דרעי שאל אותו על סוריה. אני חושב שזה דבר פשוט מאוד לא נכון ביסוד שלו. אני חושב שכל מיעוט בעולם – מי כמו היהודים יכולים להבין את הדבר הזה – מיעוט הוא בעד שלום; מיעוט הוא בעד דמוקרטיה; מיעוט הוא בעד צדק חברתי; מיעוט הוא בעד סובלנות. זה לא סיפור של גנים. דרך אגב, דוד, יש לנו הרבה בעיות בתוך החברה שלנו – לא דמוקרטיים במיוחד בהרבה תחומים בתוך החברה שלנו. אני רוצה יותר שוויון לנשים בתוך החברה שלנו, אני לא רוצה יחסי חמולות. יש לי הרבה ביקורת עצמית, כלפי החברה שלנו. אבל בהיותנו מיעוט, אנחנו אלה שרוצים שלום, שוויון, דמוקרטיה. בקיצור, זה כל כך טוב לנו. השלום טוב לנו שבעתיים יותר מאשר ליהודים. הדמוקרטיה והשוויון טובים לנו יותר מאשר ליהודים. אני חושב שזה ברור, זה צריך להיות ברור. יש תירוץ לאפליה, למשל להסתכל עלי ולהגיד: ומה עם סוריה? אני אזרח במדינה. צריך להשוות את עצמי לשני דברים: 1. לערכים אוניברסליים; 2. לאזרח היהודי. אני לא מבקש להשוות את עצמי לא לסוריה, לא למקומות שיש בהם הרבה כסף, כמו הנסיכויות, כמו כווית, כמו קטאר, ולא לשווייץ. לא. לערכים בין-לאומיים אוניברסליים, וגם לאזרחים היהודים. אני חושב שזה דמוקרטי, זה שוויוני, זה אזרחי, זה fair enough, אבל במדינת ישראל יש תירוץ לאפליה, למשל: אבל זו מדינה יהודית, כמו שאמר דוד אמסלם עכשיו; אז תבינו, מדינה יהודית מפלה אתכם. או להגיד להם, למשל: אתם לא עושים את החובות שלכם; או להגיד למשל: תביא לו את ואדי-עארה. יש כל מיני אמירות איך לברוח מלענות על הדבר הכי בסיסי, שזה השוויון. אבל יתרה מזו, אני רואה איך הכיבוש הזה בועט בכל דבר שיכול להיות טוב. אני התבוננתי בסיפור של עמונה; במקום לדבר על תקציב של 280 מיליארדים, מדברים על הבתים של עמונה במשך חודשיים. לדבר על עמונה, כלומר לתקוף את בית-המשפט העליון; לדבר על עמונה, כלומר לתקוף את ""שוברים שתיקה"", את ""בצלם"" ואת העמותות; לדבר על עמונה, כלומר להרוס בתים של ערבים. כמה הכיבוש הזה מחסל כל מקום שיכול להיות טוב. ועכשיו מגיע סיפורו של החרם. אני הייתי לפני שבועיים בארצות-הברית. אני ראיתי שם אלפי יהודים שתומכים בחרם נגד ההתנחלויות. אלה אנשים לא נגד המדינה; אלה אנשים נגד הכיבוש. ואני נגד הכיבוש ובעד חרם על ההתנחלויות. ההתנחלויות הן פשע מלחמה – –

– – הן גנבת אדמה של אנשים פרטיים. אז העמדה היא לבקש מאנשים – להגיד שהם לא ייכנסו בגלל שהם מבקשים חרם על ההתנחלות? אז הכיבוש עוד יעשה מהמדינה מדינה מצורעת בכל העולם – –

– – וזה, כנראה, כל כך קרוב. תודה.",1
308542,"בתכנון ובנייה יש אפרטהייד.

אדוני היושב-ראש, אני רוצה לברך ולציין את שמם של שני גברים בקרב האוכלוסייה הערבית שקידמו את יום האישה הבין-לאומי: אחד זה תאופיק זיאד, ראש עיריית נצרת, שציין את היום הזה כיום חופש לנשים העובדות בעירייה; השני הוא נימר מורקוס ראש מועצה מקומית כפר-יאסיף. לפני כמה חודשים קראתי את ספרו של יובל הררי ""קיצור תולדות האנושות"", ושם הוא דיבר על האפליה בין גברים לבין נשים וכתב כך: האפליה מסתכמת במילה אחת, שזו מלחמה. בגלל שהמלחמה והכיבוש מחזקים את הגבר הלוחם; בגלל שהתפיסה המיליטריסטית מחזקת את האלימות, וזה בעיקר נגד האישה; בגלל המלחמה והכיבוש, כלומר, להעביר כסף מסוגיות חברתיות לסוגיות של מלחמה וכיבוש – כל זה פוגע במעמד האישה. כלומר, שוויון לנשים זה בעיקר שלום, בעיקר צדק חברתי, בעיקר דמוקרטיה – ממש שמאל פוליטי, שמאל חברתי, שמאל כלכלי, בוודאי להבדיל מהדברים והמחזה שהיה אתמול פה בכנסת. אני רוצה לברך את חברתי חברת הכנסת עאידה תומא סלימאן, יו""ר הוועדה למעמד האישה. חברת הכנסת עאידה תומא, את מרגשת אותנו. תודה רבה על כל העשייה הנהדרת השלך. מילה אחרונה בשפה הערבית: (אומר דברים בשפה הערבית, להלן תרגומם: ברצוני לברך את הנשים הערביות הלוחמות ונאבקות למען הזכויות שלהן. נשים אלה סובלות מאפליה לאומית ומאפליה חברתית. יחדיו נביא לכך שחברתנו תהא חברה אצילית יותר ויפה יותר.) תודה רבה.",1
308632,"אדוני היושב-ראש, חברי חברי הכנסת וחברות הכנסת, היום הכנסת מביאה את הצעת חוק אל-מואד'ן, כך זה נקרא בערבית אל-מואד'ן, אל-אד'אן, המואזן, אל-מואד'ן. זו רדיפה נגד הציבור הערבי, נגד הנוכחות הערבית, נגד השפה הערבית, נגד היותנו חלק מהמרחב, חלק מהטבע, חלק מהמקום הזה. חז""ל אמרו, וחשוב לי שחברי הכנסת החרדים ישמעו את זה – חז""ל אמרו: אין גוזרים גזירה על הציבור שאין הוא יכול לעמוד בה. אין, לא יכול להיות. זה דבר שאנחנו לא יכולים לעמוד בו. אנחנו אנשי חוק ונאבקים בצורה לגיטימית וגם חוקית, אבל יש גזירות שאנחנו לא יכולים לעמוד בהם. האחד, למשל, זה הגיוס לצבא, לחלק מהציבור שלנו. אנחנו קוראים להם לא להתגייס לצבא הכיבוש. אנחנו עומדים מאחורי זה.

אדוני, אני יכול להמשיך, זה בסדר.

אדוני היושב-ראש, אני מבקש את הזמן שלי, בבקשה, שתשמור לי עליו. תודה רבה לך. הדבר השני זה הריסות בתים. זו גזירה שאנחנו לא יכולים לעמוד בה בצל האפרטהייד בתכנון: 700 יישובים ליהודים ואפס לערבים; 961 יישובים שאנחנו לא יכולים לגור בהם; כפרים בלתי מוכרים. לכן אנחנו כן נעמוד מול הדחפורים. הגזירה השלישית זה חוק הנכבה. אנחנו לא יכולים לעמוד בדבר כזה. זאת הגזירה הרביעית, שלא רק שלא יכולים לעמוד בה – זה לא יהיה אף פעם. הקול של המואזין יישאר; היה לפני הגזענים ויישאר אחרי הגזענים. זה חלק מהטבע, חלק מהמרחב, חלק ממולדתנו זו, שאין לנו מולדת אחרת מלבדה. תודה רבה.",1
308662,"אני מבקש, אני לא מתלהם, אבל אני קורע את החוק הזה – – –

זה חוק שצריך לקרוע אותו – – –

זה חוק שלא יהיה מיושם. זה חוק שלא יהיה מיושם – –",1
308748,"אדוני היושב-ראש, חברי חברות הכנסת וחברי הכנסת, אני רואה שהשר אורי אריאל מחייך, צוחק. הוא אתמול אמר כך: אם הייתה תקלה באום-אלחיראן, הוא מבקש להתנצל בפני המשפחה. אתה יכול לצחוק, לחייך. רק שני הרוגים, ומחייך.

ואחרי שכינה את יעקוב אבו אלקיעאן מחבל טרוריסט, ואף קשר אותו ל""דאעש"", לפתע נזכר שמדובר באזרח ודיבר על תקרית מצערת. אם מישהו חושב שהאוכלוסייה הערבית תסתפק בחצאי התנצלויות וגמגומים, יש לו טעות חמורה. אחרי שכל מסכת השקרים וההסתה התפוררה, נשארו שתי משפחות שכולות שאיבדו את כל עולמן. המינימום שמגיע למשפחת אבו אלקיעאן ולמשפחת לוי הוא לדעת את האמת, וזו גם החובה של כל מי שיושב פה באולם, כלפי הציבור הערבי וכלפי כולנו. המינימום שמגיע להם הוא שאתה, השר לביטחון הפנים, תתפטר. זה המינימום שמגיע לשתי המשפחות. אנחנו דורשים חקירה עצמאית ואמיתית. אנחנו מאשימים ודורשים לדעת: מי קיבל את ההחלטה לפנות באלימות את הכפר בזמן שהתנהל משא-ומתן? מי קיבל את ההחלטה לפנות את הכפר בחושך? מי ירה והרג את יעקוב אבו אלקיעאן?

מי נתן את ההוראה לתת לו להתבוסס בדמו ולמות ללא טיפול רפואי? מי החליט לצאת מייד במסע הסתה נגד יעקוב ותושבי אום-אלחיראן? מי נתן את ההוראה לירות בי? ומי החליט להפיץ אחר כך את השקר שנפגעתי מתושבי אום-אלחיראן? השר ארדן, שאינו מסוגל להוציא מילה של אמת מפיו, החליט שבזמן שהוא כביכול חוזר בו מההאשמות הקשות נגד יעקוב אבו אלקיעאן, זיכרונו לברכה, ותושבי אום-אלחיראן, הוא ממשיך לשקר ולהסית נגדי באופן אישי ונגד האוכלוסייה הערבית בכלל. ארדן טוען שוב ושוב שלא שיקר והסית נגד כלל הציבור הערבי אלא רק נגד יעקוב ומשפחתו, בעוד שברור לכל אדם בר-דעת שאם היה מדובר באזרחים יהודים איש לא היה מעז להאשים אותם בהאשמות חמורות כאלה ללא כל בדיקה או חקירה, בדיוק כפי שהיה כשארדן האשים את כלל הציבור הערבי ב""אינתיפאדת ההצתות"", שמעולם לא התרחשה. בריאיון נרחב ב""מקור ראשון"" ארדן טוען שאני הגעתי ערב לפני לכפר על מנת למנוע מהתושבים לחתום על הסכם פשרה, שזה פשוט עוד שקר מכוער ובוטה. כל המעורבות שלי במשא-ומתן הייתה בניסיון עיקש לדחות ולמנוע את עצם הפינוי. ב-01:00, אחרי שהמשא-ומתן כבר התפוצץ, הנהגת הכפר התקשרה אלי והודיעה לי שהם חוששים שהפינוי יקרה למחרת באור ראשון. לצערנו, המשטרה בסוף אפילו לא חיכתה לאור. לכן בשעה 01:00 יצאתי מעכו לאום-אלחיראן והגעתי לשם באזור 03:00, לפנות בוקר. אחת הטענות שחוזרות שוב ושוב היא שבאתי לכפר להתסיס את התושבים. מכיוון שעכשיו ברור לכולם שמי שהיו אלימים הם השוטרים, לא ברור לי את מי בדיוק התססתי. אבל חשוב מזה הוא שכנציג האוכלוסייה הערבית אין לדעתי שום מקום שבו נוכחותי נכונה יותר מאשר עם האזרחים הערבים בנגב, לעמוד אתם כתף אל כתף מול הבולדוזרים שבאים להחריב את ביתם וחייהם. ברגעי האימה שם בכפר בחרתי ללכת ראשון וביקשתי מהפעילים ללכת אחרי, כי חשבתי שהשוטרים ינהגו יותר באחריות כשיראו מולם חבר כנסת. מודה שבזה טעיתי. ביום האירוע השר ארדן כתב: ""אני מבקש לומר דווקא ברגע הזה לאיימן עודה וליתר חברי הרשימה המשותפת שהגיעו להלהיט את הרוחות הבוקר: הדם הזה גם על ידיכם – – – אתם חרפה למדינת ישראל"". אני מסתכל עליך, השר לביטחון הפנים, איך אתה מרכין את הראש כל הזמן. אני מדבר ואתה לא מסתכל עלי, תמשיך להרכין את הראש שלך. ""אתם חרפה למדינת ישראל"" – אתה לתפארת מדינת ישראל. ורוני אלשיך, אבו קלבשה, אבו קלבשה, המפכ""ל של המשטרה, תיאר את המחנך יעקוב ""מחבל בן עוולה"". ועכשיו אני מגיע לנקודה עקרונית. ארדן נתלה שוב ושוב בכך שיש פסיקת בג""ץ שכביכול הכריחה את המדינה, כמו בהתנחלות עמונה, לפנות את הכפר. אבל גם זה, כרגיל אצל השר, פשוט שקר. מקרה אום-אלחיראן אכן הגיע לבג""ץ, אך בניגוד לפסיקה שהתייחסה לעמונה, וקבעה שמכיוון שמדובר בפולשים שגזלו אדמות פרטיות, המדינה מחויבת לפנות אותם, באום-אלחיראן בג""ץ קבע שלא מדובר בפולשים ושמדובר בבני רשות במקום, ולכן המליץ להגיע אתם לפשרה, אך לצערי כן אישר למדינה לפנות אותם, אך רק אם המדינה תרצה בכך – אך רק אם המדינה תרצה בכך. ארדן מדבר הרבה על הקמפיין שלנו נגדו ונגד המפכ""ל, ואני מודה שאני גאה, גאה מאוד, שהצלחנו להוביל התגייסות רחבה של אנשים וארגונים לתמוך בעמדה שלנו. אך בניגוד לארדן, שעומד בראש גופים עם תקציבי דוברות ויח""צנות שעולים למשלם המסים מיליונים, לנו אין את כל זה. לנו יש פשוט את האמת לצדנו, והיא שהובילה לתמיכה רחבה מאוד שאנו זוכים בנושא זה. המדינה רוצה לפנות את אום-אלחיראן על מנת להקים במקומו יישוב ליהודים בלבד בשם חירן, וזה כחלק ממדיניות מקסימום ערבים על מינימום אדמה ומינימום יהודים על מקסימום אדמה. אני מזמין את כולם, אזרחים יהודים וערבים, עיתונאים מהארץ ומהעולם, לבוא ולראות בעצמכם. בואו, סיירו בנגב ועברו בין כפרים לא מוכרים לחוות בודדים, ואז תגידו לי אם יש פה משהו חוץ ממדיניות גזענית שכל מטרתה להפלות את אזרחי המדינה הערבים. אני רוצה לסיים בדברים שאמרה דוקטור אמאל אבו סעד, אלמנתו של יעקוב אבו אלקיעאן, של המחנך יעקוב אבו אלקיעאן, בהפגנה בתל-אביב מול יהודים וערבים. היא אמרה כך: חשוב לי לעמוד כאן ולדבר בפניכם ולהעביר מסר לראש הממשלה ולשרים. למרות ההסתה הפרועה שלכם, הגזענות והאפליה בחקיקה, באכיפה, בתשתיות ובשירותים הממשלתיים, אתם לא תצליחו לפלג בין אזרחי המדינה. כולכם, שעומדים כאן היום, יהודים וערבים, אתם ההוכחה לכך שיהודים וערבים יכולים ורוצים לחיות ביחד ובשוויון. כל אדם בעל מצפון ומוסר שמאמין שניתן לחיות פה יחד, שאפשר וצריך להיאבק על עתיד טוב יותר, אם לא בשבילנו אז למען לדורות הבאים, חייב להצביע בעד הקמת ועדת חקירה. תודה.

– – – להתבייש – – – בכלל – – –",1
308841,"גברתי היושבת-ראש, חברי חברי הכנסת וחברות הכנסת, זה כמה שנים אביגדור ליברמן מדבר על תוכנית להחלפת אוכלוסין בין ערביי המשולש תושבי המקום, בני המקום וגם אזרחי המדינה, לבין המתנחלים שגזלו אדמות של פלסטינים באזור כבוש. תמיד אמרנו שאין מקום להשוואה בין ילידים לבין שודדי קרקעות ומנשלים מאדמות וחלק מכיבוש, אבל גם אמרנו שזה גירוש מהאזרחות וגם בעצם גירוש מהמולדת. כי מה זה מולדת? מולדת זה לא רק האדמה; מולדת זה ההקשר, זה הזיכרונות, זה הנוסטלגיה, זה חברי הילדות, זה האהובה הראשונה באוניברסיטה, זה קרובי המשפחה שהתחתנו ביישוב סמוך. המולדת היא כל זה ביחד. לגרש מהאזרחות, מהקשר כללי – כלומר זה גם גירוש מהמולדת. אבל גם אמרנו שהרעיון הזה הוא גזעני בבסיס שלו. כלומר, מה ההבדל ביני, אני הערבי, אזרח חיפה, לבין ערבי מהמשולש? ההבדל היחיד הוא שערביי המשולש גרים לצד הגדה המערבית ואני רחוק יותר. גם ביני לבין שכני היהודים אי-אפשר למתוח את הגבול, אבל אפשר, תיאורטית, עם ערביי המשולש. אז מה ההצעה הזאת אומרת לכל הערבים? היא אומרת: אתם הערבים כולכם אותו הדבר, אבל אתם עכשיו, ואת האחרים אנחנו משאירים על המדף בשביל התוכנית הבאה. את הדבר הזה אמרנו זה כמה שנים אבל עכשיו הכול מתברר, כמה שזה אמת. ליברמן, שר הביטחון, אתמול מפרסם סטטוס בפייסבוק, וכותב כך: זה לא רק תושבי המשולש, זה גם השיח' ראאד סאלח – הוא לא יודע שהוא מאום-אלפחם, אתם מבינים שיש לו בעיה בהכרת המקום והמרחב – וגם איימן עודה, חנין זועבי ובאסל גטאס, כלומר, אני, החי בחיפה, חנין, בנצרת, באסל, בראמה – כלומר כל הערבים. עכשיו, מה הוא יעשה אתנו? אתנו אי-אפשר לעשות חלופי אוכלוסין, לכן זה טרנספר בכוח. אנחנו, הרשימה המשותפת, שוקלים ברצינות שנפנה הפעם לוועדת הבחירות ונבקש: לפי סעיף 7א לחוק-יסוד: הכנסת, הגישה הזאת פוגעת באופי הדמוקרטי, כלומר, ביסוד של 7א לחוק-יסוד: הכנסת, והבן-אדם הזה לא יכול להמשיך להיות חבר כנסת. יתרה מזאת, בעיקר – זהו הדבר העיקרי – אתם לא יודעים עד כמה אנחנו בני המקום, עד כמה אנחנו שייכים בכל נימי נפשנו, בכל רמ""ח איברינו, כמה אנחנו דומים למקום הזה, כמה אנחנו מכירים אותו והוא מכיר אותנו. בשנת 1956 ביצעו טבח בכפר-קאסם במטרה מאוד ברורה: רצו שתושבי המשולש יברחו.

אמרו: אם בדיר-יאסין אנחנו ביצענו את הטבח והערבים, בין שגורשו ובין – חלקם – שברחו בצל המלחמה, נעשה אותו הדבר בצל מלחמה אחרת, שהיא מלחמת 1956, 29 באוקטובר 1956, וכך תושבי המשולש יברחו.

האנשים נשארו במולדת שלהם ואנחנו נישאר במולדת שלנו, על אפכם וחמתכם. תודה רבה.",1
309310,"אדוני היושב-ראש, חברי חברי הכנסת וחברות הכנסת, אבו עבדאללה ג'מעה אזברגה (אומר בערבית: האחות נאאפה, אמו של עבדאללה, ברוכה הבאה. ברוכים הבאים.) כל מה שאמרו על פוליטיקאים שהם לא מתרגשים – פשוט מאוד זה לא נכון. חברי ג'מעה, אני מתרגש. אני אוהב אותך ברמה האישית. אתה גם חבר, גם ידיד, בן-אדם מוערך בנגב ובכל הארץ. הכרתי אותך במשך שנים רבות במאבקים בשטח מול הרוע, למען הכרה בכפרים הבלתי-מוכרים, למען שמירה על האדמות בנגב. חברים וחברות, נכנס לכנסת בן-אדם שמייצג את האוכלוסייה המוחלשת ביותר במדינה, הן בקרב היהודים והן בקרב הערבים. אין יותר מוחלשים מערביי הנגב, שמחציתם חיים בכפרים לא מוכרים, ללא מים, ללא חשמל, ללא מערכת חינוך. אתה נציג האוכלוסייה המוחלשת ביותר, לכן אני כן מתרגש. בזכותך, בזכות טלב אבו עראר, בזכות הרשימה המשותפת, זו פעם ראשונה שיש שני נציגים מערביי הנגב באותה העת בכנסת, ואני מקווה שבעוד שלושה חודשים יהיה עוד נציג מטעם הרשימה המשותפת בכנסת. חשוב לי לומר לך כמה דברים, חברי ג'מעה אזברגה: אתה נמצא במקום לא הוגן. לא הוגן. כמו שדיברת פה על החלטות האו""ם, אתה והרשימה המשותפת, עם יותר מ-90% מהעולם, נמצאים בעמדה, ורק פה ישראל, עם מיקרונזיה ועוד 7% מכל העולם, נמצאים במקום אחר. ופה זה אתה הקיצוני, ופה זה אתה הלא-לגיטימי – –

– – והרוב הם לגיטימיים. אתה פה על הבמה הזאת דיברת על מדינת כל אזרחיה. זו אמירה לא לגיטימית.

אבל מי שמקדם את חוק הלאום וחוקים לאומיים – –

– – הוא הכי לגיטימי פה במקום הזה. אתה נמצא במקום הכי לא הוגן, אבל תישאר בדיוק כמו שאתה. יחד עם זאת, יש לי עצה, הרשה לי: הם ינסו כל הזמן לעשות ממך לא לגיטימי, להוציא אותך מהמשחק, לעשות ממך בן-אדם לא רלוונטי, ואתה צריך להיות במאזן הזה בין הכבוד העצמי והלאומי לבין גישה דמוקרטית, חכמה, אחראית. ואני הקשבתי לך היטב; יש לך את כל זה, אתה תהיה נכס עבור הרשימה המשותפת. אתמול הכנסת קיבלה החלטה נגד האוכלוסייה הערבית בנגב. אבל אנחנו, בהנהגתך שלך, יחד עם טלב אבו עראר – אנחנו נהיה אתכם כל הזמן למען הסוגיה הכי צודקת בארץ הזאת, במדינה הזאת, והיא ההכרה בכפרים הבלתי-מוכרים. יש לך הרבה עבודה, בעיקר בארץ, אבל קיבלנו החלטה אסטרטגית שבנושא הכפרים הבלתי-מוכרים אנחנו פונים גם לעולם. זה לא יכול להיות שבמאה ה-21 יש כפרים ללא מערכת חינוך, ללא חשמל, ללא מים. ניאבק ביחד, נהיה בשטח גם מול הדחפורים וגם פה בכנסת, בכל מקום, עד שיכירו בכפרים הבלתי-מוכרים. אנחנו, בני הארץ, ניאבק למען זכויות לאומיות ואזרחיות. לא ניתן להם לנטרל אותנו מלהיות כוח לגיטימי למען זכויות העם הפלסטיני. אנחנו נהיה כוח לגיטימי גם בהיותנו חלק מהעם הזה, גם בהיותנו חלק מהאזרחים פה במדינה. עם כל העקרונות, וגישתך שלך, החכמה, האחראית, אנחנו עוד ננצח. אנחנו גאים בך. (אומר בערבית: ברוך הבא, אבו עבדאללה.)",1
309444,"גברתי היושבת-ראש, חברי חברי הכנסת וחברות הכנסת, חבר הכנסת אלי אלאלוף, אני יודע שאתה ניסית לדבר אתנו, ואני מעריך את זה, אבל אני חושב שהדנ""א של ההתנדבות הוא ההסכמה: בלי הסכמה, אין התנדבות. אני חושב שזה מאוד ברור ומאוד משכנע. אנחנו, הרשימה המשותפת, שקיבלה יותר מ-85% מהציבור שלנו – אנחנו אומרים לך שאנחנו לא מסכימים לנוסח. האם זה נכון לבוא על אפנו ועל חמתנו ולהביא חוק ברוב אוטומטי מקרב הכנסת? זה אקט לא דמוקרטי. זה אקט לא נכון.

אני מבין שזה תהליך מייגע, קשה מאוד, אבל אני חושב שמי שחותר לבנות התנדבות, צריך ללכת במסלול הזה עד הסוף, אחרת – סליחה, זו לא התנדבות, כי אין בה את ממד ההסכמה, שהוא הממד העיקרי בכל התנדבות. איך יכול להיות שאנשים שהם בעד התנדבות, בעד התנדבות ממוסדת, והם גם אנשים שלא מפנים עורף לאזרחות, והם חברי כנסת בכנסת ישראל – איך זה יכול להיות שהם מתנגדים? אנחנו התנגדנו לפוליטיזציה של ההתנדבות. כלומר, אחרי ועדת אור הוקמה ועדת לפיד – השמאלנים בוועדת לפיד היו צחי הנגבי וגדעון עזרא – והיא החליטה בסעיף 2 שעל הצעירים הערבים לשרת שירות לאומי – צעד ראשון בכיוון המשטרה, הצבא ומסגרות ביטחוניות נוספות. העבירו את זה לשאול מופז, שר הביטחון דאז. אמרנו: מה לביטחון ולשירות אזרחי? אמרנו: אנחנו מתנגדים. אנחנו התנגדנו לקשר בין הזכויות לבין החובות, כי זה לא נכון מבחינה אזרחית, מבחינה תיאורטית, וגם מבחינה מעשית זה לא נכון. וביחס בין מי נתן ומי לקח בינינו לבין המדינה, מספיק לדבר על 5 מיליון דונם אדמה שהמדינה גנבה מאתנו משנת 1951 עד שנת 1966, אבל לא רק. מדי שנה אנחנו משלמים מסים בסך 36 מיליארד שקלים. וגם מדברים על חובות. המדינה חייבת לנו. חייבת לנו. אבל התפיסה הערכית הבסיסית היא שהזכויות הן מוחלטות, ובמדינת חוק מענישים בן-אדם שעבר על החוק בהתאם, לא מענישים אנשים שלא עברו על החוק. גם מבחינה כלכלית, מבחינה מעמדית, מי יודע אם בעלי הון – –

– – מי יודע אם בעלי ההון לא ינצלו צעירים שישרתו חינם במקום צעירים שעובדים בכסף, וכך יגדילו את האבטלה בקרב הצעירים הערבים.

גברתי היושבת-ראש, תשמרי לי בבקשה על זכות הדיבור.

אני מבקש גם לשמור על הזמן שלי, בבקשה.

סליחה, אני מבקש שתשמרי לי על זכות הדיבור, בבקשה.

אני פונה אל חבר הכנסת אלי אלאלוף – –

– – אני פונה אל חברות הכנסת, הנשים דווקא, וגם אל הגברים הפמיניסטים. אנחנו צריכים לשאול למה 94% מהצעירים הערבים המשרתים הם צעירות ערביות. אתם לא קולטים את הניצול בממד הזה? אתם לא קולטים שאין לנשים ערביות איפה לעבוד – אלה שגרות בפריפריה, בגליל ובנגב? לכן, מחוסר ברירה – מנצלים אותן. הן אפילו נהנות מה-700 שקל שהן מקבלות, כי אחרת אין להן ברירה – יקבלו אפס, כי אין מקומות עבודה. לכן השירות הלאומי נהפך למקום של מוחלשות. של מוחלשות. האם למדתם את הסוגיה הזאת? האם יש מחקר במדינת ישראל ששואל את השאלה אם בעלי הון מנצלים את הצעירות במקום עובדות, במקום עובדים? אין מחקר.

האם נכנסתם לעובי הקורה, או שזה חלק מהפוליטיזציה? כולנו בעד ההתנדבות. כולנו מתנגדים לפוליטיזציה. תודה.

גברתי היושבת-ראש, חברי חברי הכנסת וחברות הכנסת, חבר הכנסת אלאלוף, עמד פה השר אורי אריאל – אני לא יודע איפה הוא נמצא – וטען שכאילו דיברנו, התקדמנו. אני לא דיברתי כלל וכלל עם השר אורי אריאל בנושא הזה. אנחנו דיברנו יחד, וניסית לשכנע אותי להשתתף בישיבות הוועדה. בסופו של דבר דיברנו יחד והחלטנו שלא להשתתף בישיבות הוועדה. לכן, השר, ששיקר באום-אלחיראן רק לפני חודש וחצי – –

– – ממשיך בשקרים שלו. תודה רבה לכם.",1
309557,"שמפניה ורודה, שמפניה – – –",1
309585,"גברתי היושבת-ראש, חברי חברי הכנסת, לבי דואב על הילדים הנרצחים בסוריה, כמו שהוא נכלם למראות הילדים הנרצחים גם בתימן, גם בעזה. צריכה להיות עמדה ערכית נגד פגיעה – –

– – נגד פגיעה באזרחים. כל האזרחים, ובעיקר ילדים – –

– – ולא חשוב מה הצבע, מה הדת, מה הלאום. ילד זה ילד בכל מקום. גברתי היושבת-ראש, חברי חברי הכנסת וחברות הכנסת, אני לא מתכוון לדבר היום אל חברי הכנסת, בעיקר מהקואליציה, אלא אל הציבור הרחב דרך הבמה הזאת. חשוב לי להסביר לציבור הרחב את הסוגיה. אנחנו נגד בניית בניין אחד ללא היתר, לא חוקי; אנחנו נגד שמישהו יבנה על המדרכה – אנחנו רוצים מדרכה בשביל הילדים שלנו; אנחנו נגד שבן-אדם יבנה על שטח ירוק – אנחנו רוצים שטח ירוק בשביל הציבור שלנו. הבעיה היא יותר עמוקה ויותר מורכבת. מה הסיפור? טוב שהציבור הרחב יבין שמדינת ישראל, משנת 48' עד 66', הפקיעה 5 מיליון דונם אדמה מהאוכלוסייה הערבית. 5 מיליון דונם אדמה. חשוב שהציבור כולו יבין שמדינת ישראל, מאז 48' עד עכשיו, בנתה 700 יישובים חדשים, כולם, גברתי היושבת-ראש, כולם ליהודים, ואפס לערבים. חשוב שהציבור הרחב יבין שיש במדינת ישראל 934 ישובים שהאזרח הערבי לא יכול לגור בהם בגלל ועדות הקבלה. חשוב שהציבור יבין שיש 40 כפרים בלתי מוכרים, כלומר כל בנייה בתוכם היא בנייה לא חוקית לפי החוק הישראלי. הכפרים הללו נמצאים מלפני קום המדינה. חשוב שהציבור בישראל יבין שמדינת ישראל כמעט ולא מאשררת תוכנית מתאר בכפרים הערביים ולא מרחיבה אזורי שיפוט. פעם דיברתי על ילד בן עשר שקנו לו חליפה, אבל היום הוא בן 30 ורוצים להלביש לו את החליפה בכוח, אז היא תיקרע מפה ותיקרע משם. זה מצב היישובים הערביים עם תוכניות המתאר. חשוב לי גם להגיד לציבור הרחב שאנחנו גם יודעים להגיד כן. אנחנו היינו חלק מצוות ה-120 – ופה אני קורא לממשלה ליישם את תוכנית ה-120 שהיא זנחה. חשוב לי לומר שהייתה תוכנית שיש בה כל כך הרבה מרכיבים חיוניים – אני מדבר על תוכנית 922 – אבל הממשלה לא מיישמת את מה שצריך. גם אנחנו הגשנו הצעה: אמרנו שנקרא לציבור שלנו שלא יבנה בצורה לא חוקית במשך שנתיים, ושהממשלה לא תהרוס בתים במשך שנתיים, ונקדם תוכניות מתאר, נרחיב אזורי שיפוט. אני פונה מפה לשרים בממשלה: אני רוצה שאחד יעמוד פה ויגיד שמה שאני אומר אינו נכון. השר דרעי אמר שזו החלטה והצעה אובייקטיבית; השר גלנט הוציא הודעה לעיתונות ואמר שזו הצעה אובייקטיבית. אני בעצמי פניתי אליהם. הם אמרו לי שראש הקודקוד, נתניהו, לא מסכים. נתניהו, שדיבר על אכיפה שוויונית. אז אני קורא לבנייה שוויונית; אני קורא להקמת יישובים לערבים; אני קורא להרחבת אזורי שיפוט ותוכניות מתאר; קודם כול בנייה שוויונית, יחד עם אכיפה שוויונית. אבל בנייה לא שוויונית עם אכיפה כביכול שוויונית – פה אני רוצה לומר שזו לא אכיפה שוויונית, כי אני שמעתי את ראש הממשלה וכל הציבור שמע אותו כשהוא מדבר על הריסות בעמונה והריסות אצל ערבים. הרי כולנו שמענו אותו אחרי הריסת הבתים בקלנסואה, כשהוא מדבר על כוחותינו שהורסים בתים של ערבים. כולנו ראינו איך ראש הלשכה שלו אלי גרונר בא בעצמו לישיבת ועדת הפנים ופתח אותה בדיבור רק אל האוכלוסייה הערבית. חשוב לי לומר לכם שראש הממשלה בעצמו הוא שמקדם את הישיבה הזאת בפגרה. אני רוצה לפנות עכשיו אל חברי הכנסת הערבים שנמצאים בקואליציה. פעם עמד באותו מקום, על במה זו בדיוק, חבר הכנסת לשעבר תופיק טובי. חברת הכנסת עאידה תומא סלימאן וחבר הכנסת דב חנין, אתם זוכרים את תופיק טובי, שעמד על הבמה הזאת בתקופת הממשל הצבאי ושני חברי כנסת ערבים הצביעו בעד הממשל הצבאי? מה הוא אמר להם? הוא אמר להם (אומר בערבית: תתביישו לכם במה שעשיתם) – כך הוא אמר להם בשפה הערבית, וכך אנחנו פונים עכשיו לחברי הכנסת הערבים שנמצאים בקואליציה – –

– – ויתמכו בהצעת חוק זו. גברתי היושבת-ראש, אני לא אקרע את החוק הזה, כי אני לא פופוליסט – כבר קרענו חוק – אבל אנחנו לא נקיים את החוק הזה, (אומר בערבית: אפילו אם תרכבו על הסוס הגבוה ביותר שלכם.) תודה רבה.",1
309697,"גברתי היושבת-ראש, חברי חברי הכנסת וחברות הכנסת, היום האסירים הפוליטיים הפלסטינים נכנסים ליום השמיני של שביתת הרעב שלהם. פה, במדינה, רוב הפוליטיקאים תקפו אותם. לא דיברו על עצם הדרישות שלהם אלא תקפו אותם פוליטית. חשוב לי לומר לכם ש-800,000 פלסטינים נכנסו לבתי-הכלא במדינת ישראל. 800,000 פלסטינים. כלומר, אחד לשלושה פלסטינים נכנס לבתי-הכלא. מי שמאשים את האסירים הפוליטיים הפלסטינים שהם טרוריסטים בעצם מאשים עם שלם שהוא טרוריסט, כי זה אחד לשלושה. האמת היא שהעם הפלסטיני נאבק למען שחרורו מהכיבוש הארור. לעם הפלסטיני יש תודעה לאומית עצומה, חזקה מאוד. הוא לא ירפה ממאבקו הצודק נגד הכיבוש עד להקמת מדינתו בגבולות 67', לצד מדינת ישראל. אני לא יודע אם אחד מכם קרא באמת את הדרישות של האסירים הפוליטיים. מה הם מבקשים? שתי הבקשות העיקריות הן ביקורים, ביקורי משפחה והשימוש בטלפון ציבורי בתוך בית-הכלא. מה הם מבקשים? שיהיה טלפון ציבורי, ויכול לעמוד שם שוטר ליד הבן-אדם שמדבר. הבן-אדם שמדבר בטלפון ידבר רק פעם בשבועיים, וידבר אך ורק אל מספר טלפון אחד ויחיד. כלומר, רק למספר אחד הוא יכול לדבר כל הזמן, כלומר לבית שלו. והם מסכימים שיעמוד שוטר לידם ויקשיב לכל מילה ומילה. זה הסיפור הגדול של הטלפונים. מהו הסיפור של ביקורי המשפחה? הם מבקשים שהמשפחה תבקר אצלם פעמיים בחודש ולא פחות, דרך ""הצלב האדום"". עכשיו אני מנסה לעשות השוואה בינם לבין אסירים ביטחוניים יהודים, ולא רק רוצחי משפחת דוואבשה או מוחמד אבו ח'דיר או למשל עמי פופר. לא. השוואה בינם לבין רוצח ראש ממשלת ישראל, יגאל עמיר: הוא יכול להתחתן, להתייחד עם האישה, הוא יכול להיות בקשר מתמיד, יומי, עם המשפחה. אני חושב שכל בן-אדם הוגן יכול להבין שיש פה עוול נורא, אבל זה רק חלק מהעוול הגדול, שהוא עצם היות בתי-סוהר של הכיבוש, וחלק מהעוול הגדול מכולם, וזה הכיבוש עצמו. לכן יש להיענות לדרישות הצודקות של האסירים הפוליטיים הפלסטינים. עוד סוגיה, שהיא גם קשורה לאסירים הפוליטיים, היא הקרן הלאומית הפלסטינית, ששר הביטחון אביגדור ליברמן תוקף אותה כבר חודש בטענה שהיא מעבירה כסף למשפחות של האסירים הפוליטיים. אז תגידו לי, בבקשה, פה במדינת ישראל אין ביטוח לאומי? אין ביטוח לאומי למשפחת יגאל עמיר, למשפחת עמי פופר, למשפחות רוצחי משפחת דוואבשה, מוחמד אבו ח'דיר? מה גם שהם מממשים בעיקר את העם הנכבש; פה במדינת ישראל בעצם אלו הן הפנים המכוערות של הכיבוש. אבל גם לגופו של עניין, קונקרטית, בראש ממש קטן: למה כן להעביר ביטוח לאומי למשפחות של רוצחי פלסטינים או של רוצח ראש הממשלה, אבל אנשים שנאבקים למען שחרור מולדתם, אסור להעביר למשפחות שלהם כסף? שלא יהיה ספק פה, אני מתנגד – כלל וכלל – לפגיעה באזרחים. חד וחלק. ואני חושב שמאבק מוסרי מחייב גם דרכים מוסריות. פגיעה באזרחים שאין עוול בכפם היא דרך לא מוסרית. אחת הבעיות עם הצביעות פה היא שלפגוע באזרחים או ילדים בעזה זה מקובל, אבל באזרחים ישראלים, ודאי שלא. אני חושב שצריך להוציא את כל האזרחים הפלסטינים והישראלים ממעגל האלימות והאימה והמלחמה. חברי, לגבי כל הסיפור של התאגיד, אני רואה אותו בצורה יותר רחבה. אני רואה אותו חלק מהפגיעה במרחב הדמוקרטי כולו. גם חלק מהאובססיה של ראש הממשלה כלפי כלי התקשורת בכלל, אבל לא רק. זה גם מה שקרה אתמול בעקבות הפגישה בין שר החוץ הגרמני לבין נציגי ""שוברים שתיקה"" ו""בצלם""; זה גם חלק מהפגיעה בבית-המשפט; זה חלק מפגיעה כוללת במרחב הדמוקרטי כולו. לכן אנחנו נצביע נגד הצעת הממשלה בנושא. תודה רבה.",1
309742,לא קראת את החוק – הוא לא קרא את החוק.,1
309783,"אדוני היושב-ראש, היום מציינים את היום הגדול ביותר בהיסטוריה האנושית: יום הניצחון על הנאציזם. אני רוצה לברך את לוחמי הצבא האדום שנמצאים כאן. אדוני היושב-ראש, אתמול שר הביטחון כתב שאנו, הח""כים הערבים, ממשיכים את דרכם של הנאצים. שר הביטחון, קשקשן הביטחון, הוא לא קול קורא במדבר; רק לפני שנה ראש הממשלה אמר כך: היטלר לא התכוון, לא רצה, לשרוף את היהודים, אבל המופתי הוא זה ששכנע אותו. אני לא רוצה להתייחס לדברי בלע בנאום בן דקה, אני משאיר את זה באוויר, למצפון של האזרחים. היום בכפר נאעורה כתבו דברי נאצה כחלק מ""תג מחיר"". אדוני היושב-ראש, התג מסריח מהראש. תודה רבה.",1
310093,"אדוני היושב-ראש, חברי חברי הכנסת וחברות הכנסת, כבוד השר לביטחון הפנים גלעד ארדן, חשוב לי שדווקא אתה תשמע; אני הקשבתי לך כמה פעמים בחודש האחרון, כשדיברת על האסירים הפלסטינים – האסירים הפוליטיים הפלסטינים. אני חושב שהציבור צריך לדעת את האמת – –

– – כי אתה, בשלושת החודשים האחרונים, שיקרת גם בנושא השרפות, גם בנושא אום אלחיראן, ואתה ממשיך לשקר בנושא האסירים הפוליטיים. אז חשוב שהציבור הרחב יבין את האמת: מאז 1967 נכנסו לבתי-הסוהר הישראליים 800,000 פלסטינים – 800,000, כלומר אחד לכל בית פלסטיני. כלומר זה עם שלם שמתקומם נגד הכיבוש. חשוב גם שהציבור יבין את האמת, שיש למשל בבתי-הסוהר 700 אסירים פוליטיים שנמצאים שם ללא משפט, אסירים מינהליים, ממש ללא משפט, הם בעצמם לא יודעים מה אשמתם.

חשוב שהציבור הרחב יבין גם שבבתי-הסוהר הישראליים יש 300 אסירים פוליטיים קטינים, מתחת לגיל 18. רובם יידו אבנים. אז תתארו לעצמכם למשל מתנחל שזורק אבן, האם הוא היה נעצר בכלל? ברור שלא. אז בואו ניגש להשוואה אחרת: רוצח ראש הממשלה, יגאל עמיר, יכול להתחתן, להתייחד עם אשתו, להביא ילדים, וכל הזכויות האחרות של האסירים. עמי פופר, הרוצח שרצח שבעה פלסטינים, מקבל חופשה של שבועיים באילת. שורפי מוחמד אבו ח'דיר, שורפי הילדים ממשפחת דוואבשה. רק לאסירים הפלסטינים – מה לא מגיע? חשוב גם שהאזרחים יבינו את האמת. הם מבקשים, למשל, שהמשפחה תבקר אצלם פעמיים בחודש, בדיוק כפי שהיה לפני כמה חודשים. בדיוק כך. הם מבקשים טלפון ציבורי, שהם יתקשרו דרכו פעם בחודש למספר אחד ויחיד ידוע מראש. הם מקבלים שיהיה ציתות לשיחה שלהם, הם אפילו מקבלים ששוטר יעמוד לצדם כשהם מדברים. הדרישות הכי אלמנטריות שיש. בינתיים 31 יום. אני מזהיר אותך, השר לביטחון הפנים – אתה אחראי להסלמת המצב. אם ייפגע אסיר אחד – אם – אם ייפגע אסיר אחד, אתה תצא אחראי להסלמה. טוב שכולם יבינו את הדבר הזה.

דברים הכי אלמנטריים, הכי צודקים.

(אומר בערבית: אתם האסירים והם החופשים מאחורי ההגבלות והסורגים.) חברים, נושא אחר – אתמול ערוץ 10 חשף את האפליה בקבלה לעבודה נגד נשים ערביות עם חיג'אב, כיסוי ראש, וזה היה הכי בולט. אני כתבתי על זה בפייסבוק, אחת בשם עולא זידאן כתבה כך ב-comment – רק הערה, לא יותר – כתבה: כדי שכולם יבינו, אכתוב בעברית: כל הכבוד לבנות על היוזמה. מקרה זה קרה לי אישית אפילו בצפון הארץ. מקרה כזה לצערי קורה ויקרה עוד, אך זה לא ימנע מאתנו להביע את עצמנו, להיות דתיות, כי החיג'אב שלי אינו מאיים או מבטא איום נגד אנשים כלשהם. זאת אמונה שאני גאה להביע. אני מאמינה שזה רק מוסיף לאישיות שלי, ולא גורע ממנה. עולא זידאן ממשיכה לכתוב בהערה: אנו נדרשים, כבני אדם, לפי כל העקרונות – חברתיות, דתיות, אנושיות – לקבל את האחר, להיות אנשים עם סובלנות ויכולת הבנה והכלה. עוד ממשיכה עולא: אל-חיג'אב הוא דרך הבעה. הוא זכות לכל בת מוסלמית, והיא לא צריכה לשלם על זה. בגלל אנשים לא מתורבתים אכן שופטים אותה ולא מקבלים אותה. בושה וחרפה לרשתות, והמון כבוד לכל הנלחמות למען השוויון. אלה הם דבריה של עולא זידאן, אישה עם כיסוי ראש, עם חיג'אב, שמבקשת לעבוד. אני רוצה להביע הערכה לנשים האמיצות שחשפו את האפליה הקשה הזאת, והן איכראם ולומא, וגם שאדן חאג' יחיא ויארא חאג' יחיא מטייבה. חברתי חברת הכנסת עאידה תומא סלימאן, אני אפנה אלייך בבקשה שנדון בסוגיה הזאת בוועדת מעמד האישה, לרדוף אחרי המפלים לרעה בקבלת נשים עם חיג'אב, ואני בטוח שאנחנו עוד נצליח במאבק הצודק הזה. לגבי הצעת החוק שלי, אני מבקש תיקון פשוט לסעיף 3 בחוק חינוך מיוחד. אני מבקש כך: מטרתה של הצעת חוק זו היא להגביל את זמן הנסיעה המרבי של ילדים עם צרכים מיוחדים בנסיעתם היומיומית הלוך וחזור ממקום מגוריהם עד למוסד לחינוך מיוחד. בינתיים זה לא מוגבל, אז אני מבקש שזה יהיה מוגבל לשעה אחת, כי אנשים עם מוגבלות, ילדים קטנים שנוסעים דרך ארוכה למוסד לחינוך מיוחד – אין ספק שצריך להגביל את הזמן. לכן הצעתי היא להגביל את הזמן לשעה אחת. אדוני סגן השר פרוש, אני מבקש כך – ההצעה היא כל כך צודקת, כל כך נכונה, מיטיבה עם אנשים שהם המוחלשים ביותר בחברה, לכן אני מציע לא להצביע; נשמע תשובה, אבל לא נצביע, ננהל דיון ונגיש הצעה, אולי משותפת, כי הצעה חשובה זו, חשוב שהיא תיענה בחיוב בסופו של דבר. תודה רבה לכם.",1
311333,"גברתי היושבת-ראש, חברי חברי הכנסת וחברות הכנסת, אומרים שנאום טוב, צריך להשחיל בו סיפור – אנשים אוהבים סיפורים. לכן אני רוצה לספר לכם סיפור. היום בבוקר סיימתי את קריאת ספר שמדבר על הפעילויות של השב""כ: ""חיסול ממוקד: השב""כ – המבצעים הגדולים"", של מיכאל בר-זהר וניסים משעל. אי-אפשר להפריז בחשיבות שניהם; שניהם כתבו עוד כמה ספרים, אני מניח שחלקכם קראו לפחות חלק מהם, כמו: ""המוסד – המבצעים הגדולים"", ""צה""ל – המבצעים הגדולים"", ""הלוחמים פשטו עם שחר"". אני קראתי חלק מהספרים הללו – – –

ואולי הספר הנחשב ביותר של בר-זוהר הוא הביוגרפיה על דוד בן גוריון, והספרים החשובים של ניסים משעל נקראו ""ואלה שנות... – 50 למדינת ישראל"", ""ישראל 60"", וגם ""ואלה תולדות"". עכשיו, הספר הזה מדבר על 20 המבצעים הכי נחשבים של השב""כ מאז שנת 48' ועד עכשיו. כשאני שומע את השר לביטחון פנים מדבר על הצתה, למשל, בשרפות, או כשאני שומע את ראש הממשלה שמדבר שהאוכלוסייה הערבית היא מדינה תחת מדינה, אני חשבתי לעצמי שלפחות מתוך 20 המקרים, יש לפחות שבעה מקרים, שמונה מקרים, שהם של האוכלוסייה הערבית. אז התחלתי לקרוא את הספר, וממש כך – מ-20 המקרים, שהראשון בהם בשנת 1951, ברית הקנאים, שמטרתם הייתה הטלת פצצה על המקום הזה, על הכנסת, ועוברים ממקרה למקרה – מ-20 המקרים, ב-19 מקרים מי שביצע פגיעה נגד ביטחון המדינה היו יהודים. ואתם קוראים את הכותרות הגדולות: ""מקורב לבן גוריון"", למשל; כותרת אחרת: ""המסוכן מתוך כולם"", כותרת אחרת: ""שלוש יריות בכיכר"" – רצח ראש ממשלה; ואני עוד קורא ועוד קורא, כולם יהודים, למעט מקרה אחד מתחילת שנות ה-70, שותפות של ערבים ויהודים יחד. אני חושב שאחרי 69 שנים, למרות הנכבה, הנכבה האיומה, למרות הפקעה של 5 מיליון דונם אדמה, למרות הממשל הצבאי, למרות הטבח בכפר קאסם, למרות המלחמות העקובות מדם, למרות שתי אינתיפאדות, ואפילו שהיינו קוראים כל יום על הריגת פלסטיני פה והריגת פלסטיני שם – האחים שלנו, אתם לא תמצאו מקרה ביטחוני גדול – לפחות מיכאל בר-זוהר וניסים משעל – הם לא חברים ברשימה המשותפת – לא מצאו מקרה גדול של פגיעה בביטחון המדינה מקרב האוכלוסייה הערבית. הספר האחרון שהתקשורת התעניינה בו הוא ""הנגלה והנסתר בערביי ישראל"". האמת, אני חיפשתי את הספר הזה, קראתי עליו בהארץ ובכל מיני מקומות, אבל לא מצאתי את הספר. אבל השר ישראל כץ השתתף בהשקה של הספר הזה, יו""ר הקואליציה דוד ביטן השתתף, ושם דיבר על איך צריך לרכז את האוכלוסייה הערבית במחנות, ממש – –

– – איך צריך לרכז את האוכלוסייה הערבית במחנות, ממש דבר שהפיהרר הנפשע, הנבזי, לא היה מתבייש בו בספרו האומלל ""מיין קאמפף"". ושם, מה כתוב גם? מציג אותנו, אנחנו, כטפילים שיונקים מעטיני המדינה, אנחנו יונקים מעטיני המדינה, המדינה שגנבה לנו את האדמות, את אוצרות הטבע. אני בדקתי כמה אנחנו משלמים מסים; אנחנו משלמים מסים מדי שנה 36 מיליארד שקלים – האוכלוסייה הערבית משלמת מסים מדי שנה 36 מיליארד שקלים. אז אנחנו דחפנו תוכנית כלכלית – זה אנחנו – ואנחנו עוקבים אחרי יישומה. אבל מה התוכנית הזאת, אם מיישמים את כולה – כמה מיליארדים בחמש שנים? אנחנו מדי שנה משלמים מסים 36 מיליארד שקלים. אז אחרי הספר הזה אני חושב שברור לכולם שהאוכלוסייה הערבית, למרות הכול, החליטה לנהל מאבקים פוליטיים, בדרכים פוליטיות, וזוהי דרכה של האוכלוסייה הערבית. חשוב לי ביום הזה, 5 ביולי, לציין שביום זה לפני 23 שנים נהרג חבר הכנסת לשעבר תאופיק זיאד, מנהיג פוליטי בכל קנה מידה, מנהיג שעזב אותנו בדיוק לפני 23 שנים בתאונת דרכים מחרידה. חבר הכנסת וראש עיריית נצרת לשעבר, המשורר, המנהיג, הלוחם, האביר האצילי והאדם בעל הרגש העדין תאופיק זיאד. סיפורו של זיאד הוא סיפורו של מנהיג לוחם, שנאבק במשך כל חייו למען ערכים של צדק, שלום, אחווה וכבוד הדדי. לאחר הקמת מדינת ישראל תאופיק זיאד נאבק למען הכרה בזכותו של העם הפלסטיני להגדרה עצמית ולמימושה על ידי הקמת שתי מדינות. הוא נאבק במשטר הצבאי האפל, באפליה וברדיפה הפוליטית. זיאד היה ידוע כמי שנאבק בגופו וברוחו: ""שירַי הם כל מה שבידַי"", אמר פעם באחד משיריו, אבל בלבו פעמה אש של אהבה גדולה, אהבה לבני עמו, לאדמתו, והעובדה הזאת הייתה למקור כוחו של זיאד, שבמשך שנות מאבקו של הציבור הערבי חווה הרבה ניסיונות ללעג, לבוז, אבל הוא, בדרכו המיוחדת, המקסימה, הקשוחה והעדינה, ידע תמיד לעמוד בראש מורם ולנצח. כשהשלטונות עצרו אותו פעם אחר פעם, ואף צלבו אותו באחת הפעמים בבתי-המעצר, הוא הצליח לכבוש את לבבות הציבור ולהיבחר לכנסת. כששיריו נאסרו לפרסום על ידי הצנזורה בעיתונות המודפסת, בעזרת הדפים הריקים של העיתון הוא הצליח לגרום למאות אלפים לשנן בעל-פה את שיריו, והוא הצליח להיות ראש העיר הראשון שנבחר בבחירות דמוקרטיות. הוא נבחר להיות ראש עיריית נצרת ולסמל הבלתי-מעורער של העיר, בירת הציבור הערבי. חשוב לי לקרוא לכם שיר של תאופיק זיאד בשפה הערבית, ומחמת הכבוד אני אתרגם לכם גם לעברית. (קורא שיר בשפה הערבית ומתרגמו:) אני אתרגם תרגום חופשי לעברית: ""לאטי לאטי / אני אמשוך את האור כחוט דק / מתוך חשכת הלילה, / ואני אטפח את חוות החלומות בנחשולי היבולים, / ואנגב את דמעות אהובי / ברקמת בד של יסמין, / ואשתול את נאות המדבר / באמצע שרפות החול, / ואבנה לאומללים את החיים / מהארומה / וכל מה שהוא טוב, / ומהצדק, / ואם ביום מן הימים תאבד עלי דרכי / ואם ביום מן הימים תאבד עלי דרכי / מקורי ימשכני בחזרה."" זהו המשורר היפה תאופיק זיאד. לגבי הצעת החוק שלי, אני מבקש גם את הנימוק וגם את ההצבעה – במועד אחר. תודה רבה.",1
311437,"אדוני היושב-ראש, משפחת אבו סייף חיה ביפו דורות על דורות, עוד מלפני קום המדינה, אך המדינה לא מצאה לנכון להסדיר את בתיה עד עצם היום הזה, כפי שהייתה עושה אם הייתה רואה בבני המשפחה אזרחים שווי זכויות. לפני כמה חודשים החליטה המשפחה, 800 נשים, גברים וילדים, לתבוע את מינהל מקרקעי ישראל כדי שיסדירו את בעלותם על הקרקע. מיום שהוגשה התביעה גברו ההתנכלויות של המשטרה לבני המשפחה, שהגיעו לשיאן בפשיטה באישון לילה בחודש מאי האחרון. אנחנו רואים ביפו ניסיונות בלתי פוסקים לגרש ולנשל את תושבי יפו המקוריים מאדמתם, בניסיון למחוק את ההיסטוריה והתרבות של יפו, ואני מודיע לכם מכאן שאנחנו לא ניתן לזה לקרות. תודה.",1
312202,"אדוני היושב-ראש, חברי חברי הכנסת וחברות הכנסת, הפעם חברת הכנסת זהבה גלאון הצטרפה למקהלה ותקפה את הרשימה המשותפת.

רציתי להשתמש במונח שטבע שייקספיר: הגם אתה, ברוטוס?

אבל הסופר אמיל חביבי אולי הסביר את זה בצורה אפילו יותר יפה. הסופר אמיל חביבי בשנות ה-90 קרא מאמר נוראי של יזהר סמילנסקי שהאשים את כל העם הפלסטיני בביצוע פיגועים, וזה סמילנסקי שכתב: חִרְבֶּת חִזְעָה – – –

אז אמיל חביבי סיפר, בגלל העמדות השמאלניות, המוסריות, של סמילנסקי, אמר: רציתי לקום בבוקר, בשעה 05:00, ולאסוף את כל עותקי עיתון ""הארץ"" כי לא רציתי שהערבים יראו שסמילנסקי, יש לו גישה גזענית, כי אמר: אם אחד כמו סמילנסקי יש לו העמדה הגזענית הזאת, אז הערבים יאבדו תקווה בשותפות יהודית-ערבית. כל כך יפה, כל כך רגיש. ואני רוצה לספר לחברת הכנסת גלאון עוד סיפור, דווקא של לב טולסטוי. הוא סיפר על אימא שהייתה עם שלושת בניה על מגלשה על השלג, כשסוס הוביל את המגלשה – – –

פתאום היא זיהתה זאבים שרודפים אחרי המגלשה. היא פחדה נורא, אז חשבה, אולי תזרוק ילד אחד מהילדים, וכך הזאבים יאכלו את הילד ויעזבו אותה עם שני הילדים שלה. אבל עם האוכל בא התיאבון, והזאבים – –

– – שאכלו את הילד הראשון – –

אכלו אותם, וגם את הסוס. מי שחושב להפקיר את האוכלוסייה הערבית ולזרוק אותם לפאשיסטים כמוך – –

– – בסופו של דבר הפאשיסטים כאן יאכלו אותה בעצמה. אני מוכרח לומר שזו לא דרכה של חברת הכנסת זהבה גלאון. אני כל כך מעריך את האומץ שלה.

אני מעריך את היושרה. אני מעריך את המאבק האמיתי, הערכי, נגד הכיבוש. חברת הכנסת גלאון, פה טעית, ורציתי להעיר לך על זה. אני מקווה שתחזרי בך מהטעות הקשה הזאת. תודה.",1
312449,"דודי, אני אגיד לך משהו, לא ניתן לך להרוויח במרכז הליכוד.",1
312489,"גברתי היושבת-ראש, חברי חברי הכנסת וחברות הכנסת, ברצוני לברך את הציבור הדמוקרטי במדינה, כי המושב הזה או-טו-טו יסתיים. בערבית אומרים: (אומר בערבית ומתרגם:) בתרגום חופשי: שנת העושקים זו מצווה. טוב שהם ישנים. אז טוב שהם יישנו שלושה חודשים עכשיו, בפגרה. זה טוב לכל האזרחים. בכנסת הזאת צריך לחדד מושג חדש, ""זילות הכנסת"". בכנסת הזאת חוקק חוק חדש, ששם מדינת ישראל הוא ""מדינת ישראל"", על ידי אורן הרצל חזן, חוזה המדינה החדש. היום ניסו לקדם את חוק הלאום. היום, אחרי 69 שנים מהקמת מדינת ישראל, באים לקדם עוד חוק שאומר שמדינת ישראל היא מדינת העם היהודי. ואפילו, בכנסת הנוכחית, איוב קרא רוצה לשכנע אותנו שהוא ניצול השואה, גם. עד כדי כך זילות הכנסת הנוכחית. ועכשיו עוד חוק חדש, חוק ירושלים. בחוק הזה אמורים להחליט 61 ח""כים שבשביל לוותר על ירושלים צריך רוב של 80 ח""כים. אבל בשביל לבטל את החוק הזה אפשר להסתפק ב-61 ח""כים. אני חשבתי שזו עריצות הרוב. אולי זו עריצות הרוב-לרגע, אבל זו עריצות המיעוט לשאר הרגעים, כי אחרי זה מיעוט לא יכולים לשנות את זה, כי צריך 80 ח""כים. אבל לפי חוק-יסוד: הכנסת, אפשר להסתפק רק ב-61 ח""כים בשביל להחליף את החוק שמחייב ב-80 ח""כים. עד כדי כך הגענו לזילות הכנסת במושב הזה. ברצוני לומר לכם שאיך שהכובש הכניס את הזנב בין הרגליים וחזר בו מהמגנומטרים, הוא עוד ישים את הזנב בין הרגליים ויסיים את הכיבוש הארור הזה, ועוד תקום מדינה פלסטינית שבירתה ירושלים המזרחית, לצד מדינת ישראל, ועוד יהיה שלום, על אפכם ועל חמתכם. תודה.",1
312655,"תשאלי כמה אומרים את זה – – –

הוא יישאר במולדת על אפך ועל חמתך.

הוא משלם מיסים, את לא עושה לו טובה.",1
312681,"אין כמו חיפה, אין כמו חיפה.",1
313361,"עמיתיי חברי הכנסת וחברות הכנסת, ראש הממשלה שקוע עד צוואר בחקירות 1000, 2000, 3000 – 4000 כבר מתבשלת. האזרחים כמעט איבדו את הספירה.

כשנתניהו לחוץ, נתניהו עושה את מה שהוא הכי טוב בו: מסית, מפלג ומפיץ שנאה. כלבי התקיפה שלך משתוללים. חוק אחרי חוק הם יקבעו שאתה זכאי ושלא יהיה כלום, כי אסור לחקור כלום.

ה""ביביתון"" הרחיק לכת עד כדי לסמן בכותרת הראשית – לא פחות – עיתונאית ערבייה, מקבולה נסאר: אויבת המאיימת למוטט את השלטון הציוני. ומדוע? כי אישה ערבייה, ועוד עם דעות פוליטיות, ממונה להתמודד עם נושא שממש, אבל ממש, לא מעניין אותך, ראש הממשלה – הקטל הנורא והיומיומי בדרכים. כעומק החקירה, עומק החקיקה הגזענית והמפלה. לכן חוק הדגל הנוכחי של ממשלת השיסוי הלאומית הוא ניסיון לקבוע בחוק-יסוד, והפעם בצורה רשמית, שהאזרחים הערבים הם אזרחים סוג ב'. חוק שכל מטרתו העמקת העוינות והאפליה. את חזונך המדיני, ראש הממשלה, כולנו מכירים: לעד תחיו על חרב. אפילו חבריך האמריקנים, מג'ון קרי ועד ידידך האישי והקרוב טראמפ, יודעים שאתה וממשלתך – אתם חזית הסירוב לשלום. חברי הכנסת וחברות הכנסת, נסו לדמיין איך רואה את החיים פיראס, ילד פלסטיני שגדל כל חייו בבקתה רעועה בבקעה. משפחתו מתפרנסת מחקלאות ומצאן, ומצליחה לגרד מעט הכנסות שמספיקות בקושי להאכיל את בני המשפחה. לפני כמה ימים הצבא תלה בכביש ליד הבית שלהם צווי הריסה. אפילו לא טרחו להודיע להם ישירות. בצווים כתוב שהולכים להרוס את כל הכפר. הוא שומע את ההורים שלו מדברים שאין להם לאן ללכת, שזאת אדמתם ומולדתם, אבל הם לא יודעים איך הילדים ישרדו את החורף ללא קורת גג. אתם יכולים לדמיין מה המחשבות שעוברות בראשו של פיראס הקטן? ממשלת הכיבוש והסיפוח בונה התנחלויות והורסת כפרים פלסטיניים, ומחריבה את חלון ההזדמנויות הצר שעוד נשאר להשגת הסכם שלום שיטיב עם שני העמים החיים פה בארץ הזאת. חברי וחברות הכנסת, אנחנו נמצאים בצומת שבו ברור יותר מאי-פעם שיש רק שתי אופציות – רק שתי אופציות: שלום או אפרטהייד. אני יודע שיום אחד הכיבוש יסתיים, זאת לא השאלה. השאלה היא רק מתי וכמה קורבנות פלסטינים וישראלים ישלמו עד אז בחייהם.

– – רק מתי, וכמה קורבנות פלסטינים וישראלים ישלמו עד אז בחייהם.

והאחריות על הדם שיישפך, על הסבל ועל השכול, היא שלך, ראש הממשלה בנימין נתניהו – –

– – על כך שסירבת שוב ושוב ללכת בדרך השלום ובחרת בהמשך הכיבוש והשליטה הצבאית בעם אחר.

אנחנו בוחרים בשלום, ואתה בוחר באפרטהייד.

– – – מוביל לאפרטהייד – – –",1
314255,"כבוד היושב-ראש, עבריינים מוגי לב ירו לעבר ביתו של תמים אבו חיט מהעיר טירה.

תמים הוא איש מעורב חברתית ופוליטית בכל רמ""ח איבריו; אומן. פשוט מאוד, העבריינים הללו רצו שהוא לא יביע ביקורת בקשר לדברים שמתרחשים בעיר טירה. חברי יוסף ג'בארין שיגר מכתב לשר לביטחון פנים וביקש ממנו שיעקוב אחרי הנושא. אני מקדיש את נאום הדקה שלי בשביל להטיל אחריות על השר לביטחון פנים, שאם תמים אבו חיט ייפגע – הוא האחראי. אני מתריע שיפגעו בתמים אבו חיט. תודה רבה.",1
314470,"גברתי היושבת-ראש, חבריי חברות וחברי הכנסת, אני לא רק מסכים עם חברי דב חנין, גם לגבי מפלגת העבודה ומי שעומד בראשה, אלא גם לגבי היו""ר הקודם, שאמר שיש לו בעיה עם מבקשי המקלט כי הם בין היתר תופסים מקומות עבודה של ערבים. אז אני פונה אליו ומבקש ממנו שלא לשסות מוחלשים במוחלשים. זו העמדה הכי ערכית מבחינתנו. וגם מה? עוד ממשיכים לשמש צל חיוור של הימין: גם נגד מבקשי מקלט, גם אין פרטנר פלסטיני, גם צריך להשאיר את ההתנחלויות, גם אין שום דבר משותף עם המשותפת וגם עדיף ירושלים המאוחדת על שלום. אלה הם פניה של מפלגת העבודה היום. לפני שעה קלה עמד פה קשקשן הביטחון אביגדור ליברמן ותקף את הרשימה המשותפת. כשהוא מתחיל לתקוף אותנו, אני מבין שהקואליציה עשויה להתפורר, כי בתקופת בחירות הוא יודע טוב מאוד איך לתקוף את האוכלוסייה הערבית, כי הפטריוטיזם הוא מפלטו האחרון של הנבל. אבל לא רק זה. אתמול הוא דיבר על חילופי אוכלוסין בין תושבי ואדי עארה לבין המתנחלים שודדי האדמות. למה אמרתי ""קשקשן ביטחון""? כי אם זה אכן מתקיים, אני רוצה לראות איך האזרחים מגיעים מתל אביב לעפולה, למשל, דרך המדינה הפלסטינית, או איך זה שהגבולות של מדינת ישראל, למשל, יהיו בחדרה או בכפר סבא, שבעה קילומטרים מהים. אז אני רוצה לראות איך קשקשן הביטחון יכול להסביר את הדברים הללו. אבל גם זה לא הדבר העיקרי. השאלה העיקרית היא: האם האזרחים הם בני אדם ואזרחים, או שהם חפצים שאפשר להעביר אותם ממקום למקום? השאלה היא: מה הוא אומר לי, אני, הערבי תושב חיפה, לערבי כמוני וכמו אזרחי המשולש, אבל משום שהוא לא יכול להעביר את הגבול ביני ובין השכן היהודי בחיפה, הוא אומר לי בעצם: אני משאיר אותך על המדף עד התוכנית הבאה, כי אנחנו רוצים ערבים – כמה שפחות ערבים. זה המסר שמקבל כל אזרח ערבי במדינה. וממי? משר כל כך בכיר, מקברניטי המדינה. זה המסר שאנחנו מקבלים, האזרחים הערבים במדינה.

– – לצלם, לנהג אוטובוס, זה דבר שאני מתנגד לו מכול וכול.

אני אדאג להזמין אותם לאום אל-פחם. אבל מה אתם אומרים על 60 תהלוכות שעברו בסדר מופתי?

אבל מה אתם אומרים על אזרחים שיודעים איך להפגין בדרכים דמוקרטיות ואזרחיות?

אנחנו עוד נמשיך להיאבק, למחות, בדרכים הדמוקרטיות והנכונות, אבל למה הוא לא אומר כך לגבי החרדים והמתנחלים שמשתמשים באלימות? למה הוא לא תוקף אוכלוסייה שלמה – וטוב שהוא לא עושה את זה – אבל למה רק נגד הערבים הוא תוקף אוכלוסייה שלמה? זאת רדיפה פוליטית גזענית נגד הערבים במדינה. אנחנו נישאר על אדמתנו על אפו ועל חמתו, ונפגין – –

– – נגד הפעילות המרושעת של הממשלה, ועוד נביא את השלום ועוד נביא את השוויון ועוד נחיה פה במולדתנו – שאין לנו מולדת אחרת מלבדה – בראש מורם, והממשלה הזאת – עוד ידעו שני הציבורים איך לסלק אותה. תודה רבה.",1
314663,"לכבוד שר החקלאות: שר החקלאות החליט, בניגוד לעמדת הדרג המקצועי, לעצור את תהליך חיבור הכפרים הבלתי-מוכרים לתאגיד המים. רצוני לשאול: 1. האם נכון הדבר? 2. אם כן – מדוע? מדוע צריכים האזרחים הערבים בנגב לשלם מחירים מופקעים בעד מים שאפילו לא מגיעים עד ביתם?

תשובתך לכאורה מקצועית, אבל הגורמים המקצועיים אמרו שאפשר. לכן, התשובה שלך היא בעיקר פוליטית – – –

החליטו שכן אפשר לחבר אותם למים. לכן שאלתי: אולי עמותת רגבים היא זו שהשפיעה עליך?",1
314678,"מכובדי היושב-ראש, עמיתיי חברי וחברות הכנסת, חג חנוכה שמח לכל החוגגים. לפני שאני אתייחס להצעת החוק באופן ישיר, אני מעוניין לפתוח עם סקירה קצרה מהסוג של סקירת מצב האומה לגבי מצבה של האוכלוסייה הערבית בישראל. ביום-יום אנחנו טרודים בדאגות האישיות שלנו. גם כשאנחנו מסתכלים על העניינים שמדאיגים אותנו כחברה, הדאגות בדרך כלל מאפילות על ההצלחות, רגעי הדאגה רבים מרגעי הנחת. תרשו לי להיעזר במאמרו של הסופר מוחמד עלי טאהא, שפרסם בטורו הקבוע בעיתון אל-איתיחאד מאמר תחת הכותרת ""בחצרנו פרחים יפים"", שבו דרך שבע נקודות הוא סוקר את הצלחות המיעוט הערבי, שאותן הוא מתאר כפרחים שפרחו בחצר מולדתנו למרות קוצים חדים וכואבים, פרחים בעלי צבעים שונים ומגוונים, הצלחות שהושגו בזיעה ובעמל רב, ובעיקר למרות מדיניות אפליה ארוכת השנים. מותר להגיד וברור לכולם שהאזרח הערבי מתחיל את חייו בנקודת זינוק נחותה יותר מאשר נקודת הזינוק של האזרח היהודי, שכן מרחב האפשרויות שעומד בפני האזרח הערבי הוא צר יותר, והדרכים מלאות בקשיים ומפותלות הרבה יותר. בחצר שלנו יש פרחים יפים מכל הסוגים והצבעים, ולנו מגיע לשאוף את ריחות ההצלחה המתפזרים באוויר ולתת לעינינו להתענג מהצבעים המרשימים. (אומר דברים בשפה הערבית ומתרגמם:) כמו שהפרח שואב את ריחו וחייו מהאדמה, כך גם נפש האדם מתחזקת ומוסיפה חוכמה דווקא מהקשיים, כך אמר ג'ובראן ח'ליל ג'ובראן. וכך גם העמים: הם מתפתחים ופורחים למרות הקשיים ולמרות הסבל, כי רוח העמים חזקה הרבה יותר מכל קושי, גזענות ואפליה, ופריחתם בסופו של דבר היא מוחלטת. הזר שתיאר מוחמד עלי טאהא במאמרו מורכב משבעה פרחים צבעוניים. הפרח הראשון הוא הסטודנטים הערבים במוסדות ההשכלה הגבוהה, שלמרות הקוצים של האפליה בתקצוב, הקריאות להפרדה בין סטודנטים ערבים ליהודים, ולמרות שעד היום לא מתאפשרת הקמת אוניברסיטה ערבית, אנחנו מצמצמים את הפערים ומצליחים להתקדם. זוהי השנה הראשונה שבה אחוז הסטודנטים הערבים מגיע ל-18% מכלל הסטודנטים, אחוז השווה לאחוזנו בכלל האוכלוסייה, ואחוז הסטודנטיות הערביות מבין כלל הסטודנטים הערבים מגיע ל-60%, אחוז יפה בפני עצמו. ולפרח הזה אפשר להוסיף את עלי עצי הזית, כאות לאלפי הסטודנטים הערבים שלומדים במוסדות אקדמיים שונים בגדה המערבית, בירדן ובאוניברסיטאות ברחבי העולם. הפרח השני מורכב מחוקרים ומדענים מבריקים שנמצאים באוניברסיטאות ובמוסדות המחקר המתקדמים ביותר, ושההמצאות והגילויים שלהם מדברים בעד עצמם, עד כדי כך שחלק מהם מועמד לתארים ולפרסים יוקרתיים ברמה העולמית, וחלקם אף זוכים בפרסים הנחשקים. המדענים שלנו מתפרסים על ספקטרום רחב של דיסציפלינות: כימיה, פיזיקה, הייטק ועוד. הפרח השלישי הוא כל הרופאים והרופאות וכל הצוותים הרפואיים הערביים. הקוצים של הפרח הזה מתבטאים, בין היתר, באי-הקמתו של בית חולים ממשלתי אחד בעיר ערבית, אך אנחנו מצליחים, עד כדי כך שיש כבר אמירה פה בארץ שאם תרצה טיפול מועיל באמת, עדיף להיוועץ עם רופא ערבי. את הרופאים הערבים אפשר לפגוש בכל מסדרון בבתי החולים, והצוותים הרפואיים נותנים את הטיפול המסור ביותר לכלל האוכלוסייה. והרשו לי לתהות, הרשו לי לתהות – אם אנחנו יכולים לסמוך אחד על השני על מיטת הניתוחים, כאשר ליבנו חשוף, האם לא נוכל לחיות ביחד באמון וכבוד הדדי? ודאי שכן. הפרח הרביעי הוא התנועה התרבותית הערבית-פלסטינית שקמה לתחייה מעפר הנכבה, בדיוק כמו עוף החול הנצחי, ושכעת פורסת את כנפיה המרהיבות ברמה הכלל-ארצית ומקבלת הכרה והערכה בבמה העולמית. אומנינו ויוצרינו עפים בשמי היצירה המוזיקלית, הקולנועית, הספרותית – ומה לא, בעצם – וקולם המיוחד נשמע בכל רחבי תבל כשיר ציפור קסום. לצערי, את הקול הקסום הזה מנסה להחריב, ללא הצלחה, שרת האין-תרבות מירי רגב, שרודפת – אין מילה אחרת לתאר את מעשיה – רודפת במטרה להשתיק ולהחשיך את התרבות הערבית-הפלסטינית. אבל, כמה נאיבית מירי, כי את לא תביני לעולם את עומק התרבות הערבית והפלסטינית, ובעוד השם שלהם ייחקק בהיסטוריה, את והפופוליזם שלך תהיו נחלת העבר. הפרח החמישי הוא פרחם של הספורטאים הערביים שממשיכים להצליח בארץ ובאירופה, ויכולותיהם הפיזיות המרשימות הולכות יד ביד עם רוח ספורטיבית נעלה, רוח שנשמרת גבוהה למרות קריאות נאצה מגעילות שעולות מהמגרשים השונים. הפרח השישי מוקדש לכל הפלאחים הערבים, שבמשך ההיסטוריה עיבדו את האדמה שאותה הם מכירים כל כך, ואותם היא מכירה, וביחד הם מייצרים את יצירות הטבע המרהיבות ביותר, את מזון החיים. למרות ניסיונות המדינה להפריד בין שני האוהבים, בין האדם לאדמה, להפריד דרך מדיניות הפקעה וגזלת קרקעות, הקשר המיוחד הזה עודנו נשמר. אפשר לראות זאת במיוחד בתקופה הזאת, כשאנחנו רואים משפחות שלמות שעובדות באדמה בתקופת מסיק הזיתים, שמהם מייצרים את השמן הזהוב והטרי והמעקצץ. הפרח השביעי מוקדש לכל העובדים הערבים, המהנדסים, עובדי הכפיים והמורים והמורות, שפועלים בשקט ובהתמדה, כמלאכים שומרים, כדי לבנות לנו בתים וערים ולגדל כאן דור משכיל וחברה קהילתית יותר. ושוב, למרות הקוצים, הפרח פורח. ולמרות הרדיפה בגלל דעות פוליטיות או בגלל מוצא, היכולות והידע של אותם אנשים מסורים מתגברים על האפליה. בחצר יש לנו המון פרחים יפים שגורמים לעיניים תענוגות צרופים, לראשינו להסתחרר קלות מהריחות היפים, וללבבות לפעום מהתרגשות ומשמחה. אתמול הוא זיכרון היום, ומחר הוא חלומו, שעוד יושג. פנינו לעתיד ולאתגרים שאותם עוד נעבור. מכובדי היושב-ראש, חבריי חברי הכנסת וחברות הכנסת, עכשיו גם תביעותינו משתדרגות. אם בעבר דרשנו את הזכות לייצוג הולם, שעודנו נאבקים עליה, שהדרך להשגתה עודנה ארוכה, אנחנו כבר מסתכלים על השלבים הבאים בשיפור מעמדנו. ולכן אנחנו ממשיכים לפעול לקידום תוכניות, כמו ההצלחה המרשימה של הרשימה המשותפת בהשגת התקציבים דרך התוכנית הכלכלית 922. כך, למשל, אנחנו פועלים מדי חודש מול אגף תקציבים ומול מינהל הרכש ועוד. ולכן אני מגיש את הצעת החוק הזו, כי אנחנו רוצים להשיג גם שוויון ברמות הגבוהות ביותר. מטרתה של הצעת החוק היא לתרום לשילוב האוכלוסייה הערבית וציבור הנשים במגזר העסקי. המטרה לשלב אזרחים ערבים במועצות המנהלים של חברות ציבוריות וחברות אגרות חוב כדירקטורים חיצוניים, כדי ליצור פתח נוסף לשילוב ולעידוד השתלבותן של אוכלוסיות אלה בדרג הניהולי של החברות הציבוריות, שכלל הציבור משקיע בהן כסף רב ומן הצדק שישקפו את פני החברה כולה. תודה רבה לכם.",1
315156,"במזרחית דבר כזה לא היה בשנות ה-50 וה-60.

בוודאי ובוודאי, עוד מעט. אדוני היושב-ראש, חבריי חברי הכנסת, חברות הכנסת, מכובדי השר אריה דרעי, אני מצטרף לכל מה שנאמר על ידי האופוזיציה בקשר לחוק ההמלצות. האמת, גם אני חושב למה ראש הממשלה כל כך מתעקש, במיוחד שהחוק לכאורה לא חל עליו. אבל החוק לא חל על חקירות שכבר התחילו. כנראה יש לו מה להסתיר, כנראה יש עוד משהו באופק, אז הוא, כל כך נחוץ לו שהחוק הזה יעבור בכנסת כבר בשבוע הזה. אני חושב שהתפיסה הזאת היא חלק ממתקפה שלמה של ראש הממשלה נגד המרחב הדמוקרטי במדינה. זה חלק מהמתקפה נגד בית המשפט העליון, הניסיון להשתלט על התקשורת, הניסיון לרדוף עמותות, וזה עוד נדבך לצמצום המרחב הדמוקרטי במדינה. כנראה בנושא הזה יש לנו שותפים, הרבה שותפים באופוזיציה, אם זה מרצ, חלקים ממפלגת העבודה, המחנה הציוני, ואפילו חלקים מיש עתיד. אבל יש נושא שהוא לא פחות חלק מהמרחב הדמוקרטי, והוא האוכלוסייה הערבית בתוך מדינת ישראל. משנת 48' עד עכשיו אין ממשלה שתקפה והסיתה נגד האוכלוסייה הערבית יותר מהממשלה הנוכחית. זה התחיל ביום הבחירות, הנאום המפורסם: הערבים נעים בכמויות באוטובוסים לקלפיות, וזה המשיך, וכמעט מדי חודש אנחנו שומעים. רק לפני שבוע שמענו את שר הביטחון מדבר על חילופי אוכלוסין בין אזרחי המדינה, הערבים מהמשולש, לבין המתנחלים, כאילו האזרחים הם חפצים שאפשר להעביר אותם ממקום למקום, כאילו אין שייכות לא רק למולדת, גם להקשר – ההקשר הכלכלי, ההקשר החברתי, קרובי משפחה בכל מקום. אין כלום; הם חפצים, אפשר להעביר אותם ממקום למקום. אין ספק שבגישה הזאת יש אנטי-ערביות נגד האזרחים הערבים, כי אין הבדל ביני, אני, הערבי, אזרח תושב חיפה, לבין ערבי מהמשולש. אבל בחיפה אי-אפשר למתוח את הגבול בין השכונות, לכן מדברים על מקומות אחרים, כן. כולם מבינים גם שהרעיון הזה לא מעשי, כי אנשים לא יגיעו מתל אביב לעפולה דרך שטחי המדינה הפלסטינית, וגם לא יסכימו שיציבו את הגבול בחדרה. יעקב פרי, יעקב פרי, פרי, בהיותך איש ביטחון מובהק, תגיד לי, חילופי אוכלוסין זה להעביר את הגבול לחדרה וכפר סבא? אתה רואה בזה משהו מעשי – מה שמדבר עליו קשקשן הביטחון אביגדור ליברמן?

לעבור מדינתית מעפולה דרך שטחי המדינה הפלסטינית, למשל – מה אתה אומר כאיש ביטחון? כמה זה מעשי?

אני מבין שליברמן מבין יותר ממך בביטחון, בגלל הרקורד הצבאי המפואר – – –

כן, אבל מה חשוב לי בכל הדברים הללו? זה ההסתה נגד 20% מכלל האוכלוסייה. זה הדבר החשוב. עכשיו אני פונה לאופוזיציה ואומר להם: אני מבין, שלי וסתיו, אני מבין למה ראש הממשלה עושה את הדבר הזה. אני מבין שהוא היה יו""ר האופוזיציה בתקופת רבין. אז היינו גוש חוסם. מבחינתו הערבים מנעו ממנו להיות ראש ממשלה. זה מובן, אני מבין – בגלל שהוא התמודד מול ברק בשנת 1999, ברק קיבל 56%, הוא קיבל 44%, כלומר אנחנו, הערבים, היינו ההבדל בין שניהם וגרמנו לו להפסיד ולא להמשיך להיות ראש ממשלה, כלומר בשנת 1999 הוא קיבל רוב יהודי, אבל הוא לא קיבל רוב מטעם כל האזרחים. לכן, זו לא רק גזענות לשמה – זה גם, אבל לא רק – זו אסטרטגיה פוליטית איך לנטרל אותנו, איך לעשות מאיתנו קבוצה לא לגיטימית, עוכרי ישראל, גיס חמישי, איום מבפנים – כל הדברים הללו. עכשיו, מה שאני לא מבין מצד האופוזיציה, במיוחד אחרי שאבי גבאי נהיה יו""ר המחנה הציוני – למה הוא עושה אותו דבר? למה הוא אומר שאין לו שום דבר משותף עם המשותפת? מה זה, עוד הדרך של אהוד ברק? אז מה, הוא יהיה ראש ממשלה – יבצע אוקטובר 2000 נגדנו? מה זאת אומרת שאין פרטנר פלסטיני? זה המשפט של אהוד ברק. אין משפט יותר מכונן שחיזק את הימין משנת 2000 עד עכשיו יותר מהאמירה ""אין פרטנר"", כי אם אין פרטנר אז ייאוש. אז למה לבחור בכם? אז לבחור בימין. למה לבחור באנשים שמדברים על שתי מדינות? אז לבחור באני לא יודע מה, כי אין פרטנר. אני פונה לחבריי מהאופוזיציה: אני חושב שאנחנו צריכים לבנות אסטרטגיה. עכשיו, אל תטעו, אני יודע שגם אנחנו עושים טעויות, אני יודע את זה. אבל אנחנו צריכים לנהל שיח. אנחנו 20% מכלל האוכלוסייה. אם אנחנו קבוצה לגיטימית בפוליטיקה הישראלית, הימין יצטרך לשכנע יותר מ-65% מהיהודים; אם אנחנו מחוץ לכל משחק, הוא יכול להסתפק ב-51% מהיהודים והוא יהיה בשלטון. אני חושב שזו המשוואה הכי חשובה כרגע בפוליטיקה הישראלית. עוד יותר – יש ריח של בחירות. לכן קשקשן הביטחון ליברמן התחיל לתקוף. הוא נראה מאופק במשך שנה, הוא עשה כאילו – לא בהצלחה, אבל ניסה לעשות את זה, אבל עכשיו הוא חזר שוב להסית נגדנו. אני חושב שגם ראש הממשלה השתמש בזה. אני מבקש עמדה מאוד ברורה מהאופוזיציה. אנחנו צריכים לנהל שיח כן ואמיתי מה זאת אומרת אזרחות שווה, מה זאת אומרת דמוקרטיה, מה זאת אומרת יש זכות לגיטימית לכל קבוצה. אם מישהו עובר על החוק, אז צריך להעניש אותו ספציפית. מדינת חוק לא מתייחסת לענישה קולקטיבית, אלא מתייחסים לכל בן אדם לפי מה שהוא עשה. לכן, אני חושב שחוק ההמלצות, המתקפה נגד בית המשפט העליון, הרדיפה אחרי עמותות, הקוד האתי באוניברסיטאות, וגם ההסתה נגד האוכלוסייה הערבית, זה בא מאותו מקום: פגיעה במרחב הדמוקרטי. אנחנו באופוזיציה צריכים לדעת איך לאחד כוחות ולהיאבק נגד הדבר הזה. עכשיו אני רוצה להתייחס לנושא אחר, והוא שביום חמישי, עוד יומיים, ראש הממשלה בנימין נתניהו יבקר בכפר עין מאהל. הוא אמור לקבל אות הוקרה שם.

ראש הממשלה נתניהו אמור לבקר ביום חמישי בעין מאהל, בכפר עין מאהל. הוא אמור לקבל אות הוקרה מידי ראש המועצה המקומית על כך שהוא קידם את התוכנית הממשלתית 922. עכשיו אני רוצה לספר מה זה 922, מה תפקידו של ראש הממשלה בתוכנית 922. אני ישבתי כמה פעמים עם שר האוצר כחלון ודיברתי על תוכנית של win-win situation, דבר שהוא טוב לאוכלוסייה הערבית, אבל גם טוב לכלכלה בכלל. עוד אישה ערבייה עובדת, עוד משלמת מיסים – זה טוב לכלכלה בכלל. אנשים עובדים, יש להם קצת כסף בכיס, אז הם מתניעים את הכלכלה; אין להם כסף בכיס, אז זה גורם להיתקעות בכלכלה וגם בשוק. אנחנו הלכנו על תוכנית כזאת של win-win situation, של: טוב לנו – טוב לכלכלה בכלל. ישבנו 70 פגישות עם האוצר, הרשימה המשותפת, הוועד הארצי לראשי רשויות מקומיות ערביות וכל מיני עמותות. אחרי שהתוכנית הזאת הגיעה לישיבת הממשלה, ישיבת הממשלה התפוצצה שלוש פעמים. אני רוצה לדבר לזכותם של השר כחלון בסוגיה הספציפית הזאת, וגם השר שנמצא פה אריה דרעי, וגם גילה גמליאל, שהם נאבקו על זה; אמרו שזה צדק, זה נכון, זה טוב לאוכלוסייה הערבית, אבל גם טוב לכלכלה בכלל. מהצד השני היו שרים אחרים, כמו אלקין, כמו יריב לוין, כמו ראש הממשלה. ישיבת הממשלה התפוצצה שלוש פעמים. בישיבה השלישית ראש הממשלה קיבל את התוכנית 922, אבל הציב ארבע התניות: שזה גם שירות לאומי וזה גם הריסת בתים וזה גם תחנות משטרה וזה גם עוד משהו שכבר שכחתי מה הוא. כלומר, דווקא ראש הממשלה הוא שעמד מול האנשים שרצו לקדם את התוכנית לפחות שלוש – לא, זה ממש שלוש ישיבות של הממשלה – וכשקיבל אותה – עם כל מיני התניות. לבן אדם הזה עכשיו רוצים לתת אות הוקרה. עכשיו אנחנו מבינים מה המצב. אנחנו מבינים מה זאת אומרת אנשים עניים, מצב קשה. בעין מאהל הופקעו 12,500 דונם.

אנחנו אופוזיציה. אני אגיד משהו על זה. גם על זה אני אגיד משהו.

אני אגיד משהו גם עליך ברמה האישית.

אני אגיד משהו עליך בגדול ואני אתייחס ספציפית למה שטענת.

טוב, אני מקבל את זה, אני מקבל את זה.

אני מכבד מאוד מאוד מאוד, ואנחנו עוקבים ואנחנו רואים, ואנחנו – היו לנו שתי אופציות: או לשבת בצד ואחרי זה להוציא דוח שהממשלה יישמה רק 30%, 40%, או לבקש לשבת מדי חודש ולבקש לראות מה כן, מה לא, ולקדם, לפעמים בשפכטל של 1%, 2%, העיקר לתת כמה שיותר לאוכלוסייה שלנו. אני מאוד מאוד מכבד את זה, מכבד את מעשיך בנושא הזה, כבוד שר הפנים. עכשיו אני רוצה לנתח את זה גם קצת כלכלית. יש שאלה פילוסופית שאומרת: אם יש סתירה בין אינטרס השוק לבין תפיסה גזענית, אז מי מנצח? זו שאלה היסטורית של פילוסופים. התשובה היא כך: בדרך כלל גם באידיאולוגיה יש עייפות החומר. כלומר, אנשים אידיאולוגיים עשר שנים, 20 שנה, אחרי זה זה פחות. למשל, בונים בנצרת עילית – דרך אגב, על אדמות של עין מאהל – אבל אחרי 20 שנה מתחילים ערבים לגור בנצרת עילית; השוק מתחיל לנצח את התפיסה האידיאולוגית של ייהוד הגליל בנצרת עילית. היום יש 31% בנצרת עילית שהם ערבים. למה? כי השוק ניצח, והוא עוד ינצח. פעם האמנו שזה רק אנחנו התגברנו על הממשל הצבאי, עד שקראתי ספר מאוד מעניין שהוציא את הפרוטוקולים של ישיבת קבלנים גדולים עם לוי אשכול, שהתחילו להגיד לו: אנחנו רוצים לבנות בניינים גדולים בתל אביב, בגוש דן, ואנחנו רוצים את הערבים, שיודעים לעבוד בבניין, אז תבטל את משטר ההיתרים – היו נותנים לאנשים היתרים בשביל לעבור ממקום למקום. תבטל אותו, כי אנחנו צריכים את העובדים הערבים בשביל שיבנו לנו את הבתים הגדולים בתל אביב. ואני רואה, עקבתי אחרי הפרוטוקולים עד שראיתי איפה לוי אשכול השתכנע שזה טוב למדינה בכלל, כלומר, המקום הכלכלי הוא כל כך חשוב. קראתי ספר על 50 אנשי עסקים ששכנעו את שמעון פרס ללכת בדרך של אוסלו ואמרו לו שזה השוק, והיציבות, והכסף הזר, ו-, ו-, ו-, ו-, עד שהוא השתכנע. אחרי זה יש אנשים שדיברו עם חיים רמון שהוא צריך לבנות את גדר ההפרדה, אז חיפשתי מיהם האנשים – אלה היו אותם האנשים שדיברו עם פרס. כלומר, השוק לא מחפש את הצדק, את הזכויות של עם; הוא מחפש את האינטרס שלו, אז אם לא דרך אוסלו – זה כשל – אז זה דרך גדר הפרדה, אבל העיקר שתהיה יציבות. אנחנו יכולים להבחין בדבר הזה בכל מקום אחר. למשל, בדרום אפריקה בשנת 1970 החליטו לבנות בתי ספר תיכון לשחורים. אז מה, פתאום הלבנים רצו שהשחורים ילמדו? פשוט מאוד, אם האנשים לומדים עוד יותר אז אפשר לנצל אותם עוד יותר, אפשר לקחת מהם עוד יותר. אז זו אותה גישה. התוכנית הכלכלית בנויה בדיוק על הדבר הזה. למה יש בה הרבה תעסוקה, בתפיסה הזאת, תעסוקת נשים בעיקר? למה מעונות יום? בשביל לשים את הילדים. למה אוטובוסים? הרבה אוטובוסים. למה? בדקו כמה רכבים יש בכל בית, אז צריך אוטובוס בשביל שאנשים ילכו למקומות עבודה. כלומר, התפיסה היא לא תפיסה חברתית, היא תפיסה ליברלית. האם זה לטובתנו? במקום הקונקרטי הזה כן, לטובתנו, אז זה win-win situation, ללכת בכיוון הזה. אבל מה חסר למשל בתוכנית הכלכלית? הפן החברתי. לא תשמע בריאות – אפס; לא תשמע גמלאים – אפס. כי כל התפיסה היא של win-win situation. אני לא נגד, אני בעד, אבל חסרים הרבה מאוד דברים, במיוחד במקום החברתי. עכשיו אני רוצה לתת עוד דוגמה על הקשר בין כלכלה לבין תפיסה שוויונית לכאורה. עכשיו יש דגש בבתי ספר ערביים על לימוד העברית והאנגלית – העברית בשביל התעסוקה והאנגלית בשביל ההייטק ועוד משהו שקשור לעולם הרחב. זה מבורך וחשוב, ואנחנו בעד, ואנחנו מקדמים. אבל איפה פוגעים עכשיו? בשפה הערבית. למה? בגלל הטיעון שזה לא חשוב כלכלית, זה לא טוב כלכלית. כלומר, המקום הכלכלי – אתה יכול להתחבר במקומות מסוימים ולהגיד: פה אני רוצה לקדם. אני פה מסכים איתכם, זה משהו משותף, ואנחנו מקדמים. אבל אנחנו, שהנושא החברתי כל כך חשוב לנו – 62% מהילדים – – –

לא, לא, זה גם האווירה, גם רמת הלימודים, גם הבונוס בבגרות וכל מיני דברים אחרים שלא נותנים עדות ללמידת השפה הערבית. למה? בגלל התפיסה הכלכלית. כלומר, בן אדם שיודע ערבית, אז באיזה שוק הוא יעבוד? לכן העברית והאנגלית במקום הזה הן יותר יעילות. אבל מה עם השפה הלאומית שלנו? מה עם התרבות שלנו? זה דבר כל כך נחוץ לנו. לכן, זה שאנחנו בעד הכיוון הזה של חיזוק העברית והאנגלית, זה לא צריך להיות כלל וכלל על חשבון השפה הערבית. הנושא הזה, התוכנית הכלכלית – אנחנו יודעים מי קידם, אנחנו יודעים מי עמד נגד. ועכשיו הנציב העליון בא אצל המוחלשים, להגיד להם: הינה אני, תברכו אותי. בזמן שכל העולם בז לו, ש-128 מדינות אומרות – מה זה 128 מדינות? זה גרמניה, בפעם הראשונה בהיסטוריה, זה אנגליה, זה צרפת, זה כל העולם. יש כמה מדינות פשוטות שטראמפ הצליח להפחיד אותן, אבל כל העולם מתחיל להחרים את הבן אדם הזה, ועכשיו הוא בא אצל המוחלשים להגיד להם: יאללה, תעשו לי משהו. זה מזכיר לי משהו שהיה בתקופת הממשל הצבאי. יש נושא שאני חושב שגם הוא קשור לתפיסה הכלכלית. דובר הרבה על מיגור האלימות בקרב האוכלוסייה הערבית. אפשר לדבר בכל המובנים על האלימות בקרב האוכלוסייה הערבית, אבל אני רוצה לחבר גם את זה למקום של כלכלה. אלימות פוגעת בכלכלה, כי חלק מהאלימות והרצח זה גם העלמת מיסים, זה גם הלבנת הון, זה גם פרוטקשן. מקום שיש בו פרוטקשן – עכשיו יש פריחה ביישובים הערביים; אתה רואה מסעדות, בתי קפה, ובאמת לפני 20 שנה זה לא היה. היום אתה נכנס לכל יישוב ואתה רואה את המקומות הללו. כשיש פרוטקשן, האנשים מתחילים לסגור את המקומות הללו. כלומר, האלימות זה לא רק מהמקום האנושי – והבן אדם זה ערך עליון – אבל זה לא רק האנושי; זה גם כלכלה, זה גם הלבנת הון, גם העלמת מיסים, זה גם פרוטקשן. זה פגיעה. לכן אני חושב שגם ברמה הכלכלית, צריך לראות בסוגיה הזאת של האלימות בקרב האוכלוסייה הערבית פגיעה ישירה בכלכלה. עכשיו דיברתי עם ראש הממשלה. אמרתי לו: יש בינינו פער תהומי בכל התחומים. בוא נעבוד ביחד בנושא הזה של האלימות. אני מוכן, בהיותי ראש הרשימה המשותפת, ש-50% מהזמן שלי יהיה מוקדש לדבר הזה שנקרא מיגור האלימות בקרב האוכלוסייה הערבית, ממש 50% מהזמן שלי. ראש הממשלה דיבר עם השר ארדן, אמר לו: הינה, איימן מוכן, בוא ננסה לעשות משהו. שאל אותי על תחנות המשטרה, אם אני מתנגד שתהיה תחנת משטרה ביישובים הערביים. אמרתי: מה? הבעיה שלנו זה תחנת משטרה או לא? מה, אם גונבים לי – אני, אישית, בבית שלי – למי אני מתקשר, לא למשטרת ישראל? מה, למשטרה הפלסטינית? למשטרה במדינות ערב? למשטרה באירופה? אני מתקשר למשטרת ישראל. הסוגיה היא לא תחנת משטרה, כן או לא, אלא התפיסה, איך המשטרה מתייחסת אלינו, וזה הדבר העיקרי. ראש הממשלה דיבר עם השר ארדן. מה השר ארדן ענה לו עליי? אמר לו: איימן הוא גורם לא חיובי; גורם, גם לא בן אדם. גורם, גורם. זו תפיסה קולוניאליסטית, להסתכל על מיעוט בנימה הזאת. מה זה, גורם לא חיובי? בגלל אום אל-חיראן? והוא שיקר שם, אמר שהבן אדם שנהרג הוא מדאעש. הוא צריך להתנצל. בגלל השרפות בכרמל, שהוא האשים את הערבים מהרגע הראשון ואני יצאתי נגד? אז הוא התחיל לומר שאיימן הוא גורם לא חיובי. איזה נימה קולוניאליסטית. אני מדבר במובן התרבותי של המילה: גורם לא חיובי. אני אומר לך, אם המשטרה לא רוצה לשתף פעולה במיגור האלימות בקרב האוכלוסייה הערבית – וזה כל כך נחוץ, כל כך חשוב לנו הנושא הזה, כי אלה האנשים שלנו, אלה אנשים שמכירים אותנו ואנחנו מכירים אותם. אנחנו יכולים להיאבק ביחד נגד הנשק הבלתי-מורשה, נגד הרצח, רצח נשים. זה דבר שבנפשנו. אני מבחינתי, ממש ממש, 50% מהזמן שלי אני מוכן להקדיש לנושא הזה. במקום לשתף פעולה בנושא הקונקרטי הזה, אני עכשיו אצטרך לגייס את הציבור שלי נגד המשטרה ונגד השר לביטחון הפנים בשביל שיאסוף את הנשק הבלתי-חוקי. כלומר, המאבק שלי לא יהיה באיזשהו תיאום מסוים, אלא כולו יהיה מופנה לממשלה ולשר לביטחון הפנים – דבר שאני לא בחרתי בו. אני בוחר איך לעשות את הדבר בצורה היעילה ביותר, כי אנחנו לא רוצים אלימות בקרב האוכלוסייה הערבית, לא רוצים נשק. הנשק הזה – אין בו שום דבר טוב. תגיד לי, האם יש דבר טוב שיש לנו כלי נשק אחד לא מורשה? אחד טוב? אם זה ערבים נגד ערבים – לא טוב; אם זה ערבים נגד יהודים – אז כל המדינה תקום עלינו. אז תגיד לי, במה זה טוב? אבל לצערי הרב, כשבא ערבי והורג שני יהודים ואחד ערבי בתל אביב לפני שנה וחצי – דבר נתעב, ראוי לכל הוקעה – בא ראש הממשלה עם הדוכן שלו לרחוב דיזנגוף ומשתלח בכולנו. אבל מדי חודש נהרגים ערבים על ידי ערבים – ראש הממשלה לא שומע על זה בכלל, כי אנחנו אזרחים פחות – פחות נחשבים, פחות שוויוניים – אז זה לא מעניין. ערבי הורג יהודי אז הוא קם – אין לי שום טענה, אבל מה עם הערבים שנהרגים מדי חודש? זה לא רק הנושא הזה של אי-שיתוף פעולה בעניין שהוא כל כך נכון. אני רוצה לתת לך עוד דוגמה, וכנראה, אדוני שר הפנים, אני עושה לך בעיות, כי אני אשבח אותך פה בעוד משהו: בעיית הבנייה הלא-חוקית אצלנו – יש לנו 50,000 בתים לא חוקיים. אנחנו לא רוצים לחיות במצב שיש בו בית אחד לא חוקי. לא רוצים. כולם מכירים את הבעיה. המדינה, משנת 48' עד עכשיו בנתה 700 יישובים חדשים, כולם, אבל כולם, ליהודים, ואפס יישובים חדשים לערבים. יש במדינה 961 יישובים שאנחנו לא יכולים לגור בהם בגלל ועדות קבלה. אני יכול לגור בכל מקום בעולם, בכל מקום בעולם, חוץ מהמולדת שלי. יש 961 מקומות שבגלל ועדות קבלה אני לא יכול לגור שם. גם הפקיעו את האדמות וגם בתקופה מסוימת – עכשיו יש פתיחות פה ושם – לא אשררו תוכניות מתאר. אני ראיתי את הסיפור הזה של תוכניות מתאר; זה כמו חליפה שאתה קונה לילד בן 10 ואתה רוצה להלביש לו אותה כשהוא בן 30, אז היא תיקרע מפה ותיקרע משם. זה המצב שהיה. יש בעיה גדולה, בעיה לאומית, של 50,000 בתים לא מורשים. אז מה אני הצעתי? במשך שנתיים או שלוש שנים, אנחנו עם ראשי מועצות מקומיות נעשה ישיבות בכל היישובים הערביים ונבקש מאנשים שלא יבנו בית אחד בצורה לא חוקית במשך שלוש שנים. הממשלה תתחייב שלא להרוס במשך שלוש שנים. אנחנו כל חודשיים יושבים פעם עם משרד הפנים, כל חודשיים יושבים פעם אחת. אם אנחנו מצליחים במשהו כמו 70% – הרי אנחנו לא נצליח ב-100%, אבל אם נצליח ב-70%, ב-80%, מבחינת המדינה – כי אנחנו כל חודש בונים 20–30 בתים לא חוקיים, והמדינה הורסת כל שלושה חודשים בית אחד. כלומר, גם מבחינת המדינה היא צריכה לומר: ואללה, זו הצעה רצינית. ומה הוא אומר לנו? יש לנו חלון כל חודשיים. אנחנו יכולים לצאת מההסכם? כן, אפשר לצאת מההסכם, כי חלק מההסכם – שכל חודשיים יושבים. אם אנחנו, הנהגת האוכלוסייה הערבית, באמת מצליחים לשכנע את הציבור שלנו לא לבנות בהצלחה של 70%, אז ממשיכים; אם לא, אז חוזרים למצב הקיים. ומאשרים תוכניות מתאר. אתם יודעים מה? אין לי ספק שנגיע למצב שיש כמה בתים – מישהו בנה, אני לא יודע איפה, באיזשהו מקום. מה, אני אצטרך להגן עליו? אז אני אבין שיש לנו בעיה עם x בתים. אני אאסוף תרומות בכל מקום בשביל ללכת אליו, להגיד לו: אתה בנית במקום שאי-אפשר לאשר. מה, זה סיפור לאומי? פה זה לא סיפור לאומי, פה זה סיפור אזרחי. אתה טעית, אתה ביצעת עבירה. אפשר להתקדם. בהרבה מאוד נושאים אפשר להתקדם, רק צריך כוונה טובה בשביל לפתור את הבעיות, וזה מה שאנחנו רוצים. ההצעה שלי עומדת על כנה גם עכשיו, ואני מוכן להיות שותף, להיאבק בשביל זה – בשביל שבסופו של דבר מאשררים אחוז כל כך גדול מהבתים הערביים ויישארו בעיות שאנחנו נדע איך לפתור אותן בדרך אזרחית. בזמנו, שר הפנים אריה דרעי דיבר בוועד הארצי לראשי רשויות ערביות ואמר: זו הצעה חשובה, ראויה. אני מוכן ללמוד אותה בכובד ראש. שר השיכון גלנט – אותו דבר; אפילו פרסם הודעה ואמר: זו הצעה אמיצה, ואנחנו מוכנים ללמוד אותה. אבל יש את ראש הממשלה, שחושב רק על פוליטיקה קטנה של הישרדות; לעשות מאיתנו קבוצה לא אזרחית, קבוצה לא מודרנית, קבוצה שלא מחפשת חוק, קבוצה של מתפרעים. זה לחם חוקו, וכך הוא ממשיך לשרוד בפוליטיקה, בהסתה ובשיסוי. אבל אני מקווה שלמרות חוק ההמלצות ולמרות כל מה שהוא עושה, הוא עוד ייפול, בהקדם האפשרי. עכשיו נותרו לי 43 דקות. שלי, מה את מציעה?

אני אספר לך על כמה ספרים שקראתי.

כן, בשמחה, בשמחה. יש לך את הכישרון הזה. לך ולנפוליאון בונפרטה היה הכישרון הזה, לא לעוד הרבה אנשים בעולם.

אה, בגלל שהן חושבות כך, לא כמונו, אנחנו הגברים, שחושבים בצורה ישירה.

אמרו, גם טלפון, גם מדברת עם השכנה, גם הסיר – –

– – הכול ביחד. אנחנו הגברים אולי מיותרים – – –

מוגבלים. אריה, מבחינת דתית אתה מסכים עם שלי? מה אתה חושב?

יש קונסנזוס בנושא הזה. בואי אני אספר לך משהו. קראתי משהו מאוד נחמד על הפילוסוף דיוגנס. תגידי לי, שלי, סתיו, זה השם שלו דיוגנס בעברית או מה? זה שישב בחבית, זה דיוגנס? כך?

הוא הגיע למשהו מאוד מאוד חשוב. הוא אמר שההנאה העיקרית של הבן אדם היא בלי כסף; היא אהבה, היא קרן השמש, היא חוף הים, היא המוזיקה, היא השירה, היא הספרות – והכול חינם. לעשן סיגר כמו ראש הממשלה, למשל – ההבדל בין קוהיבה, למשל, לבין רומיאו וג'ולייט, טוב, זה 5% מההנאה; שמפניה ורודה, למשל, זה 3% מההנאה. אבל ההנאה האמיתית האמיתית בחיים זו אהבה, זה טבע יפה, נוף יפה, זו שירה מקסימה, זה ספרות. זו ההנאה האמיתית, האושר האמיתי בחיים. אז הפילוסוף הזה, דיוגנס, הגיע למקום הזה שהוא לא צריך כלום, אבל כנראה שהוא השתגע, אז הוא החליט לגור בחבית. ממש כך. אז מי הגיע אליו ושמע עליו? אלכסנדר הגדול שמע עליו. בא אליו ואמר לו: אני מכבד אותך ואת הניסיון שלך. במה אני יכול לעזור לך? אמר לו: האמת, אתה יכול לעזור רק בדבר אחד – שתזוז קצת, בגלל שהפרעת לקרני השמש להגיע אליי. אז אלכסנדר הגדול אמר: לו לא הייתי אלכסנדר, הייתי דיוגנס. בוחר להיות דיוגנס. אני חושב שהוא לא ממש מתכוון. הוא מדבר ממקום פריבילגי, זה לא ממש אמיתי. אבל זה פילוסוף מאוד חשוב, מאוד נחשב בהיסטוריה. ספר אחר שקראתי נקרא סמרקנד.

סמרקנד. יש פילוסוף ערבי בשם עומר אל-ח'יאם, ששאב מהפילוסופיה היוונית, מה שנקרא הפילוסופיה האפיקורסית, כלומר, ליהנות מהחיים, ממש ליהנות, ולא לחשוב על שום דבר אחר.

ממש. והוא כתב שירה הכי יפה על זה. מה הדבר היפה? וחיפשתי ומצאתי שזה נכון. איפה נעלם העותק המקורי של עומר ח'יאם? בספינה טיטניק. מזרחן אחד ביקר שם, באיראן, וחיפש במשך עשור עד שמצא את העותק המקורי של עומר ח'יאם, ואחרי זה הלך לארצות הברית, אולי בשביל למכור את העותק המקורי, וזה היה באונייה טיטניק. עם כל הכבוד לבמאי ולסיפור בין הבחור העני לאישה העשירה בטיטניק – זה באמת סיפור מאלף – זה שהוא לא אמר כלום על העותק המקורי של עומר ח'יאם, אני חושב שזה פספוס מאוד גדול גם לסרט עצמו. אז מה עוד קראתי? קראתי ספר מאוד מעניין שנקרא ""חגיגת התיש"". תגיד לי, שמעת על זה? חגיגת התיש. זה של מישהו בשם מריוס יוסה מאמריקה הלטינית, שמדבר על תקופת טרוחיו, שהיה רודן ברפובליקה הדומיניקנית. הוא מדבר על העינויים בבתי הסוהר שם, מדבר על מה זאת אומרת רודנות בצורה הקשה ביותר. אבל מה מצאתי מאוד מעניין? שהיו לו בעיות – אני לא אספר, כי הוא חי, אולי יתבע אותי על לשון הרע, הוא חי בספרד עכשיו – מצאתי שאשתו התייעצה עם גבריאל גרסיה מארקס בנושא מסוים, אז מארקס הציע לה שהיא תגרש אותו. ממש כך. אז ביום שמארקס קיבל את פרס נובל לספרות, בשנת 1983, בא אליו יוסה ובמקום לחבק אותו, נתן לו אגרוף ממש בפנים. אז מארקס נפל, הלך לבית חולים. שאלו אותו מה הסיפור, הוא אמר: אני ידעתי מזמן שהמילים של יוסה אזלו מזמן. אני חושב שאין פגיעה בסופר יותר מהאמירה הזאת – שהמילים שלו אזלו, אין לו עוד יותר מילים. וזה סופר. לכן, גם זה ספר מאוד חשוב שקראתי, שנקרא ""חגיגת התיש"", וזה הסיפור שמאחוריו. עכשיו אני רוצה לקרוא לכם שירה של מחמוד דרוויש. הלוואי שלכל עם יש מחמוד דרוויש. זה לא פשוט. זה הכי הכי רציני. אריה, אולי אני אקרא בערבית, אולי זה יחזיר אותך למשהו בבית. אבל זו מילה קשה גם מבחינת הערבית.

כן. לא, אתה, האשכנזים לקחו אותך לישיבת חברון, ואתה – – –

גם נובל, כן, כמו מארקס. נכון. הוא חי עכשיו בספרד. ההבדל בינו לבין מארקס – מארקס סוציאליסט והוא ליברל, והיו ביניהם ויכוחים רעיוניים מאוד מאוד חשובים. מחמוד דרוויש – בואו נקרא שיר שאני מאוד אוהב: (אומר בערבית: ""אמר הנוסע לנוסע: לא נשוב כפי..."") וואי וואי וואי, איזו שפה יפה יש לנו. (אומר בערבית: ""לא נשוב כפי..."") וואי, הינה, זה פה. מה, אני אקריא בעל פה, למה לקרוא? טוב. דליה, לקרוא בעל פה?

לא תבינו – תקשיבו קצת לערבית. אנחנו חיים במדינה – כל יום עברית. כל יום עברית, אבל זו שפת האזור, זו שפת השלום, שפת העתיד במזרח, לכן זה כל כך נחוץ, כל כך חשוב. פה, במדינת ישראל, אחרי האנגלית מתחילים ללמוד צרפתית. למה? יש שפה שהיא שפת המקום הזה, שפת השלום. יש בה הרבה אופי, וגם שפה עשירה ויפה. (אומר דברים בשפה הערבית, להלן תרגומם: ""אמר הנוסע לנוסע: לא נשוב כפי... איני מכיר את המדבר, / אך בשוליו נבטתי כדיבור... / אמר הדיבור את דברו, והלכתי לי / כאישה מגורשת הלכתי לי כבעלה השבור / לא זכרתי דבר זולת הקצב / אותו אשמע / ובעקבותיו אלך / אותו ארים כְּיוֹנים / בדרך לשמיים / השמיים של שירי / הינני בן החוף הסורי – – –"")

כל הכבוד לך. תשמע, זו שירה שקשה לערבי ממוצע ממש לפענח אותה, כי אלה ממש מילים קשות והמשמעות קשה, אבל אתה תפסת כמה מילים. (אומר דברים בשפה הערבית, להלן תרגומם: ""– – – אמר הדיבור את דברו, והלכתי לי / כאישה מגורשת הלכתי לי כבעלה השבור / לא זכרתי דבר זולת הקצב / אותו אשמע / ובעקבותיו אלך / אותו ארים כְּיונים / בדרך לשמיים / השמיים של שירי / הינני בן החוף הסורי / אשכון בו נווד או משתקע / בין שוכני הים / אך הערפל מושך אותי מזרחה / אל הבדווים הקדמונים / מוליך את הסוסים היפים אל המים / בודק את דופק האלף-בית שבַּהֵד / וחוזר כְּחלון הנפתח לשני כיוונים... / שוכח מי אני כדי שאהיה / קבוצה בתוך אחד, ובן תקופת / שבחי המלחים הזרים תחת חלונותיי / ומכתב הלוחמים להוריהם: / לא נשוב כפי שהלכנו / לא נשוב... ולו אחד אחד!"") ועוד ממשיך מחמוד דרוויש ואומר: (אומר דברים בשפה הערבית, להלן תרגומם: ""האם אני אני? / האם שם אני... ואולי אני כאן? / בכל אתה אני, / אני אתה המושא, אין זו גלות / להיות אותך. אין זו גלות / שיהיה האני שלי אתה. ואין זו גלות / שיהיו הים והמדבר / שיר הנוסע לנוסע: / לא אשוב כפי שהלכתי / ולא אשוב... ולו אחד אחד!"") זה שיר יפה של מחמוד דרוויש, מאוד מאוד יפה, אבל המילים קשות.

אבל בכל זאת, אני נותן לך מזמני.

אני אנסה. זה שיר קשה. מחמוד דרוויש אומר: אני, שנולדתי פה, מה הקשר שלי עם המשוררים הערבים שהיו בתקופת אל-ג'אהליה? אז הוא אומר: (אומר בערבית ומתרגם:) אני לא מכיר את המדבר – כלומר, שם – אבל לקחתי מהם כמה דברים. עכשיו הוא אומר: אחרי שלקחתי מהם, אבל גם מהניסיון שלנו פה כפלסטינים, לקחתי עוד משהו: (אומר בערבית ומתרגם:) השבר הסורי, (אומר בערבית ומתרגם:) החוף הסורי, (אומר בערבית ומתרגם:) אני בין כל העולמות הללו. בגלל שבשנת 1970 הוא עזב פה ועבר בכל מיני מדינות בעולם, הוא אומר מה הוא קיבל מכל תרבות עד שהגיע למקום הזה של השירה שלו, שהיא מאוד ייחודית, של מחמוד דרוויש – שהוא לקח מכולם. אז הוא מדבר עם המשוררים שהיו פעם ועושה דיאלוג איתם. יש בזה הרבה משחק מילים מאוד מאוד יפה. אם דיברנו על הג'אהליה, אז אני אקרא משהו מתקופת אל-ג'אהליה, מלפני הנביא מוחמד, עליו השלום. היה משורר בשם אִמְרוּ אלקַיְס, שאמר: (אומר דברים בשפה הערבית, להלן תרגומם: ""מה ספורים הם הימים הטובים / כאותו יום שבו נקוו הגשמים על פני האדמה / היום שבו שחטתי את נאקתי מול הבתולות / זאת הנאקה, שעל גבה היה משא כה נפלא / היום שבו התרוצצו הבתולות אנה ואנה עם בשרה / ושומנה, כשם שנעים להם שולי אריג המשי השזור / היום שבו נכנסתי לאפריון של עוּנַיְזַה / ואז אמרה: אוי ואבוי לי!  בגללך אפול / והוסיפה ואמרה: האוכף ייטה כששנינו עליו / פצעת את הגמל שלי, אִמְרוּ אלקַיְס, ואם כך עליך לרדת! / ואז אמרתי לה: המשיכי לרכב והרפי את זמם הבהמה / ואל תרחיקי אותי מצווארך המיתמר כעץ הפרי והנותן מזור לנפשי / הוי פאטמה, שימי פינוק זה בצד ולו מקצתו / אפילו אם גמרת אומר, נהגי כלפיי בחביבות / ואם את חושבת שנהגתי כלפייך ללא מוסר / הפרידי בגדיי מבגדייך – פרמי אותם. / האין את יודעת שאהבתך הורגת אותי / וכל מה שתצווי יבצע הלב? / האין את יודעת ששתי עינייך שני חצים המפלחים / ומנקבים חדריו של לב עורג?"") אמרו אלקיס, מתקופת אל-ג'אהליה, מדבר עם האהובה שלו, שברחה ממנו על הגמל – איפה שהוא דיבר איתה – והוא מדבר על השיח הזה, אנשים שהיו במדבר בתקופת אל-ג'אהליה, וזה שיר אהבה מאוד מאוד קלאסי מהתקופה ההיא. גם זה יפה. שלי, מה עוד? סתיו? מה את חושבת?

לא, זה לא. זה לא. אני – זהו.

תמר זנדברג, מה את מציעה לי? על מה אני אדבר?

החלומות, אין לי – איך המדינה תיראה, אני אגיד לך: אני רוצה שיהיה פה שלום. אני רואה את השלום מבוסס על מדינה לצד מדינה. בסופו של דבר היהודים הם פה, היהודים לא יתאדו; הפלסטינים נמצאים פה, הם לא יתאדו. צריך פתרון. בגלל שאני מאמין שאדם יותר חשוב מאדמה, אני מחפש פתרון. אני לא מחפש את הצדק כולו, אני לא מחפש – הגבולות של 67' זה לא דבר קדוש. זה אף פעם לא היה קדוש. זה תוצר של התפתחות היסטורית ושל מלחמות. עכשיו, איפה נציב את הגבול? אני חושב שהדבר המינימלי זה גבולות 67'. אני, יש לי את הפריבילגיה שאני לא יושב ליד שולחן המשא ומתן, לכן אני לא נכנס לכל מיני פרטים פה ושם, אבל אני מניח שכל הסכם בין מדינת ישראל לבין אש""ף – אני, שנמצא שם, אני ארים את היד ואגיד: מברוכ, כי אנחנו רוצים שלום שייטיב עם כל האזרחים פה, גם עם הפלסטינים וגם עם הישראלים, ומבחינתי זה אינטרס שאין כמוהו. אין יותר חשוב מהאינטרס הזה – שיהיה שלום מבוסס על זכות הגדרה עצמית גם ליהודים וזכות הגדרה עצמית גם לפלסטינים. יש אנשים שיכעסו בכל צד. גם הערבים יגידו: מה אתה אומר זכות הגדרה עצמית ליהודים פה? מה פתאום ולמה? מה זה? מה פתאום? יש התפתחות מסוימת. לו זה היה לפני מאה שנה – אני לא מקבל שום דבר, לא הנרטיב הציוני, ולא, ולא ולא. אני לא אהיה אף פעם ציוני, לא רק ברמה של ערבי-פלסטיני. יש לי תפיסה אידאולוגית שלמה בנושא הזה. אבל יש פה יהודים, הם עם, אז מגיעה להם זכות להגדרה עצמית. נקודה. הפלסטינים הם עם – מגיעה להם זכות להגדרה עצמית. נקודה. צריך להגיע לפשרה – פשרה שמכבדת את היהודים כמו שהם מגדירים את עצמם ומכבדת את הפלסטינים. באים אליי, אומרים לי: היהודים הם דת ולא עם – היהודים שנמצאים פה במדינה. אתה יודע, חוץ מההגדרה הקלאסית של קבוצה של אנשים על אדמה אחת, כלכלה אחת, היסטוריה אחת, שאיפות משותפות, חוץ מזה, אנשים מאמינים שהם עם. אז אני בא ואני אומר להם: אתם לא עם? הם אומרים שהם עם. מי אני? למה? אני חושב שאיך שאנשים תופסים את עצמם זה דבר מאוד חשוב. אז היהודים הם עם. נקודה. לעם מגיעה זכות להגדרה עצמית? כן. נקודה. הפלסטינים הם עם. יש להם תודעה לאומית חזקה מאוד מאוד מאוד. אז מה אפשר לעשות עם הדבר הזה? צריך לממש זכות להגדרה עצמית לשני העמים, מדינה לצד מדינה. לא קבוצה על חשבון קבוצה אחרת. זו התפיסה שלי לגבי השלום. יש עוד נושא שהוא מאוד חשוב ורגיש, וזה נושא הפליטים הפלסטינים. קודם כול, יש עוול היסטורי, אין ספק בזה. המדינה צריכה להגיד: אכן, נגרם עוול היסטורי כתוצאה מאחת, שתיים, שלוש, ארבע. איך פותרים את הדבר הזה? יש מתווה פה, יש מתווה שם. בסופו של דבר, כמו שאמרתי, כל הסכם בין מדינת ישראל לבין אש""ף, אני מניח שאחד כמוני לא יצא נגדו אלא יכבד שיש נציגים שהגיעו לעמק השווה בנושאים הכל-כך חשובים. אני רואה שהסכסוך פתיר. אפשר להגיע לזה. אנחנו יכולים להגיע למצב הזה. לגבי המדינה עצמה – אני בן אדם מאוד חברתי. אני בן אדם דמוקרט וסוציאליסט, בן אדם דמוקרט וסוציאליסט: בעד צדק חברתי, נגד הפער הכלכלי. דרך אגב, אתמול חשבתי על זה – מדברים על מדינת אפרטהייד. אני חושב שיש אפרטהייד כלכלי בכל מקום בעולם: קבוצה שלטת של 1% שולטת באנשים, אז זה אפרטהייד כלכלי; זה באירופה, זה בישראל, זה בכל מקום, אפרטהייד כלכלי – אנשים מהאלפיון העליון, מאוד עשירים, שמחזיקים את הכול, אז זה מיעוט שמשתלט על הרוב. הרוב הם עניים. לכן, אני בעד צדק חברתי, דמוקרטיה, בכל מלוא המילה. לגבי האוכלוסייה הערבית, יש פה נושא מאוד רגיש. אני בדרך כלל איש של תכנים ולא של סמלים. אני מאמין שסמלים זה ויכוח של אנשים שלא רוצים לפתור בעיות – בלי להקל ראש בסמלים, סמלים זה דבר חשוב; אבל מאיפה להתחיל: האם להתחיל בתכנים או להתחיל בסמלים? אני חושב שצריך להתחיל בתכנים ולא בסמלים. כלומר, אם אני אגיד שאני ערבי ומגיעה לי זכות אזרחית וגם לאומית, יגידו: מה זה ""לאומית""? זו מדינת היהודים, לא מגיעה לך זכות לאומית. אבל אני גם עם. מה, השפה הערבית היא לא זכות לאומית? כן. זה שהמדינה מכירה בכך שהשפה הערבית היא שפה רשמית – הממשלה הנוכחית רוצה לפגוע בזה – זו זכות לאומית. אז מה הבעיה? זה שאני לומד בבית ספר ערבי והיהודי לומד בבית ספר יהודי, זו לא זכות לאומית? זה שאני לומד ספר שלם על בית אומיה והיהודים לומדים רק שני עמודים על בית אומיה, זו לא זכות לאומית? אני חושב שכן, זו זכות לאומית. כלומר, כאשר פורטים את הזכויות הלאומיות, רואים שאפשר לקדם. דרך אגב, השפה הערבית – תתארו לעצמכם שהשפה הערבית לא הייתה שפה רשמית, ואני בא עכשיו, בכנסת הנוכחית, ומבקש שהיא תהיה שפה רשמית. היו קופצים: מה פתאום? יש לכם 22 מדינות. מה אתם רוצים? זו מדינה יהודית. אבל היא שפה רשמית, וזה לא פוגע באף אחד. ותתארו לעצמכם שאני בא עם חוצפה ומבקש שיהיו כתוביות בערבית בשלטי רחוב גם בתל אביב, ולא רק בנצרת. יגידו לי: מה, הגזמת. אבל יש כתוביות בערבית גם בירושלים, גם בתל אביב, גם בכל מקום, וזה לא מפריע לאף אחד. כלומר, יש הרבה פסיכולוגיה. יש הרבה מאוד פסיכולוגיה. כאשר פורטים את הדברים אחד-אחד, אומרים: ואללה, זה לא מפריע לנו, אפשר להתקדם. דווקא יותר מתרבות אחת – זה עדיף על תרבות אחת. זה שאני יודע עברית ויודע ערבית זה תורם לי, זה טוב לי, זה מעשיר, זה מוסיף, אני רוצה את זה. זה שאני יודע את ההיסטוריה של היהודים, שאני יכול להתחבר לכאב, אני יכול להתחבר לפשע הנורא ביותר שהיה אי-פעם, וזה השואה, זה מקרב אותי, זה לא מרחיק אותי. כלומר, האנשים, זה שהיהודים ידעו ערבית, ידעו על ההיסטוריה הערבית, זה דבר שיכול לקרב בין שני העמים. לכן, אני רוצה שיהיה לי מקום שיש בו זכויות, גם ברמת הפרט, גם ברמת הקולקטיב, גם ליהודים, גם לערבים במדינה. אתם יודעים מה? כל מה שאמרתי עכשיו – אני מנסה לחשוב: לו הייתי עכשיו במקום נורמלי באירופה, אפילו לא היו מגדירים אותי שמאל. היו אומרים לי: זה מרכז. אתה לא אמרת כלום. מה זה? זה מובן מאליו. יש פה במדינה הטיה ימנית מאוד מאוד – הגמוניה. אפילו המפלגות שנחשבות לשמאל במהות, בסוגיות הללו הן ימין קלאסי. אם תשים אותן בכל מקום באירופה, הן ממש, במצע הזה, יהיו בימין, לא יהיו בשמאל. לכן, אני חושב שמה שאני מציע – –

– – זה ערכים של צדק חברתי, ערכים אוניברסליים. אין לי שמץ של ספק שהם מהווים את האינטרס האמיתי של היהודים ושל הערבים כאחד. זה האינטרס שלנו, של הילדים שלנו, לעוד 20 שנה, 30 שנה, 100 שנה. זהו האינטרס האמיתי, גם של היהודים וגם של הערבים. עכשיו, דליה, אסור לך לשאול שאלה מהמקום שלך, נכון? כן. היא הסתפרה, ודליה היקרה מאוד מאוד מאוד – –

– – והיא תרמה את השיער שלה לחולי סרטן. כל הכבוד, דליה. מאוד מאוד מעריכים.

את יודעת, יש דברים שמרוב שהם טריוויאליים, אני באמת לא יכול לדבר. מה, מה להגיד? שוויון אמיתי ועמוק ואין שום הבדל? מה, זה הכי טריוויאלי. זה, זה לא – אולי כשהייתי בכיתה ד', ה', ו', אולי היה, אני לא יודע מה, אבל איך אפשר לדבר על זה עכשיו? אני חושב – אפשר ממש להתווכח בנושא כזה? זה בעיקר במקום הערכי בן האדם – זה הדבר העיקרי.

גם המונח עצמו התפתח כשהייתי בתיכון, אז כשהתפתח, אני השתלבתי מייד. אני דמוקרט בכל רמ""ח אבריי.

לא, זה, כל הדברים הללו קשורים אחד לאחר, כלומר, דמוקרט – – –

אם אתה לא דמוקרט, אבל בליכוד, למשל, זה לא יכול להיות – – – דמוקרט. למשל: את בליכוד, את יכולה להיות דמוקרטית כשאת כובשת עם אחר? מה זה דמוקרטיה?

מה זאת אומרת דמוקרטיה עם כלכלה של בנימין נתניהו?

אז דמוקרטיה, דמוקרטיה – – –

דמוקרטיה מבחינתי זה בוודאי השלום, אבל זה לא רק השלום.

הדמוקרטיה זה גם חירויות אישיות וצדק חברתי – – –

טוב, מוסי, מה יש לך לשאול אותי, בבקשה? זו שעת השאלות לחבר הכנסת עכשיו. מה, רק השרים? גם אני.

טוב. אז אם כבר דיברנו – – –

אז אם כבר דיברנו על – – –

אז אם כבר דיברנו בנושא הזה – דרך אגב, יש מתקפה כזאת נגד האוכלוסייה הערבית, נגד העמדה של חברי הכנסת, שהם מדברים רק בסוגיות הכלליות ומזניחים את האוכלוסייה שלהם. זו תפיסה מאוד מאוד חזקה. כמו שראיתם, אני דיברתי על כל הסוגיות הקשורות אלינו, ושאלו אותי על הסוגיה הכללית, ואני בוודאי מוכן לענות על זה. יש משהו שנובע משני דברים: האחד – מהלאום שלנו, שאנחנו חלק מהעם הזה, ואנחנו לא נרגיש טוב אף פעם, אפילו אם המצב פה יהיה הכי טוב, כשהעם שלנו נכבש. זה נושא שבנפשנו. אנחנו, מבחינתנו זה כל כך חשוב, שבעתיים מלכל אזרח אחר, גם בגלל פרקטיקה מסוימת. בואו נחשוב על תקופת אוסלו. אין תקופה שהייתה יותר טובה לאוכלוסייה הערבית מתקופת אוסלו. אין. אין.

רק, רק, רק – נשיב, נשיב על השאלה הזאת.

נשיב, נשיב על השאלה הזאת – –

– – אבל בינתיים אני אתן לך תשובה שכל פגיעה באזרח היא פגיעה בעולם כולו.

רק רגע. אבל אזרח זה גם עזתי וגם בתל אביב – אותו דבר.

כל פגיעה בבן אדם היא פגיעה בעולם כולו.

עכשיו, אני רוצה להגיד לך שזו לא רק הכלכלה, זו האווירה. לעומת שנת 2000 והלאה – איך מצבנו הידרדר. כלומר, אנחנו קשורים, שזורים בסוגיה הכללית, בסוגיה הפלסטינית הכללית. לכן, יש לנו אינטרס שבעתיים שהפתרון הזה יתקדם ותקום מדינה פלסטינית לצד מדינת ישראל, חברת הכנסת ברקו, ולא – – –

תשמעי, את, עם הקול שלך – לא צריך חוק המואזין. לזה צריך.

מה, יש לך מיקרופון בפנים? בואו תחפשו – – – מיקרופון.

אני אשיב לך. אני אשיב לך על השאלה.

תני לי לענות. תשמעי, במדינת ישראל יש לכם את כל הזמן כדי ללמוד – בבית הספר, בכל מקום, בתקשורת – –

– – על הנרטיב שלך. פה יש לי הזדמנות – –

– – הכללי במדינה לדבר על הנרטיב שלי, אז זו הזדמנות. תשמעי אותי.

סלח לי, אדוני היושב-ראש, אני מבקש שתשמור לי על הזכות שלי.

אני רוצה לדבר. היא מפריעה לי. עכשיו אבקש עוד זמן.

אני אבקש עוד זמן. אני אבקש. סליחה.

טוב. לגבי הגדרת מדינת ישראל – בין מדינה דמוקרטית, יהודית, מדינת כל אזרחיה. אני חושב כך: המדינה – אני צריך להסכים שמדינת ישראל מימשה את זכות ההגדרה העצמית לעם היהודי. אני צריך להסכים. אבל זה לא צריך לפגוע כהוא זה בשוויון העמוק, הלאומי והאזרחי, של האזרחים הערבים במדינת ישראל. כלומר, אני מבין שהיהודים הם עם שמימש זכות הגדרה עצמית. אני צריך להסכים לזה. אבל זה לא צריך לפגוע כהוא זה בדמוקרטיה ובשוויון הלאומי והאזרחי של האזרחים הערבים.

כלומר המדינה, במהות שלה, צריכה להיות מדינה שוויונית דמוקרטית. זה הדבר העיקרי.

תעזבי אותי עם ההגדרות שלך.

אני לא שייך להגדרות של מדינה יהודית ודמוקרטית.

זה לא אני וזה לא יהיה, וזה לא יהיה אני.

דיברת על הכיבוש. עכשיו, אני חושב כך: דיברת, כנראה שאין בן אדם אחד שהוא נגד שלום, אבל השאלה: מהם התכנים של השלום? זו השאלה. כולם יגידו: אנחנו בעד שלום. זה נמצא בכל מקום – שלום, שלום, שלום; משאת נפשו של כל בן אדם שהוא באמת בן אדם. השלום, מבחינתי, אני וכל העולם, חוץ מממשלת נתניהו וטראמפ ומיקרונזיה, זה מדינה פלסטינית בגבולות 67' לצד מדינת ישראל, ולא על חשבון מדינת ישראל. זה השלום שאני רואה, והוא שלום נכון. עכשיו, העם הפלסטיני הגיבור נאבק נגד הכיבוש.

אחת מהנשים הגדולות, צעירה, בת 16, שנאבקת מדי שבוע בכיבוש בדרכים לא אלימות – –

עכשיו, עהד תמימי נמצאת בבית המעצר של הכיבוש.

בגלל שהם מסתירים אותה מכולם, אני בא לפה, פה, לכנסת ישראל – –

– – ואומר: אתם מנסים להסתיר את הבחורה האמיצה הזאת, עהד תמימי.

– – אתם לא תצליחו, והיא נמצאת פה.

אתם לא תצליחו, והיא נמצאת פה.

עהד תמימי הגיבורה האמיצה.

אני הורדתי. בסדר גמור, אני מכבד.

מאז שהייתה תינוקת היא נאבקת בכובשים – –

– – וכך צריך להיות – בדרכי שלום, כמו שהיא עושה.

כל הכבוד לה. בחורה בת 16 – –

– – בידיים שלה – – – אומרת להם: תסתלקו מפה, תסתלקו מהאדמה שלי.

כל הכבוד. מצדיע לה. מצדיע לה. בסופו של דבר, אנחנו צריכים להחליט: או שאנחנו עם הכובשים או עם הנכבשים. עכשיו, אם תגידי לי שבן אדם נכבש – –

– – ישתמש באש חיה, יש לי את העמדה שאומרת – –

– – שמבחינה בסיסית זו זכותו של העם הנכבש, אבל אני לא רוצה שייפגע בן אדם אחד שהוא חף מפשע. אבל בחורה בת 16 נאבקת בידיים שלה, אומרת לחיילים – –

– – תסתלקו מהבית שלי – אני מצדיע לה.

עכשיו, במקום להתבייש, במקום להתבייש בכיבוש, הכיבוש הזה, הארור – –

לפחות פה, בכנסת, ראיתם אותה – –

– – שמעתם את השם שלה – עהד תמימי.

אז אני מציע כך: נשארו לי עשר דקות. בשביל שתזכרו את השם שלה טוב מאוד, אני בעשר, ממש בעשר הדקות הללו, אני אקרא את השם שלה – –

– – כל הזמן: עהד תמימי – –

– – עהד תמימי, עהד תמימי – –

– – עהד תמימי, עהד תמימי, עהד תמימי, עהד תמימי – –

– – עהד תמימי. כולם ידעו את השם שלה? בואו נחזור על זה עוד הפעם – –

– – עהד תמימי, עהד תמימי, עהד תמימי.

זה השם שלה. גיבורה פלסטינית בת 16 נאבקת בכובשים בדרכים לא אלימות.

כל העולם מצדד בה, בעמדה שלה, בזכותה הלגיטימית להיאבק בכיבוש – –

– – חוץ ממיקרונזיה, טראמפ וממשלת נתניהו. חוץ מהם. אלקין, מה אתה מצלם אותי?

טוב. אז אתה רוצה לפרסם בפייסבוק שאני קורא את השם שלה: עהד תמימי, עהד תמימי – – –

– – גיבורה צעירה, בת 16 – –

– – אמיצה, נאבקת בכובשים בדרכים לא אלימות.

יישר כוח. אני מצדיע לה. ועוד יבוא היום שתקום המדינה הפלסטינית העצמאית – –

– – ליד מדינת ישראל, ויהיה שלום שייטיב עם הבנים שלך את ועם הבנים שלי אני.

ייטיב עם הבנים שלך את ועם הבנים שלי אני, ונחיה פה בשלום כולנו.

נחיה במקום שטוב לחיות בו.

אני חושב שבפרלמנט מתוקן – מושחתים לא היו נמצאים פה.

אני חושב שפרלמנט מתוקן קודם כול לא כובש עם אחר. פרלמנט מתוקן לא כובש עם אחר. זה – 1.

פרלמנט מתוקן לא מפלה אוכלוסייה אזרחית במדינה.

פרלמנט מתוקן – לא יושב בו ראש ממשלה עם כל ההאשמות נגדו של שחיתות.

פרלמנט מתוקן – לא נמצאים – – –

חברת הכנסת ברקו, המסיתה הסדרתית, אני רוצה להציע לך משהו.

לגבי הביטוח הלאומי – קודם כול – –

– – קודם כול, אני מקווה שנקבל בחזרה את כל האדמות שנגנבו לנו, ותיקחו את כל המוסד לביטוח לאומי שלכם כולו.

כי לפני שנייה דיברת על שלום.

אדוני, אני מבקש, או שתוציא אותה או שתוסיף לי זמן.

עכשיו, אני עשיתי ניתוח כלכלי כמה האוכלוסייה הערבית משלמת מיסים מדי שנה. מיסים. כמה אנחנו הערבים משלמים מיסים. דרך אגב, משנת 48' עד עכשיו אין, אין מחקר כזה, כמה הערבים אזרחי המדינה משלמים מיסים מדי שנה. מצאתי שאנחנו משלמים מיסים – 36 מיליארד שקלים מדי שנה. 36 מיליארד שקלים. רק 31% מהנשים הערביות עובדות. אם נצליח להגביר את הדבר הזה, אז נשלם עוד יותר מיסים. כלומר, השוויון זה לא רק משהו מוסרי דמוקרטי, זה גם כלכלי. זה ממש ממש שווה. אז עשיתי את הניתוח הזה, מצאתי שזה 36 מיליארד. אני אשמח בפעם הבאה לקרוא את כל הדבר הזה. והיא שואלת, אומרת שאנחנו מקבלים קצבאות ביטוח לאומי. קודם כול, אנחנו משלמים מיסים. מאיפה הביטוח הלאומי? מה, אנחנו לא חלק מזה? מה, אנחנו לא תורמים למוסד לביטוח לאומי?

מה, אנחנו לא תורמים מיסים? מה, אני לא תורם מיסים?

אני מציע עוד יותר: במקום שרק 31% מהנשים הערביות יעבדו, שנעשה את הכול בשביל שזה יגיע ל-60% ו-70%.

אז זה יותר משלמי מיסים – –

– – זה פחות מקבלי קצבת ביטוח לאומי. אז זה גם win-win situation.

מה זה את בעד? את הממשלה. מה, את אופוזיציה?

מה, את יושבת ואומרת הלוואי?

מה, את עובדת באיזשהו מקום? את קואליציה.

קואליציה, ואומרת לי: הלוואי. אז תעשי.

תשמעי, תשמעי, ברקו, ברקו, יש בינינו פער תהומי בכל נושא.

סליחה, אדוני היושב-ראש, תוסיף לי דקות, בבקשה. באמת. זה לא יכול להיות.

אני, באמת, עכשיו רוצה להגיד לך משהו: יש ביני לבינך פער תהומי בכל נושא ונושא. לא רק זה – אפילו ברמה האישית, באמת נמאס לי. אבל בואי, בנושא הזה אני שם אותך במבחן.

מה זה? מה זה? מה זה? זה לא יכול להיות. אדוני היושב-ראש, זה לא יכול להיות.

טוב, אני מציע כך: עם הפער התהומי בכל התחומים, בואי, במקום הזה – הינה, עכשיו. עכשיו נצא ביחד, נדבר קצת, נדבר קצת איך עושים את זה בשביל להגביר את התעסוקה בקרב נשים ערביות.

אנחנו נישאר חלוקים בכל דבר ודבר.

בנושא הזה, בואי נעשה את זה, כי זה טוב לנו וטוב לכלכלה. בואו נעשה. את קואליציה, את לא – אני אופוזיציה. אז יופי. אז אנחנו עשינו הסכם פה – – –

תשמעי, הפמיניזם זה לא התפיסה הליברלית אך ורק. הפמיניזם זה גם להיות נגד הכיבוש. זה פמיניזם.

תשמעו. אתם יודעים מה? שלי, תשמעי.

אני לא רוצה לדבר אידיאולוגיה גדולה.

הספר של יובל נח הררי מדבר על קיצור תולדות האנושות.

הוא אמר: איפה התחיל האי-שוויון בין הגברים לנשים? הוא השתמש במילה אחת: מלחמה. למה מלחמה? למה – – –

רק רגע, בבקשה. למה מלחמה?

כי המלחמה זה הגבר הלוחם – 1; מלחמה זה מצב כלכלי קשה. מי סובל יותר ממצב כלכלי קשה?

מלחמה זו אלימות. מי יותר סובל מאלימות? להיות פמיניסט – להיות נגד הכיבוש. זו לא מילה ליברלית גדולה. זו מילה לשימוש – – –

פמיניזם – להיות בעד שלום.

פמיניזם – להיות בעד זכויות העמים, בעד זכויות הפרט – –

– – בעד זכויות קולקטיביות. דרך אגב, עם הגישה הכלכלית הניאו-ליברלית שלך – –

– – פמיניזם זה גם צדק חברתי, כי מי שנפגע בעיקר מהאי-שוויון הכלכלי זה הנשים, יותר מהגברים.

כלומר, פמיניסט במובן העמוק – להיות בן אדם בעד שלום, בעד שוויון, בעד דמוקרטיה, בעד צדק חברתי.

זה לא רק מילים ריקות ותפיסות ריקות. זה יותר עמוק מזה.

טוב. תשמע, אתה יכול למצוא כל מיני דברים קונקרטיים – – –

אבל מי שיש לו משנה סדורה – – –

מי שיש לו משנה סדורה בכל התחומים הללו, הוא יכול להשיב.

מה, מה, מה, שלי? מה לא נכון?

אה, לא, זה נכון, ואני עוד אוסיף – – –

עוד אוסיף על מה שמעניין. עוד אוסיף. מה, מה – – –

לא, זה לא – לא, שלי. אני אגיד לך – –

– – במה את צודקת ובמה היא גם צודקת. למשל: למה הערבים, כולם, בעד דמוקרטיה, בעד? בגלל שהם מיעוט.

רק רגע, רק רגע, רק רגע. בגלל שהם מיעוט.

רק רגע, בבקשה. כל מיעוט – – –

כל מיעוט בעולם – מי כמו היהודים מבין את הדבר הזה?

מי כמו היהודים מבין את הדבר הזה – –

– – שלהיות מיעוט – מה זה – – –

להיות מיעוט – כלומר, בקרב האוכלוסייה הערבית יש הרבה דברים לא דמוקרטיים: לפעמים כלפי אישה, לפעמים כלפי יחסי חמולות – לא דמוקרטיים, אבל כלפי המדינה, בגלל שאנחנו מיעוט, אז יש תמימות דעים. זה לא עניין של דמוקרטים במהות. זה עניין – יש אנשים שכן במהות דמוקרטים. יש ערבים שבמהות דמוקרטים; יש ערבים שמהמיקום שלהם הם דמוקרטיים. גם וגם – גם המהות, גם המיקום. זה כמו היהודים בעולם. מי יודע איך מיעוטים בעולם – – –

אני לא מדבר על לאום ולא – – –

עכשיו, נגיד, על משפחת דוואבשה ואבו חדיר – –

– – ומי רצח ראש ממשלת ישראל?

מה, הוא ערבי, זה שרצח ראש ממשלת ישראל?

מה זה, זה ערבי שרצח ראש ממשלת ישראל?

אדוני, אתה צריך לתת לי עוד יותר זמן. היא לא נתנה לי לדבר.

אז אולי תיתן לי עוד – – –

תודה רבה שנתת לי עוד שתי דקות. מוסי, מה אתה מציע? על מה נדבר עכשיו?

אתה חושב שמהפרלמנט שכובש את העם הפלסטיני אני צריך לדבר על הדמוקרטיה בפלסטין?

אני, מהמקום הזה שכובש את העם הפלסטיני?

הכיבוש הוא האנטיתזה של הדמוקרטיה.

מהמקום, מהמקום הזה? זה המקום? בוא, אני אשב בפרלמנט הישראלי ואדבר על האי-דמוקרטיה ודמוקרטיה בפלסטין?

מה, זה התפקיד שלי מפה? מפה לדבר על הדבר הזה? אני, יש לי לדבר פה, מהמקום הזה, על הדבר הכי אנטי-דמוקרטי שיש, שהוא הכיבוש הישראלי נגד העם הפלסטיני.

לגבי ההצהרה של טראמפ – – –

גבולות השלום הם ירושלים המזרחית – –

– – בירת המדינה הפלסטינית; ירושלים המערבית בירת מדינת ישראל. זה אני הקיצוני, יחד עם גרמניה הקיצונית ובריטניה הקיצונית וצרפת הקיצונית וכל מערב אירופה, ורק אתם המתונים, יחד עם טראמפ ומיקרונזיה – אתם היחידים הצודקים, ואני הרדיקלי היחידי בשכונה הזאת.",1
315268,"אדוני היושב-ראש, חבריי חברי הכנסת וחברות הכנסת, אפשר להתנגד לקרן קיימת מכמה מישורים. מהמקום שלי, אני יש לי התנגדות היסטורית בכל הרמות לעצם הקמת המוסד הזה, לעצם ההתנהלות שלו, מאז שנוסד עד עצם היום הזה. אני לא מבקש מאחרים, שאין להם את האידיאולוגיה שלנו, שיקבלו את זה, אבל בשנת 2017 מי צריך עוד מוסד כזה במדינה? מהמקום הכי אזרחי: יש מדינה, יש אזרחים, מי צריך עוד גוף לאומי שמאגד, שמשתלט על כל כך הרבה אדמות מהמדינה? בוודאי צריך לדאוג לכל הדברים ששייכים לאנשים עצמם, לעובדים, לזכויות שלהם. אבל הגוף עצמו, מי עוד צריך אותו בשנת 2017?

יש משהו שהוא כל כך ייחודי במדינה הזו, מאוד ייחודי, מאוד. אין לו אח ורע בכל העולם. אני לא רואה מדינה אחת שמקדמת זכויות לאומיות לקבוצת הרוב, אני לא מכיר. זו מדינה שיש בה רוב, 80% יהודים. נמצאים פה יהודים, ורוצים לעגן עוד, יותר ויותר, חוקים לאומיים לקבוצת הרוב. אבל אתם רוב, אבל אתם רוב – –

– – כנראה אתם לא מפנימים שאתם רוב. יש לכם תחושה של מיעוט, יש לכם פסיכולוגיה של מיעוט.

אולי גנבתם משהו בשנת 1948, ולכן כל כך חשוב לכם כל הזמן לדאוג לעוד לגיטימציה ולעוד לגיטימציה. תתנהלו כמו מדינה נורמלית ותתנהלו כמו רוב.

תתנהלו כמו מדינה נורמלית, תתנהגו כמו רוב. לא צריך לעגן עוד זכויות לקבוצת הרוב, עוד זכות לאומית לקבוצת הרוב. במדינה מתוקנת זה מספיק דומיננטי שאתה 80% מכלל האזרחים. אם מחפשים דמוקרטיה אמיתית, אז זה זכויות קולקטיביות למיעוט ולא לקבוצת הרוב. ויש לי עוד סיבה, קונקרטית.

אני מבקש ממך, אדוני היושב-ראש. היא כל הזמן מפריעה.

יש עוד סיבה. יש כפר במדינה שנקרא כפר אל-עראקיב. זה כל כך בעייתי, המצב הדיכוטומי הזה, שכל הערבים יודעים על הכפר הזה, ויותר מ-90% מהיהודים לא יודעים כלל וכלל על הכפר הזה. כפר שנהרס 120 פעם, זה עשור, עד עכשיו. זה צריך להיכנס לכל ספר של שיאים כמו גינס – 120 פעם בעשור האחרון. כל חודש הורסים אותו, והאנשים האוחזים באדמה נשארים שם. ומי גנב את האדמות שלהם? זו הקרן קיימת לישראל. אז אני מבקש שייעשה צדק עם כפר אל-עראקיב, ואנחנו, הרשימה המשותפת, נצביע – ממקום עקרוני, בעיקר – נגד כל הדבר הנוגע לקרן הקיימת לישראל. תודה.",1
315628,"אדוני היושב-ראש, הוא מפריע.",1
315944,"גברתי היושבת-ראש, חבריי חברי הכנסת וחברות הכנסת, הקשבתי היטב לדבריה של סגנית שר החוץ ציפי חוטובלי, ואני גם הקשבתי היטב אתמול לנאומו של אבו מאזן. אבו מאזן מן הסתם – – –

מן הסתם לא ציוני ולא יהיה. יש לו – – –

יש לו את הנרטיב שלו. והוא אמר דברים – – –

אז תכבדי, בבקשה. גברתי, אני מבקש. או שתיתני לי – אני מבקש ממך.

אני חושב שכל בר-דעת, גם פה, יודע שהציונות נשענה כל הזמן על מדינות גדולות. תחילה נפגש הרצל עם הסולטאן הטורקי, העות'מאני, וקיבל את הצהרת בלפור מאנגליה.

בשנות ה-50 עם צרפת, עכשיו עם ארצות הברית.

רק רגע, בבקשה, אבל רק רגע, בואו ננהל דיון, באמת.

אני הקשבתי ולא הפרעתי לאף אחד.

גברתי, אני כמעט לא אמרתי כלום.

תודה רבה. עכשיו, היום למשל 15 בינואר, יום הולדתו של גמאל עבד אל-נאצר. אני רוצה לשאול אתכם – –

– – מלחמת 1956, מלחמת קדש, על מה הייתה? בן אדם הלאים את התעלה אצלו, אצלו בתוך מצרים, מה לישראל עם זה? אני יכול ""להבין"", במירכאות, את צרפת ואת אנגליה, באמת.

אני יכול להבין שיש להם את האינטרסים שלהם. יעל גרמן, תגידי לי, יש אינטרסים לאנגליה ולצרפת בשנת 1956, רצו את התעלה ואת כל – – –

מה לישראל עם זה? כלומר, התלות במדינות הגדולות, זה היה, זה לא מופרך. עכשיו, מה חשוב לי בכל זה? את דיברת על היסטוריה, אני יכול להגיד שהפלסטינים הם צאצאי הכנענים.

כל אחד יכול להגיד שזה חשוב. ואני רוצה להגיד לכם משהו, חברים – – –

סליחה, אני מבקש ממך, גברתי היושבת-ראש, תני לי לדבר, בבקשה.

עכשיו, חברים, כל ההיסטוריה היא חשובה, באמת חשובה.

באמת חשוב מאוד מאוד מה קרה פה לפני 5,000 ו-4,000 ו-3,000 ו-1,000 ו-500 ו-100 שנה.

באמת חשוב מאוד. אבל יש דבר קצת יותר חשוב, זה שיש פה שני עמים.

יש עם ישראלי יהודי, ויש עם ערבי פלסטיני.

ההיסטוריה, אני לא מזלזל בה.

אני לא מזלזל בהיסטוריה, ואני טוען – –

– – שאני אחד מצאצאי הכנענים, וזה חשוב, אבל זה פחות חשוב מההווה – –

– – ומהעתיד של הילדים שלנו.

יש פה עכשיו, כתוצאה מהתפתחות היסטורית, שני עמים.

האם שני העמים הללו ידעו איך לחיות ביחד או לא?

גם הזכויות הלאומיות ליהודים הישראלים וגם הזכויות הלאומיות לעם הערבי הפלסטיני, וכך שיהיה שלום שייטיב עם שני העמים. תודה.",1
316346,מי זה? גולדשטיין? גולדשטיין?,1
316509,"חיים, חיים, תגיד באמת למה מדינת ישראל עושה את – – – למשל, מדינת ישראל כובשת עם אחר. למשל. באמת, באמת. למה – – –",1
317210,"אדוני היושב-ראש, חבריי חברי הכנסת וחברות הכנסת, אף פעם לא חשבתי שישראל עוד תיסוג מהשטחים הכבושים ממניעים מוסריים. אף פעם לא חשבתי. אבל פעם, לפני כ-20 שנה למשל, חשבתי שכשקברניטי הביטחון במדינה יגידו שהכיבוש הזה מזיק או למשל אין פתרון צבאי – במיוחד כשמצהירים על כך בוגרי שב""כ, אמ""ן, המוסד וכל מערכות הביטחון – זה דבר שעשוי להרתיע את החברה הישראלית. זה לא קרה. זה עשור אני חושב שזה עכשיו לא משכנע, לא מספיק משכנע. אז חשבתי שאולי אם כל מדינות ערב באות בהצעה שמדברת על שלום, מדינה פלסטינית בגבולות 67' לצד מדינת ישראל ומייד אחרי זה שלום ונורמליזציה עם כל מדינות ערב, ואחרי זה מצטרפות כל המדינות האסלאמיות – חשבתי לתומי שזה מה שישכנע, כי לפי הספרות הציונית, אפילו מלפני קום המדינה, דובר על כך שזה היה חלום שכל מדינות ערב והמדינות האסלאמיות יכירו במדינת ישראל. וזה לא עבד. האמת, חשבתי לתומי שאם המשפחות השכולות – אמרתי, זה נושא רגיש, משפחות שכולות. פורום המשפחות השכולות הישראליות והפלסטיניות הוקם, והתחילו לצאת בהפגנות ואמרו: אנחנו איבדנו את היקר מכול, את הבן שלנו, אנחנו קוראים למשא ומתן כן ורציני; אני הופתעתי לגלות שעושים דה-לגיטימציה גם להן, גם למשפחות השכולות. בסופו של דבר, לפני כמה שנים חשבתי, אמרתי: אתם יודעים מה, החיילים זה נושא בקונסנזוס היהודי הישראלי, החיילים. אז החיילים אחרי צבא הקימו את שוברים שתיקה. אמרו: אנחנו היינו שם, אנחנו בעצמנו, במו ידינו, ביצענו פשעים שם. וראיתי את מסע הדה-לגיטימציה נגדם, אחרי כל זה – לא המקום המוסרי, לא המסגרות הביטחוניות, לא יוזמת השלום הערבית, לא יוזמת השלום האסלאמית, לא המשפחות השכולות, לא החיילים בשוברים שתיקה – אז מה יגרום לרוב במדינת ישראל להשתכנע שצריך לסגת ושיהיה שלום? האמת שיש דברים ששכנעו בהיסטוריה. למשל מלחמת 73', למשל ההתנגדות הלבנונית עד לשנת 2000. ההתנגדות בעזה, למשל. אז מה, איזה מסר רוצים להעביר? שרק בכוח אפשר להבין, אפשר להפנים, אפשר לחשוב מחדש? בחורה בשם עהד תמימי, צעירה בת 16, במו ידיה נאבקת מול חיילים חמושים מכף רגל עד ראש. אנחנו מזדהים איתה, חד וחלק. אז תגידו לנו, אם לא כל מה שהזכרתי, אם לא 149 מדינות נגד הצהרת טראמפ, כלומר שמדברות על כך שירושלים המזרחית אמורה להיות בירת פלסטין לצד ירושלים המערבית בירת מדינת ישראל – דבר שאני מסכים לו, בוודאי. פעם אמרו: או""ם שמום, או: כולנו יודעים מה זה או""ם, אבל זה היה בתקופה שאמרו שאלה הן המדינות הבלתי-תלויות, זה אפריקה, מדינות אסלאמיות, הגוש הסוציאליסטי. אבל זה לא כך: זה גרמניה, זה אנגליה, זה צרפת. כלומר, בואו נחשוב מה קורה פה עם כל העולם, עם משפחות שכולות, עם האנשים שהיו בצבא, עם קברניטי הביטחון לשעבר; הכול לא לגיטימי, הכול לא נכון. והיום ראש הממשלה מדבר על סיפוח. האמת שאני לא בטוח שזה יצליח, מכמה סיבות, אחת מהן זה ארצות הברית. ארצות הברית מעוניינת ברוב יהודי במדינת ישראל. היא כבר דיברה על זה כמה פעמים. באחת מההצהרות של בוש הבן, ב-14 באפריל 2004, מכתב ההבטחות, הוא אפילו דיבר על ייהוד קטעים מהגליל והנגב, עד כדי כך. למה? בגלל שהדוח של ה-CIA משנת 1979, אחרי נפילת השאה באיראן, אמר: אנחנו לא יכולים לסמוך על דיקטטור מהמזרח. כלומר, אנחנו יכולים להיות לצד סאדאת, אבל יכולה להיות מהפכה שם וסאדאת לא יישאר, בזמנו כך נאמר, או למשל פהד, מלך סעודיה, בזמנו. אז אנחנו יכולים להישען במזרח אך ורק על ישראל עם הרוב היהודי המובטח, כי במידה שלא יהיה רוב מובטח – למשל 50% ערבים – אז במקום הזה אנשים יכולים להיות נגד ארצות הברית. יש אינטרס ישיר לארצות הברית לשמר רוב יהודי מוצק במקום הזה, כי כך היא יכולה להיות בטוחה במדינת ישראל. לכן, אין לי ספק שהמדינה העמוקה בארצות הברית לא תקבל את רעיונות הסיפוח, כי היא רוצה לשמר את הרוב היהודי המוצק. האמת, בעידן של המשוגע טראמפ אני לא בטוח שהמדינה העמוקה בארצות הברית תצליח לשכנע אותו, בזה אף אחד לא יכול להיות בטוח. אבל אני חושב שאנחנו, אזרחי המדינה, האנשים החרדים לגורל שני העמים, אנחנו אלה שצריכים לחשוב, בעיקר מהמקום הכי מוסרי, שיש פה שני עמים. מגיעה לשני העמים זכות להגדרה עצמית. העם היהודי הישראלי מימש את הזכות הזאת בשנת 48'; יש עם שלא מימש את זכות ההגדרה העצמית שלו והוא העם הערבי הפלסטיני. העם הזה לא ירפה. יש לו תודעה לאומית עמוקה מאוד מאוד. הוא עוד ייאבק למען שחרורו, למען הקמת מדינה פלסטינית לצד מדינת ישראל. ואני, חלק מתפקידי זה לשכנע, לא רק את הציבור היהודי הישראלי אלא גם את הציבור הפלסטיני, לא להתייאש מפתרון שתי המדינות. אין פתרון אמיתי חוץ מפתרון שתי המדינות – מדינה פלסטינית ובירתה ירושלים המזרחית לצד מדינת ישראל שבירתה ירושלים המערבית; גישה חופשית למקומות הקודש לכל האנשים בני כל הדתות. תודה רבה לכם.

לא פה ולא שם, לא לפגוע באזרחים.

מתאימים אחד לשני, הכי מתאימים.",1
317302,"לפני כחצי שעה אזרחי המדינה שמעו את הנאום: שתו לי, אכלו לי, אכלו לי, שתו לי, של ראש הממשלה המפונק ביבי. זה השם שלו, ביבי נתניהו, ראש הממשלה המפונק.

זה ראש הממשלה שפנה לראש הממשלה לשעבר אולמרט בדברים הללו: ראש ממשלה בחקירות אינו מסוגל שלא לערבב בין שיקולים אישיים או פוליטיים לבין טובת המדינה. כך בדיוק אמר ראש הממשלה הנוכחי בנימין נתניהו לראש הממשלה לשעבר אולמרט. אני חושש ממשהו אחר: כשהכיסא רועד, בנימין נתניהו עוד יותר מסוכן. הוא מסוכן לכולנו. היום בבוקר ביקרתי אצל פרופ' זאב שטרנהל. הוא אחד מהמומחים הגדולים ביותר בעולם בנושא הפאשיזם. למה ביקרתי אצלו? בגלל שקראתי מאמר בעיתון הארץ שבו העז לומר דברים, שהאמת, אני לא הייתי משתמש בהם. כלומר, אני אומר שהממשלה היא גזענית עם סימנים פאשיסטיים. אני לא מרחיק לכת עוד יותר. אני מסתפק בזה. אחד מהמומחים הגדולים בעולם בנושא הפאשיזם, פרופ' זאב שטרנהל, כתב כך בעיתון הארץ: אנחנו רואים ניצנים של נאציזם בהתחלתו. אני חששתי. ביקשתי ממנו להבין מה המצב. הוא הראה לי איך זה התחיל באירופה בשנות ה-20, בתחילת שנות ה-30, עוד לפני תורת הגזע ב-1938 וב-1939. כשאני שומע את ראש הממשלה מדבר על סיפוח, אתמול – ראש ממשלה שהכיסא שלו רועד הוא ראש ממשלה מסוכן. מסוכן לכולנו. שמעתי אותו תוקף את המשטרה. יש לי טענות כלפי המשטרה יותר מבנימין נתניהו, אבל מהמקום החזק כל כך של ראש ממשלה, המשפיע כל כך של ראש ממשלה הוא הורס את כל המוסדות רק בשביל להישאר על הכיסא. זה אומר שמחכים לנו ימים מאוד קשים. רציתי שאזרחי המדינה יחליפו את בנימין נתניהו בעקבות הכישלון המדיני, העמקת הסכסוך, העמקת הכיבוש, הרחקת השלום. רציתי שיענישו אותו על זה שהוא מסית נגד מיעוט לאומי שהוא יליד, בן המקום. רציתי שיחליפו אותו בגלל המתקפה על המרחב הדמוקרטי, על בית המשפט העליון, על העמותות, על התקשורת, על מכוני המחקר. אבל בכל זאת, הנושא הזה של החקירות, שחיתות, שוחד בתיק 1000 ותיק 2000, ועוד שני תיקים עומדים ותלויים בחקירות, ויכול להיות עוד תיק 5000 – אז לפחות על זה אזרחים שהם חרדים לדמוקרטיה, לשלטון החוק, צריכים להתייצב בשביל להחליף את ראש הממשלה בנימין נתניהו. נשארה לי דקה אחת לדבר על התקציב. שמעתי את שר האוצר משה כחלון, שהוא מציג כביכול תקציב חברתי. משה כחלון הוא לא שר חברתי.

ואתה סגן שר האוצר בכהונה לא חברתית. למה? אני אגיד לך למה.

תן לי בבקשה. לא, כי אני אגדיר אותם בדיוק.

אני מבקש ממך, תוסיף לי בבקשה 20 שניות. אני מבקש ממך. לא, תן לי להסביר, בבקשה.

אתה והשר שלך, שרים של נקודות חברתיות בים ניאו-ליברלי כלכלי. שר האוצר האמיתי במדינת ישראל הוא בנימין נתניהו, עם התפיסה הכלכלית הניאו-ליברלית שלו. אתה ושר האוצר יכולים כל שבוע לצאת בפייסבוק ולומר: הצלחנו נקודתית פה והצלחנו נקודתית שם, אבל אתם לא שברתם את המסגרת הכלכלית הניאו-ליבראלית. לא לדבר על הכיבוש וכביכול על ביטחון וההתנחלויות, על חשבון הסוגיות החברתיות.

אתם משרד אוצר של נקודות חברתיות – –

– – בתוך תקציב ניאו-ליברלי כלכלי בהנהגת בנימין נתניהו. תודה רבה.",1
317346,"אתה צריך להתבייש בעצמך. תתבייש לך.

אתה מייצג את הציבור שלנו.

הוא מדבר על הפריימריז של הליכוד. אתה מדבר על הפריימריז של הליכוד. תתבייש בעצמך.

לעניין המשפחות, שוב, המשפחות רוצות לדעת מהי האחריות. הרי הן פונו מהבתים הפרטיים שלהן, הן כבר שבועיים בבית מלון. אני לא יודע כמה אפשר להחזיק לחיות בבית מלון. יכול להיות שנדרש הסדר חלופי – אולי לשכור בתים – עד שהעניין יוסדר בשכונה. אז אם זה לא באחריות משרד התחבורה, אולי השר יפנה אותי מי הכתובת כאן לסייע למשפחות – העירייה? משרד הפנים? משרד הכלכלה?",1
317361,"מכובדי היושב-ראש, חבריי חברי הכנסת וחברות הכנסת, בשנות ה-90 דובר הרבה על ייצוג הולם של האוכלוסייה הערבית; אף חוקק חוק ייחודי בעניין, והוא תרם. בשנות ה-90 אחוזנו בשירות המדינה היה משהו בין 4% ל-5%, והיום מתקרב ל-10%. האמת, כברת דרך ארוכה – כמעט 20 שנה – בוודאי לא מספיק, ואנחנו חותרים לשיפורים, להמשיך בדרך זו ביתר שאת, שבתוך תקופה קצובה יהיה מספרנו שווה לאחוזנו בחברה כולה. אבל בהצעת חוק זו אני מציע עוד משהו: כשאנחנו דיברנו בזמנו על ייצוג הולם – הפעם אנחנו מבקשים ייצוג הולם במשרות הבכירות במדינה. כלומר, זה לא רק שאחוז הערבים ממחלקה מסוימת זהה או שווה לאחוזנו בכלל החברה, אלא גם בפקידות הבכירה יהיה אחוזנו שווה. אבל לא רק. לדאבוני, מאז שנות ה-90 יש האצה בהפרטה במדינה, כלומר, אם נגיע לשוויון מלא בשירות המדינה בתפקידים בכירים – אבל הסקטור הפרטי הוא גדול ללא היכר ביחס לסקטור הציבורי. אז כך אנחנו יכולים להתקדם חלקית, וזה חשוב, אבל זה בוודאי לא יסגור את הפערים בין הערבים לבין היהודים. לכן, הצעת החוק שלי מדברת ספציפית על החברות הפרטיות. אז איך אפשר לשכנע אותן? הן חברות פרטיות ולא ציבוריות, אבל מה אומרת הצעת החוק? שחברות פרטיות שבקשר עם משרדי הממשלה, שמקבלות מכרזים מטעם הממשלה – חייבים לדרבן את זה בהתחלה עד קבלת עובדים ערבים במשרות שונות. זו הצעת החוק. היא גם צודקת, אין ספק בזה, וגם יש שליטה למדינה, בגלל שהחברות הללו מקבלות מכרזים מטעם המדינה. אני ישבתי כמה פעמים עם מינהל הרכש, עם משרד האוצר. אני שמח שמטעם האוצר נאמר לי שעכשיו לא מצביעים, אבל מנהלים משא ומתן לתקופה קצובה, כי אנחנו – ואני מאוד מעוניין לקדם את הצעת החוק ביחד, כי כל כך חשוב לי שגם האוצר יתמוך, כי בסופו של דבר, זה נושא שייטיב עם כולנו. ברצוני להתייחס להצהרה של שרת המשפטים איילת שקד, שבה אמרה שזו מדינה יהודית; מגיעות זכויות אזרחיות לערבים, אך לא זכויות לאומיות, מכיוון שהמדינה הזאת היא מדינה יהודית. אני מנסה להבין, מה זאת אומרת שעם, אחרי קום המדינה, ב-69 שנים, כל כך לחוץ ועיקש לקדם זכויות לאומיות לקבוצת הרוב? כמה פעמים אמרתי שאם נכנסים לגוגל וכותבים: זכויות קולקטיביות, קיבוציות, לאומיות לרוב, לא למיעוט – גוגל משתגע. כי אין דבר כזה בעולם. אחרי שהוא מתעשת, הוא מוציא לך את האייטם הראשון: זכויות קיבוציות למיעוטים. למה? בגלל שהרוב – – –

איציק, אני אומר לך, תשמע אותי בבקשה. הרוב מקבל את הזכויות הקיבוציות בשנה הראשונה, המכוננת – מגילת העצמאות. אחרי זה דמוקרטיה זה בעיקר זכויות קיבוציות למיעוטים. למה? בגלל שהם מאוימים. כלומר, הרוב, שהוא 80%, הוא מספיק בטוח בעצמו, מספיק דומיננטי. אז אחרי 69 שנים באים ומקדמים כל פעם – כמו חוק הלאום, כמו החוק הזה, כמו כל מיני חוקים לאומיים – לקבוצת הרוב במדינה ולא לקבוצת המיעוט. זה דבר שאין לו אח ורע בכל מדינות העולם. ברצוני להגיד כמה דברים לשרת המשפטים איילת שקד. אנחנו, הערבים, כמו שאמר מחמוד דרוויש, (אומר בערבית: ""איננו זקוקים לתזכורת. הכרמל בְּתוֹכֵנוּ ועל ריסי עינינו עשבי הגליל"".) אנחנו לא בונים אומה, אנחנו לא כור היתוך, שלילת הגלות, איך נבנית האומה מחדש; אנחנו הכי רגועים – אנחנו דומים גם לגיאוגרפיה פה, גם להיסטוריה, גם לנוף, גם לכל מקום.

בדיוק כך. העצבים של הגליל נמצאים פה, כן. לכן, אנחנו לא צריכים לזכור שום דבר – כך אומר מחמוד דרוויש – שזה חלק מאיתנו. אנחנו לא צריכים לבנות זהות, לבנות אומה מחדש, לעשות כור היתוך, שלילת גלות, איך בונים מחדש. אנחנו – יש לנו פטור מכל זה. אבל מה שמעניין אותי זה ההכחשה. מאיר, אתה יכול שלא להסכים איתי, אבל מה זו ההכחשה, שאנחנו לא עם, למשל? מה זה? זה עם – קבוצה של אנשים על אדמה אחת, עם היסטוריה משותפת, עם כלכלה משותפת, שאיפות משותפות, עם תודעה לאומית. אנחנו עם.

אני חושב שדווקא היהודים צריכים להיות רגישים, כי כמה אמרו שהיהודים שנמצאים פה בישראל הם עם או לא עם? שאלה. אז דווקא היהודים באים ואומרים, שואלים, אם אנחנו עם או לא עם? ואם אנחנו עם, אז מגיע לנו זכויות לאומיות או לא?

האמת היא שרק אנשים שלא בטוחים בעצמם, רק אנשים שלא בטוחים בעצמם – אומרים בערבית: (אומר בערבית: מי שאוכל בשר נא כואבת לו הבטן.) כנראה זה מה שקרה בשנת 48'. לפעמים אני מנסה לחשוב, למה לא ביקשו, למשל, מסאדאת להכיר במדינת ישראל כמדינה יהודית? למה לא ביקשו מהמלך חוסיין?

למה רק מאבו מאזן? כי דווקא התוקפן רוצה הכרה מהקורבן.

ואני רוצה לשאול: למה אתם רוצים שאבו מאזן יתערב במבנה החוקתי של מדינת ישראל? אז שהוא יתערב בסוגיות אחרות. למה בסוגיות אחרות לא אבל בשאלת יהדות המדינה כן? למה מבקשים ממקום אחר להתערב במבנה החוקתי של המדינה? הרי אנחנו האזרחים, הכנסת צריכה לקבוע. אבל אתם (אומר בערבית: אכלתם בשר נא – כואבת לכם הבטן.) ביצעתם פשעים – רוצים הכרה מהקורבן.

מה שצריך להיות זה הכרה בעוולות העבר.

זה הכרה בעוולות העבר. כך בונים את האזרחות המשותפת.

הכרה בעוולות העבר. ואנחנו לא נרפה. גם אנחנו אזרחים, עם. מגיעות לנו זכויות אזרחיות וגם לאומיות – –

– – ועוד נביא את היום שבו ננצח אתכם, חבורה של גזענים. תודה.",1
318214,"תתבייש לך. אתה לא מבין על מה אתה מדבר.

אתה מבין על מה שאתה מדבר בכלל – – –

יש לנו בעיה, אנחנו עַם עִִם כבוד.",1
318508,"אדוני היושב-ראש, חבריי חברי הכנסת, כולם יודעים למה ראש הממשלה רוצה בחירות בהקדם האפשרי: פשוט מאוד הוא רוצה לברוח מהחקירות. הוא מושחת לא רק במקרה אחד, לא רק בתיק אחד אלא בארבעה תיקים לפחות, והוא חושב לברוח קדימה. הוא חושב לחזור לציבור ולחזור עם לגיטימציה ציבורית מול החוקרים, ואולי אז יחשוב על חוקים נוספים בשביל להגביל את החוקרים ולהמשיך על כיסא ראש הממשלה שהוא כל כך אוהב. חלקים אחרים מהקואליציה חושבים אחרת. הם רוצים דווקא לראות שנגד ראש הממשלה מוגש כתב אישום, לכן הם לא רוצים בחירות בהקדם. אחרים באופוזיציה חושבים שכן צריך מסיבות טקטיות, לא ממש אידיאולוגיות, ואחרים באופוזיציה אפילו לא רוצים בחירות מוקדמות. יש אנשים בקואליציה שאפילו רוצים שהממשלה תנוהל מתוך בית הסוהר, מתוך בית הכלא; זה לא מפריע להם בכלל. נמצא פה ראש ממשלה שבבחירות האחרונות אמר ""הערבים נוהרים לקלפיות"". עכשיו באותה גישה הוא רוצה לקדם את חוק הלאום, כי אדוני ראש הממשלה, אתה, בנימין נתניהו – סמואל ג'ונסון אמר שהפטריוטיזם הינו מפלטו האחרון של הנבל, וכך אתה בדיוק. אתה מושחת ואתה רוצה שהציבור לא יראה את השחיתות שלך. אתה רוצה – אתה בעצמך, תסתכל לי בעיניים – אתה רוצה שהציבור ידבר על הפטריוטיזם שלך נגד האוכלוסייה הערבית, ולא על הסיבה האמיתית להקדמת הבחירות מבחינתך, והיא השחיתות שלך. אתה מחפש משהו אחר. ועומד לצדך ארדן – זה אתה, ארדן, שאמרת על יעקוב אבו אלקיעאן שהוא מחבל מדאעש, בן עוולה. לא מתבייש. ואתם שניכם, ראש הממשלה והשר לביטחון פנים, האשמתם את האוכלוסייה שלנו בשרפות לפני שנה וחודשיים. אין תיקים, אין כתב אישום – לא מעניין אתכם כלום. כך זה נראה, הפטריוטיזם שהינו מפלטו האחרון של הנבל. כך זה בדיוק. אני רוצה להגיד לכם על מה אנחנו צריכים ללכת לבחירות. אנחנו צריכים ללכת על הבחירות בגלל העמקת הכיבוש, בגלל העמקת הסכסוך; אנחנו צריכים לגשת לבחירות בגלל ההסתה הפרועה נגד 20% מאזרחי המדינה, שהם בני המקום, הם ילידים, הם בני המולדת הזאת, שכל אשמתם בתחילת הקדנציה הזאת היא שלמרות הניסיון להדיח אותם הם באו להצביע, אז על זה ראש הממשלה הסית נגדם. מהסיבה הזאת אנחנו צריכים לגשת לבחירות. בגלל הפגיעה במרחב הדמוקרטי; בגלל ניסיון ההשתלטות על בית המשפט – שיש לי אלף הערות נגדו, אבל מהמקום הדמוקרטי, המקום הנכון, ולא מהמקום הימני, שרוצה עוד מתנחל ועוד ימני גזען בבית המשפט העליון. אנחנו צריכים לגשת לבחירות בגלל רדיפת העמותות; אנחנו צריכים לגשת לבחירות בגלל הניסיון להשתלט על התקשורת. זה הוא שכל כך רוצה להשתלט על התקשורת; עד כדי כך שחיתות, עם ידיעות אחרונות, עם אתר וואלה. וכשבג""ץ מכריח אותו לוותר על תיק התקשורת אז הוא מביא: הינה הבן אדם, שר בלתי תלוי, הכי עצמאי שיש, איוב קרא – הוא ממנה אותו בשביל להיות שם, בשביל שימשיך לשלוט על התקשורת.

אנחנו צריכים לגשת לבחירות בגלל המדיניות הכלכליות הניאו-ליברלית, שמגדילה עוד את הפער בין העשירים לבין העניים. אומרים שזו ממשלה חברתית. על מה חברתית? בשביל כמה נקודות חברתיות פה ושם – –

– – בצל ים ניאו-ליברלי כלכלי? על זה צריך לגשת לבחירות. אני רוצה לפנות אל החברים שלנו באופוזיציה. אני רוצה לפנות אליך, יאיר לפיד. יאיר לפיד, אני מבקש, אני רוצה לפנות אליך; בוז'י הרצוג, אני רוצה לפנות אליך: תבינו שזו לא רק גזענות, זו אסטרטגיה של הבן אדם הזה, שמשסה אוכלוסייה באוכלוסייה בתוך המדינה. הוא זה שיודע יותר מכל חבר כנסת אחר מהו משקלה של האוכלוסייה הערבית, הוא, שהיה יו""ר האופוזיציה כשרבין הקים את הממשלה שלו, כשרבין נשען עלינו. מבחינתו, ממשלה לגיטימית היא ממשלה עם רוב יהודי. הוא זה שהבין את הכוח שלנו בבחירות 1999, כשקיבל רוב יהודי אבל לא קיבל רוב אזרחי בבחירות בינו לבין ברק ב-1999. מפה אנחנו יכולים להבין למה הוא משסה נגדנו, למה הוא מסית נגדנו. הוא רוצה להוציא אותנו מהלגיטימציה הפוליטית. אבל אני בחנתי אתכם לאורך כל הקדנציה וראיתי איך אתם מגמגמים. הם הכי ברורים, הכי ברורים נגדנו, ואתם מגמגמים. כך אתם עוזרים להם. כך אתם עוזרים להם. צריך להבין שאנחנו מהווים 20% מכלל האוכלוסייה. אם אנחנו קבוצה לגיטימית בפוליטיקה – –

– – הוא יצטרך לשכנע יותר מ-65% מהיהודים; אם הוא מצליח להוציא אותנו מהלגיטימציה. הוא יכול להסתפק ב-51% מהיהודים. הוא מבין את המשוואה. אתם לא רוצים להבין את המשוואה. אנחנו שואבים את הלגיטימציה שלנו מהיותנו בני המולדת הזאת, אנחנו שואבים את האזרחות שלנו מהיותנו בני המולדת הזאת, ואנחנו נאבק עד שנצליח להעביר אתכם לספסלי האופוזיציה. אנחנו נעשה הכול בשביל לנהור לקלפיות, בשביל לקרוא לציבור שלנו לצאת ולהצביע, בשביל לראות אותך אולי בחודש הראשון באופוזיציה אבל אחרי זה רק בכלא – המקום הנכון למושחתים.",1
318554,"כבוד היושב-ראש, כבוד השר זאב אלקין, כבוד חברי הכנסת, אנחנו מן הסתם נתנגד לתקציב, ולא רק בגלל היותנו חברי אופוזיציה. זה נשמע מאוד טבעי שחברי אופוזיציה מתנגדים לתקציב – הרי זו ההצבעה החשובה ביותר בכל שנה – אבל יש סיבות ענייניות. הסיבה העיקרית היא שהתקציב הזה הוא בדיוק אותו תקציב שהובילו ממשלות ישראל לאורך כל ההיסטוריה, וביתר שאת מאז שנת 1967 והלאה, כלומר, זה תקציב ניאו-ליברלי – אותה שיטה – בקשר – –

– – ליחסים הכלכליים בתוך מדינת ישראל. אבל לא רק. יש עוד משהו נוסף, שזה הכיבוש, שזה העמקת הכיבוש; זה בניית עוד התנחלויות; זה הכבישים העוקפים בגדה המערבית. לכן, אין ספק שאנחנו כרשימה משותפת נתנגד מכול וכול לתקציב הזה. אני רוצה לנצל את ההזדמנות הזאת לדבר קצת על התוכנית הכלכלית 922. התוכנית הזאת, 922 – שאתה, כבוד השר זאב אלקין, התנגדת לה בזמנו – התוכנית הזאת בנויה על גישה מאוד מובנת בכלכלה, שנקראת win-win situation – דבר שטוב לאוכלוסייה מסוימת וגם טוב לכלכלת המדינה. כולם מבינים – – –

אני אתייחס בדיוק לנקודה הזאת של ירושלים המזרחית. בדיוק לנקודה הזאת. אני אתייחס, ואני אשמח לשמוע את תגובתך בנושא. מה זאת אומרת win-win situation? יש דבר מאוד מובן, למשל, העלאת יחס התעסוקה בקרב אוכלוסייה מסוימת זה טוב לאוכלוסייה הזאת וגם טוב לכלכלה בכלל. כמו שאמרנו, עוד אישה ערבייה עובדת, משלמת מיסים – זה טוב לכלכלה. אם שיעור הנשים הערביות העובדות יישאר רק 29% – זה רע, בעיקר לאישה הערבייה, רע לחברה הערבית ורע לכלכלה בכלל.

(אומר בערבית: תהיו בריאים. אלוהים ייתן לכם אלף בריאות. אני מקווה שאתם שומעים אותי טוב, כי אני אדבר על הקשר בין הכלכלה לציבור הערבי. שלום רב.) אז התוכנית בנויה מהתפיסה הזאת. למה יש תחבורה ציבורית – למשל, האם זה מורגש בקרב האוכלוסייה הערבית שיש יותר אוטובוסים בתקופה האחרונה? למה יש מעונות יום – למרות הבעיה, במיוחד בשנה האחרונה, בקשר למעונות יום? למה יש השקעה מסוימת בחינוך הבלתי-פורמלי? פשוט מאוד. עשו מחקר, ראו כמה מכוניות יש בכל בית ערבי והחליטו שצריך אוטובוס בשביל האישה הערבייה – לאן להגיע, למה מעון יום, איפה לשים את הילד הערבי, למה חינוך בלתי פורמלי. כאשר היא מאחרת לעבודה, אז יישאר מקום שיישאר בו הילד – תפיסה כזאת. כלומר, זה לא בא ממקום חברתי – אתה לא תשמע את זה, ולא את המילה צדק; אתה לא תשמע את זה; עוול היסטורי – לא תשמע את זה. וגם אין משהו שהוא מחוץ לקופסה. כלומר, כשמדברים למשל על דיור, אם חושבים שבדיור מאז 48' עד עכשיו המדינה בנתה 770 יישובים חדשים, כולם ליהודים ואפס לערבים, אז צריך לבנות עוד יישוב ערבי. אין תפיסה כזאת. התפיסה היא בתוך הקופסה, אבל משהו שמקדם את הכלכלה בצורה זו או אחרת. האם אנחנו מתנגדים? בכלל לא. דווקא אנחנו אלה שהציעו, שהייתה להם הגישה, כי אנחנו חיפשנו אינטרס משותף בנישה הקונקרטית הזאת, וזה דבר טוב. אבל בשביל להגיע לשוויון אזרחי מלא אנחנו נצטרך יותר מ-60 מיליארד שקלים. התוכנית הזאת – דובר על 15 מיליארד שקלים, והיא פחות מזה; בכסף תוספתי הוא בוודאי פחות מזה. אבל אין ספק שהיא תוכנית בכיוון הנכון. אני חושב שהדבר החשוב שאפשר לעשות אותו – ואני אשמח, חבר הכנסת עיסאווי, שתהיה גם אתה שותף – שנלך על הצעה של תוכנית שנקראת אולי 993, שמדברת על משהו שהממשלה אמורה להתחיל בעוד שנה, תוכנית שמגשרת על הפערים באותה גישה של win-win situation, באותו כיוון. זה כיוון נכון. נכון שאנחנו מבקשים עוד יותר, אבל אני מבין מה יכול לעבור, ובממשלה הנוכחית – מה לא יכול לעבור. יש דברים שחסרים. כשאני דיברתי על חברתי, כנראה שבממשלה הזאת המקום החברתי הוא פחות חשוב. מחפשים כסף טוב. מה זה כסף טוב? זה כסף שאתה משקיע אותו וישר חוזר אליך. מבחינתנו כסף טוב זה כסף חברתי, זה חוסן חברתי, זה דבר שאתה יכול להרוויח ממנו תקופה יותר ארוכה, אבל זה בעיקר – ששם את הבן אדם במרכז, בראש מעייניו. מה זאת אומרת? זאת אומרת בריאות, למשל. למה אין בית חולים אחד ביישובים הערביים? בתוכנית הכלכלית אין, כי אין שום דבר מחוץ לקופסה; הכול בתוך הקופסה. מה כתוב שם על הבריאות? כתוב: איחוד בתי חולים נצרת, אבל אלה בתי חולים פרטיים, ואם הם לא רוצים להתאחד, מה אתה רוצה על אפם ועל חמתם לאחד אותם? ואם הם לא מתאחדים, אז מה, אתה לא תיתן כסף לבריאות לאוכלוסייה הערבית? זה דבר שהכי ברור שהוא חסר, כי מבחינת האוצר זה כסף פחות טוב. אז אני חושב שאם אנחנו רוצים לדבר על תוכנית 993, הדברים החברתיים הללו – חייבים להיאבק בשבילם. מה עוד חסר? הערים המעורבות. תשמע, כבוד השר אלקין, למה אנחנו התנגדנו? הרי אנחנו למודי ניסיון. כשאתה או מירי רגב נאבקים בשביל הערים המעורבות, אני מסתכל על מירי ואומר: ואללה, היא רוצה לתת כסף לראשי הערים מהליכוד בלוד, רמלה, עכו, נצרת עילית – כולם מהליכוד, וגם ירושלים מהליכוד, מה, אנחנו לא מכירים אותה? ושם הם ידעו איך לסנן את הכסף ואיך לא להעביר אותו לשכונות הערביות. אנחנו למודי ניסיון. והדבר השני, לגבי ירושלים המזרחית, אתה יודע מה העמדה הכי ברורה שלנו: שלום שבנוי על שתי בירות – ירושלים המזרחית בירת פלסטין, ירושלים המערבית בירת ישראל. ואנחנו רואים בך – עכשיו אתה לא השר. בזמנו היית שר של ענייני ירושלים, ואתה שר – – –

אנחנו רואים בך, כבוד השר אלקין, שר כובש בירושלים המזרחית. אתה שר לא לגיטימי שם. אתה קולוניאליסט בירושלים המזרחית. אנחנו, יש לנו עמדה הכי ברורה לגבי המקום הזה. אני מבקש ממך, באמת, ביושרה, אני מבקש ממך שתשיב לי על השאלה הזאת: מדינת ישראל מאז 48' עד עכשיו בנתה 700 יישובים חדשים – כולם ליהודים ואפס לערבים. אתה מודע לעובדה הזאת? אתה מודע לעובדה שמספרנו בשנת 1949 היה 165,000 ערבים, והיום אנחנו כמעט 1.8 מיליון, באותם יישובים? לא הוקם יישוב ערבי אחד מאז 48' עד עכשיו.

בסדר. ירושלים המזרחית כבושה; רמת הגולן כבושה.

יש משהו לא ממש ברור פה, אבל העמדה מאוד ברורה.

אתה יכול להעלות או להוריד עוד 100,000, אין בעיה עם זה.

לא, לא, אבל זה לא ירושלים המזרחית.

ודאי. אבל אני מדבר על – – –

למה אתה – – – אני חושב שאתה טעית פה, כי יש נקודה חשובה. אני רוצה להגיד לך משהו, אדוני היושב-ראש: תשמע, אנחנו רק מיליון, בסדר? מה זאת אומרת המדינה בנתה 700 יישובים חדשים – כולם ליהודים ואפס ערבים? איך אתה יכול להתמודד עם העובדה הזאת? מבחינת מצפון, איך אתה יכול להסביר? אתה יודע מה? אני הייתי בדרום אפריקה. אני, האזרח הרע איימן עודה, הייתי בדרום אפריקה. סיפרתי להם שמדינת ישראל מאז 48' עד עכשיו בנתה 700 יישובים חדשים – כולם ליהודים ואפס לערבים. איך אתה תענה על השאלה הזאת? איך אתה תענה לי על הדבר שאומר שבמדינת ישראל יש 961 יישובים שאני, ערבי, לא יכול לגור בהן בגלל ועדות הקבלה? איך אתה יכול להסביר שבנגב יש 40 כפרים שנמצאים שם לפני קום המדינה שהם ללא מים, ללא חשמל, ללא מערכת חינוך?

אז תענה לי על העובדה הזאת שמדינת ישראל מאז 48' עד עכשיו בנתה 700 יישובים חדשים – כולם ליהודים ואפס לערבים. מה אתה עונה על זה? אתה יכול לדבר על שוויון? או שאתה תגיד לי, אתה יודע מה? אני רוצה לתת לגיטימציה לדבר כזה כי זאת מדינה יהודית, ובמדינה יהודית מותר להפלות לרעה את האוכלוסייה הערבית. תגיד לי את הדבר הזה, תן לגיטימציה, תעשה משהו, אבל אל תברח מהעובדה – אל תברח מזה שיש אפליה קשה. דרך אגב, אני אומר שיש אפליה בכל תחום ותחום, אבל במישור של תכנון ובנייה יש יותר מאפליה. מה זאת אומרת אפליה? יותר מאפליה. אני אגיד לך מה זה – – –

אז זאת הצרה. אז זאת הצרה. מה, אתה חושב שאני רוצה לבנות בצורה לא חוקית? תבין, יישוב שאתה לא מרחיב לו את אזור השיפוט ולא מאשר תוכנית מתאר, זה כמו חליפה שאתה קונה לילד בן 10, אבל הוא היום בן 30, ואתה רוצה להלביש לו את החליפה בכוח. אז היא – –

– – נקרעת מפה ונקרעת משם.

אבל יש כפר ויש עיר. יש מושב, יש קיבוץ ויש עיר. בוא, תחליט על בנייה רוויה בקיבוצים ובמושבים. בוא נשמע אותך, בוא נראה מה אתה חושב.

בסדר. אתה יודע מה? זו ממשלה – (אומר בערבית: שמעתם את הוויכוח ביני לבין השר. שמעתם את הוויכוח? מי שתומך בשר שלא ירים את ידו, ומי שתומך בי שירים את ידו.) הינה, כולם איתי, כולם מבינים שאני צודק. אני רוצה להגיד לך, יש דבר מאוד ברור. הינה, רואים עוד, מרימים את היד. כולם. כשאנחנו מסבירים לאוכלוסייה שלנו, כשאנחנו מסבירים בעולם, אנחנו אומרים להם: תסתכלו על העובדות.

קודם כול אתה – – – או אנחנו?

תשמע, כל תוכנית מובאת על ידי משרד מסוים. אבל מי נכח? מי ישב? אנחנו ישבנו ב-70 פגישות עם האוצר או לא? תגיד. כן. בטח שכן. בשביל לקדם את התוכנית. בסופו של דבר מי מחליט, הממשלה או אני? למי יש כסף? ודאי למשרד ממשלתי. אז – – –

רק רגע. לא, לא. כשמביאים תוכנית באה מירי רגב, מדברת על ערים מעורבות – מה, אנחנו לא מבינים אותה? אתה יודע מה? בוא עכשיו נחליט להעביר כסף לערים המעורבות – כולנו נצביע בעד.

אבל זה צריך להיות תוספת, ולא על חשבון.

טוב, תגיד לי, זה עשר דקות או 15 דקות?

טוב, חברים, אנחנו ביום האחרון במושב הזה. אני רוצה להעלות על נס את העבודה של הרשימה המשותפת. אני חושב עליך, חבר הכנסת מסעוד גנאים, ורוצה להגיד לך יישר כוח על העברת החוק החשוב בתחום החינוך לפני שבועיים. זה לא קל שמעבירים חוק בצל הממשלה הנוראית הזאת. כל הכבוד לך. אני מסתכל על חבר הכנסת דב חנין. המאבק שלך נגד חוק הלאום, החבר דב חנין – יישר כוח. ממש יישר כוח. לפעמים אנחנו לא מצליחים להביא הישגים, אבל לפחות למנוע דברים רעים כמו חוק המואזין. אני רוצה להגיד למסעוד גנאים, וגם לאחמד טיבי – במיוחד התנועה האסלאמית, וגם אחמד טיבי, יחד – נאבקו ושכנעו את המפלגות החרדיות וגם הצליחו. אני רוצה להגיד יישר כוח – – –

אני רוצה להגיד יישר כוח לחברת הכנסת עאידה תומא סלימאן על יום האישה שהיה בכנסת. אישה ערבייה, פלסטינית, מנהיגה בערכים אוניברסליים את כל הכנסת – יו""ר הוועדה למעמד האישה, בגאווה, בערכים אוניברסליים. אני רוצה להביע הערכה גדולה מאוד מאוד. אני חושב שלמרות הקשיים אנחנו עושים עבודה מאוד חשובה במקום הזה, ויש לנו עוד הרבה מה לעשות. אולי ננצל את הפגרה להיות עוד יותר ויותר ביישובים הערביים, נבקר בכולם, נהיה יותר קרובים לאנשים והם יהיו יותר קרובים אלינו. יחד עם זאת, בגלל שיש לנו תפיסה כללית וחלופה מוסרית לכל החברה הישראלית, אנחנו נבקר גם במקומות של יהודים, בשביל לשכנע. משימתנו לא קלה, אבל היא ראויה לנו ואנחנו ראויים לה. תודה רבה.",1
318665,"אדוני היושב-ראש, חבריי חברי הכנסת, חברות הכנסת, האוכלוסייה הערבית איבדה חמישה מטובי בניה בשבוע האחרון כתוצאה מהאלימות, מהפשע בתוך החברה הערבית עצמה.

איבדנו את יזיד הבראת מכפר א-נאעורה; כרם סולטאן מכפר טירה; פורסאן אבו עזיז בן ה-13 ושפיק אבו עזיז מאום אל-פחם; ניזאר ג'השאן מנצרת. המשפחה של ניזאר תרמה את איבריו ובכך הצליחו להציל שלושה בני אדם, שלושה אזרחים. במותו ציווה לנו את החיים. האלימות בקרב האוכלוסייה הערבית הפכה למגפה, לסרטן בתוך החברה עצמה. משנת 2000 עד עצם היום הזה נהרגו 1,260 אזרחים ערבים, משנת 2000 עד שנת 2018. אתמול בטירה נהרג כרם סולטאן. בשנת 2012, 50% מההרוגים במדינת ישראל היו הרוגים ערבים; בשנת 2017, 58% מהנרצחים הם ערבים. כלומר, אנחנו 18% מכלל האוכלוסייה, אבל 58% מהנרצחים אשתקד הם ערבים. חבריי חברי הכנסת וחברות הכנסת, מכובדי יו""ר הכנסת, לפני שלושה ימים אני הבטחתי לציבור שלנו, לציבור הערבי, שבמשך החודשים הבאים 50% מהזמן שלי אני אקדיש למלחמה נגד האלימות בקרב האוכלוסייה הערבית, ושאר 50% מהזמן לטובת כלל הסוגיות. אנחנו – יש לנו מצע הוליסטי, אבל בכל זאת אנחנו נמצאים במצב חירום. אני רוצה לתת לכם שלוש השוואות. השוואה ראשונה זה מצבנו לפני שנת 2000, לפני אוקטובר 2000, ומצבנו אחרי אוקטובר 2000: לפני אוקטובר 2000 היו בערך בין שני הרוגים לשלושה הרוגים מדי שנה. מבחינתנו, כששמענו על הרוג היינו רואים את האוויר צבוע בצבע שחור. איך בן אדם מעז להרוג בן אדם אחר? מבחינתנו זה היה דבר שלא ייאמן – והיום זה הפך משהו שבשגרה. בכל שבוע יש הרוגים. ההשוואה השנייה זה לא רק בינינו, אנחנו הערבים אזרחי מדינת ישראל, לפני שנת 2000 ואחרי שנת 2000 – זאת השוואה בינינו לבין בני עמנו בגדה המערבית. אנחנו מיליון וחצי ערבים בתוך מדינת ישראל. בגדה המערבית יש שלושה מיליון. דיברתי עם יו""ר הביטחון המסכל בגדה, זיאד הבריח, וביקשתי ממנו נתונים. הוא אמר לי שזה משהו בין 18 ל-20 הרוגים מדי שנה. כלומר, שליש מההרוגים הערבים בתוך מדינת ישראל. שאלתי אותו על פיענוח מקרי הרצח, אמר לי: אנחנו מצליחים להגיע לכל רוצח. צריך גם להבין שבגדה המערבית יש נשק פי כמה יותר מהנשק שנמצא בקרב האוכלוסייה הערבית בתוך מדינת ישראל. פעם, בוועדה מסוימת, דיברתי עם איש משטרה ושאלתי אותו: איך זה יכול להיות שאתם לא מצליחים לפענח? בגדה המערבית מצליחים ב-100% מהמקרים. הוא ענה לי כך: אנחנו מדינה דמוקרטית, צריך ראיות, צריך לחקור לעומק. אז אני רוצה לשאול אתכם: אם ערבי רוצח יהודי, אז איך פתאום יש כל הראיות ומצליחים ב-100% מהמקרים? וזאת המשוואה השלישית – כשערבי רוצח ערבי לעומת כשערבי רוצח יהודי. למשל, זכור לכולם המקרה של נשאת מלחם, שהרג שני יהודים וערבי אחד לפני כשנתיים וחצי. ראש הממשלה הביא את הדוכן שלו לרחוב דיזנגוף, השתלח בחברה שלנו. רדפו אחרי הבחור, ללא משפט ללא כלום, הרגו אותו. כולם יודעים שלפני חודש וחצי יהודי נהרג בכפר קאסם. אחרי יומיים, רק יומיים, הגישו כתב אישום. אבל בעשור האחרון ישנם עשרה הרוגים בכפר קאסם על ידי ערבים – עשרה הרוגים ערבים על ידי ערבים ולא פוענח מקרה אחד.

אנחנו, האוכלוסייה הערבית בישראל – – –

אנחנו, האוכלוסייה הערבית בתוך מדינת ישראל, דורשים – –

– – למסור את הנשק מהכפרים והערים שלנו.

אני, כיו""ר הרשימה המשותפת, פונה למשטרת ישראל – – –

אדוני היושב-ראש, אני מבקש ממך שתיתן לי חצי דקה נוספת, בבקשה.

אני, איימן עודה, יו""ר הרשימה המשותפת, בשם כל הרשימה המשותפת, בשם כל הנהגת האוכלוסייה הערבית, קורא למשטרת ישראל לאסוף את הנשק. כן להיכנס לכפרים. כן להיכנס לערים ולאסוף את הנשק. אתם יודעים איפה הנשק נמצא, אתם יכולים לעשות זאת. הדבר השני זה להגביר את האכיפה, זה להחמיר את העונש. בנושא פרוטקשן – לתת אופציה לבן אדם שיש לו עסק ומאיימים עליו בפרוטקשן, שיגיע למשטרה, שתהיה לו חסות.

שיגיש את התביעה, ושירדפו ויתפסו את האדם שמבקש פרוטקשן, ולהחמיר את העונש בנושא. אני מבקש להחמיר את העונש בנושא השוק האפור. אני מבקש להחמיר את העונש בנושא שימוש בנשק. אני מבקש להחמיר את העונש בנושא החזקת נשק בלתי מורשה. אנחנו לא רוצים נשק בקרב האוכלוסייה הערבית, אנחנו לא זקוקים לנשק הזה, אין בו שום דבר טוב. לפני שעה קלה נפגשתי עם יו""ר הכנסת חבר הכנסת יולי אדלשטיין. ביקשתי ממנו לקיים יום מיוחד בכנסת, כולל כל הוועדות, כולל דיון במליאה, בנושא האלימות בקרב האוכלוסייה הערבית – והוא נעתר לבקשתי. אני מבקש מכם, חברי הכנסת וחברות הכנסת, שכולכם תיטלו חלק ביום חשוב זה. אני הבטחתי לציבור שלנו: יותר מ-50% מהזמן שלי ושל הרבה מחברי הרשימה המשותפת יהיה מוקדש לנושא כל כך חשוב זה, כי אנחנו מקדשים את החיים. תודה רבה.

בגלל שעשיתם את המלאכה, בגלל שאתם עשיתם את המלאכה – – – אז סיפקתם את הסחורה.",1
318706,"כבוד היושב-ראש, חבריי חברי הכנסת, היום ראינו את ראש הממשלה מדבר על 5,500 תיקים חדשים מאיראן. הוא הצליח להגיע לשם ולנבור ולמצוא דברים חשובים, לטענתו, אבל הוא לא מצליח לפענח מקרה אחד של רצח בקרב האוכלוסייה הערבית – אז עניי עירך קודמים. בוא נראה את ארצך שלך בפנים. בקשר לנושא הזה, הצעת החוק, אני התבוננתי בשיח שהיה בין הימין לבין מה שנקרא השמאל, ואני מחפש: האם הוויכוח הוא אמיתי? האם הוא ערכי? אני חושב שזה היה אותו ויכוח בין מנחם בגין לבין דוד בן-גוריון. כלומר, מנחם בגין רצה שזה יהיה רשמי, לפי החוק, אבל בן-גוריון אמר: בשביל מה? בואו נעביר חוקים דמוקרטיים, זה טוב לעולם, למראית עין, ונשאיר את האפליה לדרג הביצועי. הרי הממשלה עשתה את הכול בדרכים שלה, דרך הממשלה, ולא דרך החוקים. החוקים לכאורה דמוקרטיים, שוויוניים, אבל בפועל יש ממשל צבאי. למשל, למה אין חוק ממשל צבאי? לא היה חוק ממשל צבאי, אבל היה ממשל צבאי, וכל מיני דברים רעים נעשו בפועל בלי חוקים. אני חושב שזהו הוויכוח העקרוני בין הימין לבין חלקים מהקבוצה הזו, ולא כולם – יש אנשים שיש להם עמדה ערכית. אנחנו ראינו את המדינה היהודית במשך 70 שנה. הגיע הזמן לראות את המדינה הדמוקרטית. ראינו את המדינה היהודית בשנת 48', בממשל הצבאי, בהפקעות האדמות, בטבח בכפר קאסם, בגירוש תושבי אום אל-חיראן. אנחנו כל הזמן רואים את המדינה היהודית. הגיע הזמן לראות את המדינה הדמוקרטית. כשהתיאוריה לא תואמת את העובדות צריך לבדוק אם התיאוריה היא נכונה ואפשר להמשיך בה או לא. למשל, המדינה, בפועל, האם היא באמת יהודית? הגליל, למשל, האם הוא יהודי או 50% ערבים ו-50% יהודים? הנגב אצלך, סעיד, האם הוא יהודי או ש-61% ערבי והשאר יהודים? מרכז הארץ, כולל יפו, כולל רמלה, לוד, כולל המשולש הדרומי, האם הוא יהודי או שיש בו 10% ערבים?

המדינה בפועל היא ערבית-יהודית משותפת – יהודית-ערבית משותפת בפועל – אבל בהגמוניה, מבחינה רשמית, ומהכורח של המציאות, היא בפועל מדינה דו-לאומית. בפועל, על אנשים שנמצאים בה – אני ערבי, אז בהגמוניה, בכוח, בצורה רשמית, רוצים לכפות את המדינה היהודית. תודה.",1
318932,"מכובדי היושב-ראש, חבריי חברי הכנסת, אנחנו בעד הצעת החוק, אנחנו נצביע בעדה, אבל היא חלק קטן מאוד, והיא לא תפתור את הבעיה. אנחנו בעד החמרת העונש למי שאוחז בנשק, גם נגד השוק השחור, גם נגד הפרוטקשן, וגם צריך לתת חסות לבן אדם שמתלונן שפנו אליו וביקשו פרוטקשן, ולהעניש, ולהחמיר בעונש, חד וחלק. אבל זה רק חלק מזה. עמד לפניי חבר הכנסת יוסף ג'בארין. הוא מאום אל-פחם. בעיר אום אל-פחם התחילו, פתחו 620 חקירות, מהן – – –

520 חקירות, והוגשו רק שישה כתבי אישום. כלומר, אם לא מגישים כתב אישום אז ככל שתהיה החמרה בעונש, איך אפשר באמת להשתמש בחוק הזה ולבנות הרתעה? אני חושב שאת כל הדברים הללו אכן צריך להוסיף ולקדם, אבל אני רוצה להצביע על דבר שאני חושב שהוא כל כך נחוץ בשביל למגר את האלימות ואת הפשיעה בקרב האוכלוסייה הערבית. ישנם שישה ארגוני פשע, שישה ארגוני פשע גדולים מאוד. הם ידועים למשטרה, ידועים לשר לביטחון פנים. אם המשטרה והשר לביטחון הפנים יחליטו להיכנס בהם כמו שצריך, לעצור אותם כמו שצריך על פי החוק ולהעניש אותם כמו שצריך, הפשיעה בקרב האוכלוסייה הערבית תרד לפחות ב-60% בבת אחת, ממש 60% בבת אחת. כשאני רואה איפה הפשיעה בקרב האוכלוסייה הערבית – למשל מ-17 המקרים האחרונים, 12 מקרים במשולש. איפה? במקומות שיש בהם ארגון פשע. אני חושב שזה די ברור, והמשטרה יודעת את הדבר הזה, והשר לביטחון הפנים יודע את הדבר הזה. איך שהצלחתם בנתניה – בצדק הצלחתם, וכל הכבוד שהצלחתם – כך צריך לעשות גם בקרב האוכלוסייה הערבית. אין נושא שיש בו תמימות דעים בקרב הציבור הערבי והיהודי כמו הנושא הזה. אני חושב שיותר מ-95% מהערבים מסכימים איתנו, יותר מ-95% מהיהודים מסכימים איתנו. יותר מ-95% מהיהודים מסכימים שנגד אלימות, נגד רצח, נגד רצח נשים, נגד אחיזת נשק בלתי מורשה, נגד השוק השחור, נגד הפרוטקשן – זה דבר אוניברסלי, כולם בעד. אבל המשטרה, לצערי הרב – –

– – מתייחסת אלינו באוזלת יד, כחצר אחורית, וזה במקרה הטוב. וארדן, תפסיק להסית. שוכרן.",1
318960,"אז תני לי לשאול אותך משהו.

– – – כתוב שם: תומכים בטרוריסטים, רוצחי יהודים, כמו שאמרת, או שאת בלשון המעטה לא מדברת אמת. תגידי מה נכון. השאלה השנייה: יגאל עמיר, רוצחי דוואבשה, אבו ח'דיר – יש ביטוח לאומי במדינת ישראל או אין? תשיבי – – –",1
319100,"גברתי היושבת-ראש, חבריי חברי הכנסת וחברות הכנסת, כולנו שמענו את נאום ראש הממשלה. הוא התייחס לכמה דברים, אני אתייחס בתחילה לאחד מהם ואחרי זה אעבור לשפה הערבית, כי פשוט מאוד החלטנו ברשימה המשותפת שאנחנו נדבר חלק מהזמן שלנו בשפה הערבית, שהיא שפת המקום, שפת המולדת הזאת, שפת הילידים. ראש הממשלה אמר שחוק הלאום אינו חוק אפרטהייד והוא הזדעזע מעצם העובדה שיש אנשים שמאשימים את החוק הזה שהוא חוק אפרטהיידי. אני מבין ששני הכללים הקרדינליים ביותר של אפרטהייד הם: 1. עליונות אתנית, ו-2. הפרדה בין שתי הקבוצות. שניהם ביחד. כי רק הפרדה בלי עליונות – זה לא חייב להיות אפרטהייד. כלומר, יכול להיות שווה אבל גם שונה. שווה אבל הוא מחליט, מטעמים תרבותיים למשל, להיות שם ואחרים במקום אחר. זה לא אפרטהייד. אפרטהייד זה שני המרכיבים הללו ביחד: גם segregation וגם עליונות אתנית. חוק הלאום – שמדבר על ישראל כמדינתו של העם היהודי, על קידום התיישבות יהודית, על כך שהשפה הרשמית היחידה היא השפה העברית – כל הסעיפים מדברים על עליונות יהודית יחד עם הפרדה, גם לפי סעיף 7 בחוק-יסוד: חוק הלאום זהו חוק אפרטהייד קלאסי. עכשיו, אנחנו החלטנו ברשימה המשותפת לדבר בשפה הערבית. טוב שחברי הכנסת יקשיבו לשפה היפה הזאת. (אומר דברים בשפה הערבית, להלן תרגומם: אבו ח'אלד, בקוראן נכתב: ""אנחנו הורדנו את הקוראן, ואנו שנשמור עליו"". על כן, החתול הזה, אבי דיכטר – שלא יעז לפגוע במשפט הזה: ""אנחנו הורדנו את הקוראן, ואנו שנשמור עליו"". ואבו אלטייב אלמותנבי אמר: ""השירה המזומרת היא הטובה שבשירה, כמו האביב בין שאר העונות. אבל הבחור הערבי בתוך כל זה נחשב לזר בידיו, בפניו ובלשונו"". ואמר חאפז אלפוסחא להגנתה של השפה הערבית: ""האשימו אותי בעקרות בצעירותי, והלוואי שהיית עקר במקום לפחד מדברי אויביי"". זוהי השפה האוטנטית, השפה של הגיאוגרפיה – –)

(– – שפת ההרים, שפת העמקים, שפת בני הארץ המקוריים, שפת האזור שהייתה לפני הגזענים, והיא תישאר גם אחרי הגזענים.)

(אומר בערבית: שהייתה לפני הגזענים, והיא תישאר גם אחרי הגזענים.)

אני מבקש, גברתי, שלא ידבר עכשיו.

אם את לא מבינה, אני מציע לך ללמוד את השפה הערבית, כי היא גם שפת המרחב – –

– – אמורה להיות שפת השלום, שפת עמי האזור.

אני חושב שמבחינתך היא אמורה להיות השפה השנייה, כי זו שפת המקום, שפת המזרח ושפת השלום, העתיד.

גברתי, אני אענה לך בדיוק, אני אענה לך בעברית. אני רוצה להגיד לך שיש שני מרכיבים: אחד זה הזהות וההעצמה, empowerment, והדבר השני זה ההשפעה. לפעמים אתה אומר: במקום הזה אני רוצה לחזק את הזהות, במקום אחר אני רוצה את ההשפעה. כשאני מדבר עברית אני רוצה לחזק את ההשפעה, כשאני מדבר בערבית יש זהות, העצמה – – –

לכן אני רוצה גם לדבר בערבית וגם לדבר בעברית – – –

מה גם שהדבר הכי טבעי אצל בן אדם זה לחזק את הזהות המאוימת. אחרי חוק הלאום, השפה הערבית היא שפה מאוימת במדינה, לכן חובתי לחזק אותה וגם לקבע אותה. כי נאמר גם בחוק הלאום שישמרו את מעמדה – לכן אני חושב שבפרקטיקה שאנחנו עושים פה אנחנו עוזרים לשמר את מעמדה של השפה הערבית. טוב, חברות וחברים, אני מציע לכם להקשיב עכשיו כי זה גם בשפה העברית וגם נושא היסטורי וחשוב. במוסף הארץ האחרון, ביום שישי, ישנו תחקיר על הטבח הנורא, האיום והנורא, בכפר קאסם, 1956. חברתי עאידה תומא בכל שנה מעלה את הנושא הזה. בפעם האחרונה עאידה עמדה פה ואמרה שמטרת הטבח הייתה גירוש תושבי המשולש הערבים. אז קמו כמה ח""כים, ביניהם בן אדם שאני מעריך, עפר שלח, ואמר לה: סליחה, זה משהו כמו דמיון מזרחי. לא, זו אכזריות קולוניאליסטית ולא דמיון מזרחי ואני אסביר למה. במוסף הארץ האחרון נכתב כך. בן-גוריון הזמין את שדמי ואמר לו: תשמע, אנחנו נעשה משפט הצגה – כך בן-גוריון אמר לו – על משפט כפר קאסם. מה עוד אמר לו? אנחנו גם נבחר את השופטים. זה – אחד. הדבר השני שחשוב לי לומר, כתוב כך: ""שולחיהם לבית הדין התכוונו, בכוונת מכוון, שהם באופן טבעי יסייעו בבניית מחסום בפני"" הטלת ההאשמה בממשלה. כלומר: שדמי, אתה יכול להודות שם שאתה וכל מיני שוטרים זוטרים פגעו באנשים, אבל זו לא הייתה החלטה מלמעלה. הדבר השלישי – כתוב שם: היה ניסיון להסיר את קיומה של תוכנית סודית בשם ""מבצע חפרפרת"", שעיקרה גירוש, טרנספר של ערביי המשולש, ובכללם תושבי כפר קאסם. חברים, את הדברים הללו תושבי כפר קאסם ואנחנו ידענו כבר משנת 1956. אנחנו ידענו שהמלך עבדאללה מסר את האדמות למדינת ישראל בשנת 1949, 1950, ופשוט מאוד מדינת ישראל רוצה כמה שיותר אדמה, כמה שפחות ערבים. אז הם חיכו להזדמנות, למלחמה, מלחמת 1956. בצל המלחמה ביצעו את הפשע הנורא, חיכו לאנשים כשחזרו לשם, שבעה-שבעה ירו בהם: תקצור אותם, ""אללה ירחמו"". שבעה-שבעה, עד ל-49 אנשים, תוך שעה אחת. תוך שעה אחת. והמטרה הייתה טרנספר. אבל שאלתי פה: האם הגזענות הזאת נעלמה או שהיא נמצאת גם בקרב אנשים שנמצאים פה בכנסת? לא סתם חבר כנסת ולא שר זוטר אלא שר הביטחון אביגדור ליברמן מדבר על חילופי אוכלוסין. בין מי למי? בין תושבי המשולש, פשוט מאוד. אותה תפיסה של כמה שיותר אדמה, כמה שפחות ערבים. גברתי היושבת-ראש, אני רוצה לקשור את הנושא הזה בעוד נושא רגיש ביותר. וליד אבו סייף, ילד בן חמש מיאפא, מיפו – ירו בו על הראש שלו לפני שבועיים. אני יודע שאסור להניף שלטים בכנסת. אבל בגלל שזה כל כך רגיש, זה הילד הזה, בן חמש. תסתכלו על הפנים שלו. וליד אבו סייף, גברתי, נמצא בבית חולים כבר שבועיים, ירו בו בראש. איפה האשמים? איפה המשטרה? איפה הביטחון שהתרברב ראש הממשלה כשדיבר עליו עכשיו? אני רוצה לעבור מהמקום הזה, שאנחנו לא נשתוק עד שהמשטרה תגיע לפושעים. זו חובתנו, של כולנו, של כל בן אדם בהיותו בן אדם. אבל אני רוצה לקשור את הסיפור הזה עם כל התפיסה של הגירוש. מה זאת אומרת שיש שם כל כך הרבה נשק? מה זאת אומרת שהח""כים פה כל פעם נאבקים נגד הנשק? אנחנו לא רוצים נשק ביישובים שלנו, אנחנו לא רוצים נשק בידי האזרחים הערבים, לא נשק מורשה ולא בלתי מורשה. הנשק הזה מזיק לנו בעיקר, או בתוך האוכלוסייה שלנו או שזה יכול לזלוג לציבור היהודי או שזה יכול להיות כביכול פטריוטי נגד המדינה. בכל המובנים זה נשק רע, אין בו שום דבר טוב. אז אולי רוצים שיישאר נשק אצלנו, אולי מחפשים עוד אוקטובר 2000 ורוצים שאחד מאיתנו ישתמש בנשק בשביל לרדת עלינו. לכן אני מאשים את הממשלה הזאת שהיא בזדון – – –

היא בזדון משאירה את הנשק בקרב האוכלוסייה הערבית. הרשימה המשותפת קוראת לממשלה: תאספו את הנשק הארור הזה מהיישובים הערביים. תודה.",1
319841,"כבוד היושב-ראש, חבריי חברי הכנסת וחברות הכנסת, אני אעשה סקירה ספרותית לגבי הבחירות המוניציפליות בקרב האוכלוסייה הערבית. תשמעו על שלושה ספרים שדיברו על הבחירות הללו. הספר הראשון הוא של תום שגב, ""הישראלים הראשונים"", ושם דובר כך: בשנת 1959, עם האחדות בין מצרים לבין סוריה, רוח לאומית נשבה גם בקרב האזרחים הערבים, אז הש""ב בזמנו חיפש איך לחרחר ריב בקרב האוכלוסייה הערבית ברמה המשפחתית וברמה העדתית. לכן, הוא הציע שיקיימו בחירות מוניציפליות, והוא כתב שזו הדרך לשיסוי, גם עדתי וגם חמולתי, בקרב האוכלוסייה הערבית. הספר השני הוא של אמנון לין, שהיה יו""ר המחלקה הערבית במפלגת מפא""י, עכשיו העבודה. שם הספר: ""בטרם סערה"". אמנון לין מספר שבשנת 1965 הוא קיים ישיבה של המחלקה שלו ואמר שהקומוניסטים הצליחו להסית את האוכלוסייה הערבית נגד משטר מפא""י, אז הוא מציע בחירות מקומיות, וכך הזעם של האוכלוסייה הערבית יתחלק: חלק נגד ההנהגה המקומית הערבית והחלק השני נגד מפלגת השלטון, היא מפא""י. הספר השלישי, של איאן לוסטיק, דיבר על אמצעי השליטה בקרב האוכלוסייה הערבית, והוא אמר כך: השלטון המקומי, במיוחד בשנות ה-60, היה כל-כולו בידי משרד הפנים. משרד הפנים יכול להעניק זכויות, הטבות, כסף, או יכול למנוע אותן. בזמנו הוא היה כמעט כל-יכול. לכן, בן אדם שנבחר מטעם מפלגת השלטון, כלומר מפא""י, אפשר להזרים לו כספים; ממקום אחר, לרבות הקומוניסטים – אפשר למנוע את הדברים הללו מהם. לכן, השלטון המקומי היה חלק מכלי השליטה בידי מפא""י מול האוכלוסייה הערבית. אני חושב שהסקירה הספרותית הזאת היא כל כך חשובה מכיוון שהיא יצאה פה בארץ, בשפה העברית, מהארכיב של השב""כ, של הש""ב בזמנו. אני רוצה לפנות פה לאו דווקא אליכם, חברי הכנסת. אתם כולכם מפלגתיים; יש לכם אידיאולוגיה מסוימת. אני מהמקום הזה רוצה לפנות אל הציבור שלי: (אומר דברים בשפה הערבית, להלן תרגומם: ברצוני לפנות לציבור שלנו בכל מקום ולומר להם: ראו את תוכניות השלטון נגדנו, נגד בני עמנו. ראו כיצד משתמשים בבחירות המקומיות כדי ללבות סכסוכים משפחתיים ועדתיים. ראו איך מתמודדים עם הבחירות כדי להראות לנו איך נהגנו בחלק מהיישובים בימים האחרונים, למרבה הצער. אני שמח מאוד על שהמצב נרגע בכפר כנא ובטורעאן. אני מבטיח לכל בני עמנו בכל מקום שהבחירות מאחורינו. כל ראשי הרשויות המקומיות נבחרו; הם ראשי הרשויות, ומזל טוב להם. על כולנו לשתף פעולה למען רווחת היישובים שלנו ולפעול בצוותא. לא יכול להיות שישרור קונפליקט בקרב בני עמנו. הקונפליקט הוא בין בני עמנו מצד אחד והממשלה השלטת מהצד השני. הבחירות הסתיימו. עלינו להיות מאוחדים כדי שננצח את הפָנים האלה ואת המדיניות הזאת. ביחד אנו מסוגלים לכך. מזל טוב לראשי הרשויות המקומיות. כולנו מאוחדים.)",1
319885,"כבוד היושב-ראש, חבריי חברי הכנסת, חברות הכנסת, זה לא פלא שבממשלה שהולכת נגד הדמוקרטיה שרת התרבות היא נגד התרבות. רגב מבקשת להיות הבמאית העליונה, ואת האומנות היא רוצה לראות כמו משרד הדוברות של ממשלת הימין הקיצוני. להצגה שרגב מעוניינת להעלות, זו שתהיה מותרת בחוק – קוראים לה: אומנות מגויסת. רק לפני כמה חודשים עוד הייתה במעצר משוררת, כאן בישראל, דארין טאטור, כי כתבה שיר, ואת הספר של דורית רביניאן אסרו להכניס לבתי הספר, ותיאטרון שלם, אל-מידאן, היו נתון לאיומים בלתי פוסקים. שימו לב, יש קשר – – –

סליחה, אדוני, אני מבקש ממך.

שימו לב, קו ישר מחבר בין החוק הזה לחוק הלאום. לא צריך להיות משפטן בשביל להבין שסעיפי החוק מכוונים היישר ליוצרים פלסטינים. מי ששולל את מעמדה של השפה הערבית גם לא רוצה לראות אותה על הבמות. מי שמעמיד את היהדות כעליונה מבקש לדכא את היצירה הערבית. מירי, אנחנו לא נאמנים לך. זה לא תפקידם של האזרחים ובטח לא תפקידה של התרבות. למה לא רוצים להעלות את הנושא של הנכבה, הקטסטרופה של העם הפלסטיני? מכחישת נכבה את. מה זה נכבה? אפשר לדבר פוליטיקה כמה שאתם רוצים; יש מיליון אזרחים שאיבדו את הבתים, את האדמות, את הקשרים המשפחתיים – כן או לא? האם עבור העם הפלסטיני זה אסון לאומי או לא אסון לאומי? מי שמבין בתרבות – – –

תודה רבה. אפשר שלא להסכים מבחינה פוליטית; אפשר שלא לקרוא את ההיסטוריה אותו דבר.

אפשר לקרוא את ההיסטוריה בצורה אחרת, אפשר לא להסכים אידיאולוגית, אבל עם שלם, מיליון אנשים, מיליון אזרחים איבדו את הבית, את האדמות, את קשרי המשפחה. אני, אני, איימן עודה – הדודים שלי הם פליטים בירדן. מבחינתנו היום הזה הוא יום אבל אישי ולאומי. מי שמכיר קצת תרבות יודע את המשפט של מחמוד דרוויש: (אומר דברים בשפה הערבית ומתרגמם:) הפחד של העושקים – מהזיכרונות. אתם מפחדים מהזיכרונות שלנו, אבל אנחנו לא נרפה. כנראה שפעם הייתם יותר חזקים, אז הרשיתם יותר חופש ביטוי.

היום אתם מצמצמים, כי אתם יותר חלשים.

– – כי אנחנו יותר צודקים, ואתם חלשים, ואין לכם מה לענות בצורה תרבותית – –

– – אז מביאים את החוק האווילי הזה. תודה.",1
320192,"כבוד יושב-ראש הכנסת, חברי הכנסת וחברות הכנסת, אנחנו לא רוצים הסדרה, אנחנו רוצים שלום. אי-אפשר להתעלם מעזה ואי-אפשר לשבור את עזה. אי-אפשר לשבור עם שנאנק תחת מצור ומבקש את זכותו להגדרה עצמית. ההסלמה היא לא גזרת גורל. גם אחרי שלוש מלחמות ממשלת ישראל מסרבת לקחת אחריות. היא מתנערת ומסתכלת על עזה כמו על בעיה שצצה משום מקום, כאילו לא ממשלת ישראל היא שנעלה את הדלת וזרקה את המפתחות לים. מה שראינו ביומיים האחרונים נקרא ייאוש. ככה זה כשהממשלה רק מנסה למשוך זמן, כשמנהלים סכסוך על חשבון שני העמים. מדיניות הימין הקיצוני ממשיכה לדרדר אותנו למלחמות. עוד הרוגים חפים מפשע, עוד מרחץ דמים. יש פתרונות צודקים, אבל אין מי שיקדם אותם. לשני העמים מגיע יותר מרגיעה. כבר מזמן לא דיברו כאן על שלום. אנחנו לא רוצים הסדרה, אנחנו רוצים את סיום המצור, את סיום הכיבוש. אנחנו רוצים הסכם כולל של שלום ישראלי-פלסטיני. תודה.",1
320550,"גברתי היושבת-ראש, חבריי חברי הכנסת וחברות הכנסת – – –

כן. הצעת החוק שלי מבקשת לתקן את חוק ביטוח בריאות ממלכתי כך שמי שטרם מלאו לו 21 שנים יקבל פטור מדמי ביטוח – – –

כן. הצעת החוק שלי מבקשת לתקן את חוק בריאות ממלכתי – –

כן. – – כך שמי שטרם מלאו לו 21 שנים יקבל פטור מדמי ביטוח. כיום, חוק זה תקף רק למי שלא מלאו לו 18 שנים. זו הצעת חוק חברתית שמטרתה להקל מאוד על צעירים ועל הוריהם, במיוחד על אלה שרוצים להתחיל ללמוד. אין סיבה שבחור או בחורה, סטודנט או סטודנטית צעירים, יתחילו את החיים שלהם עם חובות למדינה. לכל מי שמסיים את התיכון מגיע מרחב נשימה. לפני שיוצאים אל העולם הגדול ונדרשים לשלם מיסים. זו צריכה להיות מדיניות רווחתית שדואגת לצעירים ולצעירות, בדיוק כשהם צריכים לצאת להשכלה גבוהה או להתחיל להסתגל לשוק העבודה. ומעל הכול, כיום קיימים הרבה מאוד הסדרים בחוק שנותנים פטור מתשלום הביטוח אבל מותאמים אך ורק למשרתים בצבא – מה שמייצר אפליה מובנית כלפי ערבים ואוכלוסיות מיעוטים אחרות ומגדיל את הפער הכלכלי והחברתי, שקיים ממילא. בהזדמנות זו אני רוצה להגיד בהצלחה לכל הסטודנטים שלנו, שהולכים וגדלים משנה לשנה וממלאים את האוניברסיטאות והמכללות – – –

(אומר דברים בשפה הערבית, להלן תרגומם: אחיי ואחיותיי הסטודנטים והסטודנטיות באוניברסיטאות, הצעת החוק זו היא כדי שלא תשלמו ביטוח לאומי עד גיל 21. כעת דיברתי עם שר הרווחה חיים כץ, וסיכמנו שלא נצביע עכשיו ושניפגש בשבוע הבא לדון בסוגיה הזאת. כל מטרתנו בעניין זה היא שלא תשלמו מיסים ומס ביטוח לאומי בהיותכם סטודנטים.) כבוד היושב-ראש, חבריי חברי הכנסת וחברות הכנסת, ממשלת הימין, ימין, ימין, ימין שלהם גוססת. ככה נראה גוף שמנסים להחיות אותו במכונות הנשמה. הגיע הזמן לנתק את המכונות. כולם מדברים על התרגיל של נתניהו – איך הוא עשה טריק לבנט, ואיך הוא מדבר יפה, איך הוא יודע לנאום – נתניהו רודף המיעוטים, מסמן הבוגדים ומשסה האזרחים. יש הרבה רודנים בהיסטוריה שיודעים לדבר יפה, אבל לאזרחים חשובה המהות, לא הכריזמה, חשובים הרווחה והבריאות והסביבה וחופש הביטוי והשלום. אנחנו רוצים בחירות, אבל לא בגלל מנדטים, לא בגלל כוח, לא בגלל משחק פוליטי צר, לא כדי לעשות שרירים. אנחנו רוצים בחירות כי זו הממשלה המסוכנת ביותר שנראתה כאן. זו ממשלה שמסוכנת לציבור. עוד שנה של הגוף הגוסס הזה זו עוד שנה של חוקים גזעניים, עוד שנה של ממשלה שהופכת את המיעוט הלאומי לאויב ואת מי שחושב שונה ממנה – לבוגד. עוד שנה של הסתה, עוד שנה של ניהול הסכסוך וסירוב לשלום, עוד שנה שהכפרים בנגב בלתי מוכרים ומפונים פעם אחר פעם. עוד שנה של אפליה, של תקציבים להתנחלויות על חשבון קיצוצים רוחביים ברווחה, בבריאות. עוד שנה של פופוליזם זול תוך התעלמות מהציבור. זה נכון לעזה, זה נכון לשטחים הכבושים וזה נכון לאזרחים בישראל. מי שמנצח בסוף אלו אזרחים שנאבקים לשחרור – לא ממשלה שנאבקת לשמר כיבוש ודיכוי. קראתי היום שהשרים גלנט וארדן אמרו כך: זמנו של סנוואר קצוב, קרובים מתמיד לחזור לשלוט על עזה. מי אומר את זה? ארדן, שלא מצליח באום אל-חיראן, הוא רוצה להכניע את עזה. מי אתה? מי אתה, ארדן, ארדן השקרן, ארדן הגזען, ארדן שלא מצליח כשר לביטחון פנים – אתה מדבר על ביטחון גם ברמה של עזה? רצו שעזה תטבע בים כי היא מטביעה את הכיבוש ואת הארדנים למיניהם. ומי זה גלנט? גלנט, אתה נראה כל כך לא אמיתי. תקשיב לי, בליכוד מסתכלים עליך ומבינים שאתה אופורטוניסט, שאלה לא הדעות שלך בדיוק; שאתה בסך הכול ראית שאין ביטחוניסט בליכוד אחרי שיעלון סיים. אתה מחפש איך להתברג שם. אתה חולם להיות שר ביטחון. אולי תגיד אמירה כזאת: מי שלא רצו אותו כרמטכ""ל, קיבלו אותו כשר ביטחון. אבל זה נראה כל כך צבוע, כל כך אופורטוניסטי. לכן, לדבר גבוהה-גבוהה על עזה, שאתה רוצה לכבוש אותה שוב ושוב – מי אתה בכלל? עזה עוד תנצח אתכם. כי לעם הפלסטיני אין מה להפסיד. אתם נאבקים למען הכיבוש, והעם הפלסטיני נאבק למען החיים שלו; העם הפלסטיני נאבק למען החירות, ואתם נאבקים למען המצור. אז מי ינצח בסוף? העם הפלסטיני ינצח את הכיבוש ואת הכובשים ותקום מדינה פלסטינית לצד מדינת ישראל. וכך יהיה שלום שייטיב עם כל האזרחים, עם שני העמים – העם הפלסטיני בעיקר, אבל גם האזרחים במדינה. תודה.",1
320703,"כבוד היושב-ראש, חבריי חברי הכנסת וחברות הכנסת, יארא איוב, רק בת 16, נרצחה. (אומר דברים בערבית: ""יארא של צמות הזהב, שחיים מתנודדים בהן, וכל כוכב לוחש את סודותיו – יארא. למשמע שירתה מתרוממת רוחך ומכווננות הרוחות את מיתריהן – יארא"". כפר גִ'ש השקט והפסטורלי שבצפון מוכה יגון וכאב. אני שולח את תנחומיי למשפחה, לאימא מוכת היגון ולאב מוכה היגון, וגם לבני כיתתה של יארא.) יארא איוב, רק בת 16, נרצחה לפני כמה ימים, והיום נמצאה גופתה. קודם כול, אני רוצה למסור את תנחומיי למשפחה, שמתמודדת עם הדבר הנורא מכול; וגם לכל אל-ג'ש – ליבנו איתכם (אומר בערבית: ליבנו איתכם). יותר מ-20 נשים נרצחו מאז תחילת השנה, לצד עשרות גברים. אלו אנשים שמשלמים בחייהם בזמן שהממשלה מחלקת נשקים. והמשטרה מתעלמת. ארדן, המשטרה מתעלמת: אין עצורים, אין כתבי אישום ואפילו אין חקירות. ההתמודדות עם האלימות בתוך האוכלוסייה הערבית – – –

תמשיך, ארדן השקרן, תמשיך לשקר. ההתמודדות עם האלימות בתוך האוכלוסייה הערבית היא הנושא מספר אחת שאנחנו ברשימה המשותפת מתמודדים איתו. יארא נרצחה לא פעם אחת, אלא פעמיים: מייד אחרי ההיעלמות של יארא התחילו אנשים להפיץ עליה שמועות בזויות. החברה הערבית מדממת מבפנים. אני אגיד את זה שוב ושוב ושוב: אנחנו דורשים להוציא את הנשק מהיישובים הערביים. אין שום כבוד ברצח, אין שום דבר טוב ברצח – –

– – אין שום דבר בנשק. כבוד היושב-ראש, הגשנו בקשה להקים ועדת חקירה. ראש הממשלה טען שלא הבין את ההצעה. אז עכשיו הוא מבין את ההצעה. אני מבקש להחזיר את ההצעה ביום רביעי ולהצביע בעדה. תודה רבה.",1
321407,"כבוד היושב-ראש, חבריי חברי הכנסת וחברות הכנסת, אני רוצה לברך. (אומר בערבית: אני רוצה לדרוש בשלומכם. ברוכים הבאים. עוד מעט נצא ונברך אתכם גם בלחיצת יד.) כבוד היושב-ראש, לפני כארבעה ימים קבוצה – – –

לפני ארבעה ימים קבוצה של מתנחלים פרסמה שלטים שקוראים בהם לחסל את אבו מאזן, מממן הטרור. את המשפט הזה, מממן הטרור, שמעתי מפיו של ראש הממשלה בנימין נתניהו. ראשית כול, אני מבקש מראש הממשלה – דורש ממנו – לגנות את האמירות שקוראות לרצח ראש אש""ף וראש הרשות הפלסטינית מחמוד עבאס – אבו מאזן. בכל מקרה וחצי מקרה פונים אלינו ומבקשים מאיתנו לגנות: תגנו, רוצים לשמוע את המילה הזאת, ""גינוי""; פה אני פונה לראש הממשלה לגנות את הקריאות לרצח אבו מאזן, מה גם שמי שתלו את השלטים הללו הם אזרחי המדינה שמבקשים לחסל ראש מדינה אחרת, מדינת פלסטין. הדבר השני, אני מבקש ממנו להורות למנגנוני הביטחון לתפוס את האנשים המעורבים. אם לא יעשה כך, הוא שותף למעשה, כי הוא ראש המסיתים, הוא השתמש באותן מילים, ""מממן הטרור"", והם משתמשים בדיוק באותן מילים של ראש הממשלה. ראש הממשלה יהיה היום גם שר הביטחון, והוא גם שר הבריאות וגם שר הקליטה וגם שר החוץ, אז אלה ארבעה תיקים. צריך להוסיף עליהם גם תיק 1000 ותיק 2000 ותיק 3000 ותיק 4000, אז זה שמונה תיקים. זה יותר מלואי ה-14: המדינה זה אני, ואני – המדינה. אני מקווה שמצב זה לא ימשיך עוד הרבה זמן. תודה.",1
321556,"כבוד היושב-ראש, חבריי חברי הכנסת וחברות הכנסת, אתמול היינו בוועדת הבריאות ודנו בנושא בוגרי ארמניה. מאתמול צצה עוד בעיה, שזה בוגרי מולדובה, ושם סומן שיש אוניברסיטאות בעייתיות. חלק מהסטודנטים שלחו לי מה שאמר פרופ' יציב שם, במולדובה. כך הוא אמר, ואני מצטט מילה במילה: התרשמנו מאוד מהמקום הזה, מקום שיש בו את האמצעים בין הטובים ביותר שאני לפחות מכיר. שלא יהיה ספק, כולנו רוצים שהרופאים יהיו מוכשרים ביותר. זה עניין של חיים – החיים שלנו, של הילדים שלנו. בזה כולנו מסכימים. אבל יש כללי משחק, ולא משנים כללי משחק באמצע משחק. כלומר, לא אומרים להם: זו אוניברסיטה מוכרת, אתם יכולים להגיע לשם, אחרי זה יש מבחן פה בארץ – אבל באמצע הלימודים מחליטים לשנות כללי משחק. כך לא עושים, זה לא פייר וגם לא מוסרי. אז אם יש בעיה קונקרטית, אז צריך ללבן את הסוגיה, צריך לקרוא להם; צריך לעשות, למשל, קורס מסוים, צריך לעשות מבחן קליני, למשל. צריך לעשות הכול, כי כולנו רוצים רופאים מוכשרים. אבל כך, במכה אחת, להחליט שבן אדם שלמד שש שנים, אי-אפשר להכשיר אותו – או, במקרה של ארמניה, התייחסו אליהם כאל טרוריסטים, אני לא יודע מאיפה, אז נכנסו אליהם הביתה באישון לילה, נכנסו לבתי חולים, הוציאו אותם משם, חקרו אותם. בסופו של דבר, ההר הוליד עכבר. אבל הנושא הזה של מולדובה, אני דיברתי היום עם שר הבריאות ליצמן, אני משער שגם חלק מחבריי דיברו איתו. מחר, פה במליאה או במשרד אצלו, אני חושב שאנחנו בצורה קולקטיבית, הרשימה המשותפת, צריכים לדבר איתו, כי אנחנו, כמו שאמרתי – כן, כן, כן – רוצים אך ורק רופאים מוכשרים, חד וחלק, אבל אם יש בעיה אז צריך לפתור אותה בצורה קונקרטית, ובוודאי לא להעניש אותם ענישה קולקטיבית. דבר כזה לא חוקי, לא נכון, ובוודאי לא מוסרי. תודה.

יש פה רק את הרשימה המשותפת. תציע הצעת חוק.",1
321708,"גברתי היושבת-ראש, חבריי חברי הכנסת וחברות הכנסת, כבוד השר גלעד ארדן, שוב ושוב מדברים על הפשיעה והרצח בקרב האוכלוסייה הערבית. כבוד השר, זה התיק שלך. הם לא רק ערבים – הם אזרחים. שלשום נהרגו שלושה אנשים, נרצחו, ואתמול נרצח עוד בן אדם. פעם הסברתי על המפה הגיאוגרפית של הרצח בקרב האוכלוסייה הערבית. למשל בגליל, ששם חיים כ-700,000 ערבים, מתחילת השנה עד עכשיו נהרגו שבעה אנשים. בנגב חיים 300,000 ערבים, ונהרגו ארבעה אנשים מתחילת השנה עד עכשיו. אבל במרכז הארץ, כולל לוד, רמלה, יפו והמשולש – במשולש גרים 400,000 ערבים; בלוד, רמלה ויפו גרים 30,000 ערבים – שם, מתחילת השנה ועד עכשיו נרצחו 49 אזרחים. אז מה ההבדל? ולמה נרצחים בקרב הערבים בישראל, לרבות באזור המרכז, יותר מפי עשרה מהנרצחים ברצח אזרחי גם בגדה, גם בעזה וגם בירדן? הרי כולם פלסטינים. זה לא עניין של תרבות; יש ייחוד במקום הזה. מהו הייחוד? אני עונה לך, כבוד השר, שיש שם כנופיות פשע, כנופיות פשע מאורגן. עכשיו, השאלות: האם אנחנו, הנהגת האוכלוסייה הערבית, הרשימה המשותפת, האם אנחנו צריכים להיאבק בכנופיות הפשע המאורגן, או שזהו תפקידה של המשטרה? תענה לי על השאלה הזאת. האם אנחנו צריכים להיאבק מולם גם בנשק חם? אז יהיו 700 רציחות בשנה, ולא 70 רציחות בשנה. ועוד שאלה: יש נשק בלתי מורשה. האם זה תפקידנו שלנו להיכנס לבתים, על אפם ועל חמתם של האנשים? האם אנחנו צריכים לפתוח את הארונות, על אפם ועל חמתם? אז יהיו 700 רציחות בשנה, ולא 70. האם זה תפקידנו שלנו או תפקידך שלך? ארדן, במקום מתוקן אתה היית צריך להתפטר, אבל אתה לא מתבייש. אתה לא מתבייש. אז השנה נרצחו 70 אנשים. מה אתה עושה? מהו תפקידך? איך אתה חוזר הביתה? מה אתה מספר לאשתך? לילדים שלך? שאני שר קוסם, או שלא חשוב – שהם ערבים? אולי הם עוינים; אולי הם בחצר האחורית; אולי הם לא מצביעים לנו; לא מעניינים אותנו. תגיד לי, תענה פעם, תעשה משהו פעם. אתה לא מכבד את עצמך. באמת, תעמוד פה ותגיד: אני נכשלתי. אני מתפטר. מה אתה חושב, הם לא בני אדם? אין אבא? אין אימא? אין ילדים?

תתפטר, יא כושל. כושל. סליחה, אני מבקש ממך, הוא צריך להתנצל.

אני מחבל? הוא צריך להתנצל. אני מבקש ממך, הוא צריך להתנצל.

אני מבקש ממך, הוא צריך להתנצל – – –

הוא צריך לחזור בו. לא מתבייש.

זה כל מה שמעניין אותך, זה – – – ואלימות – – –

– – – ואלימות – – – תתבייש.",1
321914,"כבוד היושב-ראש, חבריי חברי הכנסת וחברות הכנסת, בחירות 2019 הן בחירה בין חירוב לבין חיבור: מצד אחד מי שמבקשים לחרב כל סיכוי לשלום, לשוויון או לצדק, מי שמבקשים לשמר את הייאוש ואת המלחמה; מנגד, מי שמבקשים לבנות תקווה, שותפות, סיכוי אמיתי לשינוי ולשלום. אם נסכם את הממשלה של הכנסת העשרים, זו הייתה ממשלת הגזענות והשיסוי: ממשלה שהשתמשה בכוחה הפוליטי כדי להסית נגד אוכלוסייה שלמה; שהופכת אותנו רשמית לאזרחים סוג ב'. זה הכול חלק ממסע הדה-לגיטימציה נגד האזרחים הערבים, כי נתניהו מבין את זה היטב: כשהרשימה המשותפת מגדילה את כוחה, אנחנו מאיימים להפיל את שלטון הימין הקיצוני. נתניהו הבין את זה בשנות ה-90 וגם ב-2015, בקמפיין ההסתה שלו. נתניהו הבין את זה לאורך כל הקדנציה. מה עשתה ממשלת נתניהו בארבע השנים האחרונות? ממשלת נתניהו קירבה אותנו עוד ועוד צעדים לקראת סיפוח, וממשיכה לחרב את הסיכוי לשלום. בקדנציית נתניהו נרצחו עשרות אזרחים ערבים בגלל הפשיעה המשתוללת, בזמן שהממשלה והמשטרה מתייחסים אלינו כחצר אחורית במקרה הטוב וכאויבים במקרה הרע. שריה של ממשלת נתניהו חוקקו כנגד המשרדים שהם אמונים עליהם: שרת התרבות נגד התרבות; שרת המשפטים נגד המשפטים; השר לביטחון פנים נגד ביטחון פנים. זו ממשלה נגד האזרחים. ממשלת נתניהו עוקרת את אום אלחיראן ואת אל-עראקיב באלימות. היא משאירה עשרות אלפי אזרחים ללא תשתיות, ללא הכרה, תוך הסתה בלתי פוסקת. ממשלת נתניהו מבטיחה לאזרחיה רק חרחורי מלחמה, רק חיים על חרב, חירוב המשא ומתן, המשך הכיבוש והמצור. שום ביטחון, שום סיכוי, שום תקווה.  ומעל הכול – חוק הלאום, חוק העליונות היהודית, עריצות הרוב, שמבקש לדרוס את המיעוט; החוק שמעגן בספר החוקים את הגזענות, האפליה וההפרדה. זה הסיפור של בחירות 2019: מצד אחד שנאה, כיבוש, רדיפה של כל מי שמתנגד למדיניות הימין, רדיפת העמותות, צמצום המרחב הדמוקרטי, סיפוח, חקיקה גזענית, דיכוי, פילוג ואפליה. מנגד החזון שלנו: שותפות יהודית-ערבית לסיום הכיבוש, לצדק חברתי ופוליטי, לשוויון לכלל האזרחים. החודשים הקרובים הם תקווה לממש את החזון הזה. אז כן, נתניהו, אנחנו, האזרחים הערבים, ננהר לקלפיות בהמונינו ואנחנו נגדיל את כוחנו, עכשיו יותר מתמיד. מי שמבקש לעשות הפרד ומשול בין יהודים לערבים, או בין ערבים לערבים, מחזק את נתניהו, מחזק את הימין. הם רוצים אותנו חלשים ובנפרד; אנחנו נהיה חזקים וביחד. אל מול הלאומנות נדבר על שלום ועל שוויון, ונשתמש בכוח שלנו להפיל את חבורת הימין הפאשיסטי. אז תבחרו: אפרטהייד או דמוקרטיה. אפרטהייד או דמוקרטיה – זוהי הבחירה של בחירות 2019. (אומר דברים בשפה הערבית, להלן תרגומם: בני עמנו, התושבים הערבים, אנו אומרים לכם לפני סיום הכנסת הזאת: אנחנו, הרשימה המשותפת, ייצגנו אתכם בכבוד, בנאמנות, במוסריות, בהשתייכות פטריוטית אמיתית ובכבוד אישי וקבוצתי. אני יכול לומר לבני עמנו בכל יישוב ויישוב שרמתם של חברי הכנסת של הרשימה המשותפת גבוהה בהרבה מהרמה הכללית בכל ההיבטים – מובן שבהיבט המוסרי והפטריוטי, אבל גם בהיבט המקצועי. אני אומר לכם שאנו התייצבנו בכבוד, בנאמנות ובהשתייכות פטריוטית אמיתית בפני כל מי שניסה לפגוע בנו: התייצבנו בפני ראש הממשלה נתניהו פנים מול פנים; התייצבנו בפני השרים הגזענים, ובראשם הקטן, השולי הזה, גלעד ארדן, אשר ביודעין כיוון לכך שהאלימות והפשע יישארו בתוך החברה שלנו; התייצבנו בפני השרים הגזענים בכבוד ובהשתייכות. אני אומר לבני עמנו: נחלנו הישגים למרות הממשלה הגזענית. נחלנו את ההישג הגדול: 922. אני אומר לכם, כשביקרנו, אנחנו, חברי הרשימה המשותפת, אצל ראשי הרשויות המקומיות הערביות, הם אמרו לנו תודה, ואנו מעריכים זאת. אנו מעריכים את העבודה המשותפת של הרשימה המשותפת, ראשי הרשויות המקומיות ועמותות החברה האזרחית, שהצלחנו להשיג להן תקציבים למרות כל האווירה הגזענית. כמו כן, נחלנו הישגים נוספים, למרות הכול. ואולם, צריך לומר בכנות שהמערכה הבסיסית היא מערכה פוליטית. נכון  שנחלנו הצלחות, ובפרט בשנים האחרונות, בכל הקשור לסטודנטים באוניברסיטאות, למרצים, לרופאים ולכל הקשור לתחומי החיים, וגם להייטק – בכל תחומי החיים. אך הצלחה במישור האזרחי ללא שינוי האקלים הפוליטי לא די בה, כלומר, כאשר מתייחסים אלינו כאל חוטבי עצים ושואבי מים יש בכך עליונות שיש בה מעין חופש פעולה, אבל כאשר אנו מתפתחים ומתחרים על כל דבר ודבר, הרי שהפאשיזם יפעל להלום בתושבים הערבים, עם כל הישגינו המצטברים – שהם חשובים ומועילים, ושעלינו להוסיף עליהם. המערכה הבסיסית בעינה עומדת, והיא שינוי האקלים הפוליטי במדינה, ולכן בחירות 2019 הן בחירות חשובות מאוד. אנחנו, מצידנו – ואני מדבר בשם כל גוף מהגופים המרכיבים את הרשימה המשותפת – נשמור על אחדותנו הלאומית ונשמור על הרשימה המשותפת. כל מה שאתם שומעים על דיונים פה ושם, אני אומר לכם – אלה דיונים לגיטימיים. זכותו של כל גוף מהגופים המרכיבים את הרשימה המשותפת לשאוף להשיג יותר ייצוג. זה לגיטימי. אך כל הגופים האלה וכל חברי הרשימה המשותפת יודעים מהי הסוגיה הבסיסית. הסוגיה הבסיסית אינה מערכה על מושבים ואין היא יכולה להיות כזאת. כל הגופים המרכיבים את הרשימה המשותפת יודעים שהמערכה הבסיסית היא על חיזוק אחדותנו והפלת ממשלת הימין הקיצוני. אף אחד ברשימה המשותפת לא יכול להתרחק מהמטרה הזאת, שהיא  הלאומית ביותר בשלב זה. לפיכך, אף על פי שאנחנו חלק מאזור ששוררים בו חילוקי דעות אידיאולוגיים, פה אנחנו – ואני מתכוון לערבים הפלסטינים שנשארו במולדת הזאת למרות הנכבה ומדיניות הגירוש; אנחנו מחזקים את אחדותנו הלאומית וננהל את הבחירות הקרובות ברשימה המשותפת על כל הגופים המרכיבים אותה ללא יוצא מן הכלל, ונחזק את כוחנו, במלוא מרצנו, עם בני עמנו, ונגיע ל-15 מושבים בפעם הזאת. חזקו ואמצו, גודל ההצלחה כגודל ההתמדה. תודה.)",1
321938,"תודה רבה. (אומר בערבית: יש אחרים שדורשים לנהל מערכה על מושבים, אם אנו מדברים על מושבים והקצאה. הם מבקשים להקצות ארבעה או חמישה. מה יישאר לנו? או אללה או העם – נפנה לעם, שהוא יחליט, ורק כך צריך להיות. נגד ההקצאות ובעד הדמוקרטיה, ולתת לעם להחליט.)",1
322244,"כבוד היושבת-ראש, חבריי חברי הכנסת וחברות הכנסת, פאיז חליף, אסד יונס, מועאוויה כבהה, אני מסתכל עליכם ואומר שאני בדיוק כמוכם. בזמנו זה היה לימוד של חודשיים ושלושה ימים. הייתי באשפוז בית. אימא שלי הביאה לי את האוכל, למדתי כמו שצריך ועברתי. אבל מה שקרה לכם זה שלא אתם נכשלתם; הלשכה נכשלה, השרה נכשלה, ואתם הוכשלתם, בכוונה. אני רוצה לפנות לאמסלם, יו""ר האופוזיציה, ולאמיר אוחנה – גם לך, אתה, יש עליך אחריות, בגלל שאתה ממפלגת השלטון, בגלל שאתם פה מחליטים. אנחנו כולנו בעד. אתם צריכים להחליט: או שמביאים את ההצעה לקריאה שנייה ושלישית עוד היום או שלא. זה תלוי אך ורק בכם. אני אומר לכם, מה שנעשה לכם זה עוול גדול. פשוט מאוד שינו את כללי המשחק באמצע המשחק. חכמים אמרו שאין גוזרים על ציבור גזרה שאינו יכול לעמוד בה, וזה בדיוק מה שעשו לכם. אנחנו ברשימה המשותפת לא נסכים שזה יהיה רק 55, אלא זה צריך להיות פחות, וזה תלוי אך ורק בקואליציה, לרבות מפלגת השלטון – –

אז יש דבר שהוא הכי ברור שיש: אנחנו רוצים לפחות 61. כל האופוזיציה בעד. תגיד לי, יואל, אתם בעד?

אתם בעד. מרב מיכאלי, אתם בעד? אתם בעד.

מרצ, מוסי, אתם בעד? אתם בעד.

הרשימה המשותפת בעד? כן, בעד. הכול תלוי – –

אנחנו עומדים בהבטחה, ואני בטוח – –

– – שאם הם ירצו, אז יש רוב בכנסת, וזה יעבור – –

– – בקריאה שנייה ושלישית עוד היום.

אל תברחו, תעבירו את זה עוד היום.

זה תלוי בליכוד, זה תלוי – – –

מזוז, תהיה עם המוכשלים, עם המתמחים.",1
322382,"כבוד היושב-ראש, מצאו את ההבדלים: ביום שלישי נורה תאופיק זהר, עובר אורח תמים, נגן עוּד, כשניסה לשוב הביתה עם נכדתו בת הארבע, בנצרת. עד היום, יום שני, לא דֻווח שנמצאו חשודים או הוגשו כתבי אישום. באותו יום שלישי נורה גבר בן 25 בעפולה. הידיעה הזו דֻווחה בשעה 10:00 בכלי התקשורת. בשעה 11:40 דֻווח כי המשטרה עצרה שני חשודים וצפויים מעצרים נוספים. אז מה ההבדל? כל ילד ערבי יודע שאם תאופיק זהר היה יהודי שנורה בנצרת, מי שירה בו כבר היה מועמד לדין. 70% מהנשק הבלתי-חוקי שבידי החברה הערבית מגיע מהצבא. אני יודע וכולנו יודעים: אילו הנשק הזה היה מופנה כלפי יהודים או כנגד ביטחון המדינה, תוך דקות המשטרה הייתה על הרגליים במרדף אחרי הפושעים. אבל היישובים הערביים הם שטח הפקר של ממשלת ישראל, רחוק מעיניה של החברה היהודית, אבל קרוב להחריד לכל אזרח ערבי, שחי כאן בפחד מהנשק המשתולל. אני, איימן עודה, יושב-ראש רשימת חד""ש-תע""ל, חורת על דגלי את המאבק במגפה שפושטת בחברה שלנו. אנחנו נעשה כל מה שנדרש – בכנסת וברחוב. אנחנו ניאבק להוציא את הנשק הבלתי-חוקי שהורג את ילדינו. עצרו את כנופיות הפשע. עצרו את כנופיות הפשע. זה מצב חירום. אנחנו נשים את דם ליבנו במאבק למען החיים שלנו. תודה.",1
322431,"כבוד היושב-ראש, לפני ארבעה ימים נורו שלוש יריות לעברו של אייבק ראפת ח'טיב מכפר כנא, נער כבן 17, על לא עוול בכפו. למזלו, הוא ניצל מהפגיעה. אין נורא מלחשוב שהילד שלך יצא החוצה מביתו וייקלע לזירת פשע, אבל מה שכואב בזה הוא העובדה שהמשטרה אפילו לא יצרה קשר איתו או עם משפחתו לבירור פרטי החקירה; כואב בזה תחושת ההפקרות שהמשפחה מסתובבת איתה כעת, התחושה שאין אפילו קצה של ניסיון לבצע חקירה אמיתית ולהגיע לפושעים. רק אתמול עמדתי כאן וסיפרתי את סיפורו של תאופיק זהר, שנורה בנצרת. גם שם לא דֻווח על החשודים או על כתבי אישום. הלוואי שנאום זה היה פרק ב', אבל אפשר כבר לכתוב ספר על יחסה המזלזל של המשטרה לאלימות ולפשיעה בחברה הערבית. מבחינתי אעמוד כאן יום-יום, מעל כל במה שניתנת לי, כדי להשמיע את קולן של המשפחות שלנו, שמפחדות על בניהן ובנותיהן וזועמות על ההפקרות והזלזול. מחר, יום רביעי, נקיים אוהל מחאה מול משטרת נצרת. אני קורא לציבור להשתתף. זה צעד קטן בדרך למאבק ממושך שיסתיים רק כשנמגר את הפשיעה והאלימות. תודה.",1
322447,"כבוד היושב-ראש, חבריי חברי הכנסת וחברות הכנסת, אני מברך את עופר על הצטרפותו לרשימת חד""ש-תע""ל בכנסת ובטוח שיהיה חבר כנסת מצוין. אני מכיר את עופר מאמצע שנות ה-90. עופר כמו עופר – בן אדם מאוד מאוד ערכי, מאוד עקרוני, מתמיד, הולך עם האמונה שלו בצורה מאוד מתמדת. אומרים שבן אדם מגיל עשר עד גיל 20 רוצה לשנות העולם, מגיל 20 עד 30 הוא רוצה לשנות את המדינה, מגיל 30 עד 40 הוא רוצה לשנות את העיר שלו, מגיל 50 עד 60 הוא רוצה לשנות משהו במשפחה שלו ומגיל 60 עד 70 הוא רוצה לשנות משהו בעצמו, והוא לא מצליח. עופר עדיין אותו בן אדם שמאמין שהוא יכול לשנות העולם – ואני מאוד מעריך אותך על זה. עופר, דיברת הרבה, אולי פעמיים, על ""למי צלצלו הפעמונים"" של ארנסט המינגווי. אני רוצה לומר לך שגם בספר לא פחות חשוב, 1984 של ג'ורג' אורוול, גם כשכולם בקונסנזוס שלם, של כולם, מסתכלים לכיוון מסוים, אתה זה שיסתכל לכוון אחר, כי אתה מאמין בזה. זה אתה, עופר, ואתה ערך מוסף. זה דבר מאוד חשוב לכולנו. עופר לא מקבל את המשוואה של כל היהודים נגד כל הערבים, או כל הערבים נגד כל היהודים. עופר מחפש משוואה אחרת – של ערבים ויהודים דמוקרטים ביחד נגד הגזענות, נגד ההסתה, נגד השיסוי, למען בניית חברה דמוקרטית, שוויונית, אזרחית, שתיטיב עם כולם. עופר יהיה חבר כנסת מצוין. אהלן וסהלן, עופר.",1
322555,"כבוד היושב-ראש, חבריי חברי הכנסת וחברות הכנסת, אני מאמין שהאינטרסים האמיתיים והעמוקים של שני העמים הם אינטרסים משותפים. כלומר, מה שקורה בקרב כלל החברה חשוב גם לאוכלוסייה הערבית, וגם ההפך הוא נכון. הרי אנחנו חיים באותו מקום. הדמוקרטיה והצדק החברתי, השוויון, בוודאי השלום, הם אינטרס עמוק ואמיתי של כולנו. אבל אני, איימן עודה הערבי, אין לי את הפריבילגיה עכשיו לדבר על הנושא החשוב כל כך הזה בגלל הרצח בקרב האזרחים הערבים. כי אין דבר יותר חשוב מחיי האדם; אין דבר בעולם יותר חשוב מחיי האדם. חברים, אנחנו חיים במלחמה יום-יומית בקרב האזרחים הערבים. אתמול בלילה ישבנו בטמרה ודיברנו על איך להפגין; איך להשפיע בעקבות הירצחו של ויסאם יאסין. באותה ישיבה שמענו שאחמד דראכמה מבאקה אל-גרבייה, גם הוא נהרג, וגם שמענו שאחד משפרעם באותו רגע נפצע, ואחד מריינה נפצע באותו רגע. היום היינו בהפגנה. באמצע ההפגנה שמענו ששלושה אנשים מאום אל-פחם נפצעו מירי. אנחנו חיים במלחמה, ואין מדינה ואין משטרה. מדובר על כנופיות פשע; מדובר על פרוטקשן, על שוק אפור; מדובר על נשק בלתי מורשה. מאיפה מגיע הנשק הזה? גבי אשכנזי, אתה יודע מאיפה? 70% מהצבא. 70% מהנשק שמגיע אלינו, נשק בלתי מורשה, מהצבא. תתארו לעצמכם שהנשק הזה מגיע מהערבים אבל רוצחים בו יהודים או מאיימים על ביטחון המדינה; כל ילד ערבי יודע: אם הנהרג והנרצח היה יהודי, בתוך שעות מגיעים לרוצח. אז מה יש פה? יש משטרה גזענית. יש משטרה גזענית. אני בטוח שכשהשר לביטחון פנים מקבל הודעה שיש רצח באזור מסוים, כשהוא שומע את שם האזור, אם הוא ערבי, הוא מרגיש הקלה, שזה פחות חשוב. אז תגידו לנו, מה אנחנו צריכים לעשות? אני חושב שאנחנו צריכים לעמוד פה להפריע לכם, לא לתת לדיונים להתנהל פה בכנסת. צריך לעשות הכול: לסגור צירים ראשיים, לסגור את חוצה ישראל, כביש 6, לעמוד שם שעות, שיהיה מה שיהיה, לא חשוב. העיקר חיי בני האדם. אני מצפה מכם, אתם באופוזיציה: תהיו שותפים לנו. תהיו שותפים לנו במאבק נגד הפשיעה והפושעים, נגד כנופיות הפשע ברחוב הערבי. אנחנו, מנהיגי הציבור הערבי, קוראים למשטרה להיכנס ליישובים שלנו, לאסוף את הנשק, לעשות את הכול. אנחנו רוצים לחיות בחברה ללא נשק. אין שום דבר טוב בנשק הזה, אין שום דבר מועיל, לא אם הם רוצחים ערבים ולא אם הם רוצחים יהודים ולא אם הם מאיימים על מישהו. אנחנו רוצים לחיות בחברה ללא נשק. אז תגידו לנו, איפה הכתובת שלנו? אני מדבר עם ראש מנגנון הביטחון בגדה המערבית, ושואל אותו: כמה רציחות יש לכם בשנה? הוא אומר לי: 24. ושם, בגדה, יש 3 מיליון פלסטינים. אני מדבר עם העזתים – אומרים לי: 22, ויש שם 2 מיליון עזתים. שואל בירדן – 10 לכל מיליון. רק אצל הערבים בישראל אין מדינה, אין משטרה. האם זה חוק הלאום? האם המדינה היא רק ליהודים בכל המובנים? אין מדינה, אין משטרה? כבוד היושב-ראש, אני מצפה מכל בן אדם – מכל בן אדם בהיותו בן אדם – לעמוד לצידנו במאבק הצודק כל כך הזה. אין נושא יותר חשוב מהמאבק בפשיעה בקרב האזרחים הערבים. אין. תודה.",1
322688,"כבוד היושב-ראש, עמיתיי חברי הכנסת, אני רוצה להתייחס לסוגיית הקדמת הבחירות. הקדמת הבחירות היא לא עניין טכני; היא עניין פוליטי-מהותי. וצריך לשאול למה אין ממשלה, כבר 30 שנה, שמחזיקה מעמד לאורך כל הקדנציה. זה בדיוק בגלל המדיניות הפוליטית והחברתית של כל הממשלות. כלומר, כשאין צדק – אם זה לגבי הפלסטינים, אם זה לגבי השכבות המוחלשות, אם זה בקשר בין החילונים לבין החרדים, בין זכויות קולקטיביות לבין דמוקרטיה אמיתית – כלומר יש פה סוגיה מהותית שמשליכה על היציבות של הממשלות. אני אף פעם לא איחלתי הצלחה לנתניהו. רק הפעם אני מאחל גם לנתניהו וגם לליברמן הצלחה, שיישארו עיקשים בשביל שנתניהו לא יקים את הממשלה. תודה.",1
322741,"כבוד היושב-ראש, חבריי חברי הכנסת, הודעה דרמטית – ואני מתנצל בפניכם, גם חברי אחמד טיבי וגם עאידה ואוסאמה, שלא סיפרתי לכם: ראש הממשלה דיבר איתי לפני שבע דקות. הוא אמר לי שהוא מוכן לסגת מהשטחים הכבושים וגם לבטל את חוק הלאום, ושהוא בעד לא רק שוויון אזרחי לערבים אלא גם לאומי, והוא מוכן גם להכיר בנכבה ולתקן את העוול ההיסטורי.

ואני מתמהמה, אני לא יודע מה להשיב לו. הוא אומר לי: רק חוק החסינות וההתגברות, ואני, אפילו לא היה לי זמן להתייעץ איתכם. אני מסתכל על השעון מתי אני צריך לענות לו.

הוא אמר שזאת לא טקטיקה מול ליברמן, שזה אמיתי אצלו. אז אנחנו עוד נתייעץ ונחשוב מה נשיב לו. חברים, היו בחירות. חשבנו שנדבר על הדברים האמיתיים והחשובים לחברה באמת: על עובדות שמרוויחות 21% פחות מהעובדים שעובדים לצידן; נדבר על האישה שנרצחה על ידי בן זוגה אחרי שהתעלמו מתלונותיה במשטרה; חשבנו לדבר על פועל בניין שנפל אל מותו בגלל רשלנות והיעדר אכיפה; חשבנו לדבר על מבוגר שנאלץ לשכב במסדרון של בית חולים כי אין מיטות פנויות; חשבנו לדבר על שכר מינימום שמאלץ הורים לעבוד בשלוש משרות במקביל; חשבנו לדבר על קשישה שלא מקבלת קצבאות בגלל המבחנים המשפילים של הביטוח הלאומי; חשבנו לדבר על צעירים שלא יכולים לקנות דירה; חשבנו לדבר על 1,300 נרצחים אזרחים ערבים כתוצאה מהאלימות והפשיעה בחברה הערבית מאז שנת 2000 ועל אחוזים קטנים של כתבי אישום; חשבנו לדבר על 100 יישובים בלתי מוכרים בנגב בלי מים וחשמל, ממש כאן, בלב המדינה המתקדמת; חשבנו לדבר על תושבים שמפונים מבתיהם לטובת מגדלי יוקרה בבעלות טייקונים; חשבנו לדבר על הפקעת משאבי הטבע מידי האזרחים; על הילדה חולת הסרטן מעזה שלא יכלה לקבל טיפול כי לא הורשתה להיכנס לישראל. חשבנו לדבר על דברים באמת חשובים, כמו זה שמאז 1948 ועד היום לא נבנה אף יישוב ערבי אחד בזמן שנבנו 770 יישובים חדשים לאזרחים היהודים; חשבנו לדבר על האתיופים שסופגים אלימות מצד המשטרה. חשבנו לדבר על הדברים המהותיים החשובים באמת לכלל האזרחים. יותר משנתניהו צריך ללכת לכלא בגלל השחיתות שלו, הוא צריך להיות מודח בגלל המדיניות שלו, שהופכת את הרשימה הזאת לארוכה יותר ויותר. כעומק השחיתות עומק הגזענות; כעומק השחיתות עומק השיסוי; כעומק השחיתות עומק הפשיזם. הרשימה הזאת שהקראתי היא הסיבה האמיתית להיות נבחר ציבור; היא הסיבה האמיתית לעמוד פה היום; היא הסיבה שאני פה. בחירות או לא בחירות – העיקר להיאבק למען שוויון, דמוקרטיה, צדק חברתי ושלום. זה העיקר. תודה.",1
322935,"מכובדי היושב-ראש, חבריי חברי הכנסת – – –

מכובדי יושב-ראש הכנסת, חבריי חברי הכנסת וחברות הכנסת, אני חושב שאנחנו ניצבים עכשיו מול אחת מהשאלות הגורליות ביותר. השאלה היא אם אנחנו רוצים לחיות במדינה טבעית או במדינה ארעית, במדינה שבונה בצורה אסטרטגית או מדינה שמתנהלת מיום ליום. זו מדינה שאין לה גבולות, זו מדינה – היחידה בעולם, דרך אגב – שאין לה גבולות. זו מדינה שמקדמת חוקים לאומיים לקבוצת הרוב ולא לקבוצת המיעוט, כמו חוק הלאום למשל. דרך אגב, זה גם מעיד על חוסר ביטחון עצמי בקרב קבוצת הרוב, כי תמיד היא רוצה לחזק את עצמה. האם אנחנו רוצים לחיות במדינה שחיה על חרב כל חייה, כמו שאמר ראש הממשלה נתניהו? אנחנו רוצים לחיות במדינה שנמצאת כל הזמן, כבר 70 שנים, במצב חירום? אני חושב שמה שקורה פה זה חלק מהשאלה הגורלית הזו. כשאני מתבונן בדיון עכשיו בכנסת, אני חושב שהמדינה הזו, הממשלה, רוצה לשעבד את העם דרך מצב חירום מנטלי, דרך מצב חירום מנטלי. אני רואה פה בדיוק את הספר של ג'ורג' אורוול, 1984, שהמלחמה היא שלום, שהחירות היא עבדות, שהבורות היא כוח, שהאח הגדול עינו פקוחה. בדיוק 1984 של ג'ורג' אורוול, בדיוק כך. אני רוצה להזכיר לחברי הליכוד – אמסלם, זה מנחם בגין המנהיג המיתולוגי, ולא אני, איימן עודה – – –

מנחם בגין, בשנת 1951, מעל דוכן זה אמר כך: ישנם חוקים רודניים, ישנם חוקים בלתי מוסריים, ישנם חוקים נאציים. זה מה שאמר מנחם בגין על חוקי החירום שאנחנו מדברים עליהם עכשיו. אני אישית לא הייתי משתמש במונח כל כך קשה זה, אבל אני רוצה להשאיר אתכם בדיון פתוח ביניכם – אתם, חברי הליכוד – לבין מנחם בגין. תודה רבה.

בתקופת מפא""י, בתקופת מפא""י.

זה בתקופת מפא""י. ודרך אגב, אני לא מרגיש טוב כשאני מצטט את הציטוט הזה. אני אישית לא מרגיש נוח, אבל רציתי שתתעמתו קצת – – –

הוא מתהפך בקבר גם בגלל שאתם הממשיכים של דרכו, למרות שאני לא מסכים עם דרכו.",1
323128,"– – – גם שקרן. אתה יודע שאתה משקר.

איך ברחת אתמול – – – בבקעת הירדן. איך ברחת אתמול? מר ביטחון, מר ביטחון, איך ברחת, כמו ארנב.

מר ביטחון, איך ברחת? ברחת, מר ביטחון. איך ברחת?

זה הליכודיאדה, הליכודיאדה.

תנסה להיות עצמאי פעם אחת.",1
323749,"אני רק רוצה להגיד שאני מעריך אותך ואוהב אותך, ואני יושב.",1
324064,"כבוד היושב-ראש, חבריי חברי הכנסת וחברות הכנסת, בחודשים האחרונים מדברים על הפשיעה בחברה הערבית ותופעת הפרוטקשן. זאת תופעה שבה עבריינים לוקחים לבעלי העסקים אלפי שקלים בחודש בסחיטה ובאיומים ומקשים על מציאות כלכלית שממילא היא בלתי אפשרית. חשבנו לתומנו שפרוטקשן הוא התחום הבלעדי של ארגוני הפשיעה. טעינו. לפי נתונים שנחשפו לאחרונה עולה כי החברה הערבית היא קורבן לפרוטקשן ממשלתי. בכל שנה אנחנו משלמים מעל 15 מיליון שקלים בקנסות על בנייה לא מורשית, בזמן שהחברה הישראלית משלמת 4 מיליון. זה מעגל אכזרי שמזין את עצמו: קודם מפקיעים אדמות, ובמקום לתת לנו אופק לתכנון ובנייה, מביאים עלינו ייאוש של הריסות ואפליה. כמו רובין הוד, אבל הפוך – לוקח מהעניים ונותן לעשירים. הם גובים מיליונים בקנסות שלא חוזרים לתקציבים של הרשויות הערביות. הצעד הראשון שישבור את המעגל ויביא תקווה לעתיד אחד הוא ביטול חוק קמיניץ לאלתר. מדיניות של אפליה לא מיושמת רק בתחום התכנון והבנייה. אתמול התפרסמו התוצאות המחרידות של בחינות הפיז""ה, שחשפו את הפערים הגדולים ביותר בין תלמידים ערבים ליהודים. מערכת החינוך משקיעה פי שלושה בתלמיד יהודי מאשר בתלמיד ערבי. רק אתמול ביקרתי בבית ספר תיכון בכפר עילוט, ועצרתי לרגע כדי להסתכל על התלמידים שישבו מולי. ניסיתי לדמיין איך שר החינוך יכול לראות בכל אחד מהם שליש מערכו של תלמיד יהודי. המספרים האלה הם התוצאה הבלתי-נמנעת של מערכת חינוך שנהייתה מערכת הסללה במעגל סגור: היא פותחת דלתות לתלמידים ברעננה ובקדומים ומעמידה מחסומים בפני תלמידים ברמלה וברהט. אני עומד כאן ואומר לכל תלמידי המדינה, ערבים ויהודים: אתם שווים הרבה, כל כך הרבה יותר ממה שנפתלי בנט ורפי פרץ רואים בכם – שליש מההשקעה בתלמיד יהודי. 85 נרצחים בשנה, 15 מיליון שקלים בקנסות, אבל הממשלה מעדיפה לבנות עוד התנחלות בחברון כדי להעמיק את הכיבוש ולהרחיק את השלום, על הגב של אלה שלא גדלים ברמת אביב או בקריית ארבע. הנתונים הקרים האלה מזינים אחד את השני ויוצרים מציאות שבה אזרחים קמים כל יום למאבק קיומי, לא פחות. ילדיהם יוצאים כל בוקר בלי כריך לבתי ספר שלא מסוגלים להעניק להם חינוך ראוי, והם מקווים ומתפללים שתחושת המחנק והלחץ לא יובילו את ילדיהם לארגוני הפשע.

אבל המציאות הזאת לא מעניינת את כנופיית השרים הכושלים בנט, ארדן וחבריהם. הם לא חושבים על האזרח שנאבק בכל יום מחדש, כי יש רק נושא אחד שמעניין אותם היום, רק נושא אחד: עתידו הפוליטי של הנאשם בשוחד, מרמה והפרת אמונים. תודה.

כבוד השר, קודם צריך לתכנן או להרוס? תגיד לי אתה. מה קודם צריך לעשות? זו השאלה העיקרית.

כבוד השר, כבוד השר, תענה לי על השאלה הזאת, בבקשה: מדינת ישראל מאז 48' עד עכשיו בנתה 700 יישובים חדשים, כולם ליהודים – –

קודם תכנון, אחר כך – תן אופק.

ככה אומרים על המוחלשים. גם עליכם כך אומרים. זה לא מתאים לך.

אתה מוחלש. זה לא מתאים לך. אתה יודע מה אומרים עליכם? עזוב את זה.",1
324217,"כבוד היושב-ראש, חבריי חברי הכנסת וחברות הכנסת, אני אגיד כמה מילים בשפה הערבית לקראת חג המולד. (אומר דברים בשפה הערבית, להלן תרגומם: בני עמי הנכבדים החוגגים את חג המולד, בשבוע הזה הואר בנצרת העץ של היוונים האורתודוקסים והלטינים, ובימים האלה יואר גם בכפר יאסיף; לאורך החודש יואר העץ ויהיה שוק חג המולד – וכל זאת לקראת חג המולד. מכיוון שיום זה הוא היום האחרון בכנסת, זו הזדמנות לומר לכל בני עמנו: ""כבוד ותהילה לאל במרומי השמיים ושלום על פני האדמה לכל אוהביו"". ישו הנוצרי צעד מנצרת עד כפר כנא, אל כפר נחום, ומשם המשיך צפונה אל בית עניא בואך ירושלים. שם בירושלים הפך את השולחן מול פני החלפנים, ושם הייתה ההקרבה והפדות לקראת הגאולה. כל הערכים הנעלים האלה מדגישים לנו את חשיבות המאבק למען הנושאים שלנו, תוך הבעת עמדות ברורות ונחרצות, עד שישרור שלום על אדמת השלום ועד שנשיג שוויון, דמוקרטיה וצדק חברתי. אני רוצה לאחל לכל בני עמנו חג שמח לרגל חג המולד. תודה.) תודה.",1
324247,"עמיר, תרשה לי ללחוץ לך את היד. כל הכבוד.

כבוד היושב-ראש, חבריי חברי הכנסת וחברות הכנסת, זוהי שירת הברבור של הנאשם מבלפור. אני פונה לאזרחים הערבים, לכוחות השלום והדמוקרטיה היהודיים: היה לנו תפקיד מכריע – –

– – שלנו בהקמת הרשימה המשותפת.

הציבור שלנו נתן לנו עוד שלושה מנדטים. עלינו מעשרה מנדטים באפריל, ועכשיו אנחנו עם 13 מנדטים. אני חושב ששלושת המנדטים הללו – בלעדיהם היה סיכוי שהגוש של נתניהו יעלה ל-57–58 מנדטים. כלומר, היה לנו תפקיד של 50% בלמנוע מנתניהו להרכיב את הממשלה, בלמנוע מנתניהו לקבל חסינות. אז עשינו את חצי הדרך. עכשיו יש לנו עוד בחירות. אנחנו מבטיחים לציבור שלנו להישאר מאוחדים. ברשימה המשותפת – אין על מה לדון בינינו או בתוכנו. אנטאנס, ווליד טאהא, עופר, סעיד, יוסף, אבו נאג'י – אין על מה לדון ביננו ובתוכנו. כבר ממחר בבוקר אנחנו יוצאים החוצה לפגוש אנשים, לדבר איתם, כי – –

– – אנחנו רוצים להגיע ל-15 מנדטים. וכך אנחנו נסתום את הגולל על האפשרות שבנימין נתניהו יקבל חסינות וירכיב את הממשלה הבאה. ביי ביי, ביבי.

הסתיים העידן של ביבי. ביי ביי, ביבי – ראש ממשלה שהסית נגד האזרחים הערבים, אזרחים שהיו פה לפניו ויישארו פה אחריו, אזרחים שהיו פה לפני הגזענים ויישארו במולדתם, שאין להם מולדת אחרת מלבדה, גם אחרי הגזענים. אני פונה לציבור שלנו ואומר לו שאנחנו נמצאים בשעת רצון. זו ההזדמנות שלנו, במשך חודשיים – – –

אתם יודעים מה? עכשיו אני רוצה לדבר עם בני גנץ. האמת היא שההמלצה שלנו עבור בני גנץ הייתה המלצה טכנית, לא מהותית. הדבר המהותי היה לא לבנימין נתניהו. אבל, מאיר כהן, כחול לבן, בידכם, תוך חודשיים, להפוך את ההמלצה הטכנית להמלצה יותר מהותית על ידי ההתנהלות שלכם בבחירות ואחרי הבחירות. הרשימה המשותפת דוגלת – –

– – בשלום, שוויון, דמוקרטיה, צדק חברתי – אינטרס אמיתי לשני העמים.",1
324367,"כבוד היושב-ראש, חבריי חברי הכנסת וחברות הכנסת, יותר מעשור לשלטון נתניהו. ואני רוצה לשאול את השאלות האמיתיות: מיהו האחראי לעוני במדינה? כשנדבר על האוכלוסייה הערבית אולי יאשימו אותנו שזה אנחנו. אז מיהו האחראי למצב העוני בקרב החרדים, אם זה החסידים, אם זה הליטאים, אם זה המזרחים? מי האחראי לעוני בעיירות הפיתוח? מיהו האחראי למצב הבריאות המחפיר במדינה? מיהו האחראי למצב החינוך במדינה? הלאומנות הינה מפלטו האחרון של הנבל. כי כשהערבים על הגדרות אז מי יתעניין באישה המסכנה החולה במסדרון של בית החולים? אז מי ישאל את השאלות האמיתיות? אני פונה לאזרחי המדינה, יהודים וערבים, להשיב על השאלה הזאת: מיהו האחראי לשיסוי, להסתה ולמצב הכלכלי המחפיר בקרב השכבות המוחלשות במדינה? אני רוצה לפנות גם לכחול לבן וגם אליך בני, וגם אליך אשכנזי, וגם אל כל הגנרלים: מי שמחפש רוב יהודי – זאת גם גזענות אבל גם עוזר רק לנאשם מבלפור. כי מבחינתו, הוא יודע למה הוא מפסיד. הוא הפסיד בשנת 1994 ולא הצליח להקים ממשלה כשהיו לו 59 ח""כים מול ממשלת רבין כי אנחנו, החמישה, תמכנו בממשלת רבין ולא נתנו לו להרכיב ממשלה. בשנת 1999, בבחירה ישירה, הוא קיבל 44%. הוא מבין שבמידה שמוציאים את האוכלוסייה הערבית מהמשוואה, הוא יכול היה להמשיך להיות ראש ממשלה. לכן הוא מדבר על רוב יהודי גם ממקום גזעני אבל גם ממקום טקטי. ואתם מחפשים רוב יהודי במדינה? רוב יהודי בהחלטות? שואבים את הלגיטימציה מהמקום הלאומי במקום מהמקום האזרחי של כל האזרחים? זאת גם גזענות וגם פגיעה טקטית ואסטרטגית במסע הבחירות שלכם. כמה גנרלים צריך בשביל להחליף ראש ממשלה? האמת שצריך אנשים דמוקרטים – ערבים ויהודים – בשביל לנצח את הגזען ואת המושחת בנימין נתניהו. אנחנו, האוכלוסייה הערבית, נתרום את חלקנו. תודה.",1
324466,"כבוד היושב-ראש, עמיתיי חברי הכנסת, בימים האחרונים של הבחירות פנה אלינו אבי דיכטר ואמר: אצחוה, יא ערב ישראל. רציתי להעביר כמה הערות לראש השב""כ לשעבר, אבי דיכטר. אחד, אנחנו לא ""ערב ישראל"". אתה יודע, לא אומרים ""יהודי ישראל"". יש היהודים בישראל, לא יהודי ישראל. רק אצלנו יש את ערביי ישראל. אנחנו הערבים הפלסטינים אזרחי מדינת ישראל. זו ההגדרה שלנו. לגבי אצחוה, כלומר ""תתעוררו"" – אנחנו התעוררנו. (אומר בערבית: אנחנו ערים לגמרי.) בזכותנו, בזכות שני המנדטים שלנו, אין לנתניהו ממשלת ימין צרה. אך ורק בזכות שני המנדטים שלנו. אמרו שהגישה שלו היא אוריינטליסטית. אני חושב שזה גדול עליו. הגישה שלו מזכירה לאוכלוסייה הערבית את תקופת הממשל הצבאי, את המושל הצבאי, שפנה ליישובים הערביים ודיבר בערבית בסגנון כל כך גרוע ומתנשא, כמו הסגנון של דיכטר, ראש השב""כ לשעבר. אנחנו עשינו בדיוק ההפך – הגענו בכמויות והצבענו אך ורק לרשימה המשותפת. נמשיך להתעורר ועוד נחזיר לו. במידה שילכו, בפעם הבאה נביא 17 מנדטים. תודה.",1
324497,"כבוד היושב-ראש, עמיתיי חברי וחברות הכנסת, בהקשר של הקורונה, אני רוצה לקרוא שיר של מחמוד דרוויש. שם השיר – ""תסריט מוכן"": ""נניח עכשיו שנפלנו, / אני והאויב, / נפלנו מן האוויר לתוך בור, / מה יקרה אז? // תסריט מוכן: / תחילה נחכה למזל / אפשר שימצאונו כאן המחלצים / וישלשלו אלינו את חבל החילוץ / אז הוא יאמר: קודם אני / ואני אומר: קודם אני / הוא יקללני, / ואני אקלל אותו / לשווא, / הן טרם הגיע החבל. // אומר התסריט: / אלחש בסוד: / זה מה שנקרא אנוכיות האופטימיסט / לא לתהות מה יאמר אויבי / אני והוא שותפים למלכודת אחת / ושותפים למשחק האפשרויות / ממתינים לחבל, חבל ההצלה / כדי ללכת, איש בדרכו, / בקצה הבור, התהום / אל מה שנותר לנו מהחיים / ומהמלחמה / אם נוכל להינצל! // אני והוא / מפוחדים יחד / ולא מדברים בשום אופן על הפחד או על דברים אחרים / הרי אנחנו אויבים // מה יקרה לוּ נחש / הביט בנו כאן, / מתוך סצנות התסריט הזה / ולִחשש לבלוע את שני הפחדנים יחד / אני והוא? // התסריט אומר: / אני והוא // נהיה שותפים ברצח נחש / כדי להינצל יחד / או לחוד // אבל לא נאמר דברי תודה או ברכה / על מה שעשינו יחד / כי האינסטינקט, לא אנחנו, / הגן על עצמו לבדו / ולאינסטינקט אין אידיאולוגיה // לא שוחחנו, / נזכרתי בחוכמת הדו-שיח / באבסורד המשותף / כשאמר לי לפני כן: / כל מה שהפך לשלי, שלי / ומה ששלך / שלי / ושלך! // ועם הזמן, והזמן חול וקצף סבון / שברו את השתיקה השעמום ומה שבינינו. / אמר לי: מה עושים? / אמרתי: לא כלום, נמצה את האפשרויות. / אמר: מאין תבוא התקווה? / אמרתי: תבוא מן האוויר. / אמר: לא שכחת שטמנתי אותך / בבור כזה? / ואמרתי לו: כמעט שכחתי, כי מחר ערמומי / משך אותי בידי והלך לו מותש. / אמר לי: האם תישא ותיתן עימי עכשיו? / אמרתי: על מה תישא ותיתן עימי עכשיו? / בתוך בור הקבר הזה? / אמר: על חלקי ועל חלקך / בשווא שלנו ובקברנו המשותף. / אמרתי: מה התועלת? / ברח מאיתנו הזמן / והגורל יצא מהכלל / הינה רוצח וקורבן שוכבים בבור אחד. / ומשורר אחד צריך להמשיך את התסריט / עד וגו'. //""

כבוד היושב-ראש, זה שיר של מחמוד דרוויש, שמדבר איך הרופאים הערבים והיהודים יחדיו מול הקורונה, אבל פה יש שרת תרבות – –

– – שלא יודעת מי זה צ'כוב. מחמוד דרוויש – – –

את כולך שרה בורה, אדם בור, לא מבינה כלום.

בושה לתרבות שאת שרת התרבות. בושה וחרפה.

הרופאים הערבים והרופאים היהודים ימשיכו יחדיו להציל אנשים – –

– – ואנחנו נעשה את הכול בשביל להציל את החברה מכם.

בשביל להציל את החברה מכם ומראש הממשלה שלך, הגזען והמושחת. תודה.

– – – בגללנו את לא שרה. רק בגללנו.

בגללנו היא לא שרה. רק בגללנו את לא שרה.",1
324521,"כבוד היושב-ראש, עמיתיי חברי הכנסת, בצל הקורונה אני חושב על השכבות המוחלשות, האנשים שלא יכולים להעביר חודש אחד ללא משכורת או ללא זרימת כסף לעצמאים. בחודשים האחרונים נאבקנו נגד האלימות והפשיעה בקרב האזרחים הערבים. בין היתר נאבקנו נגד השוק האפור שפרח בעשור האחרון. אני חושב על הקשר בין אי-זרימת כסף והיעדר משכורת חודשית, אפילו אחת, לבין השוק האפור, שעלול להתחזק כבר בחודש הבא. אתמול הגענו לסיכומים מאוד חשובים – שהרשימה המשותפת תעמוד בראש ועדת העבודה והרווחה ובראש ועדת משנה בכספים וועדת משנה בקורונה, וגם בראש הוועדה למאבק באלימות ובפשיעה. כששוזרים את כל הדברים הללו אנחנו בכיוון הנכון, אך אנחנו צריכים גם את הכנסת כולה, את הרשויות כולן, להירתם למען עזרה אמיתית לטובת השכבות המוחלשות כבר מהימים הבאים. תודה רבה.",1
324557,"כבוד היושב-ראש, עמיתיי חברי הכנסת – – –

כבוד היושב-ראש, עמיתיי חברי הכנסת וחברות הכנסת, אני מאוד גאה בציבור שלנו, מאוד גאה; מאוד גאה ברשימה המשותפת – הרשימה הכי עקבית נגד בנימין נתניהו והדרך של בנימין נתניהו. בגלל שהיינו כל כך ברורים, אנחנו היחידים באופוזיציה שהגדלנו את כוחנו. בתקופת ההמלצה על בני גנץ ישבנו ברשימה המשותפת ואמרנו: האמת, יש סיכוי של 70% שהוא יצטרף לממשלת אחדות לאומית, ובכל זאת, בשביל ה-30% שדרכם אפשר להחליף את בנימין נתניהו אמרנו: בכל זאת אנחנו, ה-15, נמליץ על בני גנץ. כמו שאמרתי לפני הנשיא, זה לא היה ממש מאהבת מרדכי אלא בעיקר משנאת המן. רצינו להחליף את הבן אדם ולהחליף את הדרך. דרכנו יותר ארוכה ומטרתנו יותר גדולה מבנימין נתניהו או מבני גנץ. המטרה שלנו – להוביל לשלום שייטיב עם שני העמים; להוביל לצדק חברתי שייטיב עם המוחלשים, שיוביל לשוויון ולדמוקרטיה אמיתית. האמת היא שכחול לבן תמיד היו מין ימין ב' כזה. ועכשיו זחלו לעבר הנאשם מבלפור. אבל למה אני אומר ימין ב'? כי הבעיה העיקרית בבנימין נתניהו זה לא שהוא נאשם בעבירות פליליות, אלא בפשעים פוליטיים וחברתיים שהוא קידם. לכן אנחנו, הרשימה המשותפת, לא רק בהיותנו הסיעה הגדולה ביותר באופוזיציה אלא בעיקר ממקום ערכי, אנחנו נהיה חוד החנית בפני נתניהו, בפני בני גנץ, בפני הממשלה הזאת. כמה מילים בערבית, ברשותך, כבוד היושב-ראש. (אומר דברים בשפה הערבית, להלן תרגומם: בני עמנו, עליכם להתגאות ולזקוף את ראשיכם גם בהצלחה הגדולה הזאת שנחלנו. 15 מושבים – 15 קולות מסורים, נקיים, נגד הכיבוש ולמען השלום, נגד הגזענות ולמען השוויון, נגד ההשתלחות בשכבות החלשות ולמען הצדק החברתי. אמרנו יותר מפעם אחת שאיננו יכולים לתת את הצוואר של עמנו לאיזו מפלגה שלא תהיה. אנו יכולים לסמוך רק על עצמנו. אנחנו הרשימה הגדולה ביותר באופוזיציה, ונפעל באופן מהותי, כאופוזיציה מהותית. נייצג אתכם בכל ההיבטים של החיים בכבוד ובנחישות. כמה שהמצב נראה רע, הרי עברנו כאלה וגרועים מהם ושמרנו על השתייכותנו, שיעור קומתנו וההצלחות שלנו. נעבור גם את הקבוצה הזאת, נשמור על עצמנו ונתקדם יחדיו. תהיו בריאים.) תודה.",1
324581,"כבוד בני גנץ, יושב-ראש הכנסת של בנימין נתניהו, דרכנו יותר ארוכה ומטרתנו יותר גדולה מבנימין נתניהו ומבנימין גנץ. אנחנו עוד דבקים במטרות שלנו, בערכים – להביא את השלום, את הדמוקרטיה, את השוויון ואת הצדק החברתי לכל האזרחים במדינה. היום הוא 30 במרץ, (אומר בערבית: 30 במרץ, יום האדמה) יום האדמה. ביום זה אני רוצה להזכיר את שמות החללים בני העם שלנו שנאבקו ביום האדמה לא רק נגד הפקעת האדמות, אלא נגד הגזענות הממסדית כולה: חמד ח'יר יאסין, רג'ה אבו ריא, ח'אדר ח'לאילה, ח'דיג'ה שואהנה, מוחסן טאהא וראפת אלזוהירי. אני אדבר 20 שניות בערבית: (אומר דברים בשפה הערבית, להלן תרגומם: אני קורא לציבור שלנו להצטרף להפגנה הדיגיטלית שעליה הכריזה ועדת המעקב. ""במולדתי שלי לא הושפלתי / ואת כתפיי אף לא כיווצתי / אל מול העושקים אותי עמדתי / יתום, עירום, יחף ניצבתי / על כף ידי את דמי נשאתי / ואת דגליי לא הורדתי."" יחי יום האדמה הנצחי.) תודה.",1
324679,"כבוד היושב-ראש, חבריי חברי הכנסת וחברות הכנסת, מה שצריך לעמוד בפנינו זה מיליון המובטלים והשכבות המוחלשות. לראש הממשלה יש תפיסה אחרת לגמרי: הוא רואה את הטייקונים, החברים שלו, והוא מאמין בתיאוריה של להעביר את הכסף אליהם, והכסף יטפטף למטה עד לקבוצות המוחלשות. אל תאמינו לו. אל תאמינו לו. הוא הבטיח 500 מיליון שקלים לילדים לפני הפסח, לערבים וללא-לערבים. הוא הבטיח 500 מיליון שקלים לילדים לפני הפסח, לפני הפסחא, לפני הרמדאן, והוא שיקר. הוא הבטיח 6,000 שקלים לעסקים הקטנים, אז פתאום ראינו את הקריטריונים, שאף אחד לא יכול לעמוד בהם. הוא משקר, ו-90 מיליארד שקלים הוא לא יעביר לשכבות המוחלשות. היום בבוקר השתתפתי בשתי ישיבות של ועדות הכנסת, אחת בראשות עאידה תומא סלימאן והשנייה בראשות מנסור עבאס. הרי הרשימה המשותפת היא גדולה, 15 מנדטים, ועומדת בראש הרבה ועדות חשובות. מי שהשתתף בישיבות הללו זה או נשים או נציגים של קבוצות מוחלשות, כי הוויה מייצרת תודעה. איפה קברניטי המדינה? נעלמים, כי השכבות המוחלשות לא מעניינות אותם, פשוט מאוד. לפני שעה קלה גנץ הסכים יחד עם נתניהו לגבי סיפוח חד-צדדי – עוד הבטחה של בחירות שהוא לא מממש אותה. לא אשב עם המשותפת – ישב איתנו ודיבר איתנו, לא אשב תחת נתניהו – הוא יושב, ועכשיו זו עוד הבטחה שלישית שהוא מפר. אז על מי נסמוך? על אף אחד מהם. אז מה צריך לעשות? צריך לעשות רק דבר אחד ויחיד, רק דבר אחד ויחיד: לאחד בין נציגי המוחלשים; להתחיל לתכנן מאבק ציבורי ערבי-יהודי של המוחלשים במדינה. אני קורא לציבור ואני אומר לו: הם ישקרו לכם בפנים. לא תקבלו כסף, הכסף לא יגיע אליכם. הכסף יגיע רק לחברים שלהם, הטייקונים. הוא לא יגיע לאנשים הפשוטים. איך אפשר לממש את הצדק? רק במאבקים ברחוב. ממש היישר אחרי סיום תקופת החירום – לצאת לרחובות, קבוצות של מוחלשים, יהודים וערבים יחדיו, להיאבק בעד הזכויות שלנו-שלכם. תודה.",1
324796,"כבוד היושב-ראש, חבריי חברי הכנסת, אני רוצה להזהיר מפני שתי סכנות אסטרטגיות שמוביל ראש הממשלה בנימין נתניהו. לפני כעשרה ימים פורסם בעיתון הארץ שראש הממשלה נתניהו אומר שבמדינת ישראל אין דמוקרטיה, יש deep state – מדינה עמוקה. ראש ממשלה שמכהן בתפקידו יותר מכל ראש ממשלה אחר אומר שבמדינת ישראל אין דמוקרטיה.

אני חושב שזו אמירה חשובה. אבל מה הוא מחפש? הוא מחפש איך לחסל את ה-deep state, שה- deep stateמפריעה לדמוקרטיה. אני למדתי על הנושא הזה רק מבית מדרשו של הדוצ'ה בניטו מוסוליני, שאמר שצריך לחסל את המוסדות וצריך רק את רצון העם בדרך דמוקרטיה עממית, הכי ישירה, באין מפריע. הסכנה השנייה זה הסיפוח. בנובמבר יש בחירות בארצות הברית. טראמפ זקוק לאוונגליסטים, וזקוק, בין היתר, לימין הקיצוני במדינת ישראל, והוא אכן יתמוך בסיפוח בפועל של חלקים מהשטחים הכבושים בגדה המערבית. נתניהו כבר אמר מעל במה זו שלעד נחיה על חרב. מי שרוצה לספח ולהפנות עורף לזכויות הלאומיות של העם הערבי הפלסטיני אומר בעצם שנחיה לעד על חרב. כל בן אדם שוחר שלום, דמוקרטיה, צריך להתקומם ולצאת נגד, ובוודאי, חבר הכנסת איציק שמולי, לא להצטרף לממשלה כזו אלא להתנגד לה. תודה רבה.",1
324900,"כבוד היושב-ראש, עמיתיי חברי הכנסת וחברות הכנסת, יש שתי עובדות: העובדה הראשונה היא שרוב הציבור בחר שבנימין נתניהו לא יהיה ראש הממשלה – אם זה כל המשותפת, ואם זה העבודה-גשר-מרצ לשעבר, אם זה כחול לבן המורחבת, שיצאה עם הסיסמה ""רק לא ביבי"", ואנשים הצביעו בעדה בגלל שהיא אמורה להיות החלופה של בנימין נתניהו, ואם זה ישראל ביתנו, שהם בעצם ימין, אבל יש להם עמדה ברורה נגד בנימין נתניהו. יש רוב בקרב הציבור, אפילו אם הוא רוב דחוק, שאמר לא לבנימין נתניהו, כלומר בנימין נתניהו נמצא על כיסא ראש הממשלה למרות שרוב הציבור במדינה כבר אמר את עמדתו בצורה הברורה ביותר. והבחירות האחרונות היו די ברורות. המרכיב האישי והמרכיב האידיאולוגי של ראש הממשלה עמדו במקום מאוד חשוב בבחירות האחרונות. למרות זאת, יש רוב, אומנם דחוק, בקרב הציבור שאמר: לא לבנימין נתניהו. העובדה השנייה היא עצם העובדה שהרשימה המשותפת עלתה בשני מנדטים. נתניהו לא הצליח להרכיב ממשלת ימין צרה, ממשלה הומוגנית, ממשלה שמסכימה על הכול, ובין היתר לחסל את המרחב הדמוקרטי. אז היו בעיות במשך חודש וחצי, הורכבה ממשלה, והבעיות יישארו על כנן רק בגלל התחזקות הרשימה המשותפת. אני מניח שיהיו בחירות חדשות לפני שתסתיים שנה וחצי, גם בגלל שראש הממשלה לא רוצה להעביר את ראשות הממשלה לבן אדם אחר. אז עוד כמה חודשים, עוד שנה, שנה וחודשיים, יהיו בחירות אך ורק בגלל העלייה בשני מנדטים של הרשימה המשותפת – הדבר שמנע מבנימין נתניהו להרכיב ממשלת ימין צרה. אני מבין מהדבר הזה – והציבור שלנו צריך להבין: רק כוח, אחדות. נכפה את עצמנו. אף אחד לא ייתן לנו את המעמד שלנו. אנחנו ניקח אותו בעצמנו. אני שומע בתקופה האחרונה נימה שונה מקברניטי המדינה. גם ממנהיגים באופוזיציה – שמעתי את יאיר לפיד בשבועיים האחרונים. הוא מרבה לדבר על יהודים וערבים, ערבים ויהודים, כי הוא מבין שאי-אפשר להחליף את בנימין נתניהו בלי משקלה של האוכלוסייה הערבית. זה – כתוצאה מהכוח המתחזק שלנו. עכשיו אני גם שומע שמדברים על שר ערבי. שר ערבי זה חלק מתפיסה חדשה אצל נתניהו: במקום לתקוף את הציבור עצמו, אנחנו ננסה לקדם שלום כלכלי-אזרחי עם הציבור כולו ולתקוף את הקיצוניים מהרשימה המשותפת. כלומר במקום ""ערבים נוהרים"", ""ערבים רוצים להשמיד אותנו"", לתקוף את קבוצת בני סח'נין, לתקוף את העיר קלנסווה – לא, צריך לנסות לעשות מין שלום כלכלי, תוכנית כלכלית כזאת או אחרת, לדבר בצורה כביכול פייסנית: אתם אזרחים, מגיעות לכם זכויות של אינדיבידואלים – בוודאי לא זכויות קולקטיביות, כי אנחנו לא רואים בכם קבוצה לאומית, וזאת מדינה יהודית. לא מגיע לכם יותר מזכויות אינדיבידואליות. אבל הבעיה היא הקיצוניים של הרשימה המשותפת. לכן, גם שר ערבי הוא חלק מהתפיסה הזאת של לא לתקוף את הציבור עצמו אלא לנסות לחבק זרמים וקבוצות פה ושם. אבל תמיד לתקוף את ההנהגה הפוליטית. גם זה חלק מהתחזקות הציבור הערבי. כולם מנסים או להתיישר או להחליף דרך כתוצאה מההתחזקות הזאת. אנחנו, האזרחים הערבים והיהודים הדמוקרטים, צריכים להבין מזה שאנחנו צריכים להמשיך להתחזק, להמשיך להיות מאוחדים, לשמר את הרשימה המשותפת, שהיא היחידה שנשארה מאוחדת ואיתנה מול ראש הממשלה בנימין נתניהו. זה לא כחול לבן שהתפרקה, זה לא העבודה-גשר-מרצ שהתפרקו – זאת הרשימה היחידה שנשארה מאוחדת, איתנה ועומדת מולו. אנחנו צריכים להמשיך באותה דרך ולחזק אותה. כך כולם יתיישרו. תודה רבה.",1
324950,"כבוד היושב-ראש, חברי וחברות הכנסת, אני רוצה לנצל את הבמה הזאת כדי להציג בפניכם אסטרטגיית יציאה בעשרה שלבים: שלב ראשון – למנות 36 שרים ו-16 סגני שרים; שלב שני – לספח את השטחים ולהחיל אפרטהייד בין נהר הירדן לים; שלב שלישי – לשנות חוקי-יסוד כאילו הם רק המלצות; שלב רביעי – לחוקק חוק צרפתי; שלב חמישי – לחוקק חוק נורבגי; שלב שישי – לבקש ממנו לדלג; שלב שביעי – לשתק את הכנסת; שלב שמיני – לשלוט במינוי המפכ""ל; שלב תשיעי – לשלוט בוועדה למינוי שופטים; שלב עשירי – לבנות עוד מעון ראש ממשלה. יכול להיות שאתם שואלים את עצמכם: איך זה עוזר ל-15,000 חולים מאומתים? איך אין אף סעיף שמקל על דאגותיהם של יותר ממיליון וחצי מובטלים? הרי יש אין-ספור בבית, מנצרת ועד אילת, מבאר שבע או בני ברק ועד דיר אל-אסד, שנושאים אלינו עיניים כדי שניתן להם ביטחון בזמנים של חוסר ודאות, להקל על הלחץ הפסיכולוגי של אבטלה ועל החרדה של חוסר מעש. יש אנשים שעבדו קשה כל החיים, שנמצאים בחוסר ודאות מוחלט בדבר הפעם הבאה שיוכלו לפרנס את הילדים שלהם. יש נשים שכלואות בבתיהן עם גברים אלימים. יש את בני גיל הזהב שיושבים בבית, בודדים במקרה הטוב או סגורים בבית אבות נגוע בקורונה במקרה הרע. אז אתם צודקים, התוכנית הזאת – ההסכם הקואליציוני – היא לא אסטרטגיית יציאה ממשבר הקורונה, היא אסטרטגיית יציאה ממשפט פלילי. הציבור לא ישכח את השמות של מי שהפר אמונים כדי להציל אדם שמואשם בשוחד.

(אומר בערבית: אלו שהתביישו מתו.)",1
325013,"כבוד היושב-ראש, עמיתיי חברי וחברות הכנסת, בעוד יומיים נציין יום שבו הקולקטיבי מתערבב באישי ויוצר סערת נפש של זעם מהול בכאב של הקורבנות שלא רצינו שירימו עליהם את המאכלת. עצמאות, אדמה ומולדת נגזלו מעם ילידי בארצו וחולקו כשלל. הנכבה היא לא רק שרידי כפרים המתחבאים בין גבעות הגליל או ההרוגים התמימים והקדושים של דיר יאסין, אל-טנטורה ועיילבון; הנכבה היא לא רק שיירת הפליטים הטריים צועדים אל עבר הלא-נודע תחת איומי נשק. הנכבה היא גם פועל – פועל פלסטיני שחוזר לביתו – – –

הנכבה היא גם פועל פלסטיני שחוזר לביתו אחרי המלחמה ומוצא בה משפחה צעירה שאינו מכיר; סוחר בשוק שנשאל ""מן ווינכ"" במבטא גס, בלי לדעת שהתשובה על השאלה היא געגוע לכפר שאיננו. נכבה היא מפתח אכול חלודה הממתין לשובם של דיירים ומאז תלוי מצווארה של אישה, שכמו המפתח – ממתינה. הנכבה היא גם חוק הלאום ותוכנית המאה, והנכבה ממשיכה בכל פעם ששוטר מרביץ לנער ביפו או אדיש לרצח ביפיע. היא ממשיכה כאשר בונים יישוב יהודי על הריסותיה של אום אל-חיראן וכאשר ראש ממשלה עבריין מסית נגד ציבור ומנהיגיו הנבחרים. הנכבה היא חוק קמיניץ ומתווה פרוור. הנכבה היא צנזורה של מחמוד דרוויש. בזמן שרבים יציינו שמחה גדולה, אנחנו נציין אסון. שמחה וזעם – כמו שני קווים מקבילים שנגזר עליהם לא להיפגש לעולם. אבל כל עוד לא תיפגשו, כל עוד תסרבו להבין שהזכות להגדרה עצמית היא לא משחק סכום אפס, לא יהיה שלום, שוויון ודמוקרטיה בלי להכיר בנכבה ולתקן את העוול ההיסטורי. יש דרך אחרת, דרך של תקווה ואומץ, שבסופה שוויון אזרחי ולאומי מלא לכולם, שוויון לכל האוכלוסיות המוחלשות ושלום צודק בין שני העמים, בין שתי מדינות עצמאיות ודמוקרטיות. עוד נביא את היום שבו יכירו בנכבה ויתקנו את העוול ההיסטורי. תודה רבה.",1
325054,"25% מהתלמידים הם תלמידים ערבים.

אם אתה מדבר על היערכות לאומית של עם ישראל, אולי יש עוד אזרחים. אולי תרחיב קצת ותדבר על כל האזרחים, ולא רק על קבוצה יהודית אחת.

השאלה היא מה עם המגזר הערבי, ערבים. ערבים – – –

כבוד שר החינוך רפי פרץ, דיברנו הרבה בשבח הצוותים הרפואיים וגם אנשי הדת שהתנהגו באחריות, אבל לא מספיק דיברנו בזכות המורים. מגיעה להם כל ההערכה. הם עבדו יותר קשה מבכל תקופה אחרת.

מגיע להם בשמנו, מכולנו, הרבה הערכה, למורים ולמורות.

זה מתוקף תפקידך לשעבר. כבוד השר, המצב בקרב האוכלוסייה הערבית לא ממש כמו בקרב החברה הכללית. הקורונה הגיעה אלינו באיחור של כשבועיים-שלושה לעומת החברה הכללית. אנחנו גם נמצאים בחודש הרמדאן, וצריך להתייחס לפתיחת הלימודים מחדש באופן דיפרנציאלי, באופן יחסי, גם באופן כולל וגם לפי היישובים. אבל יותר חשוב מכל מה שאמרתי – ואני מבקש ממך: יש לנו הנהגה אחראית, והיא הוכיחה את עצמה במשך החודשיים האחרונים. אני מדבר על ראשי הרשויות המקומיות הערביות. אנא ממך, צור קשר איתם, ממש לפנות אחד-אחד ולשאול אותו לגבי היישוב שלו ולתאם איתו מתי לפתוח. יש סיכוי שכולם יגידו: לא עכשיו כלל וכלל, ויש סיכוי שאחרים יגידו שפה כן אבל שם לא. זו הנהגה שאפשר להישען עליה, ממש אחראית. לכן, אנא ממך, תאם איתם. תודה רבה שאתה מסכים בכיוון הכללי. מקווה שזה יצא לפועל כבר היום. תודה רבה לך.",1
325075,"איציק, אני אגיד לך מה הבעיה – – –

אז העסקים הערביים לא חלק מזה.

כבוד סגן שר האוצר יצחק כהן מקשיב לי?

תודה רבה. כבודו, אני רואה שהתוכנית הזאת ראויה לשם ""גבינה שווייצרית"", כלומר יש יותר חורים מגבינה. אני נותן לך כמה דוגמאות. אני רוצה לזעוק פה את זעקתם של אנשי התרבות, בין היתר הזמרים, אולמי חתונות או כל קבוצה שנפגעה בגלל שלא עבדה בתקופת החורף. אז לפי התוכנית שלך לא מגיעים להם פיצויים. למשל טכנאי מזגנים; למשל אנשי תיירות שלא עבדו בחורף אבל עובדים בקיץ; למשל אנשים שפתחו עסק לפני פחות משישה חודשים – לפי התוכנית שלך לא מגיע להם כלום, למרות שיש סיכוי שהשקיעו מאות אלפים ואפילו מיליונים.

אני מציע לך, כבוד סגן השר, לפגוש את חברי הרשימה המשותפת בתוך יום-יומיים כדי שנציג לפניך את כל הדברים הללו – –

– – בשביל להתקדם בדרך מקיפה.",1
325102,"כבוד היושב-ראש, עמיתיי חברי וחברות הכנסת, אנחנו ערב אחד במאי, יום הסולידריות הבין-לאומי של העובדים והעובדות. ואני היום קורא את כותרות העיתונים: מיליון ו-200,000 מובטלים במדינת ישראל – שיא של כל הזמנים; היום מתקיימת מחאה של רופאים מתמחים; היום מתקיימת מחאה של מורות ומורים, מחאת האלונקות, בתגובה על ההסתה המגונה נגד 200,000 מורות שעובדות בהוראה והדרישה המחוצפת שיעבדו חינם בקיץ, ללא שכר; עוד היום – מחאה של ארגוני העצמאים על המענקים החד-פעמיים העלובים. עובדים מובטלים, מורות, עצמאים, סוחרים, רופאים. חברי הכנסת, זה מזכיר לי את המחאה החברתית לפני עשר שנים – היה גם יוקר מחיה, שביתה של הרופאים, של העובדות הסוציאליות ומחאה נגד יוקר המחיה. אבל ההפגנה, המחאה ההיא, הייתה די של מעמד הביניים הישראלי והייתה די חד-לאומית, למרות שאני השתתפתי וכמה ערבים השתתפו, אבל הייתה די חד-לאומית. אני רוצה לפנות לאזרחי המדינה ולומר להם: כל מה שאנחנו עושים פה בכנסת, זה עשוי לעזור לכם בעוד 20%. כל פגישה עם שר יכולה להיטיב בעוד 5%, אבל לא יותר מזה. הדרך היחידה לעשות שינוי אמיתי, עמוק, זה מאבק ברחובות – כן, כן, זה מאבק ברחובות. אין דבר שמפחיד את הממשלה המתגבשת יותר מיציאה המונית לרחובות. זה – 1. 2. שתהיה הפגנה של ערבים ויהודים יחד. לא ניתן להם להפריד ולשסות מוחלשים במוחלשים, אלא להיות ביחד. אני פונה לאזרחי המדינה ואומר להם: מחר, 1 במאי, יש הפגנה בחיפה, בתל אביב ובנצרת. תצטרפו להפגנות הללו על מנת שיהיו הפתיח של הפגנות – –

– – של המונים, עד שנשיג את מה שמגיע לאזרחי המדינה – –

– – בשוויון, גם כלכלי, גם מעמדי. יחי 1 במאי. תודה.",1
325158,"כבוד היושב-ראש, עמיתיי חברי הכנסת, לפי הקריטריונים של הסיוע לכל מיני נזקקים בעקבות הקורונה – כתוב שם שהעובדים מעל גיל 20 שיצאו לחל""ת מקבלים סיוע. מה ההבדל בין עובד בן 20 או 19 או 18? ההבדל היחיד הוא שיש קבוצה שמשרתת בצבא ויש קבוצה אחרת שלא משרתת. אבל היא עובדת – גם אזרחים, גם עובדים, גם תורמים את חלקם בתשלום מיסים. לכן אני פונה לשר הרווחה לתקן את הקריטריון הזה, אחרת אנחנו פונים לבג""ץ.

דרך אגב, חבריי עאידה תומא ויוסף ג'בארין טיפלו בזה גם בוועדות. אני מעלה את זעקתם של העובדים הללו.

אנחנו ניאבק למענם וגם נצליח. תודה.",1
325208,"כבוד היושב-ראש, עמיתיי חברי וחברות הכנסת, אני רוצה לפנות לשכבות המוחלשות, ליהודים ולערבים, לאנשים בכפרים הבלתי-מוכרים בנגב, לאנשים בעיירות הפיתוח, לקשישים; לפנות למשפחות חד-הוריות, לפנות לאנשים שלא מקבלים דירה בירושה, לפנות למיליון מובטלים בעקבות נגיף הקורונה, ולהגיד להם: אל תאמינו לראש הממשלה. אני יודע שחלק גדול מכם הצביע עבור מפלגות הימין – הרבה מהשכבות המוחלשות – או לליכוד או לש""ס או לכל מיני מפלגות וקבוצות שמייצגות את הימין. אבל אני רוצה להביט בפניכם ולהגיד לכם את האמת: אל תאמינו לראש מממשלה כשהוא אומר שהוא רוצה להעביר את הכסף בעיקר לטייקונים, והכסף משם מטפטף למטה; זה אף פעם לא יטפטף למטה. אתם אמורים לקבל את הזכויות שלכם באופן ישיר. באופן ישיר. וזו התוכנית שלנו, התוכנית של מק""י וחד""ש, שחוברה על ידי נועה לוי וד""ר שרף חסאן בהנחיית מזכ""ל המפלגה עאדל עאמר. התוכנית הזו היא תוכנית חברתית להתמודדות עם הקורונה בישראל. אני ניגש ישירות אל הסעיפים. המסמך נכתב בלשון זכר מטעמי נוחות בלבד אך פונה לכול, ללא הבדל מגדר: בריאות: זה לא סוד שמערכת הבריאות בישראל קורסת. מספר המיטות בבתי חולים לנפש הוא מהנמוכים במדינות המפותחות. בתי חולים ומוסדות רפואיים נמצאים בעומס יתר והפערים בשירותי הבריאות בחברה הם עצומים. נוסיף לזה את ההוצאות הפרטיות על הבריאות, שהולכות וגדלות עם הזמן. מציאות זו מחייבת גיבוש תוכנית אסטרטגית לפיתוח והרחבה משמעותיים של שירותי הבריאות, הנגשתם לכלל האזרחים וסגירת הפערים, כמו גם שיפור תנאי העבודה של העובדים בתחום הבריאותי: רופאים, אחים, מקצועות פארה-רפואיים, עובדי ניקיון במרפאות ובתי חולים ועוד. תוכנית זו מחייבת נקיטת הצעדים הבאים: 1. הגדלה משמעותית של תקציב הבריאות בישראל; 2. בניית בתי חולים חדשים, כולל הקמת בית חולים ביישוב ערבי; 3. חיזוק בתי החולים הקיימים; 4. הרחבת שירותי הבריאות במסגרת חוק בריאות ממלכתי; הבטחת שירותי בריאות שוויוניים ונגישים לכלל האוכלוסייה ולבטל את ההיררכיה ברמת השירות בין האזרחים, שהתבססה על צמיחת מערכת הבריאות הפרטית וכן ביטוחי הבריאות הפרטיים; חיזוק שירותי הבריאות ביישובי הפריפריה והרחבתם; חיזוק שירותי הבריאות בחברה הערבית והרחבתם, לרבות ביישובים בלתי מוכרים בנגב; ביטול ההשתתפות העצמית של המטופלים בקבלת שירותי בריאות; הגדלה משמעותית של תקציב שר הבריאות והורדת מחירים; הגדלה משמעותית של תקנים המיועדים לקליטת רופאים ומתמחים בתחומי בריאות שונים; הרחבת התקציבים למחקרים בתחום הרפואה; פיתוח תרופות וחיסונים ובריאות הציבור; חיזוק הרפואה בקהילה; הרחבת השירותים הפסיכולוגיים; תוכנית חינוכית בבתי ספר להגברת המודעות בתחום הבריאות; הרחבת מספר הסטודנטים לרפואה ולמקצועות שונים בתחום הבריאות במוסדות אקדמיים בישראל, לרבות רפואת שיניים; קרן מלגות לסטודנטים לרפואה ולמתמחים שלומדים בחו""ל אשר מתחייבים לחזור ולעבוד במדינה; ייצוג הולם של האוכלוסייה הערבית במשרד הבריאות בדרגים השונים; כיבוד השפה הערבית בכל שירותי הבריאות במדינה. הסעיף השני הוא סעיף של עבודה ואבטלה. למשך תקופת המגפה כל התושבים, בין אם היו מועסקים לפני המשבר באופן רציף ובין אם לא, זכאים להכנסה בסיסית שתאפשר להם לעבור בשלום את הימים הקשים. על כן, ראשית התוכנית היא בהבטחת הכנסת-יסוד לכל תושב בישראל בגובה 80% משכר המינימום. כלומר, 4,250 ש""ח לאדם. הכנסת יסוד תינתן למי שאין לו הכנסה אחרת בתקופה זו, או שהכנסתו אינה מגיעה לגובה של 80% משכר המינימום. שעות עבודה של עובדים שיש להם ילדים בגילאי חוק לימוד חובה יצומצמו ל-25 שעות במשרה מלאה, ללא פגיעה בשכר, לכל התקופה שבה בתי הספר והגנים סגורים. דמי אבטלה לעובדים שהופרשו בשל מגפת הקורונה ייקבעו ל-100% משכר העובד בממוצע חודשי העבודה הקודמים. דמי האבטלה ישולמו גם לעובדים צעירים, לרבות אלה שלא מלאו להם 20 שנים, או לעובדים מעל גיל הפרישה, ללא כל הבדל – והם לא ינגסו בזכות העובד לדמי אבטלה בעתיד. עצמאים שאינם מעסיקים ייחשבו לעובדים לצורך תשלום דמי אבטלה. הכנסותיהם יחולקו למספר החודשים הרלוונטיים ויחשבו כשכר עבודה. עבור עובדים שעבודתם נמשכה אך הם נאלצו להיעדר ממנה בשל הנחיות בידוד פרטניות, תקופת הבידוד תחשב כתקופת מחלה מיוחדת. תקופת המחלה המיוחדת לא תפגע בימי המחלה שנצברו לעובד במקום עבודתו, והמדינה תפצה אותו על כך. המדינה תיזום הקמה של פרויקטים ציבוריים וסביבתיים חיוניים לתקופה זו, ותעסיק בהם באופן בטוח עובדים ועובדות מקרב מחוסרי העבודה באופן הדחוף ביותר. עבודות יזומות אלה יכולות לשמש להקמת ולהשמשת חללים לאשפוז ובידוד של חולי קורונה. פיצוי לפועלים הפלסטינים שעובדים בישראל אשר עבודתם הופסקה בשל משבר הקורונה עבור תקופת האבטלה ושמירה על זכויותיהם בעבודה. הבטחת זכויות נשים עובדות, ובמיוחד נשים בהיריון. הסעיף השלישי – רווחה: כל קצבאות הקיום יעלו ב-20% באופן זמני. חיוני לאפשר לאנשים עם מוגבלויות, אימהות חד-הוריות, הורים וקשישים, להתמודד בכבוד עם התקופה הקשה. יש לפעול לחיזוק מערכי הרווחה ובריאות הנפש ברשויות באמצעות מימון נרחב. הגדרת העובדים הסוציאליים ועובדי בריאות הנפש כעובדים חיוניים במשק וביטול כל הצמצומים שנעשו בתוכניות ובמרכזי רווחה בבריאות הנפש ובשירותים החברתיים בתקופת המשבר. המדינה תיקח אחריות מלאה על הביטחון התזונתי של אזרחיה. במסגרת זו יוקצו תקציבים מיוחדים לתיאום בין הגורמים המעורבים בהעברת תרומות ותלושי מזון – גורמי רווחה, רשויות מקומיות, מפעלי ההזנה של משרד החינוך וארגוני החברה האזרחית, על מנת שאספקת המזון תגיע לכל הזקוקים לכך ללא הבדלי דת, גזע, מין ולאום, ותשליט מחירים מבוקרים על מצרכי מזון בסיסיים. איסור מוחלט על ניתוק תושבים מחשמל, מים, גז, טלפון ואינטרנט במהלך תקופת המשבר. חובות בתקופה הזו לא יצברו ריבית. פטור מארנונה לצעירים, לסטודנטים ולקשישים, לחד-הוריים, לאנשים עם מוגבלויות, למובטלים ולעסקים קטנים. יינתנו הנחות משמעותיות במחיר המים הגז והחשמל הביתיים למשפחות המובטלים, העניים, הסטודנטים והקשישים. הרחבת השירותים לנשים ולילדים שסובלים מאלימות, לרבות סיוע פסיכולוגי. מקלטים ותוכניות טיפוליות לאנשים אלימים. תמיכה בגופים אשר עוסקים במיגור האלימות וההתקפות המיניות בתוך המשפחות – והאלימות בכלל – במיוחד בקרב הציבור הערבי, ובכלל זה הוספת תקנים לעובדים הסוציאליים. תוכנית מתוקצבת להרחבת התמיכה והשירותים לאנשים עם צרכים מיוחדים. סעיף רביעי – הדיור. עצירת כל פעילות האכיפה על בנייה ללא היתר וכל פינוי של אנשים ממקום מגוריהם עד תום משבר הקורונה. הקפאת כל תשלומי המשכנתה עד תום תקופת המשבר ללא צבירת ריבית. לאחר תום המשבר, תשלומי החוב ייפרסו בהתאם ליכולת של החייב. פנייה אקטיבית מצד המדינה אל הממתינים בתור לדיור ציבורי, לשם הצעת פתרונות דיור זמניים עבור הזכאים. הקלה על שוכרי דירות, המהווים כמעט שליש ממשקי הבית בישראל. אפשרות להאריך חוזי שכירות שמועדם מסתיים כל עוד חלות הגבלות על תנועה. אפשרות להשתחרר מהסכם שכירות לפני תום תקופת ההסכם. השהיית פינוי דיירים בתקופת המשבר. הגדלת הסיוע הממשלתי בשכר דירה ופתיחת ערוץ מהיר לבקשות מימון בתקופת המשבר. דחייה של תשלום דמי השכירות לתקופת המשבר ופריסת החוב שייווצר לשוכרים על פני מספר חודשים זהה למשך הזמן שבו לא שולם שכר הדירה במקור, ללא ריבית. במידה שהדירה היא הנכס היחיד של המשכיר, יידחו 50% מדמי השכירות. בקרה מלאה על מחיר שכירות הדיור ואיסור העלאת מחירי השכירות בשנה הבאה. הסעיף החמישי – חינוך והשכלה. לכבוד שר החינוך – היית פה. איפה נמצא שר החינוך? אני מבקש לעצור את הדיון עד ששר החינוך יגיע.

לעצור את הזמן, בבקשה. תודה רבה לך.

הוא צריך להיות פה. אני מבקש, לפי החוק השר חייב להיות פה. אין שר במליאה. זה לא תקין וזה לא חוקי. לכן, אני מבקש לעצור את הזמן ולקרוא לשר החינוך להיות נוכח פה. אני רוצה שהוא ישמע אותי. חשוב לי שהוא ישמע אותי.

לא, כי מדובר על חינוך. איפה הוא? תקראו לו, בבקשה. קראתם? כבוד היושב-ראש, אני בן אדם שמחפש פשרות מטבעי, אבל אני מתעקש ששר החינוך יהיה נוכח פה. אני לא אדבר על החינוך כשהוא לא נמצא פה.

אני מכבד. אני מבקש שהוא יהיה נוכח בזמן שאני מדבר. כבוד שר החינוך – –

– – השקעת תקציבים וכוח אדם בהנגשת הלמידה מרחוק לכלל התלמידים באופן שוויוני. לכלל התלמידים, בשפה העברית ובשפה הערבית. לשם כך: 1. יש לצייד את הילדים בכלים הנדרשים ללמידה מרחוק, ובראשם מחשב לכל ילד וחיבור יציב לאינטרנט. מערכי תמיכה מקצועית במורים שנדרשים להתמודד עם סיטואציות חדשות. תמיכה פסיכולוגית לילדים, הורים ומורים. תוכניות מאומצות להשלמת חומרים לאחר החזרה לשגרה לשם תיקון הפערים שנוצרו בלמידה מרחוק. פתיחת אולפני הקלטה מקצועיים בצפון ובדרום הארץ, גם בשפה הערבית. פיתוח תכנים דיגיטליים בשפה הערבית לסגירת הפער הקיים בתכנים החינוכיים. 3. יש לתת מענה מיידי לצרכים של תלמידים במערכת החינוך, שלהם צרכים נוספים: בחינוך המיוחד יש להתאים את המחשבים וכל הכלים הטיפוליים שבשגרה. ילדי מהגרי עבודה או פליטים נדרשים לצרכים חינוכיים ונפשיים ייחודיים. יש להבטיח המשך מפעל ההזנה והבטחת ביטחון תזונתי לילדים ממשפחות עניות. העברת תקציבים מיוחדים לארגונים ועמותות העוסקים בחינוך בלתי פורמלי, הדרושים מאוד בתקופה זו, שבה קשה יהיה להורים לממנם. 4. תמיכה באוכלוסיות הסטודנטים באמצעות פטור מתשלום שכר לימוד. תשלום שכירות למעונות. פטור מארנונה ומלגות נוספות לסטודנטים שנקלעים לקשיים, לרבות סטודנטים שלומדים בחו""ל. קליטת סטודנטים שלומדים בחו""ל במוסדות בארץ, כך שיוכלו להמשיך את לימודיהם. נבקש להקים ועדה שתכלול גורמי חברה אזרחית ערבית לגיבוש התוכנית. 5. הנגשה אקדמית מרחוק – יש לפתוח את המאגרים האקדמיים והדיגיטליים לציבור הרחב, ובפרט לסטודנטים באוניברסיטאות ובמכללות. נדרשים תקציבים להתאמת תוכניות ההתנסויות וההכשרות המעשיות לתנאים החדשים בתקופת החירום, בהתאם להנחיות משרד הבריאות. סטודנטים שאין ברשותם מחשב יקבלו סיוע מיוחד ברכישת מחשב או ציוד אחר הדרוש ללמידה מרחוק. שירותי הרווחה לסטודנטים הכוללים מלגות מיוחדות, שירותים פסיכולוגיים ועוד, יחזרו לעבוד ויתוקצבו במיוחד, על מנת לסייע למצוקת הסטודנטים. 6. החברה הערבית – בשעה זו מתגלה המחדל שבניתוק הכפוי, המפלה והגזעני של המיעוט הערבי בישראל. מצב החירום חושף את המציאות שבה הציבור הערבי נמצא בחזית מערכת הבריאות ובמקביל מופקר כאוכלוסיית סוג ב'. שעה זו היא גם הזדמנות לתקן את האי-צדק ולענות על הצרכים הייחודיים תוך דיאלוג כן עם נציגי החברה הערבית מכל התחומים. מצב החברה הערבית קשה במיוחד בשל העוני והאפליה השיטתית על רקע לאומי, שהוביל לעשורים של תשתיות מוזנחות או נעדרות כליל. ועל כן, נעלה את הדרישות הבאות: 1. זכותם של האזרחים הערבים לקבל את כל התכנים המופקים במשרדי הממשלה בשפה ערבית תקנית; 2. הקמת תשתית חשמל, מים ואינטרנט ביישובים הבלתי-מוכרים בנגב – אין אינטרנט גם ביישובים הקבועים של האזרחים הערבים. הקמת תשתיות חשמל, מים ואינטרנט ביישובים הבלתי-מוכרים בנגב. חיזוק התשתיות בחברה ביישובים הערביים לרבות תשתיות החשמל, הטלפון והאינטרנט. על משרד התקשורת לחייב ספקי תשתיות להנגיש את השירותים, שלהם זכאי כל אזרח. חיזוק שירותי הבריאות בחברה הערבית לרבות הקמת בית חולים חדש ביישוב ערבי. גיבוש תוכנית למאבק בקורונה המותאמת לצרכים של חברה הערבית תוך דגש על חודש רמדאן. תמיכה ברשויות מקומיות ערביות באמצעות מענקי חירום להתמודדות עם משבר הקורונה והשלכותיו, וכן הבטחת סיוע לרשויות במהלך תוכנית היציאה מהמשבר והחזרה לשגרה באופן שוויוני. מה קרה בפועל? משרד הפנים העביר 2.8 מיליארד שקלים לרשויות המקומיות. האזרחים הערבים – שמהווים 20% – כמה הם קיבלו? 1.7%, פחות מ-2%. אנחנו 20%. ויותר מזה, אנחנו הקבוצה המוחלשת. כלומר, אם צריך לתת למישהו בהעדפה מתקנת, אז זה האזרחים הערבים. במקום לקבל 22%, 23%, קיבלנו 1.7%. אני מדבר פה על כל הרשויות המקומיות הערביות. מה זאת אומרת כולן? כלומר, הערביות והדרוזיות. המילה היא הפרד ומשול – כאילו הדרוזים הם לא ערבים; בפועל, הדרוזים הם יהודים בחובות אבל ערבים בזכויות. כך מתנהגים אליהם. למה? בגלל הגזענות; בגלל התפיסה של חוק הלאום שזו מדינה אך ורק של עם אחד. הפילוסופיה של המדינה – היא רק לטובת עם אחד ועל חשבון העם האחר, כל עם אחר, לרבות דרוזים, שהם חלק אינטגרלי מהחברה הערבית. אז במקום שנקבל 20% – מה שמגיע לנו – או אפילו בהעדפה מתקנת 21%, 22%, 23%, קיבלנו 1.7%. בושה וחרפה. איך לא מתביישים? איך לא מתביישים בתקופה של משבר? כולנו נאבקים יחד לנצח את נגיף הקורונה. גם בצל המשבר הזה מפלים בצורה הבוטה ביותר, הגזענית, המבישה ביותר. מה שצריך זו תמיכה ברשויות מקומיות ערביות באמצעות מענקי חירום להתמודדות עם משבר הקורונה והשלכותיו וכן, הבטחת סיוע לרשויות במהלך תוכנית היציאה מהמשבר והחזרה לשגרה באופן שוויוני. חיזוק אגפי הרווחה ברשויות הערביות כך שיוכלו לתמוך במשפחות נזקקות. ייצוג הולם לאוכלוסייה הערבית בכל הצוותים המקצועיים להתמודדות עם המשבר בגיבוש תוכנית היציאה ושאר תוכניות הסיוע. זוהי התוכנית שלנו, תוכנית ברורה. אני רוצה לפנות לשכבות המוחלשות במדינה: אזרחים ערבים, אזרחים בעיירות הפיתוח, אזרחים ערבים בכפרים הבלתי-מוכרים בנגב – –

– – משפחות חד-הוריות, קשישים, אנשים שלא מקבלים דירה בירושה. אני פונה למיליון מובטלים חדשים. אני פונה לציבור שהצביע לימין, לאנשים עניים, יהודים, שהצביעו לבנימין נתניהו ושהצביעו לש""ס. יש שני כיוונים, או הכיוון הזה שאומר: מגיע לכם, בצורה ישירה, ללא אמצעי, בצורה הכי ישירה; או הגישה של ראש הממשלה, חבר הטייקונים שיש לו וילה בקיסריה, שיש לו מיליונים, שהוא לא חלק מכם. הוא לא מרגיש. הוא לא יודע מה אתם מרגישים. אין לו אבא כמו אבא שלי, אין לו אימא, עקרת בית כמו אימא שלי. הוא לא מרגיש בכם. הוא מדבר על איך להעביר כסף לטייקונים, והוא יטפטף עד שהוא יגיע אליכם. הוא אף פעם לא יגיע אליכם. אני פונה אליכם ואומר לכם: אין מדיניות שיותר עושה אחיזת עיניים מהפרד ומשול. הוא יגיד לכם: תראו את הערבי הזה. תראו את הערבי, הוא ערבי, הוא יגיד לכם עליי. אני. אל תיתנו לפריבילגים לשסות מוחלשים במוחלשים. כך הפריבילגים מרוויחים, כשהם מצליחים לבנות גדרות, חומות. כשהם מצליחים חומות בינינו, הם אלה שמרוויחים. אנחנו רוצים להסיר את החומות ולהגיד לכם: יש בינינו דברים משותפים. יש בינינו דברים משותפים. והדבר החשוב ביותר שאני רוצה להגיד לכם, וזה החשוב ביותר: כל מה שאנחנו עושים פה יכול לעזור לכם ב-5%, בעוד 10%, אבל יש דרך אחרת. אתם זוכרים את המחאה החברתית? הייתה מחאה של רופאים, והייתה מחאה של עובדות סוציאליות והייתה מחאה על מחירי הדיור. הייתה אז מחאה – די של מעמד הביניים. הייתה אז מחאה די חד-לאומית. אנחנו צריכים לקרוא לא לאותה מחאה, ולמחאה אמיתית של המעמד המופלה ביותר לרעה, המופלה ביותר לרעה, של יהודים וערבים ביחד. לצאת לרחובות – אלפים, עשרות אלפים, מאות אלפים – ופה הם ירעדו. רק כך הם יפחדו. רק כך יתחילו לתקן ורק כך נצליח לנצח אותם. תודה רבה.",1
325362,"כבוד היושב-ראש, עמיתיי חברי הכנסת וחברות הכנסת, כל אזרח ואזרחית במדינה צריכים להיות מודאגים, כי קמה הממשלה המסוכנת ביותר – כל האנשים חפצי החיים שרוצים שלום, רוצים דמוקרטיה, שוויון, צדק חברתי. הממשלה הזאת היא הרחוקה ביותר מכל הערכים הללו. אנחנו ברשימה המשותפת תרמנו את חלקנו: הבאנו 15 מנדטים. עלינו מ-13 ל-15 מנדטים, ושני המנדטים הללו הם שמנעו מנתניהו ממשלת ימין צרה שמעניקה לו חסינות. כל משבר, כל משברון – בזכות שני המנדטים הנוספים של הרשימה המשותפת. אני רוצה להזכיר לכם את הסרט The Godfather. זה סרט של שלושה פרקים. בפרק השלישי כולם באים לנשק את ידו של ה-godfather; זה גנץ, זה עמיר פרץ, זה איציק שמולי, שבאים בסוף לנשק את ידו. היום אני שמעתי את נאומו של יאיר לפיד. הוא דיבר על ג'ובים, על משרדי ממשלה, על מטוס ראש הממשלה, על המעון השני של ראש הממשלה הכביכול-חלופי. הכול נכון, אבל זה בכלל לא העיקר. העיקר הוא שהממשלה הזאת, השחיתות העיקרית שלה – שרוצה לספח שטחים כבושים, שרוצה להעמיק את הכיבוש, למנוע את האפשרות לחיות בשלום; השחיתות העיקרית היא שיש מיליון מובטלים; השחיתות העיקרית היא שיש הסתה נגד המיעוט הלאומי היליד בארץ הזאת, המיעוט הלאומי הערבי הפלסטיני; השחיתות העיקרית היא הכרסום המתמשך במרחב הדמוקרטי. אופוזיציה אמיתית מקשרת בין ה-D9 שרוצה להרוס את בית המשפט ל-D9 שרוצה להרוס בח'אן אל-אחמר, ל-D9 שהרס בתים בקלנסווה. אופוזיציה אמיתית מקשרת בין כל הדברים הללו. ואם יש שני ראשים לממשלה הזאת אז אולי טוב שיהיו גם שני ראשים לאופוזיציה – אופוזיציה פורמלית, שמדברת על שחיתות של משרדי ממשלה, ואופוזיציה אמיתית, שמציעה את השלום האמיתי, כלומר סיום הכיבוש; שמציעה אלטרנטיבה אמיתית של דמוקרטיה ושוויון וצדק חברתי בתוך המדינה. כבוד היושב-ראש, אתם לא תגיעו לשלטון. גנץ לא יהיה ראש ממשלה. השקרן הגדול מכולם, בנימין נתניהו, לא ייתן לו, וגם הימין לא ייתן לו. לכן, מה שיהיה זה בחירות בעוד כשנה. אבל תפקידנו לפנות לציבור הרחב ולהגיד לו: כל מה שאנחנו עושים בכנסת זה כל כך חשוב, זו במה כל כך חשובה, אבל צריך לצאת לרחובות. מיליון מובטלים, אנשים שנפגעים מהבגידה – גם של גנץ – אנשים שרוצים לא להחזיר את הדמוקרטיה שהייתה לפני בנימין נתניהו – כי לא הייתה – שרוצים לבנות את הדמוקרטיה, שרוצים שלום אמיתי, צריכים לצאת במאות אלפים לרחובות, וכך אנחנו נקצר את חייה של הממשלה. תודה רבה.",1
325428,"כבוד היושב-ראש. מוסטפא יונס, תושב עארה, נרצח בעשר יריות על ידי אנשי הביטחון. הוא נרצח רק בגלל שהוא ערבי. רוצח ראש הממשלה נתפס עם אקדח ביד, לא רצחו אותו; אבל כשהבן אדם הוא ערבי אז היד קלה על ההדק. באוקטובר 2000 נרצחו 13 צעירים ערבים, כל התיקים נסגרו. אחרי אוקטובר 2000 המשטרה הרגה 57 צעירים ערבים. אנחנו ברשימה המשותפת לא נרפה עד שהרוצח יועמד לדין, תודה.

יש לכם מזל שבמדינה יש ערבים, אחרת מה הייתם עושים אחד לשני.",1
325532,"כבוד היושב-ראש, כבוד השר אריה דרעי, חבריי חברי הכנסת, אני רוצה להגיש הצעה בשם הרשימה המשותפת והוועד הארצי של ראשי הרשויות המקומיות הערביות. אנחנו רוצים לבנות בצורה חוקית, אך ורק בצורה חוקית. אנחנו מבקשים לתת לנו את ההזדמנות לבנות בצורה חוקית. מדינת ישראל מאז 48' עד עכשיו בנתה 700 יישובים חדשים – כולם ליהודים ואפס לאזרחים הערבים. זאת עובדה. אנחנו גדלנו פי עשרה מאז שנת 48' עד עכשיו, ואין לנו איך לבנות בדרך חוקית. אז ההצעה שלנו היא כך: אנחנו מוכנים לקחת אחריות אישית ואחריות קולקטיבית, לפנות לציבור שלנו ולהגיד להם: אל תבנו בצורה לא חוקית. אנחנו נגד. אנחנו נגד. אנחנו מוכנים לקיים ישיבה של ראשי המועצות המקומיות הערביות ולהוציא הודעה לכולם, בכל מועצה ומועצה, כולל הקואליציה והאופוזיציה בתוך כל יישוב, ממש בקונסנזוס בתוך כל יישוב ויישוב. אנחנו לא רוצים לבנות בית אחד בצורה לא חוקית. יחד עם זאת אתם תגידו: אנחנו בתקופה הזאת לא נהרוס, ותוך כדי כך אנחנו מקדמים תוכניות מתאר, אזורי שיפוט, מאשררים. כך אנחנו יכולים לפתור 95% מהבעיות, 50,000 בתים לא מורשים. יישארו כמה בתים. בן אדם בנה, אני לא יודע איפה, בכל מקום טבעי, נורמטיבי – צריך להרוס. יהיו עשרה בתים, 15 בתים – אנחנו נדע מה לעשות עם הבתים הללו. אני חושב שעם המתווה הזה, שהוא מאוד אמיץ מצידנו, אנחנו יכולים לעבור למקום אחר לגמרי – מקום חוקי ואך ורק חוקי – וכך לפתור את הבעיה הכואבת כל כך הזאת. לבטל את חוק קמיניץ וללכת למסלול הזה, בבקשה, כבוד השר. עוד נקודה קונקרטית: אני רוצה לברך על ההתקדמות הכל-כך החשובה ביניכם לבין הרשויות המקומיות הערביות, כולל הדרוזיות. זה טעון שיפור קטן. אני מקווה שתדחוף כדי לפתור ממש את הבעיה הזאת. אנחנו מברכים. נשאר רק יישוב אחד, רק אחד, שלא קיבל כלום – הכפר מעיליא בצפון. מעיליא, דרך אגב, גם לא קיבלו הטבות בגלל חודש רמדאן, כי זה יישוב ערבי-נוצרי. מעיליא זה יישוב שקיבל מענקים לארנונה לעסקים ב-300 מיליון שקלים, אבל הם הפסידו 700 מיליון שקלים, כלומר הם בהפסד גם ברמה הזאת – 300,000 במקום 700,000. הם הפסידו גם ברמה הזאת.

גם בקטע הזה היישוב היחידי שלא קיבל זה מעיליא. אני מבקש ממך, כבוד השר, לפנים משורת הדין, להעביר כסף גם ליישוב מעיליא. תודה רבה.",1
325667,"כבוד היושב-ראש, חבריי חברי הכנסת וחברות הכנסת, קודם כול, אני מאחל לך הצלחה.

אתה בן אדם הגון, ושלא יקלקלו אותך.

אבל אתה בן אדם טוב בתוך ממשלה כל כך רעה, לכן עדיף לך לצאת מהמקום הזה, בשביל שתהיה באמת הגון. חברים, שלשום נהרג איאד אלחלאק, אתמול הרסו ארבעה בתים בטירה והיום מחוקקים חלק מחוק האזרחות בשביל למנוע מפלסטינים משני צידי הקו הירוק להתחתן. זוהי מדינת ישראל היהודית והדמוגרפית. ועוד מעט גם יקדמו את הסיפוח, זה כמו תן שבלע – – – לאן עוד תגיעו? אנחנו בינתיים נשארים במולדת, אנחנו נאבקים בשביל להתקדם בכל תחום ותחום, וניפגש בעוד כמה שנים. או שהדרך הדמוקרטית שלנו תנצח – שלנו, אנחנו – הדמוקרטית תנצח, כי אין דרך אחרת שיכולה לנצח.

יש לי הרגשה שאתה מתאמץ בגלל שאתה לא יודע בדיוק אם אתה יהודי-ערבי או ערבי-יהודי. כנראה אתה רוצה להוכיח אחרת. אפילו אני חושב שהכיפה על הראש שלך בשביל להוכיח שאתה לא ערבי. אני חושב שאתה מנסה לעשות הרבה דברים בשביל לצאת מהמקום שלך. תתבייש לך. אנשים שנמצאים פה, שרים, אם זה דני, לא שרים, או צחי אפילו, או אבי דיכטר, כל האנשים שלא קיבלו להיות שרים נמצאים פה. כנראה שאתם צריכים להתאמץ יותר ויותר בשביל להגיע להיות שרים.

על אפך וחמתך אני נמצא פה – –

– – ונישאר פה, והגענו ל-15 מנדטים – –

– – ותמשיך, בשביל שנגיע ל-16 ו-17. חבל שאבי דיכטר ברח מפה. זה שאמר: (אומר בערבית: תתעוררו, ערביי ישראל.)

אני אגיד לך, אני אגיד לך. את יודעת למה נתניהו לא נתן לו להיות שר?

בגלל המשפט שלו, (אומר בערבית: תתעוררו, ערביי ישראל,) אז אנחנו קיבלנו עוד שני מנדטים שמנעו מנתניהו להרכיב ממשלת חסינות, לכן הוא העניש אותו. תודה רבה לך.",4
325743,"כבוד היושב-ראש, שלשום אנשי הכיבוש – – –

כבוד היושב-ראש, חבריי חברי וחברות הכנסת, שלשום כוחות הכיבוש הרגו את איאד אלחלאק. אני שמעתי היטב את דבריה של אימו, ואני תרגמתי לעברית מה שהיא אמרה, וטוב להקשיב לה. היא אמרה: הוא ירד בבוקר כמו כל בן אדם אחר, על מה ירו בו בדם קר? במה פשע? במה האשימו אותו? מה הוא עשה? תקראו לו, תחפשו אותו, תבדקו מה יש עליו, אבל למה ישר יריתם בבן שלי? הבן היחיד שלי. הבן היחיד שלי. הבן היחיד שלי. אבא שלו ואחותו במקרה ישבו בבית, הוא במקרה הקדים את כולם ויצא מהבית ראשון באותו יום. אחותו העירה אותי מהשינה ואמרה לי שירו באיאד. קפצתי מהמיטה והתחלתי לרוץ. אני לא זוכרת איך הגעתי לבאב אל-אסבאט, שער האריות. שאלתי מה קרה, בהתחלה אמרו לי שירו לו ברגל, ואז חזרתי הביתה וראיתי שיש שם יותר חיילים מאנשים. אני לא יכולה להמשיך. הייתה לו משאלה להתפלל באל-אקצא. יש לי בקשה אחת ויחידה: להשכיב אותו בפתח המסגד לפני קבורתו. הוא אדם דתי, ישר ורגיש מאוד. הוא היה מלאך, לא בן אדם רגיל. הגנתי עליו מפני כל משב רוח. איך הרגו את הילד שלי, הבן היחיד שלי? אני דורשת שייעשה צדק. מדינת ישראל לקחה את הבן שלי. אני דורשת שייעשה צדק. זה מה שאמרה אימא של איאד אלחלאק, שכוחות הכיבוש הרגו אותו לפני יומיים בירושלים המזרחית. חברי הממשלה, אתם שותפים לפשע. אתם שותפים לפשע. עוד מעט אתם מביאים את החוק של איחוד משפחות. כמה מכוערים אתם. כמה מכוערים אתם. אנחנו לא נשקוט עד שהכיבוש, הכיבוש הנפשע הזה, יסתיים ותקום מדינה פלסטינית לצד מדינת ישראל, וסוף-סוף יהיה שלום שייטיב עם כולם. תודה.",1
325767,"כבוד היושבת-ראש, חבריי חברי הכנסת וחברות הכנסת – השר לביטחון פנים אמיר אוחנה, שמעת על איאד אלחלאק? אתה אחראי על השוטרים. אתה זה שאמר: דמו בראשו, על כל בן אדם שכביכול מפריע למשטרה. אתה זה שהסית. אתה מוג לב. אתה מוג לב. אם יש לך אומץ קטן, תביא לנו את הסרטון. אני בשם הרשימה המשותפת פונה אליך. תביא לנו את הסרטון. בכל מקרה אחרי שעות אתם מוציאים את הסרטון. איפה הסרטון של רצח איאד אלחלאק? מוג לב כמוך. מוג לב, לא רק אופורטוניסט זול. לא רק. אתה שפן. אתה פחדן, מוג לב. תביא את הסרטון. תביא את הסרטון. דע לך שאתה חלק מהפשע. אתה. איאד אלחלאק. איאד אלחלאק. זה שמו. כמה זמן יש לי? איאד אלחלאק. איאד אלחלאק. איאד אלחלאק. איאד אלחלאק. איאד אלחלאק. איאד אלחלאק. תביא את הסרטון. אנחנו רוצים לדעת את האמת. אנחנו רוצים לדעת מה קרה שם. אנחנו רוצים לדעת. למה אתה לא רוצה? כי אתה יודע את האמת. אתה שקרן. אתה שקרן, אמיר אוחנה. אתה מוג לב. איפה הסרטון? אנחנו רוצים לדעת מה קרה שם, בירושלים המזרחית; איפה שיש מכונת צילום בכל סמטה, בכל מקום. אנחנו רוצים לדעת מה קרה שם. אבל אתה פחדן, ואתה שקרן, השר לביטחון פנים. במקום שפוי – אתה צריך להתפטר, אבל יש לך עור של פיל. יש לך עור של פיל. איאד אלחלאק. איאד אלחלאק. איאד אלחלאק. איאד אלחלאק. איאד אלחלאק. איאד אלחלאק. איאד אלחלאק. רצחתם אותו. רצחתם אותו. פושעים. אתה פושע. לו היית קצת בן אדם, הייתי שואל אותך איך אתה הולך לישון, אבל אתה לא בן אדם.

אני רוצה שהשקרן הזה יסתכל לי בפנים. אני רוצה שהשקרן הזה יסתכל לי בפנים.

אני רוצה שהשקרן הזה יסתכל לי בפנים. אתה מוג לב. אתה מוג לב.",1
325818,"כבוד השר שוסטר, תחילה אני מאחל לך הצלחה. אתה הבן אדם הנכון בממשלה הלא-נכונה. כבודו, ענף הדייגים נפגע קשות בשנתיים האחרונות, גם בעקבות סקר הדיג – 72 ימים בשנה לא עובדים כלל וכלל, מ-19 באפריל ועד סוף חודש יוני, ובצל הקורונה – זה בכלל. לכן, רציתי לשאול את כבוד השר: רצוני לשאול: 1. האם סקר הדיג בוצע לאחרונה? אם כן – האם פורסם? 2. האם האיסור הוא לפיו? 3. אילו הטבות או הקלות ניתנו, או בדעת משרדך לתת, לדייגים בעקבות הקורונה והתקופה שאחריה? תודה.

כבוד השר, מכיוון שיש הרבה שאלות, בין היתר על השלכת הזיהום על הדייגים בעכו, בחיפה, אני מציע לכבוד השר לבקר שם, אולי בנמל קישון. נזמין את כל הדייגים, נלך יחד, חלק מחברי הרשימה המשותפת, יחד עם הדייגים, עם כבוד השר.",1
325837,"כבוד היושבת-ראש, אני מבקש, לפני שאני מתחיל, שחבר הכנסת האוזר יכבד את הכנסת, יכבד הדיון שהוא יזם ויבוא לשמוע אותי.

חבר הכנסת האוזר וחברי הכנסת מהימין, ובמיוחד מהליכוד הכביכול-רוויזיוניסטים – רוצה לקרוא לכם מה אמר מנחם בגין על חוקי החירום. תאמינו לי שהוא אמר דברים כל כך קשים, כל כך קשים, עד כדי כך שאני קראתי אותם כמה פעמים בשביל להאמין למה שאני קורא. אני, איימן עודה, חושב שלפשעי הנאציזם אין אח ורע, ואני עושה את הכול בשביל לא להשתמש במילה הזאת כי ממש יש לה את הייחוד שלה, והפשעים שלהם – אין להם אח ורע. אבל זה בגין שעומד פה על דוכן זה בשנת 1951, מדבר אל בן-גוריון ואומר לו כך: החוק שהשתמשת בו הוא חוק נאצי – עד כדי כך – הוא חוק רודני, הוא בלתי מוסרי, וחוק בלתי מוסרי הוא גם בלתי חוקי. אבל זה בגין כשהיה באופוזיציה. כשאתם הופכים לקואליציה ולממשלה אתם ממשיכים באותם חוקים רודניים. מה זה מצב חירום? מצב חירום זה מה שקרה לאיאד אלחלאק; מצב חירום זה הריסת ארבעה בתים בטירה; מצב חירום זה חוק איחוד משפחות שעבר פה בכנסת לפני יומיים. אלה הם מצבי החירום. אבל כשיש ראש ממשלה שמאמין שלעד נחיה על החרב – כך הוא מאמין, לכן הוא מקדם חוקי חירום: כי הוא לא רוצה שאנחנו נדבר, נתקרב; הוא לא רוצה שהשכל הישר ינצח, שהאפשרות של חיים משותפים בין ערבים ויהודים, האפשרות של שלום – שיש פה שני עמים שמגיעה לשניהם זכות להגדרה עצמית; היהודים מימשו זאת בשנת 48', ויש עוד עם בארץ הזאת, העם הערבי הפלסטיני, שמגיע לו, כמו לכל עמי העולם, כמו לכל עמי העולם, לא יותר ולא פחות; שיש פה מיעוט ילידי בן המקום הזה ומגיע לו שוויון מלא. אז זה הקו שלנו וזהו הקו שלכם, ועוד נראה מי ינצח. אנחנו ננצח אתכם. תודה.

אנחנו ערבים ויהודים דמוקרטים שרוצים לחיות ביחד.

אפילו נתניהו לא רוצה אתכם.",1
326065,"כבוד היושבת-ראש, חבריי חברי הכנסת, אני נמצא בכנסת כבר חמש שנים, ומדי חודש רואה את ראש הממשלה נכנס ובידו הביוגרפיה של צ'רצ'יל. אני לא מסכים עם צ'רצ'יל כמו ראש הממשלה, אבל יש משפט שאני כל כך מסכים איתו. באמצע מלחמת העולם השנייה היה ויכוח בין צ'רצ'יל לבין שר ההגנה. שר ההגנה אמר לו: אם נעביר את הכסף ממשרד התרבות למשרד ההגנה אנחנו יכולים להמשיך את המלחמה. צ'רצ'יל ענה לו: אם לא תהיה לנו תרבות, אין לנו על מה להילחם. אני חושב שזה משפט כל כך חשוב, וזה מזכיר גם את המצב שלנו בצל הקורונה. אם הקורונה תחסל את עולם התרבות, הפסדנו במערכה מול הקורונה, מול הנגיף. יש החלטות הזויות לגמרי. מה זאת אומרת כן לחתונות עם מאות משתתפים אבל אי-אפשר לקיים אירועי תרבות? הזוי לגמרי. היום דיברתי עם שר התרבות החדש חילי טרופר, שאני מאמין שהוא בן אדם נכון בממשלה לא נכונה. בדיבורים ביחד חשבנו איך לחשוב ולחשב מסלול מחדש בנוגע לסוגיה הזאת, וגם סיכמנו שבתוך כמה ימים הוא יגיע לפגישה בנצרת עם אנשי רוח ערבים לדבר על בניית תיאטרון ערבי מחדש וגם על חידוש חיי התרבות בקרב החברה הערבית. אני מקווה שנצליח לחדש את עולם התרבות, ובין היתר לבנות מחדש תיאטרון ערבי. תודה.",1
326166,"סליחה, כבוד היושב-ראש, לחצתי אבל זה לא הועבר.",1
326386,"כבוד היושב-ראש, עמיתיי חברי הכנסת וחברות הכנסת, בשכונת חליסה בעיר שלי, חיפה, משנת 2005 עד עכשיו נרצחו שבעה אנשים – שישה ערבים ויהודי אחד. נרצח נאסר נזאל ב-14 באוגוסט 2005, הרוצח לא נתפס ולא הועמד לדין; נור נזאל נרצח ב-29 ביולי 2006, הרוצח לא נתפס ולא הועמד לדין; זיאד שינאוי נרצח ב-1 בפברואר 2010, הרוצח לא נתפס ולא הועמד לדין; רוואד בסוני – ב-11 בינואר 2006, לא הורשע אף בן אדם; אשרף אבו כליב נרצח ב-11 בנובמבר 2015, הרוצח לא נתפס ולא הועמד לדין. לעומתם גיא כפרי – גיא כפרי נרצח ב-3 בינואר 2017, המשטרה ידעה את זהותו של הנחשד באותו היום, המשטרה לא השאירה אבן על אבן בשכונת חליסה, באותו היום פענחה את הרצח. המואשם ברצח הסגיר את עצמו ב-5 בינואר 2017, כלומר שלושה ימים אחרי הרצח. ב-10 ביוני 2020 נרצח חליל חליל, הרוצח לא נתפס ולא הועמד לדין. יואב סגלוביץ', לפני כמה חודשים באת אליי ללשכה ואמרת לי שאתה שותף, ואתה חושב שזה נושא חשוב. יחד עם זאת, אמרת לי: איימן, במידה שאתה תוקף את המשטרה בצורה בוטה אני לא יכול להיות שותף. אז תגיד לי, יואב, בבקשה, כשאני קורא את שמות שבעת האנשים שנרצחו בשכונת חליסה בעיר שלי חיפה, שישה ערבים ויהודי אחד והמקרה של היהודי פוענח, ששת המקרים של הערבים לא פוענחו – מה אתה מצפה מאחד כמוני? מה אני יכול להגיד, שהמשטרה משקרת? מה, את זה כולם יודעים. שהמשטרה גזענית? גם את זה כולם יודעים. מה אתה מצפה ממני לעשות? אני אגיד לך מה אני צריך לעשות. אנחנו הרשימה המשותפת, הנהגת האוכלוסייה הערבית, צריכים לעשות את מה שמתחילים עכשיו בשכונת חליסה. מתחילים לחסום כבישים. אני מעודד אותם. אנחנו צריכים להגביר ולהגביר עד שתעלה הנכונות הציבורית ונחסום שוב את כביש 6 ונחסום את צומת איילון. אני תומך בכל רמ""ח אבריי. אין דבר יותר חשוב מחיי בני אדם. אין. אין דבר יותר חשוב. ומה המשטרה עונה? אולי כך אתה תענה לי, כי עכשיו אתה תשיב לי. מה המשטרה עונה? אומרת לנו שאנחנו לא משתפים פעולה. אז למה כשהנרצח הוא יהודי מצליחים וכשהנרצחים הם ערבים לא מצליחים? למה? שמישהו יענה. אז אולי הערבים משתפים פעולה כשהנרצח יהודי, אבל כשנרצחים אנשים מבני העם שלהם הם פתאום לא משתפים פעולה? אולי זו הסיבה. איך אפשר לשכנע את עצמכם? איך אתם משכנעים את הילדים שלכם? כשאתם מדברים בבית אתם מצליחים לשכנע? הינה, בשכונה אצלי בחיפה, בעיר שלי, נרצחו שבעה אנשים – שישה ערבים ויהודי אחד; המקרה של היהודי פוענח וששת המקרים של הערבים לא פוענחו. טוב, חייבים להיאבק, אין דרך אחרת. עמיתיי חברי הכנסת, אתמול, לצערי, התבשרנו על אובדנו של איש ענק, פרופ' זאב שטרנהל. דווקא בימים שבהם הפשיזם הפופוליסטי מרים ראש בכל העולם, מהונגריה דרך ישראל ועד ארצות הברית, איבדנו את אחד מגדולי חוקרי הפשיזם של דורנו. ניצול שואה שחווה על בשרו את התוצאות האיומות של הגזענות – שנאה ופשיזם; מגדלור מוסרי שהאיר את הדרך לכל מי שנאבק למען צדק, חירות ושוויון לכולם. אני מתכבד להביא למליאה כמה ממילותיו – בזמן הלווייתו בהר המנוחות כמה קילומטרים מכאן. פרופ' שטרנהל כתב: ""הפונקציה של האינטלקטואל היא לשמור על הזכויות האוניברסליות ותפקידו הוא תמיד למתוח ביקורת על הכוח השולט, לפעול נגד השררה ולא לעמוד לצידה. בעלי הכוח לא צריכים עוד כוח, הם זקוקים לביקורת"". ואכן, הוא עשה זאת בעקביות במשך עשורים, למשל, כשכתב – תשמעו מה שאמר פרופ' שטרנהל: ""הכיבוש מונח ביסוד המלחמה עם הפלסטינים, וכל עוד החברה היהודית לא תכיר בזכויות השוות של העם האחר היושב בארץ, היא תמשיך לשקוע עמוק יותר ויותר במציאות קולוניאלית ובאפרטהייד גלוי, הקיימים כבר בשטחים, ובאשליות הרסניות – – –"". שטרנהל צפה את הרגע שאנחנו נמצאים בו כמו נביא זעם, רגע של אשליות הרסניות כמו תוכנית המאה והסיפוח. אני ביקרתי אצלו בבית, אצל פרופ' שטרנהל, ואמרתי לו: אתה הדאגת אותי במאמר שכתבת על הלך הרוח במדינה. בין היתר, דיברנו על הצלחות של אזרחים ערבים – דיברנו על זה שאנחנו, הערבים באוניברסיטאות, הגענו ל-19%; שאנחנו, האזרחים הערבים בטכניון, הגענו ל-23% מהסטודנטים בטכניון; על זה שהסטודנטיות הערביות הגיעו ל-35% מהסטודנטיות בטכניון; על האזרחים הערבים בהייטק; על האזרחים הערבים ברפואה. אז מה ענה לי שטרנהל? תשובה מעניינת ביותר. הוא אמר לי: אתה חושב שהיהודים לא הצליחו באירופה בשנות העשרים והשלושים במאה הקודמת? תשובה חכמה. הוא ענה לי: דווקא הצלחות, דווקא הצלחות בלי שינוי הכיוון הפוליטי במדינה עלולות להתהפך נגדכם. יתחילו להסית נגדכם שאתם תופסים מקומות עבודה, שאתם לא נאמנים. לכן צריכים שני דברים, גם הצלחות אינדיבידואליות, אבל גם שינוי של הכיוון הפוליטי במדינה, גם בשביל לשמר את ההצלחות האינדיבידואליות שלנו. עמיתיי חברי הכנסת, דובר הרבה על סיפוח, ואני שומע, מדברים על המצב הבין-לאומי, על התקפה בין-לאומית נגד המדינה, על החשיבות של שימור רוב יהודי בתוך מדינת ישראל, על הפגיעה בחברה הישראלית. אפשר לדבר על כל דבר. אבל יש דבר שהוא מספר אחת למהדרין, וזה זכותו של העם הערבי הפלסטיני. זכותו של העם הערבי הפלסטיני. יש פה עם שיש לו תודעה לאומית, נאבק למען שחרורו, למען החירות שלו, מגיע לו מקום מתחת לשמש לא יותר ולא פחות מכל עם אחר בעולם – זהו האלף-בית של המאבק שלנו, גם בכיבוש, גם בסיפוח. וכך שני העמים יחיו בשלום, יחיו בביטחון, יחיו גם בשגשוג כלכלי, שייטיב עם שני העמים ועם כל האזרחים. תודה רבה.",1
326633,"אבידר, איפה אתה הולך? רוצים להגיד לך כל הכבוד. כל הכבוד. חבל שאתה בישראל ביתנו. מה זה ישראל ביתנו? אתה צריך להיות בישראל דמוקרטית.

כבוד היושב-ראש, עמיתיי חברי הכנסת, היום בבוקר שמענו על האירוע באבו דיס. אחרי שעות ראינו את הקלטת. אני שואל: איפה הקלטת של רצח איאד אלחלאק? אנחנו רוצים את הקלטת. אם השב""כ יכול להוציא את הקלטת אחרי כמה שעות, וזה ברור גם שהוא יכול, וכל צלם יכול, אז איפה הקלטת של רצח איאד אלחלאק? אני פניתי לשר לביטחון פנים. הוא לא נמצא עכשיו במליאה. השר שטייניץ, אנחנו רוצים את הקלטת של רצח איאד אלחלאק. זכותו של הציבור לדעת מה קרה שם בדיוק. אם אנחנו לא נקבל את הקלטת היום, מחר בבוקר אני פונה לבג""ץ. אנחנו רוצים לראות את הקלטת. תודה רבה.",1
326837,"כבוד היושב-ראש, ד""ר מנסור עבאס, אני גאה לעמוד פה כשאתה מנהל את הישיבה. חשוב לי להגיד לך: בשביל לנצח את חוק הלאום יש כמה דרכים, בין היתר הדרך החוקתית, ויש דרך אחרת, וזה שאנחנו האזרחים הערבים נהיה בכל מקום ומקום, ונגיד לכולם: סליחה, זה לא רק עם אחד, יש שני עמים על כורחכם. רציתם או לא רציתם. למשל, זה שקבוצת בני סח'נין נהיית עכשיו בליגת-העל, זו עוד נוכחות. לכן, כמו שאנחנו נמצאים באוניברסיטאות, כמו שאנחנו נמצאים כאן בספורט, כמו שאנחנו נמצאים בכל מקום ומקום, זה שאנחנו נמצאים פה, בהיותנו גם ילידים, בני המולדת הזו, קבוצה לאומית זקופת קומה, הנאבקת למען הזכויות האזרחיות והלאומיות – זה חוזק. היותך פה, מנהל את הישיבה, זה דבר מאוד חשוב לנו. זה חלק מעוד צעד, מעוד דרך, בשביל לנצח את החוק שרואה בנו רק שקופים. אנחנו נוכחים בכל מקום ומקום. חברות וחברים, ברוכים הבאים לרשימת המעקב של הש""ב, של השב""כ. מהרשימה הזאת, לא תוכלו לשלוח ""הסר"". למרות שכל המידע בסלולרי שלכם יהיה חשוף למשטרה הסודית והמפעילים שלה, הם עדיין יהיו מנותקים מהמציאות. 854,865 דורשי עבודה בישראל. רק 20% מהצעירים עד גיל 24 הצליחו לחזור לעבודה מאז תחילת המשבר. האמת היא שככל שלוקחים מאיתנו את זכויות הפרט, והממשלה נהיית יותר דרקונית – המגפה רק מתחזקת. הממשלה איבדה את השליטה על המגפה, כי היא בעיקר מתעסקת איך לשלוט בנו. היום זה 1 ביולי. דובר על זה שיהיה סיפוח היום, ב-1 ביולי – אין סיפוח. הסחת דעת לציבור שלם במקום לדבר על הבעיות האמיתיות: על העוני, על האבטלה, על הקשיים היום-יומיים שלו, מדברים על פוליטיקה גדולה, ובעצם ב-1 ביולי לא עשו כלום. האמת, שהדבר הכי חשוב הוא לא פה בתוך מדינת ישראל, יש דבר יותר חשוב: יש עם שנאנק תחת כיבוש, מגיעה לו זכות להגדרה עצמית, כמו לכל עם בעולם, לא יותר ולא פחות. זוהי הסוגיה העיקרית. אבל גם פה, מתוך מדינת ישראל, במקום לדבר על הבעיות האמיתיות של האזרח מוצאים להם סיפוח, סיפורים גדולים במקום לדבר על הבעיות היום-יומיות של האזרחים. אנחנו נדאג לדבר ולהיאבק עם השכבות המוחלשות, למען צדק חברתי. למען הזכויות שלהם. שיאכלו בכבוד, ובין היתר, שלא יעקבו אחריהם ולא יבדקו להם בציציות וישאלו אותם בכל דבר מה הם עושים. עוקבים אחריהם ביום-יום. צריך לטפל בבעיות האמיתיות, ואנחנו ברשימה המשותפת נהיה חוד החנית במאבק למען הדברים שבאמת חשובים לאזרח הפשוט. תודה.",1
327030,"זו שפה רשמית, לפני חוק הלאום.",1
327079,סליחה – – – את השמות של הדוברים.,1
327379,"כבוד היושב-ראש, עברו 41 ימים מיום הירצחו של איאד אלחלאק. כנראה שבמח""ש חשבו שהפצע הגליד, שהכעס דעך, אז הם הוציאו הודעה שאין להם סרטון. בירושלים המזרחית אין מצלמות שמצלמות כל מקום. פשוט מאוד אין להם סרטון. מבחינתנו דם איאד אלחלאק אינו הפקר. והמחלקה הזו לטיוח פשעי משטרה, אנחנו זוכרים אותה מאז אוקטובר 2000, כשהיא סגרה את כל תיקי הרוגי אוקטובר 2000. אני בעצמי חוויתי על בשרי איך היא התנהגה בעניינו של יעקוב אבו אלקיעאן מאום אל-חיראן, ובעניין שלי גם, ואיך היא סגרה את התיקים. אנחנו לא נרפה. אנחנו פונים לערכאות, אנחנו נמשיך בכל דרך בשביל לחשוף עוד צד – עוד צד – מהפנים המכוערות והנפשעות של הכיבוש הארור הזה. דם איאד אלחלאק אינו הפקר ולא יהיה הפקר.",1
327415,"כבוד היושב-ראש, חבריי חברי הכנסת וחברות הכנסת, אני רוצה לפנות לציבור הרחב ולבקש לאחד את המאבקים הכלכליים מול הממשלה. מזה שלושה חודשים אנחנו עדים וגם שותפים לכל מיני הפגנות, אם זה של עובדות סוציאליות או אנשי התרבות או עצמאים או רשויות מקומיות או תיירות, כמעט כל תחום ותחום. הכוח שלנו הוא אם נצליח לאחד את המאבקים למאבק של לא פחות ממיליון אזרחים שמפגינים יחד מול הממשלה הזו. הפגנה כזו, רק היא עשויה לשנות את המצב הנוכחי. אנחנו גם יכולים ללמוד מהמחאה החברתית של שנת 2011. מחאה כל כך חשובה אבל שלא הניבה פירות, ואנחנו צריכים לשאול את עצמנו למה. אני חושב שמכמה סיבות: אחת, זו הייתה מחאה שלא קשרה בין הדברים – בין המדיני-פוליטי לבין החברתי-כלכלי. היא אמרה: תנו לנו לדבר בצורה מאוד קונקרטית. וזו טעות. הרי בתקציב המדינה יש משהו כמו 400 מיליארד שקלים, והשאלה היא לאיפה הכסף מועבר, מאיזה למקום לאיזה מקום. במקום שחצי מהתקציב יועבר למה שנקרא ביטחון, הוא אמור לעבור לשכבות המוחלשות. לכן צריך לקשור בין הדברים. הבעיה השנייה הייתה שהמחאה הייתה די חד-לאומית, כמעט רק יהודית. אנחנו השתתפנו. אני אישית השתתפתי, ואפילו ישנתי בשדרות רוטשילד בתוך מאהל, אבל זו הייתה מחאה די חד-לאומית. הבעיה השלישית, היא הייתה מחאה די של מעמד הביניים, אפילו אפשר לומר של מעמד הביניים האשכנזי, ובגדול בתל אביב רבתי – למרות שגם בעיירות פיתוח השתתפו, אבל זה לא היה די ברור ודי בשותפות של כולם יחד. הבעיה הרביעית של המחאה החברתית הייתה שלא היו בה יעדים ברורים. זה מזכיר לי כל מיני מאבקים. אפשר לדבר, למשל, על המאבק בוואדי סאליב, על הפנתרים השחורים, ובעולם – למשל על 1848, המאבק של העמים באירופה. אם אין יעד ברור, זה עלול להיכשל.

לכן אני מפה קורא לכל המפגינים – אם זה עצמאים, אם זה תיירות, אם זה תרבות, אם זה רשויות מקומיות – לאחד את המאבקים ולהגיע למילון מפגינים ביחד. רק כך אפשר לשנות את סדר העדיפויות. תודה רבה.",1
327756,"כבוד היושב-ראש (אומר בערבית: חבר הכנסת ד""ר מנסור עבאס,) עמיתיי חברי הכנסת, כולנו מסכימים שנתניהו מכרסם במרחב הדמוקרטי. זה די ברור, ואפילו הוא בעצמו אמר שבמדינת ישראל אין דמוקרטיה, יש deep state, וצריך לנצח את ה-deep state בשביל שתהיה דמוקרטיה ישירה. כולם מסכימים, לא רק מהשמאל, אפילו מהימין. זו הגישה שלו נגד בית המשפט, נגד האקדמיה, נגד העמותות, נגד האופוזיציה, נגד המרחב הדמוקרטי. הוא מתבטא בצורה הכי ברורה. אפילו דברים שנראים לא כל כך מלומדים הוא מושקע בהם, כמו למשל המענקים של 750 שקלים, או עוד יותר כסף, עד 3,000 שקל. אני חושב שגם הוא חושב לעצמו: אם המדינה העמוקה, האוצר למשל או בית המשפט, יגידו לא, אולי הוא יכול להאשים אותם שהוא טוב, הוא רוצה להעביר כסף במיוחד לשכבות המוחלשות, אבל יש בעיה, שזו המדינה העמוקה, אותם אנשים. אני חושב שהוא עקבי והוא יודע מה הוא עושה, כמו שכל דיקטטור במאה העשרים כבר עשה את אותה דרך. עם הימין אני לא רוצה להתווכח, אבל חשוב לי לדבר עם המרכז – איתך, יאיר. אני חושב שאתה אוהב את השיר של אריק איינשטיין, ""אומרים שהיה פה שמח לפני שנולדתי"". אני חושב, להבדיל ממך, שלא הייתה דמוקרטיה אמיתית גם לפני נתניהו. למה אני אומר לך את זה? בגלל שזה מה שהרגיש אבא שלי, שחי בתקופת הממשל הצבאי. אתה יודע מה זה ממשל צבאי? זאת אומרת בית משפט ליהודים או בית דין לערבים; זאת אומרת שהוא לא יכול לעבור ממקום למקום בלי אישור מיוחד מהמושל הצבאי; זאת אומרת הפקעות אדמות על שמאל ועל ימין; זאת אומרת הטבח בכפר קאסם; זאת אומרת עליונות, גזענות. אני חושב שאנחנו נמצאים בהזדמנות היסטורית שאני, עם 15 המנדטים, מבין היטב שאנחנו לבד לא יכולים. אני חושב שאתם צריכים להבין היטב שבלעדינו זה בלתי אפשרי. אם אנחנו רוצים לעבוד ביחד גם בשביל להחליף את שלטון הימין, אז חשוב לחשוב על התפיסה הזאת שמבחינתי לא היה שמח לפני שנולדתי, לא היה שמח לאבא שלי. אני חושב שהמחיר של השותפות הזאת זה דמוקרטיה אמיתית, זה שוויון אמיתי בין הערבים ובין יהודים במדינה. זהו המחיר: לחיות במקום שיש בו שלום אמת, שוויון, דמוקרטיה וצדק חברתי – דברים שהם אינטרס אמיתי ואסטרטגי לכל האזרחים, ממש ממש לכל האזרחים. אתמול השתתפתי בהפגנה מבית ראש הממשלה עד לכנסת. צעדתי עם אנשים שדיברו מדם ליבם, ואני מזדהה עם כל סיסמה שהייתה שם בהפגנה. אני קורא לאחד את כל ההפגנות. אני אזרח ערבי. אני חושב שזה לא נכון שיהיו הפגנות בנצרת, הפגנות בתל אביב, הפגנות בירושלים; לאחד את כל ההפגנות להפגנות ענקיות של מיליון אזרחים ביחד נגד הממשלה הזאת. אני בטוח באחדות שלנו. עם מטרה מאוד ברורה נגד הממשלה הזאת אני חושב שאנחנו עוד נצליח להפיל אותה ולהביא לכיוון יותר טוב ויותר נכון לכל האזרחים. תודה.",1
327852,"כבוד שר החינוך יואב גלנט, עמיתיי חברי וחברות הכנסת, באותו נושא של הקייטנות חשוב לי להגיד לך, כבוד השר, שזה פוגע בכולם, אבל בעיקר בשכבות המוחלשות. למה זה פוגע בהן? כשאין קייטנה לילדים, מה יעשו ההורים? מה יעשו? אנשים משכבות מוחלשות – לא מעמד ביניים ומעמד גבוה – מה יעשו ההורים עם הילדים? אם אתה בן אדם שיכול להרשות לעצמך להביא מטפל, מטפלת, אנשים שדואגים לילדים, זה סיפור. כשאין לך את האפשרות הזאת אתה נאלץ לשבת בבית עם הילדים. אני רוצה לתת כמה דוגמאות, גם במישור של כבוד השר. כאשר מדברים על למידה מרחוק, מה, לכל משפחה יש שני מחשבים, שלושה, ארבעה, חמישה? לכל ילד יש מחשב? אז מה הם יעשו? פשוט מאוד אין להם את האופציה הזאת. אני חושב שברוב הבתים יש מחשב אחד – זה הדבר ההגיוני, אם זה אנשים מוחלשים ואם זה מעמד ביניים. אפילו אצל מעמד ביניים יש בדרך כלל מחשב אחד, שניים, אבל משפחות שאין להן יותר מזה, אז אין להן את האפשרות הזאת. כבוד השר, אני חושב שאתה אמור להסכים שבתי הספר הם לא מקום אחסון לילדים בזמן שההורים עובדים. המשק והכלכלה קיימים כדי שנוכל לחנך את הילדים שלנו, לא ההפך. חינוך הוא מטרה שעומדת בפני עצמה. אני מבקש מכבוד השר לענות על הגישה הזאת שהצגתי – גם אני וגם עמיתיי חברי הכנסת. אני רוצה לנצל את מה שנותר לי מהזמן, שזה 30 שניות, ולהגיד שכל מה שאנחנו עושים ברמת ההפגנות זה דבר טוב ובכיוון הנכון. יחד עם זאת, חייבים לאחד את ההפגנות. חברי אנטאנס, אני רוצה להגיד לך שיש לנו את הייחוד הלאומי שלנו. נקודה. אתה צודק לחלוטין. יחד עם זאת – לא במקום, אלא יחד עם זאת – גם מאבק משותף: לצאת, להגיע למיליון אזרחים שמפגינים ביחד, צועדים ביחד נגד הממשלה הזאת, זה דבר כל כך חיוני, כל כך חשוב, ועוד נעשה את הדבר החשוב הזה.",1
327863,"אייכלר, אל תאמין לליכוד, פשוט מאוד.

תעזוב את הקואליציה והליכוד. תעשה את הדבר הנכון.

אנחנו? אנחנו נגד עינויים, נגד כפייה. צריך לכבד את הבן אדם בהיותו בן אדם.",1
327934,"כבוד היושבת בראש, חבריי חברי הכנסת וחברות הכנסת, מונה חליל, אום חליל, היא אימא שכולה. הבן שלה נרצח לפני כחודש וחצי בשכונת חליסה בחיפה. האימא החליטה לקום ולעשות מעשה: לצעוד ברגל משכונת חליסה בחיפה עד לירושלים. מבחינתי זה אירוע כל כך חשוב, אפילו מכונן, כי הסיפור של שכונת חליסה הוא הסיפור של האזרחים הערבים. בעשור האחרון נהרגו שבעה אנשים בשכונת חליסה בחיפה: נאסר נזאל, נור נזאל, זיאד שנאוי, ריאד בסתוני, אשרף אבו כליב, חליל חליל וגיא כפרי. מי היוצא מן הכלל שנרצח? אחד יהודי ושישה ערבים. במקרה של היהודי שנרצח, אחרי שעה קלה באה המשטרה והפכה כל אבן בשכונת חליסה, הציבה מחסומים, מצור שלם, עד שהגיעו לנאשם. אבל כל המקרים, ממש כל המקרים של הנרצחים הערבים, השישה – לא פוענח ולו מקרה אחד. אפס. שישה ערבים ואחד יהודי. בקרב ששת הערבים אין פענוח; כשהנרצח הוא יהודי מצאו את הנאשם. להבדיל מכל המקרים, אימא של חליל החליטה להיאבק. חובתנו לעמוד לצידה. אני אישית החלטתי לצעוד יחד עם מונה חליל משכונת חליסה בחיפה עד לירושלים. אולי ייקח לנו חמישה ימים. זה יתחיל ביום ראשון בעוד שבועיים, בעוד 13 ימים, בגלל שיש חג הקורבן, עיד אל-אדחא. כול עאם ואל-ג'מיע באלף ח'יר. חג שמח. אחרי החג אנחנו נתחיל. אני קורא לחברי הכנסת ולחברות הכנסת בהתחלה לגלות אמפתיה, אבל זה לא מספיק כלל וכלל, אלא לדרוש יחד איתנו לפענח את המקרה. אנחנו לא יודעים מי הרוצח. אני לא יודע. אני לא מאשים אף אחד.

אני לא מאשים אף אחד, אבל יש נרצח ויש רוצח. חייבים להגיע לרוצח.

גברתי, משפט אחרון, בבקשה. מה העניין של אי-פענוח? זה לא רק מעודד, לא רק מעודד, אלא גם קורא לנקמה. אני לא מצדיק את הנקמה – – –

את צודקת. אני לא מצדיק ואני נגד, אבל צריך להבין שחייבים להגיע לרוצח. תודה רבה.

יש לי הצעה: תצטרף לבקשה שלנו לפסול את כל הנשק בקרב האזרחים הערבים.",1
327960,"כבוד היושבת-ראש, כבוד סגן שר הבריאות, בקשר לשאילתה הראשונה, שמספר חולי הקורונה הקשים נמוך מהנתון שמפורסם – – –

יש שתי שאילתות. אני מתחיל בנושא שאני רואה שמאז שהגשתי את השאילתה עד עכשיו השתנה משהו. אני מקווה שאני תרמתי את חלקי. השאילתה אומרת: מספרם האמיתי של החולים הקשים מקורונה נמוך ב-40% מהמספר הרשמי המפורסם. משרד הבריאות לא התאים את הגדרת החולים הקשים להגדרת ארגון הבריאות העולמי וגרם להיווצרות פער גדול בנתונים. רציתי לשאול: 1. האם יש פער בהגדרה ובנתון? 2. אם כן – מדוע? אבל עכשיו אני מבין שביומיים האחרונים יש שינוי. כלומר, יש התאמה – – –

לא, כי עכשיו קיבלתי מידע שזה השתנה, אז אני מכבד. בבקשה.

לא, יש לי שאלה נוספת. שאלתי היא: האם זה השתנה ביומיים האחרונים או לפני?

תודה רבה. השאילתה השנייה, ברשותך, גברתי היושבת-ראש. כבוד סגן השר, ב-18 ביוני הודיע שר הבריאות על 273 תקנים של חוקרים אפידמיולוגיים, שאותם יאיישו סטודנטים לרפואה וסיעוד. רצוני לשאול: האם השיקול הזה, כשיש ביישובים ערביים התפרצות – האם הדבר הזה נלקח בחשבון, כלומר, רופאים ערבים, הסברה בשפה הערבית?

שאלה נוספת: אני מכבד את זה שסגן השר רוצה שיתוף פעולה בנושא הזה. שאלתי, האם עכשיו, אחרי שיתוף הפעולה, יפסיק ראש הממשלה להגדיר אותנו כתומכי טרור?",1
327971,"כבוד היושב-ראש, חבר הכנסת סמוטריץ' תקף את תושבי בית ג'ן, האשים אותם שהם משתלטים על האדמות. חשוב לי שידע ושכולם ידעו שמדינת ישראל, מאז 48' עד עכשיו, בנתה 700 יישובים חדשים – כולם ליהודים ואפס לערבים, כולל הדרוזים. חשוב שכולם יבינו שלדרוזים, בשנת 1948, היו 325,000 דונם. המדינה הפקיעה מהם 60%. שודד האדמות הוא סמוטריץ', בהיותו מתנחל. הוא שודד האדמות. הדרוזים, כמו כל הערבים, הם ילידים, והם עוד יתפתחו, על אפו ועל חמתו ועל אפם וחמתם של כל הגזענים. תודה.",1
328100,"כבוד היושב-ראש, חברי הכנסת, אתם, שרי הממשלה, לא מנותקים, לא מנותקים מהעצמאיים ובעלי העסקים. אתם יודעים מה המצב, אבל פשוט לא אכפת לכם. במקום להציע פתרונות אמיתיים, אתם מעדיפים ללבות שנאה בין האזרחים. אז הבאתי את המילים של אחד מבעלי העסקים, טוב מאוד לשמוע אותו. סאיב דיאב מהעיר טמרה, בעלים של מסעדת כפריא, אמר כך: סגרו אותנו לשלושה חודשים. פיצויים לא קיבלנו, ומה שהציעו אפילו לא כיסה את חשבון החשמל. ביקשנו הלוואה בפעימה הראשונה. קיבלתי אישור מהקרן, אבל הבנקים לא הסכימו לאשר. הגשתי לפעימה השנייה, אבל אני חושב שלא יאשרו אותנו. חילקו לעסקים. סאיב עוד ממשיך: כל התקופה הזאת מלווה בחוסר ודאות. אנחנו פתחנו מחדש לפי כל ההנחיות של התו הסגול, אבל הלקוחות עדיין מפחדים להגיע. זו בריאות של אנשים, אני לא משחק עם זה. לא צריך את המענקים שלהם, רק קרש הצלה שייתן לנו לעבור את השנה הזאת. אנחנו יודעים לעבוד, ואנחנו רוצים לעבוד. אני מעסיק 20 עובדות – כולן נשים. אחת מממנת לימודים, אחת מממנת טיפולים רפואיים של אבא שלה. המלצריות מתחת לגיל 21 – אפילו לא קיבלו דמי אבטלה בחל""ת. לכן אני מציע: 1. דמי אבטלה לצעירים מתחת לגיל 21; 2. מענקים אוניברסליים – לא רק פעימה אחת, אלא תוכנית ארוכת טווח שתחזיר את הוודאות לאזרחים ותיתן להם את הביטחון להזרים כסף לעסקים קטנים; 3. דמי אבטלה לעצמאים שלא דורשים את סגירת העסק. זה הגיוני כמו לדרוש להרוג את החולה כדי לרפא את המחלה. כבוד היושב-ראש, נושא אחר – אני אגיד אותו בצורה מהירה. חברת הכנסת ע'דיר מריח כמאל הגישה הצעה לשיפורים בחוק הלאום, אבל היא, ע'דיר מריח, מה היא משאירה בתוך החוק הקיים? היא משאירה: ארץ ישראל היא מולדתו ההיסטורית של העם היהודי. מדינת ישראל היא מדינת הלאום של העם היהודי. מימוש הזכות להגדרה עצמית לאומית במדינת ישראל ייחודי לעם היהודי. ירושלים השלמה והמאוחדת היא בירת ישראל. המדינה תהיה פתוחה לעלייה יהודית ולקיבוץ גלויות. יום העצמאות הוא יום החג הלאומי הרשמי של המדינה – ועוד כמה דברים שע'דיר מריח משאירה בחוק הלאום.

ע'דיר, אנחנו ילידים. אנחנו בני המקום הזה. אנחנו לא צריכים להיות מעל לאף אחד, אבל לא נרשה לאף אחד ולאף קבוצה שתהיה מעלינו – –

– – זה מה שצריך להיות. תודה רבה.",1
328304,"כבוד יושב-ראש הכנסת, עמיתיי חברי הכנסת וחברות הכנסת, נתניהו, אתה בטח לא זוכר את סיהאם אגברייה מאום אל-פחם, אבל היא זוכרת אותך. פגשת אותה בדיון בכנסת ב-2012, אחרי שבעלה ושני ילדיה נרצחו. הסתכלת לה בעיניים ואמרת: ""הלב שלנו נקרע מהסיפור של סיהאם. אנחנו שותפים בהבעת תנחומים, אבל גם ברצון העז לשנות את המציאות הזאת מן הקצה לקצה. זה הוכח בציבור היהודי, הגיע הזמן שנרחיב את זה גם לציבור הערבי"". סוף ציטוט מדבריך, נתניהו. שמונה שנים עברו מאז, והרוצחים של משפחת אגברייה עדיין מסתובבים חופשי. מאז שנת 2012 עוד 630 אזרחים ערבים נרצחו. 630 משפחות נשברו ואף פעם לא יחזרו להיות שלמות. מאז שנהיית אתה ראש הממשלה נרצחו 820 אזרחים ערבים. טוב שאתה מוריד את הראש. אתה צריך להישאר כך. בחודשים האחרונים הקורונה הוכיחה שכל סדר חברתי נפער לתהום. האבטלה, הפערים, העוני והחינוך – כולם במצב קטסטרופלי. זה רק ידחוף עוד צעירים לידיהם של ארגוני פשע, עוד בעלי עסקים לשוק השחור ולפרוטקשן, וחברה שלמה בת-ערובה לפשע המאורגן. השר לביטחון הפנים הקודם נהג להאשים את התרבות הערבית. הוא מצא את האשם בתרבות הערבית כדי לברוח מאחריות בעצמו. זאת התעלמות בוטה מהמציאות. כיום יש בקרב האזרחים הערבים יותר מקרי רצח ביחס לאוכלוסייה מאשר בעזה, בגדה ובירדן. אני קורא לך, ראש הממשלה, לבדוק את המצב בקרב הפלסטינים בירדן, בעזה ובגדה המערבית. בגדה המערבית יש שלושה מיליון פלסטינים. בשנה שעברה נהרגו 26 אנשים. אצלנו יש מיליון וחצי אזרחים ערבים ונהרגו אצלנו 95 אזרחים. אני לא מודאג ממגפת הקורונה כמו שאני מודאג ממגפת האלימות והפשיעה בחברה הערבית. אתה שכחת מסיהאם, אבל אנחנו נזכיר לך. הבנו מזמן שצריך לצאת לרחובות. בשבוע הבא אני אצעד לצד אימהות שאיבדו את ילדיהם בפשיעה. נצעד יחד ברגל מחיפה לירושלים ונדרוש את השינוי המיוחל. האשמת אותנו שאנחנו תומכי טרור, שאנחנו מחבלים.

המחבל הוא מי שמחבל באפשרות של השלום, כלומר זה אתה בעצמך – –

– – אבל בגלל שאתה רוצה לברוח מהזכויות האמיתיות – –

– – אתה רוצה לברוח מהתפקיד שלך, אתה – – –

תן לי להמשיך, הם לא מעניינים אותי.

הם לא מעניינים אותי. אבל בגלל שהפטריוטיזם הינו מפלטו האחרון של הנבל, אתה בורח לפטריוטיזם במקום לטפל בבעיות האמיתיות וביתר שאת בפשיעה בקרב האזרחים הערבים. תודה.

אתה תשתוק. תתבייש לך – – –

– – – אתה סובל מרגשי נחיתות. תתבייש לך – – –

למה הוא לא עונה על הפשיעה – – –

שתו לי, אכלו לי, שתו לי, אכלו לי.

אבל אתה נכשלת בבחירות. נכשלת – – –

אתם צעקתם לאזרחים הערבים – – –",1
328325,"כבוד היושב-ראש, עמיתיי חברי הכנסת וחברות הכנסת – סליחה, אני מבקש.

כבוד היושב-ראש, עמיתיי חברי הכנסת וחברות הכנסת, ראש הממשלה, אתה תקפת אותי על השתתפותי בכנס הפיוס הפלסטיני. אני רוצה להגיד לך מה ההבדל בינינו. אתה, אתה בעצמך, מעביר מזוודות כסף לחמאס בגלל שתי מטרות: המטרה הראשונה – להנציח את הפיצול הפלסטיני, והמטרה השנייה – לקבע את הסכסוך, כי מבחינתך, לעד נחיה על חרב. אבל אני, להבדיל ממך, אני כן תומך בפיוס הפלסטיני, כי אני תומך בשלום על בסיס שתי המדינות. זה ההבדל בינינו. נתניהו, המגפה בסך הכול חשפה את מי שתמיד היית. ככל שאנחנו התרגלנו לעטות מסכות, המסכות שלך ירדו בזו אחר זו. אתה לא קוסם, אתה נוכל אנוכי שמתנדנד בין שיגעון גדלות להזיות רדיפה. אתה לא מוטרד בלילה ממיליון מובטלים כמו שאתה מוטרד מחברי ליכוד מוטרדים; אתה לא מוטרד בלילה ממיליון מובטלים כמו שאתה מוטרד מחברי ליכוד מורדים; אתה לא מעוניין בילדים רעבים כמו שאתה אובססיבי לפרשנים עוקצניים. לקח מעט מעל עשור, אבל האמת תמיד יוצאת לאור. עכשיו כולם רואים את ההרס שאתה זרעת. תודה.",1
329091,"כבוד היושב-ראש, כנסת נכבדה, לפני שעה קיבלתי מכתב מראש הממשלה – הוא הפנה את המכתב לראשי האופוזיציה – שהכותרת שלו: פגיעתכם במאבק של מדינת ישראל בקורונה ועידוד לאנרכיה. חשבתי לתומי שיש דבר חשוב במכתב הזה. קראתי את הכול – פשוט מאוד, אין שום דבר חשוב. אני חושב שהדבר העיקרי מבחינתו זה פשוט מאוד לשים את השם של בנט ליד השם שלי ולהגיד: הינה, הם ביחד. הוא יודע את האמת – שאני לא מדבר עם גזען כמו בנט כמו שאני לא מדבר איתו – אבל כל זה לא מה שמעניין אותו. מה שמעניין אותו שבסקר של עכשיו בערוץ 13 בנט מקבל 20 מנדטים, ופשוט מאוד, כל מה שמעניין אותו זה איך לפגוע בו. לא מעניין אותו שום דבר אחר. לא מעניין אותו מיליון מובטלים, לא מעניין אותו 131,000 נדבקים, לא מעניין אותו שמדינת ישראל היא מספר אחת בעולם כמדינה אדומה. כל זה פחות מעניין אותו. אני לפני שעה קלה קיבלתי מכתב מצעיר ערבי מיישוב בצפון. במכתב הוא כתב לי ככה: אני הייתי אצלך לפני שבוע וסיפרתי לך שכנופיה של שוק אפור רודפת אחריי. הם רוצים ממני 50,000 שקלים. אני מתחנן בפניך, תעזור לי, אחרת הם יהרגו אותי. כך הוא שלח לי, ככה הוא כתב לי. ואנחנו התרענו לא רק על מצב האלימות והפשיעה בקרב האוכלוסייה הערבית אלא אמרנו שהמצב עוד יחמיר בצל הקורונה, בצל האבטלה, בצל המצב הכלכלי הקשה. וכל מה שמעניין את ראש הממשלה זה איך לתקוף אותנו, איך להעביר את האחריות לאנשים שלא נמצאים בממשלה, שהם ראשי האופוזיציה. ואני פה פונה לראשי האופוזיציה שצריך לעשות את הכול בשביל לשכנע את הציבור הרחב שיש פה ראש ממשלה שכל מה שמעניין אותו זה הכיסא שלו ותו לא, אך ורק; לא מעניין אותו שום דבר אחר. הציבור הרחב כולו צריך לדעת את העובדה הזאת. אנחנו אמורים לראות שהוא צונח בסקרים שבוע אחרי שבוע, כי הבן אדם המושחת והגזען הזה צריך לעוף מהמפה הפוליטית, וצריך להגיע היישר למקום שמגיע לו – לתוך בית הסוהר. תודה רבה.",1
329357,"כבוד היושב-ראש, עמיתיי חברי וחברות הכנסת, בעוד שבועיים, 1 באוקטובר, אנחנו מציינים 20 שנה לאירועי אוקטובר 2000. באוקטובר 2000 נהרגו 13 צעירים אזרחי המדינה על ידי משטרת ישראל. אני רוצה להזכיר את שמות החללים, האזרחים הצעירים שנהרגו, בשביל שיהדהדו גם פה בכנסת ובכל מקום. ראמי ג'רה מג'ת שבמשולש, מוחמד ג'בארין, מוסלח אבו ג'ראד מאום אל-פחם, אחמד סיאם ג'בארין ממועאוויה, עומר עכאווי, איאד לואבנה מנצרת, מוחמד ח'מאיסה מכפר כנא, ראמז בושנאק מכפר מנדא, עימאד גנאים, וליד אבו סאלח מסח'נין, עלאא נאסר מעראבה, ויסאם יזבק מנצרת, שהוא בן הדוד של חברת הכנסת היבה יזבק, אסיל עאסלה, שהוא האח הצעיר של אשתי, נרדין עאסלה. אלה הם 13 הצעירים שנהרגו על ידי המשטרה במאורעות אוקטובר 2000. אחרי המאורעות הוקמה ועדת חקירה ממלכתית. אנחנו אנשים ענייניים ואובייקטיביים. ראינו שהיו בה כמה המלצות חיוביות, ועוד המלצות שלטעמנו היו שליליות. בין ההמלצות החיוביות זה שוועדת אור האשימה את המשטרה שהיא מתייחסת לאזרחים הערבים כאל אויבים ולא כאל אזרחים; וגם ועדת אור הכריזה שהמשטרה מטפחת תרבות שקר. אחרי אוקטובר 2000 המשטרה הרגה 55 אזרחים ערבים, וביניהם גם יעקב אבו אלקיעאן, וממאורעות אום אל-חיראן כולנו מבינים היטב שהמשטרה עודנה מטפחת תרבות שקר. אני רוצה לפנות עכשיו לאגף הזה, למה שנקרא שמאל במדינת ישראל. השמאל במדינת ישראל הוא האחראי לאוקטובר 2000, הוא. לכן, אם השמאל במדינת ישראל מצפה מאיתנו להיות שותפים בשביל להחזיר את הדמוקרטיה שכביכול הייתה לפני עידן נתניהו – אנחנו לא שותפים למסע שלכם, כי מבחינתנו לא הייתה דמוקרטיה לפני נתניהו, לא בתקופת הממשל הצבאי, לא באוקטובר 2000 ולא בעידן של ההתנשאות שלכם. אבל אנחנו כן נהיה שותפים לבניית דמוקרטיה אמיתית, שתשרת את כל האזרחים. חברי הכנסת וחברות הכנסת, לגבי הצעת החוק שלי, הספקת חשמל לבתים שאין להם טופס 4, ישנם 50,000 בתים. בשבוע שעבר, בצל החום הכבד, החשמל נותק מכעשרה יישובים ערביים ואנשים נפגעו קשות. זו פגיעה בטיחותית שעלולה לפגוע גם בחיים של אנשים. כולם מבינים שחלק ניכר מהאזרחים, אפילו אם הם רוצים להתחבר הם לא יכולים. למה? כי אין תוכנית מתאר מושלמת; כי עדיין עובדים כדי להרחיב אזור שיפוט מסוים, אבל אין אישור. אפילו אם יש לאנשים את כל האפשרויות ברמה הפרסונלית, ברמה הקולקטיבית הם לא יכולים. לכן לפני שהגשתי את הצעת החוק, דיברתי עם שר המשפטים אבי ניסנקורן, הסברתי לו את הבעיה. מצאתי אצלו אוזן קשבת, והוא אמר לי: אני מוכן ללמוד את הסוגיה הזו. הוא ביקש שאנחנו לא נצביע עכשיו אלא נמשיך ללמוד אותה ביחד, במטרה שתוך חודש, חודש וחצי, נמצא ביחד דרך לחבר את הבתים לחשמל, למרות שאין להם טופס 4. הסוגיה השלישית שאני רוצה להעלות – וטוב ששר המשפטים נמצא פה – זה המתמחים שהגישו מבחן עריכת דין. מה שקורה עכשיו זה שמקשים את הבחינה שלהם. אני רואה שהגישה של לשכת עורכי הדין בעייתית בכמה רמות: אחת, זה לא מוסרי שבן אדם עולה דרך סולם למקום מסוים, ואחרי שהוא מגיע, הוא בועט בסולם, אותו סולם שאחרים עשויים לעלות דרכו ולהיות הם בעצמם עורכי דין. הסוגיה השנייה של אי-צדק זה שלא משנים כללי משחק באמצע משחק. כלומר, אם אתה רוצה לשנות, אתה יכול להגיד: חברים, לפני שאתם נכנסים ללמוד עריכת דין, אנחנו רוצים לשנות את השיטה. אבל לא מקובל שאנשים סיימו את כל התקופה, בלי שום הבדל בינם לבין אנשים אחרים שעשו את אותו מבחן לפני שנה, שנתיים, חמש שנים, שש שנים, אין שום הבדל. ולכן הוא משנה את כללי המשחק באמצע המשחק. הבעיה השלישית היא שאין גוזרים על ציבור גזרה שהוא לא יכול לעמוד בה, ואם אחוז ההצלחה במבחן הוא האחוז הזה, אתה גוזר על הציבור גזרה שהציבור לא יכול לעמוד בה; מה גם שהוסיפו עוד מבחן של ניסוח, ואנחנו מבינים מי הציבור שעלול להיפגע מניסוחים בשפה העברית. לכן זה לא פלא שהציבור שלנו הוא הנפגע העיקרי. אני מבקש מכבוד שר המשפטים, אבי ניסנקורן – שעם כל חילוקי הדעות, אני מבין שיש מרווח של הידברות בינינו – שנמצא אצלך אוזן קשבת גם בנושא כל כך חשוב זה. תודה רבה.",1
329458,"כבוד היושבת-ראש, עמיתיי חברי הכנסת וחברות הכנסת, יש פרט אחד שטרם נחשף לגבי הקורונה: היא עולה דרך הסדקים הרבים שנפערו בחברה ומציפה אותנו עד שבקרוב ירגישו כולם, אלה שמזלזלים במגפה ואלה שחרדים מהתוצאות האיומות שלה, שנגמר לנו החמצן. בתי החולים יתמלאו עד אפס מקום ורופאים יצטרכו להחליט מי יחיה ומי ימות, מי יזכה לטיפול ומי ייפרד לעד ממשפחתו. אומנם אין לי הכשרה רפואית ומעולם לא חקרתי וירוסים ומגפות, אבל אין לי ספק שבלי שינוי חברתי עמוק לא נוכל להתגבר על המחלה. אני פונה אל האזרחים, ערבים כיהודים, ואומר להם שהשיסוי, השנאה וחוסר הסולידריות הם כולם מקדמי הדבקה. הם מונעים מאיתנו להפנות אצבע מאשימה כלפי הממשלה ומקשים עלינו לקבל אחריות, כי חברות שנגועות בשנאה לא יכולות להתגבר על מגפות. עשורים של אפליה קשה ודיכוי כלפי החברה הערבית הפכו לעשור של הסתה חסרת רסן. יש גם קהילות אחרות שסבלו מגזענות ממוסדת ואפליה באופן אחר: מזרחים, אתיופים, רוסים, חרדים. את כולם הצליחו לשסות אחד נגד השני. אם היום לא נגלה סולידריות חברתית, אם גם מחר נאשים אחד את השני במקום את הממשלה, נמשיך לברוח מהאחריות שלנו לתיקון ונשקע עמוק יותר במשבר העצום הזה. מנהיגים פופוליסטיים לא יכולים לנצח מגפות. זה לא מקרי שהחברים של ראש הממשלה הם בולסנרו וטראמפ ושברזיל, ארצות הברית וישראל כולן טובעות בקורונה; כי פופוליסטים לא יכולים לקבל החלטות קשות אבל נכונות ולהסתכל לציבור בעיניים ולהגיד את האמת – לספר לבעלי העסקים הדואגים וההורים המותשים והקשישים הבודדים שאנחנו חייבים לשלם מחיר כבד היום כדי שמחר לא נשלם מחיר קשה מנשוא. כאשר אנחנו עומדים עם הגב אל הקיר עוד אפשר להפוך את השנאה לסולידריות ואת החשדנות לחמלה. הקורונה תסתיים, ואנחנו נצטרך להחליט באיזו מציאות נחיה כאן אחריה – של ימין לאומני שדוגל בעליונות ומנציח את השנאה, האלימות והאיבה או של דמוקרטיה אמיתית לכולם, שמכירה בזכויות הלאומיות והאזרחיות של כולם. תודה.",1
329546,"כבוד היושב-ראש, עמיתיי חברי הכנסת וחברות הכנסת, אני רוצה להתריע מפני סכנה ממשית שקורית בצל נגיף הקורונה. כולם מדברים על הקורונה, ובצדק, בצדק מוחלט. בצל הקורונה עולה כוח התנחלותי, פשיסטי, שמהווה נגיף נגד השלום, נגד הדמוקרטיה, נגד השוויון, ואני מתכוון למפלגת ימינה ולנפתלי בנט. היום הליכוד יחד עם ימינה, לפי כל הסקרים – רק שניהם ביחד עולים על 50 מנדטים. חברים, הפשיזם משתלט. הפשיזם עולה מדרגה ומתקרב להרכיב את הממשלה הבאה. חשוב לי להגיד לכם שכל הפשיסטים בעולם עלו בצל משבר ענקי בתוך המדינות, וזה מה שקורה עכשיו. המאמר של אלוף בן על בנט, שהוא מספר בו, מספר בו שהוא דיבר עם בני משפחתו, ואמרו לו: תעזוב, הוא ישתנה. מה שרואים מכאן לא רואים משם. זה יהיה אחרת. העיקר עכשיו לא פוליטיקה אלא איך למגר את הקורונה. אני רוצה להתריע, להזהיר את האזרחים מפני הפשיזם העולה במדינה. פעם רבין היוצא ממלחמת 67' – ואין לי שום דבר משותף איתו בשנת 67' ובשנות השבעים – אמר על המתנחלים ההם שהם סרטן בגוף הדמוקרטיה הישראלית. בשנות התשעים, אחרי הטבח בחברון, אחרי רצח ראש הממשלה, הם היו בשפל. היום הם מקבלים 22 מנדטים, ואנשים כביכול מהמרכז אומרים שזה לא העיקר; תנו לו, יש לו תוכנית. מה התוכנית הזאת? מה התוכנית הזאת? הווירוס מתהפך מצחוק מהתוכנית של בנט. אין לו תוכנית, אבל הוא יושב בצד, מהאופוזיציה, מותר לו להגיד מה שהוא חושב שנכון, ואנשים הולכים שבי אחריו. אני מתריע. אני מזהיר את האזרחים מעליית הפשיזם. כן, כן להיאבק נגד נגיף הקורונה, ויחד עם זאת להיאבק נגד הפשיזם. שניהם ביחד. תודה.",1
330294,"כבוד היושב-ראש, עמיתיי חברי הכנסת, ימים קשים עוברים על האזרחים. משבר בריאותי וכלכלי חסר תקדים משפיע על כולנו, ומולו עומדת ממשלה כושלת שנטשה את הציבור לטובת פוליטיקה קטנה ומרדף אחר כותרות. מיליוני אנשים סובלים מאי-ודאות כלכלית, אבל במקום להציג תוכנית שתשקיט במעט את החרדה מפני עתיד לא ברור הם ממשיכים לקבל החלטות פוליטיות באישון לילה, ולהתייחס לחייהם של אזרחים כאל כלי במשחקי אגו קטנוניים. בתוך המציאות הקשה הזאת צומח דור אבוד, שמנסה לבנות חיים במציאות כלכלית בלתי אפשרית. הבטחנו לצעירים שלנו שאם הם ירכשו השכלה, הם יוכלו להצליח כנגד כל הסיכויים. כיום חמישית מהסטודנטים הערבים כבר נשרו מהלימודים, או עלולים לעשות את זה בשנה הקרובה. גם בעלי עסקים קורסים. אין-ספור אנשים קטנים נאלצו לסגור את מפעל חייהם. כיום שליש מהמובטלים הם מתחת לגיל 35. צעירים וצעירות מוכשרים מחפשים עתיד ונתקלים במבוי סתום. הם ננטשו על ידי הממשלה, שאדישה למצוקה שלהם. הכישלון בטיפול במשבר הבריאותי ממשיך להוביל אותנו למשבר כלכלי, שיוליד משבר חברתי בממדים שלא הכרנו. בינתיים ראינו רק את קצה הקרחון – עלייה במספר האנשים שלא מצליחים לשלם את ההלוואות שלקחו בשוק השחור, אלימות גואה נגד נשים, עלייה מטאורית בתופעות פסיכולוגיות כמו דיכאון, חרדה ובדידות. כאשר הממשלה כושלת ומאבדת שליטה במשבר יש רק תשובה אחת: סולידריות חברתית. זה הכישלון שלהם, אבל האחריות היא שלנו לצאת מזה יחד, כי המציאות אף פעם לא תחזור לקדמותה אבל אנחנו אלה שנבחר איך לעצב את העתיד שלנו. במקום להמשיך את המדיניות החברתית הפושעת שהביאה אותנו למציאות הזאת אפשר לבחור אחרת. עשור של הפרטת השירותים הציבוריים, עשור שבו הפכו את הרווחה, הבריאות והחינוך של אזרחים לרווח של בעלי הון – תומכי ההפרטה מכרו לנו יעילות וחיסכון אבל קיבלנו משבר. כוחנו באחדותנו. אנחנו, ברשימה המשותפת, כוחנו באחדותנו, ויש לנו חברי כנסת מעולים שעובדים ללא הפסקה, במיוחד בתקופת הקורונה, בשביל הציבור שלנו, ומשפרים את חייהם של כלל האזרחים. ברשותכם אציין רק כמה מהם: חבר הכנסת אחמד טיבי, אבו אל-כאמל, יו""ר הסיעה של הרשימה – רק לפני כמה ימים נלחם למען המורים והמורות שסובלים מאפליה מתמשכת בשיבוץ לתפקידים בבתי ספר. הדרישה שהעלה לוועדת חקירה צודקת מאין כמותה, והדאגה הכנה שלו לאנשי החינוך שלנו משקפת את רוחה של הרשימה כולה. חבר הכנסת יוסף ג'בארין, אבו תייסיר, יו""ר הוועדה לזכויות הילד – מזה שלושה חודשים, מאז שלקח על עצמו את האחריות הכבדה של ראשות הוועדה לזכויות הילד, עושה עבודה מצוינת בקידום המאבקים למען ילדים מוחלשים בזמן המשבר הקשה שבו אנחנו שרויים. העבודה העיקשת שלו למען מציאת פתרון למאות אלפי ילדים שאינם יכולים ללמוד מרחוק היא רק דוגמה אחת לפעילות החשובה שלו. חבר הכנסת סמי אבו שחאדה – אבו נאג'י, אבו נאג'י. חבר הכנסת סמי אבו שחאדה הקים פורום להפחתת מחלות גנטיות ותמותת תינוקות בחברה הערבית – שליחות אדירה, שמחברת רופאים ומומחים למשרדי ממשלה, הפועלים להעלות מודעות למחלות תורשתיות בציבור הערבי. אין לי ספק שהעבודה המבורכת הזאת תוריד את אחוז לידת התינוקות עם מומים בחברה הערבית, וגם את אחוז תמותת התינוקות. חברת הכנסת אימאן ח'טיב יאסין, אום שחאדה, יו""ר ועדת המשנה לתחבורה ציבורית – אני יודע שהיא תעשה עבודה חשובה כדי לשפר את התחבורה הציבורית לכלל האוכלוסייה, ובפרט בצמצום הפערים העצומים בין רמת התחבורה הציבורית בחברה היהודית והחברה הערבית. עבודתה תעזור להנגיש שירותים ותעסוקה לאזרחים הערבים ותשפר את רמת החיים של כולנו. רק היום היינו עם סעיד אלחרומי – הוקמה ועדה למען ערביי הנגב, במיוחד בכפרים הבלתי-מוכרים. כולנו יחד איתך, חברנו סעיד, למען שיפור מצבם של האזרחים המופלים לרעה, מספר אחת באפליה לרעה בכל מדינת ישראל. כולנו יחד איתך, ואתה חוד החנית למען ערביי הנגב. אתמול ראינו את הפירות של העבודה המשותפת שלנו: החלטת הממשלה להאריך את תוכנית החומש הכלכלית לחברה הערבית, או בשמה המקורי – החלטה 922. אני רוצה לברך את כל מי שעבד על זה מול המשרד לשווין חברתי ופקידי האוצר במשך חודשים ארוכים: מוועד ראשי הרשויות, דרך ארגוני החברה האזרחית ועד חברי הכנסת של הרשימה המשותפת. אני בטוח שהעבודה המאומצת ואחדותה של החברה שלנו תוביל אותנו לעוד הישגים רבים בקרוב בנושאים מהותיים, כמו מאבק נגד הריסת בתים, ביטול חוק קמיניץ, המאבק בפשיעה ואלימות והכרה בכפרים הבלתי-מוכרים בנגב. אני מסתכל ימינה ושמאלה ורואה איך ראש הממשלה הצליח לפרק סיעות. מימינה, למשל, גנב את הרב פרץ לתוך הקואליציה; משמאל – איך הוא הצליח לפרק את כחול לבן ליש עתיד וכחול לבן; גם את מרצ והעבודה הוא הצליח לפרק. בכל האופוזיציה, מימין ובמרכז ושמאלה, יש רק סיעה אחת שנשארה מאוחדת, זקופת קומה, שעומדת מולו עם ערכים אוניברסליים, ערכיים, דמוקרטיים, והיא הרשימה המשותפת. אני כל כך גאה באחדותה, בעמידתה האיתנה. אנחנו נישאר מאוחדים, איתנים, עם ערכים ערכיים, ונעמוד מולו בשביל להציב אלטרנטיבה אמיתית של שלום, של שוויון – גם לאומי וגם אזרחי – של דמוקרטיה ושל צדק חברתי, תודה רבה.

איציק כהן, אתה בן אדם טוב במקום הלא-טוב. אתה בן אדם נכון במקום הלא-נכון.

אתה חושב שהוא מבוזבז? הוא הכי יעיל.

עם החיוך הנחמד שלך אתה לא תשכנע אותי.

תגיד מילה על הכפרים הבלתי-מוכרים. יש 200,000 אזרחים ללא מים, ללא חשמל, בשנת 2020 במדינת ישראל. הם נמצאים שם מלפני קום המדינה. תגיד משהו, אתה שר השיכון.

זה מתאים לביבי, לא מתאים לך.

סעיד אלחרומי, איפה אתה? הנציג שלנו, הכי אמין, וזה שקיבל לבדו 70,000 קולות מהם, לבדו. הינה, זה הכתובת שלך. הוא ידבר איתך.

כי אתה רוצה לגזול את האדמות שלו, זה מה שאתה רוצה.",1
330343,"תודה רבה. גברתי היושבת-ראש, חבריי חברי הכנסת, ברצוני להגיד מילת הערכה לחברי סעיד אלחרומי. ההכרה ברח'מה, עבדה וחשם זנה – שלושתם, שלושה יישובים שאני מכיר אותם באופן אישי, הייתי שם, כל כך רחוקים בדרום – השגת את ההכרה. יישר כוח על הדרך שאתה מוביל – משכנע ומביא הישגים למרות כל החסמים, כל הקשיים. אני מאוד מעריך את דרכך. אנחנו יחד איתך. תישאר אתה חוד החנית במאבק הכל-כך צודק למען ההכרה בכפרים הבלתי-מוכרים צעד אחר צעד. כל הכבוד, יישר כוח. תודה.",1
330479,"כבוד השר, הגשתי את השאילתה ב-28 ביוני 2020, ואז כתבתי: מתחילת השנה הנוכחית נרצחו בחברה הערבית 45 אזרחים – מאז, עד עכשיו, נרצחו 89 אזרחים, כל אחד מהם עולם ומלואו. רצוני לשאול: 1. כמה מקרי רצח פוענחו ? 2. בכמה מקרים הוגשו כתבי אישום? 3. מה סוג הנשק שבו נרצחו המנוחים? 4. האם הנשקים נתפסו, הוחרמו? תודה.

כבוד השר, אני חושב שאם הממשלה מחליטה למגר חמישה דברים, היא תצליח למגר 80% מהרצח בקרב האוכלוסייה הערבית, והם: איסוף הנשק הבלתי-חוקי; מיגור כנופיות הפשע המאורגן; הפרוטקשן; השוק האפור; פענוח התיקים. הינה, חמישה דברים. כולם, כולם, אבל כולם, זה אתם. הדבר השני – כשערבי רוצח או הורג יהודי אתם לא שואלים אותנו, אבל ההצלחה משנת 48' עד עכשיו היא 100%, לא פחות. לכן, אין ילד ערבי שמאמין לכם כשאתם אומרים: תשתפו פעולה, תנו לנו להיכנס ליישובים הערביים, תנו לנו לאסוף נשק, אתם מונעים מאיתנו לבנות תחנת משטרה. הכול תלוי בכם ורק בכם. אתם לא צריכים אותנו. לכן, תמלאו את תפקידכם, בבקשה. תודה.

סליחה, סליחה. ביקשתי – – –

כן, כן, כן, לגבי שאילתה אחרת. אז תני לי, בבקשה, אני אקרא אותה.

מה אתם מציעים? שאני אקרא עכשיו או שכבוד השר יחזיר לי בכתב?",1
330615,"כבוד היושב-ראש, עמיתיי חברי הכנסת וחברות הכנסת, אני מצמיד את הצעת החוק שלי להצעת החוק של חברתי המלומדת ד""ר היבה יזבק. ההצעה אכן ראויה, חשובה, הוגנת, צודקת לחלוטין. בהצעה שלי אני מוסיף: למה יש הבדל בין תשלומי דמי ביטוח לאומי לסטודנטים מחו""ל, שלומדים בחו""ל, לבין סטודנטים שלומדים בארץ? סטודנטים שלומדים בחו""ל משלמים 57 שקלים מדי חודש, לעומת סטודנטים שלומדים בארץ המשלמים 19 שקלים. למה? דווקא סטודנטים שלומדים בחו""ל משלמים יותר מאשר סטודנטים שלומדים בארץ; הם עולים יותר כסף להורים שלהם או בכלל. לכן, אני בוודאי תומך בהצעה של חברתי היבה יזבק, שלא ישלמו כלל וכלל, ואם כבר, שזה יהיה שוויוני בין הסטודנטים בארץ לבין הסטודנטים שלומדים בחו""ל. כבוד השר אמסלם, אתה יודע שיש צעיר פלסטיני בשם מאהר אל-אח'רס, שנמצא בכלא במעצר מינהלי ללא משפט, והוא שובת רעב כבר 100 ימים ועוד יום אחד – היום. אתה מהליכוד, ואני רוצה להשתמש במונח שאני נזהר מלהשתמש בו, אבל יכול להיות שמעצם העובדה שיו""ר התנועה שלך, מנחם בגין, כבר השתמש בו מעל דוכן זה – אז אני גם ארשה לעצמי להשתמש בו. אחרי שחברי המחתרת החרדית נעצרו במעצר מינהלי בשנת 1951, מנחם בגין דיבר על המעצר המינהלי, והשתמש במילים האלה: ""החוק שהשתמשת בו הוא חוק נאצי, חוק רודני, בלתי מוסרי, וחוק בלתי מוסרי הוא גם בלתי חוקי"". על כן, המעצר שלכם הוא בלתי חוקי. זה מה שאמר המנהיג שלך מנחם בגין. יש פה מעצר מינהלי נגד פלסטיני, מאהר אל-אח'רס, מאהר אל-אח'רס. אני רוצה להזהיר את כולכם, שבמידה שמאהר אל-אח'רס ייפגע, זה עלול לגרום לשפיכת דמים בין שני העמים. אני לא רוצה שפיכות דמים בין שני העמים.

אני קורא לשחרר את מאהר אל-אח'רס לאלתר. לאלתר.

סגן השר, משולם נהרי, הציבור שלך יודע את העמדה שלך? האנשים העניים, עיירות הפיתוח, פשוטי העם? פעם הייתם תנועה חברתית; גם מבחינה פוליטית עברתם ימינה, גם מבחינה חברתית כלכלית עברתם ימינה? יש אנשים קשי יום שמבקשים שהסטודנטים לא ישלמו דמי ביטוח לאומי, ואתה אומר: לא, שישלמו. שהסטודנטים ישלמו, זה אתה? אני פה מבקש שוויון בין סטודנטים שלומדים בחו""ל לבין סטודנטים שלומדים בארץ, ואתה נגד השוויון הזה? העמדה שלך אנטי-חברתית ונגד הציבור שלך עצמך. אני רוצה לספר לך על הציבור שלנו עצמנו. לפני כחודש אני עשיתי קיזוז. למה? כי הייתי חולה קורונה מאומת. אסור לי לצאת מהבית. אז הדבר הטבעי והאחראי הוא לבקש משר, מחבר קואליציה, שלא יגיע. כך עשיתי. הציבור שלנו תקף אותנו, אכל אותנו. האמת, לא בצדק. אבל מה הציבור שלך יעשה לך, אתה? למה אתה מתנגד לכך שהסטודנטים לא ישלמו דמי ביטוח לאומי? למה אתה מתנגד? הרי אתה מייצג ציבור עני כמו הציבור שלנו.

בתוך המציאות הקשה הזאת צומח דור אבוד - -

- - שמנסה לחיות חיים במציאות כלכלית בלתי אפשרית.

הבטחנו לצעירים שלנו שאם הם ירכשו השכלה, הם יוכלו להצליח כנגד כל הסיכויים.

היום חמישית מהסטודנטים הערבים, ואני בטוח שגם חרדים - -

- - כבר נשרו מהלימודים או עלולים לעשות את זה בשנה הקרובה. גם בעלי העסקים קורסים. אין-ספור אנשים קטנים נאלצו לסגור את מפעל חייהם. כיום שליש מהמובטלים הם מתחת לגיל 35. צעירים וצעירות מוכשרים מחפשים עתיד ונתקלים במבוי סתום. הם ננטשו על ידי הממשלה, שאדישה למצוקה שלהם – שאתם חלק אינטגרלי ממנה. לא חשבתי שאתה תעלה לפה ותתנגד להצעה חברתית כזאת. לא חשבתי. חשבתי שתבקש משר אחר, אולי תברח מהאולם, אולי לא תצביע, אבל תעלה עד פה נגד הצעה כל כך חברתית כזו? אתה יודע מה, אני כל כך גאה בציבור שלנו שתקף אותנו; למרות שזה היה לא בצדק, לפחות הוא אחראי, ערני, תוקף אותנו, תולה בנו תקווה.

כנראה הציבור שלך מתחיל להתייאש מכם. מתחיל להתייאש מכם. תודה.",1
330631,אתה חבר בממשלה האנטי-חברתית הראשונה מאז - - -,1
330708,"כבוד היושב-ראש, חבריי חברי הכנסת וחברות הכנסת, היום התקיימה ישיבה חשובה בנושא המאבק באלימות ובפשיעה בקרב האוכלוסייה הערבית. מפכ""ל המשטרה מצא את האשם, והוא התרבות הערבית. ניסיתי לשכנע אותו אחרת. אמרתי לו שלפני 20 שנה, 30 שנה, 40 שנה, 50 שנה, 60 שנה, נהרגו מדי שנה משהו כמו שלושה עד ארבעה אזרחים ערבים, לא יותר. קרה משהו ב-20 השנים האחרונות. ניסיתי לעשות השוואה בין הפלסטינים אזרחי מדינת ישראל לבין הפלסטינים בגדה המערבית. בגדה המערבית חיים שלושה מיליון פלסטינים ונהרגו בשנה האחרונה 26 אזרחים. בתוך מדינת ישראל לא שלושה מיליון – מיליון וחצי, ונהרגו 95 אזרחים. אז האם הבעיה היא בעיה של תרבות או שיש סיפור אחר בתוך מדינת ישראל? ניסיתי לשכנע אותו שבכל עם, גם בהיסטוריה, גם בהווה, בתרבות יש כמה מרכיבים. בין היתר בהיסטוריה של העמים יש גם מרכיבים של אלימות ויש גם מרכיבים של סובלנות, ומי שמשפיע בעיקר זה הממסד הקיים. המפכ""ל לא הסכים לחזור בו. ואני שואל: אם משנת 48' עד עכשיו כל אזרח ערבי שהרג או רצח אזרח יהודי נתפס, בשיעור של 100%, ללא יוצא מן הכלל, אז למה כשערבי הורג או רוצח ערבי אז הפענוח לא עולה על 30%? למה כשהנרצח הוא ערבי אז רוצים שיתוף פעולה אבל כשהנרצח הוא יהודי על ידי ערבי לא מבקשים שיתוף פעולה, לא מבקשים תחנות משטרה, לא מבקשים גיוס ערבים? אני חושב שכל בר-דעת יכול להפנים עמוק עמוק: כשערבי נרצח זה חצר אחורית. מה זאת אומרת גזענות? אני רוצה לתת לכם דוגמה – מימוש למילה גזענות. כשהנרצח ערבי אף אחד לא שואל; זה לא נכנס לסטטיסטיקה; שקופים לגמרי. מה זאת אומרת? השר לביטחון פנים, כשהוא מקבל טלפון שיש רצח, הוא שואל איפה, מי נרצח. כשהוא שומע שהנרצח הוא ערבי הוא מבין טוב מאוד שאף אחד לא ישאל אותו, אף אחד לא יגיד לו: מה זה, בכהונה שלך מספר ההרוגים במדינה עלה מ-80 הרוגים ל-160, ל-200 הרוגים, אז אתה שר נכשל. אבל אם ההרוגים הם ערבים הם שקופים, אף אחד לא שואל אותו. אפילו לא יודעים. זהו המימוש של המילה גזענות. מי שעמד שם זה השקרן הגדול מכולם, בנימין נתניהו. הוא מופתע, גם מהמספרים. הוא ראש ממשלה זה 11 שנים. הגיע לישיבה שהזמין אליה חבר הכנסת ד""ר אחמד טיבי לפני שמונה שנים. עמדה מולו אישה מאום אל-פחם, אמר לה שהלב שלו נשבר, מסכן. אמר לה: אני אפתור את הבעיה האישית שלך, אני אפתור את הבעיות שלכם – לפני שמונה שנים, ועכשיו עוד הפעם הלב שלו נשבר והוא רוצה לטפל. ראש הממשלה, הבעיה היא לא אצלך, הבעיה היא איתך, אתה. אתה האשם, אתה אחראי. תודה.",1
330788,"כבוד היושבת-ראש, חבריי חברי הכנסת וחברות הכנסת, (אומר דברים בשפה הערבית, להלן תרגומם: שמי איימן עודה, ואני יושב-ראש הרשימה המשותפת, שמייצגת את התושבים הערבים הפלסטינים והיהודים הדמוקרטים. אני פונה אל בני ובנות עמנו בבחריין ובאמירויות ואומר להם שאנו עומדים פה מול הממשלה הכי ידועה לשמצה, זו שהסיתה הכי הרבה נגדנו. אנו עומדים מול מי שהחליט באמצעות חוק הלאום הגזעני שהמולדת הזאת היא אך ורק ליהודים. אני אומר לכם שאנחנו האחים שלכם."" אני במולדתי שלי לא הושפלתי / ואת כתפיי אף לא כיווצתי / אל מול העושקים אותי עמדתי / יתום, עירום, יחף ניצבתי"". אני פונה לבני עמנו בבחריין ובאמירויות ואומר להם: תמיד אתם תמכתם בסוגיה שלנו, סוגיית פלסטין. אתם לא יכולים להסכים להמשך הטלת המצור על עזה; אתם לא יכולים להסכים לייהוד ירושלים; אתם לא יכולים להסכים לייהוד מסגד אל-אקצא וכנסיית הקבר; אתם לא יכולים לעמוד בשורה אחת עם הכיבוש נגד העם הערבי הפלסטיני. לא נהגתם כך בעבר ולבטח אתם לא יכולים לנהוג כך בזמן הזה, זמן ממשלת נתניהו, הגזעני ביותר, שדינו ליפול כמו חברו דונלד טראמפ. אנו בני העם שלכם. אנו בוטחים בכם באופן מלא, בני עמנו בבחריין ובאמירויות, וסומכים עליכם שתדחו את ההסכם הזה, שעוקף את סוגיית העם הפלסטיני ושבאמצעותו שואפים אלה שנמצאים בשלטון להחליש את סוגיית פלסטין, שהייתה ותישאר הסוגיה המרכזית ביותר במזרח הזה.) שמעתי פה הרבה דיבורים על השלום, והשתמשו גם במילים בערבית – א-סלאם. כמה צביעות וכמה שקר. כנראה שערבי טוב הוא ערבי רחוק, הוא ערבי לא קרוב.

אני מכיר, דרך אגב, מה שנקרא אינטרנציונליסטים, אפילו קוסמופוליטיים, אבל שונאים רק את העם שיושב לידם בדיוק, או אנשים לאומיים, אבל שונאים רק את בן המשפחה שחולק איתם את אותו יישוב, כלומר בתיאוריה אפשר לדבר הרבה, אבל איפה שצריך לשלם מחיר אמת, פוסחים על זה. לא יהיה שלום בלי סיום הכיבוש הארור. יהיה הסכם – נקום מחר, והעם הפלסטיני מושפל תחת הכיבוש. לא יהיה שלום ולא יהיה ביטחון עד שתקום מדינה פלסטינית שבירתה ירושלים המזרחית. אני גאה, יחד עם חברי הרשימה המשותפת, להיות קול המצפון, שרואה מהי הסוגיה העיקרית, וזה סיום הכיבוש והקמת מדינת פלסטין לצד מדינת ישראל. תודה רבה.

אני אגיד לך מה השיטה שלנו – שהכיבוש הישראלי הוא ציר הרשע המרכזי – – –",1
330881,"כבוד היושב-ראש, חבריי חברי וחברות הכנסת, אני רוצה לברך את החברים שלנו ברשימה המשותפת – חברי סמי אבו שחאדה, על זה שנהיית יו""ר הוועדה לקידום זכויות אנשים עם מוגבלות, וגם חברי עופר כסיף, שנהיית גם אתה היום יו""ר הוועדה לקידום ההשכלה הגבוהה. חשוב לי להגיד שאתה, חברי עופר כסיף, מגיע מהתחום הזה, מרצה באוניברסיטה. יש לך את הידע כולו, ובעיקר יש לך את העמדה הערכית, גם הפוליטית וגם החברתית. יישר כוח, חבריי. חברי סמי אבו שחאדה, אני לא אשכח את היום שבו דיברנו ביחד על אנשים עם מוגבלות, ואז שאלתי אותך: החבר סמי, אתה מוכן שאני אדבר בשמך מול הציבור ולהגיד להם שיש בעיה בעיניים של חברנו סמי אבו שחאדה, והנושא הזה הוא הכי קרוב לליבו, והוא, בכנסת, מבטיח לכם לקדם את הזכויות של האנשים בעלי המוגבלות? אתה אמרת לי: תגיד את זה בכל מקום. ועכשיו, הינה, אתה נבחרת לעמוד בראש הוועדה הזאת, ואין אחד כמוך, שבאת ממקום שאתה מרגיש את הסוגיה הזאת, וגם עם התפיסה החברתית הכי נכונה. מאוד מאמינים בך, ואתה תצליח, וכולנו, חברי הרשימה המשותפת, נהיה איתך. חברים, אתמול אני נפגשתי עם בני גנץ, ראש הממשלה החליפי, ודיברנו על שני נושאים: מבחינתי, ביטול חוק קמיניץ, וגם על חיבור בתים לחשמל, בתים שאין להם טופס 4. אני חייב לומר שהמאבק למען ביטול חוק קמיניץ נמשך כמה שנים, אבל לאחרונה חברנו אוסאמה סעדי ישב כמה פעמים עם שר המשפטים אבי ניסנקורן. אני בטח גם איתו, ואתמול ישבנו עם בני גנץ באותו נושא. אני מקווה שתוך ימים ספורים, אם לא בדיוק מה שאנחנו רוצים – ביטול – לפחות הקפאה לתקופה מסוימת זה דבר בכיוון הנכון בהחלט. לגבי חיבור בתים שאין להם טופס 4 לחשמל, קיבלתי הבטחה לבדוק את הנושא לעומק ושתוך ימים ספורים נקבל תשובה. אני מקווה שהיא תהיה חיובית, בכיוון הנכון. המשותפת תישאר נאמנה לציבור שלה, ומקווה שתהיה לנו בשורה בימים הקרובים. תודה רבה.

תגיד לנהרי שאני מסכים, אבל רק הפעם.",1
331001,"כבוד היושב-ראש, כבוד שר המשפטים, בהתחלה אנחנו יודעים גם להגיד מילה טובה, אז אנחנו מאוד מעריכים את הנחישות שלך. רצינו לבטל את חוק קמיניץ, אבל הגענו עד הלום – הקפאה לשנתיים.

כן, כבוד היושב-ראש, תן לי קצת. זה בסוף היום.

אין עוד דיונים, תן לי להמשיך את המשפט, בבקשה. אומנם זה לא ביטול כמו שרצינו, אבל הקפאה לשנתיים זה 50% מהעשייה. אני מקווה שנשלים. אני מעריך יותר מ-20 ישיבות יחד איתך, ומעריך מאוד שהזכרת את השם של המשותפת גם בהודעה שהוצאת, זה היה הגון מצידך. כבוד שר המשפטים, בתאריך 30 במאי 2020 איאד אלחלאק, צעיר עם צרכים מיוחדים, נורה למוות בדם קר בידי שוטרים על לא עוול בכפו. רצוני לשאול: 1. מדוע טרם פורסם תיעוד הירי באיאד? 2. מדוע לא פורסמו שמות השוטרים שירו באיאד? 3. אילו פעולות ננקטות כדי לוודא שהתחקיר יהיה שקוף? תודה.",1
331122,סוף-סוף יש קול יותר חזק מהקול שלך.,1
331125,"כבוד היושב-ראש, חברי וחברות הכנסת, כמה פעמים עמדנו פה והצגנו נתונים כל כך ברורים על הגזענות ההורגת, על האפליה ההורגת – לא פחות מהמילה ""הורגת"". אני רוצה להגיד לכם שהמאבק שלנו עכשיו עומד על כך: זה או אנחנו או ארגוני הפשע. או אנחנו או ארגוני הפשע. ואתם צריכים להחליט: או שאתם עם החברה שלנו או שאתם עם ארגוני הפשע. השאלה היא בכלל לא נתונים. אתם, אין לכם מושג מה זה להיות הורה ערבי שמחסיר פעימה כל פעם שהבן שלו יוצא מהבית. זה אני, זה אנטאנס, זה אחמד, זה ג'אבר – מחסירים פעימה כל פעם שהבן שלנו יוצא מהבית. אין לכם מושג מה זה להיות צעיר ערבי שנמצא בסיכון מירי חי פי מאה מאשר ממוות מנגיף הקורונה; פי מאה מאשר ממוות מנגיף הקורונה. בכמה ניחומי אבלים אנחנו עוד נבקר, כמה פעמים נסתכל בעיניים להורים השכולים. אם היה לי שקל אחד על כל פעם שהממשלה הבטיחה תוכנית לטיפול בארגוני הפשע כבר היה לי תקציב שלם ותוכנית רצינית. אנחנו רוצים מעשים ולא דיבורים. קראתי את התוכנית הממשלתית. קראתי אותה. היא מדברת על גיוס אפילו של מוסלמים – לא ערבים, גיוס מוסלמים. אבל למה כשערבי הורג או רוצח יהודים אף אחד לא שואל אותנו: איפה השוטרים שלכם? למה? בשכונת חליסה בחיפה בעשור האחרון נהרגו עשרה אנשים – תשעה ערבים ויהודי אחד. אחרי שיהודי נרצח, באותו יום הצליחו להגיע לצעיר מחיפה. לא שאלו אותנו על תחנות משטרה, על גיוס ערבים, לא שאלו כלום. אותו דבר בכפר קאסם. בעשור האחרון נהרגו תשעה אנשים – שמונה ערבים ויהודי אחד. לא שאלו כלום. לכן, אם בתוכנית הממשלתית לא יהיה שינוי עומק – אנחנו דוחים אותה מכול וכול, לא רוצים אותה. אנחנו כן רוצים תוכנית ממשלתית, אבל תוכנית ממשלתית שתיאבק נגד ארגוני הפשע, נגד הפרוטקשן, נגד השוק האפור, למען איסוף נשק בלתי מורשה. אבי ניסנקורן, הנשק הבלתי-מורשה, מאיפה הוא מגיע אלינו? 70% ממנו מהצבא. מדינת ישראל הכל-כך ביטחונית – מהצבא שלה מגיע נשק בלתי חוקי לידי האזרחים הערבים. אנחנו רוצים שיאספו את הנשק הבלתי-חוקי. כל פעם שאנחנו מדברים נגד ארגוני הפשע המאורגן, אנחנו מסכנים את חיינו. אני מסכן את החיים שלי. אני קיבלתי איומים. קיבלתי איומים. זה לא מעניין אותנו. זה או החברה שלנו או ארגוני הפשע המאורגן. אתם צריכים להחליט: או שאתם עם החברה או שאתם עם ארגוני הפשע המאורגן. זה עומד בדיוק כך. מדברים בתוכנית על הקמת תחנות משטרה. אני לא נגד הקמת תחנות משטרה. אני נגד הגזענות של המשטרה. יש תחנת משטרה בנצרת, באום אל-פחם, בכפר קאסם. יש תחנת משטרה במג'ד אל-כרום. מאז שהוקמה, הרצח רק עלה במג'ד אל-כרום. השאלה היא לא הקמת תחנות משטרה. השאלה היא איך המשטרה מתייחסת לאזרחים הערבים. ועדת אור – לא אני – קבעה שהמשטרה מתייחסת לערבים כאל אויבים ולא כאל אזרחים. ועדת אור, ועדת חקירה ממלכתית – זה לא אני – קבעה שהמשטרה מטפחת תרבות שקר. זה בנימין נתניהו הגזען נגדנו. רק כשהוא רוצה להשתמש בזה נגד המשטרה אז פתאום מסיבת עיתונאים ופתאום הוא עומד לצד יעקוב אבו אלקיעאן. כמה צביעות, כמה שקר, כמה גזענות, על חשבון הדם של האזרחים שלנו, כמה.

אתה תסתום את הפה שלך. אתה תסתום את הפה, אתה.

תסתום את הפה, חתיכת מלוכלך שכמוך.

חתיכת מנוול שכמוך, תסתום.

ופאא עבאהרה נרצחה ואתה מדבר על טרור? תשתוק אתה, תשתוק – – –

יינעל, יינעל – תשתוק אתה. 94 אזרחים ערבים נהרגו השנה הזאת. 94 מהשכנים שלי, מהאחים שלי, נהרגו השנה הזאת. ופה יש משטרה שמצליחה לעשות הכול. מצליחה – כשהיא רוצה. מה, אתם לא יודעים מה השמות של ארגוני הפשע המאורגן? אנחנו ברשימה המשותפת קוראים לכם להיכנס באבא של אבא שלהם, לכסח להם את הפרצוף. תכסחו את הפרצוף של ארגוני הפשע המאורגן, זה מה שאנחנו רוצים. יש דבר יותר ברור מזה? אנחנו רוצים לחיות בחברה ללא נשק, ללא נשק. לא רוצים את הנשק. במה הוא טוב, הנשק הזה, במה הוא טוב, רק תגידו לי. רק תגידו לי במה הנשק הזה הוא טוב, רק תגידו. אם הורגים ערבי זה טוב? אם הורגים יהודי זה טוב? אם זה סוגיה פלילית זה טוב? אם זה סוגיה ביטחונית זה טוב? אנחנו לא רוצים נשק כלל וכלל. רוצים לחיות בחברה ללא נשק. איך אני יכול לבקר את ההורים? אני יושב-ראש המשותפת עם 15 מנדטים, על מה אני יכול לדבר עם הציבור שלי? תגידו לי, על מה אני יכול לדבר עם הציבור שלי, רק תסבירו לי, תסבירו לי. מה אנחנו צריכים לעשות? כן, אנחנו צריכים לסגור את איילון. כן, כן, כן. עשרות אלפים, לא לצאת משם, לא לצאת משם עד שתעשו משהו. פנה אליי דודי אמסלם ואמר לי: איימן – – –

חברים, אנחנו נעשה את הכול, אבל את הכול, את הכול, את הכול, את הכול. אנחנו נשתגע. אנחנו נעשה את הכול בשביל לחיות בבטחה, לחיות בכבוד, לחיות חיים נורמטיביים. וזה הכי פשוט, חמישה דברים: ארגוני פשע מאורגן, פרוטקשן, שוק אפור – המשטרה יודעת את הכול עליהם. וגם פיענוח התיקים. למה פיענוח התיקים? גם בגלל הצדק, גם בגלל ההרתעה, גם בשביל שהאימא שיודעת מי הרג את הבן שלה לא תראה את הפנים שלו בשכונה. מדברים על נקמה – אני נגד נקמה בכל מקרה ומקרה, בכל מקרה. נגד נקמה, נקודה. אני מסתכל על אימא שאומרת לי: אני רואה את הבחור שרצח את הבן שלי. ואני אומר לה: אסור לנקום, המשטרה צריכה לטפל. אז אנחנו איבדנו את המבנה המסורתי ולא הרווחנו את המדינה. אין. אני מדבר עם בחור ושואל אותו: למה אתה משלם פרוטקשן, למה אתה לא פונה למשטרה? הוא מסתכל עליי כאילו ירדתי ממאדים, אני לא יודע מאיפה ירדתי. הוא אומר לי: מה, אתה רוצה שהם יהרגו אותי, שהם ירצחו את הבן שלי? אין מדינה, אין, אין מדינה. והדבר החמישי: איסוף הנשק הבלתי-מורשה. זה בידי המדינה, זה בידי המדינה. היא לא צריכה לשאול אותנו. היא לא צריכה לשאול אותנו בכלל. כשערבי הורג יהודי היא לא שואלת אותנו. היא לא צריכה לשאול אותנו. ארגוני פשע, למה לשאול אותנו? נשק, למה לשאול אותנו? פיענוח תיקים, למה לשאול אותנו? יש מדינה או אין מדינה? יש משטרה או אין משטרה? למה צריך לשאול את נציגי הציבור? התוכנית הממשלתית – במידה שלא יהיה שינוי מהותי בתוכנית הזו שמדברים עליה, אז שיחזירו אותה. אנחנו רוצים שינוי מהותי.",1
331240,"היושב-ראש, אין שמות של הדוברים.",1
331258,"כבוד היושב-ראש, חבריי חברי הכנסת וחברות הכנסת, אני רוצה לדבר בערבית ולברך את תושבי עכו והסביבה. (אומר דברים בשפה הערבית, להלן תרגומם: תושבי עכו, שכנינו, אנחנו, תושבי חיפה, רוצים לברך אתכם על הפחתת המס שלמענה עבדה הרשימה המשותפת במלוא המסירות. אני רוצה לברך את בת העיר עכו עאידה תומא סלימאן ואת חברי ועדת הכספים אחמד טיבי ואנטאנס שחאדה, ועל סיועו של אוסאמה סעדי. אני רוצה לומר לתושבי עכו, ברשותך, עאידה, כי כאשר הייתי בחטיבת הביניים הגיע אלינו מורה לשפה הערבית ודקלם שירה מאת ראשד חוסיין על אודות עכו: ""חלום הרועים, ריקוד הריחן, אדמת הטללים, שיבולי החיטה הביישניות במלוא הדרן, צוף הפרחים שלי וחלומות הפז של הנערים הם כל מה שיש לי. האם תרצה עכו בהם כמתנה?"" זהו משורר משנות החמישים שיש לו שדה והר. אנחנו רחוקים מלהתקרב לענק היפה הזה ראשד חוסיין, אבל שיפרנו את המצב קמעא, והצלחנו לתת את המתנה היפה הזאת לתושבי עכו וגם הכפרים שהפיקו תועלת מהפחתת המס, מזרעה, גו'לס, ג'דיידה-מכר, אבו סנאן, ירכא, עראבה, טמרה, דיר אל-אסד, בענה, כאבול, סח'נין וראמה. אלף מזל טוב, בני עמנו. זה חלק ממה שאתם ראויים לו. תהיו בריאים.) תודה.",1
331395,אני בעד. חמש דקות אני צועק. חמש דקות אני צועק שהצבעתי בעד.,1
331488,"הגדלה משמעותית בשירות לאומי, למשל.

משה ארבל, יש בך משהו מיוחד.",1
331527,"כבוד היושבת-ראש, חבריי חברי הכנסת וחברות הכנסת. רביע כנאענה, רוצח גרושתו ופאא עבאהרה מלפני שלושה שבועות, עדיין לא נתפס. הוא לא כספומט, הוא אזרח ערבי. כשרוצים לתפוס בחור שירה על כספומט, אז המשטרה לא מדברת על תחנות משטרה ולא על גיוס ערבים ולא על הרחבה משמעותית בשירות הלאומי-אזרחי; לא שואלת כלום. הרי זה כסף. האם יש דבר יותר חשוב מהכסף? אז המשטרה כן מצליחה. אני מאמין בכל רמ""ח איבריי, כמו שכל אזרח ערבי מאמין במדינה, שאם המשטרה רוצה לתפוס בן אדם, היא כן יכולה לעשות את זה. אבל כשהנרצח הוא ערבי, או ערבייה כמו ופאא עבאהרה – והוא לא כספומט – אז פתאום המשטרה לא מצליחה, כמו שהיא לא מצליחה עם 70% ממקרי הרצח בקרב האזרחים הערבים. אני פונה לממשלה, לשרים, אני פונה למצפון של כל בן אדם שיכול לעזור: רביע כנאענה חייב להיתפס, ושיינמק מאחורי סורג ובריח. הצדק חייב להתממש, לא רק בגלל ופאא עבאהרה אלא בגלל כל בן אדם בהיותו בן אדם. תודה רבה.",1
331669,"כבוד היושב ראש, חבריי וחברות הכנסת, (אומר בערבית: האנשים הנכבדים העוקבים באמצעות מסכי הטלוויזיה.) אני מוכרח להגיד לכם שאני מתאהב ברגע הזה. אני חושב שכל כוח פוליטי מחפש רגעים כאלה. בואו נסתכל על ההתפתחות בפוליטיקה הישראלית. הרי בנימין נתניהו הוא שהעביר את חוק הלאום, שהמדינה היא לעם היהודי, אך ורק. מה קורה ברגע הזה? הרשימה המשותפת של האזרחים הערבים יחד עם יהודים דמוקרטים, היא זו שמחליטה אם ממשלת ישראל ממשיכה את דרכה או לא. כלומר, אפילו אם מספר התומכים יהיה 61, 66 או 68, אנחנו, עם הכוח שלנו – זה רק אנחנו. הערבים במדינת ישראל היהודית מחליטים אם הכנסת תמשיך או לא. אני אומר לבנימין נתניהו: תפנים טוב מאוד שאנחנו בני המקום הזה, בני המולדת הזאת, שאין לנו מולדת אחרת מלבדה. אנחנו לא באנו למדינת ישראל, היא זו שבאה אלינו ועלינו. אנחנו, מהמקום הכי יציב הזה – –

– – ומהמקום הכי דמוקרטי הזה אנחנו אומרים לך: זה אנחנו. אנחנו אלה שמסיימים את הכהונה שלך, אתה בדרך לבית הסוהר. זה אנחנו, זה אנחנו. היה חשוב שבבחירות האחרונות – אחדות. 1. 15 מנדטים, חסר תקדים; 2. השפעה ולגיטימציה מקרב מצביעי מרכז-שמאל. אנחנו נפגשים איתם, ופתאום אומרים לנו: אתם לגיטימיים, אנחנו רוצים אתכם, אתם תהיו שותפים. זה בזכות האוכלוסייה הערבית, האנשים שיצאו להצביע בפעם האחרונה. נהיינו לשון המאזניים. לא רק כך, אני נהנה עכשיו, אני נהנה מאוד להסתכל עכשיו בעיניו של בנימין נתניהו ולהגיד לו: אדוני ראש הממשלה, למה איך לך 61 מנדטים? למה אין לך ממשלת ימין הומוגנית שיכולה לספח, שיכולה להעביר עוד חוקים כמו חוק הלאום? למה אתה מקרטע כל יום? כל יום אתה מקרטע עם הממשלה הזאת. אני אענה לך, בגלל שהרשימה המשותפת הגיעה ל-15 מנדטים, אז אין לך 61 של הימין, יש לך 59. זה בגלל הערבים, בנימין נתניהו, זה בגלל הערבים. אתה, אתה, שהעברת את חוק הלאום, אתה – זה בגלל הערבים. תפנים את זה עמוק. יחד עם זאת, אנחנו מעבירים דברים כל כך חשובים לציבור שלנו, כמו היום בבוקר בישיבה עם אבי ניסנקורן בשביל להסיר חסמים, עוד לשפר את המתווה של הקפאת חוק קמיניץ; גם העלאת העונשים למי שנושא בנשק ולמי שסוחר בנשק. זה היום, זה היום. לא רק, בהמשך גם 922 ועוד כמה מיליארדים. בראש מורם אנחנו נמשיך את דרכנו. (אומר בערבית: אנשינו, אחינו, אחיותינו. בכבוד, בקומה זקופה, במקצועיות, כאנשים מכובדים, דמוקרטיים ותרבותיים, נמשיך את הדרך. אינשאללה נצליח יחדיו. תהיו בריאים.)

כבוד היושב-ראש, מכובדיי חברי הכנסת וחברות הכנסת, בנאום הראשון אמרתי כמה דברים, אבל האמת, לא הייתה השתתפות כל כך גדולה של חברי הכנסת, במיוחד מהימין. לכן, אני רוצה לדבר אל חברי הכנסת מהימין ולהגיד להם כמה שאני מתאהב ברגע הזה. מה זאת אומרת שבזכות הקולות של הערבים, ערבים – אנחנו פה, ויש רוב להעביר את החוק? מה זאת אומרת ""אחרי חוק הלאום"", ""אחרי חוק הלאום""?

בזכות 15 מנדטים של הרשימה המשותפת, של הערבים עם יהודים דמוקרטים, אין לבנימין נתניהו ממשלת ימין של 61. כל זמן שנתניהו מקרטע בממשלה הזו, אני אומר: זה בזכותנו, אנחנו – אנחנו.

כלומר, אחרי חוק הלאום, שאמר שהמדינה היא של העם היהודי לבדו, לבדו – –

– – באים הערבים ומחליטים עבור הכנסת על הרכב הממשלה והמשך חייה של הממשלה. זה אנחנו. זה אנחנו. בלי 11 הח""כים של הרשימה המשותפת אין 61. ראו זה פלא, ראו זה פלא: הערבים מחליטים עבור המדינה – –

– – שהעבירה את חוק הלאום, שאומר שהמדינה היא של העם היהודי לבדו.

אני מסתכל פה על דיכטר, שבבחירות האחרונות דיבר אלינו בשפה ערבית שמזכירה את הקולוניאליסטים. הוא אמר (אומר בערבית: תתעוררו, ערבים ישראלים.) שפה כל כך קולוניאליסטית. (אומר בערבית ומתרגם:) אנחנו ערים. אנחנו ערים טוב מאוד, ואנחנו משפיעים, בראש מורם ובזקיפות קומה, ואנחנו עוד נשלח אתכם, את כולכם, הביתה, למעט בן אדם אחד – בנימין נתניהו, שדרכו אל הכלא. תודה.",1
331725,"כבוד היושבת-ראש, כבוד השר, בעקבות משבר הקורונה סטודנטים רבים והוריהם איבדו את מקור פרנסתם. במקביל תשלומי שכר הלימוד ושכר הדירה נותרו על כנם. כיום סטודנטים רבים שוקלים להפסיק את לימודיהם בשל מצבם הכלכלי. רצוני לשאול: 1. האם קיימת תוכנית לסיוע לסטודנטים בשכר לימוד ובשכר דיור? אם כן, מהי? 2. אם לא, מה משרדך שוקל לעשות בעניין?

כבוד השר, שמעתי מספרים גדולים, וזה חשוב מאוד. שאלתי הנוספת היא איך זה ישפיע על סטודנט שההורים שלו מקבלים שכר מינימום והוא לא עובד?",1
331774,"כבוד היושב-ראש, חבריי חברי הכנסת וחברות הכנסת, אתמול, ביום ראשון, נפגשתי עם הורה מטייבה, והוא ביקש ממני לעזור לו, שהבן שלו לא יירצח בקרוב. פניתי לסגן השר לביטחון פנים וסיפרתי לו את כל הסיפור. אחר כך עברתי לכפר טורעאן, נפגשתי עם הורה שכול. ביקשתי ממנו להגיע לפיוס עם הנהגת המשפחה האחרת. הבן אדם בכה במשך חצי שעה, חיבקתי אותו, חיבקתי אותו, דיברתי אל ליבו, ניסיתי לשכנע, והבן אדם אומר לי דבר מאוד-מאוד מוצדק. הוא אומר לי: אני כל יום רואה במו עיניי את רוצח בני. הדם שלי – אני רותח. אני נגד נקמה, אבל תעזור לי, איך אני יכול להסתדר כל יום? שלשום נרצח עוד בחור, בכאבול. הרוצח, גם בכאבול גם בטורעאן, מסתובב חופשי. ואני שואל אתכם, כבוד השר חילי טרופר, מי צריך לתפוס את הרוצח? משה ארבל. משה ארבל.

ואני שואל: מי צריך לתפוס את הרוצח, אם זה בכאבול, אם זה בטורעאן? מי צריך לעצור את הרצח הבא בטייבה? האם זה אנחנו, האם זה חברי הכנסת, או שזה המשטרה? משהו רקוב בממלכת – – –

ויש גם בכפר קאסם, וגם בנצרת, גם במג'ד אל-כרום – אבל אין התנהלות רצינית מול הרוצחים. אני חושב, או מאשים אפילו את המשטרה שהיא משתפת פעולה עם ארגוני הפשע; אני מאשים את השופטים שהם מפחדים מארגוני הפשע. שופטי מדינת ישראל מפחדים, מפחדים מארגוני הפשע. יש תוכנית למיגור הפשיעה. הממשלה אמורה לאשר אותה עוד שבוע. שם כתוב כך: אנו מעריכים שיידרש מאמץ מתמשך של עשור לפחות להפחתת התופעה הבלתי-רצויה עד לרמה שדומה לשיעורה בחברה הכללית. כלומר, לפי התוכנית הממשלתית למיגור הפשיעה צריך עשור, עשור. עכשיו תגידו לי, בבקשה: כל תוכנית חומש של הממשלה, מה מומש ממנה? 50%, 30%? מדובר על עשור. אנחנו צריכים לחכות עשר שנים – –

– – עד שאחוז הרצח אצל הערבים יגיע לממוצע הכללי במדינה.

כבוד היושב-ראש, אנחנו דוחים מכול וכול את הגישה הזו של הממשלה.

תוכנית כזו, צריך להחזיר אותה. מי שרוצה, מי שרוצה לפענח, מספיקים לו חודשים, כי זה רק חמישה דברים.

ארגוני פשע מאורגן, פרוטקשן, שוק אפור, איסוף הנשק ופענוח התיקים. תודה רבה.",1
331814,(אומר בערבית: ייבנה בית במקום כל בית שייהרס.),1
331837,"כבוד היושב-ראש, בשבוע שעבר נרצח ילד בן 12, עלי איימן אבו עליא מכפר אל-מוע'ייר. אין מילים לתאר את גודל האבדה של קטיעת חייו של ילד באכזריות עוד בתחילת חייו. השם של עלי עוד מגיע לתודעה הציבורית, אבל יש אין-ספור ילדים פלסטינים, קורבנות המשטר הצבאי בשטחים, שלא תשמעו עליהם בחיים. בממוצע, יש בכל חודש 270 פלישות לבתים של פלסטינים בשטחים הכבושים. הפלישות האלה מובילות לפגיעה נפשית קשה במבוגרים, ובמיוחד בילדים, המשפיעה עליהם לכל החיים. הבית הוא המקום הבסיסי ביותר שבו הורים אמורים להיות מסוגלים להבטיח את ביטחון הילדים. כל פלישה לבית שבו ילדים ישנים היא צלקת לכל החיים. את המציאות הגזענית של הכיבוש אי-אפשר לתקן, אי-אפשר לקשט; את המציאות הגזענית הזאת אפשר רק לסיים. יש פה עם. העם הפלסטיני דורש שתכירו בזכויות הלאומיות שלו לעצמאות, חופש, ביטחון ושגשוג. תודה.",1
332181,"כבוד היושב-ראש, כבוד השר, קודם כול, בשם הרשימה המשותפת, אני רוצה להעריך כמה דברים שקידמת יחד איתנו, וזה גם הקפאת חוק קמיניץ, גם העלאת העונש למי שנושא נשק וסוחר בנשק, ועכשיו – הסרת החסמים בתכנון ובנייה. חשוב לי לדעת אם התוכנית תובא מחר, אם מביאים אותה. השאלה הנוספת, בבקשה: הצפי ליישום בהקדם, וגם התקצוב, בבקשה. תודה.",1
332190,"כבוד היושב-ראש, תודה רבה שנתת לי את ההזדמנות. כבוד סגן השר, בגלל שהשאילתה היא מיולי 2020, ופה רשום 56 נרצחים, והיום, בדצמבר, המספר עלה ל-102 נרצחים, וכל אחד מהם הוא עולם ומלואו – אז אני חוזר על אותן שאלות, לגבי התוכנית למיגור הפשיעה. כבוד סגן השר, קראתי את התוכנית. בעמ' 39 כתוב שאחרי עשור מספר הנרצחים בחברה הערבית יהיה זהה לממוצע הכללי. אחרי עשור. השאלה השלישית, כבוד סגן השר: מה נעשה למיגור ארגוני הפשע והנשק הבלתי-חוקי? כל יום ברוב היישובים הערביים יש ירי בלילות. בכל כיום. בכל יום. בבקשה.

כבוד סגן השר, גם בגלל שאתה מבין קצת ערבית, אני רוצה להגיד לך מה אמר שחקן סורי בשם ג'אוור אל-טושה. הוא אמר: (אומר דברים בערבית ומתרגם.) בתרגום חופשי: עם יד על הלב, אתה מאמין במה שקראת עכשיו? עם יד על הלב, אני רוצה לשאול אותך: ארגוני פשע מאורגן – או שאתם לא יודעים מי הם, או שאתם לא יכולים עליהם, או שמבחינתכם הערבים הם חצר אחורית או שתמלא אתה מה שאתה רוצה. תמלא. השאלה ששאלתי אותך, ואני מבקש עליה תשובה: תוכנית למיגור אלימות – אני קראתי אותה. בעמ' 39, בסיכומים, כתוב כך: ההצלחה תבוא אחרי עשור – כלומר, אחרי 1,000 הרוגים ערבים. אחרי עשור. רק אחרי עשור הממוצע הכללי, הממוצע של הנהרגים הערבים, יהיה זהה לממוצע הכללי. תוכניות החומש במדינת ישראל מצליחות או ב-0% או ב-30% או במקסימום 50%. תוכנית עשור – אתה מאמין למה שכתוב שם? אני מבקש תשובה כנה ואמיתית. תודה.

מה המספר של הנרצחים הערבים?",1
332322,"כל הכבוד, תמי, על השותפות.

כבוד היושב-ראש, עמיתיי חברי הכנסת וחברות הכנסת, מאז שבנימין נתניהו חזר לשלטון, משנת 2009 עד עכשיו, נרצחו 1,000 אזרחים ערבים והתווספו 3,000 יתומים חדשים. משרד ראש הממשלה הכין תוכנית, כביכול, למיגור האלימות והפשיעה בקרב האוכלוסייה הערבית. כתוב בתוכנית שבאוקטובר 2019 הנחה ראש הממשלה מר בנימין נתניהו את ממלא מקום מנכ""ל משרד ראש הממשלה – מה זאת אומרת אוקטובר 2019? כלומר, מייד אחרי המחאה הציבורית שלנו לפני כשנה. בסיכום של התוכנית הזו כתוב כך, כבוד היושב-ראש: אנו מעריכים שיידרש מאמץ מתמשך של עשור, עשור לפחות, להפחתת התופעה הבלתי-רצויה עד לרמה שדומה לשיעורים בחברה הכללית. כלומר, צריך עשר שנים בשביל שהפשיעה בקרב האוכלוסייה הערבית תתחיל לרדת. זאת אומרת, התוכנית הזו היא גזר דין מוות ל-1,000 ערבים. אם יש 100 ערבים בכל שנה – בעשור 1,000 ערבים. גזר דין מוות ל-1,000 ערבים, 3,000 יתומים ערבים יתווספו למספר היתומים. היום האוכלוסייה הערבית עוד מוכיחה שאף אחד לא ייתן לנו את הזכויות שלנו – אנחנו ניקח אותן במו ידינו. חסמנו את כביש 6, אנחנו נחסום את איילון. תהיה שביתה כללית, לא ברמה של המוסדות באוכלוסייה הערבית ותו לא, אלא הצעירים שלנו יעמדו בכניסות וביציאות של היישובים משעה 03:00 עד 09:00, ולא ניתן לאף אחד לצאת מהיישובים שלנו – לא עובדי בניין, לא עובדי שירותים, לא רופאים, לא הייטקיסטים, לא נהגי משאיות, לא ניתן לאף אחד. שביתה כללית, שתשבית את המשק כולו. חייבים להפנים, לעומק, שהחיים במדינה לא יהיו טבעיים אם החיים אצלנו לא יהיו טבעיים, לא יהיו נורמליים. אף אחד לא יחיה בשגרה אם החיים אצלנו הם במצב חירום. זהו המאבק שלנו, וכל בן אדם בהיותו בן אדם צריך לעמוד לצידנו. את התוכנית הזו אנחנו דוחים מכול וכול עד שישפרו את הדברים המהותיים בשביל שיהיה ביטחון אמיתי בקרב האזרחים הערביים. תודה.

היא צודקת. מה, בגלל שהיא גם ערבייה וגם אישה?

עפר, סליחה. גם ערבייה, גם אישה – לא נפגע בה.

וואי, וואי, וואי, וואי, וואי.

איפה האחריות של האנשים? זה הדבר היחידי?

אתה – – – אתה תפסיד בבחירות.",1
332379,"כבוד היושב-ראש, עמיתיי חברי הכנסת וחברות הכנסת, לא היו הרבה כנסות שאנחנו בהן לשון המאזניים, כלומר, ההפרש הוא רק שני קולות, ואנחנו הצבענו ב-11 קולות. אני חושב שיש בזה אמירה מאוד מאוד חשובה. אותם אנשים, אותה ממשלה, אותו ראש ממשלה, העביר את חוק הלאום, שראה בנו קבוצה לא לגיטימית בכלל בכלל. אני פונה לכולם שיפנימו עמוק עמוק שאנחנו אזרחי המדינה; ששאבנו את הלגיטימציה שלנו בעיקר מהיותנו בני המולדת הזו.

אנחנו מתעקשים להיות גם לגיטימיים וגם משפיעים, כמו שהיינו בלילה הזה. אני רואה פה את מי שהעביר את חוק הלאום, חבר הכנסת אבי דיכטר, שבתקופת הבחירות פנה לאזרחים הערבים ואמר לנו (אומר בערבית: התעוררו, ערביי ישראל,) בשפה כל כך קולוניאליסטית, במבטא כל כך קולוניאליסטי. דרך אגב, אני חושב שהאמירה הזו הוסיפה לנו עוד מנדט. אנחנו נמשיך בראש מורם ונשפיע – –

– – כמו שהשפענו בלילה הזה.

יישר כוח, חברי הרשימה המשותפת, יישר כוח. ביי ביי, ביבי, ביי ביי.",1
332400,"כבוד היושב-ראש, לכל איש יש שם, לכל אזרח ערבי יש שם. נרצחים ערבים בשנת 2020: סמיר עומריה, 50 שנה, אבטין; מחמד ג'בארין, 22, אום אל-פחם; נימר נזמי סלימאן, 46, ריינה; עלי בדאווי, 30, כפר קאסם; אחמד שרקייה, 30, ג'ת; מוחמד שרקייה, 40, ג'ת; אמיר אבו חוסיין, 25, באקה אל-גרבייה. 110 אזרחים ערבים נרצחו השנה.",1
332516,"כבוד היושב-ראש, אני מודיע שאני עותר לבג""ץ נגד שר הביטחון ונגד הרמטכ""ל על זליגת מאות אלפי כלי נשק מהצבא לידיים של האזרחים. אם מתריעים כבר שנים, ואם הצבא כבר יודע ש-400,000 כלי נשק הגיעו מהצבא לידי האזרחים הערבים – הנשק הזה הורג והרשלנות הזאת הורגת. שר הביטחון יודע וגם הרמטכ""ל יודע, אז איך הם מאפשרים? אני חושב שכל אזרח במדינה יודע היטב: אם הצבא באמת רוצה לעצור את הפשע המתמשך הזה, יש ביכולתו לעשות הכול – להקים ועדה, ללמוד מה הנסיבות, מה קרה, למה זה קורה, איך עוצרים, ולפעול מייד. עד עכשיו כלום לא נעשה. אני הגשתי את הדרישות שלי גם לשר הביטחון וגם לרמטכ""ל, ואני גם אעתור לערכאות המשפטיות. תודה.",1
333011,"כבוד היושבת-ראש, חבריי חברי הכנסת וחברות הכנסת, זהו דיון פגרה ביוזמת הרשימה המשותפת וחברי ד""ר אחמד טיבי, ואני גאה בחברים שלנו מהרשימה המשותפת שבאמצע הבחירות עזבו את הכול ונמצאים פה במליאה בשביל לזעוק את זעקתו של ציבור שלם בנושא החשוב ביותר והאנושי ביותר והצודק ביותר, הריהו חיי בני האדם והמאבק נגד האלימות והפשיעה. במקום ללכת סחור-סחור צריך לחפש את מקור הבעיה. אנחנו, האזרחים הערבים, איבדנו את המבנה המסורתי שלנו, אבל במקביל לא הרווחנו את המדינה, כלומר אין עוד לא המוכתר, לא הנכבדים שפנו לצעירים ואמרו להם די, אנחנו כבר לא נמצאים בתקופה ההיא, אבל במקביל לא הרווחנו את המדינה. מה זאת אומרת? כשאני פונה לבחור שמשלם פרוטקשן ושואל אותו: למה אתה לא פונה למשטרה? הוא מסתכל עליי כאילו ירדתי מהמאדים, מהירח. כלומר, אין מדינה. לתוך הוואקום הזה נכנסו גם ארגוני פשע מאורגן, פרוטקשן, שוק אפור, נשק בלתי מורשה, ש-90% ממנו מגיע מהצבא, וגם חוסר פענוח לתיקי הרצח. אם מנצחים את חמשת הדברים הללו אז מנצחים כ-80% מהפשיעה בקרב האזרחים הערבים, ממש 80%, ממש ממש. השר לביטחון הפנים מצא את האשם, הרי הוא התרבות הערבית, אבל אם עושים השוואה בין הערבים בשנות השישים והשבעים לבין הערבים של היום, אז מוצאים שהבעיה היא לא התרבות, כי הרי אנחנו אותם ערבים שהיו פה בשנות החמישים והשישים והשבעים והארבעים והשלושים ובשנות העשרים. אם עושים עוד השוואה בין הערבים בתוך מדינת ישראל לבין הערבים בשטחים הכבושים משנת 67', שיעור הרצח גבוה פה פי שבעה או פי שמונה פעמים יותר מאשר הפלסטינים בשטחים הכבושים, אם זה בגדה ואם זה בעזה. לכן הבעיה היא לא התרבות אלא בדיוק הדבר שאני דיברתי עליו – אלה ארגוני הפשע המאורגן, הפרוטקשן, השוק האפור, הנשק הבלתי-מורשה וחוסר הפענוח של תיקי הרצח. אני מסתכל עליך, סגן השר יברקן. כשנהרג בחור אתיופי על ידי המשטרה כולנו עמדנו ביחד בעמדה מאוד מוסרית נגד הרצח. אני אישית הייתי יחד איתכם בהרבה הפגנות. יחד איתכם סגרנו את איילון, כי צדק צדק תרדוף, תהיה בן אדם. אני שואל אותך: אתה, למה לא גינית את המתקפה של המשטרה נגד המפגינים באום אל-פחם? המשטרה שלך, שהיא מוגת לב מול ארגוני הפשע המאורגן והיא חזקה מול תושבי אום אל-פחם. למה לא שמענו ממך עמדה מוסרית? אני רוצה להגיד לך, אנחנו לא חוזרים בנו. אנחנו גאים בעמדה שלנו לצד האתיופים מול אלימות המשטרה, אנחנו גאים, ואם מקרה כזה יחזור על עצמו – חס ושלום, אני מקווה שלא יהיה – אנחנו נמשיך בעמדתנו הערכית, המוסרית, עם כל המוחלשים. זה כוח, זו לא חולשה. זה כוח, זו לא חולשה. אבל אני רוצה להגיד איך אני מבין את הכוח. פתאום כולם מכבדים את הציבור שלנו רק בגלל הכוח של הרשימה המשותפת. פתאום הימין מבין שהוא לא יכול איתנו, והמרכז-שמאל המתנשא מפנים שהוא לא יכול בלעדינו. פתאום נתניהו, שאמר ""הערבים נוהרים"", הוא בעצמו נוהר מיישוב ערבי ליישוב ערבי אחר – –

– – הוא נוהר לנצרת, הוא נוהר לאום אל-פחם, הוא נוהר לטירה, לערערה שבנגב, לג'ואריש, לזרזיר, לבסמת טבעון; ביקר ביישובים הערביים בחודש האחרון יותר מבכל ימי חייו.

והמרכז-שמאל המתנשא זהו אותו יאיר לפיד שאמר שאנחנו זועביז; הוא מתכוון לחנין זועבי ולמכובדים החברים שלנו ממשפחת זועבי שאנחנו כל כך מכבדים.

כן, יש להם את נאיל. כן. הוא אומר עכשיו שהוא רוצה את המשותפת לא כגוש חוסם, לא כממליצה, לא המשותפת ללא בל""ד. לא, לא, לא. הוא רוצה את כל המשותפת כחלק מהממשלה. למה? מה קרה? קרה רק דבר אחד ויחיד: המשותפת הביאה 15 מנדטים. הימין מבין שהוא לא יכול עם המשותפת; המרכז-שמאל מבינים שהם לא יכולים בלי המשותפת. אנחנו מחפשים שוויון מתוך עוצמה, שוויון מתוך כוח. לא מספיק להיות בני אדם, להיות עם האתיופים ולסגור את איילון. זה לא מספיק. לא מספיק להיות אנשים צודקים. אנחנו חייבים להיות קבוצה חזקה, וזה מה שקרה עם המשותפת. אנחנו מבינים שנתניהו הוליך את מנסור עבאס שולל. אנחנו מבינים. אנחנו מבינים את זה. אבל אנחנו בטוחים שהציבור שלנו מפנים טוב מאוד שאנחנו לא נגיע לשוויון, אף פעם לא נגיע לשוויון בלי עוצמה פוליטית. לכן, את הדרך של המשותפת אנחנו צריכים להמשיך ולחזק. לגבי האלימות והפשיעה, אין קיצורי דרך. חברים, אין קיצורי דרך. אנחנו חייבים להיאבק כמו שעשינו לפני שנה וסגרנו את העורקים הראשיים. אז נתניהו פנה לארדן שיתחיל עם תוכנית מיגור הפשיעה בקרב האוכלוסייה הערבית, אז התחילו. היום התוכנית הזאת אמורה לעבור בממשלה, אבל אנחנו קרענו אותה. כתוב שם שאחרי עשור – אחרי עשר שנים – אנחנו נראה את התוצאות, אז יופי. אחרי המאבק שלנו עשו את הצעד הראשון: הכינו תוכנית, אבל התוכנית הזאת לא תצליח למגר את הפשיעה בקרב האזרחים הערבים. אז מה שאנחנו צריכים לעשות – אנחנו התחלנו את הדרך. הייתה שנת קורונה. אחרי הבחירות אנחנו נמשיך ונסגור את העורקים הראשיים ונסגור את איילון. רוצים לראות את השכבות המוחלשות, את הקבוצות המוחלשות, יחד איתנו – הרי זה מאבק למען החברה כולה, למען החברה כולה, נגד הפשיעה ונגד האלימות. רק בדרך של מאבק ושל עוצמה אנחנו נצליח. הרשימה המשותפת חייבת להצליח בבחירות הקרובות. תודה רבה.",1
333130,מתחייב להיאבק נגד חוק הלאום – – –,1
333146,אמרתי בצורה ברורה: מתחייב אני.,1
333554,"למה אתה מתבייש שאתה ערבי? למה? לפחות אנחנו לא מתביישים, אנחנו גאים. למה אתה מתבייש?",1
333568,רואים – – – בירושלים ועזה. רואים.,1
333704,"כבוד היושב-ראש, המפכ""ל צדק: בן גביר הוא שהצית את השטח. אז המשטרה מבצעת מעצרים, 1,500 מעצרים, אבל לא נגד אנשי להב""ה, לא לה פמיליה, לא מתנחלי יצהר, אלא הצעירים הערבים, לרבות קטינים. ממשלת ישראל חיפשה תמונת ניצחון, היא לא השיגה, אז יש בפסיכולוגיה שמי שמתנכלים לו חוזר הביתה ומתנכל לאנשים שכביכול יותר חלשים ממנו, ואז פתאום יש תמונת ניצחון. לעצור ילד בן 15, לפנצ'ר גלגלים של אופניים של ילד בן 16 – תמונות ניצחון. אני חייב להגיד לך שבמאורעות כאלה לא מטפלים דרך השב""כ, כי מזה לא יוצא כלום. כולם יצאו בבית הסוהר יותר גאים. יותר גאים. איך מתנהלים? מתנהלים בדרך של שלום ושוויון, של פתירת בעיות אמיתיות בקרב האוכלוסייה הערבית. אנחנו ברשימה המשותפת קוראים ליועץ המשפטי לממשלה לשחרר את כל העצורים. תודה.",1
334030,"חוק הלאום – – – כהסתה לאורך כל הדרך.

כבוד היושב-ראש, עמיתיי חברי הכנסת וחברות הכנסת, הרבה אנשים שמחים היום במדינה. אפשר להבין זאת. חלקם – בגלל השחיתות בתיקים הפליליים. אחד כמוני – בעיקר בגלל השחיתות העיקרית והיא העמקת הכיבוש, הרחקת השלום, השיסוי בין האוכלוסיות, ההסתה נגד האזרחים הערבים, חוק הלאום, חוק קמיניץ. לכן יש מקום לשמחה, אבל בוודאי אין מקום לשאננות. מהיום אנחנו נשתחרר מהדוקטרינה של כן ביבי, לא ביבי, וניגש לעיקר – לעקרונות, לדבר פוליטיקה עקרונית. לילד הזה לא התפללנו. הממשלה שתקום היום היא ממשלה רעה. אם מדובר על התיקים עצמם, אז יש תיקים מאוד חשובים לאזרחים הערבים. למשל, משרד הפנים – זה שקד, מהימין הקיצוני; משפטים – זה סער, מהימין הקיצוני; אוצר – זה ליברמן, מהימין הקיצוני; שיכון – זה אלקין, מהימין הקיצוני; נגב וגליל, 70% מהאזרחים הערבים חיים בנגב ובגליל – זה עודד פורר מישראל ביתנו, ימין קיצוני. ומעל לכול והחשוב מכול, זוהי ממשלת עסקת המאה, ומדובר בעיקר על ירושלים, מכיוון שהיא קונסנזוס ציוני אז התנחלויות בירושלים, הריסת בתים בירושלים, וגם אזורי C בגדה המערבית – כלומר, עסקת המאה. ופנימה, אין ספק שיש כיוון מיוחד נגד הנגב. אני שמעתי טוב את הנאום של ראש הממשלה המיועד בנט מלפני ארבעה ימים בעד איסוף האזרחים מהנגב, וגם שמעתי עכשיו את נאום הפתיחה שלו. חברי סעיד אלחרומי, זו לא הממשלה שלך. זו לא הממשלה שלך. זו ממשלה נגד אזרחי הנגב הערבים. התבשרנו ושמענו על שותפות יהודית-ערבית. בממשלה הזאת יש שותפות יהודית-ערבית על בסיס פגיעה בירושלים, פגיעה בערביי הנגב ופגיעה באזרחים הערבים.

אנחנו מחפשים שותפות אחרת של יהודים וערבים, על בסיס של שלום, שוויון, דמוקרטיה, וצדק חברתי, שאין בממשלה הזאת.

(אומר בערבית: עזרו זה לזה במעשים טובים וביראת שמיים, ואל תעזרו זה לזה לפשוע ולהתנכל.) הממשלה הזאת היא – (אומר בערבית: תעזרו זה לזה לפשוע ולהתנכל.) תודה רבה.",1
334720,"כבוד היושב-ראש, עמיתיי חברי הכנסת וחברות הכנסת, הממשלה הזאת הוקמה לפני שבועיים, וכבר הספיקה לקבל כמה החלטות, ואני אמנה אותן: אישור מצעד הדגלים בירושלים; שתי תקיפות על עזה; צווי הריסה בנגב; המשך הפשיעה והמשך חוסר הפיענוח של הפשיעה; אישור של 31 תוכניות בנייה בהתנחלויות; המשך השתלטות על ירושלים המזרחית וגירוש תושבי שייח' ג'ראח; פשרת אביתר – פשרה בין כובשים לגוזלים על חשבון העם הפלסטיני; היום – הריסת בתים בסילוואן; ביטול החל""ת ל-70% מהמובטלים והשארת מאות אלפי משפחות ללא תעסוקה.

בימים הללו הממשלה חושבת איך להעביר את חוק האזרחות.

ואני רוצה להזהיר, אני רוצה להזהיר, במיוחד אנשים שהצביעו כל הזמן נגד חוק האזרחות – אני מתכוון אליכם, במרצ, אני מתכוון לרע""מ, אני מתכוון למרב מיכאלי: זה בידיים שלנו. אם אנחנו, המשותפת, יחד איתכם, מצביעים נגד החוק הזה, החוק לא יעבור. נקודה. לא יעבור.

אני רוצה להתריע מאפשרות של עסקה בין הליכוד לבין הממשלה בשביל להעביר חוק-יסוד: ההגירה, ובמקביל – להעביר את חוק האזרחות בהסכמה בין האופוזיציה לבין הקואליציה, ואתם תסתפקו בלהתנגד, לצאת טהרנים.

אבל אתם חלק מממשלה שלא רק מעבירה, אלא ביכולתכם – ממש ביכולתכם – למנוע זאת. אני מבקש עמדה מצפונית, עמדה ערכית. תודה רבה.",1
335134,"כבוד היושב-ראש, עמיתיי חברי הכנסת וחברות הכנסת – נדב ארגמן, ראש השב""כ, אני מאשים אותך בשיתוף פעולה עם ארגוני הפשע המאורגן ברצח אזרחים ערבים. המשטרה מאשימה אותך. דבר כזה צריך להרעיד את אמות הסיפים בבניין הזה, שהשב""כ נותן חסות לארגוני הפשע המאורגן. כמה דיברו על אשמים אחרים, בין היתר, על התרבות שלנו. לא חשבו שזה לא היה המצב לפני 20 שנה ו-30 שנה; לא חשבנו שזה לא המצב, למשל, בגדה המערבית. זה רק פה בתוך מדינת ישראל. השב""כ הוא לא עוד ארגון. הוא לא ארגון פוליטי, לא אמור להיות לא ימין ולא שמאל. זו המדינה העמוקה. המדינה העמוקה משתפת פעולה עם ארגוני הפשע המאורגן בקרב האזרחים הערבים. והמשטרה מצאה אשם חדש, גם בגלל שהיא רוצה להגיד: אני לא יכולה. הידיים שלי כבולות. אנחנו לא מקבלים את הטענה של המשטרה. הכתובת שלנו היא לא השב""כ, הכתובת שלנו היא המשטרה. מי שיכול לנצח את ארגוני הפשע המאורגן, את הפרוטקשן, את השוק האפור, את הנשק הבלתי-מורשה, זו המשטרה. היא הכתובת שלנו. לכן אני פונה לחברי הכנסת וקורא לכם לחתום על עצומה שקוראת להקים ועדת חקירה, ועדת חקירה בנושא הזה – בנושא של האשמת המשטרה את ארגון השב""כ בכך שהוא מקדם קשר חסות, הגנה על ארגוני הפשע המאורגן בקרב האזרחים הערבים. מבחינתנו אין נושא יותר כאוב, שפוגע בנו יותר, מנושא הפשיעה בקרב האזרחים הערבים.

אנחנו, האזרחים הערבים, אין לנו אמון בשב""כ.

אנחנו, אין לנו אמון בשב""כ. במדינה דמוקרטית, מי שאמור לטפל זה גוף אזרחי, וזו המשטרה. נקודה. והיא יכולה, והיא הוכיחה זאת בקרב האזרחים היהודים, והיא הוכיחה זאת בנתניה, והיא הוכיחה זאת בכל מיני מקומות. היא הוכיחה. היא יכולה, אם היא כן רוצה. אז אני עובר לנושא אחר – ונמצאת פה שרת הפנים אילת שקד. אני רוצה להגיד לך שאני לא תולה בך תקווה. את גזענית. את כך. את בנויה בצורה הזאת. אין לך שום בעיה לפגוע בטף ערבי, בילדה ערבייה. אין לך שום בעיה לעשות זאת. אין לך. במדינת ישראל לא אומרים שצריך לבטל את חוק השבות בגלל נתן זאדה, למשל, שרצח ארבעה ערבים בשפרעם, בגלל גולדשטיין, שרצח בחליל, בחברון, או בגלל עמי פופר, שהרג פועלים ערבים בשנת 1990. על זה לא אומרים: בגלל שיש טרוריסטים יהודים, צריך לבטל את חוק השבות. לדעתי, צריך לבטל אותו ממניע אחר לגמרי – שצריך לאזרח את כל החוקים לטובת כלל האזרחים. זה מניע אחר לגמרי. אבל במדינת ישראל אין את הטיעון הביטחוני. בשביל לבטל חוק – זה רק כשהוא נוגע לאזרחים הערבים, כי הפילוסופיה של הקמת המדינה היא ליהודים, ועל חשבון האזרחים הערבים. זוהי הפילוסופיה.

זוהי האידיאולוגיה הגזענית ששולטת במדינה הזאת.

זו המולדת שלי. במולדת שלי אני צריך לחיות בשוויון אזרחי ולאומי.

אני רוצה לפנות למרצ, אלייך, תמר זנדברג: תמיד הצבעתם נגד החוק הגזעני הזה. אני מקווה ומצפה ממרצ שגם הפעם יצביעו נגד החוק הגזעני הזה. אני שמעתי את מרב מיכאלי בשנה שעברה – היא תקפה את החוק הזה ואמרה: אני לא יכולה לתת יד, אני מתנגדת. אני מקווה שהיא תעמוד במילה שלה, בעמדה הנכונה והמוסרית, ותצביע יחד עם מפלגת העבודה נגד החוק הגזעני הזה.

אני פונה אליכם, גם למרצ, גם למרב מיכאלי וגם לרע""מ – אני פונה גם לרע""מ: אל תיתנו יד גם לעסקה בין הליכוד לבין הממשלה הזאת, כלומר, להעביר את חוק-יסוד: ההגירה, וגם להעביר את החוק; כאילו אתם מתנגדים, אבל הממשלה שאתם שותפים לה, אתם נותנים לה להעביר את החוק הדורסני, הגזעני הזה. אתם ממילא שותפים בממשלה ימנית. ימנית.

הממשלה הזאת סיימה אתמול שלושה שבועות ראשונים.

החוק למניעת איחוד המשפחות – היא עובדת בשביל להעביר אותו עכשיו; שלוש תקיפות בעזה; צווי ההריסה בנגב; אישור מצעד הדגלים בירושלים, וכתוצאה – חידוש התבערה האזורית; המשך האלימות והפשיעה בקרב האזרחים הערבים והמשך אי-פענוח התיקים – שמונה נרצחו מאז הקמת הממשלה הנוכחית ו-52 מתחילת השנה; ביטול החל""ת ל-70% מהמובטלים והשארת מאות אלפים ללא תעסוקה, בעיקר בנצרת, באום אל-פחם וברהט; אישור 31 תוכניות בנייה בהתנחלויות; פשרת אביתר – – –

המשך ההשתלטות על ירושלים המזרחית וגירוש תושבי שייח' ג'ראח וסילואן ודיכוי אלים של ההפגנות נגד הגירוש. אם זאת ממשלת השינוי, אז השינוי הוא ימינה. השינוי הוא ימינה. זו ממשלה שהיא נגד כל הערכים הטובים, נגד השלום בוודאי, נגד השוויון בוודאי – –

– – נגד הדמוקרטיה, נגד הצדק החברתי.

אתם שותפים בממשלה הרעה והימנית הזאת – – –

אבל לפחות היום, היום, החוק הדורסני, הגזעני, שפוגע ישירות ביום-יום – לא בתיאוריה, לא כאילו אידיאולוגיה רחוקה, אלא פגיעה ישירה, יום-יומית, בילדים, בטף, באנשים. אני פונה לאנשים שיש להם מצפון, ויש אנשים כאלה. אני חולק על זה שהם חלק מהממשלה הזאת. אני מדבר על מרצ. אני חושב שאתם כן – מה זה ""אני חושב""; אם לא תעשו, זה קרע, קרע בינינו לביניכם, זה קרע בין מרצ לבין האזרחים הערבים וקרע היסטורי בין מרצ לבין אנשים דמוקרטים יהודים. אני קורא לכם להצביע נגד ולהפיל את החוק הדורסני הזה. תודה רבה.

מאז 48' עד עכשיו זה בדיוק אתם.

במיוחד אתם, מפלגת המתנחלים. במיוחד אתם, מפלגת המתנחלים.

– – – אמורים להיות בבית הדין בהאג. את אמורה להיות בבית הדין בהאג.

זו – – – ששיתף פעולה עם ארגוני הפשע?",1
335253,"אייכלר, אייכלר, אני מסכים איתך על כל מילה. למה אין – – –

כבוד היושב-ראש, עמיתיי חברי הכנסת וחברות הכנסת, אני אדבר בשפה הערבית. (אומר דברים בשפה הערבית, להלן תרגומם: אני רוצה לדבר עם הרשימה המאוחדת בשפה הערבית, בשפת ילדי העם האחד, שפת ילדי הארץ האחת, ילדי האנשים שלנו, שסובלים מהחוק הנפשע הזה. אני רוצה לדבר אתכם בשפה שלנו כי כל אותם גזענים לא מעניינים אותי. פירקתם את הרשימה המשותפת ועצבנתם אותנו. שיתפתם פעולה עם נתניהו ואנחנו כעסנו עליכם. דיברתם בשפה כנועה לנתניהו כדי שייפגש אתכם וכעסנו עליכם. הלכתם לדרוקמן, התחננתם אליו שסמוטריץ' ובן גביר יקבלו אתכם, והם לא קיבלו אתכם.)

(החלטתם לתמוך בממשלה של נפתלי בנט.)

(אבל היום, ברגע הזה, היום, ברגע הזה – יש לכם חצי שעה, לכם ולנו; אנחנו יכולים להפיל את החוק הזה לחלוטין. גדעון סער, שלא עובר את אחוז החסימה, לא רוצה ללכת לבחירות. נפתלי בנט, שלא עובר את אחוז החסימה, לא רוצה ללכת לבחירות. אנחנו יכולים להיות איתנים לחצי שעה ולהפיל את החוק הזה. שמעתם את אילת שקד אומרת לפני עשר דקות: אני רוצה לעשות את מה שעשה דרעי. דרעי בכל שנה נתן ל-1,200 או 1,300 החלטה ל-5/א – לא אזרחות, 5/א – אני מתכוונת לעשות את אותו הדבר, לא יותר מפעם אחת. חבל, הכוח הזה נמצא בידיכם ובידינו. אנחנו יכולים לפסול את החוק. אסור לכם להצביע איתם ולפגוע באנשים שלנו בקולות של ערבים הפעם הזאת. אני מבקש מכם מדם ליבי שלא תעשו זאת. אללה ייתן לכם בריאות.)

אני הצבעתי – – – אני רציתי להביא – – – נתניהו. נקודה.

אני רציתי להביא את – – – נתניהו. נקודה.",1
335312,"– – – המשותפת הפילה את החוק הזה. אנחנו הפלנו אותו.

לא. הערה חשובה: חוק האזרחות נפל.",1
335377,"כבוד היושב-ראש, עמיתיי חברי הכנסת וחברות הכנסת, ברשותכם, אני רוצה לדבר בשפה הערבית אל הציבור שלנו על החוק שהצלחנו להפיל אתמול – חוק איחוד משפחות. (אומר דברים בשפה הערבית, להלן תרגומם: בני עמי היקרים, אני רוצה לדבר איתכם על ההישג החשוב שהשגנו אתמול בהפלת חוק מניעת האיחוד. אני רוצה לדבר על ארבע השלכות: ראשית – מהו החוק; שנית – מהיום בבוקר מהו המעמד החדש, במיוחד של מבקשי איחוד המשפחות; הנושא השלישי – מה תעשה הממשלה אחרי שהפסידה בהצבעה אתמול; הסעיף הרביעי – איך נתנגד לו ונצליח להתנגד לו. בנוגע לעניין הראשון, החוק הזה הוא אחד החוקים הנפשעים, הפשיסטיים ביותר ברמה העולמית. החוק הזה אומר שבמקרה של נישואים בין שני פלסטינים משני צידי הקו הירוק, אסור לתת לבן הזוג לא אזרחות ולא זכויות ביטוח ולא זכויות בריאות ולא אפשרות לנסוע מחוץ לארץ והגבלות נוספות. עד לרמה הזאת החוק הנפשע הזה רוצה לקבוע לאנשים לא לאהוב, לא להתחתן ואיך לחיות. אין חוק כזה בשום מדינה בעולם. החובה המוסרית שלנו הייתה להתנגד לחוק הזה ולהפיל את החוק הזה. העניין הזה הסתיים אתמול – הישג חשוב מאוד. השאלה היא מה המצב הנוכחי. המצב הנוכחי הוא שלפי החוק אסור לכל אדם מעזה להגיש בקשה. החשיבו את עזה כישות טרוריסטית, ואנחנו חושבים שהמצור הוא הטרוריסטי, הכיבוש הוא הטרוריסטי. אנשי עזה הם כולם גאווה ושייכות, ומגיע להם לחיות בכבוד. עניין נוסף הוא שלכל אדם מתחת לגיל 35 אין זכות להגיש בקשה; גבר – מתחת לגיל 35, אישה – מתחת לגיל 25. כל העניינים האלה התבטלו. עכשיו כל אדם – אני פונה אליכם, אתם ששומעים אותי עכשיו: כל אדם יכול עכשיו, מהיום, להגיש בקשה לאיחוד משפחות. השרה הגזענית אילת שקד תפעל כדי לסרב לבקשות, אבל יש חוק בישראל שמכריח אותה להגיש תשובה מפורטת בתוך שלושה חודשים, והתשובה חייבת לספק טענות ביטחוניות ברורות – המילה ""ביטחוניות"" היא במירכאות, במובן האידיאולוגי. במקרה שאילת שקד מסרבת לנושא הזה, אתם יכולים לפנות לבית המשפט, ושם היא צריכה לשכנע את השופט. אנחנו יודעים שהתשתית הגזענית של המדינה היא עמוקה, גם בית המשפט, ואנחנו יודעים שהמושג ""ביטחון"" הוא פרה קדושה, אבל עם זאת יש שטחים גדולים שבהם שרת הפנים הגזענית לא יכולה להציג הוכחה בנוגע למעורבות ביטחונית לפי הגדרת הרשויות. לכן, מה שעשינו פותח אופקים מעשיים ואמיתיים להשיג בפועל את הזכויות של האנשים האלה, וזה כמובן הישג גדול למי שהצביע נגד החוק הזה והפיל את החוק הזה. השאלה החשובה עכשיו: מול העניין הזה, כיצד תפעל הממשלה? זו ממשלה גזענית. בנט ואילת שקד לא יעזבו את הנושא. הם רוצים לנסות בשבוע הבא, בשבוע שאחריו, בין שיביאו את החוק על ידי שכנוע נוסף של חברי הקואליציה ובין על ידי הסכמה עם האופוזיציה, עם הליכוד, להגיש חוק דוגמת חוק ההגירה כחוק-יסוד עם החוק הזה, ואפילו אם יעזבו חלק מהקואליציה שהצביעו נגד – לא נורא, הם, עם הליכוד, יש להם רוב. והממשלה תנהג באופן הזה בין שהיא באה כקואליציה לבדה ובין בתיאום עם האופוזיציה. ככה תנהג הממשלה. השאלה היא איך ננהג אנחנו. אני אומר לכם בבירור ובביטחון עצמי שאנחנו יכולים להפיל את החוק הזה במאה אחוז. במאה אחוז. איך? למשל, עם הקואליציה. אנחנו נצביע נגד, ואני פונה אל הערבים שיושבים בקואליציה שלפחות – מספיק שנכנסתם לקואליציה הגזענית הזאת. לפחות תצביעו נגד החוק הזה, לפחות. כמו כן נקיים ישיבה במיוחד עם מרצ. אנחנו, הרשימה המשותפת, נקיים ישיבה מיוחדת עם מפלגת מרצ ונאמר להם: באיזו זכות הצבעתם בעד? בפעם הקודמת הצבעתם נגד. זה – דבר ראשון. דבר שני, אם הממשלה תלך עם האופוזיציה, מה יהיה? נפנה אליהם פעם נוספת ונגיד להם: תראו, בנושא הזה אתם יכולים לומר שזה עניין שאין ברור ממנו. אם אתם רוצים להיות עם האופוזיציה נגד העם שלנו, אנחנו נפיל את הממשלה. אין דבר יותר ברור מזה. תחשבו שבנט לא עובר את אחוז החסימה. הוא רוצה בחירות? אילת שקד לא עוברת את אחוז החסימה. היא רוצה בחירות? גדעון סער לא עובר את אחוז החסימה. הוא רוצה בחירות? אני אומר לכם במאה אחוז: יש ביכולתנו למנוע מהממשלה להחזיר את החוק הנפשע הזה. אנחנו, כאשר אנחנו מתפללים: אלוהים, תפזר אותם, הכוונה היא לגזענים, לכיבוש, לכנופיות, לעוול. לא לפזר את העם שלנו, את האנשים שלנו, את המשפחות שלנו, את התינוקות שלנו והילדים שלנו. אנחנו לא רוצים שהקואליציה תהיה מאוחדת, אנחנו רוצים איחוד של המשפחות והילדים. לפעמים העניין נכפה עלינו, אבל לפעמים – כמו הפעם הזאת – העניין בידיים שלנו במאה אחוז. במאה אחוז. העניין בידיים שלנו, למנוע את החוק הזה לחלוטין וסופית, וזה מה שנעשה. אבל עד אז אני אומר למשפחות האלה, אני אומר לילדים, שאני מנשק את המצח שלהם, אני אומר להם מברוכ. זה לא ניצחון במובן הזה שמחר העולם יהיה ורוד במאה אחוז, אבל אין ספק שזה צעד חשוב מאוד בדרך לחיות בכבוד כמו שמגיע לכם. הרשימה המשותפת על כל מרכיביה, על כל חבריה, לעולם – לעולם – תהיה לצידו של העם שלנו. אללה ייתן לכם בריאות.)",4
335562,"תודה רבה. כבוד יושב-ראש הכנסת, עמיתיי חברי הכנסת וחברות הכנסת, ראש הממשלה נפתלי בנט, היום הממשלה שלך מונעת מח'אלדה ג'ראר להשתתף בלוויה של בתה. אתמול הממשלה שלך מנעה מהרשות הפלסטינית את הכסף שאמור להגיע למשפחות של שהידים ואסירים.

בשבוע שעבר תקפתם את עזה. בשבוע שלפני – אפילו ביום הראשון להקמת הממשלה – אישרתם את מצעד הדגלים. היום הרסתם בתים בשקֵיב א-סלאם, ואני רואה שסעיד אלחרומי שהוא משקיב א-סלאם, נמצא פה באולם הזה. בשבוע שעבר גם ביצעתם מעצרים מינהליים נגד הצעירים שלנו, והשב""כ משתולל ביישובים הערביים ועוצר אנשים, לרבות צעירים.

חשוב לי שאתה תפנים משהו על העם הערבי הפלסטיני.

העם הערבי הפלסטיני כבר נאבק בשנות העשרים, נאבק בשנות השלושים, נאבק בשנות הארבעים, החמישים, בשנות השישים, בשנות השבעים, בשנות השמונים, בשנות התשעים, ומשנת 2000 עד עכשיו הוא עוד נאבק. מי שחושב שהפלסטינים הם פחות מעם, הוא לא קורא את ההיסטוריה, הוא לא מבין כלום. מי שחושב שאין תודעה לאומית, הוא לא מבין כלום. יש שני צדדים: יש את הצד שלך – כולל, נמצא פה ראש האופוזיציה בנימין נתניהו – הצד שלכם אתם. ויש הצד שלנו, אנחנו אנשי השלום, שמכירים שיש פה שני עמים. מגיעה לשניהם זכות להגדרה עצמית. יש פה שני עמים. מגיעות לשניהם זכויות לאומיות. הדרך שלנו, בגלל שהיא צודקת, הוגנת, כלפי שני העמים, היא תנצח אותך ואת הממשלה שלך. עוד יסתיים הכיבוש ותוקם מדינת פלסטין לצד מדינת ישראל, ופה יהיה שלום מלא, הן ברמה האזרחית והן ברמה הלאומית, לאזרחים הערבים. והדברים הללו עוד ייטיבו עם שני העמים. תודה רבה.",1
335782,"אתה מחבל, דיכטר, כל חייך – – –",1
335867,"כבוד היושב-ראש, עמיתיי חברי הכנסת וחברות הכנסת, מתחילת השנה הזאת, 2021, נרצחו 61 אזרחים ערבים. הותירו אחריהם 207 ילדים יתומים. היום, לפני שעה וחצי, נרצח בקר נאטור, אללה ירחמו, מקלנסווה. לבקר יש שישה ילדים. נותרו יתומים. בשלושת החודשים האחרונים נורו שלושת האחים של בקר נאטור, אדהם, סאלח ומחמוד, בתוך שלושה חודשים, והם עכשיו מוגבלים. אבל אין פענוח. יש נרצחים, אבל אין רוצח. בשנה שעברה, 2020, נרצחו 113 אזרחים ערבים. פענוח התיקים עומד על 20%. הכי נמוך בעולם כולו זה במדינת ישראל כשהנרצחים הם ערבים. בגדה המערבית, למשל, שבה חיים שלושה מיליון פלסטינים, בשנה שעברה נרצחו 27 אנשים – 25 תיקים פוענחו. זה בגדה המערבית. האם זו רשלנות שנובעת מגזענות, כלומר, הערבים הם שקופים? כשהשר לביטחון פנים מקבל טלפון שיש רצח והוא שומע את שם הנרצח – מחמוד, למשל – הוא מרגיש הקלה, כי אף אחד לא ישאל אותו: למה אחוז הנרצחים עלה במשמרת שלך. הרי ועדת אור, ועדת חקירה ממלכתית, קבעה שהמשטרה מתייחסת לערבים כאל אויבים ולא כאל אזרחים. במאורעות האחרונים, במאי 2021, ראינו איך המשטרה, 20 שנה אחרי אוקטובר 2000, עדיין מתייחסת לאזרחים הערבים כאל אויבים ולא כאל אזרחים. דיברתי על בקר נאטור מקלנסווה. הרי כולם שמעו שכוחותינו הורסים בתים בקלנסווה. אם מתייחסים לקלנסווה כאל מקום של אויבים מעבר לגבול – יש את רוח המפקד, וזה מחלחל למטה. זו לא רק גזענות. לפני כעשרה ימים ערוץ 12 גילה שיש קשר בין ראשי כנופיות הפשע לבין השב""כ. הרי הם סייענים של השב""כ. והמשטרה אומרת: השב""כ נותן להם חסות, אז הידיים שלי כבולות. דבר כזה אמור להרעיד את אמות הסיפים בבניין הזה: גורם משטרתי בכיר אומר שיש קשר בין ראשי כנופיות הפשע, שהם סייענים של השב""כ, לבין החסות שהשב""כ נותן להם מפני המשטרה. רק על הדבר הזה צריך להקים ועדת חקירה ממלכתית. רק על זה. רק על זה ראש השב""כ אמור להיות מפוטר. הוא צריך להתפטר. אבל הסוגיה היא לא ביטחונית, הסוגיה היא אזרחית. אני לא רוצה לשמוע שהמשטרה רואה שהידיים שלה כבולות. לא. הכתובת היא משטרת ישראל. נקודה. לא השב""כ. חברים, כולנו יודעים מה הפתרון – חמישה דברים, חמישה דברים: כנופיות פשע מאורגן, פרוטקשן, שוק אפור, נשק בלתי מורשה ופענוח תיקי הרצח. חמישה דברים, לנצח בהם – מנצחים 80% מהפשיעה בקרב האזרחים הערבים. הכתובת היא המשטרה. אני רוצה לפנות לחברים שלנו, חברי הכנסת הערבים, בשפה הערבית.

(אומר דברים בשפה הערבית, להלן תרגומם: לפני זמן קצר ראינו את ההצבעה בנושא מח""ש. 58 הצביעו נגד, 56 הצביעו בעד, כלומר, מספיק שאחד יצביע באופן שונה ותהיה תוצאה שווה. בנושא מח""ש הייתם צריכים לעמוד איתנו, כי היחידה לחקירות שוטרים – אנחנו הרבה יותר עשוקים ממנה. אבל לא עמדתם איתנו. אני מבקש מכם שביחס לכל עניין לאומי, ביחס לכל מה שקשור לעם שלנו – נושא הפשע, האסון שבאסונות, אין בו מקום לטקטיקה, אין בו מקום לנהוג באופן רשמי או לא רשמי. אין דבר חשוב יותר מהנושא הזה. אני מבקש מכם, בכל הכנות, בכל השייכות, אל תענו לנפתלי בנט או לגדעון סער או לאילת שקד או לאיווט ליברמן. תענו לעם שלנו. זה תלוי בכם, איך תצא ההצבעה. זה תלוי בכם. בכל ליבי אני פונה למנסור עבאס, אבו מוחמד, אני פונה לווליד טאהא, אבו מוחמד, אני פונה למאזן גנאים, אבו מוחמד, אני פונה לסעיד אלחרומי, אבו מוחמד, אני פונה אליך, ג'ידא רינאוי. ג'ידא, את בת נצרת, ונצרת חשובה יותר, ואת בת העם שלנו, והעם שלנו חשוב יותר. אל תעמדי עם נפתלי בנט ועם ליברמן, תעמדי עם העם שלנו בנושא הזה. אני פונה למופיד מרעי, אני פונה לעיסאווי פריג', אני פונה לכל חברי הכנסת הערבים.) מוסי רז, אני מסתכל עליך. אני יודע כמה אנחנו קרובים בדעות. אני מאוד מכבד אותך, מאוד מכבד אותך, ואני יודע שאנחנו מסכימים על כמעט 90% מהסוגיות. אתה מהאנשים הכי מתקדמים, ויש לי הערכה רבה אליך. בנושא אלימות ופשיעה, אל תשמע לנפתלי בנט, אל תשמע להם. תעמוד לצידנו בצורה איתנה, עקרונית – – –

אל תיתן לאף אחד להטעות אותך בטעות כל כך גסה, כל כך קשה, כמו בנושא הזה. ועדת חקירה עם שיניים, עם סמכויות – אנחנו זקוקים לבמה החשובה והמכרעת הזאת. אינשאללה (אומר בערבית: שנצביע יחד. זה תלוי בנו ורק בנו. אללה ייתן לכם בריאות.)

לא מקובל, מה שאתה אומר. מעכשיו – – –

תיקח את האחריות – – – מעכשיו – – –

בית המשפט, תקשורת, אקדמיה – – – זה מה – – – ערבים לא – – –",1
336142,"יואב, יואב, לא, חיזקתי, חיזקתי.

כבוד היושב-ראש, עמיתיי חברי הכנסת וחברות הכנסת, אני מבקש את הזמן שלי.

לפני שאני אדבר על הנושא שהתכוונתי לדבר עליו, חשוב לי להגיד לכם שתושבי הנגב נמצאים שם לפני קום המדינה; המדינה, שהפילוסופיה שלה היא להקים מדינה למען העם ועל חשבון הילידים – זה המצב. לכן מבחינת הממשלה הנוכחית, ממשלת בנט, והממשלה הקודמת, המתנחלים הם לגיטימיים, ההתנחלויות לגיטימיות, אבל תושבי הנגב, בני המקום, הם לא לגיטימיים. דבר כזה לא יתקבל בשום היגיון, בשום מקום בעולם.

אני מבקש, בבקשה, את הזמן שלי.

אני מבקש, אתה לוקח מהזמן שלי.

אני מבקש מהיושב-ראש שישמור את הזמן שלי.

אני לא בטוח. אני – יש לי שלוש דקות. אני רוצה לדבר במלוא הזמן.

כבוד היושב-ראש – – – אני לא דיברתי.

כבוד היושב-ראש, עמיתיי חברי הכנסת וחברות הכנסת – סיפור אישי, אבל גם קולקטיבי. ביום רביעי הרגשתי כאבים עזים בגב, אז נסעתי לבית החולים רמב""ם; כאבים עזים מאוד מאוד. חשבתי דווקא על האזרחים הערבים בכפרים הערביים. אמרתי: איך יכול להיות, אנשים שיש להם כאבים כל כך עזים, מתי יגיעו לבית חולים? אין בית חולים אחד בתוך יישוב ערבי. אתם יודעים שתוחלת החיים של ערבים ויהודים – לטובת היהודים. לפי מרכז טאו, היישובים הערביים רחוקים מבית החולים הקרוב יותר מ-22 קילומטרים, בממוצע, לעומת היהודיים – 14 קילומטרים. במדינת ישראל יש 33 בתי חולים רשמיים, כולם במקומות של יהודים או עם רוב יהודי, ואפס ביישובים הערביים. אני אתן לכם עוד דוגמה. למשל, בטמרה או בכאבול, כשירצו לנסוע לבית החולים הקרוב ביותר, שהוא בנהרייה – אין קו אוטובוס ישיר – הם יצטרכו חצי שעה. היום הרשימה המשותפת ישבה עם שר הבריאות ניצן הורוביץ, והייתה ישיבה חשובה. ביקשנו ממנו, בהיותו שר שמאלני ממרצ, שיקים את בית החולים הרשמי הראשון ביישוב ערבי. הוא אמר שהם מתכוונים להקים שני בתי חולים רשמיים – אחד בגליל, אחד בנגב. שאלנו אותו: אז איפה בגליל? והוא ענה: בקריית אתא. למה בקריית אתא? הרי בחיפה יש בית חולים רמב""ם, בית חולים בני ציון, בית חולים כרמל. יש גם בנהרייה בית החולים, גליל מערבי, יש בית חולים זיו בצפת, ויש פוריה, ליד טבריה. אבל, למשל, באזור נטופה או שגור או טמרה, למשל – כולם רחוקים.

כולם רחוקים. אל-בטוף – אבן אל-בטוף, אוסאמה – כולם רחוקים. אז צריך להקים שם. גם בנגב – צריך להקים ברהט. ברהט יש 70,000. הוא הבטיח לבחון את המצב. אנחנו, ברשימה המשותפת, נשב שוב עם שר הבריאות ניצן הורוביץ ונגיד למרצ: לא מספיק שאתם יושבים בממשלה ימנית שמקדמת התנחלויות, שמקדמת התנחלויות בירושלים, שמנסה לשנות את הסטטוס קוו במסגד אל-אקצא, שמנסה להרוס בתים בשייח' ג'ראח – כל הדברים הללו, אנחנו נתנגד להם – אבל בית חולים בצל משרד בראשות ניצן הורוביץ ממרצ זו זכות של האוכלוסייה הערבית, ואנחנו לא נרפה עד שיוקם בית החולים הרשמי הראשון ביישוב ערבי. תודה רבה.",1
336573,"גם החרדים הם אנטי-ציונים.

על מה אתה מדבר? אתם עשור בשלטון, והאלימות השתוללה אצלנו. על מה אתה מדבר? לפחות תשתקו.

אנחנו אומרים שאנחנו חלק מזה – – –

שמע, יש שני צדדים: יש שאתה לפעמים מצביע לא עקרונית בשביל להפיל אותם, ויש הם, שמצביעים לא עקרונית רק בשביל להשאיר את הקואליציה. רק אנחנו מצביעים לפי המצפון שלנו. זאת האמת.",1
336586,"כשאתה בקואליציה אתה לא יותר טוב מהם.

ממשלת נתניהו נגד המוחלשים; ממשלת בנט נגד המוחלשים. זה – – –

כבוד היושב-ראש, עמיתיי חברי הכנסת וחברות הכנסת, בואו נגיד את האמת: אתם מדינה שפשוט מאוד לא בטוחה בעצמה. למה לא בטוחה בעצמה? מה זאת אומרת שממשיכים את תקנות שעת חירום 73 שנים? מה זאת אומרת? מה זאת אומרת שהמדינה הזו מקדמת את חוק הלאום אחרי 70 שנה מהקמת המדינה? מה זאת אומרת שהמדינה מנסה לשכנע את העולם, אפילו מבקשת מאש""ף להכיר בה כמדינה יהודית? כל כך לא בטוחים בעצמכם, כל כך לא בטוחים בפרויקט שלכם, כל כך לא בטוחים בפילוסופיה של הקמת המדינה? מה זאת אומרת שקבוצת רוב מקדמת חוקים קולקטיביים לקבוצת הרוב ולא לקבוצת המיעוט? הרי בכל מדינה דמוקרטית המיעוט מקבל את הזכויות הקולקטיביות בשנה המכוננת, ואחר כך חלק מהדמוקרטיה היא לשמר את קבוצת המיעוט, את התרבות, את החינוך, את הדברים הקולקטיביים. רק במדינת ישראל מונעים מקבוצת המיעוט זכויות קולקטיביות ומקדמים רק לקבוצת הרוב. אתם אנשים שלא בטוחים בעצמכם, לא בטוחים בפרויקט שלכם. אתם אנשים – גרמתם עוול לעם שלם, לכן מנסים להצדיק את הדבר הזה גם עם תקנות שעת חירום, גם עם חוק הלאום, גם מבקשים מאחרים להכיר בכם. אין מדינה בעולם שעושה את זה. אין מדינה שמבקשת מאנשים אחרים להכיר בה וגם במבנה החוקתי הפנימי שלה, רק במדינת ישראל. יש פה משהו לא נורמלי, חברים, לא טבעי. כנראה שהפרויקט הוא אכן לא נורמלי ולא טבעי, והוא בא על חשבון עם אחר. תודה רבה.",1
336791,"יש לך חצי, אפשר לשאול שאלה?

אסמע, מדינת ישראל, מאז 48' עד עכשיו, הקימה 940 יישובים חדשים. כולם ליהודים, ואפס לאזרחים הערבים. אני לא מדבר על הכרה; לא מדבר על שבט קיים, שנתנו לו סמל יישוב, אלא שבנו יישוב חדש בשביל ערבים. אז אתה מבין שזו לא טעות סטטיסטית; אתה מבין שזה לא רק אפליה, לעומת – אם זה אפליה, אז מ-940, אנחנו 20%, אמורים להקים לנו משהו כמו 150 או 200. אני לא מדבר על אפליה; לא שיקימו 70 ולא 200, שזה אפליה. זה אפס, כלומר זו אידיאולוגיה. אז מה אתה עונה לאנשים בנגב?

מה, אנחנו רוצים כמה שיותר ערבים בכמה שפחות אדמה? כמה שיותר ערבים בכמה שפחות אדמה? או מגיע לאזרחים הערבים – אנחנו חיים בכפרים, לא רק בישראל – – –

לא, לא, בצלאל, אני מביא לך בשביל שתענה. אנחנו חיים בכפרי בטון. בטון על בטון על בטון על בטון. יישוב, זה יישוב כמו שצריך. אז מה אתה עונה?

לא, אתה על הבמה, אתה על הבמה, ויש לך 20 דקות. אתה על הבמה ויש לך 20 דקות.

אבל זו אדמה פרטית, פרטית.

אני בעד בנייה רוויה. תקים עיר ערבית – – –

תקים עיר ערבית עם בנייה רוויה.

אני בעד, תקים עיר ערבית חדשה.

יאללה, בוא נעשה הסכם, עיר ערבית חדשה עם בנייה רוויה.

יואב, כל הסיפור שלא הצלחתם לשכנע את סמוטריץ' לקחת – – –

זה כל הסיפור. תעזוב מהשאר.

אז עד שהוא יגיע. שלוש דקות, או עד שהוא יגיע. יש לי עשר דקות.

שלוש דקות, או עד שהוא יגיע. כבוד היושב-ראש, עמיתיי חברי הכנסת וחברות הכנסת, עוד מעט הכנסת תביא את חוק הוותמ""ל. האמת, הוא מועיל, חשוב, לאוכלוסייה הערבית בפרט. חבר הכנסת סעיד אלחרומי, יו""ר ועדת הפנים, יביא את החוק. אני מברך על כך. אנחנו ברשימה המשותפת מן הסתם נתמוך בחוק החשוב הזה. כמה פעמים אמרתי שבכנסת הזו יש חברים בקואליציה שמצביעים לפעמים לא לפי מצפונם, אלא מטרתם העיקרית לשמר את הקואליציה, ויש אנשים באופוזיציה שלפעמים מצביעים לא לפי העקרונות שלהם, העיקר מבחינתם זה להפיל את הקואליציה. יש רק סיעה אחת ויחידה שמצביעה כל הזמן אך ורק לפי המצפון שלה, וזו הרשימה המשותפת. אני פונה לחברים ברע""מ ואומר להם: הינה, אנחנו מצביעים בעד חוק הוותמ""ל. זה כל כך ברור. חבל שלא הצבעתם לפי המצפון שלכם בהצבעה על איחוד משפחות. דרך אגב, זה נושא יותר חשוב מכל תקציב, יותר חשוב. חבל שלא הצבעתם עם ההצעה לחבר בתים לחשמל אפילו אם אין להם טופס 4, זה היה תלוי אך ורק בכם. חבל שלא הצבעתם בעד ההצעה שלי להקים ועדת חקירה בנושא הקשר בין השב""כ לבין ארגוני הפשע המאורגן. ממש ממש חבל, אבל אנחנו, הרשימה המשותפת, מנסה. זה כל כך ברור, נצביע בעד חוק הוותמ""ל. תודה רבה.",1
336827,"כבוד היושב-ראש, חבריי חברי הכנסת וחברות הכנסת, מדי שנה אני מעדכן את המסמך שמדבר על חלקם של משקי הבית הערביים בתשלום המיסים במדינת ישראל. לא כי אני מאמין שאנשים צריכים לקבל את הזכויות שלהם מכיוון שהם משלמים מיסים, הם אמורים לקבל זאת בהיותם אזרחים, ובכל זאת, עקב הוויכוח על תרומתן של האוכלוסיות, אמרתי: אני רוצה לראות כמה מיסים אנחנו משלמים. הינה, לפני כשנה, על פי נתוני שנת 2019, משקי הבית הערביים שילמו בסך הכול 9.2% מסך כל המיסים ששילמו משקי בית בישראל. משקי הבית הערביים שילמו 5.2% מתשלומי מס הכנסה, 6.5% מדמי הביטוח הלאומי ו-8.7% ממס הבריאות. מסך כל המיסים העקיפים שילמו משקי הבית הערביים כ-12.8%, 11.5% מסך כל המע""מ, 27.5% מסך כל המס על טבק, לצערי הרב, 11.2% מסך הבלו על הדלק, כ-10.7% מתשלומי האגרות וכ-10.2% מתשלומי הארנונה. ערך המס העקיף, האגרות והארנונה, ששילמו משקי הבית הערביים מהווה 24.8% מההכנסה נטו למשק בית, לעומת 15.5% בקרב משקי בית יהודיים. בסך הכול האזרחים הערבים שילמו 42 מיליארד שקלים מיסים למדינת ישראל. 42 מיליארד בשנה אחת. בחמש שנים זה מגיע ל-210 מיליארד שקלים. והינה, אנחנו רואים את תקציב המדינה וכמה האזרחים הערבים מקבלים. דרך אגב, אנשים שמשלמים מיסים, זה לא אמור לחזור היישר רק אליהם, כי יש מה שנקרא טובת הכלל. חלק ממה שנקרא טובת הכלל, מן הסתם אני לא מסכים לו, כמו הכיבוש, למשל. לחלק אני מסכים, כמו איכות הסביבה, כמו עורק ראשי, כמו דבר שמוסיף לכולנו, ואז בוודאי, לא כולם צריכים לחזור, ובעיקר בדמוקרטיה מגיעות לאנשים זכויות ללא התניות. אבל בשביל להבין, מדובר על תוכנית חומש, חומש, של 30 מיליארד, אני רוצה להזכיר לכם את 922. 922 הייתה לערבים, שזה 15 מיליארד שקלים, וצריך להוריד את הבדואים בצפון ואת הבדואים בדרום וגם את הערבים הדרוזים. כולם ביחד היו 24.5 מיליארד שקלים. נוסיף גם את התוכנית למאבק בפשיעה, 2.5 מיליארד, כלומר כמו 922, אותו הדבר גם התוכנית הנוכחית. עכשיו, כשרע""מ נכנסו לקואליציה, ואני לא מקבל את זה כלל וכלל מבחינה עקרונית, אמרתי, ואללה, יכול להיות שבתקציב הם ישיגו בפעם הראשונה עיר ערבית. כבוד היושב-ראש, מדינת ישראל מאז 48' ועד עכשיו בנתה 940 יישובים חדשים, כולם ליהודים ואפס לערבים; אמרתי, אולי בית חולים, בפעם הראשונה: יש 33 בתי חולים רשמיים במדינת ישראל, אין ביישוב ערבי. אמרתי, יכול להיות משהו איכותי מסוים. עכשיו, לבוא ולהצביע בעד תקציב, ש-50% ממנו למה שנקרא ביטחון – אבל לא רק, גם להעלות את החשמל; החשמל זה לא רק עבור הבתים. חשמל – כלומר, להעלות את המוצרים בכל מקום. אותו דבר הדלק ודברים אחרים. פשוט מאוד, המדינה רוצה לתת יד ולהחזיר בעשר ידיים. תודה רבה.",1
336946,"כבוד היושב-ראש, עמיתיי חברי הכנסת וחברות הכנסת, עוד שערורייה, שערורייה קשה מאוד: שלשום בטלוויזיה דני קושמרו פונה לחיים בר לב – –

– – לעמר בר לב, השר לביטחון פנים, והוא אומר לו שקצינים בדימוס אמרו לקושמרו – ואני מצטט: תן להם, זה אצלם, שיהרגו אחד את השני. כך קציני משטרה במדינת ישראל מתייחסים אל האזרחים הערבים. מה השר לביטחון פנים עמר בר לב עונה לו? לצערי, זה נכון. לצערי, זה נכון. כמה צדקנו. אבל ממש ממש לצערי, לצערי, אנחנו צדקנו. הלוואי שלא צדקנו. שערורייה נוספת, לפני חודש – יש קשר בין השב""כ לבין ארגוני הפשע המאורגן. דברים כאלה במדינה דמוקרטית, שבאמת חודרת לחיים של האזרחים שלה, אמורים להרעיד את אמות הסיפים של המדינה כולה, אבל זה לא קורה. אנחנו נדאג שהם כן ירעידו את אמות הסיפים של המדינה כולה. אם החיים של 20% מהאזרחים לא יהיו נורמליים, אז החיים של המדינה לא אמורים להיות נורמליים. נקודה. לכן, שלשום בוועדת המעקב קיבלנו החלטה לסגור את העורקים הראשיים של המדינה ביום חמישי הבא. אנחנו נעשה את זה. ברגע זה יש ישיבה של מזכירי המפלגות בוועדת המעקב, שאמורים להחליט על שביתה כללית – שביתה של ממש, שכוללת את הרופאים הערבים ואת כל הערבים שנמצאים בכל מקום ומקום במדינה, שביתה אמיתית, רצינית, שממש תשבית את המשק כולו. אם החיים שלנו לא יהיו נורמליים, אז החיים של המדינה לא אמורים להיות נורמליים. אם הממשלה לא דואגת לכך, אז אנחנו נדאג שזה מה שיקרה. אדוני היושב-ראש, לפני יומיים הייתי ביישוב ערבי בצפון. אמרו לי: ירו על הבן שלנו ופנינו למשטרה ואמרנו לה שהאחיין שלנו לווה כספים מהשוק האפור, אז פנו אליו, דברו איתו ותבינו ממי הוא קיבל את הכסף, אז מי אמור – מי זה יכול להיות, זה שירה עלינו. עד עכשיו עברו עשרה ימים ואף אחד לא פנה אליו. כי הם אכן מתייחסים אלינו במקרה הטוב כאל חצר אחורית, ובמקרה הרע, ויכול להיות האמיתי, מתייחסים אלינו כאל אויבים. לצערי הרב, אנחנו נדאג לעצמנו. תודה רבה.",1
337044,"כבוד היושב-ראש, עמיתיי חברי הכנסת וחברות הכנסת, קודם כול מברוכ – מברוכ לאיאד שלבי, שקיבל מדליית זהב בפעם השנייה ברציפות באולימפיאדה בטוקיו. הרבה הרבה הערכה. הרבה הערכה. אלף מברוכ, איאד הגיבור. אלף מברוכ.

דרך אגב, למרות כל הגזענות, הוא הצליח. אין בריכת שחייה ראויה בשפרעם, ולמרות זאת, למרות האפליה, הוא הצליח.

חברים, אתמול קראנו בדה-מרקר שהרופאים הערבים החדשים מהווים 46% מהרופאים במדינת ישראל.

הדרוזים הם בשר מבשרנו, הם חלק מהערבים, יא חביבי. 19% מהסטודנטים במדינת ישראל הם ערבים; כ-60% מהסטודנטים בחו""ל הם אזרחים ערבים – מעולה ממש, הישג היסטורי בכל הרמות. צריך להמשיך. עם זאת, יש לי חשש מסוים. על החשש הזה למדתי דווקא מההיסטוריה של היהודים באירופה. היהודים היו מצליחים באירופה, במיוחד במאה ה-19 ובתחילת המאה ה-20. הצלחה של מיעוט ללא אווירה דמוקרטית עלולה לפגוע דווקא במיעוט המצליח. דרך אגב, כשאנחנו הקמנו את המשותפת ועלינו ל-13 מנדטים ואחר כך עוד ל-15 מנדטים, זאת הייתה תקופת ההסתה הגדולה ביותר נגד נציגי הציבור הערבי. האם מוסר ההשכל הוא שאנחנו צריכים להיחלש בשביל שיקבלו אותנו? לא. מוסר ההשכל הוא שאנחנו תמיד צריכים להתחזק, ועם זאת, אנחנו צריכים לשים את המשקל הגדול שלנו למען אווירה דמוקרטית. זהו מוסר ההשכל. אותו הדבר לגבי תקציב המדינה. קיבלנו את תוכנית 923, שהיא המשך ל-922. יש בה עוד כמה מיליארדים בודדים נוספים, אבל הם אותם מיליארדים שלא מומשו ב-922, אז הם הועברו ל-923. מה שחשוב לי, וזה המבחן העיקרי, אדוני היושב-ראש, זה המבחן העיקרי: איש הרחוב – האם הוא ירוויח או יפסיד אחרי שנה? יש את התוכנית הזאת, אבל יש גם העלאת מחיר החשמל, העלאת מחיר הדלק, גיל הפרישה. כבוד היושב-ראש, קרנות הפנסיה העבירו את הכסף ממש בהימור בבורסה על חשבון השכירים. אז האם הבן אדם הפשוט ירוויח בסך הכול, כן או לא?

מה גם שזה כל כך פוליטי. 20% למה שנקרא ביטחון, סעיפי ביטחון וכל משרד אחר, וגם דברים שאנחנו לא יודעים כמו השב""כ, המוסד ודברים אחרים. הציבור המוחלש, לצערי הרב, ייפגע מהתקציב הזה. תודה רבה.",1
337321,כל הכבוד – – – הרבה הערכה.,1
337464,הם רוצים מדינה לצד מדינה – – –,1
337506,"אין כמו עבד אל-והאב ואום כולתום, אין, אין.

כבוד היושב-ראש, עמיתיי חברי הכנסת וחברות הכנסת, אתמול פורסם שהמפכ""ל פועל לקדם מעצרים מינהליים בשביל לטפל בפשיעה בחברה הערבית. הבוקר הפרויקטור של הממשלה לטיפול בפשיעה, סגלוביץ', הבהיר שמעצרים מינהליים הם לא על הפרק. בין ההצהרה לבין ביטולה, עאסם סלטי, בן 28 מעילוט, נהרג מכדור תועה, חודשיים אחרי החתונה שלו. היום הייתי אצלם, ניחמתי. אבא שלו בוכה מדם ליבו, חיבקתי אותו, אבל חיי המשפחה נהרסו. לפני שבועיים המפכ""ל קרא להסמיך את השב""כ. השבוע היועץ המשפטי לממשלה הודיע שאין לשב""כ סמכות לפעול בנושאים פליליים. בין ההצהרה לבין ביטולה, חוסאם עותמאן, בן 24, נרצח בעיר שלי, בחיפה. לפני חודשיים המפכ""ל וראש הממשלה חנכו את מחוז סיף לטיפול בפשיעה בחברה הערבית והכריזו על תוכנית טיפול בפשיעה. מאז נרצחו 29 אזרחים ערבים – רצח בכל יומיים. משפחה שלמה נהרסה כל יומיים. לפני חודש, בערוץ 12, השר לביטחון הפנים אישר את הדברים של קצינים בדימוס, שהגישה במשטרה כלפי האלימות והפשיעה בחברה הערבית היא: תנו להם להרוג אחד את השני. בעיתון הארץ לפני כשבועיים, בדיוק ב-26 בספטמבר, פורסם שבכירים במשטרה אומרים שאין לאגף לסיכול הפשיעה כוחות אופרטיביים ואין שום תוכנית סדורה למאבק בפשיעה, והמפכ""ל רק מגיב על האירועים. שמעתם נכון: אנחנו משלמים בחיינו כבר 20 שנה, ועד היום למשטרה אין תוכנית לטיפול בפשיעה בחברה הערבית. אבל בחודש האחרון התבשרנו: סוף כל סוף יש תוכנית. אבל לפי התוכנית, כמה זמן צריך לעבור עד שנראה תוצאות? הינה, תראו, זוהי התוכנית החדשה של הממשלה, של ממשלת בנט. בעמ' 39 כתוב כך: אנו מעריכים כי יידרש מאמץ מתמשך של עשור לפחות להפחתת התופעות הבלתי-רצויות עד לרמה שדומה בשיעורה לחברה הכללית. צריך עוד עשר שנים, כלומר זו תוכנית לרצח 1,200 אזרחים ערבים חדשים.

אדוני המפכ""ל, אתה משקר במצח נחושה. המשטרה שלך שותפה לרצח של הבנים שלנו.

אני קורא לראש הממשלה בנט ולשר לביטחון הפנים עמר בר לב: תדרשו מהמפכ""ל שיציג תוכנית אמיתית, תוכנית אמיתית. אם לא, אז שיפנה את מקומו, ואם לא, אז אתה, בנט, ואתה, השר לביטחון הפנים, תפנו אתם את מקומכם. זה מה שצריך להיות. תודה רבה.",1
337521,"סמוטריץ' – – – שחור, זה אתה – – –",1
337541,"כבוד היושב-ראש, עמיתיי חברי הכנסת וחברות הכנסת, אני מפנה את דבריי לשרת הפנים אילת שקד. אילת, ביקרת באמירויות ואמרת שם שלא תוקם מדינה פלסטינית, ודיברת גם בשבח השלום הכלכלי. חשוב לי לומר לך שאת יכולה לעשות שלום כלכלי עם כל עמי האזור, אבל לא איתנו, לא עם העם הערבי הפלסטיני. איתנו לא תצליחי. לא הצלחתם במשך 100 שנה ולא תצליחו היום. לא הצלחתם בתקופת הממשל הצבאי, כשהיינו 156,000, לא מעבר, תחת ממשל צבאי ותחת איומים קשים. איך תצליחו היום? אני לא מבין. האזרחים הערבים במדינת ישראל היום מגיעים ל-1.7 מיליון. אנשים מתחזקים בכל הרמות, למרות האפליה הגזענית. העם הפלסטיני הוא לא אותו העם של פליטים אחרי 48'. כמה גזענות צריכה להיות בשביל להאמין שהיהודים הם עם אבל אנחנו קבוצה של נתינים, של אזרחים, שמגיעות להם זכויות, אולי אזרחיות, אולי כלכליות, אבל לא זכויות לאומיות? כמה גזענות? אני רוצה ללמד אותך לקח על רוחו של האדם, על רוחו של האדם. לא רק בתקופת עוני הוא נאבק למען הזכויות שלו; גם כשהתנאים שלו משתפרים הוא לא יאבד את הרצון לחיות בשוויון, הן ברמה האזרחית, הן ברמה הלאומית. אני אתן לך דוגמה, למשל על אנשים – את יודעת מה? אני אתן לך דוגמה על העם שלי. מתי עשינו, למשל, את יום האדמה? אחרי 67' השתפר המצב הכלכלי של האזרחים הערבים במדינת ישראל בענף הבנייה, אבל עשינו את יום האדמה. אחרי שנות התשעים, אחרי שיפור כלכלי במצב האזרחים הערבים בשנות התשעים, היה אוקטובר 2000. גם האינתיפאדה הראשונה ב-1987 הייתה אחרי שיפור כלכלי בעזה. השיפור הכלכלי לא יעזור. אנחנו עם, ניאבק גם למען מדינה פלסטינית בגבולות 67' לצד מדינת ישראל, וגם למען זכויות לאומיות ואזרחיות בתוך מדינת ישראל. אנחנו אנשים כל כך הגונים, שמבינים שיש פה שני עמים. מגיע לשניהם שוויון לאומי, מגיע לשניהם מימוש זכות הגדרה עצמית. לא כמוך, חתיכת גזענית. תודה.",1
337595,"כבוד היושב-ראש, כבוד סגן השר, עז א-דין מריח עצור כבר כחודש עקב המחאות נגד המלחמה בעזה. מאז מעצרו זכויותיו כעצור הופרו באופן בוטה. עז א-דין לא שוחרר, ומעצרו מוארך ללא סיבה מוצדקת. רצוני לשאול: 1. האם יש הנחיה לבקש הארכת מעצרו? 2. האם נשקלה חלופת מעצר? אם כן – מדוע לא שוחרר? 3. האם נשקלה אפשרות שיקום לצעירים במקום הליך מעצר?

כבוד סגן השר, האם נחקרו הפרות זכויותיהם והשפלתם של העצורים? אם כן, מה הינכם מתכוונים לעשות?

כבוד סגן השר, במשך יותר משבוע ביפו המשטרה חסמה כבישים, עצרה רכבים ורוכבי אופניים, עיכובים לשווא ותשאולים מיותרים, תוך פרובוקציות יזומות מצד השוטרים. רצוני לשאול: 1. מה מטרת המבצע המשטרתי ביפו? 2. האם יש הנחיות מיוחדות לפעולת המשטרה ביפו? מהן? 3. האם ההנחיות כוללות עיכוב נהגים ורוכבים? מה מטרתן? 4. האם הובא בחשבון השיקול שהפרובוקציות עלולות להחמיר את המצב הנפיץ? בבקשה.

אני רואה שסגן השר הוא חד-צדדי. אני יכול להגיד לך בצורה הברורה ביותר שאני תומך בהפגנות, אבל בוודאי שאני מתנגד לכל פגיעה בכל אזרח, לכל מעשה שהוא לא תקין מצד הציבור. אבל המשטרה, לצערי הרב, עודנה מתייחסת אל האזרחים הערבים כאל אויבים ולא כאל אזרחים. כמו שהחליטה ועדת אור, זה עדיין קיים. אתה היית חד-צדדי בגישה שלך.

האמת שדיברת על תנועה ועניינים אזרחיים ואני דיברתי על הסוגיה של מאי ולא עניינים אזרחיים, אבל בכל זאת. כבוד סגן השר, מעצר שווא עומרי שהואן מאכסאל. בתאריך 11 במאי 2021 נעצר עומרי שהואן. לאחר יומיים עומרי שוחרר למעצר בית לעשרה ימים, שקוצר לחמישה ימים. בתאריך 25 במאי לפנות בוקר הגיעו כ-30 שוטרים לביתו לחקירת הרתעה, שכללה איומים. רצוני לשאול: 1. מה הייתה עילת המעצר? 2. מה היה הצורך בחקירת הרתעה כמתואר לאחר ששוחרר? 3. האם יש הנחיה להגיע עם מספר רב של שוטרים? מה המטרה?

שאלה נוספת לכבוד סגן השר סגלוביץ'. דווקא את עומרי שהואן אני מכיר אישית. היה מספיק להתקשר הביתה. מה שאתה אומר פשוט מאוד לא נכון. המשטרה מתייחסת אל הערבים בצורה אחרת מאשר אל היהודים. זו העובדה האמיתית, שכל אזרח מכיר אותה, ולצערי הרב אתה מתעלם מזה.

לא למדת את הסוגיה. לא למדת.

האמת, הוא צדיק. אני יודע שאי-אפשר שאלה נוספת, אבל, ברשותך – –

– – כבוד היושב-ראש, בכל זאת, ברשותך. כמאל ח'טיב, השייח' כמאל ח'טיב – כולם מכירים אותו. מה, אי-אפשר להתקשר אליו ולהגיד לו: אתה מוזמן? הולכים לשם מאות שוטרים. הכול פרובוקציה, ברור מאוד. טוב, השאילתה הנוספת, כבוד היושב-ראש.

וואי, הסיפור הזה. אני מכיר אותו אישית, עליו השלום. אני מכיר את המשפחה שלו. הייתי אצלם בבית. כבוד סגן השר סגלוביץ', בתאריך 20 במאי 2021 נרצח המנוח רמזי בורקיני, בן 50, במקום עבודתו בסניף הדואר בשפרעם. המנוח היה מאוים במשך כחודש וחצי לפני הרצח, שבמהלכו בוצע ירי לעבר ביתו. המשטרה ידעה, ועקבה אחר המקרה, אך לא מנעה את הרצח. רצוני לשאול: 1. מדוע לא נתפסו המאיימים ונמנע הרצח? 2. האם נתפסו חשודים? 3. האם ניתנת הגנה למשפחתו, המפוחדת מפגיעה בה? בבקשה.

כבוד סגן השר, אני מכיר את הצד האנושי, ואני מעריך את זה שהתקשרת אל האלמנה, אבל זה לא עזר להם. לפני כשבועיים אלמונים ירו צרור של יותר מ-50 כדורים לעבר ביתו של המנוח. המשפחה, עד היום, אחרי הירצחו, חיה בפחד יום-יומי. האם ניתנת הגנה אמיתית, ממשית וישירה למשפחה?

כבוד סגן השר, בתאריך 18 במאי 2021 נסע אבו עטא ברכבו עם אשתו ושתי ילדותיו, כשלפתע התנפל על המכונית אדם בלבוש אזרחי, בלי שהזדהה, וניסה למשוך את מפתחות הרכב ולכבותו. אבו עטא ומשפחתו נסו על נפשם. לפנות בוקר הוא נעצר בברוטליות מול ילדותיו. רצוני לשאול: 1. האם יש הנחיות לשוטרים להתנפל על רכבים עם משפחות בלי להזדהות? 2. מדוע מעצרו מתארך?

לכבוד סגן השר סגלוביץ', בתאריך 23 במאי 2021 המשטרה פרסמה הודעה על מבצע חוק וסדר, ולפיה בוצעו מאות מעצרים והוגשו עשרות כתבי אישום. רצוני לשאול: 1. כמה מהמעצרים בוצעו נגד פעילי ימין קיצוני כמו להב""ה ולה פמיליה, שארגנו פעולות אלימות בקבוצות טלגרם? כמה כתבי אישום הוגשו נגדם? 2. כמה מהמעצרים בוצעו נגד שוטרים שפגעו באזרחים? כמה כתבי אישום הוגשו נגדם?

כבוד סגן השר, אני רואה שאתה בורח מהתשובות. אתה יודע מה, כמה מעצרים וכתבי אישום היו נגד אזרחים ערבים? כמה מהם קטינים? מהי החלוקה של המעצרים לפי עילות? מה החלוקה של כתבי האישום לפי עילות? כמה יהודים, כמה ערבים? אני חושב שחשוב שכל אזרח ידע את הדבר העובדתי הפשוט: כמה יהודים נעצרו, וכמה ערבים.

אני שאלתי את השאלה הנוספת.

כבוד סגן השר לביטחון הפנים לא יודע כמה יהודים נעצרו וכמה ערבים?

חבל שאתה לא יודע. באמת חבל שאתה לא יודע בעל פה. באמת.",1
337649,"כבוד היושב-ראש, עמיתיי חברי הכנסת וחברות הכנסת – – –

כבוד היושב-ראש, עמיתיי חברי הכנסת וחברות הכנסת, רק ל-48% מהקשישים יש פנסיה, והיתר צריכים לחיות מקצבת זקנה. הם תלויים בהשלמת הכנסה. קצבת הבטחת הכנסה לקשישים היום ליחיד היא 3,270, ולזוג – 5,166 שקלים. סכומים מחפירים, שמשאירים את הקשישים בקו העוני ולא מאפשרים חיים בכבוד. היום הרבה קשישים מבקשים מהילדים שלהם דמי כיס. לפני שלוש שנים החליטו להעלות את הקצבה ב-2 שקלים, ולא יותר. שנים התירוץ היה שאין כסף. אבל אם יש מיליונים להתנחלויות, מיליארדים לפנסיות של אנשי קבע, אז יש כסף, אבל השאלה היא למי מעבירים אותו. לפני שעה קלה הגעתי לסיכום עם בכירי האוצר על העלאת קצבת השלמת ההכנסה של קשישים. אנחנו נעלה את קצבת הזקנה ל-70% משכר המינימום. בתקופת הקורונה נתניהו נתן 500 שקל לכל אזרח. מעכשיו 500 שקל בכל חודש, ולזוג – 700 בשקל בכל חודש. ההצעה שלנו הייתה להעלות את הקצבה ל-85% משכר המינימום. ההעלאה עכשיו ל-70% היא צעד בכיוון הנכון, אבל הדרך עוד ארוכה. המטרה שלנו חייבת להיות להעלות את קצבת הזקנה לשכר מינימום, ולוודא שאף קשיש לא יחיה בעוני. אני קורא לכל חברי הכנסת מהקואליציה והאופוזיציה להתגייס. מגיע לקשישים לחיות בכבוד. (אומר דברים בשפה הערבית.) תודה רבה. שוכרן – – –",1
337884,"בצלאל, אני מדבר אליך עכשיו.

כבוד היושב-ראש, כנסת נכבדה, בשבוע שעבר סמוטריץ' פנה אל חברי הרשימה המשותפת ואמר: אתם פה בטעות, כי בן-גוריון לא סיים את העבודה ב-1948 ולא זרק אתכם. אני רוצה לברך את סמוטריץ' על ההכרה שבן-גוריון פעל לגרש אותנו ועל ההכרה בעוול שעשתה התנועה הציונית לעם שלי ב-1948. בצלאל, ברוך הבא להיסטוריונים החדשים. בזכות אותם היסטוריונים אמיצים שלא מחפשים מיתוסים אלא רודפים אחר האמת ההיסטורית תהיה הכרה בעוולות העבר ונוכל לתקנן ולבנות עתיד צודק. לסמוטריץ' מגיעה תודה גם על שסירב להצעה של נתניהו ורע""מ לבנות יחד קואליציה על טהרת הימין, ובכך סוף-סוף השלים את מה שהתחלנו: הוא פטר אותנו מנתניהו. נתניהו היה גדול הגזענים, וסיום שלטונו הוא צעד הכרחי, ועוד נמשיך אותו בדרך לשינוי אמיתי. מנהיג פלסטיני דגול, אבו איאד, אמר פעם: תמיד התבוננתי בהתלהמות של הקיצונים ולא ידעתי להכריע אם הם בוגדים או טיפשים. אני לא יודע להכריע אם סמוטריץ' הוא נער גבעות טיפש או שמאלני בוגד, אבל אני יודע שאנחנו נישאר כאן במולדת שלנו אחרי הסמוטריצ'ים. היינו פה לפני הסמוטריצ'ים ונישאר אחרי כל הגזענים. תודה.",1
338294,"מי אמר? מי אמר עוודה? בשפה הספרותית עוודָה, כלומר, שיבה, זכות השיבה. היזהרו. ובסלנג עודֶה.

כן, כן. כבוד היושב-ראש, כבוד השרה, עמיתיי חברי הכנסת וחברות הכנסת, אני מאוד מסכים עם ג'ידא רינאוי בקשר לסיבות ולמאפיינים, ובתמונה הכוללת אין ספק שהמצב במדינת ישראל מאוד קשה, הוא פי שלושה יותר ממדינות ה-OECD, וזה דבר שאמור להיות הכי חשוב לכולנו, יהודים כערבים. חשבתי לתומי ששנת הקורונה תלמד אותנו על חשיבות שותפות הגורל, שזה לא יהודים וערבים, ואפילו אחד יכול להדביק את השני. אותו דבר בתאונת דרכים: אחד יכול לפגוע בשני. לכן מהמקום הכי בסיסי זו סוגיה של כולנו, ואם ציבור כזה ייפגע, אז הציבור השני מן הסתם ייפגע. לכן אני פונה לשרת התחבורה ואומר לה – ומבחינתי זה המשפט הראשון וגם האחרון: אני מבקש להיות שותף, שותף למאבק. מרב מיכאלי, אום אורי, אום אורי, איפה את נמצאת עכשיו?

אני מבקש להיות שותף לגמרי במאבק הכי צודק נגד תאונות דרכים. אני רוצה להגיד משהו על הציבור הערבי. תגידו לי אם זה נכון או לא נכון. האם יש קו שמחבר בין אחוז הנפגעים הערבים בתאונות דרכים ובתאונות בניין, ובין פשיעה, ובין סגירת התיק של יעקוב אבו אלקיעאן בבית המשפט העליון לפני כמה ימים, ובין אי-הגשת כתב אישום נגד הרוצח של מוסא חסונה במאורעות מאי לפני כמה חודשים, ובין חברתנו עאידה תומא שתעלה פה מחר לדבר על הטבח בכפר קאסם ולהגיד איפה האשמים, וזה שבאוקטובר 2000 יש הרוגים אבל אין אשמים – האם יש קו מחבר, שאומר שכשהנהרגים הם ערבים אז בין שהאשם ישיר ובין שהאשם פחות-ישיר אין פענוח, אין חשיבות מרבית בקרב הממשלה? אני חושב שכן. כן, יש קו מחבר. הרי הערבים הם שקופים. אני רואה את הקו המחבר הזה, ואני חושב שצריך שינוי תודעה טוטלי בהתייחסות לאזרחים הערבים. להפסיק עם התפיסה של: אה, הם נשארו פה, הם נשארו – הסמוטריץ' הזה אמר שבן-גוריון לא סיים את העבודה שלו, אז הם נשארו, אז צריך לנהל אותם. התפיסה צריכה להיות אחרת לגמרי: הם אזרחים בזכות וצריך לעשות את הכול, כי טובתם היא טובת החברה בכלל וטובת המדינה בכלל. זהו הדבר העיקרי. ג'ידא, אמרתי שאני מסכים עם החלק הראשון, אבל אני לא מסכים עם החלק השני. אמרת שיש פה ממשלת שינוי. אני לא רואה את הדבר הזה. אני באמת לא רואה את הדבר הזה. אני רואה שנתניהו לא נמצא אבל המדיניות שלו עדיין קיימת, עדיין קיימת. למה אני אומר את זה? הייתה תקופה, בתקופת ממשלת רבין, שהאמת – הרגשנו בשינוי מסוים. אין ספק בזה. אנחנו האזרחים הערבים הרגשנו שיש שינוי בגישה. אבל בממשלה הנוכחית אני לא מרגיש. למה? כי אני רואה שיש גזענים שאומרים: יש לנו את הקבוצה של הערבים, אנחנו נאלצים ללכת איתם מסיבות קואליציוניות, אחרת אין לנו ממשלה, אבל במידה שיקפצו ארבעה מהליכוד, או אולי נשכנע את ליברמן לקחת מישהו מהחרדים, אני לא יודע מה, אז אפשר ללכת ולהמשיך בדרכנו. אין שינוי עמוק בתודעה. אין, אין. אני לא רואה את זה. אני מסכם. מבחינתי, כבוד השרה, אני רוצה להיות שותף במאבק נגד תאונות דרכים. תודה רבה.

כבוד השרה, לגבי התרבות: אני חושב שהמדינה בכל מקום בעולם היא סוכן השינוי – – – בכל מקום בעולם. כלומר, אפשר להגיד משהו על הכבישים – – – המדינה בשנה הראשונה, אחרי עשור, אחרי 15 שנים. אחר כך המדינה, שיש לה את כל האמצעים, יכולה גם לשנות את התרבות פה ושם. אני חושב שזה – – –",1
338340,"כבוד היושב-ראש, עמיתיי חברי הכנסת וחברות הכנסת, יש שתי עובדות מאוד ברורות ונכונות: העובדה הראשונה, מאז ומתמיד אנחנו מביאים את ההצעה הזאת בסוף חודש אוקטובר, לקראת יום האזכרה. הביאו את זה תאופיק זיאד, האשם מחאמיד, מוחמד ברכה, עאידה תומא. בשנים האחרונות הצטרפו אלינו גם חברי כנסת ממפלגות אחרות. זו העובדה הראשונה. העובדה השנייה, מאז ומתמיד רע""מ או מרצ מצביעים איתנו. מאז ומתמיד. מה השתנה הפעם? כל פעם תקפו את הממשלה בגלל שהיא מכחישת טבח. כל פעם. הפעם הם במצב קשה, הם נמצאים באותה ממשלה שהיא מכחישה את הטבח הנורא בכפר קאסם. אז במקום לתקוף את נפתלי בנט, מכחיש הטבח בכפר קאסם; במקום לתקוף את גדעון סער, מכחיש הטבח בכפר קאסם; במקום לתקוף את הממשלה שלהם, הם בחרו אחרת: הם בחרו לתקוף את הרשימה המשותפת. בושה וחרפה. ממש בושה. אתה, עיסאווי פריג', אתה בן העיר כפר קאסם. באמת פחות חשוב מבחינתי שקיבלת הרבה קולות בכפר קאסם למרצ, באמת פחות חשוב מבחינתי שבזכות תושבי כפר קאסם, לפני שתי קדנציות מרצ עברה את אחוז החסימה. רק בזכות תושבי כפר קאסם. אבל באמת, זה פחות חשוב מבחינתי. פחות חשוב. הדבר העיקרי שבסוגיה כזאת – איפה אתה נמצא? למי אתה שייך, לממשלת נפתלי בנט, מכחישת הטבח בכפר קאסם, או שאתה נמצא לצידנו? זוהי התשובה העיקרית. אותו הדבר אתם, חברי מרצ. אותו הדבר אתם. מה יותר חשוב לכם – קורונה או זכויות אדם או הטבח בכפר קאסם? למה אתם נמצאים בממשלה הזאת, בשביל הקורונה או בשביל סוגיות כל כך קרדינליות כמו הטבח בכפר קאסם? ואני פונה לרע""מ, פונה לווליד טאהא, מה, אתה לא מתבייש? מה, העיקר זה כסף? כסף? התנועה הציונית מאז ומתמיד רצתה זכויות לאומיות ליהודים ולתושבים המקומיים הלא-יהודים – אין לנו שם, לא ערבים, לא פלסטינים. הלא-יהודים, מגיעות להם זכויות אזרחיות, דתיות, כלכליות, לא מעבר. אתה נמצא בבסיס התפיסה הזאת: כסף כן, אבל להכיר בטבח של תושבי כפר קאסם – זה לא. אני רוצה להגיד לחברי הכנסת מהקואליציה והאופוזיציה: תחשבו טוב. אין כמו היהודים שסבלו טבח נורא, שואה נוראית, שאין לה אח ורע בכל ההיסטוריה האנושית. כל פעם שיש יום שואה, אני מתייצב, מתייצב, פה אני לא מתחשבן מבחינה פוליטית. טבח של אזרחים, העמידו אותם שורות-שורות, שבעה אנשים, שמונה אנשים, שישה אנשים, וירו בהם – למה שהמדינה לא תכיר? למה? למה שהמדינה לא תכיר? אתם לא מתביישים? דווקא היהודים, אתם לא מתביישים? למה לא להכיר בטבח הנורא הזה? את יודעת מה, עאידה, אנחנו מביאים את זה פעם בשנה בסוף חודש אוקטובר? אנחנו נביא את זה עוד כמה חודשים, ועוד כמה חודשים, עד שיכירו בטבח הנורא הזה. תודה רבה.",1
338383,"דיכטר, אתה צריך להתבייש לך כל החיים שלך, שב בשקט. כל החיים שלך - - -",1
338603,"(אומר דברים בשפה הערבית).

כבוד היושב-ראש חברי אחמד טיבי, עמיתיי חברי הכנסת וחברות הכנסת, הממשלה דנה היום בהכרה בשלושה יישובים בנגב יחד עם הפקעת אלפי דונמים של האזרחים הערבים בנגב. מה שקורה היום זה אותו שיח שמתנהל גם בקרב האוכלוסייה הערבית כבר כמה חודשים. האם אנחנו מקבלים את מה שמגיע לנו בזכות או שאנחנו עושים על זה סחר חליפין – מוקאידה בשפה הערבית. וגם יש ויכוח. חלק מהציבור אומר: אתם אכן יותר צודקים ברמה העקרונית, אבל יכול להיות שאתם פחות מעשיים. אני חושב שזו נקודה מאוד מאוד חשובה. האם האוכלוסייה שלנו, חברי סמי אבו שחאדה, צריכה ללכת בדרך של הכרה בביר הדאג', כמו שהמדינה נאלצה להכיר; להכיר בקסר א-סר, כמו שהיא אכן הכירה; באבו קורינאת, באבו תלול, בדריג'את, בכוחלה, במכחול, בסעווה, בסייד, באום בטין, בתראבין, כפי שהיא נאלצה להכיר; להכיר בעין חוד, בערב א-נעים, בדמיידה בצפון, כמו שהיא נאלצה להכיר – בתמורה למה? בתמורה למאבק, עבודה קשה, זיעה. בסופו של דבר, היא אכן הכירה בכל הכפרים הללו. האם זוהי הדרך המועילה, המועילה לאוכלוסייה הערבית, או הדרך של לממש בעצם את תוכנית פראוור, לממש את תוכנית פראוור, שזו לא הסדרה, אלא הסרה של יישובים ערביים קיימים, ולהביא את האוכלוסייה ולשים אותה במקומות מסוימים. כי הרי התוכנית של הממשלה היא כמה שיותר אדמות, כמה שפחות ערבים. במידה שהיא לא מצליחה – אז כמה שיותר ערבים על חתיכת אדמה קטנה, שהיא מחפשת ומגיעה לסחר חליפין עם חלק מהנהגת האוכלוסייה הערבית. למה אני אומר את זה? כי אני גם רוצה לענות על השאלה: האם הדרך שלנו, אנחנו במשותפת, היא רק צודקת או גם מעשית? אני רואה שאין דרך יותר מעשית וגם מכובדת יותר מהדרך של האוכלוסייה הערבית ושל הרשימה המשותפת. אם הדבר – מה שאמרתי, גם מבחינת עובדות, מספרים, ושמות של יישובים שקיבלו את ההכרה תמורת זיעה, תמורת מאבק, ולא תמורת הפקעת מאות אלפי דונמים של האדמה, כמו ההחלטה של הממשלה הנוכחית, אז אני רוצה לקרוא לכם מה שכתבה עמותת או תנועת רגבים. היא כתבה היום כך: הממשלה אישרה כעת הקמת עיר בדואית ושלושה יישובים בדואיים כפריים, שמטרתם היא כינוס הפזורה הבדואית ליישובי קבע. נוסח הצעת ההחלטה הינו כמעט זהה להצעה שקידמה ממשלת נתניהו בשנה שעברה. זאת הודות לעבודה המאומצת שלנו – של רגבים – מול לשכת השרה שקד בחודשים האחרונים. ועוד תנועת רגבים ממשיכה: הדברים שאמרנו אז נכונים גם להיום. מדובר בהזדמנות לשינוי פני הנגב. עוד פעם, רגבים כותבת: מדובר בהזדמנות לשינוי פני הנגב. החזרת קרקעות לידי מדינת ישראל והתחלת כינוס הפזורה הבדואית מהשטחים הפתוחים בנגב אל תוך היישובים החוקיים, במקום הרחבת היישובים הקיימים, כפי שהיה נהוג עד היום. ההחלטה קובעת שאם תנאים אלו לא יתממשו, הקמת היישובים תבוטל. חברים, אם זו לא תוכנית פראוור, אז אני לא יודע מה זה תוכנית פראוור. לכן מהי הדרך היותר נכונה ומעשית – הדרך של המשותפת, של ערביי הנגב שהביאו את ההכרה בביר הדאג', בסעווה, בכוחלה, במכחול, באום בטין, או הדרך הזו של סחר חליפין שרגבים והימין הקיצוני מברך עליה? לצערי הרב, לא רק רגבים בירכו, גם רע""מ בירכה. מהתפיסה הזו אני רוצה לעבור היישר לתפיסה כלפי התקציב עצמו. בשנת 2015 נאבקנו למען תקציב. הבאנו את תוכנית 922, שהיא 10.7 מיליארד שקלים ללא החינוך. עם החינוך – 15 מיליארד שקלים. להוסיף לזה תוכנית עבור הבדואים בנגב – 2397; הבדואים בצפון – 1480; וגם הערבים הדרוזים – 959. אם אוספים, אוגמים את כל התוכניות ביחד – יש ויכוח. למשל, אני אומר 24.5 מיליארד, כבוד השר חמד עמאר. עכשיו, השר חמד עמאר אמר לי: סליחה, זה פחות מזה, זה מגיע למשהו כמו 22 מיליארד, ולא 24.5. אני חולק עליך, כבוד השר חמד עמאר. אבל אני רוצה לשאול אותך. כשהיינו באופוזיציה, באופוזיציה – דרך אגב, גם אתה היית באופוזיציה בשנת 2015 – והבאנו את כל התוכניות הללו, אם היינו שמים אותן בבנק אז הריבית וההצמדה אחרי שש שנים היו מגיעות לתוכנית הנוכחית של 29.5, שהיא כוללת, ה-29.5 – גם הדרוזים, גם הבדואים בצפון, גם הבדואים בדרום. דבר שאני מברך עליו. אני רוצה לראות את האוכלוסייה שלנו מאוחדת, ויש תוכנית אחת ויחידה לאוכלוסייה שלנו. האמת, שזה לא צריך להישאר בגדר תוכניות, זה אמור להיות בבסיס התקציב, כחלק מהאזרחים. אבל בכל זאת, כל איחוד – אני מברך עליו. אבל כשמאגמים תקציבים מכל מקום, אוספים אותם ביחד ואומרים – הינה, אחרי שש שנים אנחנו מעלים מ-24.5 ל-29.5. אז תגיד לי בבקשה, מה הערך המוסף? אתה יודע מה, אני בן אדם מקצועי, ואני יודע שיש ערך מוסף. ואמרתי את זה: יש ערך מוסף של תוספת שני מיליארד שקלים. אני חושב שזה נכון מבחינה מדעית. אבל מבחינה איכותית, איזה דבר חדש יש? האם יש אוניברסיטה? לא מגיע לנו אוניברסיטה? בית חולים אחד. יש במדינת ישראל 33 בתי חולים רשמיים. תגיד לי, כבוד השר חמד עמאר, אתה משפרעם. למה רוצים להקים בית חולים ליד שפרעם בקריית אתא ולא בשפרעם? תענה לי כבוד השר. אתה שר בכיר, שר חשוב, שר במשרד האוצר, המשרד הכי חשוב. למה אין בית חולים בשפרעם, ורוצים לבנות עכשיו ליד שפרעם בקריית אתא? האם זה צודק? האם זו הדרך הנכונה שלנו, להמשיך מממשלה לממשלה בלי להגיע לשוויון מהותי, לדבר תמיד על מספרים, בלי להגיע ולהתקרב לשוויון מהותי? האם אנחנו עוברי אורח? האם אנחנו נישאר פה רק לחצי שנה או שאנחנו אזרחים בזכות? אנחנו לא באנו למדינה. המדינה באה אלינו ועלינו. מגיע לנו לבנות אסטרטגית. נהיה תלויים תקציבית כל הזמן, או שמגיעה לנו צמיחה כלכלית? אני חושב שאלה הן השאלות החשובות ביותר עבור כל אזרח. אבל יתרה מזו – 29.5% זה פחות מ-1% מתקציב של 610 מיליארד שקלים. אז אנחנו רבים פה, ומתווכחים על פחות מ-1%, ומזניחים את ה-99% מהתקציב. האם ה-99% חשוב לנו או לא? כששליש מהתקציב הזה עבור מה שנקרא ביטחון – מצור עזה, פגיעה ישירה וחסרת תקדים נגד הערבים הפלסטינים בירושלים המזרחית, עיבוי התנחלויות, חיזוק צבא הכיבוש. מיהם האנשים הרעים שיצביעו בעד תקציב כזה, שיפגעו בעזה, שיפגעו בירושלים המזרחית, בעם הפלסטיני, שיפגעו בהורים שלי ובהורים שלך? בהורים שלי ובהורים שלך. העלאת מחיר הלחם – ההורים שלי קשיי יום, שלי, אני – למה להעלות להם את מחיר הלחם? את הפירות, את הירקות, את התחבורה הציבורית – למה? רק אנשים רעים, רעים – אתה יודע מה, אנשים ששונאים את הציבור שלהם – מצביעים בעד התקציב הזה; ששונאים את הציבור שלהם – מצביעים בעד התקציב הזה. כי זה תקציב שפוגע במוחלשים. למה צריך להעלות את גיל הפרישה לנשים? חברי כבוד היושב ראש, ד""ר אחמד טיבי, תגיד לי בבקשה, מי ייפגע יותר, אישה שעובדת במשרד או אישה שעובדת בניקיון?

מי יותר סובלת מבעיות גב, מעבודה קשה?

נשים מוחלשות או נשים שעובדות במשרד? ואני מכבד את כולן.

אז כשמעלים את גיל הפרישה לנשים, מי הן הנשים שהגזרה הזו תיפגע בהן הכי קשה? נשים ערביות, בפריפריה. רק בן אדם רע מצביע בעד התקציב הזה. רק בן אדם שרוצה לפגוע בנשים. שרוצה לפגוע במוחלשים. אז מי זה שרוצה שאנחנו נריב על פחות מ-1% ונעזוב את ה-99% מהתקציב? מה אנחנו, אזרחים או נתינים? אתם יודעים מה, אני רוצה לתת דוגמה: תנועת ש""ס. תנועת ש""ס נמצאת בממשלה משנת 1984, ב-80% מהשנים. מ-1984 עד עכשיו. סמי אבו שחאדה, אני חושב שזו השוואה מאוד מאוד חשובה. ש""ס, אני לא יכול להגיד שהם לא חכמים. אני מאמין שאריה דרעי בן אדם חכם. נמצאים במשרדי ממשלה חשובים ביותר: שר הפנים, שר האוצר, שר העבודה והרווחה. שר כלכלה, לא שר אוצר. שר כלכלה, שר העבודה והרווחה, שר הפנים היו.

כן. איציק כהן. נכון. צודק. אז זה עוד דבר שאני מוסיף. רוצה להוסיף עוד דבר. תמכו בכול החלטות הממשלה. תמכו בחוק הלאום; בחוק קמיניץ; בכל מתקפה על עזה; בכל החלטות הממשלה תמכו. אני רוצה להוסיף עוד משהו לגבי ש""ס, משהו קטן, קטן, כמה קטן? הם יהודים ואנחנו ערבים, הבדל קטן במדינת היהודים, נכון? עכשיו, אני רוצה לעשות משוואה. אחרי 37 שנים מהיותם בממשלה, מה מצב הציבור שלהם היום? הם נמצאים באשכולות 4-1, כמו האוכלוסייה הערבית. אני לא יכול להגיד שאריה דרעי לא חכם, ולא שלא היו בתפקידים חשובים, ולא שלא הלכו עם הממשלות בכל דבר. והם יהודים במדינת היהודים. מה מצב האוכלוסייה שלהם? האם זו הדרך שאנחנו צריכים לאמץ? להיות נתינים? תן לי ביד, ותיקח בשתי ידיים? האם זו הגישה? או שאנחנו צריכים להיאבק על התקציב כולו. ופה, מבחינתי טמון הכלב האידיאולוגי. למה טמון הכלב בנקודה הזאת? כי כל מה שרצה גם נתניהו – אבל היו גם לפניו, גם לפני קום המדינה, רצו מה שנקרא שלום כלכלי. חלק מהשלום הכלכלי – נמצאים עכשיו אמירויות, בחריין, סודן, וגם מפלגת רע""מ – חלק מהתפיסה הזו של שלום כלכלי. מה התפיסה הזאת אומרת? אומרת: יש זכויות לאומיות רק ליהודים, וזכויות חברתיות, כלכליות, אזרחיות ללא היהודים. זוהי התפיסה. דרך אגב, אתמול הייתה הצהרת בלפור, 2 בנובמבר. שם כתוב: בית לאומי ליהודים וזכויות אזרחיות ודתיות לקבוצות הלא-יהודיות. זה נוסח ההצהרה של בלפור. אותה תפיסה. יש מי שנכנע לתפיסה הזו, ויש את הקבוצה שאני כל כך גאה בה, הרשימה המשותפת, שלא מקבלת ולא תקבל כי אנחנו חלק מעם, אנחנו ילידים, אנחנו בני המקום הזה, אנחנו אזרחים בזכות, וניאבק למען הזכויות האזרחיות והזכויות הלאומיות של הציבור שלנו. מפה אני רוצה לעבור לנקודה האחרונה במשוואה. השוויתי בין הדרך שלנו, ההכרה בדמיידה, ערב א-נעים, עין חוד, אבו תלול, סעווה, כוחלה, מכחול, אום בטין – הדרך הזו, לבין הדרך הנוכחית של הכרה בשלושה יישובים, ובמקביל להפקיע אלפי דונמים מערביי הנגב. והמשוואה השנייה בין 922 – סמי אבו שחאדה, ב-922, 2015, הצבענו נגד התקציב. ב-2016 הצבענו נגד התקציב. זה אנחנו שהבאנו במו ידינו את החלטה 922, כי אנחנו נגד סחר חליפין, נגד מוקאידה, כי ראינו את זה חלק קטן מהזכויות שלנו, ולא בחסד, מן הסתם. אז המשוואה השנייה זה התוכנית הכלכלית. הראשונה זה ההכרה בכפרים. ההשוואה האחרונה זה בין אחדות לבין פירוד, הפרדה. מה שקורה עכשיו – היינו רשימה משותפת, הגענו עד ל-15 מנדטים. נתניהו יחד עם מנסור עבאס עשו את הכול בשביל לפרק את הרשימה המשותפת, והגענו עד הלום. הציבור שלנו לא אוהב את מה שקורה, בלשון המעטה. אבל מה לעשות, בשביל האחדות צריך לא רק צד אחד. ובשביל האחדות, לא צריך ללכת על אחדות שהיא לא מהותית – שהיא רק הולכים ביחד, מתמודדים ביחד, אחר כך זה קופץ אל הרב דרוקמן ואל סמוטריץ', בן גביר, נתניהו – אלא על אחדות שמבוססת על קווי יסוד בשביל לכבד את הציבור שלנו ואת מה שמגיע לו. לכן יש את הדרך של המשותפת ויש את הדרך שנקטה מפלגת רע""מ. האם זה באמת הוסיף לנו או שפגע בנו? אני חושב שהיום, ויום אחרי יום, האנשים רואים מה הדרך היותר-נכונה: דרך של אחדות עם עמידה איתנה על העקרונות, ולהיאבק למענם. וזה מה שמגיע לציבור שלנו. מפה אני רוצה לעבור היישר לתפיסה מאוד חשובה. אני חושב שאחד המיעוטים שהיו מאוד מוצלחים ברמה הכלכלית זה היהודים באירופה במאה ה-19 ותחילת המאה ה-20; הגיעו לראשי בנקים וקבוצות אמידות, והצליחו. האם זה עזר ליהודים מפני עליית הפשיזם? אני חושב שאנחנו צריכים להתבונן בניסיון הכל-כך חשוב הזה. האם המאבק צריך להיות על הכסף ותו לא, ולא מעניין אותנו חוק הלאום, לא מעניין אותנו העם הפלסטיני, לא מעניינת אותנו הדמוקרטיה במדינת ישראל, זה רק לשפר כלכלית, להיות חברה צרכנית? האם זה עזר ליהודים באירופה או שדווקא ההצלחה הכלכלית הביאה להסתה נגדם? לכן אנחנו, שמהווים 20% מכלל האוכלוסייה, צריכים לגמד את עצמנו או שצריכים ללכת בכל הכוח, לשים את עצמנו במשקל למען השלום, למען הדמוקרטיה, למען השוויון, לבנות ברית עם יהודים דמוקרטים, ולא עם בן גביר וסמוטריץ', והרב דרוקמן, ולא עם הגזענית אילת שקד? זה כיוון מהותי לאוכלוסייה הערבית, לאן פנינו מועדות, מה הדרך הנכונה שלנו. הדרך הנכונה: לשים את כל המשקל שלנו יחד עם יהודים דמוקרטים נגד היהודים הגזענים, למען הערכים שאנחנו רוצים לחיות כחלק מהם, ערכי השלום והדמוקרטיה, והשוויון והצדק החברתי.

אוסקוט (אומר דברים בשפה הערבית).

לכן אנחנו נמשיך בדרכנו. והיום, מבחינתי – תשמע, חברי ד""ר אחמד טיבי. לפני שנה דיברו על כן ביבי, לא ביבי. היום הדבר הכי חשוב: כן תקציב, לא תקציב. שם לא דיברו על המהות, ועכשיו לא מדברים על המהות. בזמנו לא דיברו על המהות, ועכשיו לא מדברים על המהות של התקציב. אנחנו כן נגד בנימין נתניהו. כן, כן, כן.

הוא לא אופציה, לא היה ולא יהיה, ממקום מאוד מהותי – שאנחנו נגד האידאולוגיה שלו. אנחנו נגד התקציב הזה לא כחלק מכן תקציב, לא תקציב. כי מה שחשוב לנו זה המהות של התקציב. אני רוצה לחשוב על ההורים שלי, על (אומר בערבית), אני רוצה לחשוב על השכנים שלי, אני רוצה לחשוב על הכפרים הערביים, על עיירות הפיתוח, היהודים העניים. אני רוצה לחשוב עליהם ולהגיד: במידה והתקציב הנוכחי עובר, האם זה ייטיב או שזה יפגע בהם? זו השאלה העקרונית. אני רוצה לשאול על תושבי עזה, הגדה המערבית, ירושלים המזרחית. האם התקציב הזה יעזור להם או שהוא יעמיק את הכיבוש? רק אנשים רשעים, אנשים רעים, אנשים ששונאים את עצמם, שונאים את הציבור שלהם, מצביעים בעד תקציב ארור כזה. תודה רבה.

קרעי, אני מרגיש שיש לך רגשי נחיתות. תשמע, אתה - - -

אתה רוצה להוכיח לי משהו - - -

תגיד, אולי אתה רוצה להוכיח לאשכנזים, למשל, שאתה שונה ממני, למשל. אולי אתה רוצה להוכיח לאשכנזים שאתה, בהיותך עם הרקע הערבי – שאתה שונה ממני.

לכן אתה מקצין ואתה גזעני.

- - - תשמע, אני רוצה להסיר, להסיר את הדבר השטחי הזה ולהגיד לך - -

- - (אומר בערבית) אתה בן לוב - - -

אל תוכיח שום דבר. אתה יודע מה, תהיה גאה כמוני. אני ערבי פלסטיני גאה, אוהב את העם שלי. אני כל כך גאה בו, מאמין בזכויות שלנו, מאמין (אומר דברים בשפה הערבית). למה יש לך רגשי נחיתות כלפי אשכנזים?

למה יש לך רגשי נחיתות כלפי אשכנזים?

תשמע, הם גזענים – אני לא מדבר על כל האשכנזים.

הגזענים הם גזענים כלפיך גם. תהיה גאה כמוני. זו דרך - - -

זו דרך יותר מכבדת ויותר מכובדת.",1
338848,שמחנו קצת. תודה על השמחה של החצי דקה.,1
338961,"כבוד היושב-ראש ד""ר אחמד טיבי, עמיתיי חברי הכנסת וחברות הכנסת, הזכות לבריאות היא זכות יסוד. במדינת ישראל יש 33 בתי חולים רשמיים, אף אחד מהם לא ביישוב ערבי.

המרחק הממוצע מבית החולים הקרוב מיישובים יהודיים הוא כ-14 קילומטר, וכ-22 קילומטר מיישובים ערביים. תוחלת החיים של יהודים בישראל היא 82 ושל הערבים 79. זה פער של 12 קילומטר שהופך לפער של שלוש שנות חיים. כמעט 50% מהרופאים החדשים במדינת ישראל הם רופאים ערביים, אבל הציבור הערבי סובל מחוסר נגישות. למה בסח'נין? למה בסח'נין? כי העיר סח'נין היא העיר הכי רחוקה מכל בית חולים אחר, הכי רחוקה מכל עיר ערבית, מכל עיר יהודית במדינת ישראל, הכי רחוקה מכל בית חולים אחר. דיברתי עם השר ניצן הורביץ, שר הבריאות, אז הוא ענה לי כך, הוא אמר לי: אכן, בצפון מגיע עוד בית חולים. כך הוא אמר. השרה תמר זנדברג, כך הוא ענה לי. אבל איפה? הוא אמר לי: אה, בקריית אתא. בקריית אתא. אני רוצה להביע עמדה מקצועית ולעשות השוואה בין קריית אתא לבין סח'נין. קודם כול, אני בעד הקמת בית חולים בקריית אתא, אני בעד, נקודה. השוואה בין קריית אתא לבין סח'נין: קריית אתא רחוקה מחיפה 14 קילומטר, סח'נין רחוקה 45 קילומטר. אני בעצמי לפני כשבוע נסעתי ברכב מבית חולים רמב""ם עד לקריית אתא – 14 דקות. המשכתי לסח'נין – 54 דקות. האם זו סיבה מקצועית או לא? כן מקצועית. לפי אשכול סוציו-אקונומי, קריית אתא מספרה 6, סח'נין מספרה 3, ממש חצי. השכר הממוצע בסח'נין הוא 6,100 שקלים חדשים, השכר הממוצע בקריית אתא הוא 8,400 שקלים. האם זו השוואה מקצועית או לא מקצועית? כן מקצועית. אמרתי שבמדינת ישראל יש 33 בתי חולים רשמיים, אין אחד ביישוב ערבי. יכול להיות שיש פה טעות סטטיסטית, כמו למשל שיש אוניברסיטאות, אבל אין ביישוב ערבי אחד, כמו למשל שבמדינת ישראל מאז שנת 48' עד עכשיו הוקמו 940 יישובים חדשים, כולם ליהודים, אפס לערבים. יכול להיות שכל אלה הם טעות סטטיסטית, לא מעבר. אותו דבר לגבי בית חולים. אני עקבתי אחרי התוכנית הכלכלית 923, שאני מברך עליה ואני רוצה שהיא תיושם במלואה, אבל אמרתי בין היתר: למה אין בית חולים ראשון? למה אין אוניברסיטה? למה אין יישוב חדש? אבל בעיקר למה אין צמיחה כלכלית? אין צמיחה כלכלית. אז מה ההבדל בין להקים בקריית אתא לבין להקים בסח'נין? זה בין התלות הכלכלית לבין האופק, כלומר נותנים לנו דגים אבל לא נותנים רשת לדוג את הדגים. אין חכת דיג (אומר בערבית:). דג כן אבל חכת דיג לא. זהו כל ההבדל, השרה תמר זנדברג. אני ישבתי עם יו""ר סיעת מרצ לפני יומיים, מיכל רוזין, והיא נתנה לי כמה תשובות. למשל: איימן, בינינו, לא מקימים בית חולים דרך הצעת חוק.

למשל, עקבתי, מצאתי למשל שבשנת 2000 סופה לנדבר הגישה הצעת חוק לבניית בית חולים באשדוד.

והינה, יש הצעת חוק באשדוד, עשו באשדוד. הוקם, דרך הצעת חוק.

כבוד השרה, אני רוצה להגיד לך משהו.

היום בבוקר שמעתי חבר כנסת מרע""מ שאומר בתקשורת שהצעה כזו תפיל את הממשלה. וואי וואי וואי.

חשבתי למשל שבניית 9,000 יחידות של מתנחלים בירושלים המזרחית תפיל את הממשלה. אבל בשביל בית חולים – זכות בסיסית, אלמנטרית – מפילים ממשלה? מה, הממשלה הזו כל כך עוינת את האוכלוסייה הערבית? אז למה אתם נמצאים בממשלה שעשויה ליפול בגלל בניית בית חולים בקרב האוכלוסייה הערבית?

זו הממשלה שאתם חברים בה? עכשיו אני קראתי גם הודעה.

אני גם קראתי הודעה מטעם רע""מ.

ההודעה הזו, כתוב בה כך: המטרה של הצעת החוק היא להביך את רע""מ ולהביך את מאזן גנאים. בשנת 2004 - - -

בשנת 2004 אחמד טיבי הגיש הצעת חוק להקים בית חולים בסח'נין. זה להביך מישהו? בשנת 2004 עבד אלמאלכ דהאמשה מרע""מ – זו הצעה שלו, מרע""מ – הגיש הצעה להקים בית חולים בסח'נין. זה להביך את רע""מ? אני, לפני שנתיים, בחודש אפריל 2019, הגשתי הצעת חוק – יחד עם רע""מ הגשתי אותה לפני שנתיים – להקים בית חולים בכפר סח'נין.

אני מבקש להמשיך. אין לי זמן.

אני מבקש לתת לי זמן בגלל שמפריעים לי.

תודה רבה. עכשיו, אני רוצה להגיד לרע""מ, שהוציאו את גילוי הדעת הזה, להגיד להם: קודם כול, בואו נסכים שההצעה צודקת, זה לפני הכול. ההצעה צודקת או לא צודקת, זה הדבר הראשון. הדבר השני, כל הזמן הגשנו אותה יחד איתכם, אז הדבר המשתנה הוא לא שאנחנו מגישים, אלא שאתם הפכתם לצד האחר. לא מעבר. זה ההבדל היחידי.

האם המטרה שלי היא להביך? אני בעצמי, לפני שהגשתי את ההצעה, הלכתי אל ביתו של מאזן גנאים, לפני כשבועיים, שתיתי אצלו קפה, ואמרתי לו: חשוב לי לא להביך אותך. חשוב לי שאתה, בגלל שאתה מהעיר סח'נין – תמיד הגשתי את ההצעה בלי לדבר איתך, אבל עכשיו שאתה חבר כנסת אני רוצה שתהיה איתנו. הוא אמר לי: איימן, אני איתכם. הוא גם דיבר בכמה כלי תקשורת ואמר: אני תומך.

חד וחלק. אנחנו ומאזן גנאים נמשיך את ההצעה ביחד, בשמחה. העיקר שיהיה בית חולים בסח'נין.

זה העיקר. עכשיו אני רוצה לפנות גם לח""כים – גם של המשותפת, גם של רע""מ ואחרים. כמה ח""כים יש מאזור אל-בטוף, כמה? אוסאמה סעדי הרים יד – אחד; מאזן מסח'נין, אימאן מעראבה ומנסור ממע'ר. כולם מאזור אל-בטוף.

אשתי מעראבה. נכון, אבל זה בעיקר צודק – זה הדבר הנכון. חברים, אני רואה חברים מגלגלים עיניים, אבל הציבור שלנו מסתכל עלינו בכליון עיניים. זה כל ההבדל בין כליון עיניים לגלגול עיניים.

אני מסיים, ואני פונה אלייך, תמר זנדברג, השרה תמר זנדברג. אל תגידי לא. אני מוכן לשבת איתך, להעביר את זה בטרומית. מישהו יגיד לי שבדיוק בסח'נין אי-אפשר, ושצריך שילוב של סח'נין, עראבה, דיר חנא – אני אשמח. מישהו יגיד – אולי לא פה בדיוק, אולי קצת שם? נשב ונדבר ביחד. זה לא לעומתי, זה צודק. ואני רוצה לסגור את זה ולהגיד לך, תמר זנדברג, כבוד השרה: את ממרצ, ותאמיני לי, האם זה כל כך רע שדווקא כשמרצ בשלטון – ואת גם אישה. תזכרי כל הזמן שכשמדברים על זכויות נשים, אומרים: יש משהו מקדים, יש משהו לפני, יש הערה טכנית, לא עכשיו, מחר, אולי אנחנו עכשיו לא בקואליציה, לא באופוזיציה. תמיד יש סיבה. תמיד. אני, כמיעוט, מרגיש שכך מתייחסים אליי עכשיו, כך בדיוק. דווקא כשאתם, מרצ, נמצאים במשרד הבריאות, אני חושב שאתם צריכים למצוא את הנוסחה לקדם את זה ביחד. לעיר סח'נין, לאזור אל-בטוף, מגיע, בצדק.

אני מוכן לעשות את הכול יחד עם הממשלה, יחד עם שר הבריאות ניצן הורוביץ – לשבת איתו, עם המשרד שלו, ולתאם את הכול, בשביל שבסופו של דבר יהיה בית חולים באזור אל-בטוף, דבר כל כך צודק. תודה רבה.

השרה תמר זנדברג, כבוד היושב-ראש.

השרה תמר זנדברג, יש לאזרחים הערבים תסביך שנקרא הגישה המפא""יניקית. זו הגישה שלא אומרת לא בפרצוף אבל עושה את הכול בשביל למרוח, בסופו של דבר, ושהתשובה תהיה לא. כלומר, לו הכוונה שלך היא להפיל הצעת חוק של אחד מהאופוזיציה, אבל את תקדמי את זה עוד חודש – ניחא. אבל את יודעת ואני יודע שאתם לא מעוניינים לקדם את הצעת החוק הזו – זו הבעיה שלי. זו הבעיה. אני מבקש ממך – בינך לבין עצמך, בינך לבין ניצן הורביץ, בינך לבין מרצ – לחשוב על מה שאמרתי. סח'נין – מגיע לה, ממקום הכי צודק. למה קריית אתא? ישבתי עם חמד עמאר והוא אמר לי שזה קריית אתא ושפרעם. בדקתי את התוכנית עכשיו – כל כולה בקריית אתא. לא רק כל כולה – גם בונים 9,732 יחידות דיור בתוך קריית אתא, מסביב לבית החולים הזה. הכול שקר. פשוט מאוד, כסף פה וכסף שם. משהו קטן – כן; אבל צמיחה כלכלית, בניית מוסדות לאזרחים הערבים – זה לא. אנחנו ניאבק, ואנחנו עוד נצליח, ועוד יוקם בית חולים בסח'נין. תודה רבה.",1
339012,"כבוד היושב-ראש, זה לא פלא שאשר ואזולאי ואנוכי הגשנו הצעה לסדר, כי השאלה מאיפה אנחנו באנו. כלומר, ערבים וחרדים. פעם חבר הכנסת בנימין נתניהו, כשהיה ראש ממשלה, אמר שמצבנו מצוין בניכוי הערבים והחרדים. אני רוצה להגיד לאזרחים מהם המחירים שהממשלה הזו, הממשלה של נפתלי בנט, תעלה בחודשים הבאים. למשל, תבלינים, פיצוחים, פירות יבשים – למשל, אצלנו, הערבים, בתנחומים מחלקים תמרים יבשים – יתייקרו ב-10% עד 70%; הקמח יעלה מ-5% עד 10%, ואיתו מחיר הלחם; מחיר הדיור, מחירי הדיור עלו השנה ביותר מ-9%; גם מחירי הדלק, החשמל. אני רוצה לדבר על מה שנקרא הפלסטיק החד-פעמי, שהוא יעלה פי שניים. מי משתמשים בפלסטיק חד-פעמי? השכבות המוחלשות. אבל אזולאי ואשר, יש ביני לבינכם חילוקי דעות לגבי איך אנחנו משפרים את מעמדן של השכבות המוחלשות. אני מסתכל על התקציב, רואה את מה שנקרא ""ביטחון"", כמה כסף הוא מקבל, ואני שואל: האם מדיניות כיבוש מועילה באמת לתקציב? שלא לדבר על העיקר, שהיא פוגעת בעם שלם. השאלה היא מה ייטיב עם המוחלשים – מדיניות של שלום ולהעביר את הכסף לשכבות המוחלשות. הדבר השני, לאן מחלקים את הכסף? לטייקונים. ואנחנו צריכים לשאול האם אנחנו צריכים להתנהג כמו קבוצות סקטוריאליות, לתת לנו מין תוכנית כלכלית של פחות מ-1% מהתקציב כולו או שאנחנו, דווקא חרדים וערבים, שמהווים לא פחות מ-37% מהאזרחים, צריכים לשים את המשקל שלנו למען תקציב הוגן, למען המוחלשים במדינה? את זה אנחנו מתכוונים לשנות, קבוצת חברי כנסת מהאופוזיציה והקואליציה יקדמו הצעת חוק להעלאת שכר המינימום ל-40 שקל לשעה. אנחנו ברשימה המשותפת חלק אינטגרלי מהיוזמה הכל-כך חשובה הזו. תודה רבה.",1
339033,"כבוד היושב-ראש, עמיתיי חברי הכנסת וחברות הכנסת, שמעתי את נציג הליכוד תוקף את רע""מ. אני דוחה על הסף את המתקפה הזו. זו מתקפה שבסיסה גזעני – לא ממקום נכון, אלא ממקום לאומי, בעיקר לאומני. ואנחנו, במשותפת, נצביע נגד האי-אמון של הליכוד ממקום מאוד עקרוני. שמעתי גם את מה שאומרת אילת שקד סביב חוק חיבור בתים לחשמל שהגיש חבר הכנסת ווליד טאהא. אני דוחה על הסף גם את העמדה של אילת שקד. אני תומך בתיקונים, אבל – והאבל פה הוא גדול מאוד – הרי חבר הכנסת אחמד טיבי הגיש פה הצעה לחיבור בתים לחשמל. הצטרפו להצעה הזו 59 ח""כים. מי שהפיל אותה, ולא נתן לה לעבור, זה רע""מ. חבל שעשיתם את זה. פגעתם בעשרות אלפי בתים של אזרחים ערבים ושל יהודים נזקקים. אתם, ברע""מ, פגעתם בהם. ואמרנו לכם. רציתם לעשות דיבורים, אז הבאתם הצעה, אבל הגזענים מהמפלגה שלכם, לרבות אילת שקד, מונעים מכם. ואת ההצעה שהבאתם – ואנחנו אמרנו לכם שהיא לא תביא לתוצאה – מי שבירך עליה זה התנועה הגזענית רגבים. היא בירכה אתכם ואת אילת שקד. וכשהתעוררתם ורציתם לשפר את ההצעה שלכם, מי שיצאה נגדכם זו שרת הפנים אילת שקד. והינה, עכשיו אתם תקועים, אחרי שתקעתם את ההצעה שלנו. ומי שמפסיד מכל זה אלו עשרות אלפי בתים ערביים. אני פונה לרע""מ שיתמכו בהצעה של חבר הכנסת אחמד טיבי לחיבור בתים לחשמל. יש לנו 59 ח""כים שתומכים – תצטרפו אתם, וכבר יש לנו רוב. אני פונה אליכם ואומר לכם: אל תדאגו לממשלה הזו – תדאגו לציבור שלכם. ואני עוד אומר לכם שהממשלה הזו, שעומד בראשה בן אדם שבקושי עובר את אחוז החסימה – הוא לא יפרק את הממשלה הזו וילך לבחירות בשביל החוק לחיבור בתים לחשמל. קצת אומץ, קצת יושרה, וכך ניטיב עם הציבור שלנו. תודה רבה.",1
339477,"אנחנו תומכים בהצעה שלך, אבל אנחנו צריכים לשמוע אותך.",1
339519,"ניר, ניר, הייתם בממשלה, למה לא עשיתם את זה?",1
339755,"כבוד היושב-ראש, עמיתיי חברי הכנסת וחברות הכנסת, אני פונה לכולכם, לרבות לחברי רע""מ, ואומר להם, שואל אותם: למה הצבעתם נגד חוק החשמל שאנחנו הבאנו? למה פגעתם ב-90% מהאזרחים הערבים, הזקוקים, כל כך זקוקים, לחיבור בתים לחשמל? אמרתם שאתם תביאו הצעת חוק משלכם. לפני שבוע אמרנו שהצעת החוק שלכם תפתור בעיה של פחות מ-5%. אני עכשיו רוצה לתקן ולומר שההצעה שלכם תפתור לא יותר מ-3% מהבתים שאין להם חשמל. זאב קם, כתב הכנסת ברשת ב', הוא שאמר שהמאבק בין ווליד טאהא לאילת שקד הסתיים בנוק אאוט לאילת שקד. עמותת רגבים, העמותה הכי גזענית בסוגיית התכנון ובנייה, בירכה את השרה אילת שקד. וגם אנחנו קיבלנו חוות דעת ממומחים, מהמרכז הערבי לתכנון אלטרנטיבי, מעו""ד תאופיק ג'בארין, מעו""ד קייס נאסר, ושמענו את דעתם. הם אמרו לנו שההצעה הזו של רע""מ, של ווליד טאהא, לא תפתור יותר מ-5% מהבעיה. יש להם אותה עמדה של רגבים ושל הנוק אאוט של זאב קם, אבל ממקום אחר, ממקום מקצועי, שאומר: לצערי הרב, הפסדנו. מי הפסיד? לא חברי הכנסת. הציבור זה שהפסיד. אני רוצה להמחיש, אני רוצה להמחיש. הצעת החוק שלנו פתרה יותר מ-90% מהבעיה. אני רוצה לפנות לאנשים בצפון, שכונת אל-דריג'את בטמרה, חי אל-דריג'את בטמרה, חי אבו שהאב בשפרעם. לצערי הרב, ההצעה שלנו פותרת את הבעיה; ההצעה של רע""מ לא פותרת לכם את הבעיה. במשולש, אל-מקאיל, שכונת אל-מקאיל, חי אל-מקאיל בכפר קרע, ההצעה שלנו פותרת את הבעיה; ההצעה של רע""מ לא פותרת לכם את הבעיה. במרכז הארץ, חי דהמש, שכונת דהמש, ההצעה שלנו פותרת לכם את הבעיה; ההצעה של רע""מ לא פותרת לכם את הבעיה. מה עם הנגב? כל הנגב, כל הנגב: ההצעה שלנו פותרת את הבעיה; ההצעה של רע""מ לא פותרת את הבעיה לבית אחד בנגב, לבית אחד היא לא פותרת את הבעיה, לצערי הרב. אז מה נעשה עם ההצעה של רע""מ?

אנחנו, המשותפת, יש לנו עמדה מוסרית, עקרונית: אם ההצעה של רע""מ תפתור את הבעיה ל-1%, ל-2%, אנחנו נצביע בעד. אבל תוך שבוע המשותפת תביא את ההצעה שלה, שתפתור 90% מהבעיות, ונראה איך אתם תצביעו – תמיד עם הציבור, תמיד עם המוחלשים. תודה רבה.",1
339789,"כבוד היושב-ראש, עמיתיי חברי הכנסת וחברות הכנסת, היום בבוקר ראש הממשלה נפתלי בנט ירד ממגדל השן שלו לנגב. בתצפית מול רהט – לא נכנס לעיר עצמה – אמר שאנחנו עוברים מהגנה להתקפה. כך הוא מדבר לאזרחים הערבים בנגב. המשפט הזה של ראש ממשלת השינוי הזכיר לי את המשפט של ראש הממשלה הקודם נתניהו, שאמר נגד תושבי קלנסווה ש""כוחותינו הורסים בתים בקלנסווה"". הראשון אומר ""כוחותינו מול האויב"", והשני, של ממשלת השינוי, מדבר על התקפה נגד האזרחים. חשוב לי להגיד לכם שהמצב הקשה ביותר בקרב אזרחים בכל מדינת ישראל נמצא בקרב האזרחים הערבים בכפרים הלא-מוכרים בנגב. הממשלה הזו רוצה להטיל משילות על הנגב, ואני רוצה להסביר לה איך מטילים משילות. מטילים משילות דרך הכרה בכפרים, דרך מתן זכויות לאנשים. לתת לאנשים לחיות בכבוד, לתת אופק לצעירים, ולא לתת להם לחיות בכפרים בלתי מוכרים וללא מים וללא חשמל. כך לא מטילים משילות. הממשלה הזו בששת החודשים הראשונים שלה היא הממשלה הגרועה ביותר עבור האזרחים הערבים בנגב.

קשה לי להגיד מילה יחסית, בצורה יחסית כלפי ממשלת נתניהו האחרונה, ממשלת נתניהו-גנץ. אבל בגלל שהייתי שותף בשיחות בין סעיד אלחרומי, עליו השלום, לבין השר לשעבר עמיר פרץ, כי דיברו שם על הכרה בח'שם זנה, ברח'מה, בעבדה, וממשלת השינוי החליפו את ההחלטה הזו בתוכנית פראוור; כלומר, הכרה בתמורה לכינוס 70% מתושבי הכפרים הבלתי-מוכרים.

זה נכון ומדויק. לכן אני כל כך גאה שאנחנו עומדים חוצץ – לא רק שעמדנו מול ממשלת נתניהו, אלא גם עומדים חוצץ נגד הממשלה הגזענית הזו של נפתלי בנט. תודה.",1
339896,"מה שחשוב זה שהשמאל כרגע מושפל - - -

זה כמו ממשלת - - - ממשלת השינוי - - -",1
339977,"יש שר עם כוונה טובה. אני מאמין שיש לכולנו כוונה טובה, אבל אולי תידחי את זה, להעלות את זה בשבוע הבא להצבעה?",1
339997,"כבוד היושב-ראש, עמיתיי חברי הכנסת מהקואליציה והאופוזיציה, בשעה טובה יש תמימות דעים לקדם את הייצוג ההולם והשוויוני לאוכלוסייה הערבית בחברות הממשלתיות. חבר הכנסת גפני שאל אותי על החרדים. אנחנו מן הסתם בעד שוויון לכל האוכלוסיות. לפני כמה שנים עברה הצעת חוק שקוראת לשוויון לבני העדה הדרוזית. מבחינתנו מגיע שוויון לכולם – גם לדרוזים, גם למוסלמים, גם לנוצרים, לשכבות המוחלשות. – העיקר שיהיה שוויון לכל האוכלוסיות במדינה. ועכשיו הגיע תורה של האוכלוסייה הערבית בכלל, אחרי 72 שנים מאז קום המדינה ועד עכשיו. מהו המצב הקיים? שיעור האוכלוסייה הערבית בחברות הממשלתיות פחות מ-1.5%. אני רוצה לתת לכם כמה דוגמאות. למשל בדואר אחוז האוכלוסייה הערבית הוא פחות מ-2%. בחברת החשמל הוא עומד על 1.5%. במקורות הוא עומד על 1.2% – פחות מ-1.5%. הצעת החוק הזו מקדמת שוויון מלא. צריך גם לומר שהייתה הצעת חוק מלפני כ-20 שנה לייצוג הולם בשירות המדינה. בזמנו אחוז האוכלוסייה הערבית היה 2%, והוא עלה ל-11% – עלייה טובה אך לא מספקת בכלל. חברנו אחמד טיבי היה יו""ר ועדה של ייצוג הולם במשך כמה שנים והצליח לקדם מפה ומשם, וזה גם חשוב. אני מקווה שאחרי העברת החוק, שיזמו אותו מהרשימה המשותפת, חברתי עאידה תומא ואנוכי, וממרצ חברת הכנסת ג'ידא זועבי רינאוי, אני מקווה שהיום נצליח להעביר את ההצעה הכל-כך חשובה הזו ונעבור למישור אחר לגמרי, שיקדם שוויון מלא וייצוג הולם של אזרחים ערבים בחברות הממשלתיות. תודה רבה.",1
340022,"כבוד היושב-ראש, עמיתיי חברי הכנסת וחברות הכנסת, זה רק שלשום נפתלי בנט, ראש הממשלה, עמד על תצפית מול רהט – לא נכנס לרהט – כמו מושל צבאי, ואמר שאנחנו עוברים מהגנה להתקפה בנגב. זה רק אתמול אילת שקד, השרה גזענית ביותר בממשלה הזו, זה רק אתמול היא אמרה שהיא תהרוס בתים של האזרחים הערבים בנגב. חברים, זה היום. היום, לו ראיתם את כוחות, מה שנקרא הביטחון, הכוחות שנכנסים לביר הדאג', לכפר שהפך להיות כביכול מוכר, ואיך הרסו את הבתים שם. אני מאשים אתכם אתם, חברי הקואליציה כולכם. זה גם המתנחל נפתלי בנט, אבל לא רק, ולא רק ימינה. אני מאשים את העבודה; אני מאשים את מרצ; אני מאשים את כחול לבן; אני מאשים את תקווה חדשה; אני מאשים את רע""מ, את אל-ווחדה. כולכם שותפים להריסת הבתים בנגב. אתם, אתם, שותפים להריסת בתים של אנשים נזקקים, של אנשים עניים, באמצע החורף. מדובר על משילות בנגב. אני אגיד לכם מה זה משילות בנגב. משילות בנגב זה ביטחון. ביטחון זה הכרה בכפרים הבלתי-מוכרים. ביטחון זה שאנשים יחיו בכבוד, בשוויון. זהו הביטחון האסטרטגי, זוהי המשילות האסטרטגית. אני מאשים את הממשלה הזו, שהיא הגרועה ביותר בעבור תושבי הנגב. הגרועה ביותר. תושבי הנגב לא ראו ממשלה יותר גרועה להם מממשלת נפתלי בנט ואיילת שקד, וכל השותפים שלה.

אנשים פשוטי העם, עניים, חיים בכפרים בלתי מוכרים ללא מים, ללא חשמל. לעבור מהגנה להתקפה? להרוס להם בתים? כמה גזענות, כמה גזענות, כמה גזענות. אני רוצה להגיד לתושבי הנגב: כמו שנאבקנו יחד נגד פראוור וניצחנו את פראוור. עכשיו מנסים להחזיר את פראוור על ידי, כביכול, הכרה בשלושה כפרים, יחד עם כינוס 70% מתושבי הנגב – כמו שאתמול איילת שקד דיברה בנגב: להחזיר את פראוור. אבל כמו שעשינו לפני כמה ימים באבו תלול. ההפגנה הענקית שהייתה באבו תלול נגד הממשלה הגזענית הזאת היא הדרך להביא להכרה בכפרים. כמו שתושבי הנגב ידעו לעשות, כמו שהצליחו - -

- - לרבות הממשלה הגזענית ביותר. את חלק מהממשלה. את חלק מהממשלה הגזענית. את לא שונה מאף אחד מהם.

- - - וננצח אתכם. את חלק מהגזענות הזאת.",1
340032,אני לא מקבל את כל מה שאמרת. לא מקבל בכלל. היא כן גזענית ואתמול הייתה גזענית.,1
340191,"כבוד היושב-ראש, עמיתיי חברי הכנסת וחברות הכנסת, מוחמד כיוואן מחאמיד מאום אל-פחם, בן 17 במותו, היה אחד מהנערים שכולם יסכימו שהם טובי בנינו. הוא היה תלמיד מצטיין ויו""ר מועצת התלמידים באום אל-פאחם. היה אהוב על ידי משפחתו וחבריו, ותמיד השקיע בלימודים, כי חלם ללמוד הנדסה. אבל חלומו נגדע, נגדע מכדור שפגע בראשו. במותו מוחמד הציל את חייהם של שישה בני אדם, יהודים כערבים, כי משפחתו בחרה לתרום את איבריו. אני מכיר את הוריו, הם סמל לאנושיות, לרוחב לב ולגדלות נפש. אבל במקביל, יותר מחצי שנה עברה מאז מותו, ועדיין אין תשובה על השאלה הבסיסית: מי הרג את מוחמד כיוואן. איפה החקירות, איפה המעצרים? למה המשרד לביטחון הפנים מתעלם מהשאילתות שלנו כבר חצי שנה? זה השר לביטחון פנים שאני הבאתי את הוריו של מוחמד בשביל לפגוש אותו לפני חמישה חודשים. במשטרה לא רוצים לענות כי הם יודעים את האמת: מוחמד ישב עם חבריו ברכב ונורה על ידי שוטרים בלי שהיווה סכנה. תשאלו את רוצחי יעקוב אבו אלקיעאן, תשאלו את ארגוני הפשע המאורגן, מה העונש על רצח של אזרח ערבי. מוחמד הוא ערבי במדינת היהודים. מבחינתנו, דם מוחמד אינו הפקר. נזכיר את השם שלו מדי שבוע. אנחנו ברשימה המשותפת ניאבק בשביל שהאמת תצא לאור ובשביל שהפושעים שירו בו ישבו מאחורי סורג ובריח. אנחנו לא נשקוט עד שהפושעים, השוטרים שירו בו, יימקו בכלא. תודה.

- - - יאללה, ערבים, מזרחים, חרדים, אנחנו הרוב במדינה. יאללה - - -",1
340232,"כבוד היושב-ראש, עמיתיי חברי הכנסת – כבוד היושב-ראש, תרשה לי לדבר בערבית, בבקשה. (אומר דברים בשפה הערבית, להלן תרגומם:). בעברית: המדינה מקדמת תוכנית בנייה נרחבת ליהודים במזרח ירושלים שתביא לפינוי פלסטינים. (אומר דברים בשפה הערבית, להלן תרגומם:) תודה רבה.

אתה בנית לא חוקי. אתה בנית לא חוקי.

אמרתי שהוא ביצע עבירות בנייה - - - ערבים. מסכנים היהודים בגליל. מסכנים, מסכנים היהודים בגליל.

אחמד טיבי, הערבים קיבלו פי שניים מחלקם היחסי באוכלוסייה - -",1
340439,אני עניתי: בעד. למה לא רשמו אותי?,1
340578,"כבוד השרה, תוקפו של חוק איחוד משפחות פקע בתאריך 6 ביולי 2021, אולם כפי שנמסר ליועמ""ש, שרת הפנים הקפיאה את הטיפול בבקשות כדי לגבש נוהל חדש. רצוני לשאול: 1. מדוע נמנע הטיפול בבקשות? 2. מה הבסיס המשפטי לגיבוש נוהל נפרד לפלסטינים במצב המשפטי הקיים? 3. בחלוף שישה חודשים מביטול החוק – כמה זמן עוד יידרש למשרדך עד שיגובש הנוהל החדש?

בשורה התחתונה, מזה שישה חודשים, כמה פלסטינים קיבלו אזרחות או מעמד, וכמה זרים אחרים, לא פלסטינים?",1
340686,"כבוד היושב-ראש, עמיתיי חברי וחברות הכנסת, אלוף משנה עמר בר לב, מפקד סיירת מטכ""ל, השר לביטחון הפנים, צייץ על אלימות המתנחלים. אבל יש פה מישהו, חבר כנסת, שמערער על עמדת השר לביטחון הפנים. מי שכבש את ירושלים המערבית ב-48' היה יצחק רבין, את ירושלים המזרחית ב-67' – יצחק רבין. שר הביטחון המיתולוגי יצחק רבין אמר שהמתנחלים הם סרטן בגוף המדינה. אבל יש פה חבר כנסת שמערער על הדברים הללו, והוא לא פחות מראש רע""מ, מנסור עבאס. הוא ביקש לא להכליל. להבדיל מהאמנות הבין-לאומיות, שרואות במתנחלים ובהתנחלויות פגיעה בתהליך השלום, שעצם היותם שם זה דבר לא לגיטימי לפי כל האמנות הבין-לאומיות, יש פה רק חבר כנסת, יו""ר רע""מ, שמערער על ההחלטה הבין-לאומית הזו. אתמול הוא הרחיק לכת ואמר שמדינת ישראל, לא רק שהיא נולדה כמדינה יהודית, היא תישאר יהודית.

היא תישאר יהודית. למה? לדעתו בגלל שהעם היהודי החליט כך. ומה אנחנו? אפס? אוויר? לא קיימים? לא מחליטים? לא מגיע לנו שוויון זכויות במולדת שלנו? הינה, זו עמדתי: ליהודים מגיעה הזכות להגדרה עצמית, חד וחלק. העם הערבי הפלסטיני הוא גם עם שמגיעה לו הזכות להגדרה עצמית. ואנחנו רואים שהפתרון הוא מדינה לצד מדינה ולא מדינה על חשבון מדינה או על חשבון עם  אחר. ומדובר על הערבים הפלסטינים אזרחי המדינה, שהם ילידים מבני המקום הזה. בדרך כלל מהגר צריך לדרוש מבן המקום שוויון במולדת של בן המקום. אנחנו פה, בני המולדת הזו, נאבקים למען שוויון במולדת שלנו. אבל למנסור עבאס יש דעה אחרת, שיש עם עליון, מדינה לעם מסוים, והעם האחר יכול להיות נתין. רק לפני כמה חודשים הוא אמר: תן ליהודים להחליט בסוגיות הגדולות, כולל ראשות הממשלה, ואנחנו נעבוד עם כל ראש ממשלה. למה? מה? אתה נתין? אתה לא אזרח? אתה לא שואב את האזרחות שלך מהיותך בן המקום הזה, בן המולדת הזו? תזכור טוב מאוד, עמדות כמו העמדות שאני מציג חייבים לכבד, כי הן עמדות ערכיות ודמוקרטיות, שמכבדות את העם שלנו. אבל העמדה שלך – עוד יסחטו אותך כמו לימון ויזרקו אותך לתוך הפח. תודה.",1
340900,"כבוד סגן השר יואב סגלוביץ', ב-12 ביולי, בתום כנס בנוכחות השר לביטחון פנים פה בכנסת, שבו השתתף מאלכ חסונה, ראש עיריית לוד התקשר אל מר חסונה ואיים על חייו ובפגיעה ברכושו, תוך קללות והשמצות. רצוני לשאול: 1. האם בוצע בירור מול ראש העיר? 2. כיצד המשרד מתכוון לפעול בעניין זה?

כבודו יכול לדעת מתי נקבל תשובה? כי זה בסך הכול איום דרך טלפון, לא נושא כל כך מורכב וקשה. אז כמה חודשים זה צריך לקחת? דומני שכשהמצב הפוך – זה אבא של חלל, בן אדם שנהרג במאורעות הקשים ביותר. במידה שהמצב היה אחרת, אין לי ספק שהתשובה הייתה מאוד מהירה.

כן, רצח שביעי בכפר בענה. רביע חסארמה, שנרצח ביום 18 באוקטובר, הוא הנרצח השביעי בכפר בשנתיים האחרונות. הכתובת הייתה על הקיר בגלל סכסוך דמים בכפר, אבל המשטרה לא סיפקה למשפחה הגנה כדי למנוע את הרצח. רצוני לשאול: 1. האם נעצרו חשודים ברציחות? 2. אם לא – מדוע? 3. מה נעשה כדי למנוע את הרצח הבא בכפר בענה? 4. מה משרדך מתכנן לעשות למניעת הרצח הבא?

כבוד סגן השר, אני אמור לשאול, אבל רק אמירה ואני מסיים. באמירה הזו אני אומר לך בצורה הברורה ביותר: אין שום דבר בעולם שמצדיק נקמה. אני מגנה בתוקף כל נקמה. מי שביצע – הוא ביצע, ואף אחד אחר מהמשפחה שלו לא, רק הוא, ומי שאמור לטפל בו זה רק המשטרה, רק בתי המשפט, נקודה. אנחנו נמצאים בשנה שיש בה מספר ההרוגים הגדול ביותר – זו אחריות המשטרה.",1
341245,"כבוד היושב-ראש, חבריי חברי וחברות הכנסת, בסוף השבוע שרת הפנים אילת שקד צייצה שהממשלה בשבוע האחרון קידמה מהלך היסטורי ברמת הגולן והחליטה על הקמת יישובים יהודיים בנגב וגם השקיעה 140 מיליון שקלים נוספים לעיבוי ההתנחלויות בגדה המערבית. אלה הן הפנים האמיתיות של הממשלה הימנית הזו. יש אנשים שהם כביכול בשמאל, כביכול בשמאל, שחושבים שהדבר העיקרי בשביל להגן על הדמוקרטיה זה למנוע הסתה נגד בית המשפט העליון, נגד האקדמיה, נגד העמותות, נגד העיתונות. אני חושב שהגישה שלהם נכונה. אכן, לא צריך להסית. אני רוצה להרחיב את המרחב הדמוקרטי ולא לצמצם אותו. יחד עם זאת, יש לי ביקורת קשה גם נגד בית המשפט העליון, שבששת החודשים האחרונים לא רצה לנקות את שמו הכל-כך נקי של המנוח יעקוב אבו אלקיעאן, וגם הדף את הבקשה של הרופא העזתי עז א-דין אבו אל-עייש, שרצה שיכירו בעוול שקרה לו אבל בית המשפט דחה את העתירה שלו. אבל בכל זאת, אני נגד צמצום המרחב הדמוקרטי, אני בעד הרחבתו. אבל תמיד צריך להסתכל מה הבעיות האמיתיות, העמוקות, של מה שנקרא הדמוקרטיה הישראלית. לדעתי הן המשך הכיבוש ב-67', בשטחי 67'; הדבר השני – האפליה נגד האוכלוסייה הערבית; הדבר השלישי – הפגיעה בשכבות המוחלשות, יהודיות וערביות. מי שרוצה להראות שזה רק ההסתה של נתניהו, צריך לעצור את ההסתה שלו – זה חלק מהסיפור, זה לא הסיפור כולו. הסיפור כולו – בשביל להגיע לדמוקרטיה אמיתית אמיתית, צריך לסיים את הכיבוש – –

תשתוק אתה, תשתוק. אתה לא שווה.

– – לסיים את הכיבוש הארור הזה, להביא למדיניות של שלום, לסיים את האפליה הקשה נגד האוכלוסייה הערבית. בעד שוויון, הן ברמה הלאומית, הן ברמה האזרחית, וגם מדיניות של צדק חברתי. זהו שמאל אמיתי, זוהי דמוקרטיה אמיתית. תודה רבה.",1
341294,"כבוד היושב-ראש, חבריי חברי וחברות הכנסת, בסוף השבוע שרת הפנים אילת שקד צייצה שהממשלה בשבוע האחרון קידמה מהלך היסטורי ברמת הגולן והחליטה על הקמת יישובים יהודיים בנגב וגם השקיעה 140 מיליון שקלים נוספים לעיבוי ההתנחלויות בגדה המערבית. אלה הן הפנים האמיתיות של הממשלה הימנית הזו. יש אנשים שהם כביכול בשמאל, כביכול בשמאל, שחושבים שהדבר העיקרי בשביל להגן על הדמוקרטיה זה למנוע הסתה נגד בית המשפט העליון, נגד האקדמיה, נגד העמותות, נגד העיתונות. אני חושב שהגישה שלהם נכונה. אכן, לא צריך להסית. אני רוצה להרחיב את המרחב הדמוקרטי ולא לצמצם אותו. יחד עם זאת, יש לי ביקורת קשה גם נגד בית המשפט העליון, שבששת החודשים האחרונים לא רצה לנקות את שמו הכל-כך נקי של המנוח יעקוב אבו אלקיעאן, וגם הדף את הבקשה של הרופא העזתי עז א-דין אבו אל-עייש, שרצה שיכירו בעוול שקרה לו אבל בית המשפט דחה את העתירה שלו. אבל בכל זאת, אני נגד צמצום המרחב הדמוקרטי, אני בעד הרחבתו. אבל תמיד צריך להסתכל מה הבעיות האמיתיות, העמוקות, של מה שנקרא הדמוקרטיה הישראלית. לדעתי, הן המשך הכיבוש ב-67', בשטחי 67'; הדבר השני – האפליה נגד האוכלוסייה הערבית; הדבר השלישי – הפגיעה בשכבות המוחלשות, יהודיות וערביות. מי שרוצה להראות שזה רק ההסתה של נתניהו, צריך לעצור את ההסתה שלו – זה חלק מהסיפור, זה לא הסיפור כולו. הסיפור כולו – בשביל להגיע לדמוקרטיה אמיתית אמיתית, צריך לסיים את הכיבוש - -

תשתוק אתה, תשתוק. אתה לא שווה.

- - לסיים את הכיבוש הארור הזה, להביא למדיניות של שלום, לסיים את האפליה הקשה נגד האוכלוסייה הערבית. בעד שוויון, הן ברמה הלאומית, הן ברמה האזרחית, וגם מדיניות של צדק חברתי. זהו שמאל אמיתי, זוהי דמוקרטיה אמיתית. תודה רבה.",1
341337,"כבוד היושב-ראש, עמיתיי חברי הכנסת וחברות הכנסת, הרשו לי בבקשה לדבר בשפה הערבית, למרות שאני בעד זכויות מיעוטים, לרבות זכויות קולקטיביות, והיהודים פה הם מיעוט, אבל בכל זאת, תרשו לי הפעם.

תשמע, אתה יהודי, אבל אתה מצרי, מדבר ערבית. (אומר דברים בשפה הערבית, להלן תרגומם: אני רוצה לדבר בשפה הערבית מתוך הרצון להסתרה, מתוך העיקרון של תשאיר את זה בלב ושיציק, ואל תוציא את זה החוצה ולעשות פדיחות. אז יותר טוב שנדבר אחד לשני בשפה הערבית, כי ישנם כמה עניינים שחשוב – המטרה שלהם היא לא להוציא את הדיבה, אלא השיח הישיר עם הציבור הערבי שלנו. לפעמים אני מרגיש אומללות מהמצב הזה. מה זאת אומרת שבמאה ה-21 המערכה העיקרית תהיה סביב חוק החשמל? או שהמערכה העיקרית היא סביב איחוד משפחות, למשל, או המערכה העיקרית היא סביב ועדת חקירה לעניין העסקת מורים. במאה ה-21, לא רק המערכה העיקרית – יש אנשים שנכנסים לממשלה בשביל עניין פה ועניין שם, ומוכרים את כל הסוגיות האסטרטגיות, מוכרים את השורשים תמורת גרושים. זו אידיאולוגיה שלמה. אנחנו עומדים בפני נושא שלמרות כל האומללות שבו, ולמרות שהרשימה המאוחדת הצביעה נגד הצעת הרשימה המשותפת שהביא ד""ר אחמד טיבי, שהייתה פותרת 90% מהבעיה, הייתה לנו עמדה מוסרית שלפיה אם זה פותר בעיה קטנה, אנחנו לא יכולים להוות מכשול. אין מצב. ועם זאת, ראינו שחבר הכנסת ווליד טאהא עשה ""ענתר בן שדאד"" ואמר שהוא הולך להוציא את הסמכויות מאילת שקד. הוא אפילו אמר את זה עם פרצוף רציני. אני קורא את החוק ואת המסמכים הנלווים: כל הסמכויות הן בידי שר הפנים. ולא רק זאת, לא רק שכל הסמכויות הן בידיה, היא בכוונה נהגה בהשפלה, כפי שהיא אומרת:) השימוש בסמכות זו, נדרש שייעשה במשורה. (אומר דברים בשפה הערבית, להלן תרגומם: מה זה אומר? זה אומר בטפטופים, בטפטפת. סועאד חוסני אומרת לחוסין פהמי בסרט ""ח'לי באלכ מן זוזו"": אני מדברת אליך בחום, אתה עונה לי בטפטופים. ""חום"" זה גם חשמל. ומי שלא יודע מה זה טפטפת, הרופאים משתמשים בזה.)

(אומר דברים בשפה הערבית, להלן תרגומם: מישהו חושב שבניסוח של חוק, שפה חוקתית, היא מתכוונת להכניס את המילה ""טפטפת"". היא הולכת לאשר את הבית הזה או ההוא פעם בשבוע, פעם בחודש, בטפטופים, והיא מביאה את המילה הזו לוועדת הפנים, שבראשה עומד ווליד, וגורמת לו להרים את היד שלו בעד המילה ""טפטפת"". כך. חברים, קצת כבוד עצמי. העם שלנו מלא בגאווה וכבוד עצמי. קצת מזה לא יזיקו. למען האמת, אני רוצה להגיד דברים כדי שכל אדם ירגיש עד כמה דבריי אלה אמיתיים. אני אביא דוגמאות על שכונה בצפון, שכונה במשולש, שכונה במרכז ושכונה בדרום. למשל, שכונת אבו שהאב בשפרעם לא תפיק כל תועלת; שכונת אל-מקאיל בכפר קרע לא תפיק כל תועלת; שכונת דהמש במרכז הארץ לא תפיק כל תועלת; בדרום הארץ, בנגב, לא יפיקו כל תועלת. אני מדבר בשמות של השכונות. לא רק זה, אלא שהגברת השלטת אילת שקד מתעקשת שהם חייבים לשלם את הערבות במלואה, ולא בתשלומים. למי יש? מי יש לו לשלם את מלוא הערבות כדי להתחבר? האם החוק הזה בא במיוחד עבור שכונות מסוימות ולבעלי האמצעים הכלכליים ולא עבור האנשים הפשוטים? אני רוצה לשאול את חבר הכנסת ווליד טאהא ורוצה להגיד לו שלמרות הטפטפת – הינה היא הטפטפת – למרות זאת, אני רוצה לשאול אותך: על מה התמקחת? אתה זוכר שלפני שבוע אחד אני אמרתי לכל האנשים: אתם עוד תראו שבאותו היום יביאו את חוק חריש עם חוק החשמל? תחזור לדף הפייסבוק שלי ולדברים שאמרתי לאנשים היקרים ביותר מבני עמנו שהצביעו לרשימה המאוחדת, שהם אנשינו ובני עמנו, חלק בלתי נפרד מאיתנו ומדמנו, האנשים הכי מכובדים ויקרים. אליהם הפניתי את דבריי באופן ישיר. אמרתי להם: הצבעתם עבור הרשימה המאוחדת, אבל תראו מה הם עושים. אמרתי להם שיביאו את חוק חריש באותו יום, כי השלטת והשולטת אמרה לו: אתה תביא אותם ביחד ואנחנו נצביע על שניהם ביחד, באותו יום – חריש, שבאה על חשבון תושבי המשולש הצפוני, ועכשיו עוד חוק נוסף על חשבון תושבי המשולש הצפוני. למשל, ועדת תכנון מיוחדת עבור חריש – מה משמעות זה שהיא מיוחדת עבור חריש ולא לכל האזור? זה אומר אזור תעשייה לחריש. על חשבון מי? על חשבון תושבי באקה אל-גרבייה, על חשבון כפר קרע, על חשבון אום אל-פחם, על חשבון עין אל-סהלה, על חשבון עארה וערערה, על חשבון אל-עריאן למעלה, על חשבון אום אל-קטף, על חשבון מייסר. הרי מה המשמעות של אזור תעשיה גדול שיש בו את הקניון הגדול ביותר שיהיה שם? מה המשמעות של הדברים האלה? זה אומר: אנשים, תבואו לחריש על חשבון כל האזור הזה. הרי אנחנו אמרנו לך שיביאו את זה באותו היום, לא יומיים לפני ולא יומיים אחרי, לא שבוע קודם ולא שבוע אחרי. באותו יום. אתה תצביע פה, עם חריש. אני אגיד לך עוד משהו, ואני מתערב – הם יביאו את חוק הגיוס, חוק גיוס היהודים החרדים, כלומר הוספת מגויסים לצבא הישראלי, צבא הכיבוש, ויגידו לכם: תצביעו בעד החוק הזה. אני מבקש ממך משהו. ניר אורבך כתב בכתב, ולא סתם הודיע בעל פה, כתב בכתב – – –)

(האבא של ההתנחלויות, יושב-ראש ועדת הכנסת, שהוא בעצמו מתנחל, ימני קיצוני, מהחבר'ה של ימינה, אמר: אני לא מעביר את החוק הזה אלא אם כן החשמל יחובר גם להתנחלויות ולהתיישבות צעירה. אלה הבריונים, בריוני הגבעות ומה שמסביב להן. מה קרה?)

אני מבקש, אני מבקש. (אומר דברים בשפה הערבית, להלן תרגומם: אני מבקש, אני מבקש. מה קרה פה במקרה הזה? ניר אורבך כתב באופן מילולי: לאחר שסיכמתי איתם על כך שהם מעבירים את הנושא, אני מאשר שהם יביאו אותו לכנסת. אז אחי, תוציא הכחשה. הרי הוא כתב במילים אלו. תוציא אתה הכחשה. סוגיות כל כך פשוטות – חשמל. מתי החשמל הגיע לאנושות? חשמל – לתת תמורתו את כל העמדות והעקרונות האלה? העם שלנו השיג את כל ההישגים האלה בגאווה וכבוד. העם שלנו השיג הכרה בכפרים, העם שלנו הרחיב אזורי שיפוט, העם שלנו הביא תוכניות מתאר ללא כל ויתור, עם מכובד. למה להתנהג בצורה הזאת? למה להתנהג בצורה הזאת, להחליף שורשים בגרושים? למה? אנחנו ברשימה המשותפת – כבר ברור היום שגם כך הקואליציה תומכת וגם כך החוק יעבור. הרשינו בקריאה הראשונה והרשינו בקריאה השנייה, מתוך העיקרון שאם זה יעזור רק לעני אחד, אם זה יעזור לשכונה אחת, הרי שזו עמדה מוסרית גדולה של הרשימה המשותפת. בושה, מה שאתם עושים. בושה לכם.)

(אומר דברים בשפה הערבית, להלן תרגומם: האבא של ההתנחלויות, יושב-ראש ועדת הכנסת, שהוא בעצמו מתנחל, ימני קיצוני מהחבר'ה של ימינה, אמר שאני לא מעביר את החוק הזה אלא אם כן החשמל יחובר גם להתנחלויות ולהתיישבות צעירה. אלה הבריונים, בריוני הגבעות ומה שמסביב להן. מה קרה?)

אני מבקש, אני מבקש. (אומר דברים בשפה הערבית, להלן תרגומם: אני מבקש, אני מבקש. מה קרה פה במקרה הזה? ניר אורבך כתב באופן מילולי: לאחר שסיכמתי איתם על כך שהם מעבירים את הנושא, אני מאשר שהם יביאו אותו לכנסת. אז אחי, תוציא הכחשה. הרי הוא כתב במילים אלו, תוציא אתה הכחשה. סוגיות כל כך פשוטות, חשמל, מתי החשמל הגיע לאנושות? חשמל – לתת תמורתו כל העמדות והעקרונות האלה? העם שלנו השיג את כל ההישגים האלה בגאווה וכבוד. העם שלנו השיג הכרה בכפרים, העם שלנו הרחיב אזורי שיפוט, העם שלנו הביא תוכניות מתאר, ללא כל וויתור, עם מכובד, למה להתנהג בצורה הזו? למה להתנהג בצורה הזו להחליף שורשים בגרושים? למה? אנחנו ברשימה המשותפת – כבר ברור היום שגם כך הקואליציה תומכת, וגם כך החוק יעבור. הרשינו בקריאה הראשונה והרשינו בקריאה השנייה, מתוך העיקרון שאם זה יעזור רק לעני אחד, אם זה יעזור לשכונה אחת, הרי שזו עמדה מוסרית גדולה של הרשימה המשותפת. בושה מה שאתם עושים, בושה לכם.)",1
341686,"כבוד היושב-ראש, עמיתיי חברי הכנסת וחברות הכנסת, בהתחלה אני רוצה להגיד כמה מילים על – – –

כבוד היושב-ראש, עמיתיי חברי הכנסת וחברות הכנסת, בהתחלה אני רוצה להגיד כמה מילים על מה שמתרחש בנגב. לפעמים אני מנסה לראות את התמונה הכוללת פה בכנסת, ואני רואה על מה אנחנו נאבקים.

תן לי דקה, בבקשה. אנחנו נאבקים על חשמל, אנחנו נאבקים של שיבוץ מורים, אנחנו נאבקים בנגב על הכרה בכפרים. כל התביעות של כל האזרחים הערבים בנגב זה להכיר ב-5%, זה לבנות ב-5% מאדמות הנגב. יש לשחרר את כל העצורים, יש להכיר בכל הכפרים הבלתי-המוכרים בנגב. לענייננו, החוק: חברים, הזקנים שמקבלים 2,000–2,400 שקל בחודש נאלצים לבחור בין תרופות לבין אוכל, בין דברים כל כך אלמנטריים. הדרישה שלנו היא כל כך צודקת. בפעם האחרונה העלו את קצבת הזקנה ב-2 שקלים; זה היה לפני שלוש שנים. בהצעה שלי אני מבקש להעלות אותה ב-2,000 שקל בחודש, בשביל שהזקנים שלנו יחיו בכבוד. לפני שש שנים, כשנאבקנו למען התוכנית הכלכלית 922, הבנתי מה פירוש המושג ""כסף טוב"". מבחינת האוצר ""כסף טוב"" זה כסף שחוזר היישר, כלומר, אתה משקיע בעשירים, והעשירים מחזירים מיסים. מבחינתם גמלאים זה כסף לא טוב; שכבות מוחלשות זה כסף לא טוב. מבחינתנו, אנחנו, נציגי השכבות החלשות, דווקא להשקיע במוחלשים זה הכסף המוסרי ביותר והטוב ביותר. אני פונה לחברי הכנסת ולחברות הכנסת לתמוך בחוק הצודק כל כך שלי. תודה רבה.

תן לי דקה, בבקשה. אנחנו נאבקים על חשמל, אנחנו נאבקים של שיבוץ מורים, אנחנו נאבקים בנגב על הכרה בכפרים. כל התביעות של כל האזרחים הערבים בנגב זה להכיר ב-5%, זה לבנות ב-5% מאדמות הנגב. יש לשחרר את כל העצורים, יש להכיר בכל הכפרים הבלתי-המוכרים בנגב. לענייננו, החוק: חברים, הזקנים שמקבלים 2,000–2,400 שקל בחודש נאלצים לבחור בין תרופות לבין אוכל, בין דברים כל כך אלמנטריים. הדרישה שלנו היא כל כך צודקת. בפעם האחרונה העלו את קצבת הזקנה ב-2 שקלים. זה היה לפני שלוש שנים. בהצעה שלי אני מבקש להעלות אותה ב-2,000 שקל בחודש, בשביל שהזקנים שלנו יחיו בכבוד. לפני שש שנים, כשנאבקנו למען תוכנית כלכלית 922, הבנתי מה פירוש המושג כסף טוב. מבחינת האוצר כסף טוב זה כסף שחוזר היישר. כלומר, אתה משקיע לעשירים, והעשירים מחזירים מיסים. מבחינתם גמלאים זה כסף לא טוב; שכבות מוחלשות זה כסף לא טוב. מבחינתנו, אנחנו, נציגי השכבות החלשות, דווקא להשקיע במוחלשים זה הכסף המוסרי ביותר והטוב ביותר. אני פונה לחברי הכנסת ולחברות הכנסת לתמוך בחוק הצודק כל כך שלי. תודה רבה.",1
341791,"כבוד היושב-ראש, עמיתיי חברי הכנסת וחברות הכנסת, אני רוצה לברך את חברת הכנסת ממרצ ג'ידא רינאוי זועבי על עמדתה האיתנה, הצודקת והערכית בהצבעה נגד חוק הגיוס. מגיעה לה מילת הערכה. אני גם שמעתי מה היא אמרה כשהיא הצביעה נגד. היא אמרה: בגלל הנגב – גם עמדה ערכית. יחד עם זאת, זה לא מספיק, כי אנחנו נגד הגיוס לצבא, כי אנחנו גם נגד גיוס חובה, אנחנו נגד הפעילות של הצבא, לרבות בשטחים הכבושים בשנת 67' או מעבר לכך. לכן, העמדה צריכה להיות נגד ממקום מאוד מאוד ערכי. אבל היא לפחות קיבלה עמדה אמיצה וערכית, להבדיל מאלה שאכלו את הדג המסריח וגם גורשו מהעיר, ואני מתכוון לרע""מ. ואני רוצה לשאול את כל חברי הכנסת הערבים במפלגות הקואליציה: האם זו ממשלה טובה או רעה? אני חושב שזו שאלה מאוד פשוטה, מאוד אמיתית, מאוד כנה. האם היא טובה כלפי העם הפלסטיני – למשל ירושלים המזרחית, הגדה המערבית, רמת הגולן? האם היא טובה עבור הנגב? האם היא טובה עבור השכבות המוחלשות, האנשים העניים ביותר – זו שהעלתה את המחירים בחודש הזה, לרבות במוצרים הכי חשובים לכל בן אדם עני, כמו הלחם, כמו החיטה, כמו הפירות והירקות, כמו החשמל, כמו הדלק? האם אתם תומכים בממשלה טובה או רעה? שאלה פשוטה וישירה מאוד. אתם חלק אינטגרלי מממשלה רעה, רעה מאוד. רציתי לברך אותך, ג'ידא, אבל זה צעד ראשון. תמשיכי בבקשה עד להפלת הממשלה הרעה הזאת. תודה.

כבוד היושב-ראש, עמיתיי חברי הכנסת וחברות הכנסת, אני רוצה לברך את חברת הכנסת ממרצ  ג'ידא רינאוי זועבי על עמדתה האיתנה, הצודקת והערכית בהצבעה נגד חוק הגיוס. מגיעה לה מילת הערכה. אני גם שמעתי מה היא אמרה כשהיא הצביעה נגד. היא אמרה: בגלל הנגב – גם עמדה ערכית. יחד עם זאת, זה לא מספיק, כי אנחנו נגד הגיוס לצבא, כי אנחנו גם נגד גיוס חובה, אנחנו נגד הפעילות של הצבא, לרבות בשטחים הכבושים בשנת 67' או מעבר לכך. לכן, העמדה צריכה להיות נגד ממקום מאוד מאוד ערכי. אבל היא לפחות קיבלה עמדה אמיצה וערכית, להבדיל מאלה שאכלו את הדג המסריח וגם גורשו מהעיר, ואני מתכוון לרע""מ. ואני רוצה לשאול את כל חברי הכנסת הערבים במפלגות הקואליציה: האם זו ממשלה טובה או רעה? אני חושב שזו שאלה מאוד פשוטה, מאוד אמיתית, מאוד כנה. האם היא טובה כלפי העם הפלסטיני – למשל ירושלים המזרחית, הגדה המערבית, רמת הגולן, למשל? האם היא טובה עבור הנגב? האם היא טובה עבור השכבות המוחלשות, האנשים העניים ביותר – זו שהעלתה את המחירים בחודש הזה, לרבות במוצרים הכי חשובים לכל בן אדם עני, כמו הלחם, כמו החיטה, כמו הפירות והירקות, כמו החשמל, כמו הדלק? האם אתם תומכים בממשלה טובה או רעה? שאלה פשוטה וישירה מאוד. אתם חלק אינטגרלי מממשלה רעה, רעה מאוד. רציתי לברך אותך, ג'ידא, אבל זה צעד ראשון. תמשיכי, בבקשה, עד להפלת הממשלה הרעה הזאת. תודה.",1
341812,"כבוד השרה תמר זנדברג, הגשתי את השאילתה לפני חודש וחצי, לכן היא מתחילה ב""אתמול"". אתמול כוחות הביטחון ביצעו עבודות חפירה בבית הקברות המוסלמי יוספיה תוך חילול קברים. רצוני לשאול: 1. מה מטרת החפירות? 2. האם נשקלו חלופות למניעת החפירות וחילול הקברים? מהן? 3. מה ההנחיות שניתנו לכוחות הביטחון? מי האחראי להן? 4. האם נשקלו ההשלכות המדיניות של העמקת הכיבוש בירושלים המזרחית ופגיעה בסיכויים לשלום צודק?

קצת מוזר. בכל זאת שאלה פוליטית: מה דין ירושלים המזרחית מבחינת כבוד השרה? האם היא אזור כבוש שאמור להשתחרר, כמו שאני מאמין, או שיש לה עמדה אחרת?",1
341827,(אומר בערבית: השבח לאל שאתה בריא.),1
342109,"כבוד היושב-ראש, עמיתיי חברי הכנסת וחברות הכנסת, רציתי להתחיל בעברית, אבל מכיוון שאחמד טיבי קרא מהשירה של אל-מותנבי, הוא נגע בליבי. זה חמש דקות?

ואיי, אז אין לי את ההזדמנות הזו.

טוב, אז אני ניגש היישר. השפה הערבית היא השפה הלאומית של 20% מהאזרחים, אבל היא שפת האם של כ-60% מאזרחי המדינה. הינה, אני מסתכל על חברי ש""ס פה – היא שפת האם של כ-60% מאזרחי המדינה.

אנשים שבטוחים בעצמם, בהיסטוריה שלהם, בתרבות שלהם, במורשת שלהם – כן, כבוד היושב-ראש – לא צריכים לפחד. הם דווקא צריכים לראות בשפה נוספת ערך מוסף, שמוסיף, שמעשיר. אנחנו, חברי הרשימה המשותפת, יודעים את השפה הערבית בכל רמ""ח איברינו. זו השפה שלנו, התרבות שלנו. מדברים עוד עברית – מבחינתנו זה ערך מוסף, תרבות יהודית זה ערך מוסף. מי שקידם את חוק הלאום, מי שפגע בשפה הערבית, הוא לא רק גזען, הוא גם פחדן, הוא גם פחדן, מפחד מהשפה הערבית. אני רוצה להגיד לך, כבוד היושב-ראש, ולעמיתיי חברי הכנסת וחברות הכנסת, שהשפה העברית נהייתה שפה רשמית – ממתי? משנת 1922, כשהיהודים היו 7% מאזרחי המדינה. השפה העברית נהייתה שפה רשמית. האם זה פגע במישהו? יכול להיות שהשפה הערבית ביצעה פיגוע בשנת 2017 – אני לא יודע למי היא הפריעה – בשביל לבטל אותה מהיותה שפה רשמית. אני רוצה לברך על כך ששרת התחבורה מרב מיכאלי קיבלה על עצמה לתקן טעויות כתיב בשלטי רחוב. הלכנו ביחד, היינו באום אל-קטף, שינינו את השלט שם מאום אל-קטוף, שזו טעות, לאום אל-קטף, שזה נכון. אני מקווה שתוך שבועות בודדים נהפוך את עכו בשפה הערבית לעכא, את יפיע ליאפת א-נאצרה, את נצרת לא-נאצרה, ושיישאר בעברית נצרת, עכו, כי צריך לכבד גם את העברית וגם את הערבית. היום אני רוצה לברך את מנכ""ל הכנסת גיל סגל, שגם שלח לנו – בצל, או לאור בעצם, יום השפה הערבית, הוא החליט לפרסם את החוברת הזו, שיש בה גם תרגום לשפה הערבית. אני מברך אותו. אנחנו בוועדת החינוך דיברנו על הקמת ועדת משנה לחיזוק השפה הערבית. אני מקווה שזה יתממש. אנחנו דיברנו בוועדת החוקה על הצעת חוק שחברינו אחמד טיבי ואוסאמה סעדי, בשם הרשימה המשותפת, הגישו להחזרת השפה הערבית שתהיה שפה רשמית. אני רוצה לברך את חברנו יוסף ג'בארין, שיזם את החוק הזה לפני כשבע שנים. אני רוצה לברך את חברי הלשכה שלי, ג'ואד אבו אל היג'א, האדי ויסמין, על כך שעזרו בהוצאת היום הזה לאור ובהצלחה של היום הזה. אני רוצה להגיד לך, חברי אחמד טיבי, (אומר דברים בשפה הערבית, להלן תרגומם: אם היו קושרים חוט מפסגת ראשו של אל-מותנבי עד פסגת ראשו של מחמוד דרוויש, שום ראש של שום משורר לא היה יכול להגיע אל החוט הזה. אנחנו גאים, כבני העם הערבי הפלסטיני, שמאיתנו יצא המשורר הערבי הגדול הזה,) מחמוד דרוויש, שאמר על השפה הערבית: (אומר דברים בשפה הערבית, להלן תרגומם: האם אני זה אני? האם אני שם או פה? בכל ""אתה"" נמצא ""אני"". אני זה אתה שמדברים אליו, זה לא גלות שאני אהיה אתה, ולא גלות שאתה תהיה כ""אני"" שלי, זה לא גלות שהים והמדבר יהיו השיר של הנוסע. אנחנו לא נחזור כפי שהלכנו, לא נחזור סתם כקיבוץ גלויות. תודה רבה.) תודה רבה.

השפה הערבית היא השפה הלאומית של 20% מהאזרחים אבל היא שפת האם של כ-60% מאזרחי המדינה. הינה, אני מסתכל על חברי ש""ס פה – היא שפת האם של כ-60% מאזרחי המדינה.

אנשים שבטוחים בעצמם, בהיסטוריה שלהם, בתרבות שלהם, במורשת שלהם – כן, כבוד היושב-ראש – לא צריכים לפחד. דווקא צריכים לראות בשפה נוספת ערך מוסף, שמוסיף, שמעשיר. אנחנו, חברי הרשימה המשותפת, יודעים את השפה הערבית בכל רמ""ח איברנו. זו השפה שלנו, התרבות שלנו. מדברים עוד עברית – מבחינתנו זה ערך מוסף. תרבות יהודית זה ערך מוסף. מי שקידם את חוק הלאום, מי שפגע בשפה הערבית, הוא לא רק גזען, הוא גם פחדן, הוא גם פחדן, מפחד מהשפה הערבית. אני רוצה להגיד לך, כבוד היושב-ראש ועמיתיי חברי הכנסת וחברות הכנסת, שהשפה העברית נהייתה שפה רשמית – ממתי? משנת 1922, כשהיהודים היו 7% מאזרחי המדינה. השפה העברית נהייתה שפה רשמית. האם זה פגע במישהו? יכול להיות שהשפה הערבית ביצעה פיגוע בשנת 2017 – אני לא יודע למי היא הפריעה – בשביל לבטל אותה מהיותה שפה רשמית. אני רוצה לברך על כך ששרת התחבורה מרב מיכאלי קיבלה על עצמה לתקן טעויות כתיב בשלטי רחוב. הלכנו ביחד, היינו באום אל-קטף, שינינו את השלט שם מאום אל-קטוף, שזו טעות, לאום אל-קטף, שזה נכון. אני מקווה שתוך שבועות בודדים נהפוך מעכו, בשפה הערבית לעכא, מיפיע ליאפת א-נאצרה, מנצרת לא-נאצרה, ושיישאר בעברית נצרת, עכו, כי צריך לכבד גם את העברית וגם את הערבית. היום אני רוצה לברך את מנכ""ל הכנסת גיל סגל, שגם שלח לנו – בצל, או לאור בעצם, יום השפה הערבית, הוא החליט לפרסם את החוברת הזו, שיש בה גם תרגום לשפה הערבית. אני מברך אותו. אנחנו, בוועדת החינוך, דיברנו על הקמת ועדת משנה לחיזוק השפה הערבית. אני מקווה שזה יתממש. אנחנו דיברנו בוועדת חוקה על הצעת חוק שחברינו אחמד טיבי ואוסאמה סעדי, בשם הרשימה המשותפת, הגישו להחזרת השפה הערבית שתהיה שפה רשמית. אני רוצה לברך את חברנו יוסף ג'בארין, שיזם את החוק הזה לפני כשבע שנים. אני רוצה לברך את חברי הלשכה שלי, ג'ואד אבו אל היג'א, האדי  ויסמין, על כך שעזרו בהוצאת היום הזה לאור ובהצלחה של היום הזה. אני רוצה להגיד לך, חברי אחמד טיבי (נושא דברים בשפה הערבית, להלן תרגומם:). מחמוד דרוויש, שאמר על השפה הערבית (נושא דברים בשפה הערבית, להלן תרגומם:). תודה רבה.",1
342719,"כבוד היושב-ראש, עמיתיי חברי הכנסת וחברות הכנסת, מכיוון שחבריי במשותפת כבר דיברו בעברית, אני מעוניין לדבר בערבית היישר למשפחות שנפגעות מהחוק הארור הזה. (אומר דברים בשפה הערבית, להלן תרגומם: אני רוצה לדבר אל המשפחות. אנחנו ברשימה המשותפת מרגישים לגמרי שבמשפחות האלה, שהמתינו תקופה ארוכה כדי לחיות עם כבוד וזכויות כמו שאר בני האדם – אני אומר שאנחנו מרגישים שבחודשים האחרונים מפלס התקווה עלה אצל המשפחות האלה, ואין יותר קשה מאכזבה לאחר עליית מפלס התקווה. לפני כמה חודשים עשינו את כל אשר ביכולתנו כדי לבטל את חוק האזרחות, חוק פיזור המשפחות, אבל לצערי הרב חלק מבני עמנו העדיפו את איחוד הקואליציה השולטת ולא את איחוד המשפחות, והצביעו נגד איחוד המשפחות. ואללה, הסבון של שכם לא ינקה אותם מההתנהגות המגונה הזאת. סבון שכם לא ינקה אותם לאחר המעשה המגונה הזה. היום הקואליציה והאופוזיציה הסכימו יחד שיצביעו בעד חוק שהוא יותר גרוע מהחוק הקודם. אנחנו נישאר יחד, נילחם למען הישארותכם במולדת הזאת ולמען הזכויות שלכם והזכויות שלנו כולנו במולדת שלנו. אנו, כולנו, אין לנו מולדת מלבדה. חשוב לי לומר שהממסד השולט הזה מתרץ את זה בהיבט הביטחוני; אוי, כמה הם שקרנים.) כמה שקרנים. השר לביטחון פנים עמר בר לב, אני באמת רוצה ממך תשובה. אם הטענה היא ביטחונית, ביטחונית, כלפי המשפחות הללו, האנשים הללו חיים פה במדינת ישראל. הם חיים פה, הם נמצאים היום פה, היום, היום, אתמול היו, לפני שנה, לפני חמש שנים, לפני 20 שנה. הם נמצאים, מנהלים חיים יום-יומיים בתוך תחום מדינת ישראל.

פגעו במישהו? אז למה השקר? אז תגידו: זו דמוגרפיה. אנחנו רוצים כמה שפחות ערבים, זו הסיבה, לכן אנחנו מפרקים משפחות. זה חוק גרוע מכל החוקים הגזעניים בכל העולם. זו אמירת דברי אמת. אני מבקש תשובה, בבקשה.

– – – ממשלה של גזענים, ממשלה של – – – אתם פושעים. לא פחות. לא פחות מפושעים.

כבוד היושב-ראש, עמיתיי חברי הכנסת וחברות הכנסת, מכיוון שחבריי במשותפת כבר דיברו בעברית, אני מעוניין לדבר בערבית היישר למשפחות שנפגעות מהחוק הארור הזה. (אומר דברים בשפה הערבית). כמה שקרנים. השר לביטחון פנים עמר בר לב, אני באמת רוצה ממך תשובה. אם הטענה היא ביטחונית – ביטחונית – כלפי המשפחות הללו, האנשים הללו חיים פה במדינת ישראל. הם חיים פה, הם נמצאים היום פה – היום, היום – אתמול היו, לפני שנה, לפני חמש שנים, לפני 20 שנה. הם נמצאים, מנהלים חיים יום-יומיים בתוך תחום מדינת ישראל.",1
342771,"כבוד שר המשפטים, בתאריך 12 במאי 2021 נכח אברהים סורי במרפסת ביתו בקומה השנייה ביפו ותיעד שוטרים בעודם מבצעים מעצרים. שוטר שחשש מתיעוד התנהלותם ירה במתכוון כדור בפניו של אברהים. השוטרים לא הגישו סיוע רפואי ואפילו מנעו ממנו סיוע רפואי. רצוני לשאול: האם המקרה תוחקר? 2. האם היורה הועמד לדין? 3. האם הירי בוצע בניגוד לנהלים? 4. מי נתן את ההנחיה לירות? תודה רבה.

עמדתנו כלפי מח""ש ידועה. פשוט מאוד, היא לא חוקרת. ממש טיוח. אני אישית נפגעתי באום אל-חיראן – טיוח; יעקוב אבו אלקיעאן – טיוח; כל המקרים – טיוח. האם תהיה תשובה אמיתית הפעם? האם שר המשפטים באמת עוקב אחרי מה שמתרחש במח""ש?

בתאריך 18 במאי 2021 ג'נא קסוואני נורתה בגבה בפתח ביתה בשכונת שייח' ג'ראח, וזאת על אף שנשמעה להוראות חייל מג""ב להיכנס לבית. ג'נא סובלת משבר בחוליה ה-12 ומצבה הבריאותי קשה. החייל תועד יורה באדישות. רצוני לשאול: 1. מה היו הנחיות הפתיחה באש? מי נתן אותן? 2. האם החייל פעל על דעת עצמו? 3. האם החייל הועמד לדין?

כבוד השר, הינה, אני עומד היום. בעוד חודשיים אני אשלח שתי שאילתות, גם על אברהים סורי וגם על ג'נא, ואני מבטיח לך, לצערי הרב, ששני התיקים ייסגרו, כי מח""ש רק סוגרים תיקים. בוא נראה בעוד חודשיים. אפשר לעבור לשאילתה הבאה, בבקשה?

הריגת מוחמד כיוואן בידי המשטרה. בתאריך 12 במאי 2021 מוחמד כיוואן נורה מאש שוטרים בראשו בהפגנה שהתקיימה באום אל-פחם. מוחמד נפטר בתאריך 19 במאי כתוצאה מהפגיעה. רצוני לשאול: 1. מה היו ההנחיות לפתיחה באש במהלך ההפגנות? 2. האם הייתה הנחיה לירי בפלג גוף עליון ובראש? 3. האם השוטר חרג מהנהלים? 4. האם השוטר הושעה מתפקידו? 5. אם לא – מדוע? 6. האם השוטר יועמד לדין?

כבוד שר המשפטים, עברו שבעה חודשים. שבעה חודשים שלמים. לו הנרצח היה יהודי, היה אחרת לגמרי. לגמרי. אני הגשתי שלוש שאילתות. אנחנו לא נרפה. אנחנו רוצים שהשוטר המעורב יועמד לדין. תודה רבה.

רצח איאד אלחלאק. היום לפני שנה – כלומר, ב-30 במאי, לפני שנה וחצי – נורה למוות בדם קר איאד אלחלאק, צעיר עם צרכים מיוחדים, בידי שוטרים על לא עוול בכפו. רצוני לשאול: 1. מדוע עד היום לא הועמד אף שוטר לדין? 2. האם החייל, השוטר והממונים עליהם נשפטו? 3. אם לא – מדוע?

זה היה מקרה כל כך חריג, עם צרכים מיוחדים. כל כך מובהק היה, אי-אפשר לברוח. << שאילתה >> 443. פסק דין שהוסר מאתר העליון << שאילתה >>",1
342925,"כבוד היושב-ראש, עמיתיי חברי הכנסת וחברות הכנסת, אכן, חברתי חברת הכנסת עאידה תומא סלימאן הגישה את ההצעה שאני אפרט. היא הרגישה הרעה קלה במצבה הבריאותי. אנחנו מאחלים לה החלמה מהירה ורפואה שלמה. היא תחזור ביום שני. היא ביקשה ממני לנמק. שמעתי את שר הבריאות לשעבר חבר הכנסת ליצמן. אני מקבל את הנימוק שלו. אני חושב שהמבחן המוסרי של כולנו זה איך לעמוד לצד המוחלשים ביותר. לעמוד לצד המוחלשים ביותר – כלומר לעמוד לצד החברה כולה, כלומר כשיש אפשרות לכל האוכלוסיות לשוויון הזדמנויות ואופק לכל הקבוצות זה דבר שייטיב עם החברה כולה. אף אחד פה לא עושה טובה לאף אחד אחר, זאת טובת החברה כולה. חברתי חברת הכנסת תמר זנדברג, שמעת את מה שאמר חבר הכנסת ליצמן – – –

אני חושב שמה שדיברתם, כבוד השרה זנדברג – אלה דברים טובים. הטענה שלך כלפי ליצמן היא חשובה; הטענה של ליצמן כלפייך גם היא חשובה. אבל יש דבר יותר חשוב משתי ההערות שלכם. מה תצביעו היום – זה דבר יותר חשוב משתי ההערות. הלב שלנו נמצא עם המוחלשים ביותר, עם הנזקקים, או לא. לפי טענת מוסי רז ממרצ, הממשלה היא הימנית ביותר גם כלפי השטחים הכבושים אבל גם בהעלאת המחירים, במיוחד בחודש הזה, חודש ינואר. לכן השאלה החשובה ביותר עכשיו היא מה תצביעו לגבי הצעת החוק הערכית כל כך, האנושית כל כך, הצודקת כל כך. אני פונה לחברי הכנסת: תצביעו בעד פטור ממס ערך מוסף על תרופות מצילות החיים. תודה רבה.",1
342930,"כבוד השר, אנחנו חלק מעם ישראל ומכל הדברים שקרו?

אנחנו חלק מעם ישראל – – –

או של כל – – – ישראל – – –",1
343051,"כבוד היושב-ראש, כבוד סגן השר לביטחון הפנים, השאילתה מלפני כחודשיים, כתוב בה: מזה שבועיים המשטרה מציבה מחסום בכביש 9 לכיוון כביש 4 ללא סיבה ברורה. זהו כביש ראשי שעוברות בו אלפי מכוניות בבקרים וחסימתו גורמת לפקקי ענק ולעיכוב תושבי האזור בדרכם לעבודתם. רצוני לשאול: 1. מהי הסיבה להצבת מחסומים מדי בוקר בכביש 9? 2. האם יש צפי להפסקת המחסומים ופתיחת הכביש לתנועה סדירה בבקרים?

כלומר זה לסירוגין ועכשיו אין, כי התקשר אליי רופא מבאקה אל-גרבייה שעובד בהלל יפה, אמר לי: אני נאלץ לצאת בשעה 05:30 כדי להגיע בזמן לעבודה.

כבוד סגן השר, אלפי אזרחים ערבים נעצרו במהלך מבצע שומר חומות. רצוני לשאול: 1. כמה אזרחים ערבים עדיין עצורים? 2. באילו עילות הם עצורים וכמה עצורים בכל עילה? 3. נגד כמה מהם הוגשו כתבי אישום?

כבוד סגן השר, אתה מדבר במהירות, ואני רוצה להקשיב ולהבין מה ההאשמות.

כבוד סגן השר, בפעם שעברה ענית לי שאתה לא יודע מה מספר הערבים ומה מספר היהודים העצורים.

אני מבקש לדעת את המספר של הערבים ושל היהודים. למשל, אצלנו בעיר חיפה, מי שהתנפל עלינו זה מתנחלים, ומלה פמיליה; אז כמה עצורים ערבים וכמה עצורים יהודים יש?

אז זו שאלה נוספת. כמה עצורים ערבים וכמה עצורים יהודים יש?

לפי תקנון הכנסת, זו שאלה אחת נוספת, אבל האמת – זה ממש מוזר, ממש מוזר, שכבוד סגן השר לביטחון פנים לא יודע כמה יהודים וכמה ערבים עצורים יש. אני מבקש ממך – אני רוצה לדעת. אני חושב שאפס יהודים וכולם ערבים. ככה אני חושב.

אוקיי, השאילתה הבאה, למרות שאני לא מסכים עם העובדות שהציג כבוד סגן השר. השאילתה הבאה, בבקשה.

בתאריך 5 בדצמבר 2021 הוצת אתר בנייה בבאר יעקב. במקום נמצא גרפיטי של סמל ארגון לה פמיליה עם מגן דוד – דבר המעיד על כך שמדובר בפגיעה על רקע לאומני. רצוני לשאול: 1. האם נתפסו חשודים? 2. מה הצעדים שנוקטת המשטרה לאיתור העבריינים? 3. מה הצעדים הננקטים למניעת פשעי שנאה כאלה או פשעי שנאה?

חבל, אצל קבלן ערבי, עם עובדים ערבים, הפסיקו את העבודה בגלל מה שקרה שם, וחבל שאין חשודים. השאילתה הבאה, בבקשה.

כן. בתאריך 27 בנובמבר, באסמה מחאג'נה, סטודנטית לסיעוד, הותקפה בסניף מקדונלד'ס בהרצליה על ידי חמישה בני משפחה יהודים לעיני מצלמות. אין זה המקרה הראשון של תקיפת סטודנטים ערבים בערים יהודיות. רצוני לשאול: 1. האם נתפסו חשודים בעקבות המקרה? 2. אם לא – מדוע? 3. מה סטטוס הטיפול בפרשה? 4. מה משרדך מתכוון לעשות להגנת ערבים בערים יהודיות?

כן. עימאד אלהוושדלה מהנגב, כן. בתאריך 21 בדצמבר 2021, לפנות בוקר, הגיע כוח רעול פנים ובלבוש אזרחי לביתו של עימאד אלהוואשלה מכפר קסר א-סיר, ללא צו חיפוש, תקף אותו בברוטליות ועצר אותו עם בנו. המשטרה הגיעה אחרי חצי שעה. רצוני לשאול: 1. מדוע לא הוצג צו חיפוש? 2. מדוע היה שימוש באלימות? 3. מי נתן את הוראת הכניסה לבית ללא צו ועם שימוש באלימות?

שאלה נוספת, בבקשה. כבוד סגן השר, למה לא הוצג הצו? למה האלימות? כוח משטרתי – – –

כבוד השר, אני רוצה לשאול, בבקשה.

כוח משטרתי גדול, לפנות בוקר, אין אנשים – למה להשתמש באלימות? האם זה חלק מהמשילות בנגב?

כבוד סגן השר, מוסטפא יונס, לקוי בנפשו ומטופל פסיכיאטרי, נורה למוות על ידי מאבטחים בבית החולים תל השומר. התיק נסגר ביום 21 בדצמבר. רצוני לשאול: 1. מהן תוצאות החקירה? 2. מי נתן את הפקודה לירות? 3. מה ההנחיות לפתיחה באש נגד בעלי מוגבלויות? 4. האם היורה הושעה? 5. אם לא – מדוע?

שאלה נוספת: כבוד סגן השר, זה לא מוזר שירו על בן אדם בעל מוגבלות והיורה לא הושעה מהעבודה עד לסיום החקירה, למשל? זה לא מוזר?

כבוד סגן השר, בתאריך 13 בינואר 2022 נקטה המשטרה כוחניות בפיזור הפגנות תושבי הנגב הערבים, כולל מעצרים המוניים. אני הייתי נוכח ואני עד למה שקרה. רצוני לשאול: 1. כמה נעצרו? כמה קטינים וכמה נשים? 2. אילו אמצעים ננקטו לפיזור ההפגנות? 3. מה סוג הגז המדמיע שרוסס ומתי הוא נכנס לשימוש? 4. מה היו ההנחיות לפיזור ההפגנות ומי נתן אותן?

כבוד סגן השר, מחאה אזרחית לסוגיה, לדעתי לפחות, היא צודקת לחלוטין. צעירים נעצרו עד עכשיו, עד תום ההליכים. אני פונה לכבוד סגן השר: צריך לעשות את הכול, את הכול, בשביל להקל על הצעירים הללו.

כבוד סגן השר, יש הבדל תהומי בין אנשים שמתעסקים בפשיעה, ואני רוצה שאתה תצליח בתפקיד שלך – –

– – לבין אנשים שנאבקים למען האדמה שלהם. הבדל עצום.

לטעמי הם אנשים שיש להם עמדה פטריוטית שצריך לכבד אותה.

חבל שהמשטרה התנהגה בברוטליות שם, חבל. אני מאשים את המשטרה לגבי מה שקרה בנגב – ממש מאשים אותה – כי אני הייתי שם וראיתי שאין להם סבלנות לחכות עוד חמש דקות או עשר דקות. אחרת, הכביש לא היה נסגר לארבע, חמש ושש שעות. היינו מגיעים למתווה מסוים.

שהשוטר לא ירים יד על ילדים קטנים.

כלומר זה לסירוגין ועכשיו אין, כי התקשר אליי רופא מבאקה אל-גרבייה שעובד בהלל יפה, אמר לי: אני נאלץ לצאת בשעה חמש וחצי בבוקר כדי להגיע בזמן לעבודה.

בתאריך 5 בדצמבר 2021 הוצת אתר בנייה בבאר יעקב. במקום נמצא גרפיטי של סמל ארגון לה פמיליה עם מגן דוד – דבר המעיד על כך שמדובר בפגיעה על רקע לאומני. רצוני לשאול: 1. האם נתפסו חשודים? 2. מה הצעדים שבהם נוקטת המשטרה לאיתור העבריינים? 3. מה הצעדים הננקטים למניעת פשעי שנאה כאלה או פשעי שנאה?

כן. בתאריך 27 בנובמבר, באסמה מחאג'נה, סטודנטית לסיעוד, הותקפה בסניף מקדונלד'ס בהרצליה על ידי חמישה בני משפחה יהודים לעיני מצלמות. אין זה המקרה הראשון של תקיפת סטודנטים ערבים בערים יהודיות. רצוני לשאול: 1. האם נתפסו חשודים בעקבות המקרה? אם לא, מדוע? 2. מה סטטוס הטיפול בפרשה? 3. מה משרדך מתכוון לעשות להגנת ערבים בערים יהודיות?",1
343180,"כבוד היושב-ראש, עמיתיי חברי הכנסת וחברות הכנסת, הצעת החוק שלי היא הקמת יישוב עירוני חדש. מאז שנת 1948 המדינה בנתה 940 יישובים חדשים, כולם לאזרחים היהודים, ואף יישוב לאזרחים הערבים. היא כן הכירה בכמה יישובים, גם בדרום, גם בצפון, אבל אלו יישובים קיימים שהייתה חסרה להם הכרה. אז היא הכירה בכמה יישובים אבל לא הקימה ולו יישוב ערבי אחד. מ-48' עד עכשיו גם מספר היהודים עלה פי עשרה וגם מספר הערבים עלה פי עשרה, אבל לא הקימו יישוב חדש לאזרחים הערבים. היישובים שלנו הפכו ליישובי בטון. אם עוברים במטוס מעל המדינה כל אחד מאיתנו יכול להצביע ולהגיד: זה יישוב של יהודים, וזה יישוב של ערבים. האזרחים הערבים איבדו את הכפר, אבל לא הרוויחו את העיר. העיר זה לא רק מספר תושבים – יותר מ-25,000 תושבים; העיר היא לא רק בתי דפוס; היא לא רק ספריות; היא לא רק מפלגות; היא לא רק אוניברסיטאות; היא לא רק בתי קפה של משכילים – העיר היא בעיקר הרוח האינדיבידואלית. ההבדל העיקרי בין הכפר לבין העיר הוא שבכפר שואלים בן מי אתה, ובעיר שואלים מי אתה. אין לאזרחים הערבים עיר של ממש במובן של הרוח האינדיבידואלית. אני קורא לחברות ולחברי הכנסת לקיים את הדבר הבסיסי ביותר. מאז 48' עד עכשיו המדינה הייתה אמורה להקים לא פחות מ-150 יישובים חדשים לאזרחים הערבים. יחד עם זאת, האם אני בעד בדלנות? האם אני בעד מקום רק לערבים ואחר רק ליהודים? מבחינתי עיר לכולם, גם לערבים וגם ליהודים. אני תומך בזה. אני עצמי גר בחיפה ואני בוחר לגור בחיפה, שהיא עיר מעורבת. אני בוחר בעובדה הזאת. יחד עם זאת, יש אפליה מבנית ועקבית מאז 48' עד עכשיו. לכן, הצעת החוק הזאת צודקת לחלוטין. אני קורא לכם לתמוך בהצעה הזאת. תודה רבה.

למה שר התרבות ידבר נגד עיר? בושה.

כבוד שר התרבות חילי טרופר, כשאתה עונה לי שהבעיה שלך זה שזו הצעת חוק פרטית אבל הממשלה כן יכולה, אז אני פונה אליך: שאתם, הממשלה, תעשו, תעשו. אני אומר לך שפה אי-אפשר לטעות בסטטיסטיקה, זה מ-48' עד עכשיו. 940 יישובים ליהודים ואפס לערבים. זו מדיניות; מדיניות, זו לא טעות סטטיסטית. אני רוצה להגיד לך, מה ההבדל בין גישה ממשלתית לבד או ממשלתית בשיתוף עם הנהגת האוכלוסייה? עם הנהגת האוכלוסייה – כלומר, רוצים לבנות משהו שבאמת הקבוצה רוצה. למשל: במידה שלא, למשל מחליטים לבנות את טנטור ליד ג'דיידה אל-מכר – המטרה היא אחרת לגמרי. יש בעיה עם הדמוגרפיה בעכו, אז לא רוצים שעוד ערבים יגורו בעכו, אז שמים אותם בסלמס כזה, וקוראים לזה יישוב חדש. הכוונה היא אחרת לגמרי: גישה אזרחית, דמוקרטית – מה שבאמת באמת טוב לאוכלוסייה. כבוד השר, מה שדיברת על תוכנית החומש, את זה חווינו ואנחנו יודעים מה זה. אנחנו יודעים מה זה 922 ויודעים מהי תוכנית הבדואים בצפון 1480, והבדואים בדרום 2937, והדרוזים 959. אנחנו יודעים איך נותנים ביד ולוקחים ביד השנייה. צריך שינוי, שינוי הוליסטי; שינוי מעמיק בכל הגישה של הממשלה כלפי האוכלוסייה הערבית וכלפי המוחלשים בכלל. תודה רבה.

כבוד שר התרבות חילי טרופר, כשאתה עונה לי שהבעיה שלך זה שזו הצעת חוק פרטית, אבל הממשלה כן יכולה, אני פונה אליך, שאתם הממשלה תעשו, תעשו. אני אומר לך, שפה אי-אפשר לטעות בסטטיסטיקה, זה מ-48' עד עכשיו. 940 יישובים ליהודים ואפס לערבים. זו מדיניות. מדיניות, זו לא טעות סטטיסטית. אני רוצה להגיד לך, מה ההבדל בין גישה ממשלתית לבד או ממשלתית בשיתוף עם הנהגת האוכלוסייה. עם הנהגת האוכלוסייה, כלומר, רוצים לבנות משהו שבאמת הקבוצה רוצה אותו, למשל: במידה שלא, מחליטים לבנות את טנטור ליד ג'דיידה אל-מכר, המטרה היא אחרת לגמרי. יש בעיה עם הדמוגרפיה בעכו, אז לא רוצים שעוד ערבים יגורו בעכו, אז שמים אותם בסלמס וקוראים לזה יישוב חדש. הכוונה היא אחרת לגמרי; היא גישה אזרחית דמוקרטית – מה שבאמת באמת טוב לאוכלוסייה. כבוד השר, מה שדיברת על תוכנית החומש, את זה חווינו ואנחנו יודעים מה זה. אנחנו יודעים מה זה 922 ויודעים מהי תוכנית הבדואים בצפון 1480, הבדואים בדרום 2937, הדרוזים 959. אנחנו יודעים איך נותנים ביד ולוקחים ביד השנייה. צריך שינוי, שינוי הוליסטי; שינוי מעמיק בכל הגישה של הממשלה כלפי האוכלוסייה הערבית וכלפי המוחלשים בכלל. תודה רבה.",1
343263,"כבוד היושב-ראש, כבוד השרים, כבוד חברי הכנסת, שמעתם על מארי אנטואנט, שפנתה אל הציבור וביקשה ממנו לאכול עוגות אם אין לו לחם. זו בדיוק התוכנית הכלכלית החדשה של שר האוצר, שאפשר לקרוא לה תוכנית החצי שקל, או בעצם ממשלת החצי שקל. אבידר, זה חצי שקל, אתה רואה? חצי שקל תוספת לשעה.

מה יצא? יצא פחות מ-100 שקל בחודש. פחות. אני רוצה לשאול אתכם, לשאול את השרים, לשאול את הממשלה את השאלה הישירה ביותר, הפשוטה ביותר: האם האזרח מבחינה כלכלית מרגיש היום יותר טוב או יותר רע? אין שאלה יותר פשוטה ויותר כנה מהשאלה הזאת. אין, אין. אני רוצה לפנות לאנשים בעיירות פיתוח, השכונות של החרדים, הכפרים הערביים, שכונות עוני בערים הגדולות, ואני רוצה לשאול אותם את השאלה הפשוטה: מבחינה כלכלית, אתה מרגיש יותר טוב או יותר רע? אני בטוח שלא פחות מ-90% מהמוחלשים יענו לנו: אנחנו מרגישים יותר רע. לא פחות מ-90%. עכשיו קצת אידיאולוגיה. חברים, הצד הימני, האופוזיציה של היום, אני רוצה לשאול אתכם, לאן הכסף הולך? לאן? הינה, יש את עוגת הכספים, ואנחנו צריכים – כל אזרח פשוט צריך לשאול את עצמו: האם מדיניות של כיבוש עוזרת למצב הכלכלי של המוחלשים, או מדיניות של שלום? האם ההשקעה במה שנקרא ביטחון, או השקעה בדברים הבסיסיים ביותר של האזרח? לכן, כשאני קורא את תקציב המדינה, אני אומר שטובת העניים במדינה היא להיאבק למען השלום – למען השלום, כן, כן – ולהיאבק מול הטייקונים. הדרישה שלנו מאוד מאוד ברורה: אנחנו בינתיים 45 חברי כנסת, חתמנו על עצומה שקוראת להעלאת שכר המינימום ל-40 שקל לשעה, כלומר, 7,280 שקל בחודש שכר מינימום. זה 60% מהשכר הממוצע, זה הדבר המקובל – הממוצע במדינות ה-OECD. אני קורא לחברי הכנסת לתמוך בגישה הזו, ועל שאר הדברים האידיאולוגיים שבהם יש בינינו מחלוקת, עוד ניאבק ביחד – –

– – אבל לפחות, הדבר הקונקרטי הזה – ללכת עליו. תודה רבה.

מה יצא? יצא פחות מ-100 שקל בחודש. פחות. אני רוצה לשאול אתכם, לשאול את השרים, לשאול את הממשלה את השאלה הישירה ביותר, הפשוטה ביותר: האם האזרח מבחינה כלכלית מרגיש היום יותר טוב או יותר רע? אין שאלה יותר פשוטה ויותר כנה מהשאלה הזאת. אין, אין. אני רוצה לפנות לאנשים בעיירות פיתוח, השכונות של החרדים, הכפרים הערביים, שכונות עוני בערים הגדולות, ואני רוצה לשאול אותם את השאלה הפשוטה: מבחינה כלכלית, אתה מרגיש יותר טוב או יותר רע? אני בטוח שלא פחות מ-90% מהמוחלשים יענו לנו: אנחנו מרגישים יותר רע. לא פחות מ-90%. עכשיו קצת אידיאולוגיה. חברים, הצד הימני, האופוזיציה של היום, אני רוצה לשאול אתכם, לאן הכסף הולך? לאן? הינה, יש את עוגת הכספים ואנחנו צריכים – כל אזרח פשוט צריך לשאול את עצמו האם מדיניות של כיבוש עוזרת למצב הכלכלי של המוחלשים, או מדיניות של שלום? האם ההשקעה במה שנקרא ביטחון, או השקעה בדברים הבסיסיים ביותר של האזרח? לכן, כשאני קורא את תקציב המדינה, אני אומר שטובת העניים במדינה היא להיאבק למען השלום – למען השלום, כן, כן – ולהיאבק מול הטייקונים. הדרישה שלנו מאוד מאוד ברורה: אנחנו בינתיים 45 חברי כנסת, חתמנו על עצומה שקוראת להעלאת שכר המינימום ל-40 שקל לשעה, כלומר, 7,280 שקל בחודש שכר מינימום. זה 60% מהשכר הממוצע, זה הדבר המקובל – הממוצע במדינות ה-OECD. אני קורא לחברי הכנסת לתמוך בגישה הזו, ועל שאר הדברים האידיאולוגיים שיש בינינו מחלוקת, עוד ניאבק ביחד - -",1
343466,"כבוד היושב-ראש, כבוד השרים, חברי הכנסת, יש שבעה בתי חולים עצמאיים במדינה שנמצאים על סף קריסה כלכלית, וליברמן מזהה חולשה ומחליט לרמוס אותם עוד יותר: הדסה, שערי צדק, לניאדו, מעייני הישועה ושלושת בתי החולים בנצרת – האנגלי, הצרפתי והמשפחה הקדושה. כולם מחכים כבר יותר משנה ל-300 מיליון שקל שהאוצר התחייב להעביר להם, אבל הכסף לא עובר. באוצר מאשימים את משרד הבריאות. הם אומרים: תסירו את ההתנגדות שלכם ותנו לנו למנות חשב שינהל את תקציבי בתי החולים מטעמנו, ואנחנו נשחרר את הכסף. הפקידים רוצים לנהל את בתי החולים במקום הרופאים. כשהחולה מתאשפז ונזקק לטיפול מציל חיים אך יקר, מי יכריע אם להפעיל את המכונה ולהזעיק את המנתח, רופא או נער אוצר? את בתי החולים, שמופקדים על בריאות של אנשים, צריכים לנהל אנשי מקצוע מתחום הבריאות לפי טובת בריאות הציבור. ליברמן עם כספי המערכת כמו חתול ששומר על השמנת – הוא רוצה להשאיר את הכסף אצל אנשי האוצר. אבל האינטרס הציבורי הוא חלוקה של הכספים והשקעה שלהם במערכת הבריאות הציבורית. יש כאן לא פחות מסחיטה באיומים על הגב של מוחלשים. בתי החולים שהאוצר משתמש בתקציבים שלהם למלחמות שליטה הם בתי החולים שמטפלים בעיקר בערבים או בחרדים, שתי הקבוצות השנואות על ליברמן. אם ישחרר את הכספים לא יהיה לאוצר מנוף לחץ כדי לסחוט את הסכמת משרד הבריאות להתערבות האוצר בחלוקת התקציבים בתוך בתי החולים. מתי הממשלה תבין ששיטת ""בניכוי הערבים והחרדים"", השיטה של נתניהו, היא לא רק פשיסטית – היא פשוט לא עובדת? אי-אפשר להפקיר אוכלוסיות שלמות עם מערכת בריאות עצמאית וחלשה, ואז גם לא לתת להם תקציבים מינימליים כדי לשלם על פעילות הקורונה. לכל האזרחים מגיעה מערכת בריאות ציבורית חזקה, נגישה ושוויונית. אמשיך לקדם את החוק שלי להקמת בית חולים ממשלתי בסח'נין, שיהיה בית החולים הראשון בעיר ערבית. כבוד שר הבריאות ניצן הורוביץ, לפני יומיים ישבנו ודיברנו בקשר להעצמה של הבריאות בקרב האוכלוסייה הערבית, ובין היתר על מתווה מסוים בסח'נין. אני מקווה שנצליח ביחד. תודה רבה.",1
343501,"כבוד היושבת-ראש, כבוד ראש הממשלה, עמיתיי חברי הכנסת, לפני כשבוע כוחות הכיבוש בירושלים המזרחית תקפו את מוחמד אל-עג'לוני, ילד עם תסמונת דאון. אם לא אכפת לך לדעת, ראש הממשלה, מוחמד אל-עג'לוני הוא בן הכיתה של איאד אלחלאק. אני לא בטוח אפילו שאתה מכיר את השם הזה, איאד אלחלאק, נער עם מוגבלות שכוחות הכיבוש בירושלים המזרחית הרגו אותו. מוחמד אל-עג'לוני, הגיע לכיתה, וכשראה שהכיסא של איאד אלחלאק ריק, הוא החליט לעזוב את הכיתה. ניסו לשכנע אותו שוב ושוב שיחזור ללימודים, אבל הוא לא יכול. הוא החליט לעשות מעשה – להיאבק נגד הכוחות שהרגו את חברו ללימודים איאד אלחלאק. מאז הוא נמצא בכל מקום שיש בו עימות, מתנגד לכיבוש. אני לפעמים מנסה לחשוב מה חייל חושב לעצמו כשהוא רואה את עשרות האלפים בירושלים המזרחית מתפללים באל-אקצא, למשל. מה הוא חושב לעצמו? האם הם פחות מעם? האם הם לא יבקשו זכות להגדרה עצמית? האם הם יסכימו לחיות לנצח ללא מדינה עצמאית? זהו הנושא החשוב ביותר – להיאבק נגד הכיבוש הארור הזה, בעד הזכויות של איאד אלחלאק, של מוחמד אל-עג'לוני, של תושבי ירושלים המזרחית, של תושבי שייח' ג'ראח, סילוואן, ג'בל אל-מוכבר ושל כל העם הפלסטיני שבחר להיאבק נגד הכיבוש הזה. הבעיה היא לא מה שאתה אומר, שזה חוסר ההכרה בזכות העם היהודי. לא לא לא לא לא. יש פה העם יהודי, שכן מגיעה לו הזכות להגדרה עצמית, ויש את העם הפלסטיני, שמגיעה לו זכות להגדרה עצמית, שתוקם מדינה פלסטינית בגבולות 67' לצד מדינת ישראל, וכך יהיה שלום שייטיב עם כולנו. תודה רבה.",1
344044,"משה רבנו, מה הוא עשה כשהיה צעיר?

ולמה, אתה רואה את כל העוול, גם נגד הפלסטינים, גם נגד – – –

מה אתה אומר על הפער הקיומי שבין המושבים לבין הכפרים הערביים? מה אתה אומר על זה?

אתם רוצים אותנו באופוזיציה.

– – – אחד בתל אביב אתה – – – זו תשובה רק לערבי.

אתה לא אומר לתושב תל אביב שהוא לא בקואליציה: בגלל שאתה לא בקואליציה – – –

אתה לא אומר לאחד בתל אביב: בגלל שאתה לא בקואליציה אז לא מגיע לך. זו תשובה שמופנית רק לערבים.

רגע, רגע. תשמע אותי, תשמע אותי. יש פה חברי כנסת מתל אביב שב-80% מהממשלות – הם לא היו חברים בהן. 80% מהממשלות. אף אחד לא אומר להם: בגלל שאתם לא בממשלה אז אנחנו צריכים לפגוע בתל אביב. אף אחד. זאת תשובה – –

– – שרוצה להתנות את הזכויות שלי – –

– – בעמדה פוליטית, וזה לא יהיה.

– – – הדעות שלכם. אתה גם בעד – – – כיבוש, אתה גם בעד עליונות יהודית, אתה בעד חוק הלאום, אתה בעד כל הדברים האחרים.

- - את הזכויות שלי בעמדה פוליטית, וזה לא יהיה.",1
344075,"כבוד היושב-ראש, עמיתיי חברי הכנסת וחברות הכנסת, אני רוצה לדבר בשמם של תושבי שני כפרים בצפון – ערב אל-עראמשה ושייח' דנון. שני הכפרים הללו נמצאים במסגרת המועצה האזורית מטה אשר. הם משלמים ארנונה בתעריף כל כך גבוה, הוא שווה לתשלומים של היישובים שנמצאים באשכולות העשירות ביותר במטה אשר. הארנונה פה היא לא צודקת – היא לא יחסית, לא דיפרנציאלית, לא מתייחסת למצב הסוציו-אקונומי של האזרחים. פנו אליי תושבים מערב אל-עראמשה ומשייח' דנון והציגו את הסוגיה הצודקת. אני פונה לשרת הפנים, אני פונה לוועדת הפנים. אנחנו צריכים ללחוץ בשביל שהתושבים של שני הכפרים הללו ישלמו ארנונה בתעריף מופחת לפי מצבם הסוציו-אקונומי. אני גם אשב עם יו""ר המועצה האזורית. צריך לעשות מין מנגנון שיהיה צודק כלפיהם. תודה רבה.",1
344141,"כבוד היושב-ראש, עמיתיי חברות וחברי הכנסת, הספקתי להקשיב לחבריי עאידה תומא ועופר כסיף, ואני מן הסתם מסכים איתם בכל מילה וגם באוריינטציה. אני רוצה להשלים עוד כמה היבטים שאני רואה כחשובים מאוד בהקשר המאבק של הנשים למען השוויון. אני מאוד מעריך את התפיסה של הבנה, הכלה ואפילו סולידריות. אבל אני חושב שהגישה הנכונה ביותר היא הגישה של האינטרסים המשותפים. שוויון הנשים זהו האינטרס של הגברים, זהו האינטרס של החברה כולה. זה אינטרס בבית הפרטי של הבן אדם, זה האינטרס במקום העבודה, זה האינטרס האמיתי בחברה כולה. זה כמו הגוף: אם לחלק מהגוף לא נתנו לתפקד בצורה נכונה, זאת פגיעה בגוף כולו. כך צריך לראות את התפיסה לגבי כל הקבוצות המוחלשות, כל הקבוצות המוחלשות ללא יוצא מן הכלל – שהשוויון של כל הקבוצות הללו הוא אינטרס אמיתי ועמוק לחברה כולה. ההיבט השני – מה שאמר עופר ואני רוצה להרחיב – אחד הדברים שפוגעים במעמד האישה במשך כל ההיסטוריה זה המלחמות. הספר של נח הררי ""קיצור תולדות האנושות"" – כשהוא מדבר על הנשים, הוא אומר: ברגע שזה הפך למלחמות, המעמד של הנשים התחיל להידרדר. ואני חושב שהוא צודק. המלחמה מעצימה את מעמדו של הגבר הלוחם על חשבון הנשים. המלחמה, כלומר העברת תקציבים למקומות הלא-נכונים במקום שיהיו מוקצים לחברה, לבריאות, לסוגיות חברתיות, למוניציפלי, לספורט, לחיי היום-יום. והנפגעות העיקריות הן הנשים. מלחמה זאת אומרת אלימות. הקבוצה הנפגעת ביותר מהאלימות היא קבוצת הנשים. לכן עם כל הכבוד לאמירות היפות לגבי שוויון הנשים, מי שלא חותר לשלום, כלומר סיום הכיבוש וכינון שלום אמת בין שני העמים, הוא פוגע במעמד הנשים. מי שלא חותר לדמוקרטיה בכלל במדינה פוגע במעמד הנשים. מי שלא חותר לצדק חברתי כלכלי פוגע במעמד הנשים. הסוגיות הללו שזורות אחת בשנייה. רציתי להסב את תשומת ליבכם למורכבות הנכונה בסוגיה הזו של שוויון הנשים. אני רוצה להשליך את התפיסה הזו לגבי כל מיני מאבקים של קבוצות פה בפרלמנט. אני מסתכל על החרדים, למשל, ואני אומר: קבוצה שנמצאת כמעט ב-80% מממשלות ישראל, משנת 1949 עד עכשיו – למה המצב הסוציו-אקונומי בקרב החרדים עדיין כל כך קשה? אני יכול להסתכל על קבוצות למשל של מזרחים, שתמכו בליכוד משנת 1977 או בש""ס משנת 1984, והם כביכול היו מיוצגים ברוב הממשלות משנת 1977, 1984 והלאה – למה הפער בין עיירות הפיתוח לבין תל אביב הולך וגדל? זו שאלה מאוד חשובה. אנשים שכביכול נמצאים בקואליציות, נמצאים בקואליציות כל הזמן, אבל הפער בין עיירות הפיתוח לבין תל אביב הולך וגדל.

חצי דקה, כי לא נתת לי את הזמן.

יופי. אני חושב שהבעיה פה היא הגישה הסקטוריאלית, להגיד: תן לי את מה שמגיע לי, ולא מעניין אותי הכלל. אבל הכלל מעוניין בך – העלאת מחיר הדלק חשובה לך, העלאת מחיר החשמל חשובה לך. לכן המאבק חייב להיות הוליסטי. יום האישה שמח. זה יום של מאבק על השגת שוויון מלא. תודה רבה.

כבוד היושב-ראש, עמיתיי חברות וחברי הכנסת, הספקתי להקשיב לחבריי עאידה תומא ועופר כסיף, ואני מן הסתם מסכים איתם בכל מילה וגם באוריינטציה. אני רוצה להשלים עוד כמה היבטים שאני רואה אותם כחשובים מאוד בהקשר המאבק של הנשים למען השוויון. אני מאוד מעריך את התפיסה של הבנה, הכלה ואפילו סולידריות. אבל אני חושב שהגישה הנכונה ביותר היא הגישה של האינטרסים המשותפים. שוויון הנשים זהו האינטרס של הגברים, זהו האינטרס של החברה כולה. זה אינטרס בבית הפרטי של הבן אדם, זה האינטרס במקום העבודה, זה האינטרס האמיתי בחברה כולה. זה כמו הגוף: אם לחלק מהגוף לא נתנו לתפקד בצורה נכונה, זאת פגיעה בגוף כולו. לכן צריך לראות את התפיסה לגבי כל הקבוצות המוחלשות, כל הקבוצות המוחלשות ללא יוצא מן הכלל – שהשוויון של כל הקבוצות הללו הוא אינטרס אמיתי ועמוק לחברה כולה. ההיבט השני – מה שאמר עופר ואני רוצה להרחיב – אחד הדברים שפוגעים במעמד האישה במשך כל ההיסטוריה זה המלחמות. הספר של נח הררי ""קיצור תולדות האנושות"" – כשהוא מדבר על הנשים, הוא אומר: ברגע שזה הפך למלחמות, המעמד של הנשים התחיל להידרדר. ואני חושב שהוא צודק. המלחמה מעצימה את מעמדו של הגבר הלוחם על חשבון הנשים. המלחמה, כלומר העברת תקציבים למקומות הלא נכונים, במקום שיהיו מוקצים לחברה, לבריאות, לסוגיות חברתיות, למוניציפלי, לספורט, לחיי היום-יום, והנפגעות העיקריות הן הנשים. מלחמה זאת אומרת אלימות. הקבוצה הנפגעת ביותר מהאלימות היא קבוצת הנשים. לכן עם כל הכבוד לאמירות היפות לגבי שוויון הנשים, מי שלא חותר לשלום, כלומר סיום הכיבוש וכינון שלום אמת בין שני העמים, הוא פוגע במעמד הנשים. מי שלא חותר לדמוקרטיה בכלל במדינה, פוגע במעמד הנשים. מי שלא חותר לצדק חברתי כלכלי, פוגע במעמד הנשים. הסוגיות הללו שזורות אחת בשנייה. רציתי להסב את תשומת ליבכם למורכבות הנכונה בסוגיה הזו של שוויון הנשים. אני רוצה להשליך את התפיסה הזו לגבי כל מיני מאבקים של קבוצות פה בפרלמנט. אני מסתכל על החרדים למשל, ואני אומר: קבוצה שנמצאת כמעט ב-80% מממשלות ישראל, משנת 1949 עד עכשיו – למה המצב הסוציו-אקונומי בקרב החרדים עדיין כל כך קשה? אני יכול להסתכל על קבוצות למשל של מזרחים שתמכו בליכוד משנת 1977 או בש""ס בשנת 1984, שהם כביכול היו מיוצגים ברוב הממשלות משנת 1977, 1984 והלאה. למה הפער בין עיירות הפיתוח לבין תל אביב הולך וגדל? זו שאלה מאוד חשובה. אנשים שכביכול נמצאים בקואליציות, נמצאים בקואליציות כל הזמן, אבל הפער בין עיירות הפיתוח לבין תל אביב הולך וגדל.",1
344167,"לכבוד שרת התחבורה מרב מיכאלי, ברצוני לשאול על מעבר נהר הירדן, שנסגר בימים שישי ושבת וגם בכל יום אחרי השעה 15:30. את יודעת שהרבה סטודנטים, לרבות סטודנטים לדוקטורט, שלומדים בירדן, חלקם ממשרד החינוך, חלקם מורים, חלקם עובדים במשרות שהם לא יכולים להתפנות באמצע השבוע, לכן הם יכולים רק בסוף השבוע – אבל זה נסגר בפניהם, נאטם בפניהם. דיברתי איתך כמה פעמים. יש לך כוונות טובות, אבל הגיע הזמן לסיים את הסאגה הזאת. תודה.

אפשר להתחיל בצורה הדרגתית, כלומר, לפתוח כמה שעות בצורה מצומצמת ביום שבת, אבל כבר להתחיל בצורה הדרגתית, ואני חושב שאתם יכולים.

בשמחה. שנתקדם כמה שיותר מהר.",1
344184,"כבוד היושב-ראש, עמיתיי חברי הכנסת וחברות הכנסת, תרשו לי לדבר בערבית, בבקשה. (אומר דברים בשפה הערבית, להלן תרגומם: יש דבר שנקרא פשינק – פשינק, כלומר כמו קליעים מקולקלים, למשל כשמישהו יודע שהדעה שלו לא משפיעה ועושה את עצמו גיבור. הרי הדעה שלו לא משפיעה. כשהוא משפיע, הם מצביעים על האיסור על אנשים לאחד משפחות. כשהקול לא משפיע בכלל, הם אומרים: בואו נרמה את האנשים. הדבר הזה נקרא פשינק – קליעים מקולקלים. למשל, בעניין האי-אמון, הם התחילו להגיד שזה גם כך לא משפיע – בואו נהיה בעד האי-אמון, הרי זה לא משפיע. אנחנו ברשימה המשותפת חושבים על משהו משפיע. על העניין של האי-אמון אנחנו עדיין חושבים, אבל יש עניין משפיע, שהוא פיזור הכנסת. הרשימה המשותפת חתמה על חוק התפזרות הכנסת, ואנחנו רוצים עכשיו לאסוף חתימות: מי שבאמת רואה בעניין של אי-איחוד משפחות פשע כלפי האנשים, שיחתום על פיזור הכנסת. אני בטוח שאם הממשלה תראה שיש רוב, היא תשים את הזנב שלה בין הרגליים ותרד מהעניין של אי-איחוד המשפחות. הרשימה המשותפת התכנסה והחליטה להביא את הנושא של פיזור הכנסת, ועדיין חושבים על העניין של אי-אמון, אבל המשותפת לא חושבת בצורה של פשינק אלא על איך לעשות דבר בעל השפעה. זכותם של האנשים לדעת מה עשינו, הרשימה המשותפת, במהלך מושב החורף. נוסף על הצגת העמדות, נוסף על הצגת הסוגיות בכבוד עצמי, היו לנו הישגים – אני אומר לכם – לטובת החברה הערבית שלנו, ואף אחד לא הביא הישגים דומים להם. למשל, מי שראה את השמחה על פניהם של האזרחים הוותיקים הזכאים להשלמת הכנסה אשר קיבלו תוספת של 500 ש""ח – 75,000 ערבים, 75,000 אנשים קיבלו תוספת של 500 ש""ח לחודש. עד כמה הדבר הזה חשוב עבור האנשים שהיו צריכים להתלבט אם להפעיל את דוד החשמל או ללכת לחתונה ולשים מתנה על סך 100 ש""ח או 200 ש""ח או לרכוש בזה תרופות, עד כמה ה-500 ש""ח האלה היו מועילים. הרשימה המשותפת הצליחה להחזיר את רישיונות הנהיגה לעשרות אלפי אנשים, שההרגשה שלהם הייתה קשה – איך הם ינועו ללא רכב, או שהיו צריכים לבקש ממישהו לעזור להם. הם הרגישו משוחררים, הרגישו משוחררים, וזאת בזכות הרשימה המשותפת. העניין של הביטוח הלאומי למי שלומדים בחו""ל, הפחתת דמי הביטוח – עד כמה העניין הזה משמעותי לסטודנטים. וגם הנושא של הפחתת מחיר המים לבתי תפילה, ועוד 15 חוקים שהעבירה הרשימה המשותפת בקריאה שלישית ויש בהם תועלת ישירה עבור האנשים. אבל זה לא בא במקום הנושא העיקרי והאסטרטגי, העמדה המכובדת והגאה, העמדה שאנו ניצבים בשמה בראש מורם. יש לנו עמדה, עמדה הוגנת שאנחנו נלחמים למענה אסטרטגית. אני רוצה להגיד לח""כים של הרשימה המשותפת, כולם, עם סיום מושב החורף – אחי אחמד טיבי, אחי סמי אבו שחאדה, עאידה תומא, אוסאמה סעדי ועופר כסיף – יישר כוח. ממשיכים ביחד.)

כבוד היושב-ראש – – – חבר הכנסת, להאשים אחר שהוא תומך טרור.

כבוד היושב-ראש, עמיתיי חברי הכנסת וחברות הכנסת, תרשו לי לדבר בערבית, בבקשה. (אומר דברים בשפה הערבית. להלן תרגומם: יש דבר שנקרא פשינק – פשינק, כלומר כמו קליעים מקולקלים, כמו למשל כשמישהו יודע שהדעה שלו לא משפיעה ועושה את עצמו גיבור. הרי הדעה שלו לא משפיעה. כשהוא משפיע, הם מצביעים על האיסור על אנשים לאחד משפחות. כשהקול לא משפיע בכלל, הם אומרים: בואו נרמה את האנשים. הדבר הזה נקרא פשינק – קליעים מקולקלים. למשל, בעניין האי-אימון, הם התחילו להגיד שזה גם כך לא משפיע – בואו נהיה בעד האי-אימון, הרי זה לא משפיע. אנחנו ברשימה המשותפת חושבים על משהו משפיע. על העניין של האי-אימון אנחנו עדיין חושבים, אבל יש עניין משפיע, שהוא פיזור הכנסת. הרשימה המשותפת חתמה על חוק התפזרות הכנסת, ואנחנו רוצים עכשיו לאסוף חתימות – מי שבאמת רואה בעניין של אי-איחוד משפחות הפשע פשע כלפי האנשים, שיחתום על פיזור הכנסת. אני בטוח שאם הממשלה תראה שיש רוב, היא תשים את הזנב שלה בין הרגליים ותרד מהעניין של אי-איחוד המשפחות. הרשימה המשותפת התכנסה והחליטה להביא את הנושא של פיזור הכנסת, ועדיין חושבים על העניין של אי-אימון, אבל המשותפת לא חושבת בצורה של פשינק, אלא על איך לעשות דבר בעל השפעה. זכותם של האנשים לדעת מה עשינו, הרשימה המשותפת, במהלך מושב החורף. בנוסף להצגת העמדות, בנוסף להצגת הסוגיות בכבוד עצמי, היו לנו הישגים – אני אומר לכם – לטובת החברה הערבית שלנו, שאף אחד לא הביא הישגים דומים להם. למשל, מי שראה את השמחה על פניהם של האזרחים הוותיקים הזכאים להשלמת הכנסה, אשר קיבלו תוספת של 500 ש""ח – 75,000 ערבים, 75,000 אנשים קיבלו תוספת של 500 ש""ח לחודש, עד כמה הדבר הזה חשוב עבור האנשים שהיו צריכים להתלבט אם להפעיל את דוד החשמל או ללכת לחתונה ולשים מתנה על סך 100 ש""ח או 200 ש""ח או לרכוש בזה תרופות – עד כמה ה-500 ש""ח האלה היו מועילים. הרשימה המשותפת הצליחה להחזיר את רישיונות הנהיגה לעשרות אלפי אנשים, שההרגשה שלהם הייתה קשה – איך הם ינועו ללא רכב, או שהיו צריכים לבקש ממישהו לעזור להם – הם הרגישו משוחררים, הרגישו משוחררים, וזאת בזכות הרשימה המשותפת. העניין של הביטוח הלאומי למי שלומדים בחו""ל – הפחתת דמי הביטוח – עד כמה העניין הזה משמעותי לסטודנטים. וגם הנושא של הפחתת מחיר המים לבתי תפילה, ועוד 15 חוקים שהעבירה הרשימה המשותפת בקריאה שלישית, ויש בהם תועלת ישירה עבור האנשים. אבל זה לא בא במקום הנושא העיקרי והאסטרטגי, העמדה המכובדת והגאה, העמדה שאנו ניצבים בשמה בראש מורם: יש לנו עמדה, עמדה הוגנת שאנחנו נלחמים למענה אסטרטגית. אני רוצה להגיד לח""כים של הרשימה המשותפת, כולם, עם סיום מושב החורף – אחי אחמד טיבי, אחי סמי אבו שחאדה, עאידה תומא, אוסאמה סעדי ועופר כסיף – יישר כוח, ממשיכים ביחד.)",1
344205,"כבוד היושב-ראש, עמיתיי חברי הכנסת וחברות הכנסת, אתמול בצוהריים נפגשתי מול הכנסת עם ילדה בת ארבע שהפגינה נגד חוק איחוד משפחות או מניעת איחוד משפחות. מקומה הטבעי בשעה הזאת בצוהריים להיות בגן ילדים, אבל היא נאבקה למען הזכות האלמנטרית שלה לחיות עם הזכויות הסוציאליות הבסיסיות ביותר. שאלתי אותה לשמה, ואמרה לי: סבין. סבין – שם קצת מוזר. שאלתי אותה: מה זאת אומרת סבין? אמרה לי: בערבית סבין הוא (אומר בערבית ומתרגם:) האור בשעות השחר. ההורים שלה נתנו לה את השם היפהפה הזה, שיש בו הרבה תקווה.  סבין לא מאיימת על ביטחון המדינה, וכל טענת הביטחון היא טענה שקרית ונבזית, נלוזה. הרי הם חיים בתוך מדינת ישראל. האנשים שנאבקים למען הזכויות שלהם חיים בתוך מדינת ישראל. לו הייתה נשקפת מהם סכנה ביטחונית מסוימת – יש באפשרותם לעשות מה שהם וכל אזרח יכולים לעשות בכל יום, אבל את זה הם לא עושים, לכן זאת טענה שקרית נלוזה. הכנסת היום מזכירה את הפרלמנטים באירופה בשנות השלושים. בדיוק כך – כיבוש מתמשך, חוקי גזע, חוק העליונות, חוק הלאום, ביטול זכויות של מיעוט, כמו השפה הערבית. רק תגיד לי מה ההבדל בין ישראל היום לאירופה בשנות השלושים. מהו ההבדל? אני רוצה לפנות לחברים שלנו, לערבים שנמצאים בקואליציה. (אומר דברים בשפה הערבית, להלן תרגומם: אני רוצה לפנות אליכם בשפה הערבית, ואני רוצה לומר לכם את הדבר הזה: לפעמים מזדמנות לנו הזדמנויות להיות משפיעים במאה אחוז. למשל בשנתיים האחרונות, היינו משפיעים במאה אחוז – הגענו ל-13 ול-15 מנדטים ומנענו מנתניהו להרכיב ממשלה במשך שלוש מערכות בחירות, שלוש פעמים. זו השפעה ישירה. מובן שזו השפעה שנבנתה על קרקע מוצקה, על סלע; לא על חול – על סלע, על כוח. היום – היום, יום חמישי – באפשרותנו שלנו, באפשרות אבו הישאם, באפשרות עיסאווי, באפשרות ג'ידה, באפשרות אבתיסאם, באפשרות מנסור, באפשרות ווליד, באפשרות מאזן, באפשרות אימאן, באפשרות עופר ועאידה ואחמד וסמי ואוסאמה, באפשרותנו שלנו לבדנו לתת למשפחות האלה, היום, להתחיל לקבל את הזכויות שלהן, היום, יום חמישי. זה קרה כמה פעמים בשנתיים האחרונות, כאשר התחזקנו עם המשותפת, והיום. אני מבקש שנעמוד לא עם איחוד הממשלה, אלא עם איחוד המשפחות. ואני רוצה לתת לכם דוגמה. לפני שבועיים גנץ הביא הצעת חוק בעניין קצבאות הפנסיה לקצינים הבכירים הצבא, לעשירי הצבא. במקום שהם יקבלו בחודש קצבת פנסיה, למרבה הבושה, 60,000 שקל, הוא רוצה לתת להם 67,000 שקל; למרבה הבושה, במקום 70,000 שקל בחודש, הוא רוצה לתת להם 75,000 שקל. חלק מהקואליציה, למרבה הצער – לא הערבים, חלק אחר – אמרו לא, אנחנו לא מסכימים, המצב הכלכלי קשה לאנשים, אנחנו לא מסכימים. גנץ אמר: אם החוק הזה לא עובר, אין ממשלה. הממשלה התאגדה לבדה כולה ולחצה על כולם, והעבירו את הנושא. אני רוצה לשאול אתכם: מי יותר חשוב, קציני הצבא שמרוויחים 60,000 ו-70,000 שקל בחודש או סבין, או ילדים קטנים ממשפחות איחוד המשפחות? הערבים בקואליציה אמרו לראש הממשלה: אנחנו נבוכים מול העם שלנו. לפני שישה חודשים הצבענו בעד מניעת איחוד משפחות, הצבענו בעד החוק הגזעני. התבזינו ברחובות. הפעם תעזור לנו, תמצא לנו דרך. אחרי שבוע ישב איתם ואמר: יש לי דרך – זו מפלגת הציונות הדתית – יש לי הצעה גרועה יותר מההצעה הנוכחית לאיחוד משפחות, גרועה יותר מהאחרונה שהייתה, במשך 18 שנה. אבל אם אנחנו נסכים על ההצעה הגרועה יותר, אז יש לנו 90 חברי כנסת. אתם תצביעו נגד כדי שתוכל לומר לעם שלכם שהצבעתם נגד, והממשלה תישאר שלמה. החבר'ה היו מרוצים. עכשיו, מה הדבר החשוב? הדבר החשוב הוא המשפחות והאנשים שלנו שסובלים מחוק איחוד משפחות, הילדים הקטנים שסובלים מחוק איחוד משפחות, או הדבר החשוב הוא שתעשו טריק מלוכלך שלא עובד על אף אחד, ותישארו חברים היום, יום חמישי, ומחר, יום שישי, ואחר כך, בשבת – תישארו חברים בממשלה הזאת, שהעבירה את החוק הגזעני הזה? אני מבקש מכם, נשארו לנו עוד שלוש שעות עד להצבעה. אני מבקש מכם, פונה אל חברי התנועה שלכם שהם לא חברים בפרלמנט – אני פונה אליהם ואומר להם: דברו עם חברי הפרלמנט שלכם, אמרו להם: בושה, הסיפור הזה., בושה, ההתנהגות הזאת. בושה. החוק הזה הוא חוק נפשע. נפשע. נפשע באופן יום-יומי. בכל יום הוא מרע. בכל יום הוא מרע – אסור רישיון נהיגה, אסור ביטוח לאומי, אסור קופת חולים. בכל יום הוא מרע. אתם יודעים מה? אני רוצה לשאול אתכם שאלה. ברצינות, אם הממשלה הזו תלך מחר לבחירות, האם בנט הזה, ראש הממשלה באקראי, ראש הממשלה באקראי, בנט, הוא רוצה ללכת לבחירות? הרי הוא לא יעבור את אחוז החסימה. גדעון סער רוצה ללכת לבחירות? צריך מעט כבוד. מעט כבוד. מעט, מעט. דבר שני, ממשלה שתעביר את חוק איחוד משפחות תלך לעזאזל. אני רוצה לשאול אתכם, אני רוצה לשאול כל אחד מבני עמנו: במה הממשלה הזאת גרועה מהממשלה הקודמת? אני רוצה שמישהו יגיד לי. בכיבוש? בשייח' ג'ראח? בג'בל מוכבר? סילוואן? באל-וולג'ה? בנגב? ביוקר המחיה, הגבוה זה 15 שנה? יוקר המחיה הגבוה זה 15 שנה. להפך, זו ממשלה שנושאת את הסיסמה ""ממשלת השינוי"", העולם שותק לה. אבל אם נתניהו היה ממשיך, כל העולם היה יוצא לרחובות, יוצא נגדו. מכיוון שהם משתמשים בכיסוי ששמו ""ממשלת השינוי"", אין הפגנות בישראל נגדה. אם נפתח את הכיסוי של ממשלת השינוי, היא מבצעת את הפשעים המכוערים ביותר. זו הממשלה שלכם. אתם חברים בממשלה שמבצעת את הפשעים המכוערים ביותר. אתם יודעים מה? אני רוצה לשאול את בני עמנו שאלה פשוטה מאוד מאוד, ישירה מאוד מאוד: האם אתם מרגישים שהמצב שלכם השתפר אחרי שישה חודשים? היש שאלה פשוטה מזאת? פשוטה מאוד, השאלה הזאת, וישירה. האם אתם מרגישים עושר בחיים? אתם מרגישים שהמחירים יורדים? שהמצב טוב? יש יתרונות רציניים לכיבוש הזה? יש בנגב תוכנית גדולה להכרה בכפרים הלא-מוכרים, או כמו שמודה הממשלה, מאיר כהן, המצב בנגב לאחר שישה חודשים קשה יותר מאשר המצב בנגב לפני שישה חודשים? עיסאווי פריג', האם יש אזרח ערבי אחד מתוך 1.7 מיליון, אחד, אחד, שאומר לך: השבח לאל, המצב היום יותר טוב יותר משהיה קודם? למשל מבחינה כלכלית. מבחינה כלכלית, אנשי מזרח ירושלים יכולים להגיד את המילה הזאת? אנשי הנגב יכולים להגיד את המילה הזאת? אחי, אימא שלי ואימא שלך יכולות להגיד את המילה הזאת? הן יכולות לומר: המצב היום טוב יותר? לא. הממשלה שרוצה להעביר את החוק הזה, שתלך לעזאזל. אני רוצה לשאול: האם יש ממשלה גרועה מזו, גבר? רק הפשיסטית בשנים 1930–1932 הייתה מעבירה חוק כמו זה. על מה אתם סומכים? על מה אתם סומכים? אני אומר שאתם לא משפיעים על שום דבר. זו האמת. אתם לא משפיעים על שום דבר. דרך אגב, אני השתתפתי עכשיו בפסגה הכלכלית. שמע מה אני אומר, עיסאווי, הנושא הזה חשוב מאוד. הייתי בפסגה כלכלית. כרואה חשבון, יש לך ידע במספרים האלה. אני רוצה לומר לך מה המספרים האלה. אתה זוכר את 922. לצד 922 הייתה 1480, מה שנקרא ""הבדואים של הצפון"", הייתה 2397 לבדואים בנגב והייתה 959 לדרוזים – ביחד 24.5 מיליארד. מה היה התקציב של ישראל בשנת 2016? 424 מיליארד. 424 מיליארד. היום התקציב הוא 620 מיליארד. 620 מיליארד. מה עשו? הביאו את כל התוכניות יחד כדי לומר שזה מספר גדול, אבל השיעור שלו קטן מהשיעור שהיה ב-922. פחות. תגידו לנו, כיצד אתם משפיעים? על הכסף אתם לא משפיעים; על חוק איחוד משפחות אתם לא משפיעים; על הכיבוש אתם לא משפיעים. מה אתם, כלומניקים? מה אתם, כלומניקים? אתם רוצים משרות? אתם מחפשים משרות? מעדיפים. איחוד הממשלה הימנית הגזענית ואי-איחוד הילדים. אנחנו רוצים עמידת כבוד. אנחנו רוצים עמידת כבוד, זה מה שדרוש.) תודה רבה.

כבוד היושב-ראש, עמיתיי חברי הכנסת וחברות הכנסת, אתמול בצוהריים נפגשתי מול הכנסת עם ילדה בת ארבע, שהפגינה נגד חוק איחוד משפחות או מניעת איחוד משפחות. מקומה הטבעי בשעה הזאת בצוהריים להיות בגן ילדים, אבל היא נאבקה למען הזכות האלמנטרית שלה לחיות עם הזכויות הסוציאליות הבסיסיות ביותר. שאלתי אותה לשמה, אמרה לי: סבין, סבין. שם קצת מוזר. שאלתי אותה: מה זאת אומרת סבין? אמרה לי: בערבית סבין הוא (אומר בערבית ומתרגם:) האור בשעות השחר. ההורים שלה נתנו לה את השם היפהפה הזה, שיש בו הרבה תקווה.  סבין לא מאיימת על ביטחון המדינה, וכל טענת הביטחון היא טענה שקרית ונבזית, נלוזה. הרי הם חיים בתוך מדינת ישראל. האנשים שנאבקים למען הזכויות שלהם חיים בתוך מדינת ישראל. לו הייתה נשקפת מהם סכנה ביטחונית מסוימת – יש באפשרותם לעשות מה שהם וכל אזרח יכולים לעשות בכל יום. אבל את זה הם לא עושים, לכן זאת טענה שקרית נלוזה. הכנסת היום מזכירה את הפרלמנטים באירופה בשנות השלושים. בדיוק כך – כיבוש מתמשך, חוקי גזע, חוק העליונות, חוק הלאום, ביטול זכויות של מיעוט, כמו השפה הערבית. רק תגיד לי מה ההבדל בין ישראל היום לאירופה בשנות השלושים. מהו ההבדל? אני רוצה לפנות לחברים שלנו, לערבים שנמצאים בקואליציה. (אומר דברים בשפה הערבית). תודה רבה.",1
344505,"סליחה, סליחה. למה אני לא נוכח?

כבוד היושב-ראש, רבותיי – מה?

נתחיל מחדש, בבקשה. כבוד היושב-ראש, עמיתיי חברי הכנסת וחברות הכנסת, זו ממשלה רעה מבחינה מדינית ומבחינה חברתית וכלכלית.

הממשלה הזו פגעה בערביי הנגב יותר מכל פעם מאז סיום הממשל הצבאי. הממשלה הזו העלתה את המחירים נגד השכבות המוחלשות יותר מכל תקופה אחרת מאז שנת 2004. הממשלה הזו פוגעת בתושבים בירושלים המזרחית – בין היתר בתקציב המדינה, שיש בו בנייה של 9,000 יחידות של מתנחלים באמצע ירושלים המזרחית – יותר מכל פעם מאז הכיבוש בשנת 1967. הממשלה הזו עושה את הכול בשביל לחלק את מסגד אל-אקצא, יותר מכל ממשלה אחרת. זו ממשלה רעה שצריך להפיל אותה. הממשלה הזו היא מין compromise בין הימין לבין השמאל הציוני, שזה בלי ביבי אבל עם המדיניות של בנימין נתניהו. הממשלה הזו היא מין compromise שאומר לא להסית נגד בית המשפט, נגד המשטרה, נגד הפרקליטות, נגד החברה האזרחית, אבל להמשיך לתקוף גם את העם הפלסטיני, גם את האזרחים הערבים וגם את השכבות המוחלשות. אנחנו לא נסכים להיות שבויים בין הימין הפשיסטי של בנימין נתניהו או הימין ההתנחלותי של נפתלי בנט. יש לנו אלטרנטיבה שלישית. זה שלוש בחירות קראנו לציבור שלנו לצאת ולהצביע ולמנוע מהימין להרכיב ממשלה. זוהי האלטרנטיבה שלנו. אמרו לנו שאנחנו לשון המאזניים. חברים, לצערי הרב אנחנו לא לשון המאזניים – אנחנו לא לשון המאזניים לבטל את חוק הלאום; אנחנו לא לשון המאזניים למנוע את העמקת הכיבוש; אנחנו לא לשון המאזניים בשביל למנוע הריסת בתים בנגב, לצערי הרב. אנחנו יכולים להיות לשון המאזניים בשביל עוד 20 מיליון שקלים, 100 מיליון שקלים, אבל כך לתת לממשלה הרעה הזו להמשיך את דרכה ולפגוע בעם שלנו ובשכבות המוחלשות. אנחנו לא נסכים למלא את התפקיד הרע הזה, לכן אנחנו כן נתמוך בהפלת הממשלה הרעה הזו. תודה רבה.",1
344690,"– – – כשיש כיבוש זה שקר, אין אמת.

– – – זהו, תתפטרו כבר – – –

תתביישו. כמה אפשר להרוג? כמה – – – (חבר הכנסת איימן עודה יוצא מאולם המליאה.)",1
344761,"זה שאתם כל פעם – – – אתם טרוריסטים – – –

הטרוריסט הגדול ביותר זה המשך הכיבוש, נקודה.

– – – כמה חפים מפשע הרגתם – – –",1
344852,"כבוד היושב-ראש, עמיתיי חברי הכנסת וחברות הכנסת, היום בבוקר בפעם השלישית השנה נכחתי בבית המשפט העליון יחד עם הבמאי מוחמד בכרי. לפני כן ביקרתי עם משפחת יעקוב אבו אלקיעאן מאום אל-חיראן, המחנך שהואשם שהוא חבר בדאעש. משפחתו רצתה לנקות את שמו. בית המשפט דחה את הבקשה שלהם. בפעם השנייה הלכתי לשם יחד עם הרופא העזתי עז א-דין אבו אל-עייש, זה שהצבא המוסרי ביותר בעולם הרג את בנותיו. הוא ביקש את הצדק, שמדינת ישראל תכיר רשמית בעוול שנגרם לו. בית המשפט העליון דחה את הבקשה שלו. זהו בית המשפט העליון שהשמאל הישראלי נאבק בשביל להגן עליו מול ההסתה של בנימין נתניהו. גם להגן על המשטרה, אותה משטרה שהכתה בצעירים שנשאו על כתפיהם את הארון של השהידה הגיבורה שירין אבו עאקלה. אני מוכן להיות שותף עם השמאל הציוני למען הרחבת המרחב הדמוקרטי גם בבית המשפט וגם לאזרח את המשטרה הגזענית, אבל אני לא אשכח לרגע אחד מהן הבעיות העיקריות, והן – 1. המשך הכיבוש; 2. האפליה נגד האזרחים הערבים; 3. חוסר הצדק החברתי והפגיעה בשכבות המוחלשות. אבל הדיל בין השמאל הציוני לבין הימין בממשלה הנוכחית הוא להמשיך את מדיניות הימין אבל בלי בנימין נתניהו: לשמר את בית המשפט, את המשטרה, את הפרקליטות, אבל כן, כן לפגוע בירושלים, לפגוע במסגד אל-אקצא, לפגוע בתושבי הנגב הערבים ולהעלות את המחירים נגד השכבות מוחלשות. אנחנו לא נהיה אף פעם חלק מהדיל האומלל הזה בין השמאל הציוני לבין הימין. הרי זו הממשלה שפגעה בירושלים יותר מבתקופת בנימין נתניהו. המתנחלים הגזענים שנכנסים למסגד אל-אקצא, נכנסו בתקופת ממשלת בנט יותר מבתקופת בנימין נתניהו. המשילות של המשטרה נגד תושבי הנגב הערבים – יותר מבתקופה של בנימין נתניהו. זו הממשלה שהעלתה את המחירים יותר מבתקופה של בנימין נתניהו. אנחנו נעשה את הכול בשביל להפיל את הממשלה הימנית הזו. אומרים לנו: אבל מה האלטרנטיבה? זה בנימין נתניהו. סמי אבו שחאדה, יש בדיחה בערבית על בחור בשם חמדאן שהצטרף לצבא. אז המפקד שלו שאל אותו: חמדאן, במידה שאתה נפגש עם אויב, מה תעשה? אמר: אני אירה בו. ואמרו לו: אם הם שניים? אמר: אני אסתתר מאחורי עץ ואירה בשניהם. ואם יש טנק? אמר: אני איכנס מתחת לטנק וגם אפוצץ אותו. ואמרו לו: ואם יש מטוס? אז הוא ענה להם: אז מה הצבא הזה שאין בו חוץ מחמדאן? ואני רוצה להגיד לשמאל הציוני: האוכלוסייה הערבית, חמדאן הזה, מה היא לא עשתה: הצביעה בעד פרס אחרי הטבח בכנא; הצביעה בעד הגנרל אהוד ברק, וידוע מה עשה לנו אחר כך; המלצנו על הגנרל גנץ והוא הפנה עורף. זה לא אנחנו, אנחנו הכי ישירים – נגד נתניהו ונגד הימין. אבל מי שחושב שאנחנו צריכים להיות שותפים בהעמקת הכיבוש, בהעמקת האפליה – לא, לא, לא. (אומר בערבית: תשתפו פעולה בעשיית טוב וחסד, ואל תשתפו פעולה בחטאים ותוקפנות.) זו ממשלה שהיא שותפה להעמקת הכיבוש ואפליית האוכלוסייה הערבית, לפגיעה בשכבות המוחלשות. אנחנו בכיוון האחר לגמרי. תודה רבה.",1
344896,"הממשלה הגרועה ביותר – – –

איפה היית כל הזמן הזה – – –",1
345066,"כבוד היושב-ראש, עמיתיי חברי וחברות הכנסת, עמד פה חבר הכנסת יואב גלנט וביקש לחסל את רע""מ וגם להוציא אותה מחוץ לחוק. חבר הכנסת גלנט לא אמר זאת נגד מוסי רז, למשל, ולא נגד מרצ ולא נגד מרב מיכאלי ולא נגד האופוזיציה כולה, אלא רק נגד הערבים, בגלל שחבר הכנסת גלנט הוא גזען כלפי הערבים. ומה הסיבה? כביכול השתלטות של הערבים על אדמות הנגב. הרי גלנט בעצמו, ברמה האישית, הוא שודד אדמות; ברמה האישית הוא, כן, שודד אדמות, וברמה הקולקטיבית הוא, כן, כן, שודד אדמות.

למרות חוסר התגובה של יו""ר רע""מ, או אפשר להגיד התגובה האומללה שלו, אני חשבתי על השותפים שלו. למה מרצ לא הגיבה? למה מפלגת העבודה לא הגיבה? למה יאיר לפיד לא הגיב? למה בנט לא הגיב? כי זו לא שותפות, כי הם מנצלים אותו. זו שותפות רק מצד אחד. לא רק זה, אני גם שמעתי את יו""ר רע""מ אומר שהוא מעדיף את הליכוד. זה היה רק לפני שבוע. מה, הוא מעדיף את גלנט? מה זו האהבה מצד אחד? זו לא שותפות. כך מנצלים בן אדם וכך מנצלים קבוצה. בשם המשותפת, אני בז לגזענות ולשקרים של גלנט. אין מקום להוציא תנועה מחוץ לחוק. העמדה שלנו הייתה ונשארת דמוקרטית. תודה רבה.",1
345126,"אין מסחרה. אין סחר-מכר, אין. ממש.

לא, אני אומר, אני אומר לך – – –

לא. הצבענו, הרבה פעמים נמנענו או – – –

תשמע מה שאני אומר לך – – –",1
345307,"יואב, אבל ב-922 נתתם לנו כסף. זה אתם, מה הבעיה?",1
345313,"כבוד היושב-ראש, עמיתיי חברי הכנסת וחברות הכנסת. ב-922, התוכנית הכלכלית, הסרנו חסמים והעלינו את תעסוקת הנשים הערביות מ-25% ל-40% תוך שש שנים. שוויון לנשים ערביות ולנשים בכלל בשוק העבודה הוא האינטרס של החברה כולה. יש לנו עוד דרך ארוכה עד לשוויון. נשים עדיין מופלות בשוק העבודה בשכר, בקבלה לעבודה ובעיקר סביב ההיריון. אף אישה לא צריכה לחשוש לאבד מקום עבודה או מקור פרנסה בגלל שהיא עומדת להפוך לאימא. כיום החוק מספק לעובדות הגנה של 60 ימים מהיום שלאחר חופשת הלידה, שבהם העובדת מוגנת מפני הליכי פיטורים ופגיעה בהיקף המשרה שלה. לצערנו יש תופעה רחבה של מעסיקים שעוקפים את ההגנה על העובדות ומוציאים נשים לחל""ת על חשבון תקופת ימי ההגנה. אנחנו מציעים לעגן בחוק את זכותן של העובדות להגנה מפני פיטורים לאחר לידה. לפי ההצעה ימי חל""ת במהלך תקופת ההגנה לא ייספרו כימי הגנה, וכך נוכל להגן על העובדות שבוחרות ללדת. אף אישה לא צריכה לחשוש לאבד מקום עבודה או מקור פרנסה בגלל שהיא עומדת להפוך אימא. תודה רבה.",1
345327,"כבוד היושב-ראש, עמיתיי חברי הכנסת וחברות הכנסת, אתמול ושלשום עלו לבמה הזו שני שרים לשעבר – ישראל כץ ויואב גלנט – ואיימו עלינו בנכבה שנייה. קודם כול, אני חייב להודות שזו פעם ראשונה שאני שומע מקברניטי המדינה הודאה בזה שמדינת ישראל ביצעה נכבה נגד העם הפלסטיני. זה – 1. 2. לפני שבע שנים מיכאל בר-זוהר וניסים משעל הוציאו ספר בשם ""חיסול ממוקד"", וסיפרו בו על 20 המקרים הביטחוניים הקשים ביותר שהיו פה במדינה. מי שביצע אותם – 19 מקרים – היו יהודים. למשל, אחד מהם הוא משה דואק, שהשליך פצצה פה, למליאה. כתוצאה מזה ראש הממשלה לשעבר נפצע. אחד אחר הוא יגאל עמיר, שרצח ראש ממשלה. זה לא מוחמד מחאמיד, זה יגאל עמיר, יהודי, שבכוונה תחילה רצח ראש ממשלה. אבל האמת היא שהפגיעה העיקרית בביטחון זה לא זה. שני השרים אמרו, ואיימו, שבמידה שאנחנו נעבור את הקו האדום – אבל האנשים שעברו את הקו הירוק בשנת 1967, ועדיין מעמיקים את הכיבוש, הם אלה שמסכנים את הביטחון; הם אלה האחראים הישירים לפגיעה גם בפלסטינים וגם ביהודים. רק השלום וסיום הכיבוש יביאו לביטחון אמיתי. האמת היא שזה היה משעשע לראות איך שהשוטרים והחיילים רודפים אחרי ילדים פלסטינים שמוצאים את דגל פלסטין ומניפים את הדגל. אתם כל כך חלשים? חלשים. אין לכם ביטחון עצמי. רודפים אחרי ילדים שמניפים את הדגל הלאומי שלהם, דגל פלסטין? אני רוצה להגיד לגלנט ולישראל כץ ולכל הגזענים: אתם עוד תעופו לכל הרוחות, ומי שיישאר איתן פה הם אנשים שוחרי השלום; גם הפלסטינים וגם היהודים השוחרים שלום ושוחרים חיים משותפים. נישאר במולדתנו, שאין לנו מולדת אחרת מלבדה. תודה רבה.",1
345436,"כבוד היושב-ראש, עמיתיי חברי הכנסת וחברות הכנסת, זו הפעם הראשונה בהיסטוריה של הכנסת שיש ממשלת ימין ואופוזיציה שרובה מהימין – ימין קיצוני והתנחלותי נגד ימין קיצוני והתנחלותי, ויש רגשי נחיתות בקרב הימין שבממשלה מול הימין שבאופוזיציה. כתוצאה מכך אנחנו רואים מעשים חסרי תקדים, אם זה בירושלים המזרחית, אם זה במסגד אל-אקצא, אם זה בהתקפה נגד הנגב. ומהצד השני, מהאופוזיציה אנחנו רואים הצהרות חסרות תקדים. שרים לשעבר מאיימים עלינו בנכבה שנייה. את המצב הזה חייבים להפסיק, לעצור, ואנחנו נעשה את הכול בשביל להפיל את הממשלה הנוכחית, בשביל שנהיה כולנו, כולנו, נגד הימין הגזעני על כל צורותיו. אתמול היה מצעד הדגלים. זה המקום היחיד בעולם שבמקום שנקרא ""בירה"", בירה של המדינה, המדינה לא יכולה להניף את הדגל. אז מה הסיפור? יש דבר שהוא לא הגיוני. מה לא הגיוני? לא הגיוני הוא שירושלים המזרחית לא הייתה ולא תהיה הבירה של מדינת ישראל, היא אזור כבוש, והעם הנכבש לא רוצה לראות את דגל הכיבוש באזור ההוא. ראיתי מה עשו לה פמיליה ולהב""ה. האמת, אני רוצה לקרוא להם להגיע לשם ללא המשטרה, ללא הצבא, ואני אראה אם יש להם האומץ להגיע לשוק, לבאב אל-עמוד, ללא המשטרה ובלי הצבא. אני רוצה לראות את הגזענים, מי שחושבים שהם חזקים, לראות כמה שהם מפחדים מפני הציבור בירושלים המזרחית. אנחנו קוראים להוציא את להב""ה ואת לה פמיליה מחוץ לחוק. טוב מה שאמר שר הביטחון גנץ, שהוא שוקל ברצינות להוציא אותם מחוץ לחוק, אבל זה לא מספיק בכלל – צריך לפעול ולהוציא אותם מחוץ לחוק. תודה רבה.",1
345536,"כבוד היושב-ראש, עמיתיי חברי הכנסת וחברות הכנסת, אני מברך את חברי מוסי רז על דבריו. מוסי הוא הבן אדם הנכון בקואליציה הלא-נכונה, ואני מקווה שבקרוב כולנו נהיה באותו מקום נגד הרוע, גם זה שיוצא מהממשלה הנוכחית.

משה, אחד-אחד. מה מפריע לך דגל של עם?

אני רוצה להגיד לחברי הכנסת כולם: אני עובד די קשה. מה שאני מקבל – מגיע לי, נקודה.

תעזוב. תן לי להגיד לך – תן לי להגיד לך, ותפנימו את זה עמוק, עמוק, עמוק: אני בן של עם, תפנימו את זה. תבינו את זה, זה לא נגד אף אחד. אני בן של עם, זה לא נגד אף אחד מכם. אני בן של העם הערבי הפלסטיני. זה אבא שלי, זה סבא שלי, זה המרחב שלי, זה לפני 100 שנה, 200 שנה, 300 שנה. היו פה בריטים, היו פה עות'מאנים. אני חלק מעם. נשארתי, הייתי ונשארתי. אני לא טורקי כשהיו העות'מאנים, אני לא בריטי כשהיו הבריטים, אני בן של עם, שנקרא העם הערבי הפלסטיני. יחד עם זאת אני אזרח במדינת ישראל. ובהיותי בן של עם יש לי תרבות, יש לי מסורת, יש לי מורשת, יש לי דגל, יש לי צבעים לאומיים. הדגל הזה, בצבע אדום, שחור, לבן וירוק, הוא הדגל הלאומי של העם הערבי הפלסטיני.

אני רוצה להגיד לך מה זה שוויון: זה שבסמלי המדינה תראה אתה, היהודי, את הפנים שלך, ואני אראה את הפנים שלי. מה אתה רוצה, רק בשבילך? למה? למה, בגלל עליונות?

טוב, אני רוצה להגיד לך משהו: תפנים שיש פה מציאות מורכבת שאין בה רק עם אחד. אין בה רק עם אחד. אני צריך להפנים שהיהודים שהגיעו לפה, התגבשו כעם, מגיעה להם זכות להגדרה עצמית. אני צריך להפנים את העובדה הזו. אני צריך להפנים שאני חי לא רק עם ערבים, אלא גם עם יהודים, שהם לאום, יש להם מאפיינים לאומיים. אני צריך להפנים ולקבל. אתה צריך להפנים ולקבל את העובדה הזו שאין פה רק יהודים. אתה צריך לקבל את העובדה הזו, אתה צריך לקבל אותי כמו שאני, לא כמו שאתה רוצה לבנות אותי. אני חלק מהעם הערבי הפלסטיני.

אני רוצה לברך את הסטודנטים הערבים – –

– – שביום הנכבה של העם הערבי הפלסטיני הניפו את דגל פלסטין. כל הכבוד להם. אני מצדיע להם.

אם יש לך תפיסה חד-ממדית, שאתה רואה שבן אדם שמניף דגל זה אותו בן אדם שרוצח בן אדם, אז אתה בן אדם שיש לו מחשבה צרה מאוד. אני באותה נשימה קורא לציבור שלנו: אסור בתכלית האיסור לפגוע בבן אדם, נקודה. ממקום שהוא יותר מפוליטי, ממקום מוסרי בעיקר, אסור בתכלית האיסור לפגוע בבן אדם. ואני הראשון שיצא נגד. אבל זה לא אומר כהוא זה שאנחנו צריכים להיות נחותים מבחינה לאומית. זו המולדת שלנו, אין לנו מולדת אחרת מלבדה. אנחנו לא באנו למדינה הזו – המדינה הזו באה אלינו ועלינו. קיבלנו את הפשרה ההיסטורית שמדברת על מדינה לצד מדינה, זה חלק מהפתרון של פשרה היסטורית שאני מקבל אותו ותומך בו ואעשה את הכול בשביל שיהיה שלום מושתת על שתי מדינות ונכבד אחד את השני. זה לא צריך להיות כהוא זה על חשבון הזהות הלאומית שלי. לא אקבל זאת ולא יהיה.

מחר יש לי הצעת חוק בנושא הזכות של האנשים שהם מתחת לקו העוני, שילמדו באוניברסיטאות בחינם. בינתיים יש לנו 60 ח""כים תומכים, נעשה את הכול בשביל שיהיה לנו רוב מחר ונעשה את הצדק הזה לטובת הסטודנטים, לרבות העניים. תודה רבה.",1
345549,"מה שאמרת חשוב, האמת גם הצבא העיראקי – – – נגד הפורעים.",1
345576,"כבוד היושב-ראש, כבוד השרה, כבר שנה שלמה אנחנו מדברים על המעברים לירדן בסוף השבוע, אם זה אלנבי, אם זה שייח' חוסיין, המלך חוסיין, אם זה עקבה, וגם טאבה בימי החגים. כבוד השרה, אני רוצה להגיד לך משהו: אם התשובה של המשרד היא שיש חוסר בכוח אדם, זה דבר שאמור לבייש, ממש כך. מדינה שלמה באמת לא יכולה להעסיק אנשים? והדבר השני, ותבינו אותי טוב, בבקשה: אנחנו במקרה הזה שקופים לגמרי, כי החגים שלנו, כנראה שאף אחד לא חושב עליהם. אף אחד לא חושב שבחג אל-פיטר, חג הקורבן, אל-אדחא, אלפי אנשים נמצאים ליד המחסום בעקבה, ליד המחסום בטאבה, ומחכים בתור, ממש ממש אלפי אנשים. אני מבקש מכבוד השרה לפתור את הבעיה הזו ביום שבת, שישי-שבת, בכל המעברים, ובימי החגים. תודה.

כבוד היושב-ראש, כבוד השר, טכנאי רנטגן זה נושא שלא מוסדר על פי החוק עד עכשיו. אנשים שלמדו בחו""ל – אין להם כתובת; אין הכרה. אנחנו כבר שנתיים מחפשים רק כתובת. מי מאשר להם ומה התנאים? אני חושב שזה נשאר הנושא היחיד שלא מוסדר באופן המהותי ביותר, לא כשיש בעיה פרסונלית או כשיש בעיה עם מדינה מסוימת, אלא במהות – למקצוע בינתיים אין אישור.

אם אפשר רק לזרז, כבוד השר. רק לזרז.

אנחנו נתמוך בו. תביאו את זה בשבוע הבא.

תביאו בשבוע הבא, בבקשה, ואנחנו נתמוך.",1
345617,"כבוד היושב-ראש, עמיתיי חברי הכנסת וחברות הכנסת, לכנסת הנוכחית אין אח ורע מאז הכנסת הראשונה, כנסת שיש בה מאבק בין ימין קיצוני בממשלה לבין ימין קיצוני באופוזיציה. רגשי הנחיתות הם נחלת הימין הקיצוני שבקואליציה מסיבה אובייקטיבית, אני חייב לומר: הציבור שלהם נמצא בזירה הימנית ביותר, לרבות בקרב המתנחלים, שמתנגדים לממשלה הזאת. לכן אנחנו עדים לשני דברים: מעשים רעים מצד הקואליציה והצהרות רעות מצד האופוזיציה. הדבר הזה, בצורה הקיצונית הזאת, לא היה אף פעם. זאת סיבה נוספת לכך שאנחנו צריכים לתרום את חלקנו בשביל לסיים את המצב הנוכחי ולהפיל את הממשלה הרעה הזאת. יש מי שמתיימר שאנחנו נבחר בין הימין ההתנחלותי לבין הימין הפשיסטי, וכביכול אין אופציה שלישית, מה גם שמאיימים עלינו בשיבת בנימין נתניהו. אני רוצה לאתגר את הקואליציה הנוכחית ולהגיד לה: אל תפחדו מאילת שקד. אנחנו, הרשימה המשותפת, שישה חברי כנסת, כולנו נצביע בעד חוק שאוסר על נאשם בפלילים לכהן כראש ממשלה. הינה, יש רוב, והינה, עם נתניהו, לכן יש אופציה ממשית, ממשית, למנוע מנתניהו להרכיב ממשלה בקדנציה הבאה. בואו תעשו את זה. אנחנו, השישה, נצביע בעד – יש רוב. גם בקואליציה הנוכחית מפחדים מהימין הקיצוני שבתוך הממשלה הנוכחית, כלומר אילת שקד וחבריה מימינה, אבל אנחנו במשותפת מוכנים. אני רוצה להגיד עוד משהו לגבי השמאל הציוני. מה האוכלוסייה הערבית לא עשתה? 90% מהציבור שלנו הצביע בעד שמעון פרס לראשות הממשלה חודש אחרי הטבח הנוראי בקאנא בלבנון. יותר מ-95% מהציבור שלנו הצביע עבור אהוד ברק. כמה זה היה קשה, כמה זה היה קשה. ומה החזירו לנו? את אוקטובר 2000, את קמפ דייוויד 2000 ואת האינתיפאדה השנייה. הציבור שלנו החליט גם להמליץ על גנץ – על גנץ, שאחראי לשלוש מלחמות נגד תושבי עזה. ובכל זאת, בשביל להחליף את בנימין נתניהו, עשינו את זה והמלצנו עליו, והוא ברח לבנימין נתניהו. מה האוכלוסייה שלנו לא עשתה בשביל למנוע מבנימין נתניהו בשנות התשעים, לפני שלוש שנים, לפני שנתיים, לפני שנה – ועכשיו מאיימים עלינו, אנחנו, שבנימין נתניהו עלול לחזור ולהיות ראש ממשלה? זה מזכיר לי בדיחה בשפה הערבית על חייל בשם חמדאן. המפקד פנה לחמדאן ושאל אותו: אם אתה נפגש עם אויב, מה תעשה? חמדאן ענה לו: אני אירה בו. אמרו לו: ואם יש שניים? הוא אמר: אני אסתתר מאחורי עץ ואני אירה בהם, בשניהם. אמרו לו: ואם מביאים נגדך טנק שלם, מה תעשה? הוא לא היסס, נשאר נחרץ, ואמר: אני ארד מתחת לטנק ואני אפוצץ אותו. אמרו לו: ואם יביאו נגדך גם מטוס, מה תעשה? הוא ענה: מה הצבא הזה שאין בו חוץ מחמדאן? ואני רוצה להגיד לשמאל הציוני: מה השמאל הזה שאין בו חוץ מהאוכלוסייה הערבית? איפה אתם בשביל למנוע מבנימין נתניהו? למה נהייתם כל כך קטנים? למה, למה? אני אגיד לכם למה: בגלל שהציבור הולך עם המקור ולא עם הצל החיוור של המקור, ואתם הצל החיוור של המקור, ולכן הציבור כל פעם זז ימינה לעוד מנדט ושני מנדטים. אבל אל תלינו. זה לא האוכלוסייה הערבית. מה היא לא עשתה בשביל לשנות את המצב הקיים? לכן אנחנו נעשה את הכול בשביל להפיל את הממשלה הרעה הזו, ולא נסכים להיות שבויים בין אילת שקד, אורבך וקארה מצד אחד לבין בנימין נתניהו מהצד השני. אנחנו יותר גדולים מכך; הציבור שלנו יותר גדול מכך. נעשה את הכול בשביל להפיל את הממשלה הרעה מאוד הזו. האופציה שנשארת לנו היא להישען על הציבור שלנו. פנינו לציבור שלנו, ביקשנו להעלות את אחוז ההצבעה בשביל למנוע מבנימין נתניהו. זוהי דרכנו – להישען על הציבור שלנו ולא להיות שבויים בין שני הימנים ההתנחלותיים והפשיסטיים. זו לא הדרך שלנו.

כבוד היושב-ראש, עמיתיי חברי הכנסת וחברות הכנסת, אני מגיש הצעת חוק שנותנת פטור לסטודנטים משכבות מוחלשות מתחת לקו העוני. 20% מהאוכלוסייה חיים מתחת לקו העוני; 56% מהאזרחים הערבים חיים מתחת לקו העוני. עשינו רבות במשך השבועיים האחרונים בשביל לשכנע רוב בכנסת. גם הסטודנטים נרתמו, ואני רואה אותם על ספסלי היציע. (אומר בערבית: ברוכים הבאים, שאלוהים ייתן לכם המון כוחות ובריאות.) גם הם חתמו על העצומה. אני חושב שהיא תגיע ל-20,000 חתימות עד לאמצע השבוע הבא. אתם כבר התחלתם – תמשיכו. אתם מבקרים אצל ח""כים בניסיון לשכנע אותם. כל הכבוד לכם, תמשיכו. אני רוצה להגיד שהחינוך הוא כלי. משתמשים במילה נשק; אני מעדיף להחליף אותה במילה אחרת, שהיא כלי – כלי להצלחה ומוביליות ולעבור משכבות מוחלשות לשכבה שיכולה להתקיים בכבוד. הדרך הקרדינלית בשביל להגיע למקום הנכון הזה היא החינוך. העמדה הערכית שלנו היא חינוך חינם לכולם, לכולם, לכל האזרחים. ממקום פרגמטי, ממקום שרוצה בכל זאת לא רק להישאר עם סיסמה נכונה ובלי מימוש בפועל, אני עובר לאקט שהוא ברמה של עוד צעד בכיוון הנכון, והוא שלפחות האנשים שמתחת העוני ילמדו חינם באוניברסיטאות. דומני שאין רוב בינתיים. פנו אליי חברי כנסת שמאוד רוצים שהחוק יעבור וביקשו ממני להעביר את ההצבעה לשבוע הבא במטרה לגייס רוב. מכיוון שאני אכן רוצה להעביר את החוק הזה – לא רק לנאום מעל הבמה הזו, אלא להעביר את החוק, (אומר בערבית: חבר'ה, נמשיך את היוזמה יחד.) נמשיך ביחד לשכנע. בינתיים יש לנו 60 ח""כים. יש לנו שבוע שלם לשכנע חבר כנסת אחד. מקווה שנצליח ושבשבוע הבא נביא בשורה לסטודנטים. תודה רבה.",1
345726,"כבוד היושב-ראש, חברי הכנסת וחברות הכנסת – – –

כבוד היושב-ראש, חברי הכנסת וחברות הכנסת, במשרד החינוך, דרך בתי הספר, לימדו אותנו שהרצל וז'בוטינסקי ובן-גוריון הם גיבורים. בבית שלנו למדנו שהם גזענים. במשרד החינוך, דרך בית הספר – – –

כבוד היושב-ראש, חברי הכנסת וחברות הכנסת, במשרד החינוך, דרך בתי הספר, לימדו אותנו שבן-גוריון, ז'בוטינסקי והרצל הם גיבורים. בבית שלנו לימדו אותנו שהם גזענים.

במשרד החינוך, דרך בית הספר, לימדו אותנו על המשוררת רחל, על טשרניחובסקי, ומנעו מאיתנו ללמוד על המשוררים הלאומיים שלנו.

בבית שלנו למדנו על מחמוד דרוויש, סמיח אל-קאסם ותאופיק זיאד – – –

לא יעזור לכם. לא יעזור לכם. לפני כשבע שנים הכנסת אסרה את ציון יום הנכבה. מאז ועד עכשיו מספר המשתתפים הולך וגדל ויש בהם אלפי ילדים קטנים שצועדים עם דגל פלסטין. לא יעזור לכם. לפני שעה קלה הכנסת קיבלה הצעת חוק של ייהוד הגליל. זה קרה בשנות החמישים והשישים, נצרת עילית וכרמיאל. היום 10% מכרמיאל ערבים ו-33% מנצרת עילית, נוף הגליל, ערבים. לא יעזור לכם. אני רוצה להגיד לכם שאתם מתנהגים בדיוק כמו כל קולוניאליסט, כמו כל גנב – איך שהוא מתנהג. אתם מפחדים מהדגל, אתם מפחדים מציון יום הנכבה – –

– – אתם מכחישי נכבה, אתם מכחישי עם, אתם מכחישי דגל של עם. זה לא דגל אש""ף – –

– – זה דגן פלסטין. לכל עם יש דגל לאומי משלו. אתם גם לא יודעים היסטוריה, אתם גם לא יודעים ערבית, אתם גם לא יודעים היסטוריה ולא תרבות ערבית, להבדיל מאיתנו – –

– – שיודעים עברית, יודעים היסטוריה יהודית, יודעים. להבדיל מאיתנו. לכן, מבחינתכם, גם אין עם, גם אין דגל. זה דגל מלפני 800 שנה. (אומר דברים בשפה הערבית, להלן תרגומם: שאלי את החניתות הגבוהות על הוד מעלתנו ותוודאי מול הלבנים, האם נכשלה התקווה בנו? אנו עם, עם מוסר, שמסרב בכבוד להזיק תחילה למי שלא הזיק לנו. מעשינו לבנים וטובים אך המלחמות שלנו שחורות וקשות; ירוקים ומשגשגים המקומות שלנו, והחרבות שלנו אדומות.) זה עם עם תרבות מושרשת. מהיום והלאה תראו עוד הרבה והרבה והרבה דגלי פלסטין.

יש לך – – – אתה רוצה להגיד שאתה לא ערבי – – –",1
345793,"כבוד היושבת-ראש, עמיתיי חברי הכנסת וחברות הכנסת, אני שואל את עצמי למה אורבך התנפל על חבר הכנסת מאזן גנאים. אני חושב שאחרי שהוא התרגל לערבי לפי המידה, לפי המידה, פתאום יש ערבי שאומר לא, אז אורבך לא עיכל את המשתנה. אומרים בערבית: (אומר בערבית: מי שמורגל לרכוב עליך, כשהוא רואה אותך הוא מרגיש עייף.) הוא התרגל במשך שנה שלמה שיש את רע""מ, שבכל מה שרוצה הקואליציה מצביעים בעד. אפילו נגד איחוד משפחות פלסטיניות – עד כדי כך – מצביעים בעד. פעם ראשונה, אחרי שנה שלמה, יש אחד ברע""מ שאומר לא. אז אורבך לא עיכל את הדבר המשתנה. זו לא שותפות, זה ניצול. זה ניצול. אני חושב על בנט, למשל – הוא לא ביקר ביישוב ערבי אחד. לא לקח את מנסור עבאס יחד איתו ליישוב ערבי אחד. לא ישב עם אימא שכולה ערבייה. הוא הסתכל במשקפת לעבר רהט – לא מעבר. אפילו לפני שלושה ימים שלח איגרת לרוב הציוני. הוא לא רואה את הערבים שבקואליציה מסנטימטר אחד. איגרת לרוב הציוני. אין ערבים, אלא אם הוא חושב שהערבים בקואליציה הם גם ציונים. וגם שם הוא פונה אל הציבור הציוני והוא אומר לו: יש שתי דרכים – הדרך של מנסור עבאס, שצריך לחזק אותה, כי הוא מאמין במדינת הלאום היהודית, והדרך של איימן עודה, שצריך להחליש אותה, ועוד מוסיף שזה אינטרס ישראלי עליון לחזק את הזרם ההוא ולהחליש את הזרם השני. הציבור שלנו, יש לו עמוד שדרה. הציבור שלנו עוד יעמוד מול הממשלה האומללה הזאת. עוד נפיל אותה בכבוד ובראש מורם. תודה.",1
345885,"כבוד היושב-ראש, עמיתיי חברי הכנסת וחברות הכנסת – הפלאחים, האיכרים, הפלסטינים משתמשים בפתגם שאומר: (אומר בערבית ומתרגם:) תן בלע מגל. תן בלע מגל. הוא לא יודע מה לעשות עם המגל הזה, שפוגע בו בפנים, בתוך הגוף שלו. זה בדיוק מה שקרה עם מדינת ישראל אחרי שכבשה את העם הפלסטיני בשנת 67'. תן בלע מגל. וזה מה שאנחנו רואים אחרי 55 שנים לכיבוש של שנת 67'. אני אומר לכם שהסוגיה הפלסטינית היא זו שבעיקר מונעת יציבות בתוך מדינת ישראל, אם זה בדמוקרטיה, אם זה בחוסר הצדק החברתי, אם זה הפגיעה הישירה, כמו שאנחנו רואים עכשיו, גם ביום הזה. תמיד חשבתי לעצמי שבפני מדינת ישראל יש שתי אופציות, אפשרויות. אחת היא להיות מדינה קולוניאליסטית, ואחרת – להיות מדינה טבעית. מדינה טבעית, כלומר, מדינה שמקדמת שלום, בעיקר עם העם הפלסטיני, אחר כך עם השכנים – עם האזרחים הערבים הפלסטינים. להכיר בנכבה, בעוול ההיסטורי. שתהיה מדינה דמוקרטית לכולם, ולא מדינה שמקדמת עליונות לעם על חשבון עם אחר. יש את האופק הזה, להיות מדינה טבעית, עם שלום, לא כובשת, לא מפלה לרעה, ויש את האפשרות השנייה: להיות מדינה קולוניאליסטית. בכל פעם קברניטי המדינה מחליטים שהמדינה תהיה קולוניאליסטית. חוק הלאום, למשל, אומר שיש עם יותר חשוב מעם אחר. מה, זו מדינה טבעית? מדינה שכובשת עם אחר לתקופה של 55 שנים, יותר מהתקופה שהייתה בה לפני כיבוש העם האחר בשנת 67'. במובן ההיסטורי גם שנת 48' היא כיבוש. כן, כן, כן. אבל בפשרה ההיסטורית, שאנחנו מקבלים אותה, מקבלים הקמת מדינה לצד מדינה, ושיהיה שלום. זהו לא הצדק כולו, אבל יש בו את המרכיבים העיקריים – שני העמים יכולים לחיות פה.

אני מסכם ואומר לך שתקנות שעת חירום משנת 48' עד עכשיו זה כיוון קולוניאליסטי ולא טבעי. תודה.

אז הוא המציא שני עמים – – –

אבל תגיד לי משהו, תענה על השאלה. מי המציא את העם הירדני?

רק הפלסטינים צריכים את השמאל הישראלי שימציא אותם.

אה, אז רק אתם עם, רק אתם עם.

איך אתם בונים לעצמכם דמיון.

לא רוצים שיעבוד בשביל – – –",1
346076,"נעמה, קחי עד הסוף, יש לך רוב.",1
346143,"– – – זה מה שאתם רוצים. אתם רוצים ערבי מחמד. אתם רוצים ערבי מחמד.

אתה רוצה ערבי מחמד, ערבי בלי עמוד שדרה.",1
346208,"כבוד היושב-ראש, כבוד סגן השר, בתאריך 12 בינואר 2022 עומר עבד אל-מג'יד אסעד בן ה-80 – כבוד סגן השר – מכפר ג'לג'וליה נפטר כתוצאה ממכות של חיילים לאחר שעוכב ללא סיבה. רצוני לשאול: 1. מדוע עומר עוכב ומדוע הוכה? 2. האם הוענק לעומר טיפול רפואי? אם לא – מדוע? 3. מה ההנחיות לעיכוב והכאת קשישים? 4. האם החיילים המעורבים נשפטו? אם לא – מדוע? 5. האם הנושא תוחקר? אם כן – מה התוצאות? תודה רבה.",1
346217,"כבוד היושב-ראש, כבוד השר, פנינו אליך כמה פעמים בקשר לבניין המפלצת בטירה שבמשולש, אני, ראש העיר מאמון עבד אלחי וממלא המקום סאמח עיראקי. הבטחת לנו לעשות את הכול בשביל להרוס את הבניין, המפלצת ממש, שם בטירה, שנבנה לפני 40 שנה. הוא ממש מהווה מפגע סביבתי שם, פוגע בהתפתחות העיר. אנא ממך, לעשות את הכול בשביל להרוס את הבניין הזה, בשביל שהעירייה תשתמש באדמה לצורכי ציבור באמת.",1
346349,"כבוד היושב-ראש, עמיתיי חברי הכנסת וחברות הכנסת, סגן השר מתן כהנא חולם כמו אחרים, לצערי, על כפתור שיעלים את הפלסטינים ואת הערבים בכלל. אני מניח שבעוד כמה ימים יגיע מתן כהנא לראש הממשלה נפתלי בנט ויעשה לו סימן כזה. נפתלי בנט יגיד לו: מה, ניצחנו? יגיד לו: לא, נשארנו רק שניים. אני רוצה להגיד לו, הוא והשני – אנחנו, האוכלוסייה הערבית, עברנו אנשים קצת יותר רציניים מהם, משניהם ביחד, והסיתו נגדנו, וניסו גם להמשיך את גירוש האוכלוסייה הערבית; נשארנו איתנים במולדת שלנו, שאין לנו מולדת אחרת מלבדה. מתן כהנא וכל הגזענים יעופו לכל הרוחות, ואנחנו, ערבים ויהודים שוחרי שלום וחיים משותפים שמחפשים צדק, עוד נישאר במולדת שלנו. יישארו מלח הארץ במולדת שלהם. תודה רבה.",1
346550,"כבוד היושב-ראש, חבריי חברי הכנסת וחברות הכנסת – – –

כבוד היושב-ראש, עמיתיי חברי הכנסת, חברות הכנסת, זהו חוק חברתי למהדרין, חוק שייטיב עם השכבות המוחלשות ביותר. אבל זו ממשלה שמיטיבה עם מי? עם פנסיות לקצינים, קצינים שמקבלים לפחות 60,000 שקל בחודש. זו ממשלה שמעבירה כן כסף להתנחלויות, כן למה שנקרא ""ביטחון"", אבל לשכבות מוחלשות – לא. אנחנו מבחינתנו – תקשיבו טוב. האוכלוסייה הערבית, שמהווה 18% מהאוכלוסייה, מהווה 19% מהסטודנטים במדינה. מבחינתנו הלימודים זה גם חינוך, גם פרנסה בטוחה לעתיד, גם נשק לבני מיעוטים – נשק במובן הטוב, התרבותי, נשק במובן הדמוקרטי, נשק במובן של איך להשפיע לטובה במרחב הכללי. אנחנו מתכוונים לקדם וליישם את החוק הכל-כך חשוב הזה, שנותן פטור בשכר לימוד לבני משפחות מתחת לקו העוני. בקרב האוכלוסייה הערבית, למשל, לצערי הרב 56% מהמשפחות הערביות חיות מתחת לקו העוני, כלומר, החוק הזה ייטיב עם יותר מ-50% מהסטודנטים הערבים ו-20% מהסטודנטים בכלל במדינה. אני קורא לחברי הכנסת ולחברות הכנסת להצביע בעד החוק החשוב הזה. תודה רבה.",1
346692,"מאיר כהן, הוא אומר שאתה יצאת מהג'ונגל – – – אל תקבל את זה. אל תקבל.",1
347003,"ערבים, דרוזים, בדואים – כולם ערבים.",1
347547,"כבוד היושב-ראש, חברי וחברות הכנסת, כמה צביעות, כמה שקר גס שמעתי היום. הכנסת מציינת בכ""ט בנובמבר את יום הסכם החלוקה. אני קורא לכם: בואו ניישם את ההסכם. כולכם תסתכלו עלי ותגידו: אבל אתם לא קיבלתם את ההסכם בשנת 47'.

אני חלק ממפלגה שדווקא קיבלה את ההסכם בשנת 47' – הליגה לשחרור לאומי. תאופיק טובי, אמיל חביבי היו ואני עודני באותה עמדה מאז 47' עד עצם היום הזה. אני בעד הסכם החלוקה. אז בואו ניישם אותו. מי שמציין אותו היום לא מוכן כלל וכלל ליישם אותו. אתם יודעים מה? אני אגיש הצעת חוק אחרת – לא הסכם החלוקה אלא גבולות 67', ובואו נראה איך הכנסת תתנהג.

אז האנשים שמציינים את היום הזה ותוקפים את האוכלוסייה הערבית ואת העם הערבי הם הסרבנים. הם הסרבנים. יותר מזה – מי שדיבר על הסכם החלוקה – דווקא אנשים שלא קיבלו אותו גם בשנת 47'. אני מדבר על המשך דרכן של האצ""ל והלח""י. הרי אתם לא קיבלתם את הסכם החלוקה גם בשנת 47'. אתם מדברים ותוקפים את הערבים שלא קיבלו ואתם בעצמכם לא קיבלתם? לא רק זה, אלא שמשנות השישים והלאה יש כל מיני החלטות של האו""ם, כמו 242, 337, שאתם לא מקבלים אותן. אני מקבל אותן. ההנהגה הפלסטינית מקבלת אותן. אש""ף מקבל את ההחלטות האלה. אבל אחרי הסכם החלוקה האו""ם הפך להיות ""שמום"", והעיקר לא מה שהגויים אומרים אלא מה שהיהודים עושים, וזהו. מפנים עורף. ופה הם המוסריים והשאר הם לא מוסריים.

הסכם החלוקה דיבר על שוויון מלא בין האזרחים הערבים ליהודים - -

- - בתוך  מדינת ישראל - -

- - שוויון מלא הן ברמה האזרחית הן ברמה הלאומית. אני מצביע בעד הסכם החלוקה. חוק הלאום שאתם העברתם הוא האנטיתזה להסכם החלוקה, ועוד הצבועים מדברים. הכיבוש הרג היום, היום, ארבעה פלסטינים. היום, אבל אתם אפילו לא שומעים עליהם, לא יודעים את השמות, לא יודעים את הסיפורים - -

- - לא מעניין אתכם, כי הם ערבים.

היום הרג ארבעה אנשים, והכיבוש הזה הוא שורש הרע.

הוא זה שהביא את הפשיזציה לתוך מדינת ישראל. מאיפה בא סמוטריץ'? מההתנחלויות; מאיפה בן גביר? מההתנחלויות. הכיבוש הוא החממה.

פשיזציה בתוך מדינת ישראל. לכן נמשיך להיאבק למען סיום הכיבוש, מדינה לצד מדינה, שיהיה שלום שייטיב עם כולנו, ערבים ויהודים. תודה רבה.",1
347853,"כבוד היושב-ראש, עמיתיי חברי הכנסת וחברות הכנסת, הימים האחרונים מעידים על כמה דברים מסוכנים. הפחות מסוכן מהם זה חוסר אמון טוטאלי בראש הממשלה המיועד. כולם יודעים שהוא שקרן; כולם יודעים שאי-אפשר להאמין לו; כולם רוצים הסכמים, וגם חוקים, לפני שמקימים את הממשלה. במצב אחר היו מסתפקים בהסכם קואליציוני, והוא היה אמור לממש אותו – אבל לא מאמינים לו. הדבר השני הוא חוסר הממלכתיות בצורה טוטאלית. טוטאלית. כלומר בונים הרכב לפי הממשלה הבאה; משנים חוקים לפי הממשלה הבאה; משנים חוקים לפי הפחד ממין מרד נגד נתניהו בליכוד, וכל מיני דברים אחרים. אז משנים חוקים לפי הממשלה הבאה, לפי המצב הקיים. הדבר השלישי, והחמור מכולם, הוא שהפשיזם בשלטון. הפשיזם בשלטון. אדוני היושב-ראש, יש קו שמחבר בין המשך הכיבוש, 55 שנים, לבין הפשיזם בשלטון. הרי גם בן גביר וגם סמוטריץ' מאיפה הם הגיעו? מקרב המתנחלים. יש קו שמחבר. מי שחושב שזה טבעי, שמדינת ישראל תכבוש עם אחר, ואפשר להיות גם מדינה דמוקרטית – יש אנשים פה שחושבים כך. לפחות מאה ח""כים פה למש חושבים כך. שכן, זה אפשרי. אותם מאה ח""כים חושבים שכן, כן: המדינה הזאת יכולה להיות שייכת לעם אחד בזמן שיש פה שני עמים, כך הם מאמינים, והם מאמינים שהם דמוקרטים. לא חשוב שיש פה 20% מהאזרחים שהם ילידים, בני המקום הזה. לא באו למדינה. המדינה באה אליהם ועליהם, אבל הם דמוקרטים. מהסיטואציה הזו נולד הפשיזם החדש, שמממש אותו או על צורתו של בן גביר וסמוטריץ' והציונות הדתית. לכן אני חושב, מהמשבר העמוק הזה יש הזדמנות. יש הזדמנות ליהודים הדמוקרטים והערבים הדמוקרטים, לאחד כוחות, ולהגיד: מה שהיה בשנה האחרונה, לטפל במרחב הדמוקרטי, בית המשפט, המשטרה, הפרקליטות - -

- - ולא המהות הדמוקרטית. המשך הכיבוש, המשך האפליה, חוסר הצדק החברתי. זה הזמן לאחד את כל הדברים ביחד. להיאבק למען כל הדברים ביחד. תודה.",1
347955,"כבוד היושב-ראש, עמיתיי חברי הכנסת וחברות הכנסת, חנוכה שמח. חג שמח לכולכם, ונדליק אורות שיביאו אור לכל העולם. כשאני אומר ""כל העולם"" – כלומר, היהודים, הפלסטינים, העולם כולו. שיהיה שלום שייטיב עם כולנו, מדינה לצד מדינה, מימוש זכויות לאומיות לשני העמים ולא רק לעם אחד, שוויון מלא בארץ בין ערבים ויהודים הן ברמה האזרחית, הן ברמה הלאומית. מי ייתן ויהיו שלום ושוויון ודמוקרטיה שייטיבו עם כולנו. אנחנו האזרחים הערבים יחד עם יהודים דמוקרטים נעשה את הכול בשביל להביא את היום הזה. חג חנוכה שמח לכולכם. חברות וחברים, מה שקורה לפני הרכבת הממשלה מעיד על כמה דברים. הדבר הפחות-חשוב מביניהם זה שאין אמון בבנימין נתניהו. אין אמון. תופסים אותו כבן אדם שקרן, כמו שאמר סמוטריץ'. אבל לא, לא, אני לא אוהב את המילה ""בן של"", לא אוהב, אבל מה שהוא אמר עליו – ופשוט מאוד לא מאמינים לו, אחרת היו חותמים על הסכם קואליציוני, ויודעים שאחרי חודש-חודשיים מממשים את ההסכם. אבל לא מאמינים לבן אדם, ובצדק. הדבר היותר-חשוב זה חוסר הממלכתיות הטוטלית. אין ממלכתיות. פשוט מאוד כל פעם יש ממשלה חדשה, אז משנים חוקים בשביל להתאים את הממשלה הבאה. אין ממלכתיות. מוכנים לשנות לא רק חוקים אלא גם חוקי-היסוד. לא חשוב, הכול נזיל, העיקר לשרת עכשיו – לא אסטרטגית, אלא עכשיו – את הטובה של הקבוצה הזו על חשבון הכלל. הדבר השלישי, והוא יותר חשוב משני הדברים שדיברתי עליהם, זה מה שקרה עם המשטרים האפלים ביותר בהיסטוריה האנושית, שנבחרים בדרך דמוקרטית, אבל ישר אחרי הבחירות מתחילים לשנות חוקים עם אוריינטציה פשיסטית לחלוטין. לחלוטין. מדובר על השתלטות הציונות הדתית על אזורי הגדה המערבית, על העם הפלסטיני, ירושלים המזרחית, ואיתמר בן גביר – שמאמין בתורת הגזע, בתורתו של הטרוריסט מאיר כהנא, שתולה בסלון ביתו את תמונתו של גולדשטיין, זה שרצח 29 מתפללים פלסטינים בחברון – הוא זה שימונה להיות השר לביטחון פנים. הדבר הבסיסי ביותר, האלמנטרי, למיגור פשיעה על ידי המשטרה זה בניית אמון בין הנפגעים לבין המשטרה. במידה שנעשה סקר דעת קהל בקרב האוכלוסייה הערבית, הנפגעת העיקרית מהאלימות והפשיעה, ונשאל אותם: האם יש לכם אמון במשטרה בכלל ובמשטרה בהנהגת בן גביר בפרט? כולכם יודעים את התשובה. אז למה בוחרים בו להיות השר לביטחון פנים? למה מסכימים? כי האוכלוסייה הערבית, מבחינת הממשלה הזו, היא בדיוק מה ששאל דני קושמרו את השר לביטחון פנים עמר בר לב, שאמר לו: כשנפגשתי עם קצינים בדימוס, קצינים של המשטרה בדימוס, הם אמרו לי: כששמענו את השמות של הנהרגים, מוחמד מחמוד, אמרנו שיהרגו אחד את השני. כך מתייחסים אל האוכלוסייה הערבית, וכך התייחס הטרוריסט המורשע בן גביר. אנחנו חסמנו עורקים ראשיים, השבתנו, דיברנו - -

- - מדם ליבנו מעל במה זו, היינו גם באו""ם ונפגשנו עם מזכ""ל האו""ם. אנחנו נמשיך להיאבק ביתר שאת למען חיים בטוחים ודמוקרטיים בחברה שלנו. תודה רבה.",1
348002,"כבוד היושב-ראש, עמיתי חברי הכנסת וחברות הכנסת, במאבק נגד הפשיזם בספרד זו הייתה דולורס איברורי שטבעה את המונח: הפשיזם לא יעבור. שם הפשיזם עבר. פה, במדינת ישראל, הפשיזם יגבר בשלטון. שמעתי שנתניהו הוא הסמן השמאלי של הממשלה הנוכחית – דבר שאני לא מאמין בו אבל זה אומר הרבה. ממשלה שמי ששולט בה – שולט לחלוטין ובלעדיו אין ממשלה – מאמין בתורת גזע. מאמין שכן, צריך לתפוס עם אחר. כן, צריך להפלות לרעה את הילידים בני המקום, שלא באו למדינה, המדינה באה אליהם ועליהם. כן, צריך. הוא בעד עליונות יהודית. אבל לא רק זה, יש גם מנטליות ותרבות של פשיזם, כלומר שמצדיקים כול דבר. פגעת בפלסטיני? לא נורא. הרגת אותו? לא חשוב. פעם היה משהו שלכאורה – צריך להגיד, לא מקבל, לא נכון, אנחנו נגד, זה לא הרעיון שלנו אבל קורה בפרקטיקה, טעות פה, טעות שם. עכשיו לא, זה אחרת לגמרי: יש הצדקה. כן, אפשר לעשות את זה. לא חשוב. הם פחות מבני אדם. מי הם מול העם הנבחר? מי הם בכלל מולנו אנחנו? זוהי רוח התקופה של הממשלה הזאת, אבל לא נתייאש. הבמה העיקרית היא לא זו, לא הכנסת. הבמה העיקרית היא הרחובות. צריך לצאת לרחובות, ערבים ויהודים ביחד, אנשים דמוקרטיים; להיאבק נגד הממשלה הזאת בכל שבוע, כן, על הגשרים. אני מברך. פעם בחודש, בכיכר רבין, מאות אלפי אנשים, יהודים וערבים. זו הדרך הנכונה. גם בעולם צריכים לראות את זה; גם השופטים, שהתחילו לפחד – זה חלק מפשיזם. כשהשופט מפחד זה חלק מפשיזם – להגיד להם שיש מחנה שלם שעומד לטובת הצדק. תקבלו החלטה נכונה באומץ. לכן, צו השעה זה לצאת לרחובות. תודה רבה.",1
348087,"כבוד היושב-ראש, עמיתיי חברי הכנסת וחברות הכנסת, הקשבתי בקשב רב לחברתי אימאן יאסין שקראה את השמות של האנשים שנהרגו. לכל אחד מהם יש שם, יש משפחה. עולם ומלואו. שרים גזעניים האשימו את התרבות שלנו, אבל לא טרחו לשאול שאלות אלמנטריות ביותר. למשל, למה אחוז ההרוגים הערבים בחברה הישראלית מאז 1948 עד שנת 2000 היה 4.9%, ומשנת 2000 עד עכשיו עלה ל-67%. האם התרבות השתנתה? לא שאלו את עצמם למה ההרוגים בקרב הערבים משנת 1980 עד שנת 2000 היה 81 הרוגים, ומשנת 2000 עד היום – 1,770 הרוגים. לא טרחו לשאול את עצמם למה הפלסטינים בגדה המערבית, אחוז הרצח הפנימי בקרבם זה עשרה לכל מיליון אנשים, בעזה – עשרה לכל מיליון אנשים. בתוך מדינת ישראל, לכל מיליון אנשים נהרגים 85%. לא טרחו לשאול את עצמם את השאלות הבסיסיות ביותר לגבי הטענה הגזענית – תרבות. אותו עם, אותה תרבות, אותם אנשים שהיו פה בשנות השמונים, התשעים, בשנות השבעים. למה אחוז הפשיעה עלה בצורה הזו בשנים האחרונות. התשובה הקרדינלית היא הנשק הבלתי-מורשה. לפני שנת 2000 אף אחד מהאזרחים הערבים לא העז לשאת נשק. היום – נשק מגיע מהצבא. מדינת ישראל הביטחונית, מהצבא שלה, מגיעים מאות אלפי כלי נשק לידי האוכלוסייה הערבית. ואנחנו צועקים מתחת לכל עץ רענן: אנחנו רוצים לחיות בחברה ללא נשק. לא רוצים נשק. אין תועלת, אין שום דבר טוב בנשק הזה. אין. האם אני רוצה את הנשק הזה נגד ערבים? לא; נגד יהודים? לא; לסיבות פליליות? לא; לסיבות ביטחוניות? לא. אין שום דבר טוב בנשק הזה. אנחנו רוצים לחיות בחברה ללא נשק. עם אפס נשק. אז תגידו לי בבקשה, מי צריך לטפל בזה? האם האזרחים בעצמם? אזרחים ביישוב מסוים חוששים שבבית בתוך הארון יש כלי נשק, אז הם צריכים להיכנס לבית בעל כורחם של תושבי הבית, להיכנס ולהוציא את הנשק? אזרחים בעצמם - -

- - אז לא יישארו מהם אנשים. לא – אני רוצה להראות לך. אתה יודע מה זה גזענות? כשערבי הורג או רוצח יהודי, תמיד מוצאים אותו ולא שואלים שאלות כאלה. תמיד מצליחים למצוא את האשם. תמיד. במאה אחוז מהמקרים. שם אין שאלות. תתלוננו, שיתפתם פעולה, לא שיתפתם. אין שאלות. מצליחים. תגיד לי בבקשה: במידה והנשק הזה היה מופנה נגד ביטחון המדינה, האם זה צלח לערבי אחד מאז 48' עד עכשיו? אם התשובה היא לא, אז יש רשלנות כשהנפגעים הם ערבים. וזה הדבר העיקרי. תענה, תענה בבקשה.

על חשבוני. על חשבוני. תענה בבקשה.

מה זה באמת? היא קראה את השמות של ממשלת השינוי. מה זה באמת? מה, יש ירידה ברצח? אין, אפס.

כשערבי הרג יהודי מסיבה פלילית לא ביטחונית – למה כל הערבים שהרגו יהודים מסיבות פליליות ולא ביטחוניות, המשטרה מצאה את האשם. למה?

זו שאלה רטורית והתשובה ידועה. תודה רבה.",1
348125,"כבוד היושב-ראש, איך יודעים שאנחנו חיים במדינה יהודית? כשבחג המולד באים ועובדים כרגיל. אם בחג המולד בארץ המולד באים ועובדים כרגיל, כלומר אנחנו חיים במדינת היהודים. עומדת בפנינו הממשלה הקיצונית והמסוכנת ביותר. איך אפשר להתגבר עליה ולנצח אותה?

בשותפות יהודית-ערבית אמיתית. אמיתית. אבל יש בעיה בחלקים גדולים של מה שנקרא מרכז-שמאל. למשל, באתר התנועה הקיבוצית, ואני קורא מהאתר עצמו, יש ידיעה על ישיבה שהתקיימה במשגב, ושם הלבנים, יפי הבלורית, יפי הנפש - -

- - יפי התואר, מדברים כך שעם הממשלה הזו נוצרה הזדמנות לייהד את הגליל.

כן, התנועה הקיבוצית. אחד מהם אמר כך: אני מציג בפני הנוכחים את ההתפתחות הקשה בגליל ב-20 השנים האחרונות על שינוי המאזן הדמוגרפי – כלומר שיש יותר ערבים, פחות יהודים. הם לא השתנו. זה הדנ""א שלהם, במיוחד משנת 1948 והלאה. זה הדנ""א שלהם. יש מי שקראו ""מוות לערבים"", יש מי שעשו מוות לערבים, האנשים הללו. היום התקיימה ישיבה של ראשי האופוזיציה. את מי לא הזמינו? אותי. לא הזמינו.

למה? כי לא נעים להם. הם רוצים ערבים שמקבלים על עצמם להיות נתינים במדינה של אחרים, ואיפה – במולדת שלנו, שאין לנו מולדת אחרת מלבדה. זהו הדנ""א של הרעיון. כבוד היושב-ראש, בשנת 1901 הרצל נפגש עם הסולטאן עבד אל-חמיד, ואמר לו: מצבך הכלכלי קשה, קח כסף, ושתקום מדינה יהודית בפלשתינה. הסולטאן אל-חמיד סירב. הצהרת בלפור, 104 מילים: בית לאומי ליהודים וזכויות אזרחיות וכלכליות לקבוצות הלא-יהודיות – זה אנחנו, שהיינו 93% בשנת 1916. קראתי את הספר של נתניהו, שהוא הוציא לפני חודש. מה כתוב שם? שהכי הרבה מחאו לו כפיים בקונגרס כשאמר שבשביל השלום צריך רק שלוש מילים, שאבו מאזן יעמוד ויגיד: אני מכיר במדינת היהודים. אתה יודע שמדינת ישראל לא ביקשה את זה מסאדאת ולא ממלך חוסיין בשנת 1994–1995, ולא מהאמירויות ולא מבחריין ולא מסודן ולא ממרוקו בשנתיים האחרונות, רק מהפלסטינים. אתה יודע למה? כי הם רוצים שקורבן הפרויקט שלהם יכיר בלגיטימציה של הפרויקט הזה. לכן הזמינו אחד שאמר: אני מקבל שמדינת ישראל נולדה יהודית ותישאר יהודית. אבל אחד כמוני, שהוא בן המקום, רוצה שנחיה בשוויון מלא, הן ברמה האזרחית והן ברמה הלאומית, במדינה דמוקרטית של כולנו – אני לא לגיטימי. לכן לא הזמינו אותי. האם כך אפשר באמת לנצח את הממשלה הפשיסטית הזו? לא. זו לא הדרך. הדרך הנכונה היא לבנות ברית של ערבים ויהודים ביחד, שנאבקים למען שלום ושוויון אמת, וכך עם הזמן ננצח את כל הגזענות. תודה רבה.

כבוד היושב-ראש, גלעד קריב, חבר הכנסת, אני מכיר בזכות שני העמים להגדרה עצמית.

אל תשתתפו בישיבה הבאה, אם אני לא אשתתף.",1
348213,"כבוד היושב-ראש, כבוד השר, הכיסאות הריקים, המכובדים, מה השעה עכשיו? 23:10 כמעט. כבוד היושב-ראש אייכלר, רציתי להגיד שאני לא מסכים עם חבר הכנסת סובה לגבי החרדים והחינוך החרדי. אני חושב שכל בן אדם באמונתו יחיה, וצריך לכבד את המאפיינים של כל קבוצה וקבוצה, וצריך לראות ברב-תרבותיות עושר; דבר שמוסיף לחברה כולה. אני חושב שדווקא אנשים בטוחים בעצמם, בטוחים בתרבות שלהם, בהיסטוריה, בשפה – מבחינתם, תרבות או שפה הן דבר שמעשיר, שמוסיף. רק אנשים שאין להם ביטחון עצמי מחפשים איך לפגוע בתרבות האחרת. רציתי לשאול אותך לגבי בתי הספר שנקראים פטור, של החרדים; שלפי הבנתי, בשנות התשעים הגיעו להסכם. החינוך העצמאי של יהדות התורה ומעיין החינוך של ש""ס הגיעו להסכם, דרך חוקים. אז למה כל פעם צצה בעיה של תקציבים מחדש? בגלל כל מיני תוכניות חדשות, כמו בשנה עברה – תוכנית גפן, למשל; על זה מדובר.

הבנתי. הבנתי. הבנתי. טוב, אז עמדתנו בסיעת חד""ש-תע""ל היא בעד הזכויות הללו, כי הן זכויות בסיסיות לתלמידים. מה גם שדווקא המוכש""ר ברוב המקרים, למשל בקרב הערבים, הן בקרב בתי ספר כנסייתיים או מוסלמיים – מי שהביא את האדמה ותרם אותה זה הווקף, לא המדינה. כלומר, במובן הזה המדינה חייבת. מי שבנה את המבנה עצמו זה אנשי הווקף, על חשבונם. אז פה גם המדינה חייבת. מי שמשלם תשלומים חודשיים זה ההורים. למשל, אצלנו בחיפה יש כל מיני בתי ספר שהם מה שנקרא מוכש""ר – מוכר לא רשמי. אם מחליטים לסגור את בתי הספר הללו, מערכת החינוך יחד עם עיריית חיפה לא ידעו מה יעשו עם התלמידים. המדינה חייבת למקומות הללו. עכשיו, בשנים האחרונות יש התקדמות – לפעמים ממשית, לפעמים קונקרטית – בבתי הספר הרשמיים. רואים יותר בתי ספר חדשים. הכסף שמקבלים המורים בבתי ספר רשמיים הוא יותר מהשכר שמקבלים מורים במוכר לא רשמי. לכן התביעות הללו הן תביעות צודקות בהחלט, שוויוניות. אני נגד ההסכם הקואליציוני שלכם. אני נגד שתוקם מהממשלה הזו. בכל זאת, ממקום פרגמטי, במידה שזה קורה, על אפי ועל חמתי, אני הבנתי מחבר הכנסת גפני שזה קיים בהסכמים הקואליציוניים - - -

כן. וזה אמור להשליך גם על בתי הספר הכנסייתיים ובתי הספר המוסלמיים, מה שנקרא מוכש""ר. אני רוצה להוסיף עוד משהו. יש טענה או הפנמה בקרב קבוצות שכאילו מי שמגיע לבתי הספר הללו הם מעמד הביניים ומעלה. אבל במקרה שלנו זה לא נכון כלל וכלל. בקרב החרדים זה ברור שזה לא נכון.

בקרב הערבים – למשל, אני למדתי בבית ספר יסודי יוחנן הקדוש בחיפה, בלב השכונה הוותיקה ביותר, ואדי ניסנאס. התלמידים היו משכבות עוני. אבל היתרון של בתי הספר הללו הוא שהם הביאו אנשים מוחלשים ועשו מהם הייטקיסטים, רופאים. כלומר, מבחינת המדינה, בראייה אובייקטיבית – היא צריכה לראות בהם מנוע כלכלי אדיר. מנוע כלכלי אדיר. שאתה בא למקום מוחלש ועושה מהקבוצות הללו אנשים שמצליחים בחברה – מרוויחים וגם משלמים מיסים. לכן אני חושב שמכל הבחינות אכן צריך לתמוך בבתי הספר הללו. ואם הסעיף הזה יהיה בהסכם הקואליציוני, זה אולי יהיה אחד מהדברים הטובים הבודדים ביותר בהסכמים הקואליציוניים הרעים – הרעים ברמה ההיסטורית. אם כבר דיברתי על הרוע, חשוב לי שכולנו נחשוב איך ננצח את הממשלה הזו. ואני רוצה להגיד לשר מאיר כהן, אם אנחנו נישאר פה בכנסת וכל הזמן ננאם, נצביע 64 מול 56, אנחנו לא נעשה את השינוי העמוק והאמיתי. אנחנו צריכים לצאת לרחובות. לצאת לרחובות מדי שבוע, להחליט, למשל, שפעם בשלושה חודשים נעשה הפגנה של חצי מיליון לפחות, בכיכר רבין, למשל. אני חושב שזה חשוב בכמה רמות, בין היתר לגבי בית המשפט. בסופו של דבר, השופט חי בקרב עמו, ואם הוא ירגיש שמשתלחים בבית המשפט, נגד השופטים, ושאין מי שמגן, אין מי שעומד בצד האחר – בסופו של דבר, גם שופט הוא בן אדם והוא חי בקרב עמו. זה מה שרוצה נתניהו. נתניהו רוצה בדיוק מה שקרה בסרט הסנדק – The Godfather – ראית את הסרט הזה?

מה, אתה לא חי בחיים? ברחוב? אלה דברים שקורים בחיים. אז שם ב-The Godfather, בסנדק, בסוף כולם באו ונישקו את ידו של ראש המאפיה. כולם באו.

לא, לא. אתם העגלה המלאה. מה אנחנו – אנחנו העגלה הריקה.

אבל ספורט – הבנתי למה סרטים, אבל למה לא ספורט? מה, לא ראית את המונדיאל?

מה קרה לך, זה היה משהו מעולה.

אני רוצה להגיד לך שכדאי לצפות במונדיאל. תגיד לי, למה זה אסור מבחינה דתית? הציבור רוצה להבין מה הבעיה. מה הבעיה לראות משחק בין מרוקו לבין צרפת, למשל?

בקטאר או בכל מקום אחר בעולם, מה הבעיה?

לא, זה ספורט. כלומר, הכדור זה כלי. זה בעיקר הספורט והתחרות.

אבל מה הבעיה עם כדורגל? אני באמת לא מבין. אני חושב שגם הציבור לא מבין. מה הבעיה עם כדורגל? באמת חשוב לי להבין. זה לא משהו נגדך. אני מבקש מהשכן שלי בכנסת, אייכלר, שיסביר לי.

לא, זה דווקא מפרק הרבה עצבים. זה דווקא טוב – במקום אלימות, במקום פשיעה.

זה רק פן אחד, והפן הקטן, של הכדורגל. בכל מקרה, אני חושב שצו השעה זה לצאת לרחובות, כל האזרחים הדמוקרטים, נגד הממשלה הפשיסטית שמתגבשת. אני רוצה להגיד לכבוד השר מאיר כהן, אתמול ישבו ראשי האופוזיציה מכל סיעות האופוזיציה – חברך, ראש הממשלה יאיר לפיד, לא הזמין אותי, ואני חשבתי למה? אולי מבחינתו זה טוב להיות במרכז, כלומר, לא זה ולא זה, ולעשות השוואה ביני לבין פשיסטים, ולהגיד זה לא לגיטימי וזה לא לגיטימי. אני חושב שחוץ מהבורות בגישה הזו, אני חושב שהוא פוגע בעצמו; הוא פוגע באפשרות להחליף את הממשלה הזאת. כי בלי האוכלוסייה הערבית, או חלק גדול מהאוכלוסייה הערבית, פשוט אי-אפשר. ניסו את זה במשך הרבה שנים. אחרי רצח רבין, במקום ללמוד שרק עם הערבים אפשר, ברחו מזה. אני זוכר, למשל, כשברק ניצח בבחירות, המשפט הראשון שהוא אמר: קיבלתי רוב יהודי. הוא קיבל 57%, והוא אמר שהוא קיבל 51% מהיהודים. הוא שואב את הלגיטימציה שלו מרוב יהודי, לא מרוב אזרחי. אנחנו לא לגיטימיים. אני חושב שכל הניסיון הזה הביא הצלחה אדירה לימין ולבנימין נתניהו, שהבין את זה הכי טוב והביא הפסד כל הזמן דווקא למה שנקרא מרכז-שמאל.

כן, אני אגיד לך. גם אתה – אנחנו הצבענו אותו הדבר. גם אתה, אותה הצבעה. אני רוצה להגיד לך משהו, כבוד השר מאיר כהן. דווקא אתה – כי אני מכיר אותך אישית – דווקא אתה, אל תיכנס לזה ותגיד שהיא ממשלה טובה; כי היא יכולה להיות טובה לסוג של מעמד ביניים שמחפש את בית המשפט, המשטרה, הפרקליטות, היועץ המשפטי. אבל מבחינתו, העם הפלסטיני למשל, שהממשלה שלך הרגה יותר אנשים ממנו מכל ממשלה בעשור האחרון; מבחינתך זה פחות חשוב – מבחינתי, זה הדבר העמוק ביותר אצלי. העמוק ביותר אצלי. מספר ההרוגים הערבים בצל הפשיעה הוא המספר הגבוה ביותר אי-פעם בשנה הזאת. זה דבר הכי עמוק אצלי. אז אם אתה חושב שהמשוואה היא – שים את הסוגיות הגדולות מבחינתי בצד ובואו נשמור על בית המשפט, וזה העיקר? אתה לא תמצא בי שותף. אבל אם תשאל אותי על בית המשפט, אני אגיד לך, אני שותף. האם אני רוצה עוד שופט דמוקרט או עוד שופט גזען? לא. דמוקרט. אני לא אומר או הכול או כלום. לא. אני מוכן, אני חושב שזה חשוב. כל מיעוט רוצה להרחיב את המרחב הדמוקרטי ולא לצמצם אותו – זה האינטרס שלי. אני שם את היד שלי יחד עם היד שלך. עם זאת, מהם הדברים הקרדינליים, מה הפגיעה האמיתית בדמוקרטיה? אני חושב שהמשך הכיבוש, האפליה נגד האוכלוסייה הערבית וחוסר הצדק החברתי. אלה הם שלושת הדברים החשובים ביותר.

גם בית המשפט, גם המדינה העמוקה, גם האקדמיה – אני איתך. אבל להגיד לי: זה כן, והשאר לא חשוב. לא רק לא חשוב – פוגעים בהם יותר מכל ממשלה אחרת, במספרים. אני חושב שיותר נוח למה שנקרא מרכז שמאל למצוא ערבי נתין. מה זה ערבי נתין? שלא תופס את עצמו אזרח, באמת אזרח. כלומר, בסוגיות גדולות הוא אומר: לא מעניין אותי. אני רוצה תקציבים – נוח. אני לא מקבל. לא מקבל ולא אקבל אף פעם. אני אזרח בזכות.

שני דברים. יש לך מעמד פריבילגי – אתה מימשת את הזכויות הלאומיות שלך. מהמקום הנוח הזה אתה יכול להטיף לי.

אני לא מקבל. אני לא מקבל. כל מה שאני אומר - - -

אתה מימשת – אני לא מימשתי. הדבר השני: מי אמר שאנחנו מזניחים? הממשלות מזניחות. למשל, באתי לכנסת ונפגשתי גם עם שר שהיה בממשלת הליכוד, כחלון. ישבתי איתו ל-70 פגישות, הבאנו את 922; אני הנהגתי את כל המשא ומתן למען 922. גם התוכנית החדשה, 550, נשענת על 922 וממשיכה את דרכה של 922. זה אנחנו. מי אמר? אנחנו כל הזמן מדברים על כל הסוגיות. אבל לא רוצים שאנחנו נהיה חלק מהעם וחלק מהסוגיה הכללית. רוצים לראות אותנו פחות מעם ופחות מאזרחים. זה מה שרוצים מאיתנו. מה זאת אומרת, פחות מעם, פחות מאזרחים? שאתה כן ערבי, אבל אין לך סוגיה לאומית. אל תדבר עליה. ואתה כן אזרח, אבל במדינת היהודים. רוצים אותי פחות מעם ופחות מאזרח, ואני לא אקבל. מה אני מבקש? מה אני מבקש? מה אני מבקש? תן לי אמנה אחת בעולם שלא מקבלת את מה שאני אומר. תן לי מקום אחד בעולם שאומר: הבן-אדם טועה כשהוא אומר אני חלק מעם ויחד עם זאת אני חלק מהאזרחים. אני לא באתי לפני הישראלי – הוא בא אליי. אני רוצה להיות אזרח שווה זכויות, הן ברמה האזרחית והן ברמה הלאומית. אבל אתה מכחיש עם. לא רוצה לתת לו זכויות לאומיות. אם תגיד לי, תשמע, מקדמים דבר גדול. זכות הקדימה לדבר הגדול הזה, כמו בממשלת רבין למשל. ממשלת רבין לא הביאה זכויות לאומיות לאזרחים הערבים ואפילו לא האמינה בזה. ורבין בעצמו לא האמין בזה. הוא נהרג ולא האמין בזה. אבל התחיל במסע גדול וחשוב. תמכנו בו, בצדק. טוב שעשינו את זה. אבל להגיד: שים את הדבר הגדול בצד ובוא תיכנס איתי. ועוד להגיד לי – ואני מאוד מכבד אותך על האומץ – אתה מקבל את זה שהמדינה נולדה יהודית ותישאר יהודית; לא, יא חביבי.

אז בוא נגיד, בוא נגיד כך. בוא נגיד כך.

גם מקבל אותי – יאללה, שוכרן. יאללה, שוכרן. יאללה, תודה רבה.

מה זה? מה, אתה מקבל אותי? מה אתה מקבל אותי? אני פה לפניך, יא חביבי. מה אתה מקבל אותי?

מה, מה אתה מקבל אותי? מה הנימה הזו? מה אתה אומר לי?

מה זאת אומרת שאתה מקבל אותי? אני רוצה להגיד לך משהו. תשמע, אני מכיר בזה - - -

אני מכיר בזה שהיהודים הם עם. כן, כן. מה? מה אמרת? לא שמעתי.

אתה יודע מה? באמת אני רוצה להגיד לך, אתה צודק. אין הרבה מדינות שגירשו 90% מהעם. אין הרבה מדינות שלא נתנו ל-90% ממנו לחזור לאדמות שלו. אין מדינות שבהן רבע מהאזרחים הם מהגרים וחיים בתוך מדינת ישראל, אבל אסור להם לחזור לכפר שהם גורשו ממנו. אין מדינה שמי שנקרא בה שמאל רוצה שהיא תהיה המדינה של העם, למרות שיש ילידים מבני המקום שמהווים 20%. על מה אתה מדבר? על מה אתה מדבר? אתה יודע מה? אתה חי בנגב. אתה חי בנגב. אתה יודע מה יש בנגב? יש אפרטהייד בנגב. אפרטהייד. מה זה אפרטהייד? זה שני דברים ביחד: סגרגציה יחד עם אפליה מכוונת. יש אפרטהייד בנגב, ואתה מדבר על ""אין עוד מדינות בעולם"". איפה אתה חי? אתה חי בנגב באמת? איפה אתה חי? יש 40 כפרים בלתי מוכרים, אין מים, אין חשמל. מה קרה לך?

חלאס, תפסיק עם זה. מי התחיל? יש ממשלות לפניך שהכירו בעשרה יישובים.

יש ממשלות לפניך שהכירו בעשרה יישובים.

ומי שהכיר בהם זה עמיר פרץ לפניך. אתה מדבר לא נכון. לא נכון מה שאתה אומר. לא נכון. לא נכון. תשמע, תשמע, מי שהכיר - - -

אתם לא רק לא בסדר – אתם גזענים. אתם יותר מזה. מה זה לא בסדר? מה זה לא בסדר?

מה אתם לא? מה? יש בן אדם יליד, נולד במולדת שלו, ואין לו מולדת אחרת מלבדה, ואתה אומר לי שהמדינה מוגדרת לעם אחד, נקודה.

כן. כן, בטח, אתה צודק. למה? כי אני לא שותק בפני הגזענות. אז אני לא תורם. מה אתה רוצה ממני? אתה רוצה שאני אהיה בן אדם ללא סוגיה כלל וכלל; ללא סוגיה לאומית. זה מה שאתה רוצה ממני.

בטח שאתם גזענים. בטח. אני רוצה להגיד לך שהיהודים, מבחינתי, הם עם – עם שמגיע לו זכות להגדרה עצמית. אני מקבל את זה, בטח. העם הזה מימש את הזכות הזו בשנת 1948. יחד עם זאת, יש עם אחר שטרם מימש את הזכויות הלאומיות שלו. וזוהי הסוגיה העיקרית. מי שאומר את זה הוא זה שמפר את הסטטוס קוו; הוא הבעייתי. אבל מי שמנציחים את הכיבוש הם הטובים. אני כופר בהגמוניה הזו. אני כופר בהגמוניה הזו. אני איאבק נגדה כל חיי, עד שיהיה שלום שייטיב עימי ועימך ועם הילדים שלך ועם הילדים שלי.

ההבדל הוא שמבחינתך זו לא סוגיה העיקרית, או לא לעכשיו; אין לה זכות קדימה.

תשמע ממני, שני דברים. הדבר הראשון – אני חושב שההנהגה הפלסטינית הייתה צריכה לקבל את הסכם החלוקה בשנת 1947. אני שייך לקבוצה שדווקא קיבלה את ההסכם בשנת 1947. היו ח""כים פה: תופיק טובי, אמיל חביבי, שבשנת 1947 קיבלו, לפני קום המדינה. אני שייך לקבוצה הזו. ואני חושב שלמרות חוסר הצדק, למרות הכול, היו צריכים לקבל. עכשיו, תגיד לי אייכלר, בבקשה, מי שולט במדינת ישראל מאז 1977? האנשים שקיבלו את הסכם חלוקה, או אלה שדחו אותו? האצ""ל והלח""י, שההמשך שלהם הוא החרות, הציונות הדתית. מי שולט במדינה? האנשים שלא קיבלו את הסכם החלוקה. מי ששולט במדינת ישראל מאז שנת 1977 ועד עכשיו, ברוב התקופות, הוא דווקא הזרם שהתנגד להסכם החלוקה בשנת 1947. מי שמוביל את האוכלוסייה הערבית הוא דווקא הקבוצה שהייתה כל כך קטנה בשנת 1947 והפכה לקבוצה הדומיננטית ביותר בקרב האוכלוסייה הערבית, שזה אנחנו. לכן, אני רוצה לשאול אותך עוד שאלה. הייתה יוזמה ערבית בשנת 2002. כל המדינות הערביות חתמו עליה, כל המדינות האסלאמיות חתמו עליה. מי דחה אותה, בבקשה, בשנת 2002? אתה יודע?

יוזמה שמדברת על מדינה פלסטינית בגבולות 1967 לצד מדינת ישראל; פתרון בעיית הפליטים הפלסטינים גם כזכות מוסכמת בין ישראל לבין אש""ף. משהו כזה. מי דחה אותה?

לא, לא. היוזמה הערבית משנת 2002. מי דחה אותה?

ואלכ, כנראה שהפלסטינים רצחו את רבין. תגיד לי, מי רצח את רבין?

טוב. הפלסטינים רצחו את רבין.

הפלסטינים בחרו בנתניהו בשנת 1996. הפלסטינים הם היחידים, האשמים היחידים, בסדר?

טוב. תשמע. הינה, טוב, תשמעו. אני חושב – אני אומר זה גם למאיר כהן – אנחנו חלוקים; חלוקים, ברור. יחד עם זאת, חייבים, חייבים, לכבד אחד את השני ולהיאבק ביחד נגד הממשלה הזו. לא להגיד שאני פוסל את זה או פוסל את האחר. יש לי את הדעות שלי. הן לגיטימיות, לפי כל מוסר. לפי כל מוסר. אפילו אם אתה חושב שסדר העדיפויות הוא לא נכון; אפילו אם אתה חושב שהנימה שלי – אתה לא מרגיש נוח איתה; אבל הוא מוסרי, שתובע זכויות צודקות לשני העמים. אתה יכול להסכים פה, לא להסכים שם. אבל אם אנחנו לא נדע לבנות אופוזיציה לוחמת, מאוחדת מול הממשלה הזו, ולצאת לרחובות ביחד ולהיאבק, אני אומר לך שכולנו, כולנו נפסיד. אחר כך יש בינינו ויכוח קשה, שיכול להימשך גם עכשיו וגם מחר. אתה יודע מה? זה גם ויכוח קשה וגם מאבק משותף. נלך על זה. אני חושב שזה מאוד מאוד נכון, ושהאזרחים הערבים צריכים להפנים שהם לבד לא יכולים, בגלל שהם רק 20%; היהודים שדורשים שינוי צריכים להפנים שבלי האזרחים הערבים הם פשוט לא יכולים. מהמקום העדתי הזה שמבין היטב את המציאות, צריך למצוא את הדרך ולהיאבק נגד הממשלה הזאת, עד שנפיל אותה כמה שיותר מוקדם. תודה רבה.

113 נרצחים השנה. 113 נרצחים.",1
348283,"(אומר בערבית:) כבוד היושב-ראש, עמיתיי חברי וחברות הכנסת, נגמרה השעה לאזהרות והתראות. אנחנו כבר לא במדרון חלקלק – אנחנו בנפילה חופשית, התרסקות. היום מושבעת ממשלה אפלה, משטר אפל. הפשיסטים בונים על זה שאנחנו נרכין את ראשנו ונקבל את זה. כן, אולי נפגין, אולי נכתוב פוסט, אבל היום מקווים שהציבור הדמוקרטי פשוט ייתן להם להוציא לפועל את התוכניות ההרסניות שלהם. מזה שנים שהדמוקרטיה הישראלית הייתה הסנה הבוער של הציונות הליברלית; עבורם היא הייתה סוג של נס – דמוקרטיה שנשרפת, אך אינה נאכלת. פעמים נראה שכל שהזהירו מפני קריסתה, כך להבות הגזענות והשנאה רק גברו. הדמוקרטיה שלהם שרדה את הממשל הצבאי; הטבח בכפר קאסם; חוק הלאום; חוק האזרחות; שנים של אפליה, הדרה וגזענות כלפי האזרחים הערבים והשכבות המוחלשות במדינה. הדמוקרטיה שלהם גם שרדה עשרות שנים של פשעי מלחמה נגד העם הפלסטיני בשטחים הכבושים של 67'. מי שטייח את הרצח של שירין אבו עאקלה, קיבל מעצר פוליטי של עיתונאי בתל אביב; מי שלא פסל את חוק הלאום, קיבל את פסקת ההתגברות; מי שלא עצר את בן גביר בקריית ארבע, קיבל אותו בקריה; מי שלא עצר את הפרדת המשפחות, קיבל הפרדה מגדרית. כל עוד תעמדו על הגשרים ותתעלמו ממחסומים, תאבדו את הזכות להפגין בגשרים ותמשיכו לשלוח את הילדים שלכם לעמוד במחסומים. עכשיו, אחרי שנים של אטימות, אולי סוף-סוף הגיע הרגע להסתכל על המציאות ולהבין שאתם לא יכולים להציל דמוקרטיה שאף פעם לא הייתה. אבל אנחנו, יהודים וערבים ביחד, יכולים לבנות דמוקרטיה עבור כולם. אולי הקיצוניות של הממשלה הזאת תהיה השעון המעורר שיבהיר לכל מי שמודאג ממנה שבינינו, היהודים והערבים, ישנה שותפות גורל. זכרו את השיר של נימלר. התנגדו יחד איתנו; אל תחכו שיגיע תורכם וכבר לא יישאר אף אחד לצידכם. אני אומר בצורה ברורה – כי אם לא תבינו היום, אני לא יודע מתי תבינו: תפסיקו לנסות להחיות אשליות של עבר מפואר. אני מדבר אלייך, מרב מיכאלי. תפסיקו לנסות להחיות אשליות של עבר מפואר, של ישראל שוויונית ודמוקרטית שאף פעם לא הייתה. אי-אפשר להחזיר את השעון אחורה, אבל אפשר וחייבים להיאבק עבור העתיד. ויש רק עתיד אחד שיכול לנצח את ההווה השחור – עתיד של שותפות למען שלום, שוויון אמיתי עם רווחה וביטחון אישי לכולם; עתיד שבו הילדים שלי שווים בצורה מוחלטת לילדים של כל אחד שיושב פה באולם. אנחנו לא נתפשר על פחות. השאלה היחידה היא האם אתם באמת, האם אתם באמת מוכנים לוותר על העליונות כדי לנצח את הפשיזם? אין משוואה אחרת. לוותר על העליונות כדי לנצח את הפשיזם, ואין משוואה אחרת. מה שהם הכי מפחדים ממנו זה מאיחוד המאבקים שלנו. הם רוצים שמי שמפריעה לו השחיתות, יפגין לבד נגד השחיתות; מי שנאבק נגד הכיבוש, יפגין לבד; מי שנלחמות על זכויות נשים, יפגינו לבד; מי שסובלים מהגזענות, יפגינו לבד. אבל לנו אסור ליפול בפח הזה. אנחנו חייבים לעמוד ביחד, אזרחים ואזרחיות מוסריים, בצמתים, בכבישים, בכיכרות, בכל מקום, כתף אל כתף, יהודים וערבים, בסולידריות עם כל המאבקים. בעצם זה האינטרס המשותף האמיתי של כולנו, ולצעוק בכל הכוח: הפשיזם לא יעבור. אני פונה למפגינים שנמצאים עכשיו מחוץ לכנסת - - -

חצי דקה ואני מסיים. אני פונה למפגינים שנמצאים עכשיו מחוץ לכנסת, שאיתם הפגנתי בבוקר. ראיתי בהפגנה שלטים על דמוקרטיה, נגד כיבוש, בעד זכויות לנשים, בעד שוויון, והכול תחת אותה הפגנה. זה איחוד מפגינים. רק דרך השטח נוכל לחסום את הפשיזם. אנחנו בחד""ש-תע""ל מושיטים יד לשותפות הזאת. רק ביחד ומתוך שוויוניות והדדיות אנחנו ננצח אותם.",1
348342,"כבוד היושב-ראש, עמיתיי חברי הכנסת וחברות הכנסת, האמת שאתם צודקים: יוקר המחיה התחיל בממשלה שהייתה וגם בממשלות שלפניה – ממשלות נתניהו. אם כל ממשלה ממשיכה בדרך הזו, אז איפה הבעיה? הבעיה היא שיש הרבה כסף במדינת ישראל, אבל 32% מוקצה לשמירת הכיבוש ולמה שנקרא ביטחון, מדיניות כלכלית ניאו-ליברלית וקשר עם הטייקונים. הכסף נמצא, השאלה לאן מעבירים את הכסף. ואתם צודקים בעוד משהו: מי שביצע פשעים ארורים נגד העם הפלסטיני זה הממשלה שהייתה. 144 פלסטינים נהרגו על ידי ממשלת בנט-לפיד.

144. יותר מכל ממשלות נתניהו.

מבחינת המספר, 144 פלסטינים נהרגו.

לכן, מי שרוצה לפתור את בעיית יוקר המחיה - -

- - שיחשוב איך מחלקים את הכסף. במקום כיבוש – טייקונים, מדיניות כלכלית ניאו-ליברלית, צריך דרך אחרת לגמרי. כבוד היושב-ראש, לפני שלושה ימים האו""ם קיבל החלטה. אני מברך על החלטת האו""ם.

זה מאבק פלסטיני צודק לגמרי. דרך אגב, זה מאבק לא אלים, אבל במדינת ישראל מאשימים את הפלסטינים בטרור דיפלומטי. טרור דיפלומטי.

עוד יאשימו אותנו בטרור פרלמנטרי פה בכנסת. תמיד יש טרור. העם הפלסטיני, יש לו את כל הזכות להיאבק בכיבוש הארור הזה. מה שנעשה באו""ם - -

- - ההחלטה היא מבורכת ותגיע להאג. מקווה שיצליחו בהאג, כי יש פושעים נגד האנושות, נגד העם הפלסטיני. חברים, יש דרך אחת ויחידה לשלום שייטיב עם כולנו: מדינה פלסטינית בגבולות 67' לצד מדינת ישראל. יהיה שלום שייטיב עם כולנו, ערבים ויהודים. תודה.",1
348412,"כבוד היושב-ראש, עמיתיי חברי וחברות הכנסת, בואו נחשוב על המצב האבסורדי הזה – שר בממשלת ישראל שטוענת שירושלים מאוחדת ונצחית, ירושלים המזרחית תחת כיבוש כבר 55 שנים, והשר רק מתגנב - - -

מתגנב. אתה מבין מה זאת אומרת מתגנב?

13 דקות, לא מעבר, אפילו לא רבע שעה. הוא לא יכול. כל ילד פלסטיני יכול להתהלך בירושלים המזרחית כרצונו. שר במדינת ישראל לא יכול. אז או שהתיאוריה לא נכונה, או שהמציאות לא נכונה. המציאות אומרת שיש עם פלסטיני - -

- - שנכבש, וירושלים המזרחית תהיה בירת פלסטין.

התיאוריה אומרת שזו מאוחדת, מאוחדת. במה היא מאוחדת?

היא לא מאוחדת ולא כלום. היא מחולקת - -

- - וירושלים המזרחית תהיה בירת מדינת פלסטין.

אני רוצה לשאול – בזירה האחרת, זירת החוץ – למה נתניהו בחר באלי כהן להיות שר החוץ?

אחד – בגלל שהמטרה העיקרית היא סעודיה - -

- - אז רצה אחד ממוצא מצרי, ערבי. זו אסטרטגיה, כי הוא רואה שצריך לעשות נורמליזציה עם כל מדינות ערב, אבל בכלל לא עם העם הפלסטיני. ואנחנו נגד כל נורמליזציה בלי לפתור את הבעיה הפלסטינית.

כל שלום נפרד עם מדינה ערבית מחליש את העם הפלסטיני. לזה אנחנו לא נסכים.

אבל אני רוצה לשאול את שר החוץ, את אלי כהן - -

- - מדי פעם עמדת פה ואמרת שהמדינה של הפלסטינים אמורה להיות בירדן. האם חזרת בך? האם יש לך את האומץ לחזור על זה כשאתה שר החוץ?

כשאתה שר חוץ, אני חושב שאתה פחדן, מוג לב, ואתה לא מוכן לחזור על המשפט הזה שוב, אבל המשפט הזה נקלט שוב ושוב מעל הבמה הזו.

שר במדינת ישראל לא יכול להיכנס לירושלים המזרחית אלא כגנב.

לכן צריך לסיים את הכיבוש הארור הזה, ותקום מדינה פלסטינית שבירתה ירושלים המזרחית. תודה.",1
348443,"אז תרשום את זה שהוא קרא לי - - -

סליחה, כתוב גם איימן עודה בסוף.",1
348490,"למשל, בממשל הצבאי כך היה? למשל בטבח בכפר קאסם, כך היה? הפקעות האדמה - - - כך היה?",1
348769,מה יגידו הפלסטינים בשטחים הכבושים? על איזו דמוקרטיה אתה מדבר? על איזו דמוקרטיה?,1
348934,"- - - קיבלנו אחד, ואחד בחוץ וביטחון. ויתרנו על חוץ וביטחון - - -",1
348952,"כבוד היושב-ראש, למה אין את שמות הדוברים?",1
348959,"תשמע, זה לא מעניין את הממשלה ולא את המוחים בכיכר רבין – לא את אלה ולא את אלה.

כבוד היושב-ראש, עמיתיי חברי הכנסת וחברות הכנסת, היום 18 בינואר, שש שנים להריסת הכפר אום אל-חיראן שבנגב והריגתו של יעקוב אבו אלקיעאן.  היום הממשלה מקימה יישוב חדש במקומו של אום אל-חיראן, שחשבו פעם לקרוא לו חירן. עכשיו, בשביל להעלים את הפשע, החליטו להחליף את השם לדרור. דרור, בשפה הערבית זה חורייה: ""כי עוד נפשי דרור שואפת / לא מכרתיה לעגל פז / כי עוד אאמין גם באדם, / גם ברוחו, רוח עז"". אבל כמה שקר גס יש בהתנהלות. כמה פער תהומי בין השיר הנפלא לבין המציאות הנפשעת נגד התושבים המקוריים. נהרג יעקוב אבו אלקיעאן. בשנה שעברה הלכתי עם משפחתו לבית המשפט העליון. ביקשתי לנקות את שמו. בית המשפט זרק אותנו מכל המדרגות. הייתי גם בבית המשפט עם הרופא העזתי עז א-דין אבו-אל-עייש, שהצבא הרג את שלוש בנותיו. גם, התשובה מבית המשפט שלילית. הייתי פעם שלישית בבית המשפט, עם מוחמד בכרי. בית המשפט לא נעתר לבקשתנו. המפגינים בתל אביב נאבקים למען בית המשפט העליון. אני שותף למאבק הזה ואני רוצה להיות יחד איתם במאבק למען בית משפט דמוקרטי. אני כן שותף. אבל הם לא רוצים לדבר על שוויון האוכלוסייה הערבית ומעמדה, הם לא רוצים לדבר על העוני המחפיר במדינת ישראל, שהיא שיאנית העוני במדינות ה-OECD, כי זה לא נושא של מעמד ביניים תל אביבי. הם לא רוצים לדבר על כיבוש העם הפלסטיני. לכן אני מציע כך, בשביל דמוקרטיה אמיתית, בשביל מדינה שוחרת שלום; לא כובשת עם אחר - - -

בשביל מדינה דמוקרטית עם אזרחיה, במיוחד המקוריים, הילידיים, שמגיע להם שוויון הן ברמה האזרחית והן ברמה הלאומית - -

- - יחד עם בית המשפט – כן; הפרקליטות – כן; אקדמיה, חופש ביטוי - - -

- - - כן, כן. דמוקרטיה אמיתית לכולם – אנחנו שותפים במערכה הזו.",1
349020,"כבוד היושב-ראש, חבריי-עמיתיי חברי הכנסת וחברות הכנסת, חברת הכנסת אפרת רייטן, אני הקשבתי לך היטב לכל מילה. אני רוצה להתחיל בחיובי, אני שותף לכל מאבק בשביל להפיל את הממשלה הזו בהקדם הכי אפשרי, ואני, בהיותי מיעוט, המרחב הדמוקרטי חשוב לי. האם אני רוצה עוד שופט דמוקרט בבית המשפט העליון או שזה לא מעניין אותי? זה מעניין אותי. ואני מבין – המשוואה של הכול או כלום, אני מתנגד לה. אני חושב שצריך להתקדם כל הזמן עוד צעד ועוד צעד למען דמוקרטיה אמיתית לכולם. פה אנחנו מסכימים, ואנחנו צריכים להיות שותפים במאבק הזה. תחשבי על ערבי ששמע אותך ב-15 הדקות האחרונות, והוא שואל: על מה היא מדברת? על מה? הפלסטינים שרויים תחת ממשל צבאי מאז 48' עד עכשיו. אנחנו אזרחי מדינת ישראל מאז 48' עד 66' בממשל הצבאי, הפלסטינים בשטחים – מאז 67' עד עכשיו, כלומר כל הזמן, כל הזמן, לא היה רגע אחד – אולי שנה אחת, מ-66' עד 67' – לא היה פלסטיני תחת ממשל צבאי ישראלי, רק שנה אחת, רק שנה אחת. ואני אומר, על איזו מדינה היא מדברת? האם אני חלק מהמדינה שהיא מדברת עליה? האם עניים בעיירות פיתוח מסכימים איתך? האם הפלסטינים בג'נין, שכם, ירושלים המזרחית, שזה לא שנה, לא עשר שנים ולא 20 שנה, זה מ-67' עד 2023 - - -

לא, אני לא מסכים איתך. כבוד השר, אני לא מסכים איתך כלל וכלל, ואני אגיד לך למה אני לא מסכים איתך.

אני רוצה להגיד לך למה אני לא מסכים איתך. אין כמו ניסיון היהודים בעולם בהקשר הזה, בקרב היהודים בעולם היו הצלחות אדירות, אדירות, ברמה הפרטנית, אבל חיו במדינות שהפשיזם עלה בהן. דווקא ההצלחה של מיעוט ולא הכישלון של מיעוט במדינה לא דמוקרטית, זה מה שיפגע במיעוט, דווקא ההצלחה ולא הכישלון של המיעוט. ומה שאתה עושה – אני מתנגד לחלוטין, ואני אצא לרחובות ואני איאבק בו פה בכנסת בשביל להפיל את הממשלה שלכם.

אבל אם אפרת, כל מה שהיא רוצה – להחזיר את המדינה הפריבילגית עבור קבוצה שפוגעת בקבוצה שלי, אז אני שותף במאבק שלך נגד הממשלה הזו, אבל יש דברים שחייבים לראות שהם הדבר העיקרי בחוסר הדמוקרטיה במדינת ישראל, וזה המשך הכיבוש נגד העם הפלסטיני, המשך האפליה נגד האוכלוסייה הערבית, זה חוסר הצדק החברתי, וזה כן, כן, מאבק למען מרחב דמוקרטי כמו בית משפט דמוקרטי, כמו אקדמיה דמוקרטית, כמו חופש עיתונות וכל מה שאת רוצה. אני שותף. לכן אני קורא לכם לראות במשבר העמוק הזה הזדמנות היסטורית – הזדמנות היסטורית להגיד: מה שהיה קודם, יש בו דברים חסרים ברמה ענקית. צריכים לבוא לאוכלוסייה הערבית ולהגיד לה: תהיו שותפים, ואנחנו נלך איתכם גם למען שלום ושוויון. אני חושב שזו המשוואה. הייתה ממשלה כזו מאז קום המדינה? אני חושב שממשלת רבין כן הלכה בכיוון הנכון. כן הלכה בכיוון הנכון. בזמנו אנחנו היינו חמישה ח""כים – שלושה של חד""ש ושניים של מד""ע; היום אנחנו יכולים להגיע ל-17 ח""כים. ואני חושב שכך יהיה רוב דמוקרטי במדינה שהוא בעד שלום, שוויון, דמוקרטיה אמיתית – אני שותף שלך – ולמען צדק חברתי. אני חושב שאנחנו צריכים לנהל שיח בינינו ולהגיד: אכן היו טעיות, טעויות היסטוריות, בואו כולם, תצטרפו למאבק הזה, בשביל להפיל את הממשלה הנוכחית, ונבנה ביחד את הדמוקרטיה האמיתית שתיטיב עם היהודים והאזרחים. אני אומר לך, אפרת, שאנחנו עומדים בפני הזדמנות היסטורית, היסטורית, ואנחנו צריכים לנצל את זה בשביל ליישר את ההדורים, ונלך ביחד ונבנה את החברה הדמוקרטית שאנחנו רוצים. (אומר בערבית: אני רוצה לדבר בשפה הערבית.) הרשו לי - - -

תודה רבה לך. תודה רבה. אנחנו שותפים. אני מבקש להגיד כמה מילים בשפה הערבית לציבור שלנו.

כן, אז תיתן לי זמן מהזמן הזה.

טוב. שמעתם מה אמר יושב-ראש הישיבה. אני מסכים איתו לחלוטין. אני מסכים איתו. מגיע שוויון מלא לכל האזרחים, מן הסתם גם לחרדים. וגם לכבד את החרדים ולכבד את המאפיינים של החרדים ולכבד את המרחב שלהם – זו דמוקרטיה. דמוקרטיה רב-תרבותית, שיש בה את החרדים, יש בה את הערבים, יש את החילונים, יש בה את השמרנים, יש בה את הכול. צריך לכבד. ואם מישהו רוצה לשכנע, אז בצורה דמוקרטית, לשכנע את האנשים לפה או לשם, אבל עם שוויון זכויות – אני שותף. ממש מאמין בזה לחלוטין. אבל גם רוצה לשאול אותך, כבוד היושב-ראש: הליכוד נמצא בשלטון מאז 1977, לא מלפני שנתיים.

וואי. היה בשלטון מ-1977. היה בגין, היה שמיר, היה נתניהו, חזר נתניהו. ב-80% מהתקופות מ-1977 עד עכשיו הליכוד היה בראשות הממשלה. מה הוא עשה לחרדים?

אני אגיד לך מה הוא עשה. אני אגיד לך מה הוא עושה. מה הוא עושה? זה כך: למשל, יש לך בעיית תקציב, או למעיין התורני או למסגרת חינוכית מסוימת, אז אומרים: אתה יודע מה? מגיע לך עוד 2 מיליארד. אז מעבירים לך את ה-2 מיליארד, ואתה מרגיש שהרווחת. אבל שר האוצר, בשביל להחזיר את ה-2 מיליארד, מוסיף עוד קצת למיסים של המים, של החשמל. אז הבן אדם החרדי מרגיש שהוא לקח ביד, אבל לקחו לו בשתי ידיים. זה המצב מאז שנת 1977 ועד עכשיו. לכן המאבק צריך להיות דמוקרטי כולל ולא סקטוריאלי. לא סקטוריאלי, אלא דמוקרטי כולל, למען שוויון אמיתי לכולנו. ואני חושב שפה קבור הכלב.

אנחנו, המצפן שלנו צריך להיות לא רק חוקים אלא הצדק. הצדק. למה? כי יש חוקים שמקדמת ממשלה רעה, כמו הממשלה הנוכחית, אבל מה שאנחנו צריכים לחתור זה לצדק – לחרדים, לערבים, לכל האוכלוסיות במדינה. שנחיה בשוויון לכולם, זה מה שצריך. עכשיו, כבוד היושב-ראש, אני מבקש ממך לתת לי שתי דקות - - -

אז לא, יש דקה, ועוד דקה תיתן לי עכשיו.

אני רוצה לפנות לאוכלוסייה הערבית בשפה הערבית. (אומר בערבית: אני רוצה לפנות לקהל שלנו הערבי.)

(אומר דברים בשפה הערבית.) תודה רבה.

טוב, אני אמרתי כך לציבור הערבי - - -

תודה רבה. אמרתי לציבור הערבי שאנחנו עומדים בפני הזדמנות היסטורית. נכון שזה משבר, אבל יש הזדמנות היסטורית, כי המרכז-שמאל לא יכול לנצח את הימין בלי האוכלוסייה הערבית. אמרתי לאוכלוסייה הערבית שהמרכז-שמאל מתייחס אלינו בהתנשאות, הוא לא רוצה לשלם את המחיר. מה זה המחיר? זה ללכת לשלום ושוויון. הוא לא רוצה לשלם את המחיר. אבל אנחנו צריכים לעמוד איתנים, ובסוף הם יחזרו בהם ויבואו לכיוון שלנו של שלום ושוויון כי הם לא יכולים לנצח בלי האוכלוסייה הערבית. אנחנו מהווים 20%, ואין להם 51% בקרב היהודים, אז הם נאלצים לבוא אלינו. אנחנו לא צריכים לחזור אחורה, צריכים לעמוד איתנים, כי אנחנו רוצים לחיות בשלום ושוויון, דבר שייטיב עם כל – עם שני העמים, עם כל האזרחים. תודה רבה.",1
349184,"כבוד היושבת-ראש, עמיתי חברי הכנסת וחברות הכנסת, אני מניח ממקום תיאורטי, לפחות, שכל חברי הבית מתנגדים לאפרטהייד שהיה בדרום אפריקה, לפחות מבחינה הצהרתית. אני לא רוצה לדבר על השחורים בדרום אפריקה בתקופת האפרטהייד אלא דווקא על הלבנים. איך אתם חושבים שהלבנים הסבירו את האפרטהייד בפני עצמם, בפני הילדים שלהם, בפני העולם כולו? היו מגיעים לאירופה, למשל, ואומרים: אנחנו לא נגד השחורים, אבל תבינו אותנו, אנחנו 12% ולא יותר והשחורים הם 88%. תתארו לעצמכם שאין אפרטהייד, תתארו לעצמכם שאין מחסומים, תתארו לעצמכם שהכול פתוח. איך נחיה? אנחנו בעד אפרטהייד רק בגלל הביטחון האישי שלנו, ותו לא. הם לא האמינו שהם גזענים, הם לא תירצו את הגזענות, הם לא אמרו: זה בגלל שאנחנו רעים. לא רק כך, אני ביקרתי בדרום אפריקה ושם הגענו למוזיאון של הלבנים, שראו בעצמם קורבנות, ושל המאבקים שלהם למען שחרור, למען שוויון. אתם מפנימים מה שאני אומר? אבל אני רוצה להגיד לכם – יתרה מכך: בכל המובנים, בכל המובנים מה שעשתה התנועה הציונית נגד העם הפלסטיני, בכל המובנים זה יותר גרוע מהאפרטהייד בדרום אפריקה, יותר גרוע. מה, 1948 – גירוש, טבחים, ממשל צבאי שנמשך מ-1948 עד עכשיו. מ-1948 עד 1966 – נגד האזרחים הערבים, ומ-1967 עד עכשיו – נגד הפלסטינים בשטחים הכבושים, משנת 1967. ממשל צבאי מאז 1948 עד עכשיו. מתמשך. תקופת האפרטהייד הייתה מ-48' עד תחילת שנות התשעים, וזה הרבה, אבל במדינת ישראל – מאז 48' עד עכשיו, ומה זה ממשל צבאי אם לא אפרטהייד? מה זה? יותר גרוע. לכן אני פונה ללבנים. תמיד יש את התירוצים למה לא לעשות צדק, אבל אלה תירוצים של קולוניאליסטים, של מתנשאים, של אנשים שיש להם פריבילגיות. על סוגית תקנות יו""ש, שזה תקנות האפרטהייד, נפלה הממשלה הקודמת. וגם הממשלה הנוכחית, מה יקרה בה? תסתכלו. נתניהו רוצה להעלים את הסוגיה הפלסטינית בגלל שיש לו פרויקט של נורמליזציה לרבות עם סעודיה, וסמוטריץ' ובן גביר רוצים להבליט את הסוגיה הפלסטינית בשביל לחסל אותה על ידי סיפוח אזורי C. לכן הסוגיה הפלסטינית שוב ושוב היא הסוגיה המרכזית. ואני פה רוצה לפנות למפגינים, אני מברך אותם על ההפגנה הענקית של 130,000 אנשים. כל הכבוד, אנחנו יחד איתכם, אבל אין דמוקרטיה עם כיבוש, אין דמוקרטיה עם אפליה, אין דמוקרטיה בלי צדק חברתי. שלא יגיע מעמד ביניים תל אביבי, שאומר: מה זה צדק חברתי עכשיו? לא, כן, עכשיו. לכן אנחנו חותרים לדמוקרטיה אמיתית, שתיטיב עם האזרחים הערבים, עם האזרחים היהודים, עם שני העמים, הפלסטיני והיהודי. תודה רבה.",1
349579,"כבוד היושב-ראש, עמיתיי חברי הכנסת וחברות הכנסת, שוב הרחבת סמכויות בן גביר בגלל שנתניהו משועבד לתיקים שלו בבית המשפט אז הוא נהיה משועבד גם לבן גביר. ובן גביר מנצל את זה עד תום ומרחיב את הסמכויות שלו. חשוב לי להגיד לכולכם שאני מודאג מאוד מההתפתחויות שעלולות לקרות בעוד חודשיים, במיוחד כלפי תושבי הנגב והערים המעורבות. אני חושב על חודש מאי שהיה לפני יותר משנה וחצי; שם המפכ""ל האשים את בן גביר שהוא הצית את האירועים, והפירומן הזה מבקש להרחיב את הסמכויות שלו בנוגע גם לנגב עצמו. ואני מבקש מחברי וחברות הכנסת לחשוב על הנגב. חברים, בראש פתוח, מה זה אפרטהייד? זה שני דברים ביחד, שזה segregation וזה אפליה מכוונת. אם זה רק אחד משניהם יש לזה כל מיני ביטויים אבל לא אפרטהייד. זה ביטוי של אפליה למשל, או למשל, סגרגציה אבל שווים. יש דבר שנקרא שונים אבל שווים. אבל כששני דברים שזורים אחד בשני זה נקרא אפרטהייד. כשיש הפרדה – ערבים לחוד, יהודים לחוד, ויש אפליה מובנית. כלומר, ערבי מכפר בלתי מוכר בנגב, איך הוא מסתכל אל עומר, למשל. זה נקרא אפרטהייד, חברים. זה נקרא אפרטהייד. מדברים על משילות בנגב. השר לביטחון לאומי – לאומי, ללאום אחד – מדבר על משילות. אני מבין שמשילות זה דמוקרטיה, משילות זה שוויון, משילות זה חינוך טוב, משילות זה רווחה. זו משילות אסטרטגית. זו משילות אסטרטגית. אבל איך זה יכול לבוא עם אפרטהייד? אני רוצה לפנות לאגף הזה ולהגיד להם שדמוקרטיה זה לא רק בית המשפט, פרקליטות, חופש הביטוי, אקדמיה - -

- - אלא זה האפליה נגד תושבי הנגב. זה. לדבר על זה. לכן, המחאה נגד הממשלה - - -

הדבר הזה צריך להיות בלב המאבק. תודה.",1
349638,"כבוד היושב-ראש, עמיתיי חברי הכנסת וחברות הכנסת, היום בבוקר כוחות הכיבוש רצחו שישה פלסטינים ביריחו.

לא למדתם בחטיבת הביניים שלכל פעולה יש תגובה, והעם הפלסטיני עוד ייאבק וייאבק - -

- - עד שתקום מדינת פלסטין.

ויהיה שלום שייטיב עם כולנו.

אבל אני לא רוצה להתווכח איתכם. אני רוצה להתווכח עם הצד הזה.

ואני רוצה להגיד לצד הזה, אתם מחפשים דמוקרטיה - -

- - נדבקים לדיקטטורה רק נגד יהודים? מה עם הדיקטטורה נגד העם הפלסטיני?

מה עם הדיקטטורה שהוא חוק הלאום נגד האזרחים הערבים הפלסטינים? אנחנו אלה שרוצים דמוקרטיה לכולם, לשני העמים ולכל האזרחים. אני רוצה גם להגיד לכם, תגידו לי בבקשה, איך אתם רוצים לנצח את הימין כשכל הזמן אתם צל חיוור של הימין וכל פעם אתם עוד נחלשים ונחלשים, עוד נחלשים ונחלשים? רם בן ברק, בשנת 1996 מפלגת העבודה הייתה 44 מנדטים, היום – ארבעה מנדטים; מרצ הייתה 12 מנדטים בשנת 1992, ומרצ לא עברה את אחוז החסימה.

מ-56 מנדטים לארבעה מנדטים בגלל שאתם מזויפים. בגלל שאתם מזויפים.

אנחנו בשנת 1992 היינו חמישה מנדטים - -

- - שלושה לחד""ש ושניים למד""ע.

חמישה מנדטים, והיינו גוש חוסם.

היום אנחנו עשרה מנדטים. איך תנצחו את הימין בלי האוכלוסייה הערבית?

אבל איך האוכלוסייה הערבית תהיה חלק מהמאבק הזה אם הוא לא כולל מאבק למען שלום ושוויון? לכן, אנחנו כן נשתתף בהפגנות נגד הממשלה הפשיסטית - -

- - אבל אנחנו נעלה את דגל השלום והשוויון - -

- - נגד הכיבוש ונגד אפליה.

אנחנו הדמוקרטים האמיתיים - -

- - ולצערי הרב – כן, היחידים, לצערי הרב.

- - - שנייה ושלישית - - -",1
349834,"כבוד היושב-ראש, עמיתיי חברי הכנסת וחברות הכנסת, אני אנצל את הזמן שיש לי – שמונה דקות, לדבר בשפה הערבית אל האוכלוסייה הערבית על המצב הפוליטי, ואיך אנחנו צריכים להתנהג. (אומר דברים בשפה הערבית, להלן תרגומם.)

(אומר דברים בשפה הערבית, להלן תרגומם.)",1
349863,"לא, בסדר. כבוד היושב-ראש, עמיתיי חברי הכנסת וחברות הכנסת, אני רוצה לזעוק את זעקתו של מנהל בית הספר היסודי אל ראשידיה שבלוד, ששמו אמין אלגמאל. אתמול ביקרתי אצלו בעקבות כך שכנופיה ירתה על רגלו והוא לא היה יכול להגיע לבית הספר. הסיפור לא התחיל לפני ארבעה ימים, ב-5 בפברואר, אלא הוא מתמשך זה שנתיים, והמשטרה לא עושה מאומה, כלום. הכנופיה שמה רימון הלם על המכונית שלו ב-4 במרץ 2022; הם ירו על המכונית של בן דודו. לפני כשבועיים ירו על המכונית של אחיו, והיום, או לפני ארבעה ימים, ירו עליו. אני רוצה לשאול: איפה המשטרה? זה לא סיפור של יום אחד, אלא סיפור שמתמשך כבר שנתיים; רדיפה מטעם הכנופיה נגד מנהל בית הספר היסודי אל-ראשידיה שבלוד. איפה המשטרה? ואיך אפשר להאמין שהמשטרה אכן תיאבק נגד ארגוני הפשע המאורגן ותצליח, כשהיא מפקירה מנהל בית ספר יסודי? מה הלקח שהחברה כולה מקבלת, ככלל, ושתלמידי בית הספר היסודי מקבלים מהתנהלות המשטרה, בפרט? דיברו על כך שאין אוסף ראיות ושאנשים לא מדברים. אספו את כל המצלמות שהיו בשכונה, מנהל בית הספר דיבר על הכול, ואמר בדיוק את כל מה שהוא יודע – ואין אשמים. אין אשמים. אני מאשים את המשטרה בהפקרת האוכלוסייה הערבית מתוך ידיעה וכוונה תחילה. היא צריכה להוכיח אחרת, והיא אף פעם לא הוכיחה אחרת. לגבי ההצעה לסדר-היום, אני רוצה לשאול את כל האנשים: איפה הכסף? אני זוכר שכשיאיר לפיד התחיל בפוליטיקה, היה לו מאמר שהכותרת שלו הייתה ""איפה הכסף?"". ואני רוצה להגיד לכם: איפה הכסף? אם 32% מהכסף מועברים למה שנקרא ביטחון – ללכת למדיניות של שלום זה כסף למוחלשים, זה כסף לעניים, זה כסף לצדק חברתי.

אנשים שמפגינים בתל אביב, זה למען בית המשפט – צודקים; זה לחופש הביטוי – צודקים; אקדמיה – צודקים; אנחנו חלק מזה. אבל מה עם הצדק החברתי?

אבל אם אנשים ממעמד ביניים מפגינים, אז מבחינתם צדק חברתי זה דבר שלא ממש נוגע אליהם. לכן, חברים, דמוקרטיה אמיתית זה שלום וצדק חברתי וגם חופש ביטוי ואקדמיה ובית משפט – כל הדברים ביחד. תודה.",1
349907,"- - - דיקטטורית רק נגד יהודים? למשל הפלסטינים בשטחים, לא מגיע להם זכות להגדרה עצמית?

אתם רוצים לבנות אותנו כמו שאתם רוצים, וזה לא יהיה. הימין יותר גרוע מכם בכל דבר; יש דבר אחד שאתם גרועים יותר מהימין – שאתם רוצים לבנות אותנו כמו שאתם רוצים.

תשמע, הממשלה שלך הרגה 144 פלסטינים. אתה מוכן להיות בממשלה שהורגת 144 יהודים? אתה מוכן? גזענות מובנית. גזענות מובנית.

יש לי עמדה ערכית נגד כל פגיעה בכל אזרח, אזרח יהודי ואזרח פלסטיני. זוהי העמדה הערכית. ולראות שהכיבוש הוא שורש כל רע, זוהי העמדה הערכית.

הטרור הוא הכיבוש שלך. זהו הטרור.

אתה לא רוצה דיקטטורה נגד יהודים, אבל אתה רוצה דיקטטורה נגד פלסטינים.

אני נגד הממשלה הזו ונגד הגזענות שלכם.

אתם מתים להיות מתנשאים על ערבים.

לא, אתם חלק ממפלגה שמתנשאת על ערבים. זה יאיר לפיד שעושה את - - - הוא הגזען הגדול ביותר.

מי שהפיל אותה זה - - - שקר מוחלט, שקר מוחלט.

מי שעושה דה-לגיטימציה נגד הנהגת האוכלוסייה הערבית ישתף פעולה עם נתניהו, וזה מה שעושה עכשיו יאיר לפיד, דה-לגיטימציה נגדנו זה שיתוף פעולה עם נתניהו.

אתה שקרן. תמשיכו לשקר. תמשיכו לשקר.

אתה - - - להצביע בעד אי-אמון.

- - - אתם לא צריכים לעשות.

לא, לא שלך - - - שהיה שלך.

- - - מבין בערבים טוב ממני, תמשיך בדרך שלך - - -

הם לימדו אותך להיות כמוהם.

- - - עם שכובש עם אחר - - -  תתביישו.

- - - כובש עם אחר ומדבר על דמוקרטיה, תתביישו כבר. ממש תתביישו.

כובשים עם אחר ומדברים על דמוקרטיה. תתביישו.

כבוד היושב-ראש, עמיתיי חברי וחברות הכנסת, בהתחלה אני רוצה לזעוק את זעקתו של מנהל בית הספר היסודי בלוד, בית ספר אל-ראשידיה, ושם המנהל אמין אל-ג'מל. ביקרתי אצלו לפני שלושה ימים לאחר שכנופיה ירתה ברגלו, אחרי רדיפה ממושכת זה שנה נגדו ונגד בני משפחתו. הכנופיה שמה פצצת הלם על הרכב שלו. ירו על הרכב שלו ועל הרכב של בן הדוד שלו. הרדיפה הזאת נמשכת כבר שנה שלמה, ולמרות שמנהל בית הספר פונה למשטרה אין מענה. אפילו כשביקרתי אצלו לפני שלושה ימים חשבתי לתומי שתהיה מכונית משטרה ליד הבית שלו, אבל לא הייתה. אני רוצה לשאול, במידה שהמנהל אמין אל-ג'מל ייפגע שוב, האם האחריות לא תהיה כולה על המשטרה? אספו עדויות, אספו את המצלמות, הוא שיתף אותם בכל מה שהוא יודע, אבל אין מענה. מחר בשעה 07:00 מול בית הספר אל-ראשידיה שבלוד יש הפגנה של התלמידים. אני אהיה יחד איתם. אני קורא לכל בן אדם, כל בן אדם בהיותו בן אדם, להשתתף בהפגנה חשובה זאת. מחר בשעה 07:00 בלוד, ליד בית ספר אל-ראשידיה, עם התלמידים של המנהל שלהם אמין אל-ג'מל. כבוד היושב-ראש, עמיתיי חברי הכנסת וחברות הכנסת, המחאה נגד ההפיכה המשפטית היא מחאה חשובה ואנחנו חלק ממנה. למה אנחנו חלק ממנה? לא בגלל שהמצב הקיים הוא טוב, לא בגלל שאנחנו רוצים את ישראל הראשונה, או שאנחנו רוצים את בית המשפט, שהוא מעוז הליברליזם והדמוקרטיה – הוא לא. כי אנחנו לא רוצים עוד הרעה, אנחנו לא רוצים עוד פגיעה. כי אנחנו יודעים שבסופו של דבר הקורבן הראשון של פגיעה במרחב הדמוקרטי יהיו האזרחים הערבים והאזרחים המוחלשים בכלל. לכן אנחנו חלק אינטגרלי מהמחאה נגד ההפיכה השיפוטית, נקודה. אני רוצה להגיד לאנשים שאני מפגין איתם: סליחה, האם דמוקרטיה זה רק בית המשפט, פרקליטות, משטרה, שדרך אגב, כולם גזענים כלפינו? או, האם שורש הרע והדבר שהכי מזין את הפשיזציה במדינת ישראל הוא לא הכיבוש? מאיפה הגיע בן גביר, לא מהתנחלות? מאיפה הגיע סמוטריץ', לא מהתנחלות? מי שמזין את הפשיזציה זה הכיבוש בעצמו. לכן אנחנו, שמשתתפים בהפגנות, אנחנו לא נסכים לא להרים את הסיסמה העיקרית, שהיא: אין דמוקרטיה עם כיבוש עם אחר. שמעתי כל מיני נואמים של מה שנקרא מרכז-שמאל. כולם דיברו על אחדות העם – העם היהודי; כולם דיברו למה צריך לשמר את המצב הנוכחי, שהוא טוב לפריבילגים כמוהם והוא לא טוב לערבי שחי בכפר לא מוכר בנגב. הוא לא טוב עבור בן אדם מוחלש כלכלית. הם לא רוצים לדבר על צדק כלכלי שהוא הבסיס לדמוקרטיה אמיתית קוהרנטית. לא רוצים לדבר. למה? כי הם בעצמם מעמד ביניים. אנחנו לא נסכים. אני רוצה להגיד משהו למרכז-שמאל. הימין יותר גרוע מהמרכז-שמאל כמעט בכל התחומים, אבל יש תחום אחד שמה שנקרא שמאל הוא בהחלט יותר גרוע מהימין וזה הניסיון לבנות אותנו כמו שהם רוצים. מאיפה הבאתם את היומרה ואת היוהרה לבנות אותנו כמו שאתם רוצים? אנחנו נבוא עם העקרונות שלנו, עם הזהות שלנו, עם המאפיינים שלנו, אזרחים ערבים ויהודים דמוקרטים, בשביל להצביע על שורש הבעיה. אני רוצה להגיד עוד למה שנקרא מרכז-שמאל. תראו, בשנת 1992 מפלגת העבודה הייתה 44 מנדטים והיום ארבעה מנדטים. מרץ הייתה 12 מנדטים ועכשיו מרץ לא עברה את אחוז החסימה. בזמנו רבין נשען על נציגי האוכלוסייה הערבית שהיו חמישה נציגים. מאז שנת 1999, כשזכה ברק, עמד בכיכר רבין ואמר: אני ראש ממשלה לגיטימי, קיבלתי רוב יהודי. מאז המרכז-שמאל נחלש כל הזמן, כל הזמן. כי אם יש לך רגשי נחיתות כלפי הימין, או במקום מסוים אצלך אתה מאמין שהוא יותר פטריוט ויותר לאומי ממך, כמו שהייתה הממשלה הקודמת, שאמרה: אנחנו בפועל ממשלת ימין, הרגנו פלסטינים לא פחות מנתניהו. מה שמבצעים בנגב, תוקפים את הנגב, לא פחות מממשלות נתניהו. יש רגשי נחיתות בקרב המרכז-שמאל כלפי הימין. אני אומר לכם שזו לא הדרך. כולם יודעים שיש פיל בחדר. איך אפשר להעלים את הכיבוש ואת העם הפלסטיני כולו? איך אפשר להעלים את האזרחים הערבים, שגם בהיותם מיעוט הם חלק אינטגרלי מהמאבק למען הדמוקרטיה? זאת גם עמדה ערכית וגם סיטואציה כזאת של מיעוט שתמיד הוא ירוויח מסובלנות, סבלנות, דמוקרטיה, חופש ביטוי, מן הסתם. איך אפשר לנטרל את הכוח האדיר הזה? זאת ירייה ברגל. יאיר לפיד מדבר על זה שהוא לא רוצה את הנהגת האוכלוסייה הערבית – חלק ממסיבת העיתונאים. ואני אומר שאין שירות לנתניהו יותר מהשירות הזה.

אין שירות לנתניהו יותר מהשירות הזה, לעשות דה-לגיטימציה להנהגת האוכלוסייה הערבית. אני אגיד לך מה הוא אומר. הוא רוצה ערבי שהוא יבנה אותו כמו שהוא רוצה. זה לא יאיר, זה יהיר. רק בן אדם יהיר חושב כך.

יש לנו עמדות הכי דמוקרטיות שיש, הדמוקרטיות למהדרין במליאה הזאת. מה העמדות שלנו? שיש פה שני עמים, היהודים מימשו זכות הגדרה עצמית ואני מאמין בזכותם של היהודים במימוש זכות ההגדרה העצמית. אבל יש עם אחר שטרם מימש, ואנחנו נעשה את הכול בשביל שהעם הפלסטיני יממש את זכותו להגדרה עצמית ותקום מדינה פלסטינית לצד מדינת ישראל בגבולות 67'. מה יותר דמוקרטי מזה? זה שיש במדינת ישראל 80% יהודים ו-20% ערבים, ואני נאבק למען שוויון מלא לאוכלוסייה הערבית? האם יש מישהו פה שנאבק למען שוויון מלא חוץ מאיתנו? אז מי הדמוקרט האמיתי במקום הזה? פשוט מאוד, חוץ מסיעת חד""ש-תע""ל אין סיעה אחת במשכן הזה שדורשת שוויון מלא לשני העמים, הן ברמה האזרחית והן ברמה הלאומית. אין עוד סיעה. לכן אנחנו הסיעה הדמוקרטית ביותר בבניין הזה. אבל המרכז שמאל – שמאל – שהשמאל הזה, תשים אותו בכל מקום טבעי בעולם – הוא ימין. תשימו את השמאל הזה בכל מקום בעולם, בכל מקום, בכל מדינה דמוקרטית – הוא ימין בתפיסה שלו. הוא רוצה שהמדינה תהיה לעם אחד, אבל לא תהיה לכל האזרחים שאנחנו מדברים על קבוצה ילידה בת המקום שלא באה למדינת ישראל, מדינת ישראל באה אליה ועליה. זה שאנחנו, הילידים, נאבקים למען שוויון מלא בין שני העמים זו לא רק עמדה ערכית, זו גם פשרה היסטורית. אנחנו הדמוקרטים האמיתיים. אני רוצה להגיד ולפנות לאוכלוסייה הערבית, למרות הכול אנחנו צריכים להשתתף בהפגנות. אני קורא לכולם לבוא ולהשתתף בהפגנות. זה כל כך חשוב, עם העקרונות שלנו, עם המאפיינים שלנו. תודה רבה.

שתי שאלות, בבקשה. השאלה הראשונה: למה היהודים לא הגיעו הנה לפני 1897, במאה ה-18 או במאה ה-17?

למה לא הגיעו בהמוניהם? לא היו גבולות, אז למה אנשים מעיראק לא באו ברגל, מלבנון, ממרוקו? לא היו גבולות, הכול האימפריה העות'מאנית. לא היו גבולות, למה לא הגיעו במאה ה-18? אני רוצה להבין ממך. ויש לי עוד שאלה, בבקשה.

זה שמדינת ישראל מושיטה יד לשכניה, לא יודע מה – על מה יצאה מדינת ישראל למלחמה בשנת 1956? מה הסיבה?

לא תעלת סואץ. מה הקשר של מדינת ישראל?

למה טפטופים? הרי הכול היה פתוח – מלבנון, סוריה, עיראק.

לא, לא, השאלה שלי היא למה לא במאה ה-18, למשל?

כי נראה שרק העניים מגיעים.

אלה שמסתדרים בחו""ל לא מגיעים.

אני לא מדבר על טפטופים, אני לא מדבר על  עשרה אנשים, 20 אנשים. היו במאה ה-18 אלפי יהודים במרוקו, עשרות אלפים, גם בעיראק וגם בלבנון וגם בסוריה, למה לא הגיעו לפה במאה ה-17 וה-18? זו השאלה. אם הגיעו עשרה אנשים, זאת לא תשובה על השאלה שלי. למה לא באו? הכול היה פתוח, לא היו גבולות.

אני אעלה ואענה על השאלה הזאת.

כבוד היושב-ראש, עמיתיי חברי הכנסת וחברות הכנסת, אני איש פוליטי ולא מערבב בין דת לפוליטיקה, אבל בכל זאת הדברים לא נכונים אז צריך לתקן אותם. מי שהיה במקומך יושב-ראש הכנסת וניהל את המליאה, אוריאל בוסו, חבר הכנסת, אמר שהקוראן לא השתמש במונח או במילה ""ירושלים"". אני רוצה לתקן. הקוראן התייחס לירושלים בהרבה פסוקים, למשל (אומר דברים בשפה הערבית, להלן תרגומם). יש עוד הרבה פסוקים כמו (אומר דברים בשפה הערבית, להלן תרגומם), ועוד ועוד ועוד. לכן אסור לשקר. אבל אני רוצה להגיד משהו אחר. שדווקא בתורה ירושלים לא מוזכרת. כלומר בראשית, שמות, ויקרא, במדבר, דברים. כל חמשת הספרים של התורה כולם – לא בבראשית מוזכרת ירושלים ולא בשמות, לא ויקרא ולא במדבר ולא דברים. אני רוצה להגיד שכשהזכרתי את הקוראן, למשל, המוביל בפרשנים, שזה מוחמד ג'ריר א-טברי, שהיה במאה העשירית, כלומר 100 שנה לפני הקונגרס הציוני הראשון, הוא פירש את אל-קריה, כלומר ירושלים, והייתה תמימות דעים בקרב כל הפרשנים. אז כשנדבקתי בקורונה הייתה לי הזדמנות לקרוא את כל ספרי הדת, והאמת שזו פעם ראשונה שאני מגלה שירושלים לא כתובה בתורה. זו פעם ראשונה.

אני חושב שזו הערה חשובה. אבל חברים, אני לא איש דת, אני לא מערבב בין דת לפוליטיקה. אני חושב שהעיקר הוא שיש פה שני עמים, יש עם פלסטיני שטרם מימש את זכותו להגדרה עצמית, וירושלים המזרחית אמורה להיות בירת פלסטין, וכך יהיה שלום שיטיב עם כולנו. תודה רבה.",1
349940,"יש חלק אחר מהאזרחים – הערבים, והם לא העם זה, הם עם אחר.

הם אזרחים שותפים. הדמוקרטיה ובכלל השוויון – מדברים על שוויון לאוכלוסייה הערבית, למשל, בהפגנות - - -

המילה ""עם"", ""קרע העם"" – את עם, ואני עם אחר.

בשביל להיות חלק מהמחאה, בשביל שאני אהיה חלק מהמחאה, חשוב לי שאלות קרדינליות עבור השלום, השוויון. זה חלק מהמחאה.

- - יש ערבים ביש עתיד? הוויכוח הוא - - -",1
350087,"כבוד היושב-ראש, עמיתיי חברי הכנסת וחברות הכנסת, סיעת חד""ש תע""ל היא הסיעה היחידה שמסתייגת מהחוק הזה. יש עתיד למשל יצביעו בעד.

וגם יוזמים. משתפי פעולה מלא על מלא עם הליכוד ועם בנימין נתניהו. וזו לא הפעם הראשונה, אלא החבר'ה עקביים. שלילת אזרחות – האמת, קטן עליכם. ממש קטן עליכם. הרי אתם שללתם את האזרחות של עם שלם בשנת 1948. קטן עליכם. אני רוצה להגיד לכם, לספר על הגזענות שלכם – אתם כבר לא מתביישים. לא מעניין אתכם. למשל, יהודי שרצח ראש ממשלה בכוונת תחילה, יגאל עמיר, שוללים ממנו את האזרחות או לא, בגלל שהוא יהודי? אבל מי שביצע מעשה שהוא פחות מרצח ראש ממשלה, כן שוללים ממנו את האזרחות. האמת היא שבמדינת ישראל, למרות הגזענות הקוהרנטית לאורך כל השנים, היה מרחב של ממלכתיות מסוימת. כלומר, במידה שהיה מגיע חבר כנסת ואומר: אני רוצה לשלול אזרחות מבן אדם שביצע 1, 2, היו אומרים לו: לא, צריך עונש של חמש שנים, ארבע שנים, שבע שנים, אבל לא שלילת אזרחות, שאני מתנגד לדבר הזה. אבל היום – הפקרות לגמרי. פופוליזם לשמו. בא חבר כנסת, יש לו כוח קואליציוני מסוים, אומר: אם לא נותנים לי, אני אפריע. אז חלק מהפופוליזם – כן, נותנים לו. אני רוצה לדבר על המשך שיתוף הפעולה בין יאיר לפיד לבין בנימין נתניהו. למשל העקביות בדה-לגיטימציה נגד הנהגת האוכלוסייה הערבית. הרי זה סיוע ישיר לבנימין נתניהו ולימין עצמו.

אני אספר לך משהו, מאיר כהן,

אני אספר לך משהו. שמעתי את השקר של יו""ר הרשימה שלך, יאיר לפיד, שהוא מאשים אותנו – אנחנו – שאנחנו הפלנו את הממשלה הקודמת, וזה שקר מוחלט. אבל תראה את השקר ואת הגזענות, מאיר כהן. מאיר כהן, אני מבקש ממך. ראה את הגזענות לשמה. אני שואל: למה, למשל, גנץ, שבגד בבוחרים שלו וגם ביאיר לפיד והתחבר לנתניהו והקים עם נתניהו ממשלה – בני גנץ, כן? – למה הוא מזמין אותו, למשל? בגלל שהוא אשכנזי לבן יפה תואר ובלורית. זהו העניין. גזענות לשמה נגד ערבים. אתה חלק ממפלגה לבנה גזענית נגד ערבים. מאיר כהן, זה אתה. משתמשים בך כעלה תאנה ולא מעבר.

לא, אני מדבר על ישראל הראשונה של יאיר לפיד, שמביאים כמה עלי תאנה בשביל להגיד שזה לא כך. אבל זה לא נכון. אני רוצה להגיד שאין סיעה דמוקרטית יותר מחד""ש-תע""ל, אין. היחידה שנאבקת למען דמוקרטיה לכולם, ממש לכולם. לא כמו יש עתיד, שמתנגדים לדיקטטורה נגד יהודים, אבל נגד הפלסטינים והמשך הכיבוש – זה כן. אפליה נגד האזרחים הערבים – זה כן. יש עליית מחירים – מה זה מעניין את מעמד הביניים הלבן, עליית מחירים? מה זה מעניין, עליית מחירים? הרי מרגישים טוב. אפשר להעלות בעוד 500 שקל בחודש למשפחה, מה זה יפריע להם? לכן, רוצים דמוקרטיה, אבל בלי לדבר על השלום. אפשר דמוקרטיה עם כיבוש העם הפלסטיני? כן, אפשר מבחינתם; אפשר דמוקרטיה עם אפליית האזרחים הערבים, מבחינתם? כן, אפשר; אפשר דמוקרטיה עם פערים כלכליים חברתיים? כן, מבחינתם, אפשר. העיקר זה מעוז הליברליזם – בית המשפט העליון. מבחינת בית המשפט העליון, אנחנו בחד""ש-תע""ל, יש לנו אחריות. תשאלו אותנו: האם אנחנו רוצים או הכול או כלום? אנחנו רוצים את הכול, אבל מבחינתנו, עוד צעד ועוד צעד זה מבורך וחשוב. כלומר, האם אנחנו רוצים עוד שני שופטים פשיסטים או עוד שני שופטים דמוקרטיים? בוודאי חשוב לנו שיהיו עוד שני שופטים דמוקרטיים. אנחנו חלק מהמערכה הזו. לכן אנחנו נגד ההפיכה השיפוטית. לכן אנחנו משתתפים בהפגנות. לכן שלשום יצאנו והפגנו עם המפגינים סביב הכנסת. ואנחנו מברכים על ההפגנה החשובה הזו. יחד עם זאת, לא נוותר על הקול הייחודי שלנו. לא נוותר על הקול הייחודי שלנו שרואה שהפגיעה העיקרית בדמוקרטיה זה כיבוש עם אחר. שהכיבוש מזין את הפשיזציה לתוך מדינת ישראל. מאיפה הגיע בן גביר? מהתנחלות; מאיפה הגיע סמוטריץ'? מהתנחלות. הכיבוש מזין את הפשיזציה בתוך מדינת ישראל. לא רוצים לשמוע על זה. ביש עתיד לא רוצים לשמוע על זה.

אתה, אל תצביע היום עם הממשלה, אבל אתה - - -

עידן, תשיב לי על השאלה לגבי שלילת אזרחות. תשיב לי על השאלה הזו: למה ליגאל עמיר יש עדיין אזרחות ישראלית?

למה אתה בעד שלילת אזרחות לערבים, ותצביע בעד, ולמה ליגאל עמיר, רוצח ראש ממשלה, יש אזרחות ישראלית? בגלל שאתם גזענים.

הינה, שמעתם? שמעתם אותם? הם, הם, הגזענים.

הינה העדות שאנחנו, הדרך שלנו היא להיאבק נגד הפשיסטים ולעשות הכול בשביל להפיל את הממשלה. אבל גם ניאבק נגד הגזענות וההתנשאות של יש עתיד. זוהי העמדה הנכונה, ואנחנו נמשיך בה ולא נוותר. לכן כן נשתתף בכל הפגנה וכן נרים את הסיסמאות כמו ""אין דמוקרטיה עם כיבוש"". נמשיך בדרכנו הצודקת, האנושית, שבסופו של דבר מהווה אינטרס אמיתי ואסטרטגי לשני עמים. אבל אתם, יש לכם חולשה בפני הימין. אתם בתוככם, בפנים, מרגישים שהם הפטריוטים והם הלאומיים. לכן אתם רוצים להיראות לאומיים לא פחות מהם. הלאומיות שלכם היא מפלטו האחרון של הנבל. לכן, מאז שברק קיבל רוב בשנת 1999, בכיכר רבין ביום היבחרו, בשחר של יום חדש, הוא דיבר על רוב יהודי מבחינתו. כך הוא לגיטימי. ומאז השמאל מפסיד במדינת ישראל. היו למפלגת העבודה 44 מנדטים, והיום ארבעה מנדטים; היו למרצ 12 מנדטים, והיום היא לא עברה את אחוז החסימה. אנחנו, בתקופת רבין, היו לנו חמישה מנדטים, והיום – עשרה מנדטים. דרכנו צודקת, ואנחנו משכנעים את הציבור שלנו, להבדיל מהמרכז-שמאל שלא מצליח בגלל שהוא לא מדבר על הפיל שבחדר שכולם רואים אותו, וזה הכיבוש. כי הוא לא אומר את האמת לציבור שלו, שיש פה שני עמים – לא רק עם אחד, אלא שני עמים – ומגיעה לשניהם זכות הגדרה עצמית. זוהי העמדה הערכית. האם קל לי כפלסטיני לקבל את הפשרה ההיסטורית שמגיעה לשני העמים זכות להגדרה עצמית? אתם חושבים שזה קל לי? לא, זה קשה. מבחינתי, זו פשרה היסטורית כואבת. אבל בגלל שאני מאמין בבן אדם, מאמין שהתפתחה עובדה במולדת הזו שיש שני עמים, לכן אני מכיר בכך שלשניהם מגיעה זכות להגדרה עצמית. היהודים מימשו, הפלסטינים – טרם. מי צודק, אנחנו או אתם? מי מחפש צדק, אנחנו או אותם? מי מחפש דמוקרטיה אמיתית לכולם, אנחנו או אתם? אני פונה אליכם, אתם ביש עתיד: מי יותר צודק? מי מחפש צדק עבור שני העמים? מי מחפש צדק עבור כל האזרחים? זה אנחנו או אתם, הגזענים המתנשאים שחושבים שדמוקרטיה זה להמשיך ולרמוס עם שלם? לא מעניין אתכם, לא רואים. מבחינתכם הם שקופים, בגלל שאתם גזענים. לכן אנחנו נמשיך להיות חלק מהמחאה נגד ההפיכה המשפטית. זה מאבק צודק. אנחנו נמשיך להיות חלק ממנו. אבל לא נסתפק בעקרונות של יש עתיד ושל המרכז-שמאל. לא, לא נסתפק. תמיד נגיד לכולם מהו הדבר העיקרי, מה מזין את הפשיזציה בתוך מדינת ישראל, מה מזינים את השנאה והריחוק בין ערבים ויהודים, מה מזין את הפערים החברתיים-כלכליים. אנחנו נמשיך להצביע על הבעיה העיקרית על אפכם ועל חמתכם, עד שכולם ישתכנעו ששורש הרע ומזין הגזענות הוא הכיבוש עצמו; אנחנו נמשיך בדרכנו הצודקת, האנושית, שמחפשת אינטרסים אמיתיים ועמוקים לשני העמים ולא רק לעם אחד, אלא לשני העמים, בשביל לחיות בשלום, בשביל לחיות בדמוקרטיה, בשביל לחיות במדינה שוויונית לכולם; אנחנו נמשיך בדרכנו הצודקת בצורה העקבית ביותר, אפילו אם ניאלץ להיות קול קורא מן המדבר; נמשיך לזעוק את זעקת האמת הזו עד שתקום קבוצה נוספת ותצטרף אלינו. ואנחנו נעשה הכול בשביל לנהל שיח עם כל מיני קבוצות בשביל להרחיב את המעגל הזה, בשביל לשכנע בצדקת הדרך הזו, שמהווה אינטרסים אמיתיים לא רק לערבים פלסטינים, אלא גם ליהודים עצמם. אני רוצה להגיד שבפנינו הזדמנות היסטורית – גם הפחד מהכהניזם, גם היעלמות מרצ וגם ההפנמה שאי-אפשר בלי האזרחים הערבים. זה הזמן להרחיב את השותפות היהודית-ערבית על בסיס שלום, שוויון, דמוקרטיה וצדק חברתי. אנחנו נמצאים במשבר היסטורי, אבל גם בהזדמנות היסטורית. אני רוצה לעבור לשפה הערבית ולהגיד כמה מילים לציבור הערבי בשפה שלנו. (אומר דברים בשפה הערבית, להלן תרגומם.)",1
350140,"כבוד היושב-ראש, עמיתיי חברות וחברי הכנסת, במדינת ישראל מי שמוגבל בניידות מסיבות רפואיות מקבל תמיכה מהביטוח הלאומי לפי חוק הביטוח הלאומי. יש אנשים שמצבם לא מאפשר להם להשתמש בתחבורה הציבורית, ולהם הביטוח הלאומי מסייע ברכישת רכבים מותאמים, שמטרתם לאפשר לאותם אנשים להשתלב בחברה ובשוק העבודה. אבל יש קבוצה אחת של מוגבלי ניידות, שלא זכאית לתמיכה הזאת – קטועי הידיים מהמרפק ומעלה. אלה אנשים שלא יכולים, מן הסתם, להשתמש בתחבורה ציבורית, אבל דווקא בזכות פיתוחים טכנולוגיים בעשורים האחרונים הם יכולים לנהוג ברכב המותאם להם, ולהמשיך להיות חלק מהחברה ולא מוגבלים רק לבתיהם. הסיפור הוא, בקיצור, כבוד היושב-ראש, שבשנת 1995 נכרת הסכם בין הביטוח הלאומי לבין האוצר, שאנשים שיש להם מוגבלות, בעיקר ברגליים, יכולים לנהוג ברכב מותאם. אבל הטכנולוגיה אז בשנת 1995 לא אפשרה לאנשים שהם קטועי יד מהמרפק ומעלה לנהוג ברכב. אבל בעשור האחרון יש התפתחות טכנולוגית שכן מאפשרת. לכן צריך להכליל את הקבוצה הזאת כחלק מהאנשים שזכאים לרכב מותאם. זה כל כך קטן בעבור הממשלה, אבל זה כל כך חשוב עבור האנשים הללו. זה ייתן להם הזדמנות ואופק להשתלב בחברה ובשוק העבודה. אני מבקש מהממשלה לאשר. הבנתי שאנחנו מגיעים עכשיו להסכם, שההחלטה בנושא הזה תהיה בשבוע הבא. לכן, אני דוחה את ההצבעה על ההצעה שלי לשבוע הבא.",1
350259,"כבוד היושב-ראש, עמיתיי חברי הכנסת וחברות הכנסת, סיעת חד""ש-תע""ל מן הסתם תתנגד, תצביע נגד הצעת החוק הזו, ואני אסביר: בית המשפט העליון היה רע איתנו. לא דמוקרטי בכלל. כמה פעמים עמדתי פה והסברתי איך בשנה האחרונה הייתי שלוש פעמים בבית המשפט העליון, בתביעות כל כך צודקות: הראשונה עם משפחת יעקוב אבו אלקיעאן מאום אל-חיראן – בית המשפט דחה את התביעה שלנו; פעם שנייה עם הרופא העזתי שהכיבוש הרג את שלוש בנותיו – בית המשפט דחה את התביעה שלנו; פעם שלישית עם האמן מוחמד בכרי – בית המשפט גם דחה את תביעתנו. לכן מבחינתנו הוא בית משפט שלא קיים צדק עם הסוגיות של האזרחים הערבים. גם לא עם השכבות המוחלשות, ובוודאי עם הפלסטינים בשטחים הכבושים מאז שנת 67'. ובכל זאת, אם תשאלו אותי אם אני רוצה עוד שני שופטים ימניים פשיסטים או שאני רוצה עוד שני שופטים דמוקרטיים – לא, אני רוצה עוד שני שופטים דמוקרטיים. חשוב לי שהמצב לא יהפוך ליותר רע, ואני אסביר למה: למשל, חוק איחוד משפחות נפל בגלל שופט אחד. דומני שישה מול חמישה. לכן אני רוצה עוד שני דמוקרטיים, ולא עוד שני אנשים אנטי-דמוקרטיים, שני שופטים. הפסילות של הח""כים או של הרשימות, מי שעמד איתן מול ועדת הבחירות זה היה בית המשפט. לכן אכן חשוב לנו שבית המשפט יהיה יותר דמוקרטי ולא ההפך. עכשיו, אני חושב לעצמי, מה הימין רוצה? מה הוא מחפש? אני חושב ששלושה דברים: הדבר השלישי הוא גנבת אדמות פרטיות מהפלסטינים. עד עכשיו בית המשפט קיבל את ההתנחלויות שהן לא לגיטימיות לפי החוק הבין-לאומי ולפי חוק הצדק. אבל אדמות פרטיות הוא התנגד. עכשיו כן רוצים. הדבר השני שיבטיח שהימין יישאר בשלטון לעוד הרבה זמן זה לפסול אותנו אנחנו. פסילת הרשימות שלנו והח""כים שלנו. לעשות הדרה לאוכלוסייה הערבית. מי שירוויח מזה זה הימין. זו הסיבה השנייה. והסיבה הראשונה זה התיקים האישיים של בנימין נתניהו. הוא רוצה שופטים כרצונו. שיעזרו לו בבית המשפט בשביל לעבור את התיקים הפליליים שלו. לכן אנחנו בכל הרמות הדמוקרטיות נצביע נגד החוק הדיקטטורי הזה שמקדם את ממשלת הימין. אני רוצה לפנות למרכז-שמאל ולהגיד להם: חברים, אם לא תפנימו, אם לא תפנימו שבית המשפט היה רע כלפי האוכלוסייה הערבית, לכן קשה לאוכלוסייה הערבית לצאת להפגנות, אבל בכל זאת צריך להגיד גם לאוכלוסייה שלנו הערבית: אנחנו כן צריכים להשתתף בהפגנות, אנחנו לא רוצים שהמצב יהפוך ליותר רע. אבל חשוב שבמרכז-שמאל יפנימו שמהמשבר הזה צריכה להיות הזדמנות למען דמוקרטיה אמיתית ולא רק הדמוקרטיה שהייתה אתמול ושלשום, שלא הייתה דמוקרטיה עבורנו. תודה רבה.",1
350596,"- - - ופושעים, בושה. ילד בן 16 - - -",1
350652,"כבוד היושב-ראש, עמיתיי חברי הכנסת, חברות הכנסת, בשבוע שעבר שקדתי על קריאת הספרות של הרצל, בנימין זאב הרצל, חוזה המדינה. ראיתי שם שעמוד השדרה של התפיסה שלו זה מקלט ביטחוני ליהודים. והוא עוד אמר שהאנטישמיות ""תופעה נצחית"". אחרי שקראתי את הדברים הללו, אמרתי, אני רוצה לבדוק האם הרעיון הזה הצליח או פשוט מאוד נכשל. אז ביקשתי לראות כמה יהודים נפגעו בתוך מדינת ישראל וכמה יהודים נפגעו מחוץ למדינת ישראל. ביקשתי את הנתונים, ומצאתי כך: מאז 48' עד עכשיו נהרגו 24,168 חיילים, כן, 24,168 חיילים. וכמה אזרחים בתוך מדינת ישראל? 4,181. כלומר, כולם ביחד – 28,246. ביקשתי לדעת כמה יהודים נהרגו בכל העולם משנת 48' עד עכשיו. מה מצאתי? 168 אנשים, כלומר, מה שאמר ישעיהו לייבוביץ', המקום הפחות-בטוח עבור היהודים בכל העולם זה המקום הזה.

משנת 48' עד עכשיו. אני חושב ש-75 שנים זו תקופה מספקת לכולנו בשביל לדעת אם יש הצלחה או יש כישלון. ואני רוצה לשאול למה. התשובה שלי היא מאוד ברורה. מדינת ישראל, אף פעם ההנהגה שלה לא חיפשה פשרה היסטורית אמיתית. פעם היה ויכוח במקום אחר לגמרי – פעם בין סוציאליזם לבין לאומיות, אז הלאומיות גברה; פעם אחרת בין לאומיות לבין דמוקרטיה, מדינה יהודית ודמוקרטית. זה נכשל כל פעם. בממשלה הזו דווקא אספו את הרעיון משני הצדדים. פעם אמרו: רוצים ארץ ישראל השלמה, וקבוצה אחרת אמרה: רוב יהודי. הפעם בממשלה הזו, אומרים: גם את המולדת כולה, גם עם רוב יהודי, ואפילו אם אין, אז שיהיה אפרטהייד. לכן, בלי בחירה בשלום, כל הקורבנות, כל הקורבנות, פלסטינים ויהודים, הם על הממשלות, ממשלות ישראל, שמקדמות כיבוש וריב בין שני העמים.",1
350721,"צריך להרוג את הכיבוש, צריך שיהיה שלום.",1
350781,"כבוד היושב-ראש, עמיתיי חברי הכנסת וחברות הכנסת, תרשה לי בבקשה לדבר בשפה הערבית, לפנות אל הציבור שלנו בשפה שלנו. (אומר דברים בשפה הערבית, להלן תרגומם:)

אני מבקש את השניות שהפסדתי.

(אומר דברים בשפה הערבית, להלן תרגומם:)

אתה רוצה שאתרגם או שלא צריך?

אני רוצה להגיד לך משהו בקצרה. אני רוצה להגיד לך משהו בקצרה.

מי שהתייחס אלינו כאל אור לגויים ורצה אותנו חוטבי עצים ושואבי מים, מסתכל על המליאה פה ורואה שאנחנו איגרא רמא ואתם בירא עמיקתא.",1
350893,"מקובל. בסוף השבוע לפני שבועיים, 17 ו-18 בחודש שעבר, נהרגו ארבעה אזרחים בכבישים. מאז המספר גדל ל-12 הרוגים. מתחילת השנה נהרגו 46 אזרחים בתאונות דרכים. רצוני לשאול: 1. האם התאונות התרחשו בכבישים המוגדרים כמסוכנים? 2. אם כן – מה נעשה כדי להקטין את המסוכנות? 3. מה תוכנית משרדך להפחתת תאונות הדרכים, והקטלניות במיוחד?

כבוד סגן השר, תודה רבה על המענה המפורט, ובכל זאת, לאוכלוסייה הערבית יש ייחוד מסוים. מסיבות ידועות, אנחנו חיים בתוך היישובים ההיסטוריים שלנו. יש קבוצה אחרת שגרה ליד מקום העבודה, אנחנו גרים ליד ההורים שלנו, לכן אחוז גדול מהאזרחים הערבים באים לעבוד מהעיר סח'נין לחיפה למשל, או מאום אל-פחם לתל אביב, או מהמשולש הדרומי לגוש דן, וחוזרים. לכן: 1. זה המרחק; 2. הם עובדים בעבודות שלפעמים הן קשות מאוד, כמו בניין ושירותים; 3. תשתיות רדודות יחסית למצב הכללי במדינה. לכן אני חושב שצריך תוכנית ייחודית לאוכלוסייה הערבית.",1
351022,"- - - הפקעות הקרקעות עוד לא שמעת?

כבוד היושב-ראש, עמיתיי חברי הכנסת וחברות הכנסת, אני שוב מעלה את השאלה על חשיבות השתתפות האוכלוסייה הערבית במחאה נגד ההפיכה השיפוטית. העמדה שלי ברורה, מובהקת, שכן; אנחנו גם התחלנו, וגם צריך עוד יותר וביתר שאת להשתתף בהפגנות. אני רוצה להסביר את עמדתי. מבחינתנו המצב הוא רע, אבל אנחנו לא רוצים שהוא יהיה עוד יותר רע. לגבי הצעת החוק הנוכחית, שמתייחסת להרכב בית המשפט, חשוב לי לומר כך: למרות האפליה בייצוג השופטים הערבים, אם אנחנו רוצים פחות שופטים ערבים או יותר שופטים ערבים? אני חושב שהכיוון הוא ברור: אנחנו רוצים עוד יותר. מאין מגיעים השופטים הערבים? האם מההצעה של נציגי הממשלה, או מנציגי לשכת עורכי הדין בוועדה למינוי שופטים? התשובה ברורה. מגיעים מהלשכה, לשכת עורכי הדין. היחלשות הלשכה לטובת הממשלה תפגע בייצוג השופטים הערבים. הינה, זה ברור. הדבר השני, האם אנחנו חלק מהמאבק למען דמוקרטיה כוללת או שזה לא מעניין אותנו? אני רוצה להסביר לציבור הרחב ולאוכלוסייה הערבית בפרט את הסיפור שהזכרתי מעל כמה במות, שאני ביקרתי אצל פרופ' זאב שטרנהל, זיכרונו לברכה, אחרי כתיבת מאמר בהארץ בשנת 2018, שכתב בו שמדינת ישראל עוברת לשלבים הראשונים של הנאציזם. זה לא אני, זה זאב שטרנהל. באותו לילה ביקרתי אצלו בבית ואמרתי לו, כתבת דברים קשים ואני מודאג ממה שכתבת בגלל שאני מעריך אותך. התחלנו לדבר על כל מיני נושאים, בין היתר על הצלחה של ערבים במישור הרפואה, ההייטק ותחומים אחרים. הבן אדם לא ענה לי. הוא לקח אותי לספרייה והוציא ספר בשם: היהודים בגרמניה 1930. הוא אמר לי שהיהודים היו בברלין ב-1930 0.5%, חצי אחוז. אבל הם היו 30% מהרופאים, היהודים היו מנהלי בתי חולים, ראשי בנקים. דווקא הצלחה של מיעוט ולא כישלון, דווקא הצלחה של מיעוט באווירה לא דמוקרטית עוד תטיל אסון עליהם. לכן המאבק לא צריך להיות רק הצלחות פרטניות בבתי חולים, בהייטק, במקומות אחרים, אלא צריך להיות מאבק על הדמוקרטיה כולה. וזו צריכה להיות דרכה של האוכלוסייה הערבית.

אתה יודע מי הביא דוגמאות של נאציזם? אחד כמו מנחם בגין, מעל הבמה הזאת אמר שהחוקים של מעצר מינהלי הם חוקים של נאצים. זה לא אני, זה מנחם בגין. יכול להיות שמבחינתך מותר לו, אבל בגלל שאני ערבי אז לא מותר לי.

אני יודע מה בן-גוריון אמר על בגין, מה אמר עליו, מה אמר על ז'בוטינסקי. ולדימיר ז'בוטינסקי והמשיך את השם של הצורר הגדול ביותר בהיסטוריה. בזה אני לא השתמשתי, אבל אני הבאתי ציטוט מפרופסור מוערך ביותר. אני חושב שהוא מספר אחד בעולם בנושא הפשיזם, זאב שטרנהל. ואני אומר לך, כבוד היושב-ראש, אני רוצה להגיע למסקנה שהמיעוט לא צריך להסתפק בהצלחות פרטניות בבתי חולים, רופאים, ראשי מחלקות, בהייטק, אלא אנחנו צריכים לשים את המשקל שלנו למען דמוקרטיה במדינת ישראל בכלל. אני מבין חלקים גדולים מהציבור שלנו, שהם כל כך כועסים על הגזענות של ישראל הראשונה, אני מבין את זה. מה זה? זה התחיל בממשל צבאי, עד לאמירות הגזעניות של יאיר לפיד. אני מבין את זה. אבל בכל זאת, אני רוצה לפנות לציבור שלנו ולהגיד לו, אנחנו צריכים לעשות שני דברים ביחד: הדבר הראשון, אנחנו צריכים להיות חלק מהמחאה נגד ההפיכה השיפוטית; והדבר השני, זאת הזדמנות שלנו. מהמשבר צריכה לצאת הזדמנות להרחיב את השותפות היהודית-ערבית על בסיס של שלום ושוויון ודמוקרטיה אמיתית. כלומר, לעשות את שני הדברים ביחד, לא להיות חלק אינטגרלי מהמחאה ולהגיד לה שאנחנו איתכם ואין לנו לא עקרונות ולא זהות שלנו; ולא לשבת בבית. אלא לעשות את שני הדברים ביחד, גם להשתתף בהפגנות וגם עם העקרונות שלנו. למשל, אני שותף למערכה נגד הפגיעה בבית המשפט העליון, אני רוצה אותו יותר דמוקרטי לא פחות דמוקרטי. אבל יש שאלות יותר חשובות, למשל, מה עם הכיבוש נגד העם הפלסטיני? מה, זו לא שאלה דמוקרטית חשובה? לכן אנחנו צריכים להיות גם וגם. גם וגם. אני פונה אליך, יאיר לפיד. אנחנו רוצים להיות חלק אינטגרלי מהמחאה נגד ההפיכה השיפוטית. חלק אינטגרלי. יחד עם זאת, מי שרוצה להגיד לי שאנחנו צריכים להגיע למצב שהאנשים המיוחסים יחזרו לשלטון ויפגעו גם בעם הפלסטיני, גם באזרחים הערבים וגם הצדק החברתי לא מעניין אתכם כי מצבכם הכלכלי טוב – מצבכם הכלכלי טוב, מעמד הביניים מרגיש טוב. לכן, מבחינתנו, דמוקרטיה אמיתית זה שלום, זה שוויון, זה צדק חברתי. זוהי דמוקרטיה אמיתית. לכן אנחנו נהיה חלק מהמחאה הזאת יחד עם ההדגשה על המיוחדות שלנו. אני רוצה להגיד לאוכלוסייה שלנו עוד דבר, ואני כן רוצה להביא משוואה מהתקופה הקשה ביותר. איך עלה היטלר לשלטון? איך עלה? בבחירות דמוקרטיות. מה קרה אז? לצערי הרב, הסוציאל-דמוקרטים לא ידעו להתאחד ולבנות ברית משותפת עם הקומוניסטים. זו הייתה טעות היסטורית. עכשיו, אני מבין את הקומוניסטים, כעסו על הסוציאל-דמוקרטים בגלל שעשו ברית עם הימין, רצחו את רוזה לוקסמבורג ב-1919 כשהם ירו ללא הבחנה בהפגנה של 1 במאי בשנת 1928 והרגו עשרות מהמפגינים. יש אלף סיבות מוצדקות. אבל עצם העובדה שלא ידעו לשתף פעולה ביחד, עצם העובדה הזאת – אז היטלר עלה לשלטון. לכן אנחנו צריכים ללמוד מההיסטוריה הזאת ולהגיד, אנחנו כל כך כועסים על מה שנקרא מרכז-שמאל, אבל בכל זאת צריך לראות את העיקר עכשיו. והעיקר עכשיו – לבנות ברית כמה שיותר רחבה נגד הפשיזציה במדינת ישראל. זה הדבר החשוב ביותר ברגע הזה. אני פונה לנציגי המרכז-שמאל ואומר להם, כשאתם עוקבים אחרי הסקרים והסקרים אומרים לכם: תתרחקו מהם – אז אתם כמו פחדנים בורחים מאיתנו. אני אומר לכם, צריך דרך אחרת. אי-אפשר להתעלם מהעובדה הזאת, להגיד לכל האזרחים: יש פה שני עמים וצריכים לכבד אותם. זו עובדה. צריך להגיד לציבור שבלי המשקל של האוכלוסייה הערבית לא ננצח את הימין. צריך להגיד את האמת לציבור והציבור יודע את האמת הזאת. האם יש מחיר לחיבור כזה? בוודאי, וזה השלום והשוויון. המחיר לשותפות כזאת זה כמו שהיה בממשלת רבין, זה החתירה לשלום ולשוויון. אנחנו מושיטים יד לכל מאבק שיביא דמוקרטיה, שלום ושוויון. תודה.",1
351119,"אני יודע שרק אנחנו הפעלנו אותו - - - אותו קלקול - - -

כבוד היושבת-ראש, זוהי מדינת ישראל היהודית. רואים את זה בכל מקום. גם בהתערבות בחיי האזרחים, עם מי יתחתן הבן אדם. יהודי שהוא לא אזרח, חי בארצות הברית, מתחתן עם מי שהוא רוצה, הוא יכול לקבל אזרחות. אבל אזרח שהוא בן המולדת הזו, שאין לו מולדת אחרת מלבדה, מחליט להתחתן, במידה שהוא מתחתן עם פלסטינית מהעם שלו, לפי מדינת ישראל זה אסור. כל פעם שהמדינה הזו מתגזענת עוד אני מרגיש שזה כמו משל בשפה הערבית (אומר דברים בשפה הערבית), תן בלע מגל – אין לו מה לעשות איתו. זה אותו דבר לגבי כיבוש העם הפלסטיני. המדינה הזו לא יהודית ודמוקרטית, זו מדינה יהודית ודמוגרפית. גם בחוק הזה, גם בכל נושא אחר. למשל, כבוד היושבת-ראש, מה את מרגישה כשהמדינה שלך מאז 48' עד עכשיו בנתה 940 יישובים חדשים, כולם ליהודים, ואפס לאזרחים הערבים? מה את מרגישה? יש הבדל בין אפליה לבין אפרטהייד. אפליה זה כשמדינה בנתה 940 יישובים חדשים, מגיע לנו 180 יישובים חדשים בהיותנו 20%, אז בונה 100 ולא 180, זו אפליה. בונה 90, 80, זו אפליה. אבל אפס זו לא אפליה, זה מעבר לכך. זו מדיניות שאומרת שהמדינה היא של עם אחד וקמה על חשבון עם אחר, נקודה. הכי ברור שיש. אני מתבונן בהתנהלות של חברי הימין ואני מרגיש את חטא היוהרה. חטא היוהרה. כל זה יהפוך נגדכם. כל זה יהפוך נגדכם. בסופו של דבר יש פה עם איתן, יש לו מודעות לאומית, נאבק למען הערכים הנעלים ביותר, שזה שלום ושוויון. זה שלום ושוויון. אין ערך יותר נעלה מהערך הזה. בסופו של דבר דרכנו תנצח ודרכם של הגזענים היא דרך נפסדת. תודה.

- - - תגידי, בבקשה, יש מדינה אחת במזרח התיכון שכובשת עם אחר חוץ ממדינת ישראל?

לכן היא - - - האחרונה ביותר.",4
351135,"כבוד היושב-ראש, עמיתיי חברי הכנסת וחברות הכנסת, בסוף החודש הזה, ב-30 במרץ, אנו מציינים את יום האדמה, יום אל-ארד אל-חאלד. לפני כמה ימים נכנסתי לארכיון המדינה, שנקרא פעם גנזך המדינה. ביקשתי מסמכים מיום האדמה, וגיליתי שחלק גדול מהמסמכים מוסתרים, וכתוב שם שהם ייפתחו לציבור הרחב בשנת 2084 – בשנת 2084, אחרי 108 שנים מיום האדמה, אחרי 61 שנים מהיום – ושם כתוב שאם אתה רוצה להגיע למסמכים ולקרוא אותם, תציין את השם שלך ותעודת הזהות שלך. רשמתי את שמי, איימן עודה, ואת תעודת הזהות שלי. מכיוון שאז אני אהיה בן 109 שנים, רשמתי גם את השם של הילד שלי – טייב עודה, ותעודת הזהות שלו. זה חלק ממדינת הנפלאות היהודית והדמוקרטית, שמסתירה מידע מהילדים שלי, מהילדים של היהודים, מהנערים הערבים והיהודים, מתלמידי תיכון ערבים ויהודים. מה הבעיה שידעו את כל מה שקרה ביום האדמה? מה הבעיה? אם ביום האדמה אפשר להגיע למסמכים אחרי 108 שנים מהאירוע, מתי אפשר להגיע למסמכים של שנת 1948, למשל? בעוד 1,000 שנה? אני הגשתי שאילתה בנושא, ואני רוצה לעקוב. אחר כך אני גם מתכוון לעתור לבית המשפט. האזרחים צריכים לדעת את האמת. מי בורח מהאמת, חברים? (אומר דברים בשפה ערבית, להלן תרגומם:)

מחאה חברתית נגד ההפיכה המשפטית - - -

מחאה נגד ההפיכה המשפטית - - -

אנחנו, האוכלוסייה הערבית, נעשה את הכול בשביל שהציבור שלנו - -

- - עוד ישתתף במחאה החשובה הזו. המצב הוא רע, אבל אנחנו לא רוצים שהמצב יהיה יותר רע. אנחנו לא רוצים עוד שני שופטים פשיסטים. חבר הכנסת אחמד טיבי, מזה 20 שנה יש שופט ערבי אחד בבית המשפט העליון. מאיפה הוא מגיע? מהוועדה למינוי שופטים. מאיזה צד? מלשכת עורכי הדין. ההפיכה הזו רוצה לצמצם את המעמד של הלשכה ולחזק את המעמד של הממשלה. והממשלה היא ימנית. אבל זה לא רק השופט הערבי. אנחנו יודעים הרבה דברים רעים על בית המשפט, אבל יש דבר שצריך להגיד לזכות בית המשפט העליון: בכל פעם שוועדת הבחירות פוסלת אותנו, בית המשפט העליון מחזיר אותנו. חייבים להגיד את זה. בפעם האחרונה, בעניינה של היבה יזבק, זה עמד על שופט אחד. האם האינטרס שלנו הוא עוד שני שופטים פשיסטים או עוד שני שופטים דמוקרטים? ברור שהאינטרס של האוכלוסייה הערבית ושל היהודים הדמוקרטים הוא עוד שני שופטים דמוקרטים נאורים. לכן האוכלוסייה הערבית, מכל מיני סיבות, צריכה להשתתף בהפגנות; אבל לא להיות חלק אינטגרלי ללא עקרונות, ללא זהות. לא, צריך לבוא עם כל העקרונות שלנו, והעיקרון מספר אחת, שמדינה שכובשת עם אחר, לא יכולה להיות מדינה דמוקרטית. ועוד להסביר לציבור היהודי, עוד להסביר לציבור היהודי שהכיבוש מזין את הפשיזציה בתוך מדינת ישראל. מה, זה פלא שבן גביר הגיע מהתנחלות? שסמוטריץ' הגיע מהתנחלות? שראש הנחש של הפשיזם במדינת ישראל זו הציונות הדתית, שהגיעה מההתנחלויות. מה, לא קושרים בין זה לזה? אני פונה ליש עתיד, אני פונה למחנה הממלכתי, אני פונה למפלגת העבודה. לא קושרים בין המשך הכיבוש לפשיזציה בתוך מדינת ישראל? אני למשל קושר בין הכיבוש לבין המצב בין ערבים ליהודים בתוך מדינת ישראל. מביאים צעיר יהודי בן 18, שמים אותו במחסום, מול מי? מול מוחמד, מול פאטמה, מול מי? הוא מגיע לפה כשהוא נפגש עם מוחמד ועם פאטמה, איך מתנהג כלפינו? מה, אני לא קושר בין הכיבוש לבין היחסים בין ערבים ויהודים בתוך מדינת ישראל? לכן, אנחנו בחד""ש-תע""ל, תפקידנו להשתתף בהפגנות החשובות. יחד עם זאת, להשמיע את הקול הדמוקרטי ולהרחיב את המחנה של יהודים וערבים, שאומרים מה העיקר; מי מזין את הפשיזציה; מי מזין את הפגיעה במרחב הדמוקרטי. להצביע על העיקר. מה שקרה בחווארה יכול לקרות בכל מקום. אני מתריע. אני מתריע: חודש רמדאן – כולם ידעו שבהיסטוריה – מה זה חודש רמדאן? זה חודש של תפילה; זה חודש של אנשים מתבוננים בתוך עצמם; זה חודש של קשרים טובים בין השכנים, בין המשפחה, עם המשפחה הגרעינית. פתאום עשו מרמדאן חודש מפחיד. ממתי הוא מפחיד? ממתי חודש רמדאן מפחיד? אבל בגלל שיש מתנחלים שרוצים לשנות את הסטטוס קוו במסגד אל-אקצא, פתאום משם הרוחות משתלהבות. אז צריך להצביע איפה הבעיה. מי שמגיע למסגד אל-אקצא במטרה לשנות את הסטטוס קוו, אלה אותם אנשים ששרפו בחווארה; זה אותם אנשים שתקפו אותנו בערים המעורבות בחודש מאי לפני שנתיים. צריך למצוא את הקשר בין הכיבוש הארור הזה לבין הפשיזציה בתוך מדינת ישראל. לכן אנחנו בחד""ש-תע""ל נהיה חלק אינטגרלי מההפגנות החשובות בפני עצמן, שאנחנו רוצים שהן יצליחו. יחד עם זאת, אנחנו נדגיש את הייחוד שלנו, ונרחיב את המחנה הדמוקרטי האמיתי במדינה. תודה.",1
351170,"כבוד היושב-ראש, עמיתיי חברי הכנסת וחברות הכנסת, סיעת חד""ש-תע""ל תתנגד לחוק הזה. מה יגיד אחד העם כשהוא רואה בן אדם שיש לו מיליונים, והוא לא מוכן להשקיע כלום? לך לסנגוריה הפרטית, תחפש עורך דין, אבל תנצל את הכוח שלך, את המעמד שלך. אנחנו, מן הסתם, נצביע נגד. כבוד היושב-ראש, עמיתיי חברי הכנסת וחברות הכנסת, השר שיקלי תקף אותי ואמר שאני לא מכיר מקומות בארץ. אני רוצה לענות לו שאני, מן הסתם, מכיר את כל המקומות שהוא הזכיר בארץ. אבל יתרה מכך, אני רוצה לענות לו את מה שענה המשורר מחמוד דרוויש כשראה מהגרים הולכים יחפים על הכרמל, ושאל אותם: למה? הם ענו: כי אנחנו רוצים קשר עם הארץ הזו. אז הוא ענה: (אומר דברים בשפה הערבית, להלן תרגומם:) אנחנו לא זקוקים לזיכרון הזה כי הכרמל בתוכנו, ועל הריסים שלנו העשבים של הגליל. אני מאוד מזדהה עם השיר הזה, גם בגלל שאני מהכרמל – אבא שלי מהכרמל, אימא שלי מכפר דאבורי – וגם בגלל שהבנים שלי, אבא שלהם מהכרמל ואימא שלהם מעראבה, מהגליל. לכן אני מאוד מזדהה עם השיר הזה. אני רוצה להגיד לו שאנחנו, הילידים, לא צריכים להוכיח שום דבר. אנחנו לא צריכים לשלול את הגלות, לא כור היתוך ולא בניית אומה, ואנחנו לא צריכים נורמליזציה עם המולדת שלנו, כי אנחנו נורמליים במולדת. אנחנו לא צריכים (אומר דברים בשפה הערבית, להלן תרגומם:) הוא דיבר על טרומפלדור, שאמר ""טוב למות בעד ארצנו"". אנחנו מאמינים שטוב לחיות בעד ארצנו. אתה רוב במדינה הזו ומקדם זכויות קולקטיביות לרוב. זה מקרה ייחודי למדינת ישראל, כי זכויות קולקטיביות הן עבור המיעוט, שצריך לחזק את המורשת, את התרבות. אבל אתה מקדם את חוק הלאום אחרי עשרות שנים מהקמת המדינה כי אתה לא בטוח בעצמך, אתה לא בטוח בפרויקט שלך, כי אתה מנסה לשכנע את עצמך. אנחנו לא זקוקים לזיכרון (אומר דברים בשפה הערבית, להלן תרגומם:.) אנחנו לא צריכים להוכיח שום דבר. אנחנו נורמליים במולדתנו, שאין לנו מולדת אחרת מלבדה.",1
351269,"כבוד היושב-ראש, עמיתיי חברי הכנסת וחברות הכנסת, קודם – ברוך הבא, חבר הכנסת ווליד טאהא, החלמה מהירה. (אומר דברים בשפה הערבית) ביום שבת השתתפתי בהפגנה בתל אביב נגד ההפיכה השיפוטית, כמו שאני משתתף מדי שבוע, והסתכלתי על האנשים שכל בן אדם דוגל בשני דגלי ישראל. חשבתי על ה""מגנום אופוס"", יצירת המופת של אמיל חביבי, ""האופסימיסט"". כשהוא דיבר על הבתים שבוואדי ניסנאס בשנות החמישים, אמר: איך ידעת מה הבית הערבי, מה הבית היהודי? אז הוא אמר: כשיש דגל ישראל אחד, הבנתי שזה בית של יהודי; כשיש כמה דגלי ישראל, הבנתי שזה בית של ערבי. למה? בגלל שערבים הרגישו צורך להוכיח נאמנות בפני הממשל הצבאי, שפחדו ממנו. ואני אומר: למה הציבור הזה נושא את דגלי ישראל בצורה הזו? בגלל שיש לחלקים גדולים רגשי נחיתות כלפי הימין. הם מרגישים שהלאומיות היא הפטריוטיזם האמיתי, ולא שוחרי השלום, הדמוקרטיה, הצדק החברתי, השוויון בין העמים. ואני אומר להם: לא צריך להוכיח שום דבר. לבוא עם הערכים הדמוקרטיים. זהו הדבר העיקרי. כשהרמטכ""ל אמר שדיקטטורה איתנה חשובה מאנרכיה, באופוזיציה הרגישו מועקה. כשהוא אמר שלשום שהנכונות לסרבנות או למילואים נשענת על היותה מדינה יהודית ודמוקרטית, האופוזיציה הרגישה אתנחתא. אני רוצה להגיד לאופוזיציה הזו וגם לרמטכ""ל, שהדיקטטורה האמיתית זה מה שנעשה בשטחים הכבושים נגד העם הפלסטיני; והאנרכיה – מה שנעשה עם העם הפלסטיני. מי שרוצה דמוקרטיה אמיתית צריך לחתור לשוויון של כל האנשים, גם הפלסטינים וגם היהודים, מדינה לצד מדינה ושוויון מלא בין ערבים ויהודים. לצערי הרב, אנחנו עדיין קול קורא מן המדבר. אבל זה לא יישאר כך. הקול שלנו עוד ינצח.",1
351308,"כבוד היושב-ראש, עמיתיי חברי הכנסת וחברות הכנסת, ביום שבת לפני יומיים השתתפתי בהפגנה בתל אביב נגד ההפיכה השלטונית, ואני חושב שכל כך חשוב להשתתף. עם זאת, התבוננתי במראה שכל אחד צועד עם שני דגלי ישראל. זה הזכיר לי את המגנום אופוס, יצירת המופת של אמיל חביבי ""האופסימיסט"", שכתב בשנות החמישים איך ידע איפה הבית הערבי ואיפה היהודי בשכונת ואדי ניסנאס בחיפה. הוא ענה כך: כשראה ביום העצמאות דגל ישראל מתנוסס מעל בית, אמר: זה בית של יהודי, אבל כשיש שני דגלי ישראל, אז זה בית של ערבי. למה? בתקופת הפחד מהממשל הצבאי וניסיון להוכיח נאמנות, שמו מעבר לדגל אחד. היום מה שנקרא ""שמאל"" במדינת ישראל, יש לו רגשי נחיתות כלפי הימין בסוגיית הפטריוטיזם; רוצה להוכיח שהוא פטריוט ישראלי. עכשיו, פטריוטיזם לא במובן שאנו שוחרים שלום. זה פטריוטיזם – דמוקרטיה, שוויון בין האזרחים, צדק חברתי לשכבות המוחלשות. לא עולים על הבמה, מדברים על מי משלם מיסים. דרך אגב, רק 30% מהאזרחים משלמים מיסים. רק 30%. אז תראה על מי הם מדברים – על מי משרת בצבא. כך לא מציגים אלטרנטיבה דמוקרטית לימין, וכך השמאל נחלש כל הזמן. לכן אנחנו כן צריכים להמשיך להשתתף בהפגנות, יחד עם הצגת העקרונות שלנו, שיש במקום הזה שני עמים, ומגיעה לשניהם דמוקרטיה אמיתית. זה שהרמטכ""ל אמר שעדיף דיקטטורה פתוחה על אנרכיה – הרגיש מועקה. מי מדבר? הרמטכ""ל, על דיקטטורה, אבל אתה עושה דיקטטורה נגד העם הפלסטיני. אבל כששלשום אמר משהו אחר – אמר שהנכונות למילואים נפגעת כשהמדינה לא יהודית ודמוקרטית – באופוזיציה הרגישו אתנחתה. אבל זה לא הסיפור. הם צריכים להגיד דמוקרטיה לכולם – גם לפלסטינים, לא רק לאזרחי מדינת ישראל. אנחנו גאים בעמדה הערכית שלנו.",1
351473,"כבוד היושב-ראש, עמיתיי חברי הכנסת, רוצה להגיד סאבח אל-ח'יר לג'מיע. (אומר דברים בשפה הערבית)

יבוא להצביע, כן או לא? כן. תודה.",1
351496,"כבוד היושב-ראש, עמיתיי חברי הכנסת, בוקר טוב, סבאח אל-ח'יר. האמת היא שלא רציתי לדבר, אבל כשבקואליציה אמרו לי שסיכמו עם האופוזיציה, ובגלל שיו""ר האופוזיציה יאיר לפיד רוצה אופוזיציה על טהרת היהודים, ולא מזמין אותנו לישיבה - -

- - אז אנחנו עומדים פה ותוקפים. אנחנו את הקואליציה.

אבל יו""ר האופוזיציה יושב בבית שלו ולא עושה את תפקידו נגד הקואליציה, אז חשוב לי להעביר את העמדה הזו. אני רוצה להגיד לציבור הרחב, בוקר טוב לכולם ולכולכן. (אומר דברים בשפה הערבית, להלן תרגומם).",1
351501,"לא רציתי לדבר, אבל בגלל שהוא דיבר על השפה הערבית, אז אני רוצה לדבר בשפה הערבית.

אין קריאה ראשונה? אין שנייה?

החלטתי לדבר כל הנאום רק בערבית, וגם במבטא פלסטיני, אני אוהב את המבטא הזה במיוחד.

(אומר דברים בשפה הערבית).

אני מבקש להוסיף לי זמן, בבקשה.

פעם היהודים ידעו שבע שפות.

היום בקושי 50% עברית ו-30% אנגלית.

טוב. (אומר דברים בשפה הערבית).

(אומר דברים בשפה הערבית). איזו שפה יפה. (אומר דברים בשפה הערבית).

לא, יש לי עוד זמן, יש לי 20 שניות לתרגום. 20 שניות בסוף. (אומר דברים בשפה הערבית). יש עוד 55 שניות.

לא, בסוף, 20 שניות בסוף. תגיד לי, למה הרב עובדיה יוסף ידע ערבית ואתה לא יודע ערבית? למה?

הוא ידע שירים של אום כולתום ושל עבד אל-והאב והוא ידע מקאמות. אתה יודע מה ההבדל ביני לביניכם?

שאני ערבי גאה ואתם ערבים בהכחשה. אתם ערבים בהכחשה. מה, הנדסו אתכם? סידרו אתכם כמו שהם רוצים?

טוב, לכן – אני, האמת, לא רציתי לדבר, אבל בגלל שמחו על זה שאנחנו מדברים בערבית, אז יצאתי, עליתי לפה ודיברתי בערבית. מה שאמרתי זה היה שיר של מחמוד דרוויש. למה מחמוד דרוויש? כי אתמול היה יום ההולדת של מחמוד דרוויש. זה שיר יפה, שמדבר על אנשים, הם המשוררים בתקופת המדבר, בתקופת השירים התלויים, אל-מועלקאת. הוא עשה השוואה בינו לבינם, ואמרתי את השיר הזה בערבית. תודה רבה.",1
351531,"כבוד היושב-ראש, עמיתיי חברי הכנסת וחברות הכנסת, קודם כול, יום הולדת שמח לאלברט איינשטיין – 144 שנים. החיים המעשים שלו נמשכו גם אחרי פטירתו. תרומתו לאנושות – אי-אפשר להפריז בחשיבותה. אנחנו מודים לו לא רק ברמה המדעית, אלא גם ברמה הפוליטית. כבוד היושב-ראש, אני מניח שלו איינשטיין היה בינינו, הוא היה מצביע לחד""ש-תע""ל, כי אין זרם פוליטי קרוב אליו יותר מהזרם הזה. אבל אני מסכים איתו לא רק פוליטית, אלא גם רעיונית. הוא זה שאמר פעם שאי- אפשר לפתור בעיה באותה דרך מחשבה שהובילה לאותה בעיה. כשאני שומע את האנשים שמדברים בנאומים בני דקה על חווארה ואיך צריך להחזיר להם, ועל אנטישמיות, ומה צריך לעשות מול העולם כולו, אני שואל את עצמי: מה, לא דיברתם על זה גם בשנת 1950, 1955, 1960, 1970, 1980, 2000, 2010? מה, אתם לא לומדים? אתם רוצים לפתור את הבעיה באותה צורת מחשבה שלא פתרה את הבעיה, כמו שאמר איינשטיין? יש דרך אחרת, חברים, והדרך היא לחתור לשלום אמת. לשלום אמת. לכבד את שני העמים שנמצאים פה. ליהודים מגיעה זכות להגדרה עצמית. לפלסטינים מגיעה זכות להגדרה עצמית, נקודה. לכבד את שני העמים. כך הולכים לכיוון אחר, שהעולם כולו מכבד, ובצדק. אבל מה נעשה יום-יום בשטחים הכבושים? זו הדרך. לא לומדים מההיסטוריה? אותה תגובה?

ועדת המדע והטכנולוגיה פתוחה לכל האזרחים. לא הייתה ועדה במשך שנה וחצי, והיום יש ועדה פעילה. אני פונה לכל האזרחים, לרבות השכבות המוחלשות, לראות בוועדה הזו כתובת להם. אני רוצה להגיד עוד יותר: התפיסה העיקרית שלנו היא שהחברה היא כמו גוף של בן אדם. ממש כמו גוף של בן אדם. אם יש חלק בגוף הזה שהוא חלש או מוחלש, צריך לחזק אותו, כי זו טובת הגוף כולו, וזו טובת החברה כולה. לכן, ביתר שאת לשכבות המוחלשות. הפתגם הסיני שדיבר על המדע שהוא כמו מפתח, שהוא פותח את הדלת לגן עדן, או את הדלת לגיהינום. אנחנו רוצים מדע שיפתח את הדלת לגן עדן לכולם, לכל האזרחים – יהודים וערבים – ולאנושות כולה. וזוהי המטרה של ועדת המדע והטכנולוגיה שלנו. אני רוצה לפנות לחברות הבין-לאומיות שמחרימות, או שמאיימות בהחרמת מדינת ישראל. אני רוצה להסתכל בפנים שלהן ולהגיד להן: זה לא המוסר. זה לא המוסר – זה האינטרסים שלכן. למה אני אומר את זה? כי אתם מפחדים מחוסר היציבות, כמו שהקפיטל בכל מקום מפחד מחוסר היציבות. אתם מפחדים מחוזים שבג""ץ לא יגן עליהם. אבל אני רוצה לשאול אתכם את השאלה המוסרית הקרדינלית: איפה הייתם בזמן שמדינת ישראל ממשיכה או מעמיקה את הכיבוש? איפה היה המוסר שלכם? כשהורסים בתים בנגב, כשלא מכירים בכפרים בלתי מוכרים. חברים, אם להיות עקרוניים, אז עקרוניים עד הסוף, ולראות תמיד מה העיקר, ולא האינטרסים הכלכליים, בשל חוסר יציבות, אלא ממקום ערכי. האמת היא שאני לא תולה תקוות בקפיטל. זה לא בבית ספרי. אני חושב שהם מחפשים את האינטרס הכלכלי שלהם. אבל בכל זאת, אם כבר, אז כן, צריך להגיד שממסד שפוגע בעם אחר ובזכויות דמוקרטיות ראוי לכל עמדה איתנה נגדו, עד שיהיה פה מקום יציב שמושתת על צדק, שבעיקרו שלום, שוויון, דמוקרטיה וצדק חברתי. תודה רבה.

שרת המדע לשעבר איימן. << יור >> היו""ר אמיר אוחנה: << יור >> חמש דקות לרשותך, גברתי. בבקשה.

- - - שלא ראיתי ולא אמרתי שנמצאת פה איילת חאקימיאן, שהיא מנהלת הוועדה, שהיא המנהיגה הראשית של הוועדה. הרבה הערכה, הרבה הערכה.

סליחה, סימון. יש שר פה? יש שר במליאה?",1
352237,"כבוד היושב-ראש, עמיתיי חברי וחברות הכנסת, בספרטה של המאה ה-21, מדינת ישראל, שהיא חמושה מכף רגל עד ראש, שיש בה צבא, משטרה, שב""כ, מוסד, אמ""ן, מל""ל, יס""מ, ימ""מ, חסר רק דבר אחד. חסר רק דבר אחד – משמר לאומי של שר הפיתות בן גביר. אבל זו לא בדיחה. זו סכנה אמיתית. סכנה אמיתית, מכיוון שנתניהו רוצה לברוח מהשיח הדמוקרטי ל-level אחר לגמרי, והוא הלאומני. נתניהו רוצה להבעיר את השטח דרך בן גביר. הרי המפכ""ל עצמו הוא שהאשים את בן גביר שהצית את אירועי מאי לפני שנתיים. בן גביר הפך להיות השר הממונה על המפכ""ל הזה. לכן, אני מתריע שבחלל הריק של החודש הבא נתניהו יעשה את הכול בשביל להבעיר, להצית את השטח. אני נגד כל הפשיזם המוחלט שנמצא בצד הזה, אבל אני פונה לצד הזה ואומר לכם, שהפגנו ביחד במשך החודשים האחרונים נגד ההפיכה המשטרית – אני פונה אליכם שתראו בצעד הזה, בהסכם בין נתניהו לבין בן גביר, דבר שכולנו צריכים להיאבק נגדו. תבינו שמאז ומתמיד במאבק שלנו, ומי שעמד מולנו, מה שנקרא כוחות הביטחון – היו אירועים מסוימים, כמו למשל יום השישי באוקטובר 2000, שכנופיות מנצרת עילית ירדו אל השכונה המזרחית בנצרת; זה קרה, אבל הדבר המאפיין העיקרי של חודש מאי לפני שנתיים הוא שהיו כנופיות של פשיסטים, של מתנחבלים, שהגיעו אלינו לערים המעורבות. אל לנו לתת אופציה של מאבק בין אזרחים לאזרחים. אל לנו להגיע למקום הזה. ואני רואה שהמליציות של בן גביר הן חוד החנית. וזה לא ייעצר נגד האוכלוסייה הערבית. ישתמשו בהן נגד ההפגנות שלנו, של הערבים והיהודים הדמוקרטיים; ישתמשו בזה נגד מאבק הפועלים למען הזכויות שלהם; ישתמשו בזה – כמו כל פשיסט שהיה במאה ה-20. לכן זה אמור להיות מאבק דמוקרטי. כולנו ביחד, כולנו ביחד צריכים לראות בזה איום ממשי ולהיאבק ביחד נגדו. תודה רבה.",1
352293,"קח עמדה אמיצה ותגיד: אני מתפטר מהממשלה.

אופורטוניסטים, הם רוצים להישאר בממשלה. אופורטוניסטים.",1
352402,"כבוד היושב-ראש, חבריי חברי הכנסת וחברות הכנסת, אני רוצה לברך את מאות אלפי המפגינים שהפגינו מדי שבוע נגד ההפיכה המשטרתית, הפגנות היסטוריות חשובות בהחלט. השתתפנו בכולן מאז ההפגנה הראשונה. יחד עם זאת, היה לנו את הייחוד שלנו, שהדגשנו שדמוקרטיה זה כן בית המשפט, זה כן חופש אקדמיה, אז זה כן חופש ביטוי, זה כן כל מה שצריך, אבל זה גם לחתור לשלום ולשוויון. זה העיקר – לחתור לשלום ולשוויון. אחרי ההצלחה החשובה, אני מתריע מזה שנתניהו ינצל את החלל הריק בתקופת הפגרה בשביל להצית את השטח, בשביל להעביר את הוויכוח ממקומו הדמוקרטי למקום לאומני. כבר ראינו את הסימן הראשון דרך ההסכם בינו לבין בן גביר, להקים מה שנקרא משמר לאומי. מי צריך משמר לאומי? ולמה צריך להעביר כל מיני מחאות בין הציבור שעומדים מולם מה שנקרא כוחות ביטחון לבין אזרחים לאזרחים? מאז שנת 1948 עד עכשיו, המאבק היה בין קבוצות מוחלשות. עמדה בפניהן המשטרה, למשל, כמו ביום האדמה. היה אירוע בודד באוקטובר 2000, ביום החמישי, בין תושבים מנצרת עילית שירדו לשכונה המזרחית בנצרת. אבל המאפיין העיקרי של אירועי מאי לפני שנתיים, שזה הפך בין אזרחים לאזרחים – האם זה האינטרס של האזרחים עצמם? בוודאי שלא. אני בן חיפה, חי בעיר מעורבת יחד עם יהודים. אנחנו יודעים להסתדר יפה. יש מאבק, מאבק צודק למען שוויון, אבל יודעים להסתדר. ובן גביר, שאותו מפכ""ל, אותו מפכ""ל, האשימו אותו שהוא הצית את אירועי מאי לפני שנתיים – הפירומן הזה חותם על הסכם עם נתניהו. אני מתריע מהפיכת המאבק הדמוקרטי למקום לאומני בשביל להשתיק את המאבק הדמוקרטי. לכן אני פונה ליש עתיד, אני פונה למחנה הממלכתי: תוציאו הודעת גינוי נגד ההסכם בין נתניהו לבין בן גביר, ותצאו נגד זה.

אני חושב שזה חשוב גם למאבק המשותף שלנו, של כולנו, למען דמוקרטיה. תודה.",1
352657,"כבוד היושב-ראש, עמיתיי חברי הכנסת וחברות הכנסת, אנחנו כבר בימים האחרונים של חודש רמדאן. כמה הפחידו את כולם בחודש רמדאן. חודש רמדאן, לפי תפיסת כל המוסלמים ולפי תפיסת כל האנשים השפויים, הוא חודש של תפילה, של התבוננות עצמית, של קירוב לבבות, של קשרי משפחה, של יחסים חברתיים, אבל במדינת ישראל רצו לראות את חודש רמדאן כחודש מאיים. בימים האחרונים ביקרנו כמה פעמים במסגד אל-אקצא, ושם, אחרי שהכיבוש הסיר את הכוחות שלו משם, הכול עבר בסדר מופתי, בהתנהגות בצורה הכי מסודרת. בלילת אל-קאדר, לפני יומיים, הגיעו למסגד אל-אקצא כ-300,000 מתפללים, והכול עבר בצורה הטובה ביותר. זה אומר דבר אחד ויחיד: כשאין כיבוש, יש שקט ויש סדר. אני רוצה להוסיף שמה עזרה ירושלים, שהיא בירת מדינת ישראל כביכול, אם בבירה עצמה הכיבוש לא שולט? אז איך אתם רואים שהיא הבירה? דווקא בבירה צריך להיות שקט בכל מקום בעולם. אבל האמת היא שדווקא במקום הזה הכיבוש הוא החלש ביותר. אנחנו ראינו את זה במאבק נגד השערים, אנחנו ראינו את זה במאבק נגד מחסומי הברזל, ואנחנו ראינו את זה בימים האחרונים של חודש רמדאן. שם הכיבוש הוא חלש, חלש ביותר. עוד כמה ימים יש חג אל-פיטר, כל עאם ואל-ג'מיע באלף ח'יר, וניאבק ביחד עד לחג הגדול, הגדול - -

- - שהוא סיום הכיבוש וכינון שלום. תודה רבה.",1
352879,"כבוד היושב-ראש, עמיתיי חברי הכנסת וחברות הכנסת, הצעת חוק צודקת למהדרין, הכי נקי שיש. מתי מקימים בית חולים? כשיש צורך מבחינת מספר התושבים. כשיש צורך.

מבחינת המרחק בין התושבים לבין בית החולים הקרוב ביותר. כשבחרתי סח'נין בפעם שעברה – אני אוהב את שפרעם, אבל היא ליד חיפה ויש שלושה בתי חולים שם, אני אוהב את כפר יאסיף, אבל יש בית חולים גליל מערבי; אני אוהב את טורעאן אבל יש בית חולים פורייה; אני אוהב את טייבה אבל יש בית חולים מאיר; אני אוהב את אום אל-פחם, אבל יש בית חולים או הלל יפה או בעפולה; אני אוהב את רהט, ורהט היא הראשונה אחרי סח'נין, מבחינת המרחק מבית חולים סורוקה. לכן מהבחינה המקצועית ביותר – זו הצעה מקצועית – גם תוחלת חיים וגם המצב הסוציו-אקונומי. לכן, מכל הבחינות, זו הצעה אובייקטיבית. אני מברך את חברתי אימאן ח'טיב על ההצעה החשובה הזו. האמת, אני גם מתפעל מהנאמנות שלך, כי את כתבת גם בהצעת מילה במילה וגם דברי ההסבר מילה במילה. למשל, הצעה שלי, בדברי ההסבר, בפסקה הראשונה אני מתחיל בעיר סח'נין ומסיים ביישוב ערבי, וגם את מתחילה בעיר סח'נין ומסיימת ביישוב ערבי. בפסקה השנייה, אני מתחיל בעיר סח'נין ומסיים במרכז רפואי העמק. גם את מתחילה בעיר סח'נין ומסיימת במרכז רפואי העמק. גם בפסקה השלישית והאחרונה, אני מתחיל בהקמת בית חולים ציבורי ואני מסיים את הפסקה הזו – זה במיוחד. ואת, אותו הדבר: מתחילה בהקמת בית חולים ציבורי ומסיימת: זה במיוחד. את יודעת מה? את כל כך נאמנה, עד כדי כך שיש לי טעות כתיב פה, ואת עד כדי כך נאמנה שגם טעות הכתיב, חזרת עליה. למשל, אני כותב יהודים כערבים כאחד, וצריך יהודים וערבים כאחד, ואת טעית בדיוק גמור.

לכן המחזה – אני מרגיש שזה מחזה שחוזר על עצמו בדיוק מלפני שנה, אבל ההבדל שכשאנחנו במשותפת הצבענו בעד בית חולים בסח'נין, הם וגם אימאן הציעו נגד. אני מברך אותך ואני אומר, בואו נשים את כל הדברים הללו הצידה, ונעבוד ביחד למען טובת הציבור שלנו. מגיע בית חולים בסח'נין. תודה.",1
352903,"תשאל איפה החברים מסיעת - - - הם שקרנים. איפה הם, הגזענים?",1
352972,"חברת הכנסת דבי, סליחה, החוק שלך חל גם על מדינות, למשל, שפגעו בעם בגלל - - -

החוק שלך חל על מדינות או רק על פרטים? כלומר, מדינה שרצחה עם אחר - - -

- - - רק פה בישראל, בגלל שאין מדינה, יש מדינה גזענית. זו הסיבה.",1
353224,"שלום, כבוד היושב-ראש. עמיתיי חברי הכנסת וחברות הכנסת, אני רואה בהצעות החוק הללו לא רק ממד פופוליסטי ופוליטי אלא עדות לחולשה. הן מעידות על אנשים שלא בטוחים בעצמם. זה דגל, זו הבעת דעה לא אלימה בכלל. אני ראיתי בהלוויה של העיתונאית שירין אבו עאקלה איך אנשי צבא רצים אחרי ילדים בגיל 5-4 שנים שנושאים דגל פלסטין, רודפים אחריהם. אמרתי שהמחזה הזה, לא רק שאני דוחה אותו ממקום פוליטי, אלא שזה מעיד על חולשה, על חוסר ביטחון עצמי. אני קורא לחברי הכנסת להצביע נגד הצעת חוק זו. אני רוצה לעבור לנושא אחר, שיעלה בהצעה לסדר-היום בבוא העת, שזה נגד או קריאה לשלילת ועדת המעקב ואי-הכרה – אני לא יודע מה. אני רוצה להגיד לכם משהו: הדבר הנכון זה להכיר בוועדת המעקב. מדינת ישראל לא מכירה בוועדת המעקב – זו ועדה המייצגת את כל האוכלוסייה הערבית. ביום ראשון היא נאבקת באלימות ובפשיעה בקרב האוכלוסייה הערבית. אני קורא לאנשים שיש להם מצפון להצטרף. זו ועדה שמייצגת את האוכלוסייה שלנו, ויש להכיר בה. לא רק רוצים לא להכיר בה, אלא להוציא אותה מחוץ לחוק. זו אותה גישה של חולשה, של חוסר ביטחון עצמי; לא סובלים דעה אחרת, לא סובלים אחד שאומר משהו אחר. ועדת המעקב – המצע הפוליטי שלה הוא המצע הפוליטי של כולנו – של חד""ש-תע""ל, של רע""מ, של האנשים שנמצאים פה. ועדת המעקב מנהלת מאבק בדרך דמוקרטית שצריך לכבד אותה. היא נמצאת במקומה כבר משנת 1982. היא עשתה מעשים טובים מאוד, ראויים מאוד. יש לא רק לתמוך בה אלא להכיר בה. כל עמדה אחרת היא לא רק לא דמוקרטית, אלא מעידה על חולשה ועל דיקטטורה וחוסר רצון לשמוע דעה אחרת. צריך לדחות את כל ההצעות הללו. תודה.",1
353367,"כבוד היושב-ראש, עמיתיי חברי וחברות הכנסת, דיברו רבות על התקציב, אבל כנראה שיש ""פרה קדושה"" וזה מה שנקרא – הביטחון. אסור לגעת בביטחון. אני רוצה להגיד מהו הביטחון האמיתי. הביטחון האמיתי האמור כאסטרטגי זה עשיית השלום. התחום שמקבל הכי הרבה בתקציב המדינה, הוא מה שנקרא ביטחון כולל כל מפעל הכיבוש, לרבות ההתנחלויות. אני פונה לאזרחי המדינה, לרבות העניים, ואומר: במקום להשקיע שם, צריך גישה אחרת לגמרי והיא גישה למען השלום והעברת הכסף הזה לשכבות המוחלשות בתוך החברה. אני פונה למפגינים בקפלן ובכל מקום ואומר להם: איך אתם לא קושרים בין הכיבוש לבין הפגיעה במרחב הדמוקרטי? למדנו פעם בספרות, שהפשיזם מגיע או מהקפיטל הגדול או מחונטה צבאית – כמו פרנקו בספרד למשל, כמו יימח שמו וזכרו בגרמניה, כמו הדוצ'ה באיטליה – אבל פה, במדינת ישראל, אני רואה שהגנרלים נגד ההפיכה המשטרית, ואני רואה שהקפיטל הגדול נגד ההפיכה המשטרית. אז מאיפה מגיע הפשיזם לתוך מדינת ישראל? מי שמזין אותו יום-יום זה מפעל הכיבוש. מאיפה מגיע בן גביר? מאיפה מגיע סמוטריץ'? מאיפה מגיע רוטמן? כולם כולם מאותו מקום. הכיבוש מזין את הפשיזם בתוך מדינת ישראל. אני רוצה להגיד לכם שיש שני דברים כל כך טרגיים. כל כך טרגיים: אחד, הוא שאם נדבר עם בן אדם פנים מול פנים ונשאל אותו מהי הסוגיה החשובה ביותר, הוא יגיד שבסוף בסוף, שאלת השלום היא השאלה האסטרטגית ביותר. ואתה שואל אותו עוד שאלה: אז למה אנחנו לא נאבקים למען השלום? הוא יענה לך: יש ייאוש; אין מומנטום; יש ""חשוב"" ויש ""דחוף"". שאלת השלום היא לא דחופה, אבל אנחנו יודעים שהיא החשובה. לכן, תמיד יש נושאים יותר דחופים. אבל הבעיה הטרגית השנייה והיותר-עמוקה, שבמצב מסוים יש – או לפחות יהיה – רוב בקרב שני העמים, שיסכים על אותו מתווה של שלום. למשל, כולנו יודעים שבשנת 2008, ראש הממשלה לשעבר אולמרט עם הנשיא הפלסטיני מחמוד עבאס, התקרבו עד 99% מההסכם. חבל שזה לא המשיך עד להסכם. אני יודע שברגע האמת יש רוב בקרב שני העמים שיבחרו בחיים, יבחרו בשלום ויפנימו שיש פה שני עמים ולא רק עם אחד; שמגיעה לשניהם זכות להגדרה עצמית. מגיעה ליהודים זכות להגדרה עצמית, מגיעה לפלסטינים זכות להגדרה עצמית, ונחיה בשלום שייטיב עם כולנו. הטרגדיה היא לא רק שלא נאבקים, אלא שיש אפשרות להשיג רוב בקרב שני העמים לאותו מתווה של שלום, אבל העתיד עוד לפנינו. אנחנו צריכים להיאבק למען המטרה הנעלה מכול. ב-5 ביוני יום השנה לכיבוש של שנת 1967. ב-3 ביוני, יום שבת, חד""ש, תנועתי הפוליטית, יוזמת מאבק נגד הכיבוש ולמען השלום, בתל אביב. אנחנו עוד נעדכן על הפרטים. חשוב שכמה שיותר ערבים, כמה שיותר יהודים ישתתפו בהפגנה החשובה כל כך הזאת, שצריכה במינימום של המינימום להשאיר את הלפיד של השלום בוער. זה המינימום. אבל אל לנו להסתפק בזה; אנחנו צריכים להיאבק עד שנשיג את השלום באמת ובתמים. עמיתי חברי הכנסת וחברות הכנסת, אני רוצה להתייחס לתקציב המדינה בהיבט אחר. אני רוצה לפנות לנציגי המפלגות החרדיות ולהגיד לכם: אתם הייתם בממשלות, בכמעט 80% מהממשלות ואפילו יותר. ואני רוצה להגיד לש""ס: את נמצאת בממשלה משנת 1984 – כמעט 80% מהממשלות. ואני רוצה לשאול באמת על המצב הכלכלי של התושבים החרדיים וגם על המזרחים בעיירות הפיתוח. עשיתי מיני מחקר – אני חייב לומר שלא הכי מדעי, לא הכי אקדמאי – אבל בדקתי את הפער בין עיירות פיתוח לבין צפון תל אביב בשנת 1984, לבין הפער בין עיירות הפיתוח לבין צפון תל-אביב בשנת 2020, ומצאתי שהפער הולך וגדל. ואני שואל את עצמי: רוב תושבי צפון תל אביב הצביעו בעד מפלגות שברוב הזמן הן באופוזיציה, כמו מפלגת העבודה, כמו יש עתיד, כמו המחנה הממלכתי, כמו מרצ, שנמצאות ברוב המקרים באופוזיציה. אבל תושבים מעיירות פיתוח מצביעים בעבור הליכוד, מצביעים בעבור ש""ס, שב-80% מהמקרים, משנת 1977 ועד עכשיו, המפלגות הללו נמצאות בקואליציה. אז למה המצב הסוציו-אקונומי בקרב תושבי צפון תל אביב מגדיל את הפער לעומת עיירות פיתוח? למה? אני חושב שזאת שאלה כל כך רצינית, שאמורה להעסיק את כולם. התשובה היא בגישה הסקטוריאלית של המפלגות הללו. אם המאבק שלי זה עוד מיליארד שקלים למעיין החרדי או עוד מיליארד שקלים לקבוצה זו או אחרת, אבל מי שיושב במשרד האוצר מחזיק בכול האסטרטגיה הכלכלית, אז הוא אחרי מאבק עם נציגי שכבות מוחלשות. מי שקיבלו קולות משכבות מוחלשות, ייתן להם ביד, אבל ייקח מהם בשתי ידיים. זוהי המציאות משנת 1977 עד עכשיו. אומר לו: אתה יודע מה? אני מעביר לך מיליארד שקלים, אבל אני חייב להעלות את הריבית של אנשים שקיבלו משכנתה. אני חייב להעלות את המים בקצת, את מחיר החשמל בקצת. אז האזרח הפשוט הרגיש שהוא קיבל ביד אבל לקחו ממנו בשתי ידיים, ולכן המאבק לא צריך להיות סקטוריאלי, אלא מאבק כולל למען תקציב הוגן כולל. לא של התפיסה הרווחת של קפיטליזם חזירי עם חמלה. אומרים לי: עם חמלה; אומרים לי: עם התייחסות לשכבות המוחלשות – כלומר לתת להם פירורים פה ושם, אבל הטייקונים נהנים. מפעל הכיבוש ממשיך להתחזק על חשבון השכבות המוחלשות. ערבים ויהודים. המאבק צריך להיות כולל למען תקציב של שלום, של צדק חברתי. זהו המצע שלנו, שמהווה אינטרס אמיתי ועמוק לשני העמים, לרבות השכבות המוחלשות בקרב שני העמים. כבוד היושב-ראש, אני רוצה להתייחס לסוגיית הפשיעה בקרב האזרחים הערבים. שאלת הפשיעה – אני זוכר את עצמי, כבוד היושב-ראש, בגיל 10, 15, כששמעתי שאזרח רצח אזרח, הרגשתי שהצבע של האוויר נהפך לשחור. לא האמנתי שזה קורה. אמרתי: איך יכול להיות? אנחנו חיינו בתקופה שכמעט אין בה רצח. אני רוצה להגיד לך שלפי הנתונים הרשמיים משנת 1948 עד שנת 2000, אנחנו, האזרחים הערבים, היינו 4.9% מהנרצחים במדינה. היום אנחנו 67% מהנרצחים במדינה. משנת 1980 עד שנת 2000 נרצחו 81 אזרחים ערבים, ב-20 שנה. 81 אזרחים ערבים. משנת 2000 עד עכשיו, 20 שנה – 1,670 אזרחים ערבים. מ-81 ל-1,670. אז מה קרה בשנת 2000? מה קרה? המפכ""ל הכושל והגזעני אומר שזה טבעם של האזרחים הערבים. אוי ואבוי. אוי ואבוי. אני רוצה להגיד למפכ""ל, שישמע אותי, שיעבירו לו – כמה אמירות גזעניות אני שומע בבניין הזה אבל אמירה כל כך גזענית אני לא תיארתי לעצמי. תתארו לכם שאומרים את זה לגבי קבוצות בארצות הברית או באירופה; שהמפכ""ל אומר על קבוצה: זה הטבע שלהם. אני לא רוצה להגיד שיתבייש, כי אין לו בושה. אם הוא היה מתבייש, הוא היה צריך להתפטר. ומי ימנה את המפכ""ל החדש? בן גביר. אז זה המצב שלנו, אנחנו. מפכ""ל שאומר שזה טבעם של הערבים? במידה שהוא מתפטר, אז בן גביר ממנה את המפכ""ל. אנחנו נמצאים בפינה הכל-כך חשוכה הזו אבל המפכ""ל הגזעני לא שואל את עצמו למה הערבים רצחו אחד את השני פחות מאשר הרצח בין היהודים בשנות החמישים, השישים, השבעים והתשעים. המפכ""ל הגזעני לא שואל למה אין רצח פנימי בגדה המערבית? בגדה המערבית יש שלושה מיליון פלסטינים. בשנה שעברה נרצחו 27 אנשים. אני התקשרתי לאחראי על המשטרה הפלסטינית בגדה, שאלתי אותו איך הם מפענחים את התיקים? אמר לי שמ-27 פענחנו 25. לגבי שני התיקים שנותרו, אנחנו יודעים מי הרוצח ואנחנו נגיע אליהם. יכול להיות שהמשטרה הפלסטינית יותר חזקה מהמשטרה הישראלית של המפכ""ל שבתאי. בעזה יש שני מיליון פלסטינים. בשנה שעברה נהרגו, נרצחו – אחד רצח את השני – 22 מקרים. בעזה. שני מיליון פלסטינים, 22 אנשים נרצחו. למה בתוך מדינת ישראל, שיש בה מיליון  ו-700,000 פלסטינים, נרצחים 120 אזרחים מדי שנה? פי שבעה יותר מהגדה המערבית, פי שבעה יותר מעזה. בירדן 60% פלסטינים. מכל מיליון אזרחים נרצחים עשרה אזרחים. מכל מיליון נרצחים עשרה אזרחים בירדן. למה בישראל, מכל מיליון נרצחים 90 אזרחים? הטבע שלהם, הטבע של הערבים? לא כבוד המפכ""ל, זה טבע הגזענות. זה טבע הגזענות כלפינו, שאתה נושא בתוכך ובתוך כל הגזענים, כי אנחנו חצר אחורית. כשבמשטרה הגזענית שלך שומעים ששם ההרוג הוא מוחמד – מבחינתם פחות ערבי. זוהי הסיבה. אחרת, תסביר לי, לו הנשק הבלתי-מורשה שנמצא אצל הערבי היה מופנה נגד ביטחון המדינה, הוא היה נשאר אצל הערבים? לו הנשק הבלתי-מורשה היה מופנה נגד היהודים, היה נשאר? תענה על השאלות האלה. המפכ""ל, שמדבר על הטבע של הערבים, ואני מדבר על הטבע הגזעני שלך ושל כל הגזענים. אנחנו, האזרחים הערבים, איבדנו את המבנה המסורתי ולא הרווחנו את המדינה. אני בעד לאבד את המבנה המסורתי, כי אני בן אדם דמוקרטי, רוצה חברה דמוקרטית ואינדיבידואלית. אבל בשביל לאבד את זה, ולחיות בביטחון אתה צריך חלופה. החלופה המודרנית בכל מקום בעולם זו המדינה; מדינת האזרחים; המדינה השוויונית. המדינה היא החלופה למבנה מסורתי, אבל כשאני מדבר עם צעיר ערבי, שמשלם פרוטקשן, ואומר לו: למה אתה לא פונה למשטרה? הוא מסתכל עליי כאילו נפלתי מאיזשהו כוכב ואומר לי: למי? למשטרה? מה אתה רוצה, שעבריינים יהרגו אותי? שירצחו אותי? מה יעשו הילדים שלי? אם אני מרוויח 20,000 שקל בחודש, ואני אצטרך לתת להם 4,000 שקל, אני אתן להם. אבל המשטרה? היא לא כתובת. האנשים מפחדים לפנות למשטרה כי הם יסכנו את עצמם מול העבריינים, כי אין משטרה בפועל. כבוד היושב-ראש, אני רוצה שתבין אותי במשהו: דובר על ממדים תרבותיים, זה מה שלא קרה בשנות השישים, השבעים, השבעים, השמונים, והתשעים. אני רוצה להגיד לך משהו: בכל מקום בעולם, מיהו סוכן השינוי העיקרי? המדינה. אזרחים נמצאים בתוך מדינה 75 שנה, אפילו אם יש נושא שאפשר לדבר עליו – ואני עוד אדבר – אבל סוכן השינוי הוא כשיש מערכת חינוך; שיש חינוך בלתי פורמלי, שיש הסברה ושיש ביטחון. סוכן השינוי העיקרי בכל חברה מודרנית זה המדינה. אני יודע שיש נקמת דם שקורית פה ושם. אני יודע את זה. אני יודע שיש רצח נבזי, נלוז, על מה שנקרא, בשקר, כבוד המשפחה. אוי לבושה, אוי לשם הנלוז הזה. זה קורה, במקרה, פה ושם. חלק מהאחריות שלנו להיאבק כנגד כל רצח – נגד נקמת דם ונגד רצח נשים – עמדה ערכית. אנחנו, יש לנו תפקיד חינוכי חשוב במישור הזה. יחד עם זאת, מבחינת אחוז הנרצחים, זה 10% מהנרצחים. זה 10% מהנרצחים. יש לנו תפקיד – אין ספק – 90% מהמקרים. גם במקרים של נשים שפונות למשטרה, פונות לרווחה, ואין מענה. גם בסוגיה של הנשים אין מענה. אבל תגיד לי בבקשה, מי אחראי למצוא את הנשק הבלתי-מורשה? האם זה סיעת חד""ש-תע""ל או משטרת ישראל? האם אנחנו צריכים לחשוש שיש בבית מסוים כלי נשק ולהיכנס לבית על אפם וחמתם של בני הבית ולחפש בארונות? זה התפקיד שלנו? זה התפקיד שלנו להיאבק נגד קבוצות פשע? אז במקום 120 הרוגים בשנה יהפוך המספר ל-1,000, 2,000 הרוגים בשנה, או שזה התפקיד של המשטרה? אבל מה זאת אומרת ""שקופים""? כשאחוז הנרצחים הישראלים עולה, אז הציבור אומר שזה שר לביטחון פנים כושל. אבל כשאחוז הנרצחים של הערבים עולה, אנחנו שקופים, לא יודעים את המספר. לא יודעים. אף אחד לא אומר שהשר כושל; אף אחד לא אומר שהשר צריך להתפטר. לכן, השר לביטחון הפנים, כהוא ששומע שיש הרוג, אם הוא יהודי, הוא יודע שיתחשבנו איתו, אבל אם הוא ערבי, אף אחד אחד לא יתחשבן איתו. לכן, אין לו את המניע. ועוד סיבה נוספת: בגלל הגזענות הכוללת. זה לא טבעם של הערבים, זה הטבע של הגזענות במדינה. ביום ראשון עשינו שיירת מכוניות, חסמנו את כביש 6. אנחנו יודעים שאנחנו עומדים מול ממשלה אטומה לגמרי והשר העלוב הזה, העלוב הזה, איתמר בן גביר. אבל אנחנו גם מתמודדים מול תופעה של מאות אלפי ישראלים שיוצאים לרחובות, וזה דבר טוב ומבורך, אבל אין ספק שהם יאפילו על השיירה שלנו, בגלל שאין לנו 700,000 שיצאו מדי שבוע. למרות שזה צריך להיות כך – אבל זה יבוא, וזה חייב לבוא – אין ספק שזה בינתיים מאפיל על ההפגנות שלנו. אבל אני רוצה להגיד לאנשים שמפגיעים בקפלן שאין דמוקרטיה עם רצח; אין דמוקרטיה עם נשק בלתי מורשה; אין דמוקרטיה עם כנופיות פשע מאורגן; אין דמוקרטיה עם פרוטקשן ועם שוק אפור. אני רוצה להגיד לאנשים שמפגינים בקפלן: מדברים למה האזרחים הערבים לא משתתפים. 1. אני רוצה שישתתפו כל הזמן; 2. כי אתם צריכים לחשוב לא רק איך להחזיר את ישראל לאליטות הישנות, אלא צריך לבנות דמוקרטיה אמיתית בעתיד. זו השאלה החשובה, וזו השאלה שכולנו נהיה חלק ממנה. כבוד היושב-ראש, עמיתיי חברי וחברות הכנסת, הדוח של ""שקוף"" הראה שהסיעה הפעילה ביותר, החרוצה ביותר, במשכן הזה היא סיעת חד""ש-תע""ל. כן, כן, אנחנו כל הזמן מקבלים את הציון הזה של הסיעה הפעילה והחרוצה ביותר. אני רוצה לברך את חבריי היקרים אחמד טיבי, עאידה תומא, עופר כסיף ויוסף עטאונה. אנחנו נמשיך בדרכנו לשרת את הציבור שלנו נאמנה. תרשה לי, כבוד היושב-ראש, בחמש הדקות שנשארו לי, לפנות לציבור שלנו, האזרחים הערבים, בשפה הלאומית שלנו, שפת האם, השפה הערבית. היא שפה יפה – אתה יודע ערבית?

אתה יודע שאתם, היהודים, כשהייתם מיעוט, ידעתם חמש, שש ושבע שפות?

כנראה שהבעיה מייצרת תודעה - - -

- - לא רק מרקס צדק, גם הגל צדק, גם תודעה מייצרת הוויה, לא?

טוב. (אומר דברים בשפה הערבית, להלן תרגומם:) תודה רבה.

הממשלה שלכם הצביעה נגד בית חולים בסח'נין - - -

אין לי שום תקווה מהם, אבל הממשלה שלכם הצביעה נגד - - -

כבוד היושב-ראש, עמיתיי חברי הכנסת וחברות הכנסת, אני רוצה לדבר על נושא שלצערי הרב – ממש ממש לצערי הרב – אף אחד מהח""כים לא התייחס אליו, והוא תקציב המדינה בצל השאלה של כיבוש ושלום.

אני מעריץ אותך, גלעד. החלק הגדול של התקציב מגיע למה שנקרא ביטחון, כיבוש, התנחלויות ולכל מה שסביב. אני רוצה לשאול: האם הכסף הזה צריך להגיע לשם, או שצריך גישה אחרת לגמרי, והיא חתירה לשלום והעברת הכסף הזה לאזרחי המדינה, לרבות השכבות המוחלשות? זו השאלה העיקרית, ואני רוצה לפנות לאנשים שמפגינים בקפלן, ואני אחד מהם; אני אחד מהמשתתפים בהפגנות מהיום הראשון עד עכשיו.

אני יודע, אבל נעמה, אני רוצה להגיד לך מה אני למדתי בספרות על הפשיזם; למדתי שזה מגיע או מחונטה צבאית – כמו פרנקו בספרד, כמו יימח שמו וזכרו מגרמניה, כמו הדוצ'ה מאיטליה או מהקפיטל הגדול, אבל פה במדינת ישראל דווקא הקפיטל הגדול וגם הגנרלים הם נגד ההפיכה המשטרית, אז מאיפה מגיע הפשיזם לתוך מדינת ישראל? הוא מגיע מהמקום ההוא של כיבוש התנחלויות, משם מגיע בן גביר, משם מגיע סמוטריץ', משם מגיעים כל האנשים מהציונות הדתית, שמזינים עוד פשיזציה לתוך מדינת ישראל. לכן צריך כן לקשור בין הכיבוש הארור הזה לבין הפשיזציה והפגיעה במרחב הדמוקרטי במדינה. אני רוצה להביא לכם שני סיפורים טרגיים: הסיפור הראשון – כשאני מדבר עם הרבה אנשים במדינת ישראל, אומרים לי שני דברים: אחד, אנחנו יודעים שהפיל שבחדר, הסוגיה החשובה ביותר, היא השאלה של כיבוש ושלום, אבל אין מניע, אין מומנטום, אנחנו לא רוצים לעשות כהוא זה בנושא הזה. יש את הדחוף, ויש את החשוב. אנחנו יודעים שזה החשוב, אבל הדחוף עכשיו הוא להיות נגד ההפיכה המשטרית, אני יודע, אבל תמיד יש דברים דחופים, והנושא החשוב ביותר נדחק הצידה כל הזמן. הטרגדיה השנייה, וזו טרגדיה אמיתית, היא שיש בקרב שני העמים רוב שיסכים על אותו מתווה של שלום. אני זוכר את המשא ומתן בין ראש הממשלה לשעבר אולמרט לבין הנשיא הפלסטיני מחמוד עבאס אבו מאזן. הם כמעט הגיעו למתווה שיתמוך בו רוב הציבור בישראל ורוב הציבור הפלסטיני. זו טרגדיה אמיתית – אפשר להשיג את זה, אבל אין מניע, אין מומנטום, זה לא עכשיו. מי שרוצה לדבר על תקציב שהכסף בו אמור להגיע לשכבות המוחלשות, ולא להעמקת הכיבוש, ולא למה שנקרא ביטחון, אלא השלום הוא הביטחון, השלום הוא הביטחון האסטרטגי, צריך להרחיב את השותפות הערבית-יהודית בתוך מדינת ישראל למען המטרה הנעלה ביותר, החשובה ביותר: הבאת השלום על ידי כיבוד של שני העמים. היהודים הם עם שמגיעה לו זכות להגדרה עצמית, והפלסטינים הם עם שמגיעה לו זכות להגדרה עצמית. צריך לכבד זאת ולעשות שלום שייטיב עם כולנו. תודה רבה.",1
353534,"כבוד היושב-ראש, עמיתיי חברי הכנסת וחברות הכנסת, ראש הממשלה בנימין נתניהו, קובי שבתאי, מפכ""ל המשטרה, אמר שהרצח הוא טבע הערבים. אבל הוא לא שאל את עצמו למה משנת 1948 עד שנת 2000 היינו 4.9% מהנרצחים במדינה, ומשנת 2000 עד עכשיו אנחנו 67% מהנרצחים במדינה. הוא לא שאל את עצמו מה ההבדל בין פלסטינים אזרחי מדינת ישראל לבין פלסטינים בגדה המערבית, בעזה או בירדן. הנרצחים בקרבנו בתוך מדינת ישראל הם פי שבעה מהנרצחים בגדה המערבית, בעזה ובירדן. יכול להיות שהמשטרה הפלסטינית יותר חזקה מהמשטרה הישראלית? יש לה תקציבים, יש לה כלים ואפשרויות יותר מלמשטרה הישראלית? ראש הממשלה, אתה צריך לדעת שמשנת 1948 עד שנת 2008 מספר הנרצחים הערבים היה פחות ממספר הנרצחים מאז שנהיית ראש ממשלה, משנת 2008 עד עכשיו. למה? אנחנו איבדנו את המבנה המסורתי ולא הרווחנו את המדינה. אין מדינה. זה טוב שנפסיד את המבנה המסורתי, אני בן אדם שתומך בחברה דמוקרטית אינדיבידואלית; זה טוב, אבל אסור להשאיר חלל ריק. מי שצריך להיות במקום המוסד הישן – כמו חמולה, למשל – זו המדינה בחברה המודרנית. אבל זה לא נמצא בקרב האזרחים הערבים. אם אני פונה לצעיר ערבי ואומר לו: למה אתה לא פונה למשטרה? הוא יענה לי: אבל הכנופיה תהרוג אותי. אין לו מענה, אין משטרה. אני רוצה להגיד לך שבכל מקום בעולם מי שאחראי לטפל בכנופיות פשע מאורגן ובנשק בלתי מורשה זו המדינה. אנחנו רוצים לחיות בחברה ללא נשק, ללא נשק, לא רוצים נשק. מי שאמור לטפל בכל מקום בעולם זו המדינה. ראש הממשלה, אתה בעצמך היית בוועדה שיזם אותה חברי אחמד טיבי. ישבה אישה מאום אל-פחם – ואתה זוכר את המקרה – אמרת לה: אני אטפל. לא טיפלת לא במקרה ההוא ולא במקרים אחרים.

במחזה ערבי, תיאטרון, אמר אחד למושל שהבעיה שלנו – (אומר בערבית ומתרגם:) – הבעיה שלנו לא אצלך, הבעיה שלנו היא איתך. תודה.

לא, אני רוצה להבין. סיימנו דיבור עכשיו - - -",1
353733,"כבוד היושב-ראש, עמיתיי חברי הכנסת וחברות הכנסת, כבוד השר יריב לוין.

הגבלה בחשבון בנק בעידן הנוכחי זו פגיעה קשה.

כבוד היושב-ראש, עמיתיי חברי הכנסת וחברות הכנסת, שר המשפטים יריב לוין, בעידן הנוכחי הגבלה בחשבון הבנק זו פגיעה ממשית בשכבות המוחלשות. עשרה צ'קים שחוזרים, בהרבה מקרים אלה גם צ'קים של מאות שקלים, לפעמים אפילו 200 שקלים או 500 שקלים. האדם המוגבל בבנק, אין לו כרטיס אשראי, הוא לא יכול לקבל הלוואה, לא יכול להשתמש בצ'קים. אתה מבין כמה שזו פגיעה קשה גם בעידן הדיגיטלי החדש. לכן הצעת החוק שלנו היא להעלות את הסף מעשרה צ'קים חוזרים ל-16 צ'קים חוזרים - -

- - אין לי בעיה שזה יהיה קצת שונה גם מבחינת הכסף עצמו. אם זה 200 שקלים, 500 שקלים, צריך להעלות את זה למינימום 2,000 שקלים. אני רוצה להגיד לך, שר המשפטים, שאני מעריך מאוד שאתה התאמצת בשביל להעביר את ההצעה הזו בקרב השרים, זו עמדה חשובה ואני מעריך זאת. אנחנו צריכים להמשיך עם ההצעה הזו עד לקריאה השלישית, תודה רבה.",1
354889,"כבוד היושב-ראש, עמיתיי חברי הכנסת וחברות הכנסת, הכיבוש הישראלי נגד העם הפלסטיני הוא האחראי הקרדינלי לשפיכות הדמים, להרג בקרב הפלסטינים והישראלים, כולל החיילים עצמם. דמם על הכיבוש הארור הזה. צריך להפנים עמוק עמוק, כתוצאה מהתפתחות היסטורית יש פה שני עמים. מי שחושב שלעם הפלסטיני אין זכות למימוש הגדרה עצמית, הוא זה שאחראי למה שקורה.

אני רוצה להגיד לכם מה זה מחנה פליטים כמו מחנה פליטים ג'נין. האנשים שנמצאים שם גורשו בכוח בשנת 1948. היום הנכדים שלהם נאבקים נגד הכיבוש הארור הזה. אז הכיבוש הוא לא רק רצחני - -

- - הכיבוש הוא גם טיפש, כי הכיבוש לא מפנים - -

- - שהעם הזה לא ירים דגל לבן.

העם הזה ייאבק למען שחרורו.

למען עצמאות העם הפלסטיני. רק שלום שבבסיסו הקמת מדינת פלסטין בגבולות 1967, רק שלום כזה יביא ביטחון ויביא כל טוב לשני העמים. אני פונה לצד הזה, למוחים בקפלן. תפנימו, תפנימו, שאין דמוקרטיה עם כיבוש. תפנימו שמה שעושה ממשלת נתניהו ומה שהם אומרים עכשיו, מה ששמעתם מהם – הם רוצים ""שקט, יורים"". לכן הפטריוטיזם הינו מפלטו האחרון של הנבל. תפנימו שצריך לקשור בין הכיבוש – המזין העיקרי לפאשיזציה בתוך מדינת ישראל – בין הכיבוש לבין ההפיכה המשטרית. לא רק זה, הם גם עושים את ההפיכה המשטרית בשביל להשתלט על אזורי C.

אז תפנימו כבר את הקשר בין הכיבוש לבין ההפיכה המשטרית.

צריך להיאבק נגד הכיבוש ונגד הפאשיזציה. תודה רבה.",1
354916,"כבוד היושב-ראש, עמיתיי חברי הכנסת וחברות הכנסת, הרשו לי בבקשה לדבר בשפה הערבית.  (אומר דברים בשפה הערבית, להלן תרגומם:)

אשמח לדבר גם בעברית, יש לי דקה. התמצית היא כך: יש מין עמותה בשם ""עתידנא"" שפועלת בקרב האוכלוסייה הערבית, מין חיבור בין הימין לבין חלק מהצעירים הערבים. המטרה היא לבנות את הערבי הישראלי שאין לו שורשים, אין לו שייכות, אין לו סוגיה לאומית; להיות חברה צרכנית, לאכול ולשתות, אבל עם כל הכבוד, המדינה היא של עם אחר ואתה רק תחיה בצל המדינה הזו. אנחנו, כבוד היו""ר אייכלר, לא מקבלים את הדבר הזה. אנחנו מקבלים שוויון מלא בין ערבים ליהודים הן ברמה הלאומית והן ברמה האזרחית. אתה יודע את המשנה שלנו בצורה טובה ביותר, כי דיברנו עליה. אתה לא מסכים איתי, אני מבין, אבל המשנה שלנו מאוד ברורה. אנחנו רואים שיש פה שני עמים, מגיעה לשניהם הזכות להגדרה עצמית. העם היהודי מימש זכות זו, והפלסטינים טרם מימשו. מגיעה מדינה לעם הפלסטיני בגבולות 67', לצד מדינת ישראל, ומגיעות זכויות אזרחיות ולאומיות, שוויון אזרחי ולאומי לאזרחים הערבים, שהם מיעוט לאומי. מגיע שוויון גם ברמה הלאומית וגם ברמה האזרחית. ביקשתי מהצעירים לנטוש, לעזוב את העמותה הזו, כי היא משבשת את הזהות הלאומית שלהם. תודה רבה.",1
355157,"כבוד היושב-ראש, חברי הכנסת וחברות הכנסת, לפני שאני מתחיל, בבקשה, המים מההתנחלויות, ואני מחרים את ההתנחלויות. אני מבקש להביא מים לא מהתנחלות.

אתה לא צריך להיות בהתנחלויות. טוב. הרוגים בג'נין - -

אני מבקש ממך. - - הרוגים בג'נין, פצועים בתל אביב וחייל הרוג – דם כולם על הכיבוש הארור שלכם.

דם כולם על הכיבוש הארור שלכם.

הכיבוש מעוור. הכוח מעוור. אתם מתנהגים לא רק כפושעים אלא גם כטיפשים. עוד סבב – תראו מה יש במחנה הפליטים ג'נין. כולם גאים בג'נין, ובצדק. בצדק הם גאים. ועכשיו עוד אנשים יצטרפו ללוחמים נגד הכיבוש הארור הזה. אתם לא רק פושעים, אתם גם טיפשים. אתם גם טיפשים.

תראו את העם הפלסטיני מול הכיבוש, מול ארצות הברית. העם הפלסטיני עומד לבד - -

- - מול הכיבוש הארור וגם מול ארצות הברית.

למה העם הפלסטיני ממשיך להיאבק? כי הוא צודק, כי הוא נאבק למען השחרור שלו. תפנימו.

תפנימו שהאינטרס האמיתי בין שני העמים זה בשלום.

שלום, כלומר להכיר בזכות הלגיטימית של הפלסטינים להקים מדינה לצד מדינת ישראל. כך יהיה שלום.

כך יהיה שלום. כך יהיה שלום – להכיר בזכות הלגיטימית.

לכל פעולה יש תגובה, וזה חוק הטבע. לכל פעולה יש תגובה. לכיבוש יש תגובה, וזה ההתנגדות.

ההתנגדות לכיבוש היא לגיטימית, והכיבוש לא לגיטימי.

יחי מחנה הפליטים ג'נין, יחי העם הפלסטיני, יחי המאבק הצודק שלו. בוז לכם, בוז לכיבוש.

- - - שיוריד אותי, אבל העם הפלסטיני ימשיך להיאבק. תוריד אותי, אבל העם הפלסטיני ימשיך להיאבק - - -",1
355303,"- - - רצח. צריך תוכנית שלום.

שר הביטחון, מה התוכנית לשלום? מה האלטרנטיבה? תקשיב - - -

לא, סליחה, אתה כבר מאה שנה באותו מקום. מאה שנה סכסוך, סכסוך של מאה שנה. מה הלאה?

כן, בסדר, אבל נחזור עוד פעם. מה הלאה?

סכסוך של מאה שנה – איך פותרים?

לא. כי אתה אומר שהפלסטינים הם פחות מעם.

תכיר בעם הפלסטיני, תכיר בזכות שלו להקמת מדינה.

כן, צריך שלום. צריך שלום על בסיס מדינה לצד מדינה.

כל פעם אתה זה שנותן - - -",1
355340,"כבוד היושב-ראש, עמיתיי חברי הכנסת וחברות הכנסות, מן הסתם אנחנו מתנגדים נחרצות לחוק האנטי-דמוקרטי ואפילו הנפשע הזה, ואנחנו לא רק שתומכים במפגינים אלא אנחנו חלק מהם. מחר גם נשתתף. אני קורא לכל האזרחים להשתתף בהפגנות בכל הרחובות, כן, כן, לחסום כבישים, ולעשות הכול - -

- - בשביל למנוע את החוק הפשיסטי הזה.

כבודו, אני מבקש, הוא מפריע לי, בבקשה.

אני לא אקרא אף פעם לפגוע באנשים. לא אקרא. זה לא יהיה.

לחסום כן, אבל זה לא לפגוע באנשים.

אנשים מהימין הקיצוני מנסים להחרים - - -

חברי כנסת מהימין הקיצוני מנסים להוציא מחוץ לחוק את ועדת המעקב. ועדת המעקב מאגדת בתוכה את כל המפלגות הפועלות בקרב האוכלוסייה הערבית, כולל ראשי רשויות מקומיות, ומקבלת החלטות בשם האוכלוסייה הערבית כולה. הניסיון הזה הוא חלק מהמתקפה נגד האוכלוסייה הערבית בכל הרמות, וגם חלק מהמתקפה נגד המרחב הדמוקרטי. אני רוצה לפנות לקבוצה הזו, הקבוצה שנאבקת נגד ההפיכה המשטרית. אני חושב שהמאבק הזה צודק למהדרין. אנחנו יחד איתכם, אבל כולם צריכים להפנים, להפנים: דמוקרטיה – כלומר דמוקרטיה לכולם, כלומר דמוקרטיה לאוכלוסייה הערבית, כלומר דמוקרטיה גם לעם הפלסטיני, כלומר סיום הכיבוש והקמת מדינת פלסטין לצד מדינת ישראל. דמוקרטיה – כלומר לשני העמים ולכל האזרחים. זו לא דמוקרטיה ליהודים, אתם מבינים? לא דמוקרטיה ליהודים אלא דמוקרטיה לכולם. רק כך אפשר להצליח. רק ככה האוכלוסייה הערבית תהיה חלק. רק כך 20% מהאוכלוסייה יהיו חלק. רק כך מבחינה כמותית ומבחינה איכותית נהיה הרוב ונתגבר עליהם. תפנימו את זה היטב. תודה.",1
355722,"כבוד היושב-ראש, כבוד סגן השר, טוב, לאחרונה אני משתמש במשקפיים, ואין עליי. אז במשחק בין קבוצת בני סח'נין לבית""ר ירושלים ב-11 במרץ 2023, אוהדי בית""ר שיגרו דבר שנחזה כזיקוק ישירות לעבר אוהדי סח'נין. רצוני לשאול: 1. האם הוטלו סנקציות על קבוצת בית""ר ירושלים? 2. כיצד הצליחו מפגינים להכניס זיקוקים ליציע תחת עיני המשטרה? 3. מה משרדך מתכוון לעשות לשם מיגור תופעות כאלה?

כבוד סגן השר, רציתי שתביא לי תשובה שכוללת את התייחסות המשטרה, כלומר, כשאני הגשתי את הבקשה, רציתי שתשאל אותם ותביא לי תשובה כוללת. אבל בכל זאת, מתי תתקיים ועדת המשמעת נגד בית""ר ירושלים?

אחרי שנסיים. אבו עמר, אחרי שנסיים. תשאל. זכותך.

אני לא יכול להעביר לו את שאלת ההמשך שהוא ישאל אותה?

טוב. כבוד היושב-ראש, סגן השר, דוח מבקר המדינה מחודש מאי 2023 הצביע על פערים מגזריים משמעותיים בפריסת מתקני הספורט. לפי הדוח, הנגישות של מתקני הספורט לתושבי רשויות ערביות נמוכה בכ-38% לעומת נגישותם לתושבי רשויות יהודיות. רצוני לשאול: 1. מדוע הפער הגדול? 2. האם השר פועל בנדון? אם כן – מהן התוכניות? 3. אם לא – מדוע?

כבוד סגן השר, האם אני יכול לקבל בכתב, בפירוט, את כל מה שדיברת, כולל תאריכים, מועדים? כי לפעמים תוכניות חומש משאירות הרבה דברים לשנה החמישית, ואז מכל מיני סיבות לא מתבצעות - - -

אני רוצה עכשיו פירוט, כולל מועדים וזמנים.

כבוד היושב-ראש, כבוד סגן השר, בימים האחרונים הותקפו שני נהגי אוטובוס ערבים, ב-18 ביוני בשכונת רמות וב-14 ביוני באזור התחנה המרכזית בירושלים. הם מצטרפים לשורה ארוכה של נהגים ערבים שהותקפו ממניע גזעני תוך ניסיון למנוע הפרת חוק. רצוני לשאול: 1. כמה נהגים ערבים הותקפו בעשור האחרון? 2. מה עושה המשרד כדי להבטיח את בטיחותם של הנהגים הערבים? תודה.

כבוד סגן השר, מכיוון שאני מכיר אותך אישית, אני יודע שיש לך כוונות בכיוון הנכון. יחד עם זאת, עצם העובדה שיש אלימות – כל אלימות היא מגונה, ויחד עם זאת, יש level של הלאומי והלאומני. מתייחסים אחרת למישור הזה. לכן, אני מבקש מכבוד סגן השר, כשאני פונה אליו בשאילתה, לבדוק אצל המשטרה ולתת לי מענה כמה אנשים נפגעו על רקע לאומני. אני מבקש ממך שתספק לי את הנתון הזה, בבקשה.

צריך לעצור את ההפיכה המשטרית.",1
355895,"אוי, אוי, אוי - - העם שלך.",1
355919,"כבוד יושב-ראש הישיבה, עמיתיי חברי הכנסת וחברות הכנסת, היום זה יום השנה להנצחת זכרו של נלסון מנדלה, וחשוב לי לומר לכם כמה דברים. אחד מהם, כבוד שר המשפטים יריב לוין - -

- - שהנהגת הלבנים בדרום אפריקה לא הייתה מצדיקה את האפרטהייד ואת הרוע בגלל עליונות, אלא הייתה עוברת ממדינה למדינה ואומרת להם: אנחנו מסכנים. אנחנו לא יכולים להיות מיעוט במרחב פתוח. זה יסכן את הביטחון שלנו. זה יסכן את הביטחון שלנו. לא תורת גזע, לא לא לא. אנחנו קורבנות. האפרטהייד זו חובה בשביל לשמר את שני העמים. אנחנו לא יכולים להחזיק מעמד אם הכול יהיה פתוח. אתם יודעים מתי נוסד האפרטהייד בדרום אפריקה? אתה יודע את השנה, כבוד היושב-ראש? 1948. אתה יודע מה בותה, נשיא דרום אפריקה, נציג המפלגה הלאומית, היה אומר באירופה? שדרום אפריקה היא המדינה הדמוקרטית היחידה באפריקה. אני שומע את המונח הזה פה, בכנסת. אתם יודעים שהתפיסה הייתה שוויון אבל בנפרד. אין בה שום דבר רע. לקחו את זה מהתפיסה בארצות הברית מול השחורים – להתפתח בנפרד; שם זה היה להתפתח בנפרד. אנחנו לא רעים, אנחנו לא נגדם, אבל רק כך אפשר להתפתח. אבל בעצם בכל מקום הייתה אפליה קשה, ואם תרצו את זה – שאלוהים הוריש להם את דרום אפריקה. תחושת דז'ה וו; אני שמעתי את המונחים הללו הרבה פעמים באולם הזה. והם נאבקו נגד הבריטים במלחמת הבורים הראשונה והשנייה, עד שבדם ויזע קיבלו את המולדת שלהם.

אבל בסוף כולם יודעים מי המדינה היחידה שנשארה בקשר דיפלומטי עם דרום אפריקה של האפרטהייד – ישראל. מי שרוצה באמת להנציח את זכרו של נלסון מנדלה צריך להתנגד לכיבוש ולחתור לשלום ושוויון. זוהי דרכו של מנדלה.",1
355977,"חבר הכנסת עמאר, חבר הכנסת עמאר - - -

חבר הכנסת עמאר, אתה בטוח שהמדינה נוסדה כדמוקרטיה או בצורה דמוקרטית?

כבוד היושב-ראש, עמיתיי חברי וחברות הכנסת, אני רוצה להתייחס לשני נושאים לפני שאני ניגש לדבר על עילת הסבירות. הנושא הראשון, שיש קבוצה של פנאטים שנכנסים בכוח לכנסיית מר  אליאס בחיפה – הכנסייה היפהפייה, שהיא אחת מסמלי העיר, ממש היפים ביותר. כבר כמה חודשים נכנסים בכוח אל הכנסייה בטענה שזאת כנסייה שייכת לאיזשהו נביא מהתקופה המקראית – דבר שאין לו אח ורע; דבר שלא היה גם בשנים שעברו. הצעירים בחיפה עומדים איתנים מול הפנאטים. זה הגיע עד לאלימות בין הצעירים שמגִנים על הכנסייה לבין הפורעים שמנסים לחבל בה. זה קרה גם היום בבוקר. הצעירים כולם הגיעו, עשרות צעירים הגנו על הכנסייה. אני הבנתי שהקבוצה הזאת היא מה שנקרא ברסלב. פניתי לשר פרוש. אמרתי לו, אם יש לך קשר אז דבר איתם. אמר, כן יש לי קשר ואני אתייחס ואדבר איתם. אז אני מחכה לתשובה ממנו. אני רוצה להגיד לכולם שבחיפה אין לכם מקום. בחיפה, בעיר שלנו, אין לכם מקום. שם אנחנו נעמוד איתנים, ולא ניתן לאף אחד לפגוע בכנסיה.

חיפה לאנשים הנורמטיביים, לאנשים השפויים, יהודים וערבים. השפויים, הנורמטיביים, הדמוקרטיים, שמחפשים איך לחיות ביחד. לא למתפרעים ולמג'נונים. את זה לא ניתן. בעיר שלנו לא ניתן להם.

כן, חשוב להגיד שזה כך בחיפה. האמת שהמתקפה, שיש בה ממד של גזענות כלפי נוצרים ונצרות, היא מתמשכת מזה הרבה זמן. למשל, אנחנו רואים בירושלים המזרחית איך קבוצה של חוליגנים מתנכלת לכמרים. אחד מהם מבקש ממנו לא לענוד צלב, ואחד יורק ליד כומר. זאת לא רק התנכלות גזענית, זה חלק מתפיסה פוליטית. תפיסה פוליטית שרוצה להוציא את הנוצרים מהמערכה הפוליטית, בשביל להפוך את הסכסוך מסכסוך פוליטי לסכסוך דתי. כלומר, אם מנטרלים את הנוצרים, אז יהיה המאבק, כביכול, בין היהדות לבין האסלאם על ירושלים. כך הם רוצים. אני רוצה להגיד, שמה שנכשל בו ריצ'ארד לב ארי (אומר דברים בשפה הערבית), בלשבש את הזהות הלאומית של הנוצרים (אומר דברים בשפה הערבית). מה שנכשל בו ריצ'ארד לב ארי, לא יצליח לעשות אותו נתניהו לב התן. אנחנו נישאר עם אחד, עם יהודים דמוקרטים, שוחרי שלום. ניאבק למען הערכים, שאין יותר חשוב מהם בקרב כל האנושות: לחיות בשלום ובשוויון על בסיס זכויות לאומיות לשני העמים. זאת עמדה ערכית וזאת עמדה נכונה וזאת עמדה שתנצח. אני חוזר על מה שקורה בחיפה. או שתטפלו בחוליגנים או שאנחנו נטפל בהם. הנושא השני שאני רוצה להתייחס אליו. כבוד היושב-ראש, אני רוצה לעלות על נס את מאבקם של תושבי פורדיס ותושבי ג'יסר א-זרקא, שאחרי רצח בשני היישובים הללו, הם חסמו את העורקים הראשיים. עכשיו המשטרה החזקה, במקום לטפל ולמנוע את הרצח, היא מטפלת במפגינים שנאבקים נגד הרצח. אני השתתפתי בהפגנה של תושבי פורדיס, שהייתה לפני יומיים. שם עמדה המשטרה מולנו עם מכת""זית, עם אלות, עם רימוני גז, רימוני עשן. חזקים מאוד בפני מי? בפני המפגינים נגד הרצח, וחלשים בפני הרוצחים. זוהי משטרת ישראל. והמשטרה החזקה הזו, מה עוד עשתה? מצאה לנכון, בזמן שאנחנו מפגינים, לתת לנו דוחות, דוחות תנועה. הינה, הינה דוחות תנועה שנתנה לנו ושחררה לי, גם לי אישית. אז אין לנו בעיה, אנחנו נשלם את הדוח הזה, אבל נמשיך להפגין, נמשיך לחסום עורקים ראשיים. יישר כוח, תושבי פוריידיס וג'סר א-זרקא. נישאר ביחד כל האוכלוסייה הערבית, עם כל בעלי המצפון, עד שננצח את הפשיעה בקרב האוכלוסייה הערבית. כבוד היושב-ראש, לגבי עילת הסבירות, המצב הוא כך: מדינת ישראל מגדירה את עצמה כמדינה יהודית ודמוקרטית. האמת היא שאני אפילו לא אוהב את המונח הזה, להגיד שהיא בעיקר יהודית עם מרחב דמוקרטי. למה? זה חשוב, כבוד היושב-ראש. אני חושב שכל בן אדם, בהיותו בן אדם הומני, מעריך תרבות של אחרים, צריך להגיד: למה אפילו צריך לשים את היהדות במקום הזה? בואו נגיד את האמת, שזו מדינה ציונית בעיקר, עם מרחב קטן דמוקרטי. אני חושב שזו הגדרה יותר  נכונה לגבי המצב הנוכחי. אפילו כשאומרים מדינת היהודים, אני שואל את עצמי: האם באמת היא באותה מידה מדינת הטייקון היהודי, כמו שהיא מדינת המוחלש היהודי, שלא מוצא פת לחם לילדים שלו? האם זה בדיוק כך? או שזה חלק מהלאומיות, שבאה לעשות הסחת דעת מהסוגיות העיקריות למקום לאומני, במקום להתבונן באמת על המציאות. בפועל, זו מדינה ציונית עם מרחב קטן דמוקרטי. אני רוצה לשאול: האם האינטרס שלנו זה לצמצם לחלוטין עד כדי למחוק המרחב הדמוקרטי, או שהמאבק ההדרגתי שלנו זה להרחיב את המרחב הדמוקרטי? אני חושב שהאינטרס שלנו הוא לא לצמצם עוד יותר את המרחב הדמוקרטי. לכן אנחנו עומדים איתנים נגד עילת הסבירות. חשוב לי להגיד, שאפילו אם היא מוגדרת כמדינה יהודית ודמוקרטית, האם האינטרס שלנו למחוק את המרחב הדמוקרטי ולהישאר רק יהודית, או להיאבק עד למקום שתהיה בו מדינה אזרחית, שמכירה בזכויות הלאומיות והאזרחיות של שני העמים ושל כל האזרחים? לכן, גם במאבק ההדרגתי הזה, אנחנו, האינטרס שלנו, לעמוד איתנים נגד עילת הסבירות, שזה הכיוון ההפוך מהרחבת המרחב הדמוקרטי. דבר שאנחנו נאבקים למענו. חשוב לי להגיד, שכל פוליטיקאי מחפש רגע שיש בו ערנות ציבורית – כי בדרך כלל יש ערנות ציבורית בחודש הבחירות, אחר כך את הציבור מעניין יותר גם המאבק היום-יומי למען חיים בכבוד, דברים אחרים כמו כדורגל – שזה דבר מעולה ויפה – והפוליטיקה פחות מעניינת את הציבור. אבל מה שאנחנו רואים במשך 29 שבועות זה דבר שלא היה כדוגמתו. כל פוליטיקאי מחכה לרגע הזה, מחכה לערנות ציבורית, בשביל לתרום את חלקו בעיצוב התודעה הציבורית. לכן זה הזמן שלנו להגיד למפגינים, שיש לנו הרבה הערכה למה שהם עושים – 29 שבועות זה דבר שראוי לכל הערכה. אז יישר כוח, והרבה הערכה. אנחנו השתתפנו ברוב המוחץ של ההפגנות מדי שבוע. הרבה הערכה. יחד עם זאת, חשוב לי להגיד לכם שדמוקרטיה אמיתית זו דמוקרטיה שהיא לא רק לעם אחד; דמוקרטיה זה לשני העמים. דמוקרטיה אמיתית זה לא לעם אחד, זה לכל האזרחים, אחרת היא אתנו-דמוקרטיה; היא דמוקרטיה לעם אחד ולא דמוקרטיה לשני העמים ולכל האזרחים. אני רוצה להוסיף ולומר שני דברים: 1. מה המטרה העיקרית של ההפיכה המשטרית? המטרה העיקרית זה לספח את אזורי C. לכן חייבים לקשור בין הפגיעה במרחב הדמוקרטי לבין שלילת זכות העם הפלסטיני. אני רוצה להוסיף מהצד השני: מאיפה מגיע הפשיזם לתוך מדינת ישראל? הפשיזם מגיע – טוב, הינה, החלפתם את המים, זה לא מההתנחלויות. כל הכבוד. כל הכבוד. אז שמעתם להערה שלי והחלפתם את מקור המים. במקום ""מי עדן"" מההתנחלויות הבאתם מים מתוך מדינת ישראל. אנחנו כנים, רוצים שתי מדינות – מדינה לצד מדינה. לכן אני שותה מים שמוציאים מתוך מדינת ישראל, אבל לא מהתנחלויות. אז אני חייב לציין שהכנסת מתקדמת לפעמים לכיוון הנכון. עכשיו, מאיפה מגיע הפשיזם בתוך מדינת ישראל? חבר הכנסת אחמד טיבי, למדנו בהיסטוריה כשהיינו בתיכון, שפשיזם מגיע או מהקפיטל הגדול או מחונטה צבאית, כמו פרנקו בספרד למשל, כמו, יימח שמו וזכרו מגרמניה, כמו הדוצ'ה מאיטליה, כמו באמריקה הלטינית. אבל אנחנו מזהים שבמדינת ישראל הקפיטל הגדול נגד ההפיכה המשטרית, וגם הגנרלים יוצאים נגד ההפיכה המשטרית. אז זה סוג פשיזם, שהמניעים שונים ממה שלמדנו בתיכון. אז מאיפה מגיע הפשיזם לתוך מדינת ישראל? מאיפה מגיע בן גביר? מקריית ארבע? מאיפה סמוטריץ'? פעם מבית אל, אחר כך – מאיזו התנחלות היום? גם רוטמן – מהתנחלות. גם קהלת, הציונות הדתית. לכן איך אפשר לא לקשור בין הכיבוש ותרבות הכיבוש לבין העמקת הפשיזם בתוך מדינת ישראל? את זה אני רוצה להגיד לאנשים שמפגינים בחוץ; מגיעה להם הערכה. מפה אני אצא ואני אשתתף יחד איתם. אבל אני חייב להצביע על מקור הרוע, שהכיבוש הוא המזין העיקרי לתרבות הפשיזם בתוך מדינת ישראל. אם אנחנו קוראים את הצורה, מנתחים אותם בצורה הוליסטית נכונה, רק כך אפשר לנצח את הפשיזם בתוך מדינת ישראל. זו חתירה לשלום, חתירה לסיום הכיבוש. אני רוצה להגיד לציבור שלנו – אני אגיד כמה מילים בשפה העברית, אחר כך אתרגם אותן לשפה הערבית – בקשר לפשיעה, מתקשרים אליי הרבה מהאזרחים הערבים. אומרים שצריך, שוב, לחסום את הכבישים הראשיים, והם צודקים. אני חושב שצריך מעבר לכך: צריך להחליט על מרי אזרחי. אני תומך במרי אזרחי בסוגיית הפשיעה בקרב האוכלוסייה הערבית. אני תומך. יחד עם זאת, כשמחליטים ללכת על מאבק חסר תקדים, צריך לחשוב על ההשלכות ועל התוצאה שאנחנו אמורים להניב אחרי מאבק חסר תקדים. אני אומר שבצל מחאה נגד ההפיכה המשטרית, שהיא חסרת תקדים, אפילו אם נצא לרחובות באלפים, זה לא יביא תוצאה בתקופה שאין בה מאבק אחר. אבל בזמן הזה, כשמאות אלפי ישראלים יוצאים לרחובות, כל מה שנעשה דווקא עכשיו, זה ייבלע בתוך המאבק הגדול בתוך מדינת ישראל. לכן, האם אלה הם הימים המדויקים? זו שאלה ראשונה. שאלה שנייה – לצערי הרב, בצל הבחירות המקומיות, מתוך היכרות מעשית אני יודע שבספטמבר-אוקטובר, הראש והלב - - -

חברי, אתה יכול לבקש מהיועצת המשפטית לפנות אליי, להגיש קובלנה - - -

אני איימן עודה, בעל תעודת זהות 025978958 - - -

אני אתמוך בכל צעד, לרבות מרי אזרחי, נגד הפשיעה בקרב האוכלוסייה ערבית.

כבוד היושב-ראש, אמרתי את דעתי. לא רק שאני לא חוזר בי, אני מדגיש - -

אני מדגיש: זו היא עמדתי הברורה. צריך לעשות את הכול. אין יותר יקר, אין יותר חשוב מחיי בני אדם. אין. אין.

עכשיו, חד וחלק. אני רוצה להמשיך - - -

אני חושב שחיי בני אדם יותר חשובים מכל חוק אחר. אין יותר חשוב מחיי בני אדם.

אז אני אמרתי את דעתי בצורה ברורה, ותוכלו להגיש קובלנה נגדי. אין לי בעיה. זוהי עמדתי. אני רוצה לקרוא לאוכלוסייה הערבית שיש הצעה לבוא עם ארונות של מתים, 129 ארונות, ולבוא להיכנס לאמצע ההפגנות בסוף השבוע הזה, להיכנס לאמצע ההפגנות בתל אביב, בקפלן, עם הארונות הללו, להעלות את הסוגיה הזו בכל הכוח כחלק מהמאבק למען דמוקרטיה, ולקרוא למפגינים להצטרף אלינו ולראות שהפשיעה היא האנטי-תזה לדמוקרטיה. כך אנחנו יכולים לנהל מאבק משותף, יהודי-ערבי, למען דמוקרטיה שחלק בסיסי, אלמנטרי, קרדינלי ממנו הוא המאבק נגד הפשיעה בקרב האוכלוסייה הערבית. לכן אני קורא לציבור שלנו, לאוכלוסייה הערבית: (אומר דברים בשפה הערבית, להלן תרגומם:)

כבוד היושב-ראש, עמיתיי חברי הכנסת וחברות הכנסת, אני רוצה לברך ולהעלות על נס את המאבק העיקש, שכבר 29 שבועות מנהלים המפגינים והמפגינות. הרבה הערכה. הרבה הערכה. נכון שיש בינינו חילוקי דעות; נכון שיש מעבר לחילוקי הדעות, אפילו יש כעס, כי דמוקרטיה אמיתית, כלומר דמוקרטיה לכולם, כלומר דמוקרטיה לשני העמים, בוודאי לא דמוקרטיה יהודית. יחד עם זאת, עצם ההפגנות נגד ההפיכה המשטרית שתוביל לפשיזם זו עמדה שצריך להעריך אותה. ואנחנו מבחינתנו צריכים להיות גם חלק מהמאבק הזה וגם כל הזמן לחתור להשפעה בשביל להביא חלקים נרחבים שיאמצו את הגישה הפוליטית שלנו, שאומרת שאין דמוקרטיה עם עליונות יהודית; אין דמוקרטיה עם חוק הלאום; אין דמוקרטיה עם כיבוש שם, אלא הדמוקרטיה היא שלום, שוויון וצדק חברתי. אני רוצה לפנות לראשי האופוזיציה ולהגיד להם: אל תלכו למה שנקרא פשרה. זו לא פשרה, זו תוכנית שלבים של ממשלת נתניהו. זו בדיוק שיטת הסלאמי. כנראה – ואני לוחש באוזניכם עכשיו – למדו מכם עוד עז ועוד דונם. אני אומר שהגעה לפשרה – כלומר החלשת המאבק העיקש נגד ממשלת נתניהו – אסור לנו לתת יד להחלשת המאבק ההיסטורי נגד ממשלת נתניהו. פשרה – כלומר מתן לגיטימציה, גם לנתניהו וגם לממשלה הפשיסטית שלו. אסור בתכלית האיסור להגיע לפשרה. לכן אנחנו, בסיעת חד""ש-תע""ל, עמדתנו נחרצת והיא נגד, לאורך כל הדרך, עד להפלת הממשלה הפשיסטית הזאת. זוהי העמדה הנכונה. האסטרטגיה צריכה להיות ברורה מאוד. היעד: הפלת הממשלה, ואחר כך, הכיוון חייב להיות דמוקרטיה אמיתית, כלומר, חתירה לשלום, שוויון וצדק חברתי. אחרת, אין בינינו הסכמה. ממשלה שמקדמת את הכיבוש, כמו שממשלת נפתלי בנט למשל, זו ממשלה שאנחנו נהיה נגדה. כל ממשלה שמעמיקה את הכיבוש, כל ממשלה שלא חותרת לפשרה היסטורית ולכינון שלום על בסיס שתי מדינות, אנחנו נעמוד איתנים נגדה. שוב אני חוזר, בפעם השלישית: דמוקרטיה, כלומר שלום, שוויון וצדק חברתי. זוהי העמדה הנכונה. לכן אני קורא לראש האופוזיציה לא לתת יד למה שנקרא פשרה, שהיא בעצם תוכנית שלבים, שהיא בעצם שיטת הסלאמי, שהיא בעצם מתן לגיטימציה לנתניהו, שהיא בעצם החלשת המחאה נגד הממשלה הזו. אני רוצה לפנות לציבור הערבי ולהגיד לו – כבוד היושב-ראש, תרשה לי, אתה מציע שאדבר קודם בערבית ואחר כך אתרגם לעברית או להפך?

כרצוני. אני אדבר בערבית לציבור שלנו. (אומר דברים בשפה הערבית, להלן תרגומם:) אני רוצה לתרגם לעברית את מה שאמרתי. פניתי לציבור הערבי בשפה הערבית-ספרותית, ביקשתי מהציבור שלנו להשתתף בהפגנות. נכון שיש לנו הערות מהותיות לגבי עמדות הנהגת המחאה, לגבי הסמלים הלאומיים, ובכל זאת, האינטרס שלנו – לא לצמצם עוד את המרחב הדמוקרטי אלא זה מאבק הדרגתי למען הרחבתו ולא צמצומו. אמרתי, בשפה הערבית: מי שמשתתף, יש לו את הזכות ואת הכוח ואת הדינמיקה להשפיע על התכנים של המחאה, אבל מי שיושב בביתו, איך הוא ישפיע? לכן, כן, אנחנו צריכים להשתתף עם המוחים ולהשפיע מול הממשלה הפשיסטית. קו התפר, הקו הכי חשוב בפוליטיקה שלנו, מספר אחת, הוא שאלת הכיבוש ושאלת השלום. והשאלה הזאת, כבוד היושב-ראש, משליכה על כל הדברים. ראה את המאבק, את צמצום המרחב הדמוקרטי, מאיפה הוא מגיע? מבן גביר, סמוטריץ', מקהלת, מהציונות הדתית, מההתנחלויות, מרוטמן המתנחל, משם מגיע הפשיזם לתוך מדינת ישראל. הראו מי הגיע להפגנות אתמול – מתנחלים. לכן אני פונה למוחים ואומר להם: זהו המאבק, זהו המאבק העיקרי למי שרוצה דמוקרטיה אמיתית. תודה רבה.",1
