Id,Date,Topic,Text,Rank,Reasoning
2103,1992-11-11,הצעות לסדר-היום: עיריית באר-שבע,"אדוני היושב-ראש, כנסת נכבדה, אין זו הפעם הראשונה שהנושא של באר-שבע עולה כאן במליאה ובוועדות הכנסת, גם בדיון שהתקיים בוועדת הכספים של הכנסת. חבר הכנסת סילבן שלום העלה את הנושא, וגם חבר הכנסת בדש. אני לא חושב שדיון בפתרון אמיתי אפשר לקיים מעל דוכן הכנסת. אני מבין שהמטרה של העלאת ההצעות לסדר-היום היא להביא את הנושא לתודעה הציבורית ולתודעת הכנסת. היות שהמטרה המתבקשת גם ברורה, שהנושא יידון בצורה רצינית בוועדת הפנים של הכנסת, אני אומר מראש שאני מציע להעביר את ההצעות הללו לדיון בוועדת הפנים של הכנסת. לשיקולו של היושב-ראש, היות שוועדת הכספים של הכנסת דנה בימים אלה בתקציב המדינה, אולי היה כדאי שלנושא הזה של באר-שבע, שכבר נדון פעמים מספר, תקום ועדה משותפת של ועדת הכספים וועדת הפנים; זה לשיקולו של היושב-ראש. הייתי אומר לחבר הכנסת פיני בדש, שאולי כדאי שהיושב-ראש, חבר הכנסת יהושע מצא, יבדוק - בגלל מסירותו של חבר הכנסת בדש לנושא - אפשרות לחבר את עומר, את להבים, את מיתר, לבאר-שבע, אולי זה יחזק יותר את באר-שבע.

אני מציע את זה לשיקול דעתכם. תודה רבה.

אני השארתי את זה לשיקול דעתו של היושב-ראש.",5,
5960,1993-01-06,הצעה לסדר-היום: היישובים הערביים הלא-מוכרים,"הוא גם מתיישב על כיסאו של שר האוצר.

חבר הכנסת דראושה, אולי תגיד מה הבטיחה המפד""ל למגזר הערבי?

אדוני היושב-ראש, קשה להגיד כנסת נכבדה, אפשר להגיד חברי כנסת נכבדים, ובאמת יש כאן חברי כנסת מסורים שנמצאים כאן בשעות כאלה. חבר הכנסת דראושה מיצה פחות או יותר את העניין, גם בצורה מקצועית. אני רוצה להשיב בקצרה. חבל לדבר שוב על העניין העקרוני ועל הפתרונות, מיצית אותם פחות או יותר. אני רוצה להגיד מה נעשה עד כה ובאילו שלבים אנחנו נמצאים. כפי שאמרת, צריך להפריד בין הבעיות. יש לנו הגליל והצפון, יש לנו מחוז חיפה, יש לנו הנגב, וזאת בעיה בפני עצמה, הבדואים שם הם עיקר האוכלוסייה ועיקר הבתים. בחיפה והצפון מדובר על 650-600 בתים. אינני חושב שהאוכלוסייה שם הגיעה ל-10,000, אבל מדובר בכמה אלפי אנשים. בנגב אנחנו מדברים על כ-9,000 בתים, אם אינני טועה - חבר הכנסת אלסאנע בקיא בכך יותר ממני - ועל אוכלוסייה של כמה עשרות אלפי אנשים. אני רוצה לדבר תחילה על חיפה והצפון, ואחר כך אעבור לנגב. לגבי חיפה, אני מחזיק בידי תרשומת של ישיבה מלפני כשנה וחצי, מ-3 במאי 1992, של ועדה שמיניתי אז בראשותו של דב קהת, שהיה מנכ""ל משרד הפנים, בהשתתפות ראש עיריית הרצלייה אלי לנדאו, נתן רום ממשרד הפנים, אלי בבאי ממינהל מקרקעי ישראל, ויצחק פרוינד, שהיה בעבר מתכנן מחוז חיפה, היום הוא כבר לא שם. המנדט של הוועדה שמיניתי היה לתת לנו פתרונות למחוז חיפה, בגלל כמה צווי הריסה שהיו כבר קיימים מבחינה משפטית, והיינו חייבים לפתור את הבעיה הזאת, או להרוס או למצוא פתרון אחר. אני מבקש מראש את סליחתכם אם לא אבטא כל כך נכון את שמות המקומות. יש לי צילום של פקס, ואני גם קצת חלש בשמות, קשה לי לבטא אותם. ובכן, הוועדה מיצתה למעשה את כל הבעיות של הריכוזים שיש באזור חיפה. והמלצותיה היו: לגבי עין-חוד, ועדת-קהת המליצה - ואני אישרתי את זה - להכיר בהם כיישוב. לפי דיווח שקיבלתי היום בכתב ממינהל התכנון במשרד הפנים, זה נמצא בשלב של הכנת תוכנית לצורך הפקדה ולצורך אישור של עין-חוד כיישוב בפני עצמו. היישוב אל-אריאן - אתם תעזרו לי אם אני אומר לא נכון - בוואדי-עארה - הוחלט לאשר את התוספות ולהכניס אותן במסגרת תוכנית מקומית. כעת מכינים את התוכנית, היא בשלבי סיום, כדי להפקיד אותה. ערב אל-חוואלד-מערב - כידוע יש במזרח, יש במערב. הוועדה ממליצה לאשר יישוב בערב אל-חוואלד-מערב, שיהיה יישוב במסגרת המועצה האזורית זבולון, או לשלבו בתוך מועצה כפרית, שהקמנו עכשיו בוואדי-עארה, וערב אל-חוואלד-מזרח יתפנו, בחילוף מגרשים שהוכנו להם על-ידי המינהל, לערב אל-חוואלד-מערב או למקום אחר, ויש אפשרות להגדיל את ערב אל-חוואלד-מערב כדי שיהיה יישוב גדול אחד. כל הפזורה מסביב תתפנה לערב אל-חוואלד-מערב, או לחלופין לכל מקום אחר שיוסדר על-ידי המדינה. אני חייב להגיד - - -

לא, אתם יכולים ללכת. אני מתכונן להעביר את זה לוועדת הפנים, לא צריך לגייס.

לא, אל תיבהל, חבר הכנסת דראושה.

אני חושב שאחרי התשובה שלי ראוי להסתפק בתשובת השר, אבל אם תרצה ועדה, נעביר גם לוועדה. זה לא נושא לחילוקי דעות.

אולי היה עדיף באמת שיהיו שלושה חברי כנסת ואפשר יהיה לדבר. רבותי, הנושא באמת רציני. אני ממשיך לגבי ערב אל-חוואלד: נציגי ערב אל-חוואלד-מערב, שהופיעו בפני הוועדה בראשות המוכתר חמד מוחאד, הודיעו על נכונותם לקבל אל תוכם את הפזורה הקרובה ולהקצות קרקע בעבורם ולצורכי הציבור. בתנאים הללו ממליצה הוועדה להכיר ביישוב ולחזק אותו בהקצאת קרקע ובסיוע כספי, על מנת לסייע להם בקליטת הפזורה מסביב. זו היתה ההמלצה של ועדת-קהת, שקיבלתי אותה. נכון להיום זה נמצא בתהליך בדיקה ומשא-ומתן, כיוון שזאת לא רק הכרה ביישוב. צריך כאן לקבץ את כולם, להכין להם את קרקעות החליפין ולהכין תוכנית. אבל אני המלצתי את ההמלצות של הוועדה גם לגבי חוואלד. עין-נקובה: זה נמצא בשלב הכנת תוכנית גם-כן. השכונה הצפונית בעספיא: - גם-כן בהכנת תוכנית, על-פי המלצות הוועדה. זה לגבי מחוז חיפה וזה נותן תשובה למחוז חיפה. לגבי מחוז הצפון: כבר בשלב זה שני יישובים במחוז הצפון - הכמאנות ודמידה - הוכרו והוכנסו כיישובים מאורגנים ומוכרים. בבסמת-טבעון הגדלנו את תחום השיפוט והכנסנו מספר די גדול של משפחות שלא היו מוסדרות. לגבי כלל הבעיה במחוז הצפון: אתה אמרת - תוכנית אב. אכן נכון, אני רק חושב שמיותרות כל הבקשות האחרות של הידברות, כיוון שאני חושב שעשינו את הדבר הטוב ביותר. אותו מתכנן, מהטכניון בחיפה, שהכין את החוברת של תוכנית האב לאגודת ה-40 - שכחתי את השם שלו - מראש צירפנו אותו לוועדת ההיגוי של הכנת תוכנית המתאר הצפונית, והוא חבר מלא ושותף, ומלווה את העניין, כך שאני חושב באמת שהתוכנית מלווה מתחילתה ועד סופה בראייה של הדבר הזה. אני רק רוצה להזכיר, שההפקדה היא לצורך שמיעת אנשים. הפקדה היא תחילת התהליך כדי לשמוע התנגדויות או דעות אחרות של מי שרואה את עצמו נפגע, או חושב שהוא לא הוצג בעניין. התוכנית, לפי מה שאמרו לי במשרד, אמורה לתת את שלוש האלטרנטיבות שאמרת: או יישוב מוכר, או צירוף, או הרחבה. אבל אני חייב לומר ולהיות הגון: זה ייתן פתרון לרוב הבעיות של המשפחות. יהיו כמה מקומות, ואני לא רוצה לפרט אותם כאן, כמה מקבצים קטנים, שלגביהם - בגלל המרחק שלהם ומפני שהם קטנים - לא יהיה אפשר, על-פי קריטריונים של תכנון, להכיר בהם כיישוב. יצטרכו שם להגיע לפתרונות אחרים, ואמרתי אותם בזמני - אני לא רוצה לחזור על זה - בוועדת הפנים. בגלל רגישות העניין, בוועדת הפנים אולי נתמקד יותר בפרטים. התוכנית הזאת, לפי מה שדיווחו לי במשרד, אמורה להיות מופקדת. ביוני-יולי היא תסתיים ותופקד בוועדה המחוזית של מחוז הצפון במשרד הפנים. לגבי הנגב הבעיה והפתרון ידועים פחות או יותר. לצערי, קיימת בעיית הביצוע והבעיה של הצווים המשפטיים. לצערי, רק אתמול נודע לי - בישיבה שקיימתי עם אליהו בבאי ואנשי משרד הפנים, שהם נקראים ""מינהל הביצוע"" - שהחלטת ממשלה, שלא הייתי כל כך מודע לה וער לה, ביטלה את מינהל הביצוע והעבירה את כל הטיפול בחזרה למינהל מקרקעי ישראל. אנחנו חוששים מאוד שהדבר הזה יביא למצב שכל ההתקדמות הגדולה - והם הראו לי נתונים של התקדמות אדירה, של משפחות שחתמו והביעו נכונות ורצון וכבר סיכמו אתן את כל התנאים, לא על-פי הקריטריונים, אלא על-פי קריטריונים יותר גמישים, שיש להם סמכות לכך - ואני ביקשתי להניח החלטה בפני הממשלה להחזיר את זה למינהל הביצוע. אני שמח ששמעון שבס מסכים לדעה הזאת וגם שר הבינוי מר בנימין בן-אליעזר מסכים לעניין הזה, ואני מקווה שזה יתוקן.

דיברתי גם עם חבר הכנסת אלסאנע ועם חבר הכנסת חיים אורון על כיוון של פתרון. אני מוכן לשקול, ולמעשה תכננתי להביא את זה כבר ב-16 בחודש לוועדת השרים לענייני פנים ושירותים. כל עוד לא יתוקן הנושא של מינהל הביצוע, אני לא יכול לקחת אחריות, מצד אחד, לעכב צווים משפטיים, ומצד שני אני יודע שאין מינהל ביצוע שיבצע את הסיכום שאנחנו רוצים להגיע אליו. אבל העיקרון הוא: כל מי שיחתום באופן עקרוני על נכונות להיכנס למשא-ומתן לפתרון בתוך הערים הקיימות - ולמעשה רוב האוכלוסייה רוצה להיכנס לכיוון הזה - לדעתי אין שום טעם שבאותה תקופה שמסדירים את ענייניו, בינתיים יפעילו את הצווים השיפוטיים. צריך למצוא פתרון משפטי, ויש לי כזה, בוועדת השרים לענייני פנים ושירותים כדי לעכב לתקופה של שנה או שלושת-רבעי שנה, לפי מה שייראה שם. אבל, לצערי, הכלי הביצועי שהיה בידינו עוכב, ולדעתי גם אתם צריכים לעזור בעניין הזה ולהתריע. חבל, זה היה דבר שהיו לו הרבה קשיים, אבל סוף-סוף הם נכנסו למסלול של עבודה, להידברות. לתושבים יש אמון באנשים ובמינהל הביצוע, ולצערי החשש שלנו הוא שמינהל מקרקעי ישראל - אין לי, חלילה, דבר נגדו - יעכב את כל הביצוע של הדבר הזה. זה כיוון הפתרון הטוב ביותר שאנחנו חושבים עליו. מצד אחד, לזרז את הביצוע, לתת את התקציבים - ואתם יודעים שיש תקציב של 30 וכמה מיליון שקל, שאושר בשנה שעברה - ומצד שני למי שנכנס לתוך החלופה הזאת, שמתחיל לטפל בענייניו, לעכב את הצווים. לפי דעתי זה הפתרון היחיד שאפשר להתמודד בעזרתו במצב המשפטי שבו אנחנו נמצאים. אם חבר הכנסת רוצה לעקוב אחר הדברים האלה בוועדת הפנים, אין לי התנגדות שהעניין יידון בוועדת הפנים של הכנסת.",6,
9014,1993-02-24,הצעות לסדר-היום מינוי מועצה כפרית לשמונה כפרים ערביים באזור ואדי-עארה,"לא די שהוא חזר על דבריו, את גם מכנה אותו בשמו. זה לא בסדר. גברתי היושבת-ראש, חברי כנסת נכבדים, חברי הכנסת המציעים, אני מבקש דבר אחד לפני שאני מתחיל את דברי. אני חייב להגיד, ששמעתי דברים מנומקים, עם הרבה שיעורי בית, עם הרבה פרטים, ושתקתי, אולי חוץ מקריאת ביניים אחת, שלא הפריעה לאיש. אני אבקש שייתנו לי לסיים את דברי בלי קריאות ביניים. הדיון הוא דיון ענייני באמת, ולא כדאי להיכנס בו לדברים אחרים. אני רוצה לומר כמה דברים, אולי בעיקר לחבר הכנסת אלסאנע, שלא היה בכנסת הקודמת, אבל חברי הכנסת הוותיקים זוכרים את העניין. בקדנציה הקודמת, כשכיהנתי כשר הפנים, וגם כמנכ""ל משרד הפנים, היו לנו שלוש בעיות מרכזיות בתחום המוניציפלי של הרשויות המקומיות הערביות, עם אוכלוסייה גדולה מאוד שלא היה לה טיפול מוניציפלי. יש לנו הבעיה של כ-20 כפרים, שהם חוקיים ומוכרים, אבל ללא שום שיוך מוניציפלי. במדינת ישראל של שנות ה-90, של שנות האלפיים, כפרים של 1,000, 1,500, 2,000 תושבים, כפרים גדולים במרכז הארץ, בצפון הארץ, לא שייכים לשום גוף מוניציפלי, אסור למשרד ממשלתי כלשהו לתקצב אותם, אין גביית מסים, אין חוקי תכנון ובנייה, אין שום טיפול של חוקי עזר, אין שום טיפול של רווחה וחינוך ותברואה, שום דבר. זה מצב נתון. אני לא מדבר על שנות ה-40, או על תקופת הפלמ""ח. זה המצב ששרר עד לפני תקופת-מה. יש לנו בעיה אחרת, של היישובים הבלתי מוכרים, ולא נעלה אותה כאן, והיתה לנו בעיה נוספת, של כפרים ערביים גדולים, עם 4,000 ו-5,000 תושבים, בתחומי מועצות אזוריות, עם טיפול מוניציפלי, אבל לא כמועצה מקומית נפרדת, אלא הם שייכים לגוף גדול של מועצה אזורית. אלה, ""בגדול"", שלוש הבעיות המרכזיות שהיו בקדנציה הקודמת. אני לא רוצה למנות כאן - אתם יודעים זאת טוב יותר - כמה מועצות מקומיות חדשות קמו במגזר הערבי בשנים האחרונות. אני גאה על כך ואני חושב שזה לתועלת, למרות הביקורת, שאני מקבל אותה, אבל צריכים להיות הגונים, הביקורת הזו קיימת גם במגזר היהודי. מועצות ממונות חדשות שקמות, המדיניות שלנו לגביהן ברורה לנו לאורך כל הדרך: יהיו בהן אנשים מבחוץ, ולא תושבי המקום. לצערי הרב, היה לנו ניסיון מר דווקא ביישוב שיש בו אינטליגנציה, עם ""בנה ביתך"", שיש לו חוסן כלכלי - כמו להבים ומיתר, בעיקר במיתר. להיפך, אמרנו לתושבים במיתר: תקימו מועצה מקומית לראשונה ותעשו בחירות פנימיות בלתי פורמליות ותחליטו מי הנציג שלכם כיושב-ראש. כעבור חצי-שנה-שנה, יישוב שאפשר להגיד שהוא באמת מיטב הארץ - קרה מה שקרה שם, עד שלא היתה לנו ברירה אלא לפזר ולהקים מועצה ממונה חדשה, והיום יש אלי פניות מתושבי מיתר שלא לקיים בחירות, אלא להשאיר אותו ראש ועדה ממונה שנמצא שם, ד""ר אהרן לוי, איש משרד הפנים שעבר לשם. מאז קיבלתי החלטה חד-משמעית: מועצות ממונות חדשות, או ועדות קרואות, יהיו מורכבות מאנשים מהחוץ. אני מקבל ואני אתייחס להערה למה דווקא יהודים, ולא ערבים. יש, ברוך השם - - -

הרי יש פקידי ממשלה מהאוכלוסייה הערבית, יש אישי ציבור מהאוכלוסייה הערבית. אני מקבל, וגם אתן על זה תשובה. כדי להמשיך ברצף, אני חוזר לבעיה של אותם 20 כפרים, שאוכלוסייתם מונה בערך 40,000 נפש, שלא היה להם שום טיפול מוניציפלי. היו שלוש אפשרויות. האפשרות הראשונה - להשאיר את המצב כמות שהוא, ואז יש בעיות אחרות שצריך לטפל בהן. אפשרות שנייה, קלה יותר - פשוט לקחת כל כפר כזה, לראות מהי המועצה האזורית הקרובה אליו ביותר ולצרף אותו אליה, ויהיה עוד יישוב אחד, כמו 30, 40 או 50 יישובים במועצות אזוריות. לכאורה היה פתרון אידיאלי, להקים לכל כפר כזה מועצה מקומית - ואני מגיע לפתרון שהלכנו אליו. להשאיר את המצב כמות שהוא - זה בלתי נסבל, ולא צריך לפרט למה. אני חושב שאיש לא חולק עלי, שאסור להשאיר את הכפרים ללא שיוך מוניציפלי. לגבי צירוף הכפרים למועצות אזוריות, רבותי, נפגשתי אז ונפגשתי גם היום עם ראשי רשויות ערביות, עם הנציגות שלהם, והם אמרו, בצדק: לקחת יישוב כזה, שבדרך כלל הוא מפגר בעשרות שנים בהשוואה ליישובים יהודיים, או אפילו בהשוואה למועצות מקומיות ערביות, ולצרף אותו למועצה אזורית שיש לה 30 או 40 יישובים, עם מרחק גיאוגרפי אדיר - היישוב הזה ימשיך ויישאר כל הזמן הבן החורג של המועצה האזורית הזאת. אם לא יהיה גוף מוניציפלי שיטפל אך ורק בו, ולא כתוספת, לא יהיה טיפול אמיתי. להקים מועצה נפרדת לכל יישוב כזה, רבותי, זה פשוט לא שייך. אני חושב שמדינת ישראל היא מהבודדות בעולם, מבחינה זו שהיא מדינה קטנה כל כך ויש בה כבר כ-255 רשויות מקומיות. כשניסיתי לאחד כמה רשויות מקומיות, לצערי, חוץ מנחלת-יהודה עם ראשון-לציון - דבר שלקח לי 12 שנה, בעצם לא לי, אלא לאלה שקדמו לי - לאחר שהצלחתי לעמוד סוף-סוף מול הלחצים האדירים שהיו, ראיתם מה קרה במבשרת-ירושלים, ראיתם מה קרה עם רמלה-לוד. פשוט מאוד, זה לא הולך, אף שעל הנייר זה נראה טוב. למה גוש-דן צריך להיות גוש כה גדול? מי יודע מה הגבול בין חולון לבת-ים, בין רמת-גן לגבעתיים, בין רמת-גן לבני-ברק? אין כמעט גבולות, ואפילו לגבי רמלה-לוד יש לנו דרישה של הקהילה המאמצת בניו-יורק, האומרת שאם אנחנו נאחד את רמלה ולוד, הם ייתנו 15 מיליון דולר לטובת הרשות הזאת כדי לבנות מבנים ציבוריים, אבל הם לא מוכנים להקים גם ברמלה וגם בלוד. הקמתי ועדה. כל הוועדות המליצו, ולצערי - ואינני רוצה לפרט כאן לחצים פוליטיים אלה ואחרים - הדבר נעצר.

סליחה, אגמור את המשפט הזה. לכן אני אומר, שגם המדיניות היא למעט ככל הניתן ולמצוא פתרונות אחרים, לא להקים מועצות מקומיות חדשות לבקרים, אבל בעיקר: המספר הקטן של האוכלוסין שיש בכל יישוב. גם אם נכון, שאם תופסים שבעה יישובים ומקימים להם מועצה כפרית, אולי יישוב אחד או שניים סמוכים זה לזה ויכולים להוות מועצה מקומית, זה לא סותר את מה שעשינו. כיוון שכל המועצה הכפרית, מה שעומד מאחוריה - זה שלב זמני עד לפתרון יותר קבוע, ואני אפרט עוד מעט. לדעתי, הדבר הזה פשוט לא הובן. בקדנציה הקודמת באה הצעה להקים מועצה מוניציפלית לכמה כפרים יחד. על-פי החוקים שהיו, לא היה אפשר לעשות זאת. להקים מועצה מקומית, לכמה כפרים שאין להם רצף ויש שטחי שיפוט באמצע - אי-אפשר. בהקמת מועצה אזורית יש גם אותה בעיה מפני שלא מדובר ביישובים שיתופיים. במועצה אזורית מדובר על יישובים שיתופיים, ושם בא הרעיון למה שהיה בעבר: ועד כפרי, מועצה כפרית, שיפרנו זאת בתקנות כדי שיהיו לה סמכויות של מועצה מקומית לכל דבר ולא רק סמכויות מצומצמות שהיו למועצה כפרית בחוקי המנדט, אלא סמכויות לכל דין ולכל דבר של מועצה מקומית. החלטנו, כשלב ראשון, קודם כול לכסות את כל הכפרים הללו בכיסוי מוניציפלי. רבותי, מי שגם ראה את הצו וגם יודע מה מהותו, אמרתי זאת מעל בימת הכנסת כמה פעמים וגם בוועדות, זה שלב זמני של מועצה ממונה. קודם כול יש להכניס את היישובים הללו לתלם מוניציפלי, להקים את התשתיות הראשוניות של ביוב, מים, מבני חינוך, חוקי עזר, גביית מסים, חוקי תכנון ובנייה, ומהר מאוד, תוך כדי התפתחות היישובים, לראות, תוך כדי מהלך החיים, וברור שיצטרכו להקים מכל מועצה כפרית כמה מועצות מקומיות, אבל אז אתה תקים מועצות מקומיות מבוססות, אתה תדע מהו הרכב האוכלוסייה, את המבנה החברתי שלהן, ותדע איך לחלק את הדבר הזה. אבל האויב של הטוב הוא הטוב ביותר. לא לעשות דבר - זה דבר בלתי נסבל, ולא הייתי מוכן להמשיך בו, ולעשות את הדבר הטוב ביותר, שאינך יכול לעשותו, זה להשאיר את המצב כמות שהוא.

עוד דקה. אני מקבל קודם כול את ההערה, קיבלתי אותה בשבוע שעבר בוועדת הפנים ואיכות הסביבה של הכנסת, חבר הכנסת בנימין טמקין ואתה, חבר הכנסת טלב אלסאנע, הערתם את ההערה, אבל לצערי זו היתה הפעם הראשונה ששמעתי שאין חברים ערבים בוועדה. מייד ביקשתי, באותו יום, מהמנכ""ל, ואני חייב לומר שגם ראש הממשלה פנה אלי בעניין זה - כל האומר דבר בשם אומרו מביא גאולה לעולם, לכן נזכיר שגם השר רובינשטיין פנה אלי בעניין וחברי כנסת ערבים אחרים, חבר הכנסת נואף מסאלחה, וסגן השר וליד צאדק, ואם הזכרתי אחד, לצערי אני חייב להזכיר את כולם. הוריתי למנכ""ל לצרף שני חברים למועצה, תושבים ערבים, לא מהמקום, על-פי המדיניות שעליה דיברנו, או נציגים ממשרדי הממשלה או נציגי ציבור אחרים. הם לא חייבים להיות נציגי הממשלה. זה הדבר הראשון, ואני מודה בטעות של משרד הפנים.

מתוך שבעה. יש חמישה, נוסיף שניים.

כל מה שלא תעשה אפשר לפרש את הדברים הללו כפי שרוצים לפרש אותם. אני שלם עם מצפוני, אני שלם עם המעשה שנעשה - - -

אני אתייחס לתושבים. אני אתייחס לנושא הזה.

את מרשה, גברתי היושבת-ראש?

אני אתייחס לזה. זאת שאלה, לא נאום.

אני אתן תשובה; תאמין לי שהבנתי.

זאת כבר לא שאלה, זאת שיחה.

אני אשיב על השאלות וגם אמשיך - - -

תראו, רבותי, גם לגבי ההערה על השם, נחל-עירון, אני חושב שזה שם יפה, אנחנו חיים בארץ-ישראל. אבל אם יש רגישות לעניין, אמרתי גם בוועדת הפנים ואיכות הסביבה של הכנסת, שאני מוכן לבדוק את העניין. יש ועדת שמות, ואני מוכן להפנות את הבקשה לוועדת השמות, הקובעת שמות של מועצות ויישובים. אם יש הצעות אחרות, אינני רואה בזה עניין עקרוני. אין כאן עניין עקרוני, ואני רוצה שתבינו זאת, רבותי. זה דבר שנעשה בתום לב, זה שם יפה. אם יש רגישות, ואני סומך עליכם אם אתם אומרים שיש רגישות של תושבים, בבקשה.

אני מעריך מאוד את כישוריך, אבל עם כל הכבוד, הציניות כבר מפריעה לי. לצערי הרב, כל מעשה שאנחנו עושים לקידום, מצד אחד אני לא רוצה לצטט פסוק, יש קידום, מקדמים, ומצד שני כל דבר מתחיל להיבחן עם משקפות, עם כל הכבוד. תכניסו את האנשים לזהירות יתר והם לא יעשו דברים, עם כל הכבוד. חבר הכנסת דראושה, הטענה הזאת, למשל, איך אפשר בשלט-רחוק לנהל יישוב, רבותי, פשוט לא בדקתם את העניינים. המועצה האזורית מטה-יהודה היא המועצה האזורית הגדולה ביותר בארץ, יש לה 70 או 80 מושבים, היא יושבת במטה ירושלים, המרחק בינה לבין היישובים הוא 70 או 80 קילומטר. באר-טוביה יושבת בקריית-מלאכי, ועוד שורה שלמה של יישובים. באבו-גוש הקמנו מועצה, גם בטלז-סטון. אלה הם יישובים קטנים שאין להם מבנה של מועצה; בדרך כלל לוקחים בעיר הגדולה. אז כבר להפוך זאת לכוונה כלשהי? אדרבה, אם בתוך היישובים יש מבנה ציבורי שאפשר - המועצה תשמח לשבת בו. הושמעה עוד הערה עניינית שגם היא תיבדק - נושא האדמות. ביקשתי ממנכ""ל משרד הפנים, לאור ההערות של חברי הכנסת בני טמקין וטלב אלסאנע בוועדה, כאשר שמעתי את הטענה הזאת, לבדוק, אכן, איך נפרסה המפה ולמה נקבע, אם אכן זה כפי שטענתם, שרק הבתים והיכן שגרים; אבל האדמות מסביב שלא נמצאות בשיוך מוניציפלי לא נכנסו לתחום המועצה. ביקשתי לבדוק את העניין הזה בהקדם ולהגיש לי את כל המפות ואת כל התשובות. אני חושב שאם אין כאן עניין של שיקולים של בעלויות או שיקולים של תכנון או שיקולים אחרים - אני לא רואה שום סיבה שלמועצה הזאת לא תהיינה גם אדמות, גם רזרבות של אדמות של תכנון ושל בעלויות של אחרים. אני אתן תשובה - - -

אני אתן תשובה בהמשך או בוועדת הפנים ואיכות הסביבה על ההצעה הזאת. רבותי, שיהיה ברור, צריך לבחור אחת משתיים. מי שטוען היום שיש להקפיא את הצו, משמעות הדבר היא להשאיר את המצב ללא שיוך מוניציפלי, התושבים ימשיכו לסבול. אינני מבין את הטענה, למה זה שר הפנים, או מנכ""ל משרדי מקיים התייעצויות. מה הן התייעצויות על-פי חוק? עוזר של שר או ממונה על מחוז או קצין-מחוז מקיימים את ההתייעצויות. דוד ששון, שהוא איש מקצוע כבר 20 שנה בממשלה, מטפל; אני חושב שיש לו שם טוב והוא מטפל טוב מאוד. אני שומע עליו דברים טובים. היהודי הזה הלך ועשה התייעצויות בשם שר הפנים - - -

אתה אומר. אתה אומר: לא אלה ההמלצות שהוא הביא - - -

עם כל הכבוד, זאת לא תמונת המצב שהוא הביא בפני. הוא הסביר לי את המצב הקשה מאוד של היישובים היום, שאין להם שום טיפול מוניציפלי. הולכים ומקימים מועצה שהיא זמנית, עד לביסוס וליצירת התשתיות. לכן התשובה, חבר הכנסת רן כהן, היא שאי-אפשר לקיים בחירות בנובמבר - - -

אי-אפשר לקיים בחירות בנובמבר, במועצה שקמה לפני כמה חודשים. כל המטרה של מועצה ממונה היא לבסס את היישוב מבחינת התשתיות הכלכליות שלו. ככלל, בנובמבר, בעזרת השם, אם הבחירות יתקיימו במועדן והכנסת לא תשנה את החוק, כמעט בכל היישובים בארץ שיש בהם ועדות ממונות או קרואות יתקיימו בחירות במועדן, אלא אם יהיו נסיבות מיוחדות. למשל, ועדה ממונה שקמה רק לפני חודשים מספר ועוד לא הספיקה להתבסס - - -

איננו עוסקים בזה עכשיו. תגישו הצעה לסדר-היום או שאילתא, אענה לכם על מכבים או רעות. אינני רוצה לענות עכשיו.

תרימו את הכפפה, ואל תערבבו שמחה בשמחה.

גברתי היושבת-ראש, מאחר שהנושא הזה מצריך המשך טיפול, כפי שאמרתי, של תוספת החברים, וייבדק שינוי השם של היישוב הזה, האדמות שחבר הכנסת דראושה העיר עליהן, אני מסכים שהעניין יועבר לוועדת הפנים של הכנסת. הוא כבר עלה שם בשבוע שעבר. נעקוב שם אחרי העניין וגם נדון בפרטים ביתר יסודיות, דבר שאי-אפשר לעשותו כאן.

יש לה גם שם, תהילה אביגיל.",3,
9677,1993-03-10,"הצעת חוק הרשויות המקומיות (מימון בחירות) (תחולה), התשנ""ג–1993: (הצעת חבר הכנסת ר' נחמן)","למה חבר הכנסת פורז לא חתם עליה?

אדוני היושב-ראש, חברי הכנסת, חבר הכנסת רון נחמן, ראשית אני רוצה למסור את עמדתי כשר הפנים וגם את עמדתי באופן אישי. אין שום מקום להפלות בין רשויות מקומיות שמתנהלות על-פי אותם נהלים, אותם כללי תקצוב, אותה פקודת עיריות, אותם צווים. אין שום מקום להפלות - שברשות מקומית יתקיימו בחירות ויינתן מימון בחירות, ובמקום אחר, 5 קילומטרים משם, אותם כללים, לא יינתן מימון בחירות. לדעתי, אין שום מקום לאפליה בנושאי מימון, כמו שאנחנו לא מפלים רשויות ביהודה, בשומרון ובעזה בנושא תקצוב ובכל הנושאים האחרים. זו עמדתי. חבר הכנסת רון נחמן, אנשי משרדי, המפקח על הבחירות ואנשי לשכת היועץ המשפטי במשרד הפנים מעירים לי הערה, ואני מציע שלא ניכנס כאן לוויכוחים או לעמדות שיחרגו, כי אני חושב שאין כאן ויכוח. אמר חבר הכנסת אלי דיין, יושב-ראש הנהלת הקואליציה, שגם הוא תומך בנושא המימון, כי בעניין זה אין בעיות. יש פה בעיה משפטית: האם בכלל יכולה הכנסת הזאת לקבל חוק שיחול על יישובים ביהודה ובשומרון, חוק ישראלי? הרי ביהודה ובשומרון, כל אותם כללים שהחלנו, החלנו דרך צווים של המושל ביהודה ובשומרון, כפי שציינת, ב-1979 שני צווים, שעל-פיהם אתם פועלים. אני מציע שני דברים, ואני אומר לך את עמדת משרד הפנים: ברגע שהצעת החוק של חברי הכנסת פורז ודיין תתקבל ותהפוך חוק, מייד נחיל צו ונעביר אותו לחתימת המושל, כדי שיחול גם על יהודה ושומרון, כך שאין צורך בחקיקה. אבל אם אתם מתעקשים דווקא על חקיקה, אני לא הייתי מציע שניגש להצבעה בלי שנבדוק אם החוק חל או לא; לקחת פסק-זמן של שבוע ולקיים התייעצות. אחד משני הדברים הללו.

לכן אני מציע שלא לקיים הצבעה.",6,
15748,1993-07-07,הצעות לסדר-היום: פסיקת בית-המשפט לגבי פתיחת בתי-קולנוע ביום שבת,"הרב רביץ, אני רוצה לתקן אותך. יש רק מפלגה חרדית אחת. אתה נקטת לשון ""מפלגות"" - - -

אני לא רוצה שיתקפו אותך מחר שאמרת ""מפלגות דתיות"", לשון רבים - - -

אני לא מתחרה אתו אף פעם.

אדוני היושב-ראש, היו חמישה נואמים, על כל נואם יש לי עשר דקות תשובה?

אדוני היושב-ראש, חברי הכנסת, חברת הכנסת, כבוד שר התחבורה, וקודם כול אני מעריך אותם על שבשעת לילה מאוחרת כזאת נשארו בשביל נושא חשוב; כל אחד על-פי השקפתו בודדים במלאכה. אני רוצה להודות לחבר הכנסת גולדפרב, שמסכים שהיהודים הדתיים ישמרו את השבת. לצערי, יש כאלה שמפריע להם שיהודים דתיים שומרים את השבת. אני מברך אותך על כך שלא רק שזה לא מפריע לך, אלא אתה מעוניין שיהודים דתיים יוכלו לשמור את השבת. לפני שאתייחס לגופו של עניין, אני רוצה להזכיר דבר נוסף שצרם לי קצת בדבריך, לא בהשקפותיך. אני מתפלל, שבעזרת השם כל עם ישראל יחזור בתשובה ואז תשכיל גם אתה ותגיע לאמת. זכותך וחובתך להגיד את דעותיך, אבל מה שמפריע לי הוא, כל פעם שעולה נושא דתי, אתם אומרים לנו: קונים את השבת בעבור קומץ שקלים, וכל הזמן כופים את עצמכם בהסכמים קואליציוניים. אתה חבר סיעה קטנה, למה אתם לוקחים רק נושאים דתיים? קח את הנושאים שאתה מאמין שבשבילכם הם בבחינת ייהרג ולא יעבור. קח נושאים חשובים לך - ארץ-ישראל, בנייה ביהודה ובשומרון, או נושאים אחרים החשובים לך מאוד וזכותך להילחם עליהם. לכל ממשלה שאתה תיכנס אתה תציג את זה כתנאי. נניח שמרצ היו מוכנים שאתם תיכנסו לממשלה ולא היו מטילים וטו, ואתם הייתם מציגים את התנאים שלכם - זו לא כפייה? אתה לא כופה את דעתך, דעת מיעוט, על הרוב? והמערך או מרצ או אפילו הליכוד היו מבטלים את דעתם? למה? משום שזה נושא שאתה מאמין בו, ארץ-ישראל? ליהודים דתיים השבת חשובה לא פחות מארץ-ישראל, ואולי אפילו יותר. על השבת נאמר ""ייהרג ולא יעבור"". ואיש לא כופה את זה. לא רוצים - שלא יקימו אתם קואליציות. וכי אנחנו התחננו לפני מישהו שיקים אתנו קואליציה? באשקלון יש בסך הכול נציג אחד או שני נציגים דתיים.

סליחה, כל נושא אידיאולוגי שמפלגה קטנה מאמינה בו, הכוח היחיד שיש לה במשטר דמוקרטי הוא לנצל את הכוח שיש לה כאשר הרוב צריך אותה. אם המערך והליכוד יעשו ממשלה, לא צריך את צומת ולא את ש""ס ולא את המפד""ל, אף אחד לא יזדקק לנו והם יעשו מה שהם רוצים.

כבר היו דברים כאלה. ומה יש לעשות? יש להצטער שלא באת לידי ביטוי בקלפי שלך. כל נושא שאתה מאמין בו והרוב לא מאמין בו, או רוב החברים בקואליציה לא מאמינים בו, אתה כופה דעתך עליהם. וכי רוב הציבור בישראל מאמין בהשקפות שלך? אם הוא היה מאמין בהשקפות שלך, הוא היה מצביע צומת. ברוך השם, קיבלתם שמונה מנדטים.

עוד שלוש שנים. אז קודם-כול אתה מסכים שהממשלה הזאת תמשיך לכהן עוד שלוש שנים, אני מודה לך גם על כך. עכשיו אני רוצה להתייחס לגופו של עניין. קטונתי מלהתחרות ברב רביץ וברב עזרן ובחבר הכנסת שאול יהלום שדיברו על השבת. באמת ובתמים אנחנו מקבלים את הפסיקות של בג""ץ. בג""ץ פסק, כל עוד לא שונה החוק - זו ההוראה הקובעת. יש כמה דברים שמאוד מאוד מפריעים לי בעניין. כפי שהדגישו חברי קודם, חוק ההסמכה לא בא לחלל ריק. היה סטטוס-קוו במדינת ישראל לגבי חוקי עזר. באה שופטת והפכה את הקערה על פיה. חבר הכנסת יהלום, במשך שנתיים כולם התעסקו בסוגיה הזאת, ובסוף מצאו פשרה - שלא תהיה כפייה דתית, שלא יהיה חוק שהכנסת תחוקק אותו, אלא אמרו שרשות מקומית רשאית לחוקק חוקי עזר גם בנושא השבת, ועל-פי רוב ברשות המקומית.

אזורים. לתת לכולם מצב שאפשר לחיות אתו. חוק ההסמכה היה הפשרה הטובה ביותר כדי שהדתיים לא יכפו על החילונים, ושגם הדתיים יוכלו לחיות באזורים שלהם. זה היה חוק ההסמכה. רבותי, אני קצת מצוי במה שקרה בעיריית נתניה. וכי יעלה על דעת מישהו שעיריית נתניה כשהיא קבעה את החוק הזה היא לא ידעה מה היא קובעת? היא ידעה שמדובר בקניון-השרון, היא ידעה שמדובר בבתי-קולנוע פתוחים בשבת, היא ידעה בדיוק איזה הצגות מקרינים שם. אין שם רוב דתי בנתניה, יש בסך הכול חמישה או שישה חברי מועצה דתיים, אבל חברי המועצה החילונים החליטו, למען שלום הבית בנתניה, שלא יקרה מה שקרה בפתח-תקווה - מלחמות אחים. למען הקונסנסוס ולמען החיים הטובים החליטו אחרי הרבה הרבה זמן לחוקק את החוק הזה. יש רוב חילוני למועצה בנתניה, ויכלו שלא להחליט, ואיש לא היה בא אליהם בתלונות. אם הדתיים היו רוצים, הם היו פורשים מהקואליציה. אבל המועצה החליטה ברוב קולות לאשר את חוק העזר לגבי קניון-השרון ובתי-הקולנוע שם. לבוא ולהגיד שלא לזה התכוון המחוקק? אז למה התכוון המחוקק? זה לא חוק מנדטורי או חוק מתקופת הטורקים שאנחנו באים לפרש אותו. דבר שני שמאוד מפריע לי, לו היה בית-המשפט בא, מבחינה עקרונית, משפטית, וקובע לקונה בחוק - מילא, בית-המשפט קובע. הכנסת יכולה לשבת ולתקן את הדבר הזה או לתקן את חוקי העזר. בא בית-המשפט וקובע כאן דברים - וזה מה שמאוד מפריע לי - מה היא תרבות במדינת ישראל, מה היא תרבות במדינת יהודים. ומתי? - בשבת. קובעים מהי התרבות. תרבות זה גם קולנוע. כבר שאלו חברי, האם קולנוע הוא התרבות שלה אנחנו מייחלים? מילא, תיאטרון. אני מעולם לא הייתי שם, אבל יש קומץ קטן מאוד באוכלוסייה החושב שתיאטרון או אופרות - זו התרבות שלהם. קולנוע? הסרטים שמוקרנים בו? והמועצה לביקורת סרטים נמצאת אצלנו. תאמינו לי, רבותי, הדברים שהם פוסלים הם הדברים הגרועים ביותר, לא בגלל השקפות דתיות. החילונים שבמועצה אומרים לי: את זה כבר אי-אפשר להשאיר, זה כבר גובל בטירוף. לגבי שאר הדברים קובעים הגבלה של גיל 18. מישהו בודק את הגיל? כולנו יודעים, שאם יקרינו את הסרטים שאתה רוצה שילדיך יראו, הרי בית-הקולנוע יפשוט את הרגל. את הסרטים האלה מקרינים אולי במוזיאונים - הסרטים של היום, כאילו הם תרבות - מי יסריט אותם? אפילו חינם לא יבואו לראות. לבוא ולקבוע שזו תרבות, בבית-משפט יהודי במדינת ישראל? מישהו יכול לבוא ולחלוק מה עשתה השבת לישראל? במשך אלפי שנים, יותר מאשר ישראל שמרו על השבת שמרה השבת על ישראל. מישהו ניסה פעם לדעת מהי תרבות יהודית, מהי שבת? אני כבר לא מדבר עכשיו מבחינת ערכים דתיים. מתי יש הזדמנות לאחד את המשפחה? מתי יושבים במשפחות שלנו בסוף השבוע ואוכלים יחד? בשבת אבא לוקח את הילדים שלו לבית-הכנסת, האם מדליקה נרות יחד עם הבנות שלה. אחר כך יושבים סביב השולחן כולם ביחד. זאת ההזדמנות היחידה שהאב שומע את הילדים שלו, בוחן אותם בלימודים, שהאם יושבת עם הבנות שלה. הרסנו את כל הערכים. אני לא מדבר על ערכים דתיים. אין עוד משפחה שיושבת יחד. בואו נגיד את האמת, אבא ואמא בליל שבת נמצאים במתח נוראי. איזה הורים חילונים הולכים לישון בשבת? הילד כבר בגיל 17-16, לקח את המכונית. אוי ואבוי לאותו אבא שלא ייתן לו את המכונית. אבא חי במתח, מה יקרה, האם ידקרו אותו במועדון? האם הוא יחזור שלם אחרי מסיבות של שתייה, אחרי כמה בירות? בלי זה אי-אפשר לעשות שום דבר היום. זאת התרבות שאנחנו רוצים לייחל לה? חבר הכנסת, את זה אתה רוצה כהורה, שהילדים שלך יצאו החוצה במקום שכולם ישבו בחיק המשפחה? שלא ילכו לבית-הכנסת, שלא ילמדו תורה, אבל שיהיה חיק משפחה, שישבו מסביב לשולחן אחד. זאת תרבות יהודית, זאת תרבות במדינת ישראל שאפשר להגיד עליה - תרבות יהודית, היא השבת. לבוא ולקבוע במסמרות שתרבות היא אמנות, מוסיקה, מחול, תיאטרון וקולנוע? זאת תרבות של אומות העולם. זה מה שאנחנו רוצים להנחיל לעצמנו פה במדינת ישראל? למה קבענו את השבת, ולא יום ראשון כמו כל מדינות העולם? אולי גם זה יבוא, כדי לחסוך למשק. יאמרו: במשך יומיים משק הכספים סגור, בואו נעשה יום שבתון ביום ראשון. האם בגלל זה יהודים עלו על המוקד במשך אלפי שנים? הרי בזכותם אנחנו נמצאים כאן. אני שואל אותך כאיש צומת הרוצה לשמור על ארץ-ישראל, מה יש לנו לשמור על ארץ-ישראל, אם לא על-פי הזכות ההיסטורית שיש לנו? יש לנו קושאן על ארץ-ישראל. מנין לנו כל הטענות הללו? למה ירושלים שייכת לנו? מנין לנו קושאן על ארץ-ישראל אם לא בזכות התנ""ך? אם לא בזכות התורה? לבוא ולמחוק את הכול ולהגיד: אנחנו רוצים תרבות חדשה, ככל הגויים ישראל אבל ארץ-ישראל שייכת לנו? זאת התרבות שאנחנו רוצים להנחיל במדינת ישראל, ולמרות זאת להיות בטוח שהדור הבא שלך גם כן יהיו יהודים? אם אתה עוד זוכר מה זה יהדות, זה מפני שלאבותיך ולאבות אבותיך היה ניצוץ והם נתנו לך קצת תרבות. אבל מי ערב שהילדים שלנו, דור שני ושלישי, שבבתי-ספר לא אומרים להם פסוק של ""שמע ישראל"" ולא מחנכים אותם - ותרבות, קובע בית-המשפט העליון, זה מחול, תיאטרון וקולנוע; למחוק את השבת. מי ערב לך שבעוד דור אחד כל הילדים הללו לא ירדו מן הארץ? בשביל מה להם להישאר כאן? על מה יילחמו? למה להילחם על ארץ-ישראל? במה עדיפה ארץ-ישראל ממדינה אחרת בעולם? אדוני היושב-ראש, בגלל חשיבות הנושא ומפני שהכנסת חייבת לתת את דעתה לעניין, ואם צריך לתקן תיקוני חקיקה וגם לקבוע מהו חוק ההסמכה ולמה הכנסת התכוונה בחוק ההסמכה, אני מציע לקיים דיון במליאה.

בסדר-היום רשום שגם חבר הכנסת צוקר בין המציעים. הוא לא נאם.",10,
18915,1993-09-23,"הודעת הממשלה בנושא הצהרת העקרונות בדבר הסדרי ביניים: של ממשל עצמי וחילופי האיגרות עם אש""ף","אדוני היושב-ראש, כנסת נכבדה, אני יודע שהנוהל הוא שאין מפריעים לנאומו הראשון של חבר כנסת. זה הנאום הראשון שלי כחבר כנסת - - -

המיקרופון אולי איננו טוב.

כאמור, זה הנאום הראשון שלי כחבר כנסת, והנוהל הוא שאין מפריעים לנאום ראשון. אני אומנם רגיל לכך שאת כל התקדימים עושים על גבה של ש""ס, אבל אני מקווה שאת התקדים הזה לא תיצרו הפעם, ותקיימו את הנוהל הזה, בעיקר כי קשה לי לנאום וקריאות ביניים מפריעות לי. אני מקווה שתתחשבו בזה. אדוני היושב-ראש, חברי הכנסת, שרי הממשלה, תנועת ש""ס וחברי הכנסת שלה אמונים על כך שהמצע המדיני והחברתי שלה הוא פסיקת הרב עובדיה יוסף ומועצת חכמי התורה, ויצאנו עם זה אל הציבור מאז הקמתה של תנועת ש""ס. ידועה פסיקתו של הרב עובדיה יוסף בנושא שאנחנו מדברים עליו, נושא השלום. זה לא דבר חדש, וזה לא בא בעקבות ההסכם הזה ולא לאור כניסתה של ש""ס לממשלה הזאת, שהייחוד שלה וזכות קיומה היו נושא השלום. הרב עובדיה יוסף לא חיבר פסק הלכה חדש בשביל הממשלה הזאת. מי שמכיר את ספריו ומי שעקב אחר הפסיקות שלו יודע, שכבר לפני עשרות שנים התייחסו הוא וחבריו לבית-הדין הגדול לסוגיה של קדושת האדם מול קדושת האדמה. קדושת ארץ-ישראל היא אחת הקדושות החשובות ביותר. התורה מלאה מצוות, מאמרי חז""ל והתלמוד מלאים בחשיבותה של ארץ-ישראל וקדושתה. ועלתה השאלה של קדושת ארץ-ישראל מול קדושת האדם, מה גובר על מה. כבר בהסכמי קמפ-דייוויד של מנחם בגין, זיכרונו לברכה, עמדה השאלה של החזרת השטחים, והיתה סביב זה מחלוקת ציבורית גם בין רבנים. והרב עובדיה יוסף, שהיה אז הרב הראשי של ישראל, גם בשיחות עם מנחם בגין, זיכרונו לברכה, וגם בפומבי, אמר את דבריו בצורה הברורה ביותר. זכור בוודאי לכולכם ביקורו של הרב עובדיה יוסף במצרים לפני למעלה מחמש שנים. לשאלתו של הנשיא מובארק, הוא הסביר באריכות מה זו קדושת ארץ-ישראל ומה היא קדושת האדם. אנחנו עומדים ערב יום הכיפור הקדוש, שהוא היום המקודש ביותר לעם ישראל. במשך אלפי שנים נוהג עם ישראל להקפיד ביום הזה קלה כבחמורה על כל מנהגי הצום, שזה בעצם עיקר קדושת היום. לעניין הצום של יום כיפור יש ספרי הלכה רבים עם פרטי פרטים על מה שקורה לאדם שלא יכול לצום ביום הזה, לחולה שלא יכול לצום. ולא מדובר בחולה שאם יצום נשקפת לו סכנת מוות ודאית. מדובר גם על מקרים שבהם חילוקי דעות בין רופאים, כאשר רופא אחד אומר שהוא כן יכול לצום ורופא אחר אומר שאינו יכול לצום. גם למקרה של ספק פיקוח נפש יש בהלכה פרטים רבים מאוד הקובעים מה צריך לעשות. מה שלמעשה גובר זה פיקוח הנפש, החיים של האדם, אפילו מול היום הקדוש הזה. אני לא חושב שבין גדולי ההלכה היו בכלל חילוקי דעות בשאלה מה גובר על מה: קדושת האדם או קדושת האדמה וקדושת ארץ-ישראל. אשר להסכם העקרונות שהממשלה מביאה היום לכנסת, לתנועת ש""ס היה למעשה קל הרבה יותר להכריע לגביו ולא היינו מתלבטים לגביו אילו היה זה הסכם שלום גמור ומוגמר, שאומר בבירור מה עם ישראל צריך להקריב, גם אם המחיר הוא החזרת שטחים או חלקים מארץ-ישראל, כאשר אנחנו יודעים מה הוא השלום שאנחנו מקבלים, עם מי אנחנו חותמים, מה הביטחונות, ובעיקר - מה מידת מניעת פיקוח הנפש הברורה שאנחנו קובעים על-ידי הדבר הזה. כבר אמרתי בישיבת הממשלה שבה השתתפתי ונמנעתי, כאשר הסכם העקרונות הזה הובא, וראש הממשלה ביטא זאת אחר כך גם ברבים, שלא מדובר פה בהסכם שלום, אלא מדובר בהסכם עקרונות, שרוב הפרטים שלו עדיין לא באו על פתרונם. זה הסדר, שעוד מעט אפרט אותו, שהשלד שלו הוא הסכמי קמפ-דייוויד, עם תוספות. חלק מהבית יכול לראות את זה כוויתורים לעומת הסכמי קמפ-דייוויד; חלק אחר יכול לראות בזה ריאליות של הסכמי קמפ-דייוויד. לעניות דעתי, בנושאים מסוימים יש בו גם שיפורים לעומת הסכמי קמפ-דייוויד. אבל גם ראש הממשלה וגם הממשלה אומרים בבירור, שעדיין יש נושאים רבים מאוד, ואחר כך אפרט את העיקריים בהם שמדאיגים אותנו, שעדיין נתונים למשא-ומתן, וזה תלוי בכושר העמידה של הנושאים ונותנים, וראש הממשלה גם ביטא את דעותיו בעניין. אנחנו בוחנים את המצב כדי לראות האם בהסכם העקרונות, כפי שהוא, יש ויתור על אדמה, האם יש בו ויתור על חלקים של ארץ-ישראל, והאם הוא מונע פיקוח נפש, או מכניס, חלילה, לפיקוח נפש או לספק פיקוח נפש. היות שזמני מוגבל לא אכנס כאן לדברים ארוכים. אני רק מעלה שאלות או נקודות שכדאי לחשוב עליהן. יש גם מקום לשאול מה זו שייכות לאדמה, מה זה חלק של ארץ-ישראל שאנחנו מחזירים. כי להחזיר פירושו שיש דבר בבעלותך ואתה מחזיר אותו. במה מתבטאת בעלות על חלק שאתה מחזיר? במה מתבטא מתן שלטון אוטונומי, האם זה נקרא שהחזרת? האם מתן האפשרות למועצה אוטונומית, נבחרת או ממונה, לנהל את חייהם זו החזרת שטח? האם שליטה של צה""ל בלי ריבונות של ישראל על אותם שטחים פירושה שאתה נותן? כל אלה שאלות שצריכות להישאל, ואני בטוח שגם בהן יש חילוקי דעות. אבל זו המציאות בשטח. ואני מדבר בעיקר על שטחים עם ריכוזי אוכלוסייה כמו עזה ויריחו, שבהם מדברים עכשיו. אין ספק שהמקומות שלהם נותנים עכשיו אוטונומיה, או מועצה ממונה, השליטה היחידה שיש למדינת ישראל, ואני רואה שיש מגמה להחיל ריבונות על עזה ויריחו - השליטה היחידה שבאה לידי ביטוי כיום היא הימצאותו של צה""ל בעזה וביריחו. כשמישהו יבוא ויגיד שעל-ידי זה שאתה מוסר אתה מונע התיישבות בעזה וביריחו, אני חושב שזה אולי תיאורטי, אבל לא מציאותי. לא שמעתי על יוזמה להקים ביריחו ובעזה התיישבות, ואתה מונע מיהודים להתיישב. הדבר שבא לידי ביטוי היום, בוויתור שלנו לאותה מועצה ממונה, זה הוצאת כוחות צה""ל מעזה ומיריחו, כניסה של משטרה פלשתינית לשם ומסירת ניהול החיים העצמאיים שם לגוף ממונה, כשלדעתי גם היום איננו מעורבים בהם. האם זה נקרא החזרת שטח? זו שאלה שצריכה להישאל. איפה עומד כאן הנושא של פיקוח נפש? אמרתי זאת בממשלה, וגם ראש הממשלה אמר זאת, שהאיום הפלשתיני איננו איום קיומי על מדינת ישראל. זה איום של טרור, משמעותו חיים קשים, יש סכנת נפש לבודדים בגלל מעשי טרור, אבל זה לא איום קיומי למדינת ישראל היום, ואני מדבר על היום. מצד שני, יש חשש סביר שהוצאתם של כוחות צה""ל מעזה ומיריחו - ואני מדבר בכוונה על השלב הזה, ואחר כך אעבור לשלב השני - וכניסתה של משטרה פלשתינית לשם לא יוכלו למנוע מעשי טרור, שאולי אפילו יתגברו. ופיקוח הנפש שיש היום - ואיש לא אומר שהמצב הנוכחי הוא גן-עדן, וגם היום יש סכנה של פיגועים וטרור - יכול מאוד להיות שאפילו יגבר. אז מה אנחנו עושים? במה מנענו כאן פיקוח נפש? סכנה קיומית לא קיימת למדינת ישראל מהאיום הזה; מצד שני, יש חשש שאולי תגבר סכנת פיקוח הנפש, סכנת הנפשות. גם ראש הממשלה וגם אנשי הביטחון לא אומרים שעל-ידי זה אנחנו מגיעים אל המנוחה ואל הנחלה בחיים היומיומיים. זה מצב קשה, שצריכים לתת לו תשובות, והממשלה מאמינה באמונה שלמה שצה""ל יצטרך להתרגל למצב ולתת תשובות גם למצבים הללו. מצד שני, לב הבעיה הפלשתינית הפך להיות בעיה כלל-ערבית. יש הסכנות הקיומיות הקיימות למדינת ישראל מסוריה, או מעצם המצב הזה שמדינות ערב בכללותן נמצאות במצב של לוחמה או של עוינות כלפי מדינת ישראל. אנחנו יודעים שהגעה להסדר כולל עם מדינות ערב - ואני לא מדבר כאן על שלום של איש תחת גפנו ואיש תחת תאנתו; אפילו שלום כמו עם מצרים, אפילו שלום להסרת איום המלחמה ופתיחת דף חדש עם סיכוי - לא תתממש בלי פתרון הבעיה הפלשתינית. גם אם אנחנו יודעים מהי הדאגה הכנה של מדינות ערב לפלשתינים. אבל זה הפך לסמל. להגיע לפתרון כולל עם מדינות ערב - לא תגיע בלי פתרון הבעיה הפלשתינית. יוצא אפוא שפתרון הבעיה הפלשתינית, בצורה שבה פותרים אותה, הוא למעשה פתיחת פתח גדול להסדר כולל עם מדינות ערב; גם עם אלה שאין להן גבולות אתנו וגם עם אלה שלא נמצאות אתנו במצב של מלחמה. מדובר על שינוי האווירה, קיום יחסים, ובעיקר - הסרת איום של החלק הזה, שבו משימת כולם היא להילחם נגד מדינת ישראל. כך שבהסדר הזה - וטוען בצדק מי שטוען זאת - יש גם פעולה להסרת האיום הקיומי על מדינת ישראל. לכן ההתלבטות היא קשה. יש עוד נקודה שעמדה בשיקוליו של הרב עובדיה יוסף: ממשלת ישראל, ולא משנה איזו ממשלה, שפעלה כחוק, חתמה על הסכמי קמפ-דייוויד עם ליווי בין-לאומי ועם מחויבות בין-לאומית. ידועה רגישותם של גדולי ישראל למצב שבו עם ישראל הוא בין אומות העולם ואסור להתגרות באומות העולם, ושהסכמי קמפ-דייוויד הם הסכמים המחייבים את כל ממשלות ישראל. אומנם אני שומע קולות של אנשים שאומרים שצריך לחזור מהסכמי קמפ-דייוויד. אבל אם רוב הבית הזה הוא אכן כן בדבריו, שהסכמי קמפ-דייוויד מחייבים את מדינת ישראל, אני, לצערי, לא מבין חלק מטענות שאני שומע. למשל, מושמע דבר שהוא מאוד פופולרי, ואשר, לצערי, יש בו הרבה דמגוגיה - מדברים על כך שהממשלה הזאת בהסכם שלה פתחה פתח לזכות השיבה. ואני הופך בה והופך בה. שאלתי אנשים, כי אולי יש דברים באנגלית שאני לא מבין; אולי באנגלית יש נוסח אחר. הנוסח שיש שם הוא העתק, מלה במלה, מהסכמי קמפ-דייוויד, ללא שום שינוי, מורי ורבותי. אלא מה? אפשר לטעון - וזו טענה שאני לא יכול לבטל אותה, בפרט כשהיום ש""ס לא שותפה בממשלה - נכון, בהסכמי קמפ-דייוויד התחייבנו, חתמנו, והיות שזה תלוי בהסכמה של ממשלת ישראל, אנחנו נעמוד על כך שלא נסכים אלא במקרים של איחוד משפחות, אלא במקרים מועטים. אנחנו לא מאמינים לממשלה - זו טענה - היא אומרת היום כך ובסוף היא תרחיב יותר. אני לא מתפעל, רבותי, ואני מציע לא להתפעל ממימרות של ערפאת, שאומר: מאות אלפים. נכון, האם מישהו חשב שהוא יגיד פחות מזה? הוא אומר את הדברים. השאלה היא מה כושר העמידה של הממשלה במחויבות שלה. זה למעשה גם הסיכום של הנאום שלי. עיקר הבעיה שעומדת כאן הוא, שהאחריות שעוברת היא למעשה אחריות של הממשלה. ובעיקר בזאת היא תיבחן: איך ינוהל המשא-ומתן מכאן והלאה? האם כשראש הממשלה אומר: חוץ ממעטים או אלפים בודדים, בשל בעיות או איחוד משפחות, אנחנו לא - - -

ירושלים היא הנושא המאחד את כל הבית הזה. פה, בבירור, צריך להודות על האמת, יש שיפור לעומת הסכמי קמפ-דייוויד. אם בהסכמי קמפ-דייוויד ירושלים היתה נתונה למשא-ומתן גם בשלב האוטונומיה, היום ירושלים יצאה משלב האוטונומיה. יכולים לטעון טענה על הזכות לבחור; אני לא יודע מאיפה המציאו את הזכות להיבחר. לא כתובה מלה אחת על הזכות להיבחר. זכות לבחור למועצת האוטונומיה, לתושבי ירושלים, לא מכניסה את ירושלים לאוטונומיה. הרי גם כשאני שומע את הטענות הקשוחות ביותר, שמה שנתת באוטונומיה זה יהיה הסדר הקבע, אני אומר: רבותי, אוטונומיה לא תחול על ירושלים. ממשלת ישראל אומרת, ראש הממשלה, שר החוץ: ירושלים לא תחולק לעולם. אלא מה? - טוענים על הממשלה, או על ההסכם הזה, שכתוב שירושלים תועלה למשא-ומתן בהסדר הקבע. מורי ורבותי, בהסכמי קמפ-דייוויד נאמר כי היא תועלה למשא-ומתן; זכותם להעלות זאת גם בהסדר הביניים. נכון, אני חייב להיות גלוי לב, שיש איזו נימה יותר חיובית. הרי שם היה כתוב: רשאי הצד השני להעלות למשא-ומתן. פה כאילו יש קביעה שירושלים תועלה למשא-ומתן. לכן, שוב, מה באמת כושר עמידתה של הממשלה במבחן של ירושלים? ואני חייב להיות גלוי לב עם הממשלה: כשאני שומע חוגים בכירים במפלגת העבודה, או חוגים במפלגת העבודה, שיוצאים ואומרים, עם הצעות של רובע, או כבר מראש הם קובעים מה תוצאות המשא-ומתן - זה מאוד מדאיג, ובפרט כשמדובר בממשלה שנשענת על רוב מצומצם מאוד, כשכל קול משפיע. מה יהיה כושר העמידה של הממשלה הזאת? האם באמת מה שאומרים ראש הממשלה ושר החוץ - ואני יודע את הדעות של רוב השרים בממשלה הזאת, שמעתי את ההתבטאויות שלהם, שמעתי את קרקורי הבטן שלהם, לא ראיתי את האופוריה, שמעתי את הקרקורים, שמעתי את הדאגות - האם באמת זה יהיה הקו? או שערפאת - ואנחנו מכירים את הכושר האדיר שלו, של הבכיינות ושל ההצגה, כשאנחנו יודעים שהוא צריך לשלוט על ה""חמאס"", על ג'יבריל ועל עוד אלף ואחד ארגונים - כל יום יבוא ויגיד: תראו, רבותי? והרי נעשה מעשה, שמעתי שהוא הזמין את מדינות העולם להיכנס ליריחו כשהוא נכנס. כבר נעשו דברים, שאפילו אם הם דקלרציה הם עובדות. שמא יבוא ערפאת כל חודשיים אל מי שהוא ינהל אתו את המשא-ומתן ויגיד לו: תראה, ה""חמאס"" יושב לי על זה, תחזק אותי, ג'יבריל גובר עלי, תחזק אותי? ויבואו ויגידו: תראו, אין לנו דרך חזרה. השאלה היא, האם יש קווים אדומים שאותם אנחנו אומרים: ירושלים, היישובים היהודיים, זכות השיבה? האם על כל הדברים הללו אנחנו עומדים חזק, כפי שאנחנו מצהירים, או שזו פתיחת עמדה לניהול משא-ומתן? יש נקודה שהיא חשובה לא פחות, ולא רק בגלל קדושת ארץ-ישראל אלא דווקא בגלל הביטחון של מדינת ישראל ושל התושבים: האם באמת נכונה הפרשנות, שחלק גדול מפרשים אותה, שהסדר העקרונות הזה למעשה נותן את האוטונומיה על כל שטחי יהודה, שומרון ועזה, לבד מהיישובים ולבד מההיאחזויות של הצבא? אומנם ראש הממשלה אמר בממשלה, ושמעתי זאת במו אוזני, שלא, שיש גם סעיף שני שאומר שהאוטונומיה תחול על מה שיינתן בהסכמה. השאלה היא מה גובר על מה. ולכל הדעות, יש כאן שני סעיפים שסותרים זה את זה. השאלה היא מה יגבר על מה. השאלה היא איך ננהל את המשא-ומתן. האם בצירי הדרכים המרכזיות, האם בהרבה מקומות שהם חשובים לנו, נסכים שתהיה אוטונומיה? והמשמעות של אוטונומיה, זה לא רק הדבר התיאורטי שיחול על זה. האם משטרה פלשתינית היא שתסתובב שם, או שכוחות צה""ל יסתובבו שם? לכן, רבותי, כל הדברים הללו, ובעיקר ההמשך - ואני מדגיש - של עמידה וכושר עמידה על ניהול המשא-ומתן, הם החשובים. ויהודה ושומרון הם לא עזה ויריחו. לגבי עזה ויריחו, אני חייב להיות גלוי ולומר שסגן שר הביטחון, מוטה גור, נתן תשובות, שחלק מהן הוא ביקש שלא לפרסם. לגבי עזה ויריחו, כשמדובר בסכנה ליישובים בגוש-קטיף ובתנועה שם, כשמדובר ביריחו - יהיה כביש הבקעה, 5 ק""מ, שיהיה בשטח האוטונומיה. הוא נתן תשובות שמספקות ומניחות את הדעת. השאלה היא, האם באמת יקוים הדבר הזה? הבעיה העיקרית היא יהודה ושומרון; צירים של אלפי קילומטרים. מה יקרה שם? מה היא תשובת הביטחון? אני מאמין לממשלת ישראל, לראש הממשלה, לשר החוץ ולשרים שאומרים: אנחנו נעשה הכול למען ביטחון התושבים. אבל, מצד שני, איך זה מסתדר? ואמרתי זאת בממשלה, לכן אני יכול להגיד זאת, זו לא ביקורת שאני מנסה להגיד משום שאני לא נמצא בתוך הממשלה היום. מה תהיה ההתייחסות של חלק חשוב ממרכיבי הקואליציה, שמתייחס למתיישבים ביהודה ובשומרון - ואני לא רוצה להגיד כאויבים, אין אויבים בין יהודים - כטפילים, כמפריעים לתהליך השלום, כמי שיושבים על צווארה של מדינת ישראל וסוחטים אותה? והממשלה הזאת פגעה במהלך השנה בחלק גדול של ההטבות להם. אני פונה אל ראש הממשלה ואל שר החוץ: האם לא כדאי היום, כשאנחנו הופכים אותם לקו עימות ולכאלה החיים במצוקה אמיתית ביותר - ואני מאמין לכם כשאתם אומרים שאתם לא רוצים לפנות את היישובים - לשקול שוב את ההחלטות של ועדת-שבס ואחרים? איך אפשר, בתנאים כל כך קשים, גם לחיות בתנאי הביטחון? ואמרתי פעמים מספר בממשלה: חייבים ללכת לקראתם בחיי היום-יום; אי-אפשר להשאיר אותם כל הזמן בחרדה פוליטית.

לכן, אדוני היושב-ראש, חברי הממשלה, כנסת נכבדה, מרן הרב עובדיה יוסף הורה לנו, לחברי סיעת ש""ס, מצד אחד, כפי שהסברתי, אי-אפשר להצביע נגד סיכוי לתהליך ופתיחת דף חדש של הורדת סיכון הלוחמה או איום הלוחמה על מדינת ישראל.

אתה רוצה תשובה? חבר הכנסת שגב, אני מוכן לתת לך תשובה. אנחנו בערב יום הכיפורים. אלה ימים שבהם עם ישראל נוהג לשכוח יריבויות פוליטיות ולסלוח איש לרעהו. אבל בכל זאת, אמירות נזרקות לחלל האוויר, והן גם מתכון בטוח לכותרות. אני חייב לענות לך בטון הכי נמוך שאני יכול. די, נגמר, מספיק, לא נהיה עוד שק חבטות לצביעות של אף אחד מכם. אני אומר את זה לכל חלקי הבית. אני שומע חבר כנסת אחד מהליכוד, אינני רוצה להגיד את שמו, שמודיע כאן בממלכתיות למה הוא נמנע. לא קם צדיק אחד בכל הבית הזה להגיד לו: אדוני, האינטרס שלך הוא שקוף ובולט.

אני רוצה לחזור ולסכם, אני לא רוצה להיכנס לוויכוחים. אדוני היושב-ראש, לכן הוראתו - - -

לכן, הוראתו של הרב עובדיה יוסף היא, שאנחנו לא יכולים להצביע נגד ההסכם הזה, עם הרבה חרדות, עם הרבה חששות מה יהיה בהמשך, מה יהיה ביהודה ובשומרון, מה יהיה לגבי כל הנקודות שהעליתי אותן. אני לא רוצה לחזור עליהן. לכן, הוראתו לנו היא להימנע ולראות ולבחון מה יהיה בהמשך - - -

אני רוצה לסיים במשפט אחד, בתפילה, ערב יום כיפור, ימים שהם ימי פיוס, של צמצום חילוקי הדעות. הסיכון הגדול ביותר לעם ישראל הוא באי-אחדותו, ביריבותו. האסונות הגדולים ביותר שקרו לעם ישראל היו בגלל המחלוקות הפנימיות ושנאת חינם. אני יודע שאנחנו נכנסים לתקופה קשה מאוד של חילוקי דעות, של יריבויות, של חששות אמיתיים של יהודים לגורל בתיהם, לגורל חייהם. לא יהיו ימים קלים לממשלה הזאת ולא תהיה לה הסכמה רחבה. אף-על-פי-כן, בערב יום הכיפור, נתעלה, ננסה ולו בימים הללו לזכור את המאחד אותנו, ויש הרבה הרבה שמאחד גם את היריבים הגדולים ביותר. נישא תפילה שהממשלה הזו, שחתמה על הסכם, שיש לו תוקף חוקי, תעמוד בניהול המשא-ומתן בהמשך לפחות על הדברים החשובים. אני מברך אותה שתצליח לשמור על הדברים שיש עליהם קונסנסוס רחב, גם אם יש חילוקי דעות בדברים אחרים. אני מברך אותה שאכן תקוותיה ותקוותינו לשים קץ לטרור, להביא פתיחה של שלום, להסרת האיום של מלחמה על עם ישראל - אכן ימומשו. שנה טובה ותודה רבה.",8,
19002,1993-09-23,"דברי הכנסת: כנס מיוחד: הישיבה המאה-ושלושים-ואחת של הכנסת השלוש-עשרה: יום חמישי, ח' בתשרי התשנ""ד (23 בספטמבר 1993): ירושלים, הכנסת, שעה 08:32: הודעת הממשלה בנושא הצהרת העקרונות בדבר הסדרי ביניים של: ממשל עצמי וחילופי האיגרות עם אש""ף","אדוני היושב-ראש, כנסת נכבדה, אני יודע שהנוהל הוא שאין מפריעים לנאומו הראשון של חבר כנסת. זה הנאום הראשון שלי כחבר כנסת – – –

המיקרופון אולי איננו טוב.

כאמור, זה הנאום הראשון שלי כחבר כנסת, והנוהל הוא שאין מפריעים לנאום ראשון. אני אומנם רגיל לכך שאת כל התקדימים עושים על גבה של ש""ס, אבל אני מקווה שאת התקדים הזה לא תיצרו הפעם, ותקיימו את הנוהל הזה, בעיקר כי קשה לי לנאום וקריאות ביניים מפריעות לי. אני מקווה שתתחשבו בזה. אדוני היושב-ראש, חברי הכנסת, שרי הממשלה, תנועת ש""ס וחברי הכנסת שלה אמונים על כך שהמצע המדיני והחברתי שלה הוא פסיקת הרב עובדיה יוסף ומועצת חכמי התורה, ויצאנו עם זה אל הציבור מאז הקמתה של תנועת ש""ס. ידועה פסיקתו של הרב עובדיה יוסף בנושא שאנחנו מדברים עליו, נושא השלום. זה לא דבר חדש, וזה לא בא בעקבות ההסכם הזה ולא לאור כניסתה של ש""ס לממשלה הזאת, שהייחוד שלה וזכות קיומה היו נושא השלום. הרב עובדיה יוסף לא חיבר פסק הלכה חדש בשביל הממשלה הזאת. מי שמכיר את ספריו ומי שעקב אחר הפסיקות שלו יודע, שכבר לפני עשרות שנים התייחסו הוא וחבריו לבית-הדין הגדול לסוגיה של קדושת האדם מול קדושת האדמה. קדושת ארץ-ישראל היא אחת הקדושות החשובות ביותר. התורה מלאה מצוות, מאמרי חז""ל והתלמוד מלאים בחשיבותה של ארץ-ישראל וקדושתה. ועלתה השאלה של קדושת ארץ-ישראל מול קדושת האדם, מה גובר על מה. כבר בהסכמי קמפ-דייוויד של מנחם בגין, זיכרונו לברכה, עמדה השאלה של החזרת השטחים, והיתה סביב זה מחלוקת ציבורית גם בין רבנים. והרב עובדיה יוסף, שהיה אז הרב הראשי של ישראל, גם בשיחות עם מנחם בגין, זיכרונו לברכה, וגם בפומבי, אמר את דבריו בצורה הברורה ביותר. זכור בוודאי לכולכם ביקורו של הרב עובדיה יוסף במצרים לפני למעלה מחמש שנים. לשאלתו של הנשיא מובארק, הוא הסביר באריכות מה זו קדושת ארץ-ישראל ומה היא קדושת האדם. אנחנו עומדים ערב יום הכיפור הקדוש, שהוא היום המקודש ביותר לעם ישראל. במשך אלפי שנים נוהג עם ישראל להקפיד ביום הזה קלה כבחמורה על כל מנהגי הצום, שזה בעצם עיקר קדושת היום. לעניין הצום של יום כיפור יש ספרי הלכה רבים עם פרטי פרטים על מה שקורה לאדם שלא יכול לצום ביום הזה, לחולה שלא יכול לצום. ולא מדובר בחולה שאם יצום נשקפת לו סכנת מוות ודאית. מדובר גם על מקרים שבהם חילוקי דעות בין רופאים, כאשר רופא אחד אומר שהוא כן יכול לצום ורופא אחר אומר שאינו יכול לצום. גם למקרה של ספק פיקוח נפש יש בהלכה פרטים רבים מאוד הקובעים מה צריך לעשות. מה שלמעשה גובר זה פיקוח הנפש, החיים של האדם, אפילו מול היום הקדוש הזה. אני לא חושב שבין גדולי ההלכה היו בכלל חילוקי דעות בשאלה מה גובר על מה: קדושת האדם או קדושת האדמה וקדושת ארץ-ישראל. אשר להסכם העקרונות שהממשלה מביאה היום לכנסת, לתנועת ש""ס היה למעשה קל הרבה יותר להכריע לגביו ולא היינו מתלבטים לגביו אילו היה זה הסכם שלום גמור ומוגמר, שאומר בבירור מה עם ישראל צריך להקריב, גם אם המחיר הוא החזרת שטחים או חלקים מארץ-ישראל, כאשר אנחנו יודעים מה הוא השלום שאנחנו מקבלים, עם מי אנחנו חותמים, מה הביטחונות, ובעיקר – מה מידת מניעת פיקוח הנפש הברורה שאנחנו קובעים על-ידי הדבר הזה. כבר אמרתי בישיבת הממשלה שבה השתתפתי ונמנעתי, כאשר הסכם העקרונות הזה הובא, וראש הממשלה ביטא זאת אחר כך גם ברבים, שלא מדובר פה בהסכם שלום, אלא מדובר בהסכם עקרונות, שרוב הפרטים שלו עדיין לא באו על פתרונם. זה הסדר, שעוד מעט אפרט אותו, שהשלד שלו הוא הסכמי קמפ-דייוויד, עם תוספות. חלק מהבית יכול לראות את זה כוויתורים לעומת הסכמי קמפ-דייוויד; חלק אחר יכול לראות בזה ריאליות של הסכמי קמפ-דייוויד. לעניות דעתי, בנושאים מסוימים יש בו גם שיפורים לעומת הסכמי קמפ-דייוויד. אבל גם ראש הממשלה וגם הממשלה אומרים בבירור, שעדיין יש נושאים רבים מאוד, ואחר כך אפרט את העיקריים בהם שמדאיגים אותנו, שעדיין נתונים למשא-ומתן, וזה תלוי בכושר העמידה של הנושאים ונותנים, וראש הממשלה גם ביטא את דעותיו בעניין. אנחנו בוחנים את המצב כדי לראות האם בהסכם העקרונות, כפי שהוא, יש ויתור על אדמה, האם יש בו ויתור על חלקים של ארץ-ישראל, והאם הוא מונע פיקוח נפש, או מכניס, חלילה, לפיקוח נפש או לספק פיקוח נפש. היות שזמני מוגבל לא אכנס כאן לדברים ארוכים. אני רק מעלה שאלות או נקודות שכדאי לחשוב עליהן. יש גם מקום לשאול מה זו שייכות לאדמה, מה זה חלק של ארץ-ישראל שאנחנו מחזירים. כי להחזיר פירושו שיש דבר בבעלותך ואתה מחזיר אותו. במה מתבטאת בעלות על חלק שאתה מחזיר? במה מתבטא מתן שלטון אוטונומי, האם זה נקרא שהחזרת? האם מתן האפשרות למועצה אוטונומית, נבחרת או ממונה, לנהל את חייהם זו החזרת שטח? האם שליטה של צה""ל בלי ריבונות של ישראל על אותם שטחים פירושה שאתה נותן? כל אלה שאלות שצריכות להישאל, ואני בטוח שגם בהן יש חילוקי דעות. אבל זו המציאות בשטח. ואני מדבר בעיקר על שטחים עם ריכוזי אוכלוסייה כמו עזה ויריחו, שבהם מדברים עכשיו. אין ספק שהמקומות שלהם נותנים עכשיו אוטונומיה, או מועצה ממונה, השליטה היחידה שיש למדינת ישראל, ואני רואה שיש מגמה להחיל ריבונות על עזה ויריחו – השליטה היחידה שבאה לידי ביטוי כיום היא הימצאותו של צה""ל בעזה וביריחו. כשמישהו יבוא ויגיד שעל-ידי זה שאתה מוסר אתה מונע התיישבות בעזה וביריחו, אני חושב שזה אולי תיאורטי, אבל לא מציאותי. לא שמעתי על יוזמה להקים ביריחו ובעזה התיישבות, ואתה מונע מיהודים להתיישב. הדבר שבא לידי ביטוי היום, בוויתור שלנו לאותה מועצה ממונה, זה הוצאת כוחות צה""ל מעזה ומיריחו, כניסה של משטרה פלשתינית לשם ומסירת ניהול החיים העצמאיים שם לגוף ממונה, כשלדעתי גם היום איננו מעורבים בהם. האם זה נקרא החזרת שטח? זו שאלה שצריכה להישאל. איפה עומד כאן הנושא של פיקוח נפש? אמרתי זאת בממשלה, וגם ראש הממשלה אמר זאת, שהאיום הפלשתיני איננו איום קיומי על מדינת ישראל. זה איום של טרור, משמעותו חיים קשים, יש סכנת נפש לבודדים בגלל מעשי טרור, אבל זה לא איום קיומי למדינת ישראל היום, ואני מדבר על היום. מצד שני, יש חשש סביר שהוצאתם של כוחות צה""ל מעזה ומיריחו – ואני מדבר בכוונה על השלב הזה, ואחר כך אעבור לשלב השני – וכניסתה של משטרה פלשתינית לשם לא יוכלו למנוע מעשי טרור, שאולי אפילו יתגברו. ופיקוח הנפש שיש היום – ואיש לא אומר שהמצב הנוכחי הוא גן-עדן, וגם היום יש סכנה של פיגועים וטרור – יכול מאוד להיות שאפילו יגבר. אז מה אנחנו עושים? במה מנענו כאן פיקוח נפש? סכנה קיומית לא קיימת למדינת ישראל מהאיום הזה; מצד שני, יש חשש שאולי תגבר סכנת פיקוח הנפש, סכנת הנפשות. גם ראש הממשלה וגם אנשי הביטחון לא אומרים שעל-ידי זה אנחנו מגיעים אל המנוחה ואל הנחלה בחיים היומיומיים. זה מצב קשה, שצריכים לתת לו תשובות, והממשלה מאמינה באמונה שלמה שצה""ל יצטרך להתרגל למצב ולתת תשובות גם למצבים הללו. מצד שני, לב הבעיה הפלשתינית הפך להיות בעיה כלל-ערבית. יש הסכנות הקיומיות הקיימות למדינת ישראל מסוריה, או מעצם המצב הזה שמדינות ערב בכללותן נמצאות במצב של לוחמה או של עוינות כלפי מדינת ישראל. אנחנו יודעים שהגעה להסדר כולל עם מדינות ערב – ואני לא מדבר כאן על שלום של איש תחת גפנו ואיש תחת תאנתו; אפילו שלום כמו עם מצרים, אפילו שלום להסרת איום המלחמה ופתיחת דף חדש עם סיכוי – לא תתממש בלי פתרון הבעיה הפלשתינית. גם אם אנחנו יודעים מהי הדאגה הכנה של מדינות ערב לפלשתינים. אבל זה הפך לסמל. להגיע לפתרון כולל עם מדינות ערב – לא תגיע בלי פתרון הבעיה הפלשתינית. יוצא אפוא שפתרון הבעיה הפלשתינית, בצורה שבה פותרים אותה, הוא למעשה פתיחת פתח גדול להסדר כולל עם מדינות ערב; גם עם אלה שאין להן גבולות אתנו וגם עם אלה שלא נמצאות אתנו במצב של מלחמה. מדובר על שינוי האווירה, קיום יחסים, ובעיקר – הסרת איום של החלק הזה, שבו משימת כולם היא להילחם נגד מדינת ישראל. כך שבהסדר הזה – וטוען בצדק מי שטוען זאת – יש גם פעולה להסרת האיום הקיומי על מדינת ישראל. לכן ההתלבטות היא קשה. יש עוד נקודה שעמדה בשיקוליו של הרב עובדיה יוסף: ממשלת ישראל, ולא משנה איזו ממשלה, שפעלה כחוק, חתמה על הסכמי קמפ-דייוויד עם ליווי בין-לאומי ועם מחויבות בין-לאומית. ידועה רגישותם של גדולי ישראל למצב שבו עם ישראל הוא בין אומות העולם ואסור להתגרות באומות העולם, ושהסכמי קמפ-דייוויד הם הסכמים המחייבים את כל ממשלות ישראל. אומנם אני שומע קולות של אנשים שאומרים שצריך לחזור מהסכמי קמפ-דייוויד. אבל אם רוב הבית הזה הוא אכן כן בדבריו, שהסכמי קמפ-דייוויד מחייבים את מדינת ישראל, אני, לצערי, לא מבין חלק מטענות שאני שומע. למשל, מושמע דבר שהוא מאוד פופולרי, ואשר, לצערי, יש בו הרבה דמגוגיה – מדברים על כך שהממשלה הזאת בהסכם שלה פתחה פתח לזכות השיבה. ואני הופך בה והופך בה. שאלתי אנשים, כי אולי יש דברים באנגלית שאני לא מבין; אולי באנגלית יש נוסח אחר. הנוסח שיש שם הוא העתק, מלה במלה, מהסכמי קמפ-דייוויד, ללא שום שינוי, מורי ורבותי. אלא מה? אפשר לטעון – וזו טענה שאני לא יכול לבטל אותה, בפרט כשהיום ש""ס לא שותפה בממשלה – נכון, בהסכמי קמפ-דייוויד התחייבנו, חתמנו, והיות שזה תלוי בהסכמה של ממשלת ישראל, אנחנו נעמוד על כך שלא נסכים אלא במקרים של איחוד משפחות, אלא במקרים מועטים. אנחנו לא מאמינים לממשלה – זו טענה – היא אומרת היום כך ובסוף היא תרחיב יותר. אני לא מתפעל, רבותי, ואני מציע לא להתפעל ממימרות של ערפאת, שאומר: מאות אלפים. נכון, האם מישהו חשב שהוא יגיד פחות מזה? הוא אומר את הדברים. השאלה היא מה כושר העמידה של הממשלה במחויבות שלה. זה למעשה גם הסיכום של הנאום שלי. עיקר הבעיה שעומדת כאן הוא, שהאחריות שעוברת היא למעשה אחריות של הממשלה. ובעיקר בזאת היא תיבחן: איך ינוהל המשא-ומתן מכאן והלאה? האם כשראש הממשלה אומר: חוץ ממעטים או אלפים בודדים, בשל בעיות או איחוד משפחות, אנחנו לא – – –

ירושלים היא הנושא המאחד את כל הבית הזה. פה, בבירור, צריך להודות על האמת, יש שיפור לעומת הסכמי קמפ-דייוויד. אם בהסכמי קמפ-דייוויד ירושלים היתה נתונה למשא-ומתן גם בשלב האוטונומיה, היום ירושלים יצאה משלב האוטונומיה. יכולים לטעון טענה על הזכות לבחור; אני לא יודע מאיפה המציאו את הזכות להיבחר. לא כתובה מלה אחת על הזכות להיבחר. זכות לבחור למועצת האוטונומיה, לתושבי ירושלים, לא מכניסה את ירושלים לאוטונומיה. הרי גם כשאני שומע את הטענות הקשוחות ביותר, שמה שנתת באוטונומיה זה יהיה הסדר הקבע, אני אומר: רבותי, אוטונומיה לא תחול על ירושלים. ממשלת ישראל אומרת, ראש הממשלה, שר החוץ: ירושלים לא תחולק לעולם. אלא מה? – טוענים על הממשלה, או על ההסכם הזה, שכתוב שירושלים תועלה למשא-ומתן בהסדר הקבע. מורי ורבותי, בהסכמי קמפ-דייוויד נאמר כי היא תועלה למשא-ומתן; זכותם להעלות זאת גם בהסדר הביניים. נכון, אני חייב להיות גלוי לב, שיש איזו נימה יותר חיובית. הרי שם היה כתוב: רשאי הצד השני להעלות למשא-ומתן. פה כאילו יש קביעה שירושלים תועלה למשא-ומתן. לכן, שוב, מה באמת כושר עמידתה של הממשלה במבחן של ירושלים? ואני חייב להיות גלוי לב עם הממשלה: כשאני שומע חוגים בכירים במפלגת העבודה, או חוגים במפלגת העבודה, שיוצאים ואומרים, עם הצעות של רובע, או כבר מראש הם קובעים מה תוצאות המשא-ומתן – זה מאוד מדאיג, ובפרט כשמדובר בממשלה שנשענת על רוב מצומצם מאוד, כשכל קול משפיע. מה יהיה כושר העמידה של הממשלה הזאת? האם באמת מה שאומרים ראש הממשלה ושר החוץ – ואני יודע את הדעות של רוב השרים בממשלה הזאת, שמעתי את ההתבטאויות שלהם, שמעתי את קרקורי הבטן שלהם, לא ראיתי את האופוריה, שמעתי את הקרקורים, שמעתי את הדאגות – האם באמת זה יהיה הקו? או שערפאת – ואנחנו מכירים את הכושר האדיר שלו, של הבכיינות ושל ההצגה, כשאנחנו יודעים שהוא צריך לשלוט על ה""חמאס"", על ג'יבריל ועל עוד אלף ואחד ארגונים – כל יום יבוא ויגיד: תראו, רבותי? והרי נעשה מעשה, שמעתי שהוא הזמין את מדינות העולם להיכנס ליריחו כשהוא נכנס. כבר נעשו דברים, שאפילו אם הם דקלרציה הם עובדות. שמא יבוא ערפאת כל חודשיים אל מי שהוא ינהל אתו את המשא-ומתן ויגיד לו: תראה, ה""חמאס"" יושב לי על זה, תחזק אותי, ג'יבריל גובר עלי, תחזק אותי? ויבואו ויגידו: תראו, אין לנו דרך חזרה. השאלה היא, האם יש קווים אדומים שאותם אנחנו אומרים: ירושלים, היישובים היהודיים, זכות השיבה? האם על כל הדברים הללו אנחנו עומדים חזק, כפי שאנחנו מצהירים, או שזו פתיחת עמדה לניהול משא-ומתן? יש נקודה שהיא חשובה לא פחות, ולא רק בגלל קדושת ארץ-ישראל אלא דווקא בגלל הביטחון של מדינת ישראל ושל התושבים: האם באמת נכונה הפרשנות, שחלק גדול מפרשים אותה, שהסדר העקרונות הזה למעשה נותן את האוטונומיה על כל שטחי יהודה, שומרון ועזה, לבד מהיישובים ולבד מההיאחזויות של הצבא? אומנם ראש הממשלה אמר בממשלה, ושמעתי זאת במו אוזני, שלא, שיש גם סעיף שני שאומר שהאוטונומיה תחול על מה שיינתן בהסכמה. השאלה היא מה גובר על מה. ולכל הדעות, יש כאן שני סעיפים שסותרים זה את זה. השאלה היא מה יגבר על מה. השאלה היא איך ננהל את המשא-ומתן. האם בצירי הדרכים המרכזיות, האם בהרבה מקומות שהם חשובים לנו, נסכים שתהיה אוטונומיה? והמשמעות של אוטונומיה, זה לא רק הדבר התיאורטי שיחול על זה. האם משטרה פלשתינית היא שתסתובב שם, או שכוחות צה""ל יסתובבו שם? לכן, רבותי, כל הדברים הללו, ובעיקר ההמשך – ואני מדגיש – של עמידה וכושר עמידה על ניהול המשא-ומתן, הם החשובים. ויהודה ושומרון הם לא עזה ויריחו. לגבי עזה ויריחו, אני חייב להיות גלוי ולומר שסגן שר הביטחון, מוטה גור, נתן תשובות, שחלק מהן הוא ביקש שלא לפרסם. לגבי עזה ויריחו, כשמדובר בסכנה ליישובים בגוש-קטיף ובתנועה שם, כשמדובר ביריחו – יהיה כביש הבקעה, 5 ק""מ, שיהיה בשטח האוטונומיה. הוא נתן תשובות שמספקות ומניחות את הדעת. השאלה היא, האם באמת יקוים הדבר הזה? הבעיה העיקרית היא יהודה ושומרון; צירים של אלפי קילומטרים. מה יקרה שם? מה היא תשובת הביטחון? אני מאמין לממשלת ישראל, לראש הממשלה, לשר החוץ ולשרים שאומרים: אנחנו נעשה הכול למען ביטחון התושבים. אבל, מצד שני, איך זה מסתדר? ואמרתי זאת בממשלה, לכן אני יכול להגיד זאת, זו לא ביקורת שאני מנסה להגיד משום שאני לא נמצא בתוך הממשלה היום. מה תהיה ההתייחסות של חלק חשוב ממרכיבי הקואליציה, שמתייחס למתיישבים ביהודה ובשומרון – ואני לא רוצה להגיד כאויבים, אין אויבים בין יהודים – כטפילים, כמפריעים לתהליך השלום, כמי שיושבים על צווארה של מדינת ישראל וסוחטים אותה? והממשלה הזאת פגעה במהלך השנה בחלק גדול של ההטבות להם. אני פונה אל ראש הממשלה ואל שר החוץ: האם לא כדאי היום, כשאנחנו הופכים אותם לקו עימות ולכאלה החיים במצוקה אמיתית ביותר – ואני מאמין לכם כשאתם אומרים שאתם לא רוצים לפנות את היישובים – לשקול שוב את ההחלטות של ועדת-שבס ואחרים? איך אפשר, בתנאים כל כך קשים, גם לחיות בתנאי הביטחון? ואמרתי פעמים מספר בממשלה: חייבים ללכת לקראתם בחיי היום-יום; אי-אפשר להשאיר אותם כל הזמן בחרדה פוליטית.

לכן, אדוני היושב-ראש, חברי הממשלה, כנסת נכבדה, מרן הרב עובדיה יוסף הורה לנו, לחברי סיעת ש""ס, מצד אחד, כפי שהסברתי, אי-אפשר להצביע נגד סיכוי לתהליך ופתיחת דף חדש של הורדת סיכון הלוחמה או איום הלוחמה על מדינת ישראל.

אתה רוצה תשובה? חבר הכנסת שגב, אני מוכן לתת לך תשובה. אנחנו בערב יום הכיפורים. אלה ימים שבהם עם ישראל נוהג לשכוח יריבויות פוליטיות ולסלוח איש לרעהו. אבל בכל זאת, אמירות נזרקות לחלל האוויר, והן גם מתכון בטוח לכותרות. אני חייב לענות לך בטון הכי נמוך שאני יכול. די, נגמר, מספיק, לא נהיה עוד שק חבטות לצביעות של אף אחד מכם. אני אומר את זה לכל חלקי הבית. אני שומע חבר כנסת אחד מהליכוד, אינני רוצה להגיד את שמו, שמודיע כאן בממלכתיות למה הוא נמנע. לא קם צדיק אחד בכל הבית הזה להגיד לו: אדוני, האינטרס שלך הוא שקוף ובולט.

אני רוצה לחזור ולסכם, אני לא רוצה להיכנס לוויכוחים. אדוני היושב-ראש, לכן הוראתו – – –

לכן, הוראתו של הרב עובדיה יוסף היא, שאנחנו לא יכולים להצביע נגד ההסכם הזה, עם הרבה חרדות, עם הרבה חששות מה יהיה בהמשך, מה יהיה ביהודה ובשומרון, מה יהיה לגבי כל הנקודות שהעליתי אותן. אני לא רוצה לחזור עליהן. לכן, הוראתו לנו היא להימנע ולראות ולבחון מה יהיה בהמשך – – –

אני רוצה לסיים במשפט אחד, בתפילה, ערב יום כיפור, ימים שהם ימי פיוס, של צמצום חילוקי הדעות. הסיכון הגדול ביותר לעם ישראל הוא באי-אחדותו, ביריבותו. האסונות הגדולים ביותר שקרו לעם ישראל היו בגלל המחלוקות הפנימיות ושנאת חינם. אני יודע שאנחנו נכנסים לתקופה קשה מאוד של חילוקי דעות, של יריבויות, של חששות אמיתיים של יהודים לגורל בתיהם, לגורל חייהם. לא יהיו ימים קלים לממשלה הזאת ולא תהיה לה הסכמה רחבה. אף-על-פי-כן, בערב יום הכיפור, נתעלה, ננסה ולו בימים הללו לזכור את המאחד אותנו, ויש הרבה הרבה שמאחד גם את היריבים הגדולים ביותר. נישא תפילה שהממשלה הזו, שחתמה על הסכם, שיש לו תוקף חוקי, תעמוד בניהול המשא-ומתן בהמשך לפחות על הדברים החשובים. אני מברך אותה שתצליח לשמור על הדברים שיש עליהם קונסנסוס רחב, גם אם יש חילוקי דעות בדברים אחרים. אני מברך אותה שאכן תקוותיה ותקוותינו לשים קץ לטרור, להביא פתיחה של שלום, להסרת האיום של מלחמה על עם ישראל – אכן ימומשו. שנה טובה ותודה רבה.",8,
33880,1994-05-12,הצעות לסדר-היום: שביתת בני משפחות חללי פיגוע הטרור בעפולה,"אדוני היושב-ראש, כבוד השר, חברי הכנסת, בני משפחה, ראשית, גם אני מצטרף לחבר הכנסת דוד מגן ולחבר הכנסת חנן פורת בתנחומים. מן השמים תנוחמו ולא תוסיפו לדאבה עוד. היושב במרומים הוא היחיד שיודע לנחם בכאב הזה, שאף אחד מאתנו לא יכול לתאר אותו, הוא גם היחיד שיודע לנקום את הדם, אפילו כשאנחנו לא מבינים מהי הנקמה ומהו מתן הנקמה. לא לחינם אנחנו אומרים: השם ייקום דמם; ומצד שני, מן השמים תנוחמו. אני מסכים עם חבר הכנסת חנן פורת ועם חבר הכנסת דוד מגן, שלא זו הבמה ולא זה המקום להעלות טענות או לבדוק טענות שעלו, האם אפשר היה למנוע את האסון הזה, האם עשו הכול כדי להתכונן לקראת אסון כזה, האם נעשה הכול. ואני רוצה להצטרף לדברים שאמר כאן חבר הכנסת דוד מגן. כאשר הייתי שר בממשלה, העניין הזה כאב לי מאוד, וזו היתה משימה קשה ביותר כאשר מזכיר הממשלה פנה אלי ואמר לי לייצג את הממשלה בהלוויות או בניחומים. זה היה קשה מאוד. אני בפירוש אומר, שאני הרגשתי שזו משימה קשה ביותר. קשה לך. אתה בא והכאב זורם החוצה בפרץ נוראי, ואתה הכתובת היחידה, ואתה מבין את הכאב ואתה לא יכול להשיב. חבר הכנסת מגן, לא הייתי הופך את זה לשאלה האם הממשלה החליטה או לא. גם בממשלה הקודמת, מזכיר הממשלה כמעט בכל יום ראשון היה מתלונן ששרים לא הולכים. היו צריכים לשלוח סגני שרים. כמעט כל הנטל היה נופל על סגן שר מסוים ועל שר אחד או שניים. פשוט מאוד. הרבה תקלות היו קורות כשלא היה את מי לשלוח, ובפרט חלילה וחס בפיגועים, כאשר היו כמה לוויות ביום אחד. זה היה ממש דבר בלתי סביר שלא היה אפשר לחיות אתו. היו כל מיני הצעות, אני לא זוכר את סדר הדברים. יכול להיות שהממשלה הקודמת לא החליטה, אבל היא דנה בוועדת השרים לענייני טקסים וסמלים בעניין. אין כאן עניין של מעמד או של כבוד שנותנים למשפחות, הרבה מעבר לכך. הנה בן רגע, ללא שום התרעה, קורה אסון במשפחה. באותו יום או למחרת הם צריכים ללכת ללוויה. ואסון קרה רק מסיבה אחת - בגלל העובדה שאנחנו יהודים בארץ-ישראל. רוצים לרדוף אותנו ורוצים את דמנו. אותה משפחה מחכה לנציג הממשלה. לא שהיא זקוקה לזה, לא שזה מוסיף לה, לא שזה יחזיר לה את יקירה. אבל הממשלה היא הרשות הבכירה ביותר ונציגיה מייצגים את העם. היא אמורה להילחם בטרור, היא אמורה להגן על אזרחיה. שיבוא מישהו מהם וייתן למשפחות את ההרגשה שיקיריהן היו שליחים, שהם נפלו קורבן בשליחות המולדת, נפלו בשל העובדה שהם יהודים. כבוד השר, אני מבין את ההתנתקות הזאת, אני חוויתי אותה על בשרי. אני מבין את הכאב הנוראי ואני מבין את הטענות נגד גורמים שליליים, שוליים שבשוליים, שהופכים את הלוויות להפגנות פוליטיות. אני מכיר את המחזה הזה של בעלי החולצות הצהובות, שבאים ומנצלים את הכאב של המשפחות להפגנה פוליטית. המשפחות הוקיעו את התופעה הזאת, לא רצו בה. אני גם שותף לדעה של חברי הכנסת דוד מגן וחנן פורת. אמרתי את דעתי ביום הראשון של הטבח הנוראי בחברון, שאני מתנגד בכל תוקף לוועדת חקירה ממלכתית. אני חושב שזו היתה חולשה נוראה של הממשלה, שלא יכלה לעמוד מול הפרץ הזה. יש כל הזמן הרגשה, שאנחנו צריכים להצדיק את עצמנו בעיני אומות העולם, שחלילה לא יחשבו שאנחנו אשמים. אנחנו נוכיח את הצדק לעיני כול. בעצם הקמת הוועדה היה מעין הודאה שהיה לנו מה לבדוק. הרי כולם יודעים שזה היה מעשה בודד, של אדם אחד. ועדת חקירה לא תבדוק אם היה כאן קשר או היתה קבוצה. היא בוודאי לא תבדוק את ההאשמות של הערבי שצה""ל היה שותף לעניין. מה כן יש לבדוק? - את סידורי הביטחון; האם יש להפיק לקחים ממה שקרה במערת המכפלה; האם יש להכניס נשק או אין להכניס נשק; מה עם זמני התפילה, מה עם זמני ההפרדה בין האולמות. וכי צה""ל לא היה יכול לבדוק את הדברים האלה? אם השי""ן-גימ""לים לא התייצבו ביום האסון בחברון, צה""ל לא מספיק אמין כדי לבדוק? האם אנחנו זקוקים רק למחזה הזה של חמישה אנשים היושבים על כיסאות, מורמים מעם, בוחנים וטוחנים את צה""ל ואת כל יתר גורמי הביטחון לעיני כל עם ועדה? במקום שיעסקו בשאלה האם אנחנו לא מפתחים כאן את התופעה של ""הראש הקטן"", כשאף אחד לא יהיה מוכן לקחת אחריות משום שוועדת החקירה תשב על גבו. האם זה יהיה צה""ל שיילחם? האם זאת תהיה המשטרה שתילחם? גם אם קרה מה שקרה, אז מה? נבדוק ונגיע למסקנות, אם אנחנו מאמינים בצה""ל ובמשטרה שהם יפיקו את הלקחים. לכן אני מתנגד לכל העניין הזה. אין בו שום תועלת. אבל, יש מרחק בין זה לבין התעלמות מוחלטת וחוסר התייחסות מוחלט. אני לא מאשים שעושים זאת במכוון. אני חושב שאפשר להישיר מבט ולהסתכל למשפחות בעיניים. ראש הממשלה יכול לזמן אותם, והוא היה חייב לזמן אותם, או אולי שר אחר. לשבת אתם במשך שעות ולהסביר להם את התועלת ואת ההפסד שיש בהקמת ועדת חקירה. לספר להם מה עושים בשביל לחקור את העניין. לשמוע את כאבם ולאפשר להם להוסיף את מה שיש להם להוסיף, ולא ליצור מצב של התעלמות מוחלטת, שאומנם בתחילה היא לא מכוונת, אבל בסוף היא הופכת עובדה. במשך חודשיים יושבות המשפחות באוהלים במקום לחיות את הכאב ביחד, לבנות את המשפחה ולנסות לפתוח בחיים חדשים. יושבים על הכביש ומחכים למשהו לא מוגדר, רק בשביל להביע את הכאב ואת המחאה. אסור שהדבר הזה יקרה. צריך להפסיק אותו מייד. לכן אני מצטרף לקריאתם של חברי הכנסת, ואני בטוח שכל הבית יתאחד סביבה. אני ממש פונה בקריאה מן הלב למשפחות. מיותר וגם לא נכון להגיד שאנחנו מבינים את הכאב שלכם. איש לא יכול להבין את מי שקורה לו אסון. אנחנו משתדלים לתאר בדמיון מה פירוש הדבר לאבד בן, אח, אחות או הורים. אבל אנא, למען משפחותיכם אתם חייבים להפסיק את הדבר הזה. אנחנו כחברי הכנסת נעשה מה שרק יכולים לעשות. אני תומך בהצעה של חבר הכנסת חנן פורת ושל חבר הכנסת דוד מגן, להעביר את הנושא לוועדת הפנים. שם נדון בשתי הסוגיות שעלו כאן: א. לשמוע את גורמי הביטחון, מה הם עשו, מה הן המסקנות ומה צריך עדיין לעשות; ב. לדון פעם אחת בסוגיה של הנהלים של השתתפות הממשלה. אם טעינו, אפשר לתקן את הדבר הזה. צריך להיות אמיצים ולקבל החלטות. אני לא מקבל שראש רשות הוא נציג הממשלה, עם כל הכבוד. נכון, הנטל נופל עליו, אבל הוא ראש הרשות והממשלה היא ממשלה. צריך למצוא איזה נוהל בעניין הזה. למרות כל הקושי, אי-אפשר להתנתק מהעניין הזה. אני מסיים בתפילה, יהי רצון שכל הדיון הזה יהיה תיאורטי ולא יזדקקו לנציגי ממשלה שילכו להלוויות; שנדע כבר שלום ושלווה בארץ הזו; שההרוגים הללו יהיו ההרוגים האחרונים; שמותם יהיה כפרה לכל עם ישראל; שנשמתם תהיה עדן בעזרת השם ונתאחד ביחד בתחיית המתים. אמן כן יהי רצון.",10,"The speech strongly supports the idea of Jewish settlement in the land, emphasizing the historical and national rights of the Jewish people."
34742,1994-05-30,"הצעת חוק הליכי תכנון ובנייה (הוראת שעה) (תיקון מס' 4), התשנ""ד–1993: (קריאה שנייה וקריאה שלישית)","יש טעות אחת. הול""לים של היום זה לא הול""לים של לפני שנתיים. התיקונים שהכניסו לול""לים, לדעתי, כל עוד אין חוק תכנון ובנייה חדש, מי שיפסיק את הול""לים לוקח על עצמו אחריות להפסקת הבנייה. אני מברך את חבר הכנסת מצא, שלמרות שיקולים פוליטיים הוא התגבר על העניין הזה.",8,
42909,1994-11-02,הצעה לסדר-היום: פתיחת מערת-המכפלה וההסדרים בה,"בפרט שהוא מכניס לו באוזן השנייה לא לפתוח את המערה.

יש רק פתרון אחד, להושיב אותו בשולחן הממשלה.

גברתי היושבת-ראש, חברי הכנסת, סגן שר הביטחון, אחרי דברי חבר הכנסת רחבעם זאבי אין לי הרבה מה להוסיף. אולי אני אתרום חלק שהוא לא התייחס אליו, קצת דברי תורה על מערת-המכפלה. בשבוע שעבר קראנו, בפרשת השבוע, פרשת ""חיי שרה"" - זו הפרשה הרלבנטית למערת-המכפלה - שאברהם אבינו בא לקבור את שרה, חיפש לה אחוזת קבר, והוא בא לבני חת שישבו אז בחברון. אברהם, שראה ברוח קודשו מה יקרה במערת-המכפלה, התעקש - אף שרצו לתת לו את זה במתנה ואמרו ""נשיא אלוקים אתה בתוכנו"", וזה כבוד גדול - לקנות את מערת-המכפלה בקניין של כסף מלא כדי שהאחוזה הזאת תהיה אחוזה לעם ישראל לעולם. חכמים לומדים מפרשה זו, שצדיקים מדברים מעט ועושים הרבה, ולהיפך - רשעים מדברים הרבה ועושים מעט; לומדים את זה מאברהם ומעפרון. ואיך לומדים את זה מהפרשה? עפרון היה בהתחלה צדיק גדול וביקש לתת את מערת-המכפלה במתנה לאברהם, לא רצה לקבל כסף. מסופר במדרש, שאברהם אבינו היתה לו שקית של כסף שקיבל מנמרוד - ואני לא אכנס לזה - שהיו בה 1,000 שקל כסף. הוא רצה לתת את כל השקית לעפרון - אברהם מדבר מעט ורצה לתת לו את הכול - אבל עפרון, שרצה כסף, הוא רק דיבר מן השפה ולחוץ ואמר שהוא לא רוצה לקבל, פחד שבשקית אין 400 שקל כסף - הוא ביקש בסוף 400 שקל עובר לסוחר - ורצה לספור אותם. לא לחינם כתוב ""וישקל אברהם לעפרן"", כתוב ""עפרן"" חסר ו'. אלה 600 שקל הכסף שהוא הפסיד מפני שהוא התעקש לספור את הכסף, ואז מתוך השקית של ה-1,000 הוא קיבל רק 400. מזה לומדים, שרשעים מדברים הרבה ועושים מעט. נחזור לענייננו. אני מברך את סגן שר הביטחון אם אכן, ואני רוצה לשמוע זאת היום, כולנו רוצים לשמוע, אם אכן זו הודעה רשמית, שמערת-המכפלה תיפתח, בעזרת השם, בשבוע הבא. חודשים רבים טיפלתי בנושא עם ראש הממשלה, עם מזכירו הצבאי האלוף דני יתום ועם אלוף פיקוד המרכז. הבנתי, ואני חושב שכל חברי הבית הבינו את הצורך בסגירת המערה בשלבים הראשונים. קרה מה שקרה שם והיה צריך לטפל בסדרי הביטחון. אף שלא הסכמתי, הבנתי אפילו את הטענה שרוצים לחכות לדוח ועדת-שמגר, אולי היא תתייחס לסדרי הביטחון, אולי היא תתייחס להסדרים חדשים. אבל, לצערי, למרות כל רצוני ללמד זכות, אני לא מוצא שום זכות בכך שהמערה סגורה כבר כמה חודשים. למה לא נפתחה מערת-המכפלה בימים הנוראים? סיעת ש""ס נפגשה עם ראש הממשלה וממש ביקשה בכל לשון של בקשה ובכל לשון של דרישה שמערת-מכפלה תיפתח בראש השנה. לאחר שערכנו סיור במקום ונפגשנו עם אנשים שבקיאים בנושא, ולאחר שהתרשמתי באופן הברור ביותר מאנשי הצבא, שמבחינתם הם גמרו את העבודה וכאן צריכה לבוא החלטה פוליטית, האם עושים הפרדה של ימים או הפרדה של מקומות - פירושו של דבר, האם יום אחד יהיה ליהודים בכל מערת-המכפלה ויום אחד למוסלמים בכל מערת-המכפלה, או שתהיה הפרדה של מקומות, יהיו כאלה שבאופן קבוע יהיו ליהודים וכאלה שבאופן קבוע יהיו למוסלמים. אני באופן אישי הבעתי עמדה תקיפה ביותר נגד שתי האפשרויות האלה; כך גם עשתה סיעתי. לא יעלה על הדעת שיהיה יום אחד שיהודי לא יוכל לבקר במערה. לא יעלה על הדעת שיהודי שרוצה להתפלל על קברי אבותיו לא יוכל לעשות זאת אפילו במשך שעה אחת. עם כל הכבוד, ישמעאל לא קבור במערת-המכפלה. נכון, טענת המוסלמים היא שאברהם אבינו הוא גם אבי אומתם. אבל ישמעאל לא קבור שם, קבורים שם אבות השושלת של העם היהודי, אברהם, יצחק, יעקב והאמהות, ולא קבורים שם האבות האחרים של המוסלמים. לא יעלה על הדעת שאפילו שעה אחת לא יתאפשר ליהודי לבוא להתפלל שם. לכן התנגדנו בתוקף להפרדה של ימים. לגבי הפרדה של מקומות, אף שזה נשמע סביר שחייבים לעשות הפרדה, גם כן הבענו התנגדות. לא יעלה על הדעת שלאולם יצחק לא תהיה כניסה ליהודים. זה חשוב, אפילו מבחינה סמלית. אני לא יודע איפה קבור אברהם ואיפה קבור יצחק. אף אחד מאתנו לא יודע. הקברים נמצאים מתחת למערה, ואנחנו לא יודעים להגיד בדיוק איפה כל קבר. אבל זה כבר תקופה ארוכה מאוד שהחלוקה במערה היא לאולם אברהם, אולם יצחק ואולם יעקב. אפילו מבחינה סמלית לא ייתכן בשום אופן שיהודי לא ייכנס לאולם יצחק. נכון, עובדה היא שאולם יצחק משמש מסגד למאמינים המוסלמים. נכון שאי-אפשר היום, לאחר מה שקרה בחברון, שבעת ובעונה אחת תהיה שם תפילה מוסלמית וגם יתפללו יהודים. יש בזה סכנה, יש בזה חשש לסכנה, ואני מקבל את הדבר. אבל הרי המוסלמים לא מתפללים שם כל היום. יש להם שעות קבועות של תפילה, ולא צריך ועדת חקירה כדי לדעת מהן השעות שבהן הם מתפללים. יש להם שעות קבועות, להבדיל מיהודים, שחוץ משעות התפילה שלהם, שגם כן אינן קבועות, כי אפשר להתפלל בכל שעה שחרית ומנחה, אבל יהודים גם באים להתפלל ולקרוא תהילים על קברי אבותיהם. עד לסגירת המערה אני נהגתי לנסוע כל חודש עם אשתי להתפלל במערת-המכפלה, כמה שיכולתי. אני לא באתי כדי להתפלל שחרית או מנחה או ערבית. באתי בשביל לקרוא תהילים, אם יכולתי, ולהתפלל שחרית אם יכולתי. אבל המוסלמים לא באים לשפוך את לבם במערה. הם משתמשים במקום הזה כמסגד לשעות התפילה הקבועות. למשל, כשהתארחתי בקריית-ארבע ראיתי ואני גם שומע מהאנשים שבליל שבת יש למעלה מ-500 מתפללים. אי-אפשר להכניס את כולם לאולם אברהם. המקסימום באולם אברהם, בדוחק רב, זה 50 איש כשכולם עומדים. מה עושים? יעמדו בחצר? חבר הכנסת רחבעם זאבי כבר אמר שלא מוכנים לקרות את המקום, רק סטטוס-קוו, לא רוצים לגעת במערה. ובכן, איפה יתפללו? בשבת בבוקר יש הרבה יותר אנשים. אני אמרתי לאנשים שלא יוכל עוד להיות חופש כמו שהיה עד עכשיו, שיכלו לעשות במערת-המכפלה מניין בכל שעה שרצו - ב07:00, ב-08:00, ב-10:00, ובשבת היו גם מניינים ב-12:00. יצטרכו לקבוע שעה מסוימת לתפילה, למניין גדול אחד. אבל איפה יתפללו כל אלה? כפי שאמרתי, בשבת בבוקר יש הרבה יותר מ-500 מתפללים. אנחנו יודעים שאלה לא שעות התפילה של המוסלמים באולם יצחק. בשבת הם לא מתפללים שם לא ב-07:00 ולא ב-08:00, ולא בליל שבת, וכמובן גם לא בחגים. לכן אפשר להגיע להבנה, שאולם יצחק בעיקרו יהיה אולם של המוסלמים למסגד, אבל בשעות קבועות וידועות מראש, כאשר הם לא נמצאים שם, איזו סיבה יש לא לתת ליהודים להתפלל שם? לכן אני אומר לסגן שר הביטחון, תבורכו, גם אם זה מאוחר, אבל בעזרת השם שלא תהיה שוב דחייה והמערה תיפתח. אני יודע שיש התרעות או חששות להתרעות, אבל הרי אין לדבר סוף. חייבים לפתוח את זה פעם אחת, וצריך לעמוד על המשמר. אני יודע שהכשרתם פלוגה מיוחדת של משמר הגבול, אני יודע את כל פרטי הפרטים. צריך לפתוח סוף סוף את המערה ולהתמודד עם הסיכון. בכל דבר יש סיכון מסוים. אני לא נכנס למה שאמר חבר הכנסת רחבעם זאבי, שמונעים מחלק מסוים להיכנס. אני מאמין, שאם תגיעו למסקנה שבשלב מסוים מישהו יכול באמת להוות סכנה, לא יהיה אפשר להתווכח על הפרט הזה. אני מקווה רק שהשיקול לא יהיה שיקול פוליטי או סתמי, אלא שיקול אמיתי של פיקוח נפש. אני מקווה שבקשתי הראשונה, שבעזרת השם תיפתח המערה בשבוע הבא, אכן תתמלא. דבר שני - שבאמת ובתמים לא יהיה מצב של הפרדה של ימים, שלא יהיו ימים שבהם לא יוכל יהודי להיכנס למערת-המכפלה, אלא כפי שהיה עד עכשיו, שיהודי יוכל להיכנס בכל יום ובכל שעה, ביום ובאמצע הלילה. דבר שלישי - שלא יהיה, חלילה וחס, איסור כניסה ליהודים לאולם יצחק. אני מסכים שיהיו שעות מסוימות. אמרו לי: בשבת אנחנו מוכנים להתחשב בציבור הגדול ולתת לו להתפלל באולם יצחק. בסדר, זה טוב ליהודים הגרים בקריית-ארבע. אבל מה יעשה יהודי כמוני או כמו חבר הכנסת רחבעם זאבי, ובשביל האיזון חבר הכנסת דדי צוקר? אנחנו לא גרים בקריית-ארבע ולא נוסעים בשבת. אנחנו רוצים באמצע השבוע, בראש חודש, לנסוע למערת-המכפלה. האם ייאסר עלינו להיכנס לאולם יצחק? רק למי שגר בקריית-ארבע ויכול לבוא בשבת? האמינו לי, חבר הכנסת מוטה גור, סגן שר הביטחון, אתה יודע שאני לא קיצוני בדעותי, אני מאוד פרגמטי. אפשר למצוא פתרון לבעיה, זה לא דבר שלא ניתן לפתרון. זה לא שנכנסים עם הראש בקיר בעניין זה. נכון, צריך עמידה איתנה ולהעמיד את הצד השני על מקומו. רבותי, עם כל הכבוד, לא תרוויחו מהאסון הזה ותיקחו לעצמכם יתרון. יש חלוקה, היא תמשיך להיות ברורה, נקפיד על לוח זמנים, אבל זו צריכה להיות חלוקה הגיונית ושווה. אם נחלק את זה לפי מטרים רבועים, ברור שלהם יש שטח הרבה יותר גדול. אבל אני לא רוצה להיכנס לחישובים קטנוניים. אולם יצחק יהיה שלהם, אבל בשבתות, בחגים, בכל יום בשעות מסוימות שאין בהן תפילה למוסלמים, כל יהודי יוכל להיכנס למערת-המכפלה. תודה רבה.",10,
44953,1994-11-23,הצעה לסדר-היום בניית מוסדות ציבור ומבני דת בשכונות שועפאט אשר לפני אכלוס,"אדוני היושב-ראש, חברי כנסת נכבדים, קודם כול אני מודה לחבר הכנסת דוד מגן שאפשר לי לדבר לפניו ודחה את זכותו לשלב יותר מאוחר. אני מודה לו על כך. אני באמת לא אאריך, כי אני חושב שהנושא מדבר בעד עצמו. אני רוצה להעלות על סדר-היום של הכנסת את הנושא של רכס שועפאט. ברוך השם, לאחר הרבה הרבה שנים, המקום הזה, שהיה מיועד לאיצטדיון כדורגל, הפך שכונה. אני רוצה לומר כמה דברים בעניין זה. אומנם אין פה הרבה חברי כנסת, אבל נמצא פה סגן שר השיכון והבינוי, וכדאי שיביא את זה להנהלת המשרד. כמי שהיה שותף מתחילת העניין בפרויקט שועפאט, אני יודע שהיו הרבה חששות. כשנותנים פרויקט כזה לעמותות, השאלה אם פרויקט כזה יצליח, כיוון שעד אז, הניסיון של משרד השיכון עם עמותות בכל הארץ לא הצליח כל כך. אני רוצה לומר שאפשר להתגאות בפרויקט הזה, פרויקט שמשרד השיכון, על-פי הגרלה, הוציא אותו לעמותות, ועוד לפני הזמן - יש שם פרדוקס גדול מאוד - משרד השיכון הכריח, ולדעתי שלא ביושר ולא על-פי מינהל תקין, את העמותות לקחת את חברת ""מוריה"", חברה ממשלתית, כחברה שתעשה את הפיתוח. אדוני יושב-ראש הוועדה לענייני ביקורת המדינה, חבר הכנסת דוד מגן, בדוח מבקר המדינה מס' 42 מבקרת המדינה מבקרת את החברות המפתחות ""ערים"" ו""שיכון ופיתוח"" של משרד השיכון ומינהל מקרקעי ישראל - היום שתיהן במשרד אחד, שר השיכון אחראי לשתיהן - והיא אומרת שבהחלטה מינהלית שרירותית כופים הקצאת קרקע ונותנים את זה לחברות, ללא שום מכרז. מי שיודע איך עובדות החברות האלה, לצערי הרב, יודע שהן פשוט מאוד מחליטות על דמי עלות, לוקחות דמי תקורה, וכדי - - -

אני מדבר על דוח מבקר המדינה משנת 1992. שמעתי שחברת ""ערים"" השתפרה בזמן האחרון, אבל אני רוצה לדבר היום על חברת ""מוריה"", שמנהלת היום את הפרויקט בשועפאט והיתה אמורה לפקח על העמותות ולדאוג שהפיתוח ייעשה, ולא יקרה שייעשה פיתוח ולא יבנו את הדירות, ואני הבנתי גם שתפקידה לדאוג למבני ציבור. זה תפקידה של חברת פיתוח, לדאוג ששכונה תיושם. קרה מקרה, ולפי דעתי קרה פה דבר נורא. העמותות נרתמו למשימה ועשו עבודת קודש, ופה הממשלה אולי היתה צריכה ללמוד איך מוכרים דירות בזול. בירושלים דירה של שלושה חדרים, בשטח של 80 מ""ר, עולה היום 150,000 דולר במקומות זולים. בשועפאט מכרו דירות, אומנם לא כל העמותות במחיר אחיד - אני מדבר בעיקר על העמותות הגדולות - דירות של שלושה חדרים, בבניית אבן, בשטח של 90 עד 100 מ""ר, בסטנדרד די גבוה, ב-90,000 דולר, ב-85,000 דולר וב-95,000 דולר. מכרו דירות של ארבעה חדרים ב-120,000 דולר, ודירות של חמישה חדרים מכרו ב-144,000 דולר. זה רק מראה שכאשר באמת רוצים לעבוד, ללא עשרה מתווכים באמצע, זה אפשרי. והממשלה יכולה להמשיך ולהוזיל כל מיני דברים, אבל לצערי זה לא מגיע למשתכן. דווקא המודל הזה של עמותות, שעובדות ללא מטרות רווח ועומדות תחת פיקוח ציבורי של הבוחרים שלהן, כשעומדים בראש רבנים - זה היה המודל הטוב ביותר. הן עזרו למשפחות. מי שקנה דירה בשועפאט ב-90,000 דולר, היום הדירה שלו שווה 170,000-150,000 דולר, וממש בתקופה קצרה הם הרוויחו עשרות אלפי דולרים, ומשפחות מצאו פתרון למצוקה שהיתה להן. אבל, לצערי, חברת ""מוריה"", שלקחה מכל דירה סכום די גדול, אנחנו יודעים שקבלן הפיתוח שהיא לקחה - הרי חברת ""מוריה"" עצמה לא מפתחת, היא לוקחת קבלנים, ואני לא אגיד את שם אותו קבלן, שעושה את הפיקוח עבור ""מוריה"", בא לעמותות ואמר: אני לא מבין, הרי אתם כוח פוליטי, יש לכם חבר כנסת, תלכו אליו שישפיע על משרד השיכון שיוריד את חברת ""מוריה"". שאלו אותו: למה? הוא אמר: תראו, חברת ""מוריה"" לוקחת מכם 16,000 שקל לכל דירה לפיתוח. לי היא נותנת 10,000 שקל. 6,000 שקל היא לוקחת לעצמה כדמי תקורה. זה כדי שיהיו פלאפונים, מכוניות, וכדי שיהיה אפשר לשלם למנהל הפרויקט 5 מיליוני שקל על ניהול הפרויקט הזה. הוא אמר: תורידו את חברת ""מוריה"" ממני. אני אתן לכם את זה ב-8,000 שקל לדירה, 8 שקלים למ""ר. המשתכנים היו יכולים להרוויח %50 אצל אותו קבלן. זה רק לתשומת לבכם. היה אפשר להוזיל כל דירה עוד בכמה אלפי דולרים. חושבים שחברה ציבורית תנהל את הפרויקט, אבל בואו נראה מה היא הצליחה לעשות. בפסח, בעזרת השם, בעוד חודשיים-שלושה חודשים, רוב הדירות של העמותות הגדולות כבר יהיו מוכנות לאכלוס. מדובר שם על 2,200 דירות, ורוב הדירות מוכנות לאכלוס, אבל אי-אפשר להיכנס לדירות. אתה יודע למה, אדוני סגן שר השיכון? אין פיתוח, אין חשמל, אין חיבור תשתיות. חברת ""מוריה"", שגבתה את כל הכסף מראש, וזה היה התנאי שלה, לא דאגה לפיתוח. הדירות יעמדו ריקות, ואין פיתוח. זו בעיה אחת. בעיה שנייה. לצערי הרב, 2,200 משפחות, שרובן ככולן משפחות ברוכות ילדים - הרי צריך קצת שכל, איך ייכנסו אותן 2,200 משפחות? הם צריכים בתי-ספר? יודעים שזו שכונה חרדית, ודרושים בתי-ספר לבנים, בתי-ספר לבנות. ברוך השם, בכל משפחה שם יש ארבעה-חמישה ילדים וזאת לא משפחה ברוכת ילדים. נכנסים זוגות צעירים עם חמישה-שישה ילדים. אין גן-ילדים אחד, גן-ילדים אחד אין. בבירורים שקיימתי אתמול עם עיריית ירושלים - דיברתי עם מנהל האגף לחינוך חרדי - הסתבר שבמקום 42 גני-ילדים, על-פי הפרוגרמה לפי מספר הנפשות, אישרו להם חמישה גני-ילדים שעוד לא בנו אותם. עדיין לא אישרו בית-ספר אחד, לא לבנים ולא לבנות. אין בית-כנסת אחד, אין מקווה טהרה אחד ל-2,200 נשים שצריכות לטבול שם. לאן ילכו הנשים הללו? לאן ילכו ברגל בערב שבת, לרמות? אנשים לא יוכלו להישאר בשבת בבית כשאשה צריכה לטבול בליל שבת? וכל יום, לאן ילכו לטבול? מאות נשים יצטרכו לנסוע כל יום או כל שבוע לרמות? לאן ייסעו? איך אפשר לתכנן שכונה בצורה כזו? על מי מוטל הדבר, על חברת הפיתוח, על משרד השיכון? אני יודע את התשובה, אני מנחש מה יענה סגן שר הבינוי והשיכון: סדר עדיפויות, אין די תקציבים, לגבי מבני חינוך תפנה לשר החינוך, לגבי בתי-כנסת יש ועדה בין-משרדית, שיש לה תקציב של 30 מיליון שקל.

אני מודה ליושבת-ראש. אני אשתדל לסיים. אני רק חושב שחברי כנסת שמחכים שש ושבע שעות בשעות מאוחרות כאלה, מגיע להם איזה - - -

את צודקת. אני מסיים, גברתי היושבת-ראש. אני חוזר לדברי. אין שם שום מבני ציבור. אני בטוח שכאשר השכונה תתאכלס, משרד השיכון יצא בקול צהלה גדולה: הנה עוד 2,200 משפחות נכנסו לדירות. ובצדק הם יכולים להתגאות בפרויקט הזה, ואני חושב שבפרויקט החדש, מזור, העיר החרדית, צריכים ללכת באותו כיוון - לעמותות גדולות, ואני בטוח שזה יצליח. אבל איזו תשובה ייתנו ל-2,200 המשפחות? נכון שכבר עברנו את הזמן, אבל עדיין אפשר לתקן, אפשר להיכנס לתוכנית מינימלית: כמה בתי-כנסת, מקווה טהרה אחד, כמה בתי-ספר, כמה גני-ילדים, ולא - תהיה קטסטרופה. 2,200 משפחות, ששילמו במיטב כספן, ייכנסו לדירות ולא יהיה להן מוסד ציבורי אחד בכל השכונה הזו. לכן אני מבקש שהנושא הזה יידון בוועדת - - -",5,
50601,1995-01-24,"הצעת סיעות ליכוד-מולדת וצומת-מפד""ל להביע אי-אמון לממשלה: בשל עמדתה בקשר לשלמותה ולריבונותה של ירושלים","אדוני היושב-ראש, חברי הכנסת, היום עומדת על סדר-היום הצעת אי-אמון לממשלה בנושא של ירושלים רבתי. לפני כן, אף שזה לא הנושא, אני רוצה לנצל את הבמה הזאת, ראשית, כדי לאחל רפואה שלמה לכל הפצועים ולנחם את המשפחות השכולות. מהשמים תנוחמו. דבר שני, אני רוצה להביע את מחאתה של סיעת ש""ס על חילול השבת שהיה בשבת האחרונה בביתו של ראש הממשלה.

אני לא נתתי שום הצהרה, חבר הכנסת יהלום. לא דיברתי עם שום עיתונאי. כשביקשו ממני מייד עם צאת השבת תגובה, אמרתי שאני רוצה לבדוק על מה מדובר. יותר מזה לא אמרתי. אולי מישהו אחר דיבר בשמי, אני לא יודע מי. לאחר שבדקנו את העניין, אני לא יכול לומר שזה תקדים היסטורי, אבל אני חושב שהרבה זמן לא נעשה דבר כזה, קיום פגישה בענייני המשק, ואחר כך יוצאים החוצה ומתראיינים. אני לא חושב ולא מצפה שהשרים - אני מקווה מאוד שבעזרת השם כולם ישמרו שבת, אבל אנחנו לא בודקים מה כל אחד עושה בביתו ועם מי הוא נפגש באופן פרטי - אבל להביא את שר האוצר, את נגיד בנק ישראל ואת מנכ""ל משרד ראש הממשלה, את ראשי המשק, ולקיים דיון ואחר כך להתראיין בכלי התקשורת בשבת - זו אטימות, זה חוסר רגישות וזו פגיעה בערכי ישראל. כבר אמר מי שאמר: יותר מששמרו ישראל את השבת, שמרה השבת על ישראל. לגופו של עניין, ירושלים רבתי. בשבוע שעבר, ביום חמישי, בהוראת הרב עובדיה יוסף, שהוא מורה דרכנו, לאחר ששמענו את שרי מרצ יוצאים מפגישה אצל ראש הממשלה ואומרים: סיכמנו עם ראש הממשלה שנושא הבנייה בירושלים רבתי יוקפא, ולמעשה הם ראו אפילו מעבר לכך, שמהיום והלאה לא שר השיכון ולא מי שמופקד על ענייני השיכון במדינת ישראל, ולא על-פי החלטות הממשלה הקודמות לתת עדיפות לאומית לביתר, לגבעת-זאב, למעלה-אדומים ולגוש-עציון -אלא תוקם ועדת שרים שמשמעותה הקפאת הבנייה בירושלים רבתי - הודענו בצורה נחרצת, שאם הממשלה אכן תקבל ותיישם את ההחלטה הזאת, נצביע אי-אמון לממשלה. נפגשתי במוצאי שבת, בשם סיעת ש""ס, עם ראש הממשלה וניסיתי בכל כוחי להעביר את רוע הגזירה הזו. אני נוטה להאמין, שחלק משרי הממשלה ואולי גם ראש הממשלה לא רואים בזה הקפאת הבנייה, והם חושבים שוועדת השרים הזו אכן תאשר את הבנייה. עצם הקמת ועדת שרים מעמידה בסימן שאלה את היישובים מעלה-אדומים, גבעת-זאב וביתר. עצם הקמת ועדת השרים, גם אם היא תאשר את כל התוכניות ששר השיכון פירט אותן, לאחר שנתיים שהממשלה הזו, משרד השיכון בנה אלפי יחידות דיור בביתר, במעלה-אדומים ובגבעת-זאב, חלק קטן מאוד גם בגוש-עציון - הקמת ועדת שרים פירושה: מה שהיה היה, מהיום יש מדיניות חדשה וכל דבר יבוא לאישור. לצערי הרב, ברוב פזיזות לקבל את ההחלטה הזו, אני מקווה שזו טעות סופר, דיברתי עם חלק מהשרים; מי שקורא בעיון את החלטת הממשלה - למעשה מדובר גם בבנייה בתוך ירושלים.

כבר קיבלתי פרשנויות חדשות והבטיחו שהם מתקנים את זה. אני רק מראה מה קורה. צעקנו ואמרנו, שמי שנכנע באפרת, אחרי שבועות מספר יצטרך להילחם על גבעת-זאב ומעלה-אדומים, ומייד אחר כך להילחם גם על ירושלים. הנה, כבר בהחלטת הממשלה, שר השיכון, שרוצה לבנות בהר-חומה או בגבעת-המטוס, יצטרך להביא זאת לאישור ועדת השרים. זו המשמעות של החלטת הממשלה.

ביררתי את זה עם כמה שרים. הם חלקו עלי. הם אמרו שלא היתה החלטה כזו. כשהראיתי להם את ההחלטה ואת המשמעות שלה, הם הסכימו בדיעבד שזו הפרשנות שאפשר לפרש אותה, והם הבטיחו לתקן את זה מייד למחרת בוועדת השרים וביום ראשון בישיבת הממשלה. אני רק מסביר את הסימפטום. תראה מה שקורה. אולי חלק מהשרים בממשלה ישמחו גם על הדבר הזה, שכל נושא יבוא לוועדת השרים על-פי השקפתם.

אני אגיע לזה. אנחנו גם מוחים על העיתוי הנורא והאומלל. אי-אפשר להגיד שזה היה בלי כוונה. באותו יום מר ונמהר של הרצח המתועב הזה, כשכל עם ישראל שרוי בהלם, כשהממשלה מקבלת הודעה באמצע ישיבת הממשלה ודנה בדוח של משרד השיכון - אני הייתי בהלם באותו יום, לא האמנתי עד הערב שהממשלה קיבלה החלטה, לא התעניינתי, הייתי בטוח שהממשלה תדחה את החלטתה לשבוע מינימום, גם מי שחולק על דעתנו, אבל באותו יום לקבל החלטה עם מסר כזה, כשעם ישראל שרוי בצער גדול ובהלם.

לא נכון. ביררתי את העניין. היתה לי שיחה לפני דקות מספר עם יוסי שריד. אמרתי לו: אתה חולק עלי, אבל אתה לא בחור טיפש, אתה בחור חכם. איך עשיתם דבר כזה? בלי טיפת חוכמה. אני מאמין ליוסי שריד. יוסי שריד אמר לי, שמייד כשנודע על האסון הוא הציע הצעה לסדר בממשלה להפסיק את הדיון ולדחות את ההחלטה בשבוע.

עובדה שהממשלה החליטה. על זה אנחנו מוחים. ממשלה שאין לה רגישות ביום כזה, גם אם היא חולקת על הדעה, ביום שצריך לשדר קונסנסוס, לשדר אחדות בעם ישראל, באותו יום לקחת נושא שחותך את העם לא לחצי - אין לי ספק שרוב רובו של העם לא מסכים עם החלטה זו של הממשלה. מה הפזיזות, ריבון העולמים? מה קרה? הרי שנתיים בנו. מה היה קורה אם היו מקבלים החלטה בעוד שבוע?

חבר הכנסת בדש, היות שאתה נואם אחרי, תאמר את דבריך. מהבירורים שערכתי לגבי הפגישה של ראש הממשלה עם ערפאת ביום חמישי - אני לא רוצה ללמד זכות על ערפאת, אני האחרון שילמד עליו זכות, אבל מפליא אותי ומעורר בי תמיהה, ערפאת לא העלה בכלל את הנושא של ירושלים רבתי. כל מה שהדאיג אותו זה הפקעות שטחים לצורך התנחלויות חדשות.

אתה אומר שלא מעניינת אותו ירושלים.

רציתי להסביר, שלאור כל מה שאמרתי אני באמת לא מבין, וזאת החידה הגדולה שעדיין אין לי פתרון בשבילה למרות כל הבירורים שעשיתי, מה קרה באמת בשבוע האחרון. אם בשנתיים האחרונות בנו במעלה-אדומים כ-2,000 יחידות דיור, בביתר בונים עכשיו 1,050 יחידות דיור, בגבעת-זאב בנו מאות יחידות דיור, ולא עשו זאת במחשכים, זו לא איזו מרפסת באריאל או באיזו התנחלות שאף אחד לא רואה אותה, האמריקנים לא הרימו קול, אף אחד לא הרים קול, לא הפלשתינים ולא אף אחד אחר - מה הפזיזות הזו, שביום המר והנמהר הזה של אסון בעם ישראל היה צריך לקבל החלטה כזו ואי-אפשר לדחות אותה בשבוע? מי עורר בכלל את הבעיה הזו? למי זה הפריע שבונים?

כדאי להגיד, רבותי, את האמת. כשמדברים על בנייה של משרד השיכון, כדאי להגיד את האמת. זו לא בנייה תקציבית, זו לא בנייה שעולה כסף.

חבר הכנסת חיים אורון, כדאי שתשמע את האמת. כל הבנייה הציבורית בגבעת-זאב, בביתר ובמעלה-אדומים, נכון, היות שאלה אדמות מדינה וההרשאה לתכנון היא בידי משרד השיכון, את הפיתוח עושה משרד השיכון ומוציא את זה במכרזים לקבלנים, הקבלנים מחזירים את מלוא מחיר הפיתוח למשרד השיכון.

הממשלה מחליטה שהסמכות של ועדת השרים מהיום והלאה היא על כל כיתת לימוד או כל עבודת תשתית, כשהממשלה אמרה שלא תייבש יישובים. הדברים האלה במשך השנתיים הם על-פי פרוגרמה של משרד החינוך, על-פי פרוגרמה של כל משרד ממשלתי, בנו מבני ציבור שהיו זקוקים להם על-פי הגידול הטבעי, ועדה בין-משרדית למבני דת תקצבה בתי-כנסת ומקוואות לפי צורכי היישובים. מהיום והלאה כל אישור כזה צריך לבוא לאותה ועדת שרים, לגברת אלוני ולשרים הנכבדים, והם ידונו על כל כיתה או על כל מבנה בית-ספר.

מקווה טהרה לא הוזכר בהחלטה, לא מפני שלא צריך לכך אישור; הם לא חשבו שבכלל צריך לבנות מקווה.

לאור זאת, אדוני היושב-ראש, סיעת ש""ס החליטה, על-פי הוראת הרב עובדיה יוסף, להצביע אי-אמון לממשלה.",10,
61501,1995-07-24,"הצעות סיעות הליכוד, מפד""ל, צומת, יהדות התורה ומולדת להביע אי-אמון לממשלה בשל: 1. טיפולה הכושל בתחום המדיני-הביטחוני; . עמדתה לגבי עתידם של קבר רחל בפרט והמקומות הקדושים בכלל; . מדיניות הממשלה לגבי עתידם של אתרים המוכיחים את הקשר של העם היהודי לארץ-ישראל; 4. יחסה לקבר רחל ולמכלול הנושאים הדתיים; . עמדתה לגבי המקומות הקדושים ליהדות, קבר יוסף בשכם וקבר רחל בשערי בית-לחם, ומסירתם לשליטת אש""ף","גברתי היושבת-ראש, כנסת נכבדה, ראשית, אני רוצה לשלוח תנחומים לכל המשפחות השכולות היום ולאחל רפואה שלמה לכל הפצועים ולכל הפצועות, שהקדוש-ברוך-הוא ישלח להם רפואה שלמה במהרה. שנית, אני רוצה, בהזדמנות הזאת, לברך את שר הפנים החדש - נעים לא נעים לומר, עדיין קשה להתרגל - שר הפנים אהוד ברק. בירכתי אותו קודם, אני מברך אותו שיצליח בתפקידו ושימולאו כל משאלות לבו. היום אנחנו דנים בחמש הצעות אי-אמון - חלקן על המקומות הקדושים, חלקן על התהליך המדיני. אמר כאן קודם שר החוץ, שנמצא פתרון לקבר רחל - יסללו כביש ישיר, גישה ישירה, וקבר רחל יהיה בשליטה ישראלית. לכאורה ובא לציון גואל והכול בא על מקומו בשלום. בזמן הקצר שעומד לרשותי אני רוצה להתמקד בכל התהליך ולקחת דווקא את הטיפול בקבר רחל, לנתח אותו ולראות איך מטפלים, בכלל, בכל הסדר הביניים, שלב ב', מה, לצערי, לא טוב, ומה עדיין ניתן לעשות כדי לעצור את הדבר הזה, לחשוב פעמיים. לפני שבועיים הודיע ראש הממשלה, הודיעו בוועדת חוץ וביטחון, שמעתי את הדברים במו אוזני, שבקבר רחל תהיה אותה מתכונת כמו בבית-כנסת ""שלום על ישראל"" ביריחו. מקום קדוש, תהיה שם שליטת האוטונומיה, ומי שרוצה - כמו בבית-הכנסת ביריחו. כאשר צעקנו ואמרנו, מה אתם משווים זה לזה - בית-כנסת ביריחו שבאים אליו 20 מבקרים או לומדים שם כמה תלמידים וקבר רחל? זה פשוט בורות, עם-ארצות. לא ידעו מה הוא קבר רחל. זהו. האלופים שישבו במטכ""ל עשו למקום קדוש גזירה שווה, וכך טיפלו בעניין. כאשר צעקנו והשתוללנו כולנו, כל החוגים, כל הרבנים, אמרו: או.קיי., קבר רחל יהיה בשליטה ישראלית. כאשר עדיין המשיך קול הצעקה אמרו: 460 מטר מירושלים, עשרות אלפי איש - מה הם עשרות אלפי איש? עשרות אלפי איש בחודש. אלה הם מאות אלפים. אחרי הכותל המערבי, זה המקום שבאים אליו הכי הרבה, קבר רחל, ובשעות הלילה, ובשעות היום, אמהות - מה חוסר הרגישות הזה? הרי אם לא מפנים יישובים, ולכל יישוב פותחים ציר נפרד, קבר רחל הוא פחות מהתנחלות של 40 משפחות? מנין חוסר הרגישות? 400 מטר מירושלים? אז היום שר החוץ הודיע שהנה מצאו פתרון. זה מלמד אותי, זה מביא אותי למסקנה, ויש לי כמה שאלות. לפני שבועיים לא העליתי על דעתי, שאלה שמנהלים את המשא-ומתן לא רצו שקבר רחל יהיה בשליטה ישראלית. הבנתי, שערפאת לא ויתר, ולכן נכנעו לו. נו, מה קרה? צעקנו כמה צעקות - פתאום כן אפשר לכופף את ערפאת, וערפאת מוכן לקבל שהמקום יהיה בשליטה ישראלית. עכשיו נמצא פתרון של כביש גישה. מה זה מלמד אותנו? זה מלמד אותנו, שקודם כול אין חשיבה. יש איזה תאריך יעד שחייבים להגיע אליו - אני לא קורא ל-25 ביולי תאריך יעד. היעד הוא נובמבר 1996. חלק מהשרים לא היו חכמים מספיק, והם כבר אמרו: אנחנו חייבים להגיע לשנת 1996 עם עובדות בלתי הפיכות. לכן, עם העובדות הללו צריך לעשות כל מה שרוצים. מה משנה קבר רחל פה, ומה זה משנה המקום הזה, מערת-המכפלה, קבר יוסף או מקומות אחרים? או להכניס משטרה פלשתינית לאל-עזריה ולאבו-דיס. נו, מה נשאר אחר כך? אני לא מבין. סיעתנו - אינני מתכחש לכך - אמונה על פסקו של הרב עובדיה יוסף, שאפשר להחזיר שטחים תמורת שלום כאשר יש עניין של פיקוח נפש. אבל כשאתה עושה שלום, כאשר אתה מקבל הסכם שלום עם מצרים, עם סוריה, כאשר אתה מקבל ביטחון. אנחנו נמצאים בהסכם ביניים שלב ב'. בנושא עזה ויריחו נמנענו. בסדר. עכשיו שלב ב'. אתה מכניס בשלב הפלשתיני - ואני לא מכיר את המשחק הזה, עם כל הכבוד, עם שטח C ,B ,A - לא שוטרים, אלא פקחים. יש עכשיו שם חדש. באזור ב' זה לא שוטרים. רבותי, כל מקום שצה""ל יפנה זה למעשה הסדר קבע, זה להחזיר להם. אני בעד ללכת להסדר קבע. אני בעד להגיע לפשרות ולהחזיר חלק מהשטחים ביהודה ושומרון. אני לא בעד שליטה על אוכלוסיות צפופות של ערבים. אבל אם אנחנו הולכים לדבר קשה מאוד, למה שלא נלך לפתרון קבע? מה אנחנו עושים כאן? אני תוהה, לפעמים, איפה החוכמה היהודית, שכולם מהללים ומשבחים אותה. אנחנו עושים ויתורים מפליגים ביותר, מביאים את המשטרה הפלשתינית לגבולות ירושלים, אנחנו נותנים להם - למעשה, נכון, היישובים היהודיים ביהודה ושומרון נשארים, אבל מה זה נשארים כשהמשטרה הפלשתינית נמצאת מסביבם? מה נשאר לנו למשא-ומתן? מה קיבלנו מהם בתמורה? מלחמה בטרור? לצערנו הרב, הנה אנחנו רואים מה שקורה. מה קיבלנו? הסכם שלום? זהו, נגמרה המלחמה, ויש פיוס? הרי בעוד שנה, כשיתחילו את הדיונים על הסדר הקבע, הם יבקשו את ירושלים, הם יבקשו - פליטי 1948, ואני לא יודע מה עוד הם יבקשו. אני קראתי אתמול שהם מבקשים גם שטחים בגולן, והם יבקשו גם את ירושלים המערבית, ואיזה ""נשק"" יישאר לנו אחר כך? מה נשאר לנו למשא-ומתן? מה נגיד להם? שאנחנו נפנה אתכם מיהודה ושומרון? מה נשאר לנו בכלל לתת להם? אז אם כבר הולכים להסדר קבע - ומה שאנחנו עושים זה למעשה הסדר קבע - בואו ננהל את המשא-ומתן על הסדר קבע, בואו ננסה לראות איפה יש אוכלוסיות יהודיות, איפה יש אוכלוסיות ערביות, וננסה לספח אלינו את השטחים של היהודים, וניתן להם את השטחים, נעשה החלפת אוכלוסין, נעבוד כמו שיהודי חכם היה עובד, כמו שבעל עסק היה עובד אם זה היה עסק שלו. אני כבר מסיים. ברשותך, עוד משפט אחד קצר, אני לא נוהג לדבר הרבה. אני קורא בעיתונים, ואני ממש כועס - ואני לא כועס מהר - כשאני שומע פקידים של משרד החוץ, ואני לא רוצה לנקוב בשמות, שאומרים בגאווה, איך הם מנהלים את המשא-ומתן - אני לא מצטט מלה במלה, אבל תאמינו לי שאני מדייק: מה שאנחנו רוצים אנחנו יכולים לעשות עם ערפאת; למעשה אין כאן עניין של משא-ומתן, אנחנו יכולים להכתיב להם, ולערפאת אין ברירה; אנחנו כל הזמן חושבים, שערפאת לא יושפל, ושגם תהיה לו תמיכה ציבורית. זו מחשבה טובה. באמת אסור להשפיל את היריב, כיוון שאחר כך אין לך עם מי לעשות הסכם. אולי תחשבו גם מה העם שלנו רוצה? אולי תנסו, פקידי משרד החוץ הללו, להבין גם מה העם שלנו רוצה? אני מסיים במשפט אחד. הגענו, לדעתי, לשלב - גם הרגישות הפוליטית של שנה לפני בחירות, גם ממשלה עם רוב מצומצם מאוד, גם הליכה להסדר קבע שהוא חד-סטרי ולא דו-סטרי - אנחנו לא מקבלים הסכם שלום, גם בגלל כל הפיגועים. אני חושב שאין ברירה. צריך לעצור את התהליך הזה וללכת להכרעת העם ולהסביר לעם: הנה, יש אלטרנטיבה של הסדר קבע, להחזיר חלק מהשטחים, יש פתרון של הסדר ביניים חלק ב'. מי שרוצה, שיציג גם את ה""אף שעל"" שלו. אנחנו לא נתמוך ב""אף שעל"". אבל ללכת ולהכריע בנושא כזה בלי הכרעה לאומית - זה יגרום, לדעתי, לתוהו ובוהו ולקרע בעם; קרע עמוק מאוד. תודה.",3,
63452,1995-10-05,הודעת הממשלה על אישור הסכם ביניים ישראלי-פלשתיני בדבר ההגדה המערבית ורצועת-עזה,"גברתי היושבת-ראש, חברי הכנסת, חבר הכנסת זבולון המר, ברשותך, אני אענה תשובה לחבר הכנסת אלי גולדשמידט. אני גם מסכים לתשובה שנתן בזמנו חבר הכנסת המר. עם ישראל עדיף מארץ-ישראל, אבל עם ישראל ולא עם אחר. אי-אפשר להפריד את הדיונים. הממשלה כפי שהיא מצטיירת היום בפעולותיה, כפי שכל אחד מהשרים עושה משיקוליו הוא, הולכת למחוק גם את עם ישראל. ללכת ולשנות דברים מהותיים ביותר ולגדל פה דור חדש - אולי הוא נקרא ישראלי, אבל הוא מנותק מתרבות ישראל - אז לא נשאר לך לא עם ישראל ולא ארץ-ישראל. עם ישראל, כפי שרוצים לעשות אותו היום - ברור שעדיפה ארץ-ישראל. לכל הפחות שיישאר משהו של ישראל.

יוסי, בלי ציניות. אני מבין את השמחה.

אני חוזר ואומר יוסי, כיוון שההערה שלי היא לא לשר שריד אלא ליוסי.

השר שריד, אני מבין את השמחה. החלום שלכם התגשם. אתם שמחים מאוד להיפטר מגיבנת שהיתה לכם כל השנים. אתם גם שמחים - ואתה, באופן אישי, על שנבואתך התקיימה. אני לא הייתי שמח בימים כאלה להיות נביא. חז""ל כבר אמרו מי נביא. אני ראיתי בתקשורת את השמחה שלך על שהנבואה שלך התגשמה, עם התקווה שלך - בציניות - לעתיד שגם הנבואות האחרות יתגשמו. יש יהודים שכואב להם העניין הזה; לא יהודים שחולמים על ארץ-ישראל השלמה, יהודים שגם מסכימים ללכת להסכם ולשלום, אבל ללכת להסכם בשמחה? מי שקורא - ולא הספקתי לקרוא את כל הספר, רק לקלוט את הרוח של מה שנאמר שם - את ההקדמות ואת ראשית הדברים הללו - בלי לפגוע באיש, אף תגר בבסטה בשוק לא היה מנהל, לדעתי, משא-ומתן בצורה כזו. יש לנו העיתוי הטוב ביותר שיכול להיות. קיבלנו אש""ף ופלשתינים שהיו לא על הרצפה אלא מתחת לרצפה אחרי מלחמת עירק. מעולם לא היה מצב פוליטי נוח כל כך לנהל משא-ומתן עם הפלשתינים כמו שקיבלנו אותם. החלטתם לדבר עם אש""ף. אני לא מדבר על כך כי זה עבר, וחבל לבכות על העבר. יש לכם ערפאת שהלך אתכם ליריחו ולעזה בהסכם אוסלו א', ומבחינתו הוא כבר עבר את הקו, כאילו מבחינת הקיצונים שהוא בגד בהם. אין לו דרך חזרה. אתם הכנסתם לעצמכם לראש, לצערי, שגם לכם אין דרך חזרה. אבל להבדיל מערפאת שאין לו דרך חזרה מבחינה מהותית, אתם הכנסתם לראש שלכם אין דרך חזרה מבחינת תאריך הבחירות של 1996. איזה להט להספיק, אולי חלילה וחס אתם לא תהיו בשלטון. לקבוע עובדות - נניח שזה לגיטימי, אבל תעשו זאת בחוכמה. כבר התחלתם, הכרתם באש""ף, הלכתם להסכם עזה ויריחו תחילה, אבל למה ללכת להסכם אוסלו ב' כשאתם יודעים את כל מה שנעשה בשנה וחצי האחרונה, את כל ההפרות? אתם יודעים שהאדם הזה, ערפאת, ילך אתכם ויקבל גם עם משברים מזרח-תיכוניים; ואנחנו יודעים מה זה במשחק המזרח התיכון עם משברים. אפשר לעשות אותם. אם כבר הלכת לדבר כזה ואתה רוצה להספיק, ריבון העולמים, אתה רוצה, השר שריד, שהעם יאמין לך שכשאתה מופיע ב""שיחת ועידה"" אצל נסים משעל ואתה אומר ברוב הכשרון שלך, עם החיוך על הפנים, והעיניים שלך נוצצות, אתה מבטיח לאהוד ברק שלא נחזור לקווי 1967, כשהסכם אוסלו ב', כשאהוד ברק עוד נמנע - אני לא יודע מה עשו לו בינתיים שהוא החליט להיות חסיד של ההסכם הזה - אבל אתה מבטיח לו, שלא יחזרו לקווי 1967, אתה מבטיח לו שלא תוקם מדינה פלשתינית, אתה מבטיח לו שאלה דברים שעדיין לא חתכתם, עדיין יש מה לקבל בהסכם הקבע, לא נתנו הכול - באותו משפט ובאותו חיוך אתה אומר: אני אישית בעד מדינה פלשתינית, אני אישית בעד חזרה לקווי 1967.

אתה לא אמרת שאתה בעד מדינה פלשתינית?

אצלי זה אותו דבר. כך אני הבנתי. אז אני מוגבל בהבנתי, בסדר? אני הבנתי שאתה, להבדיל ממנו - אבל אתה כאיש ממלכתי, כאיש המרכז, אתה מבטיח שלא נקבעו כאן עובדות. למי אתה רוצה להסביר זאת? לציבור שכואב לו ומאמין שהוא ראה את כל ההפרות במשך השנתיים הללו, וראה איך כל ההבטחות נופלות, אתה רוצה להאמין שעושים הסכם אוסלו ב' ולמעשה יש שם מדינה פלשתינית מוחלטת גם אם לא יקראו לה כך? מה זה בחירות לראיס? מה, זה ביידיש, ראיס? מה זה הראיס? מישהו מיתמם שכל הספר הזה עם כל התקנות שלו זו לא מדינה? אז אני כבר לא מדבר על מדינה, אני כבר לא רוצה להוציא את הדבר הזה מהפה. אתם נותנים מדינה? זה כבר עובדה, מדינה? אבל בוא נעשה הסדר קבע כדי שנדע, לפחות, מה קיבלנו ועל מה ויתרנו; שנדע שכשאתם אומרים ירושלים אז זה באמת ירושלים, כשמדברים על מעלה-אדומים ועל גבעת-זאב ועל גוש-עציון ועל בקעת-הירדן ועל היישובים היהודיים הגדולים בשומרון, שאת זה ישאירו אצלנו. שנדע את הדבר הזה. מי היום יאמין? ואתה רוצה שאחר כך לא ישאלו למה יש קרע בעם, ולמה לא מקבל זאת גם חלק גדול מהעם שתומך בפשרה? הם לא מאמינים שהרכב הממשלה הזאת, אחרי מה שהוא עשה, אחרי ההצהרות ואחרי מה שהוא משדר - כמו שאמר חבר הכנסת המר, השמחה הזאת שהתפטרנו. כשנכנסתי לאולם חבר הכנסת רן כהן אמר לי: אריה, החלום של ארץ-ישראל השלמה נגמר. אמרתי לו: תגיד את זה, אבל תוריד את החיוך מהפנים. מה השמחה הזו? אני כבר מתחיל להרהר, ואני לא רוצה להגיד זאת על יהודים, שגם אם מישהו היה מוצא איזה פטנט - דבר היפותטי - והיה אומר: לקחתי 2 מיליוני ערבים מחברון, מיהודה ושומרון, ולקחתי אותם לממלכה אחרת, גם אז הייתם כועסים, למה קלקלתם לנו את החלום, כאילו חברון, בית-לחם ושכם לא נדבקות לכם עם התרבות שלכם. זה מה שאתם משדרים. ואתם רוצים, שהעם יאמין להסכם אוסלו ב', שזה בסך הכול %27 מהשטח, ושלא הפסדנו את בקעת-הירדן ואת גוש-עציון, וירושלים תישאר, כפי שאמר ראש הממשלה מר רבין, שהיא תישאר עם מעלה-אדומים וגבעת-זאב - לי קשה להאמין. איך אתה רוצה שהציבור האחר שלא מבין בדברים הללו יאמין להבטחה אחרי הבטחה? תהיו אמיצים.

רגע, סליחה, אני רוצה לגמור. חבר הכנסת ביבי, תן לי לגמור עוד משפט אחד. מה עונים על כך? עונים על כך ואומרים: אילו היינו הולכים להסדר קבע הכול היה מתפוצץ. ומה יהיה בעוד שנה? אני לא מצטט אף אחד, אבל אני מכיר את שיחות הסלון. אנחנו נסחב את הסכם אוסלו ב' חמש שנים, לכל אורך הקדנציה הבאה, וערפאת לאט לאט ייכנס ויבין, ואנחנו נמצא שעזה תהיה מדינה פלשתינית, ויהודה ושומרון יהיה משולש של כל האזרחים: ישראלים, פלשתינים או ירדנים. ערפאת לא טיפש, כבר ראינו זאת. אולי הוא נראה טיפש. השרים שלנו נראים חכמים, אך במשא-ומתן זה היה בדיוק הפוך, בלי לפגוע באף אחד. בעוד כמה חודשים יהיו בחירות למועצת האוטונומיה. השר שריד, הרי אתה כבר מנסה להבין מה תהיה מערכת ההסברה שם. המצע של המתונים מבין הפלשתינים יהיה ירושלים בירתנו. הקיצונים מביניהם שירצו להיבחר, בשביל לעבור את הבחירות הללו ידברו על רמלה ועל מקומות אחרים. איך אפשר להעביר דבר זה בעם ולהגיד לעם: תאמינו לנו, אנחנו אמינים, אנחנו נשמור לכם על האינטרסים של ירושלים ושל בקעת-הירדן? מי יאמין לדבר כזה? יהיה משבר? יהיה משבר חודש, יהיה משבר חודשיים.

אני אתן לך תשובה, השר שריד.

לא, לא, סליחה. קודם כול אתן לך תשובה. רק למען הזיכרון - - -

השר שריד, אני אתן לך תשובה. קודם כול, על הסכם אוסלו א' לא הצבענו בעד. נמנענו. דבר שני, מי שמוכן, אבל בצורה אמיתית, שלא לנסות לרמות ולהגיד שהסכם אוסלו ב' הוא הסכם קמפ-דייוויד - שמעתי גם את הדברים הללו, או שזו ועידת מדריד - אין שום קשר בין הסכם אוסלו ב' לבין הסכם אוסלו א'.

מי שאומר שזה אותו דבר, מרמה את כולם. אולי הכותרת נכונה, אבל אין שום הבדל?

זה האוסלו, אולי. מה אתה מדבר? בחייך, איפה ביטול האמנה הפלשתינית? לתת את כפר אכסאל זה נקרא הסכם אוסלו א'?

בית-איכסא, 700 מטר מהכביש? ולהגיד שאנחנו לא קבענו עובדות להסכם הקבע? באמת, השר שריד, חשבתי שתשאל שאלה חכמה יותר. חוץ מזה, אתה יודע מה, כדי שתבוא על סיפוקך, אם טעיתי אז אני אומר לכולם: חטאתי, עוויתי, פשעתי שתמכתי - אם תמכתי - בעניין הזה.

אבל תסתכל בעיניים של כולם, מי שמשווה את הסכם אוסלו ב' לאוסלו א' מרמה את הציבור. הסכם אוסלו ב' הוא למעשה הסדר קבע בלי לקבל שום תמורה מהסדר הקבע הזה. אם היינו מקבלים, אף שאנחנו בחוץ, הייתי התומך הראשון ומצביע בעד ההסכם הזה, אם תביא את ההסדר הזה כהסדר קבע. אבל מה, אתה נותן כמעט את כל מה שיש לנו לתת בלי שקיבלנו עדיין שום דבר, וכשערפאת אומר לך מה הוא יבקש בהסדר הקבע. וכשאתה מנסח שבהסדר הקבע - מה שהעיר חבר הכנסת נסים ולא שמעו אותו, ואת הסעיף הזה ראיתי - למעשה כל יהודה ושומרון, חוץ ממצודות הצלבנים של היישובים היהודיים שייכת לו.

מי שקורא את ההסכם. לעומת זאת, יש סעיפים אחרים שמראים, אבל מי שקורא, מבחינה משפטית זאת המשמעות של דבר זה; ואני לא עורך-דין. יש לי, לצערי, ניסיון אתם. תודה רבה ושנה טובה.",2,
64965,1995-11-22,כינון הממשלה והרכבה,"עד כדי כך לא צריך להגזים.

אתם לא מכירים בכלל שקיים ציבור דתי.

איפה עשיתם את זה כל שלוש השנים? איפה?

שמעון פרס ציטט את הרב קוק, ואתה מצטט את הנסיכה דיאנה.

חבר הכנסת המר, אני אומר לך את האמת מתוך אהבה.

אדוני היושב-ראש, ראש הממשלה בפועל, חברי כנסת נכבדים, אני מרגיש לא נעים שלא הבאתי ניירות. ראיתי שכולם קוראים את הנאום מתוך ניירות. קשה לי לכתוב, אז לא אדבר בצורה כל כך יפה ומסודרת, אבל אגיד דברים היוצאים מתוך לבי. ראשית, אני רוצה להודות לך, שמעון - אני מרשה לעצמי לקרוא לך כך - מר שמעון פרס, על הנאום, על אווירת הפיוס שאתה משרה, גם אתמול במרכז מפלגת העבודה וגם היום כאן, ובכלל בשבועיים האחרונים. הדברים שלך נחרטים בלבנו, ונעים לשמוע אותם. אני מקווה שהדברים האלה גם יתורגמו למעשים. אבל אנחנו נמצאים כאן בכנסת כנציגי מפלגות פוליטיות, ועל הפרק עומדת הצגת הממשלה שאנו צריכים להביע עמדה לגביה, אם לתמוך או לא לתמוך בה. צריך להסביר למה נכנסים או לא נכנסים לממשלה, וזאת אנסה לעשות בדקות הקרובות. בנושא המדיני כבר אמרנו את דעתנו לממשלה הקודמת, למה אנחנו לא יכולים להיות שותפים בממשלה, ואני לא רואה בהרכב הנוכחי או במדיניות של הממשלה שינוי המצריך שש""ס תיכנס לממשלה הזו. נוצר מצב, בעקבות הרצח הנוראי של ראש הממשלה המנוח, שקרה משהו בעם; אולי לא אצל כל הפוליטיקאים, אולי לא אצל חלק גדול מהפוליטיקאים - אבל אצל העם קרה שינוי שאיש לא יכול להתעלם ממנו: עם ישראל התעורר והתחיל לקחת את עצמו בידיים. הוא הבין שקרה לו משהו, ובמסגרת ההתעוררות הזו, במסגרת הרצון הזה, אנחנו מנסים - ניסינו בשבועיים האחרונים, ואני מקווה שנמשיך גם הלאה - לתרגם את הרצון הזה של העם ואת ההתעוררות הזו של העם אולי לפוליטיקה אחרת. אולי להשרות בשנה הקרובה הזו אווירה של יותר פיוס, של אחדות, של עמידה על הדעות - איש לא יוותר על דעותיו - אבל ניסיון לראות את המכנה המשותף. ובמסגרת זו אני מנסה לראות מה אפשר ומה אי-אפשר. כאשר אני רואה את הנושא המדיני ומה שעומד על הפרק בשנה או בפחות משנה שיש לממשלה הזו לכהן - בצדק אמרת, אדוני ראש הממשלה, אתמול, שיש השלמה, מרצון או שלא מרצון, עם מה שנעשה עד היום, ואני חושב שזה הישג גדול עבורכם. כולם מבינים שאת הנעשה אי-אפשר להשיב, ומתחילים לחשוב בחשיבה של מכאן והלאה, ולא על מה שהיה לפני שנה-שנתיים. הסכם אוסלו מתבצע, למעשה, על-פי מה שחתמה ממשלת ישראל. אני מעריך - ואיני מחכה לתגובה - שפריסת צה""ל מחדש או נתינת השטח לפלשתינים, %27 מהשטח, זה מה שיהיה עד הבחירות. אני מעריך שלא יהיה מעבר לכך, כך שאיני רואה בעיה או דבר שצריך להתמודד אתו בצד הפלשתיני. אני רוצה לעמוד על שני תנאים: דבר ראשון - אני שמח ששמעתי זאת גם ממך, ואני מקווה שיעמדו על כך פעם אחת ולתמיד, גם למען כבודה של מדינת ישראל וכבודו של עם ישראל - הוא ביטול האמנה הפלשתינית בצורה אולטימטיבית. בלי משחקים של חוקה חדשה. פתאום ערפאת מחוקק חוקה, הוא מתחרה עם מרצ על חוקה, הוא רוצה לחוקק חוקה כמו בארצות-הברית, ובמסגרת החוקה לעקוף את האמנה הפלשתינית. זה לא נושא שאפשר לשחק בו בהסכמים קואליציוניים או בנוסחאות. יש סעיפים באמנה הפלשתינית הקוראים להשמיד את מדינת ישראל. אותם צריך למחוק, אם אכן כנים דבריו על שלום. אנחנו לא מקבלים שום תירוץ של העדר קוורום או דבר אחר. בכך ייבחן ערפאת. אני חושב, מר פרס, שאתה חייב לעמוד על הנושא הזה: שמייד לאחר הבחירות, כפי שהתחייב, הוא יבטל את האמנה הפלשתינית; לא לאיים שאם לא יעשה זאת לא נמשיך את הפריסה המחודשת ביולי או לאחר הבחירות, אלא לא לבצע את המשך הפריסה בערים הגדולות. זה צריך להיות תנאי אולטימטיבי. אני חושב שזה רצונו של רוב-רובו של העם, אם לא של כל העם. אולי אזרחים מסוימים אינם רוצים בכך. השתייכות פוליטית אינה משנה בעניין זה. הדבר השני, שגם הזכרת אותו בנאומך, הוא באמת הידברות אמיתית - הידברות אמיתית, שלצערי לא היתה בשנים האחרונות - ולא להלביש סטיגמות על מתיישבים שגרים באזור יהודה ושומרון, ומדובר בציבור גדול. לפי דעתי, רוב-רובם מבינים, שחייהם משתנים. רוב-רובם מבינים, שהחיים יהיו קשים יותר, והם משלימים עם כך. אבל לא להלביש עליהם סטיגמות ולא לייבש אותם. לא נעים לומר את המשפט הזה, אבל זה הפך למדיניות כמעט. אין שום צורך - אם אנו באמת חושבים שפתרון הקבע, שרוב ההתיישבות ביהודה ושומרון תישאר ויהיו גושים קטנים, אז, ריבון העולמים, צריך להסיק מסקנות כבר מחר בבוקר ולראות. אני לא מדבר על ההתנחלויות הקטנות של 20, 30 ו-40 משפחות, שלהן צריך לתת את הביטחון ואת התנאים השוטפים. אבל אם רוב ההתיישבות ביהודה ושומרון, בגוש-עציון, באפרת ובשומרון היא התיישבות שתישאר אצלנו בכל מצב, גם בהסדר הקבע, מדוע לא לטפח את ההתיישבות הזו? מדוע לא לתת היתרי בנייה היכן שצריך לבנות? כבר אין לנו ויכוח על כך אתם. מדוע אנו צריכים מראש, למעשה, כבר לשדר לפלשתינים - במדיניות הייבוש שנקטנו עד היום אנו מודים, למעשה, שגם זה נתון למשא-ומתן, או אנו שומרים על סטטוס-קוו בעניין הזה. אני מקווה, והבנתי ממה שנאמר וממה שלא נאמר בדבריך, שאכן תפעלו בכיוון הזה.

רגע. אני אגיע, חבר הכנסת חנן פורת. תאמין לי שגם - - -

לגבי הנושא הסורי, אני חושב - ואני יודע את דעתך בנושא הסורי, אדוני ראש הממשלה - שצריך לחזור על ההתחייבות של ראש הממשלה המנוח. זו לא היתה רק התחייבות פוליטית במסגרת של ש""ס והמערך. הוא חזר עליה גם לאחר שש""ס יצאה מהממשלה. אני חושב שכל העם יודע על ההתחייבות הזו. צריך לחזור ולומר היום, ערב הקמת הממשלה, שהנושא הסורי יבוא להכרעת העם.

או על-ידי משאל עם או על-ידי בחירות. אני חושב שזה המאחד. לא שבזה אנו מסכימים לדעות כמה צריך לוותר, אבל לכל הפחות זה המכנה המשותף שאפשר לקבל אותו. אני עובר לנושא שמעניין אותנו מאוד. דיברנו על ארץ-ישראל ושלמות העם. אדוני ראש הממשלה, אתמול שמחתי מאוד, בפגישה שהיתה לנו, המפלגות הדתיות, שהתאחדו בנושא הזה. אני חושב שהסכנה הזאת גדולה יותר מהסכנה לארץ-ישראל. אולי אני חלוק כאן עם חלק מהחברים. לטעמי ולטעם הרבנים שלהם אנו שומעים, הסכנה לשלמות העם על-ידי כניסת הרפורמים והקונסרבטיבים למדינת ישראל היא סכנה של פילוג בעם, של הרס בעם. כל מי שייקח את הנתונים ויראה מה קורה בארצות העולם עם כניסתם של הרפורמים - אז אולי זה יפה, ואולי יהודים מסתכלים ורואים שבאים לבתי-כנסת עם רבניות וכל הדברים, קצת מסורת. מדוע לא? קצת יידישקייט. רבותי, את הנתונים אסור לשכוח. %70-%80 של התבוללות בעם - זה קרה רק בגלל התנועה הרפורמית ולא בגלל משהו אחר. הגיורים הפיקטיביים - אפשר לקבל אותם היום דרך טלפון וגם דרך הפלאפון. תעשייה של גיורים. זה יהרוס את עם ישראל. שמעתי את נציג מרצ, חבר הכנסת פורז. מה אני אעשה? צר לי שיהודי מדבר בצורה כזו. להם אין באמת בעיה. הוא אמר: אני רוצה מדינה. הפרדת דת ומדינה. אני בכלל לא רוצה מדינה יהודית. אני רוצה מדינת ישראל עם תרבות ישראלית. כאילו שלישראל יש איזו זכות קיום בלי העם היהודי, בלי תורת ישראל ובלי מסורת ישראל. אני יודע, ואמר לי חבר הכנסת נסים זוילי, שאם נביא למרכז מפלגת העבודה הצעה של גיור כהלכה או גיור רפורמי, רוב מוחלט של מרכז מפלגת העבודה, בלי קשר למפלגות דתיות, יכריע בעד גיור כהלכה, כמו שהיה בחוק הבשר, שהמערך נלחם עליו בגלל האינטרסים שלו, בגלל האינטרסים של מדינת ישראל. אני חושב, שהנושא הזה של הגיור, מה שבית-המשפט העליון פסק והעביר לפתחה של הכנסת הוא סכנה אמיתית יותר מכל הסכנות שעולות כאן על הפרק. זה הנושא, וצריכים לתקן אותו מייד, ויפה שעה אחת קודם. כנ""ל לגבי כניסת הרפורמים לבתי-ספר יהודיים. להכניס תוכניות - חסרות לנו תוכניות לימודים ליהדות? חסרים רבנים? חסרים מרצים יהודים באוניברסיטאות שיכניסו תוכניות לימודים? אנו צריכים ללכת לגלות ממיעוט שבמיעוט. כמה בתי-כנסת של רפורמים יש בארץ? כמה קהילות יש? זה אפילו לא פרומיל מהעם. ללכת לבקש מהם תוכניות לימודים ולהכניס אותם לבתי-ספר - להכניס להם כבר את כל התורה, להכניס להם כבר מראש את כל הרפורמה הזו בראש. אדוני ראש הממשלה, אנחנו הבענו את רצוננו, וגם היום אנו אומרים - רק שהיום אני פחות אופטימי ויותר פסימי בעניין מכפי שהייתי אתמול - שאנו מוכנים, במסגרת הפיוס ובמסגרת האחדות שאתה כל כך רוצה בה, להגיע להסכמה שלא להיות אופוזיציה לוחמת, להגיע להסכמה על הימנעות, להגיע להסכמה על תמיכה פסיבית, אם אכן הדברים הללו, שאנו חרדים להם מאוד, של שלמות העם ושל הסטטוס-קוו כפי שהיה נהוג בשנת 1992, יקוימו. אני יודע שמצדכם יש רצון. לצערי, מר פרס, אולי בלי כוונה, קשרתם את ידיכם, ואני לא רואה איך אפשר לעשות זאת. מי ששמע אתמול את הדברים של מרצ בתקשורת - איזו שנאה. אינני יודע מנין. איך יכול להיות שמיעוט קטן כזה בעם יכתיב למפלגת השלטון ויאמר לה: לא המפד""ל מצד אחד, ולא החרדים מצד שני. אנחנו רוצים שתמשיכו להיות קשורים בטבורנו. אנו נמשיך להכתיב לכם. אתה אמרת דברים. אני אומר לך, מר פרס, ואני מקווה שעל דעת כל המפלגות הדתיות, כיון שדיברנו הרבה: יש רצון לשתף פעולה. יש רצון לפתוח ולנסות לנהל במקסימום המכנה המשותף האפשרי. יש לך גם אלטרנטיבה פוליטית אחרת. אל תיכנסו רק לקונצפציה של מרצ ומערך ותמיכה של המפלגות הערביות. בכנסת הזו יש לך אפשרות לעשות צעד שיאחד באמת חלקים גדולים מן העם. אני בטוח, שיש לך שאיפות לא להקים ממשלה רק ל-11 חודש אלא גם לארבע השנים הבאות. אני אומר לך, אדוני ראש הממשלה: הצעד הזה שתנקוט יוביל אותך לדרך שבה אתה רוצה למלא את משאלותיך גם בשנים הקרובות. תמשיכו בדרך הזו ללכת עם מרצ ולדחות את כל החלקים האחרים בעם - אני אומר לך, כהערכה שלי, אני הקטן, ואני לא מומחה גדול, שהדרך הזו תוביל אתכם לא לשלטון אלא לאופוזיציה, גם עם כל המעשים הטובים שתעשו. תודה רבה.",9,
65023,1995-11-22,"דברי הכנסת: הישיבה השלוש-מאות-ושמונים-ושמונה של הכנסת השלוש-עשרה: יום רביעי, כ""ט בחשוון התשנ""ו (22 בנובמבר 1995): ירושלים, הכנסת, שעה 11:04: כינון הממשלה והרכבה","עד כדי כך לא צריך להגזים.

אתם לא מכירים בכלל שקיים ציבור דתי.

איפה עשיתם את זה כל שלוש השנים? איפה?

שמעון פרס ציטט את הרב קוק, ואתה מצטט את הנסיכה דיאנה.

חבר הכנסת המר, אני אומר לך את האמת מתוך אהבה.

אדוני היושב-ראש, ראש הממשלה בפועל, חברי כנסת נכבדים, אני מרגיש לא נעים שלא הבאתי ניירות. ראיתי שכולם קוראים את הנאום מתוך ניירות. קשה לי לכתוב, אז לא אדבר בצורה כל כך יפה ומסודרת, אבל אגיד דברים היוצאים מתוך לבי. ראשית, אני רוצה להודות לך, שמעון – אני מרשה לעצמי לקרוא לך כך – מר שמעון פרס, על הנאום, על אווירת הפיוס שאתה משרה, גם אתמול במרכז מפלגת העבודה וגם היום כאן, ובכלל בשבועיים האחרונים. הדברים שלך נחרטים בלבנו, ונעים לשמוע אותם. אני מקווה שהדברים האלה גם יתורגמו למעשים. אבל אנחנו נמצאים כאן בכנסת כנציגי מפלגות פוליטיות, ועל הפרק עומדת הצגת הממשלה שאנו צריכים להביע עמדה לגביה, אם לתמוך או לא לתמוך בה. צריך להסביר למה נכנסים או לא נכנסים לממשלה, וזאת אנסה לעשות בדקות הקרובות. בנושא המדיני כבר אמרנו את דעתנו לממשלה הקודמת, למה אנחנו לא יכולים להיות שותפים בממשלה, ואני לא רואה בהרכב הנוכחי או במדיניות של הממשלה שינוי המצריך שש""ס תיכנס לממשלה הזו. נוצר מצב, בעקבות הרצח הנוראי של ראש הממשלה המנוח, שקרה משהו בעם; אולי לא אצל כל הפוליטיקאים, אולי לא אצל חלק גדול מהפוליטיקאים – אבל אצל העם קרה שינוי שאיש לא יכול להתעלם ממנו: עם ישראל התעורר והתחיל לקחת את עצמו בידיים. הוא הבין שקרה לו משהו, ובמסגרת ההתעוררות הזו, במסגרת הרצון הזה, אנחנו מנסים – ניסינו בשבועיים האחרונים, ואני מקווה שנמשיך גם הלאה – לתרגם את הרצון הזה של העם ואת ההתעוררות הזו של העם אולי לפוליטיקה אחרת. אולי להשרות בשנה הקרובה הזו אווירה של יותר פיוס, של אחדות, של עמידה על הדעות – איש לא יוותר על דעותיו – אבל ניסיון לראות את המכנה המשותף. ובמסגרת זו אני מנסה לראות מה אפשר ומה אי-אפשר. כאשר אני רואה את הנושא המדיני ומה שעומד על הפרק בשנה או בפחות משנה שיש לממשלה הזו לכהן – בצדק אמרת, אדוני ראש הממשלה, אתמול, שיש השלמה, מרצון או שלא מרצון, עם מה שנעשה עד היום, ואני חושב שזה הישג גדול עבורכם. כולם מבינים שאת הנעשה אי-אפשר להשיב, ומתחילים לחשוב בחשיבה של מכאן והלאה, ולא על מה שהיה לפני שנה-שנתיים. הסכם אוסלו מתבצע, למעשה, על-פי מה שחתמה ממשלת ישראל. אני מעריך – ואיני מחכה לתגובה – שפריסת צה""ל מחדש או נתינת השטח לפלשתינים, 27% מהשטח, זה מה שיהיה עד הבחירות. אני מעריך שלא יהיה מעבר לכך, כך שאיני רואה בעיה או דבר שצריך להתמודד אתו בצד הפלשתיני. אני רוצה לעמוד על שני תנאים: דבר ראשון – אני שמח ששמעתי זאת גם ממך, ואני מקווה שיעמדו על כך פעם אחת ולתמיד, גם למען כבודה של מדינת ישראל וכבודו של עם ישראל – הוא ביטול האמנה הפלשתינית בצורה אולטימטיבית. בלי משחקים של חוקה חדשה. פתאום ערפאת מחוקק חוקה, הוא מתחרה עם מרצ על חוקה, הוא רוצה לחוקק חוקה כמו בארצות-הברית, ובמסגרת החוקה לעקוף את האמנה הפלשתינית. זה לא נושא שאפשר לשחק בו בהסכמים קואליציוניים או בנוסחאות. יש סעיפים באמנה הפלשתינית הקוראים להשמיד את מדינת ישראל. אותם צריך למחוק, אם אכן כנים דבריו על שלום. אנחנו לא מקבלים שום תירוץ של העדר קוורום או דבר אחר. בכך ייבחן ערפאת. אני חושב, מר פרס, שאתה חייב לעמוד על הנושא הזה: שמייד לאחר הבחירות, כפי שהתחייב, הוא יבטל את האמנה הפלשתינית; לא לאיים שאם לא יעשה זאת לא נמשיך את הפריסה המחודשת ביולי או לאחר הבחירות, אלא לא לבצע את המשך הפריסה בערים הגדולות. זה צריך להיות תנאי אולטימטיבי. אני חושב שזה רצונו של רוב-רובו של העם, אם לא של כל העם. אולי אזרחים מסוימים אינם רוצים בכך. השתייכות פוליטית אינה משנה בעניין זה. הדבר השני, שגם הזכרת אותו בנאומך, הוא באמת הידברות אמיתית – הידברות אמיתית, שלצערי לא היתה בשנים האחרונות – ולא להלביש סטיגמות על מתיישבים שגרים באזור יהודה ושומרון, ומדובר בציבור גדול. לפי דעתי, רוב-רובם מבינים, שחייהם משתנים. רוב-רובם מבינים, שהחיים יהיו קשים יותר, והם משלימים עם כך. אבל לא להלביש עליהם סטיגמות ולא לייבש אותם. לא נעים לומר את המשפט הזה, אבל זה הפך למדיניות כמעט. אין שום צורך – אם אנו באמת חושבים שפתרון הקבע, שרוב ההתיישבות ביהודה ושומרון תישאר ויהיו גושים קטנים, אז, ריבון העולמים, צריך להסיק מסקנות כבר מחר בבוקר ולראות. אני לא מדבר על ההתנחלויות הקטנות של 20, 30 ו-40 משפחות, שלהן צריך לתת את הביטחון ואת התנאים השוטפים. אבל אם רוב ההתיישבות ביהודה ושומרון, בגוש-עציון, באפרת ובשומרון היא התיישבות שתישאר אצלנו בכל מצב, גם בהסדר הקבע, מדוע לא לטפח את ההתיישבות הזו? מדוע לא לתת היתרי בנייה היכן שצריך לבנות? כבר אין לנו ויכוח על כך אתם. מדוע אנו צריכים מראש, למעשה, כבר לשדר לפלשתינים – במדיניות הייבוש שנקטנו עד היום אנו מודים, למעשה, שגם זה נתון למשא-ומתן, או אנו שומרים על סטטוס-קוו בעניין הזה. אני מקווה, והבנתי ממה שנאמר וממה שלא נאמר בדבריך, שאכן תפעלו בכיוון הזה.

רגע. אני אגיע, חבר הכנסת חנן פורת. תאמין לי שגם – – –

לגבי הנושא הסורי, אני חושב – ואני יודע את דעתך בנושא הסורי, אדוני ראש הממשלה – שצריך לחזור על ההתחייבות של ראש הממשלה המנוח. זו לא היתה רק התחייבות פוליטית במסגרת של ש""ס והמערך. הוא חזר עליה גם לאחר שש""ס יצאה מהממשלה. אני חושב שכל העם יודע על ההתחייבות הזו. צריך לחזור ולומר היום, ערב הקמת הממשלה, שהנושא הסורי יבוא להכרעת העם.

או על-ידי משאל עם או על-ידי בחירות. אני חושב שזה המאחד. לא שבזה אנו מסכימים לדעות כמה צריך לוותר, אבל לכל הפחות זה המכנה המשותף שאפשר לקבל אותו. אני עובר לנושא שמעניין אותנו מאוד. דיברנו על ארץ-ישראל ושלמות העם. אדוני ראש הממשלה, אתמול שמחתי מאוד, בפגישה שהיתה לנו, המפלגות הדתיות, שהתאחדו בנושא הזה. אני חושב שהסכנה הזאת גדולה יותר מהסכנה לארץ-ישראל. אולי אני חלוק כאן עם חלק מהחברים. לטעמי ולטעם הרבנים שלהם אנו שומעים, הסכנה לשלמות העם על-ידי כניסת הרפורמים והקונסרבטיבים למדינת ישראל היא סכנה של פילוג בעם, של הרס בעם. כל מי שייקח את הנתונים ויראה מה קורה בארצות העולם עם כניסתם של הרפורמים – אז אולי זה יפה, ואולי יהודים מסתכלים ורואים שבאים לבתי-כנסת עם רבניות וכל הדברים, קצת מסורת. מדוע לא? קצת יידישקייט. רבותי, את הנתונים אסור לשכוח. 70%–80% של התבוללות בעם – זה קרה רק בגלל התנועה הרפורמית ולא בגלל משהו אחר. הגיורים הפיקטיביים – אפשר לקבל אותם היום דרך טלפון וגם דרך הפלאפון. תעשייה של גיורים. זה יהרוס את עם ישראל. שמעתי את נציג מרצ, חבר הכנסת פורז. מה אני אעשה? צר לי שיהודי מדבר בצורה כזו. להם אין באמת בעיה. הוא אמר: אני רוצה מדינה. הפרדת דת ומדינה. אני בכלל לא רוצה מדינה יהודית. אני רוצה מדינת ישראל עם תרבות ישראלית. כאילו שלישראל יש איזו זכות קיום בלי העם היהודי, בלי תורת ישראל ובלי מסורת ישראל. אני יודע, ואמר לי חבר הכנסת נסים זוילי, שאם נביא למרכז מפלגת העבודה הצעה של גיור כהלכה או גיור רפורמי, רוב מוחלט של מרכז מפלגת העבודה, בלי קשר למפלגות דתיות, יכריע בעד גיור כהלכה, כמו שהיה בחוק הבשר, שהמערך נלחם עליו בגלל האינטרסים שלו, בגלל האינטרסים של מדינת ישראל. אני חושב, שהנושא הזה של הגיור, מה שבית-המשפט העליון פסק והעביר לפתחה של הכנסת הוא סכנה אמיתית יותר מכל הסכנות שעולות כאן על הפרק. זה הנושא, וצריכים לתקן אותו מייד, ויפה שעה אחת קודם. כנ""ל לגבי כניסת הרפורמים לבתי-ספר יהודיים. להכניס תוכניות – חסרות לנו תוכניות לימודים ליהדות? חסרים רבנים? חסרים מרצים יהודים באוניברסיטאות שיכניסו תוכניות לימודים? אנו צריכים ללכת לגלות ממיעוט שבמיעוט. כמה בתי-כנסת של רפורמים יש בארץ? כמה קהילות יש? זה אפילו לא פרומיל מהעם. ללכת לבקש מהם תוכניות לימודים ולהכניס אותם לבתי-ספר – להכניס להם כבר את כל התורה, להכניס להם כבר מראש את כל הרפורמה הזו בראש. אדוני ראש הממשלה, אנחנו הבענו את רצוננו, וגם היום אנו אומרים – רק שהיום אני פחות אופטימי ויותר פסימי בעניין מכפי שהייתי אתמול – שאנו מוכנים, במסגרת הפיוס ובמסגרת האחדות שאתה כל כך רוצה בה, להגיע להסכמה שלא להיות אופוזיציה לוחמת, להגיע להסכמה על הימנעות, להגיע להסכמה על תמיכה פסיבית, אם אכן הדברים הללו, שאנו חרדים להם מאוד, של שלמות העם ושל הסטטוס-קוו כפי שהיה נהוג בשנת 1992, יקוימו. אני יודע שמצדכם יש רצון. לצערי, מר פרס, אולי בלי כוונה, קשרתם את ידיכם, ואני לא רואה איך אפשר לעשות זאת. מי ששמע אתמול את הדברים של מרצ בתקשורת – איזו שנאה. אינני יודע מנין. איך יכול להיות שמיעוט קטן כזה בעם יכתיב למפלגת השלטון ויאמר לה: לא המפד""ל מצד אחד, ולא החרדים מצד שני. אנחנו רוצים שתמשיכו להיות קשורים בטבורנו. אנו נמשיך להכתיב לכם. אתה אמרת דברים. אני אומר לך, מר פרס, ואני מקווה שעל דעת כל המפלגות הדתיות, כיון שדיברנו הרבה: יש רצון לשתף פעולה. יש רצון לפתוח ולנסות לנהל במקסימום המכנה המשותף האפשרי. יש לך גם אלטרנטיבה פוליטית אחרת. אל תיכנסו רק לקונצפציה של מרצ ומערך ותמיכה של המפלגות הערביות. בכנסת הזו יש לך אפשרות לעשות צעד שיאחד באמת חלקים גדולים מן העם. אני בטוח, שיש לך שאיפות לא להקים ממשלה רק ל-11 חודש אלא גם לארבע השנים הבאות. אני אומר לך, אדוני ראש הממשלה: הצעד הזה שתנקוט יוביל אותך לדרך שבה אתה רוצה למלא את משאלותיך גם בשנים הקרובות. תמשיכו בדרך הזו ללכת עם מרצ ולדחות את כל החלקים האחרים בעם – אני אומר לך, כהערכה שלי, אני הקטן, ואני לא מומחה גדול, שהדרך הזו תוביל אתכם לא לשלטון אלא לאופוזיציה, גם עם כל המעשים הטובים שתעשו. תודה רבה.",9,
81964,1997-01-16,הודעת ראש הממשלה על ההסכמים עם הפלשתינים,"אדוני היושב-ראש, חברי הכנסת, אני מבין שבמפלגת העבודה יש היום תחרות, מי ינאם את הנאום הכי יפה. לא אשתתף בתחרות הזאת.

מי הכי שמח. תחרות של לחיצות ידיים. אדוני היושב-ראש, חברי הכנסת, כשהגיע הסכם אוסלו א' לממשלה ולכנסת, סיעת ש""ס על-פי הוראת מורנו ומתווה דרכנו, הרב עובדיה יוסף, נמנעה. הסברתי אז את ההימנעות מעל דוכן הכנסת: מצד אחד יש לנו פסק הלכה של הרב עובדיה יוסף, שפיקוח נפש דוחה את כל התורה כולה, ובשביל שלום צריך לעשות ויתורים ואפילו ויתורים כואבים. מצד שני, השלום הוא לא אידיאל, הוא לא ייסורי מצפון או נקיפות מצפון על עם שאיבד את ארצו או על יחסי כובש ונכבש, אלא העיקר שעומד מולנו הוא עקרון ארץ-ישראל הקדושה. ואין לנו ספק בזכותנו ההיסטורית על כל ארץ-ישראל, על כל גרגיר אדמה בה, קל וחומר כאשר מדובר בחברון. מול העיקרון של דם וקדושת האדם פסק הרב עובדיה יוסף, שקדושת האדם עדיפה מקדושת האדמה. כאשר הגיע הסכם אוסלו בפעם הראשונה לממשלה ולכנסת, הוא הביא מצד אחד תקווה שסוף סוף תתקיים במדינה ובארץ הזאת העובדה שיושבים יהודים ולא יהודים במקום אחד. אין שום אפשרות לקחת מיליון וחצי או 2 מיליוני תושבים לא יהודים, ופשוט להתעלם מכך שהם קיימים כאן. יש פתרון של טרנספר. איני רוצה להתווכח עליו, אבל אני רוצה להתווכח על המציאות שכרוכה בו. זהו אולי חלום של חזון אחרית הימים, אך לא חזון שאפשר לפתור אותו היום. כאשר זו המציאות העומדת מולנו, הסכם אוסלו נתן תקווה שסוף סוף אולי יניחו את הטרור ואת החרב, ונתחיל לחיות בשלום, איש באמונתו ואיש במקומו. מצד שני, חששנו מאוד מהסדרי הביטחון, ובעיקר מכל מה שנוגע לביטחון המתיישבים ביהודה, שומרון וחבל עזה. איך זה יסתדר? האם אפשר לסמוך על ארגון שעד לפני זמן מה היה ארגון טרור? האם יש לו הכוח לשלוט על אנשיו? איך אפשר לחיות במקום כל כך קטן זה ליד זה? לכן נמנענו, כדי להביע את חששנו, כאשר הסדרי הביטחון הם הקובעים את המשך התהליך. עברו מאז שנים לא רבות, הגיע הסכם אוסלו ב' לכנסת, והצבענו נגד. הצבענו נגד בעיקר כיוון שהתחושה שלנו היתה, שהממשלה הקודמת, או לכל הפחות חלקים מן הממשלה הקודמת, נמצאו בריצה לקראת התהליך. היתה תחושה שאין שום התחשבות במתיישבים ביהודה, שומרון וחבל עזה. המלה ""ייבוש"" לא באה מהאוויר, זו ציטטה מדברי חלק מהאנשים בקואליציה הקודמת. ""ייבוש"" המתיישבים. אני יודע שאלה לא כל מרכיבי הקואליציה, אני יודע שזו לא היתה עמדת השרים בממשלה.

לא אתחרה עם סיעת מרצ בחרוזים ולא בעברית רהוטה. אני מודה ומתוודה שבזה אתם טובים ממני. אני אומר את מה שאני חושב ואת מה שאני מאמין בו, כמו שזכותכם לומר את מה שאתם מאמינים בו. זהו יום היסטורי, לטוב או לרע. זהו יום שבו נפל דבר בעם ישראל. עם ישראל צופה ושומע, ואני חושב שקריאות ביניים בעת נאום ראש הממשלה לא היו מן החוכמה הגדולה, בעיקר לאחר שהחלטתם לתמוך בהסכם. אני לא חושב שצריך היה להעמיד את ראש הממשלה בוויכוחים כאלה, אבל כל אחד ושיקוליו. אני חושב, שהטעות הגדולה ביותר של הממשלה הקודמת, או של חלקים מן הממשלה הקודמת - אבל הקואליציה המשיכה עד הסוף - היא בתחושה שנתנה למתיישבי יהודה, שומרון וחבל עזה שהם לא רצויים, שגם כאשר מגיעים להסדר שלכאורה על הנייר נותן סידורי ביטחון - עושים זאת כמי שכפאו שד. הנוח ביותר לממשלה הקודמת היה לו קמו המתיישבים ואמרו: אנחנו עוזבים את המקומות הללו, כי אי-אפשר לחיות בהם. אני לא מבין עד היום את ההיגיון בכך שילדים או מורים ביהודה, שומרון וחבל עזה לא יכלו לקבל אותן הטבות שקיימות בעיירות הפיתוח. למה, הם לא בקו העימות? מדובר בתקציב קטן מאוד. אני לא נכנס לוויכוח על אזורי תעשייה באזורי עדיפות; יכול להיות שפה יש שיקולים כלכליים אחרים. אבל אני לא מבין למה ילדים בני שלוש או ארבע, שהאמהות שלהם עובדות ונוסעות מחוץ ליישוב, אינם יכולים לקבל אותם גני-ילדים ומעונות יום. צריך לבטל את האפליה הזאת. מדוע לא נותנים הטבות למורים המלמדים שם? מה הרוויחה הממשלה הקודמת מן העניין הזה? זו התשדורת שעברה אז: הריצה, החיפזון, לגמור כמה שיותר מהר, לחטוף כמה שיותר מהר, כדי לקבוע עובדות בשטח. סכסוכים היסטוריים של 100 שנה לא גומרים ב""זבנג וגמרנו"". חייבים ללכת צעד אחר צעד. היום הוא לא יום שמחה עבורי. כאשר אני רואה כאב של מתיישבים, אני לא יכול לשמוח. אני לא יכול לשמוח כאשר אני רואה שיהודים חרדים למקומם. יש לנו חילוקי דעות - אולי אצל אחרים חברון היא גבנון; בהיסטוריה ובאמונה שלנו, חברון היא עיר האבות. מי שנוסע כל חודש לחברון, מי שיש לו צרה ונוסע להתפלל במערת-המכפלה, לא יכול לשמוח היום ולומר שהיום הוא יום שמחה. נכון שיש היום תקווה שאולי הסכסוך ייגמר, נכון שיש לנו אמונה שאולי לא נשמע יותר על טרור, ונחיה זה ליד זה. זה נכון, אבל מצד שני אי-אפשר לתת תחושה - גם אם אתה מאמין פוליטית בעניין - לאלה שמקריבים וחיים שם בתנאים נוראים, שברוך שפטרנו מעונשו של זה. זאת הבעיה האמיתית ביותר שהיתה עד כה. יש לי טענות והשמעתי את הטענות, על הדרך ועל הצורה של המשא-ומתן, אבל עומדת בפנינו עובדה. יכול להיות שאפשר היה לעשות זאת יותר טוב, יכול להיות שאפשר היה לגמור את זה לפני כמה חודשים, יכול להיות שההסכם הזה לא כולו שיפור גדול. מאוד לא מוצאות חן בעיני המעורבות וההתחייבויות שהאמריקנים הכניסו להסכם. אבל בכל זאת הממשלה הזאת משדרת כלפי התושבים, כלפי המתיישבים, כי עשינו זאת. זאת המציאות, חייבים להתמודד, אנחנו עושים זאת בחרדה ובכאב, אבל גם בתקווה להמשך. אני אומר לחבר הכנסת יוסי ביילין, שלא נמצא כאן: אני לא חושש שזה שוב תרגיל. אני משוכנע שהממשלה שקיבלה את ההחלטה אתמול וראש הממשלה יודעים שהם הולכים בדרך סלולה, בדרך שחייבת להימשך. חברון היא לא פעולה חד-פעמית. נכון שהממשלה הזאת - כך אני משוכנע - תשים יותר לב להדדיות. אני שמח על שראש הממשלה קיבל אתמול את תביעתנו במהלך ישיבת הממשלה, והכניס שני דברים חשובים מאוד: 1. שהממשלה רואה תנאי חשוב בהדדיות. זהו אחד המרכיבים החשובים בהסכם הזה. אם הצד השני לא יקיים את ההתחייבויות שלו, לממשלת ישראל תהיה הזכות גם לשקול את המשך התהליך.

זה מופיע בהחלטת הממשלה מאתמול, שהיא חלק מההסכם.

זמני קצר, זה לא ""פייר"", אני מוכן להסביר לך אחר כך.

חבר הכנסת שריד, בעזרת השם אסביר לך אחר כך מה אני חושב. אני מסכים אתך, חבר הכנסת שריד, שזה לא ברור בהסכם, לכן תבענו ודרשנו אתמול, שבהחלטת הממשלה זה יופיע. תקרא את נוסח החלטת הממשלה ותראה שהממשלה הכניסה לשם דבר שלא מופיע בהסכם.

אדוני היושב-ראש, את העיקר עוד לא אמרתי, ואומר זאת בקצרה. אני חושב שבהחלטת הממשלה אתמול נכנס עוד דבר חשוב, והוא לא כתוב בהסכם, חבר הכנסת שריד, אבל הוא כתוב בהחלטת הממשלה, וזכותה של הממשלה להחליט שלאחר הפעימה הראשונה הממשלה תקיים דיון על הסדר הקבע. גם את זה ביקשנו. אנחנו רוצים לקראת הפעימה השנייה או השלישית לדעת באופן ברור מה הם הגבולות והעקרונות של הסדר הקבע. ופה אני מגיע לנקודה החשובה שאני רוצה לציין. אני חושב שבנושא המדיני לפחות אין היום ימין ואין שמאל. נכון, יש ימין ויש שמאל פוליטי. יש מפלגת העבודה ויש מפלגת הליכוד, שיש להם שיקולים פוליטיים לגיטימיים, וכל אחד רוצה לנהל את המדינה משיקולים פרסונליים יותר מאשר שיקולים אידיאולוגיים. אני גם לא חושב שיש הבדל גדול בין מפלגת העבודה לבין מפלגת הליכוד בנושא דת ומדינה, ואני בכוונה מדגיש - מפלגת העבודה ומפלגת הליכוד. לאחר שראש הממשלה והממשלה הזאת אימצו באופן עקרוני את הסכמי אוסלו, עם הדגשים אלו או אחרים, זה לא משנה, והדרך פחות או יותר סלולה וידועה; אני חושב שהנכס האסטרטגי ביותר שחשוב לנו היום, יותר מכלי הנשק ויותר מהשטחים אפילו, הוא האחדות בתוכנו, כשאנחנו הולכים למשא-ומתן על הדבר החשוב ביותר לנו מול הפלשתינים, על הסדר הקבע - שם מדובר על ירושלים, על גבולות הביטחון שלנו ועל האופי של המדינה שתהיה; כשאנחנו הולכים למשא-ומתן עם סוריה, אני חושב שמול כל הדברים הללו חייבת להיות אחדות בעם הזה, ואני לא רואה שום סיבה, חוץ משיקולים פרסונליים, חוץ מחשבונות פוליטיים של מועמד זה או אחר, לא לנסח היום קווי יסוד מוסכמים וללכת לממשלת אחדות לאומית. אני חושב, שקווי יסוד ברורים, שלא נחזור לגבולות 1967, שירושלים לא תחולק, ולגבי הפלשתינים - קו היסוד השלישי ללכת עם הפלשתינים בהסכם אוסלו, וכשנגיע להסדר קבע נלך למשאל עם, ולחדש מייד את המשא-ומתן עם סוריה וללכת למשאל עם לפתרון הקבע, וסטטוס-קוו בענייני דת ומדינה - אלה קווי יסוד שלגביהם אין היום חילוקי דעות בין שני צדי הבית.

חבר הכנסת חגי מירום, אני לא מנהל אתך משא-ומתן עכשיו. אני חושב שהזכות והסמכות בידי ראש הממשלה, והוא צריך לעשות את הדבר. אני חושב שהיום העם מצפה לכך מאתנו, מכל חברי הבית, ללא שיקולים פוליטיים, ללא שיקולים פרסונליים. אין שום סיבה שיהיה קרע בעם, והיום הקרע הולך ומצטמצם בגלל ההחלטה שנתקבלה היום. אין שום סיבה שמול היריבים והאויבים שלנו לא נעמוד באחדות מוחלטת וננהל אתם משא-ומתן ונשיג את התוצאות הטובות ביותר לעם ישראל. לכן אני פונה אל ראש הממשלה ואל מנהיגי האופוזיציה: קצת אחריות והתעלות מעל שיקולים אישיים, פרסונליים. לנו, כמפלגה קטנה, אולי עדיפה ממשלה כזאת. אנחנו גם נוותר ואנחנו מוכנים לוותר על כיבודים. אנחנו חושבים שהמשימות העיקריות שעומדות על הפרק בנושא הסדר הקבע והמשא-ומתן עם סוריה הן כורח השעה והן הנכס האסטרטגי, ובזאת ייבחנו מנהיגי העם אם הם רציניים, או שכל הנאומים שהם נושאים כאן על חוזק השלום וחוזק הביטחון הם רק מן השפה ולחוץ, והשיקולים האישיים, השיקולים הפרסונליים גוברים על השיקולים של אחדות העם. תודה רבה.",8,
92868,1997-07-23,הצעות לסדר-היום: המהומות בחברון,"אדוני היושב-ראש, חברי הכנסת, אני הגשתי הצעה דחופה לסדר-היום בנושא המהומות בחברון. הנושא ברור. כל עם ישראל והעולם ראו בטלוויזיה ובכלי התקשורת את מה שקרה שם. כולם ראו גם, שכשערפאת פחד ב-24:00 ממסרים ברורים שהוא קיבל, בתוך כמה שעות הסדר חזר על כנו. היום ברור, שזאת לא התקוממות עממית. אני לא יודע, אם זה נכון או לא, אבל לפי הדיווחים יש להם מלאי של אנשים שמקבלים שכר כדי להשתתף בהפגנות הללו, והם נשלחים באופן מיוחד. אין ספק שהסכם חברון הוא הסכם קשה מאוד. אלה שהצביעו בעדו, ואנחנו הצבענו בעדו, הצבענו בלב כבד מאוד מתוך אמונה שזה יקדם באמת את תהליך השלום, והמודל של דו-קיום בחברון בין יהודים לבין ערבים אולי יצליח. כשאנחנו עומדים לפני הכרעות קשות, ועוד יישובים יהודיים אחרים יעמדו במצב שצה""ל יצטרך לעזוב חלק מהמקומות - - -

אני מוכן, אדוני היושב-ראש, אם אתה מסכים, שחנן פורת יבוא לדבר במקומי.

אני מעריך מאוד את חנן פורת, בעצם את הרב חנן פורת, יהודי תלמיד חכם. אבל יש לו רק בעיה אחת: מי שלא מסכים אתו או מי שיש לו דעה אחרת - הוא לא קיים אצלו. זה לא בסדר, חנן. אתה תלמיד חכם, אני לא תלמיד חכם, אבל תלמידי חכמים שומעים, לכל הפחות, זה את זה.

אתה יודע שאני לא מתייחס עכשיו להערת הביניים שלך, אני מתייחס למשהו אחר. אני מעריך מאוד את אמונתך ואת דבקותך במטרה, וירבו כמותך בישראל. אתה יכול לשכנע, אבל אי-אפשר להכריח את מי שיש לו דעה אחרת לחשוב אחרת. לי יש חששות אחרים. אני רוצה לסיים את המשפט שהתחלתי בו קודם. בנושא הסכם חברון - ואני מדבר בשם סיעת ש""ס שתמכה בו - אם המצב בחברון לא ישתנה, והמהומות הללו יחזרו, אנחנו, לפחות, נצטרך להפיק לקחים לגבי המשך הדרך בתהליך המדיני הזה. ברשותך, אדוני היושב-ראש, אני רוצה להסביר במשפט אחד. ש""ס קיבלה היום החלטה על הצבעה חופשית לגבי החוק של חבר הכנסת יהודה הראל. שישה חברי כנסת מש""ס הצביעו בעד וארבעה נמנעו. אני חושב שש""ס היתה הראשונה אולי שיזמה את הנושא של משאל-עם. אני לא רוצה לומר כפינו, כופין אותו עד שיאמר רוצה אני, שכנענו את ראש הממשלה המנוח, יצחק רבין, להודיע על משאל-עם. אנחנו תומכים במשאל-עם. ביקשנו, וחבר הכנסת חנן פורת היה עד, התחננו לפני יוזמי החוק לדחות זאת לתקופת מה כדי להידבר, כמו שנדברנו בחוק ההמרה. לא היתה שום סיבה בעולם שלא להידבר בעניין. לצערי הרב, שמו אקדח על הרקה ואמרו: תצביעו עכשיו, כן או לא. אני חושב, וזו אמונתי, שהצעת החוק היום היתה מיותרת. זה מעביר מסר שלילי. בעוד זמן מה, בעיתוי אחר, יכול להיות שכן היה אפשר להעביר את החוק הזה. אני לא רואה שום צורך בעולם להביך את הקואליציה כמו שהביכו אותה היום, שהיו סיעות שלא ידעו איך להצביע אף שהן תומכות בחוק הזה, והן התפצלו. ראיתי את הכאב של חברי הכנסת שרצו להצביע אבל העיתוי לא היה נוח להם. אני חושב שזו טעות, ומי שרצה לשרת היום את הגולן, לא היתה לו, לדעתי, מטרה אמיתית בעניין, אולי היו לו כוונות אחרות, כיוון שאם באמת רצו היום לשריין את החוק של משאל-עם, היה אפשר לקיים הידברות רצינית יותר עם גורמי הקואליציה שתומכים בחוק.",6,
96239,1997-11-24,הצעות לסדר-היום ציון מלאות 30 שנה לחידוש ההתיישבות בגוש-עציון,"אדוני היושב-ראש, חברי הכנסת, מתיישבי גוש-עציון היקרים, כל אחד מקודמי הזכיר, בעיקר חבר הכנסת זאבי, ששמעתי אותו בהתרגשות, את הזיכרונות האישיים שלו. דיברו על הגבורה של המתיישבים. אין לי מה להוסיף הרבה, לא זיכרונות מתקופת תש""ח וגם לא ממלחמת ששת הימים, כשעדיין הייתי במרוקו, ולא אוכל להוסיף דבר על הגבורה של אותם קדושים, שאתם יודעים עליה אולי טוב יותר ממני. גם אני רוצה לספר חוויות אישיות, אבל על הגיבורים של היום, על המתיישבים. חוויות אישיות כמי שזכה להתיישב בגוש-עציון כשנתיים, משנת 1981 עד 1983. זכיתי אפילו להיות חבר המועצה האזורית בגוש-עציון, אצל ראש המועצה הנצחי דאז והיום, שילה גל. אני רוצה לספר קצת על החוויות. אני חושב שהחוויות, אומנם בלשון חוויה - אבל הן מלמדות על הגבורה ועל המסירות של האנשים כפי שהכרתי אותם אז. כאברך צעיר שזה לא כבר נישא, כמה חודשים אחרי החתונה, כמי שלמד בישיבת ""חברון"", כמי שההתיישבות בציבור החרדי ובעיקר מעבר ל""קו הירוק"" היתה חדשה בשבילו, לא היה לו עוד ניסיון כזה, הציעו לנו להקים יישוב חדש ולגור במעלה-עמוס, כמה דקות מירושלים. אני זוכר את הפעם הראשונה שביקרנו שם, את שילה, שקיבל את פני המבקרים. מי שיודע איפה מעלה-עמוס במדבר יהודה - עם נוף של הרבה חול והרבה הרים, הרבה רוחות; שם קם היישוב מעלה-עמוס. עשרות משפחות, אמריקנים בעלי תשובה, ישראלים בעלי תשובה, הרב אורי זוהר ואחרים, אנשים שלא התנסו בניסיון הזה מעולם. אני זוכר את השנתיים שהיינו שם. אני חושב שאלה היו השנתיים היפות בימי חיי הקצרים. אני זוכר את קבלת הפנים של השכנים שלנו מכל היישובים. היישובים היו אז חדשים. יישוב אלעזר, שהיה כבר ותיק, אבל יישוב צעיר, אלון-שבות, היישוב הוותיק, הקיבוץ כפר-עציון, אפרת, שהיתה עדיין יישוב קטן, את אווירת העזרה ההדדית, כשהגנרטור הפסיק לפעול באמצע הלילה, מקור החשמל היחיד בחורפים הקרים, וכשראית את ראשי המועצה, שלכל קריאת עזרה קטנה ביותר באים ובעצמם מביאים כלי עבודה ועוזרים לנו להתאקלם במקום, מעודדים אותנו כשאנחנו נשברים. אני חושב שזה היה אזור ייחודי ראשון בארץ, שניסה ברוח הימים הללו של דו-קיום, של פיוס לאומי, לקיים בתוכו יישובים דתיים-לאומיים, רוב היישובים, חילוניים וחרדיים; אבל זה לא היה רק ניסיון, זו היתה הצלחה גדולה. היום, ברוך השם, המקום התרחב, כבר יש עיר חרדית - ביתר - במקום, יש עוד יישוב חרדי, ויש עוד יישובים חילוניים, וכמובן, אפרת הגדולה; אלעזר, שזה כבר מקום גדול וכן הלאה, ההתרחבות גדולה מאוד. קודמי דיברו כל אחד ונימוקיו על הזכות שלנו בארץ-ישראל, וציטטו מהמקורות. אני לא אאריך, אבל אזכיר גם אני דבר אחד קטן. ספר בראשית, שהתחלנו אותו זה לא כבר, הפסוק הראשון ""בראשית ברא אלוקים את השמים ואת הארץ"", אומר רש""י במקום: אמר רבי יצחק, לא היה צריך להתחיל את התורה אלא מ""החודש הזה לכם"", שהיא מצווה ראשונה שנצטוו ישראל, ומה טעם פתח בבראשית? המצווה הראשונה בתורה היא בספר שמות, בפרשת בא - החודש הזה לכם ראש חודשים, קרבו אליכם שה, קורבן פסח. והרי התורה היא ספר המצוות. למה פתח ב""בראשית ברא אלוקים את השמים ואת הארץ""? אומר רש""י, וזה כל כך רלוונטי לחיי היום-יום שלנו: משום כוח מעשיו הגיד לעמו, לתת להם נחלת גויים. שאם יאמרו אומות העולם לישראל: ליסטים אתם, שכבשתם ארצות שבעת גויים, הם אומרים להם: כל הארץ של הקדוש ברוך הוא. הוא בראה ונתנה לאשר ישר בעיניו. ברצונו נתנה להם וברצונו נטלה מהם ונתנה לנו.

כיהודים מאמינים, אנחנו מאמינים באמת ובתמים. אין לנו זכות קיום על הארץ הזאת ללא התורה, ללא התנ""ך, שזה הציווי האלוקי. לא נתמודד עם שום אומה על הזכות שלנו כאן, אלא רק בכוח השורשים שלנו, בכוח המסורת שלנו. גוש-עציון, מבחינתי, החוויה שנשמרת בזיכרוני יותר מכול, היתה לראות מתיישבים ששילבו תורה, עבודה, גמילות חסדים ודרך-ארץ. אנשים צנועים, פשוטים, לא מתבלטים, עושים את עבודתם עבודת קודש, מאמינים במה שהם עושים, חיים בדו-קיום. זה הטעם שהם השאירו לנו בפה, וזה הטעם שנשאר לי, כאיש ציבור צעיר שהתחיל את דרכו בגוש-עציון במועצה האזורית ולמד מהם קצת מה זו עבודת ציבור. זה נשמר אצלי ונשאר לי, ואני מודה להם מאוד. אני רוצה לומר לחברי בבית הזה מימין ומשמאל, ומכל גוני הקשת - זה מיותר, אבל אין מזרזין אלא את המזורזים - בואו כולנו נמשיך לשמור את גוש-עציון בקונסנסוס, בכל מצב. כל מי שמאמין בדרכו של השלום - כולנו תומכים בשלום, אבל בדרכים השונות - גוש-עציון חייב להישמר כחלק חשוב מאוד שלנו בכל מצב, בכל הסכם. גוש-עציון צריך להישאר בריבונותנו, בלי להיכנס לוויכוחים על מקומות אחרים. אנחנו חייבים זאת גם בשביל העבר, בעיקר בשביל העתיד, ולמען האנשים היקרים שנמצאים שם, כדי שיהיו בטוחים. הם אתנו ויהיו אתנו לעולמי עד, בעזרת השם, עד ביאת משיח צדקנו.",10,
114720,1998-10-21,"הצעות לסדר-היום: הפיגועים בבקעה, במושב אורה ובתחנה המרכזית בבאר-שבע","אדוני יושב-ראש הכנסת - - -

היום אתה יושב-ראש. השר לביטחון פנים, חברי הכנסת, איתמר דורון, השם ייקום דמו, זיכרונו לברכה, זכר צדיק לברכה, בחור במיטב שנותיו, צעיר, תוסס, מלא חיים, שלפני שנה גם הלך באמונתו והתקרב ליהדות במסירות נפש במושב שהוא לא דתי, קירב את חבריו ליהדות במאור פנים, בסבר פנים יפות, בחיוך על פניו, בהתלהבות, ובשעת ביצוע המצווה שהוא האמין בה, לטבול במעיין מים חיים - על-פי אמונת ישראל לא לחינם מעיין טבילה עושים במעיין של מים חיים, שנובע ומסמל את ההמשכיות ואת החיים של עם ישראל. ומרצחים, זדים, ארורים, באכזריות נוראה, שני בחורים, אחד פצוע קשה - ואיתמר, השם ייקום דמו, נרצח באכזריות שאי-אפשר לתאר אותה. אין מלים. האבא צבי ובני משפחתו, בן אהוב כזה. אני יודע מקרוב, מהבן-דוד יואב, את כל מה שהמשפחה עשתה בשבילו בשנה האחרונה, למרות הבדלי ההשקפות, שינוי אורח החיים, המשפחה בחום, באהבה, הלכה אתו ביחד, שינתה דפוסי חיים בבית כדי שהוא ירגיש בבית, שהאהבה תהיה ביניהם. ובאמת, הבית שמר על הרמוניה באהבה ובחיבה. אין לי מלים, אין לאף אחד מאתנו מלים שיכולות לנחם. לא לחינם, כשאנחנו מנחמים אנחנו אומרים: מן השמים תנוחמו. המקום ינחם אתכם בתוך שאר אבלי ציון וירושלים. אין מלות נחמה, איך אפשר לנחם אבא שקובר את בנו? לא שהלך בדרך כל הארץ, אפילו לא בתאונת דרכים, אפילו שזה קשה מאוד. לא במחלה, שזה נורא, אלא בשנייה. הרגשת הנקמה, הרגשת הזעם, הרגשת הכעס הנוראי שהבן שלך, שלא הזיק לאף אחד, רק רצה לעזור לאנשים, לא הלך להפריע לאף אחד אלא רצה לטבול על-יד המושב שלו כדי לקיים את מצוותו, לחיות בטהרה, בארץ-ישראל, בעיר שלו, במושב שלו, בבית שלו - ואתה מקבל הודעה ובן-רגע העולם חשך. אין יותר חיים. אין לי מלות נחמה. אבל, עם זאת אני אומר לאבא היקר ולבני המשפחה, שמעתי דברים שנאמרו בתקשורת, שיוחסו בתקשורת: אל נקמות השם. אנחנו מאמינים בני מאמינים שהנקמה נמצאת בידי הקדוש-ברוך-הוא ולא בידינו. אנחנו לא עם של נקמה, זו לא דרך היהדות, זו לא דרך המסורת. אני יודע שיש זעם נוראי, ואני יודע שיש רגש נוראי, אבל העם שלנו הוא עם ייחודי. אנחנו מתפללים. יש לנו שלטון, יש לנו ממשלה יהודית, והממשלה צריכה לעשות. יש אולי טענות, וחבר הכנסת צבי הנדל דיבר קודם, על מה הממשלה צריכה לעמוד במשא-ומתן. אין ספק, דבריו משכנעים, אמיתיים. לא יעלה על הדעת מצב, שרוצחי יהודים, או רוצחים סתם, רוצחי בני-אדם יסתובבו חופשי. לא יעלה על הדעת שאנחנו רואים אותם אחר כך בתפקידים אחרים, לא יעלה על הדעת שאנחנו רואים חוסר התייחסות לדם של הילדים שלנו שנשפך. אי-אפשר להשלים עם מצב כזה. אני לא מנהל את המשא-ומתן, אני לא יכול לתת הוראות או עצות. אני יכול להיות סמוך ובטוח, שראש הממשלה ושר הביטחון והשר לתשתיות פנים, שר החוץ - -

- - שכל אלה יעשו ככל יכולתם. אני לא רוצה לתת להם אולטימטומים או לתת להם הוראות. אני סומך עליהם ואני מתפלל, זה מה שנשאר לי לעשות, שהשם ימלא אותם בעצה ובה לטובת עם ישראל. אני באמת לא יודע מהי הדרך הנכונה כשרואים רציחות כאלה בבאר-שבע, בבקעת-הירדן, במושב אורה ובמקומות נוספים, אני לא רוצה להזכיר את ההיסטוריה. אני שלום מדבר, הם על המלחמה. איפה השלום? על מה אנחנו מוותרים? הרי כולם יודעים את אמונתי. אני נחשב במחנה השלום, לא חזרתי בי. אני באמת בעד השלום ואני מאמין שכל אחד מאתנו, מימין ומשמאל, רוצה את השלום. אנחנו מוכנים ללכת לוויתורים, ושידעו אויבינו ויריבינו שהוויתורים הם נוראיים. ללכת ולוותר על אדמת קודש, שכל ההיסטוריה שלנו בה, בשכם ובחברון, לוותר על ריבונות, לוותר על שלטון זה דבר מאוד קשה בשבילנו, אבל לפחות התקווה היחידה שיש לנו, שאין מה לעשות וצריך לוותר, אבל לחיות בשלום. שנפסיק כבר עם הרציחות הללו, נפסיק עם הדם השפוך הזה. אבל אם את זה אנחנו לא מקבלים, מה נוכל לטעון? מה נוכל לדבר?

לכן, תקוותנו, תפילתנו, שאכן המשלחת של ראשי מדינתנו שנמצאים שם תעשה את הכול. אני חייב לומר, יכול להיות שזו היתה שיחה אישית, אבל זה נושא כל כך חשוב. כשראש הממשלה בא להיפרד מהרב עובדיה יוסף טרם נסיעתו, והוא ידע שהרב עובדיה יוסף בעד קידום תהליך השלום, הוא בא לבקש את ברכתו. הרב בירך אותו, אבל הרב אמר לו דברים שאולי הפתיעו אותו. הוא אמר לו: ראש הממשלה, אתה הולך למצב של לחצים קשים מאוד, אל תיכנע ואל תוותר בשום נושא שקשור לביטחון עם ישראל, המתיישבים ואחרים בתוך תחומי המדינה. בשום אופן שבעולם אל תיכנע, לא ללחץ של נשיא זה ולא של ראש ממשלה אחר. מה שיגידו לך ראשי מערכת הביטחון - ואל תלחץ על ראשי מערכת הביטחון, כי הם צריכים לתת תשובה כנה ואמיתית שהם יכולים לשמור על הביטחון. זה הדבר היחיד שאנחנו יכולים לעשות, להתפלל ולקוות שאכן ההסכם הזה, אם אכן ייחתם, יהיה הסכם שייתן לנו ביטחון, ייתן לנו קצת תקווה של שלום. לסיום, שוב לצבי דורון ולכל בני משפחתו, אנחנו מנחמים לפי המסורת, ובעזרת השם זכרו היקר של איתמר יישמר בלב עם ישראל. אני שומע על יוזמה טובה מאוד של אנשי משרד הדתות, של סגן שר הדתות הרב אריה גמליאל ושל אחרים להקים במעיין, לעילוי נשמתו של איתמר הי""ד, מקווה בנוי, שאנשים לא יפחדו ללכת לשם וימשיכו ללכת למקום הזה. אני מקווה שהיוזמה הזאת תצא בקרוב, בעזרת השם. זה אולי המעט שאפשר לעשות לעילוי נשמתו, ואנחנו נמשיך לשמור את זכרו. תהיו חזקים ומהשמים ינחמו אתכם.

אני מבקש מהיושב-ראש מחילה - לפצוע שהיה יחד עם איתמר אני רוצה לאחל איחולי החלמה.",8,
115867,1998-11-16,"הודעת ראש הממשלה על ההסכם שנחתם ב""אחוזת וואי"" בארצות-הברית","לא, אני לא אדבר 12 דקות. כמה אפשר לדבר לפרוטוקול?

אדוני היושב-ראש, חברי הכנסת, הישיבה היום אולי אין לה אופי היסטורי, אבל אין ספק שזאת ישיבה היסטורית; ישיבה היסטורית של ממשלה של הליכוד, שבה שותפות מפלגות מן הימין, המביאות לכנסת לאישור את המשך הסכמי אוסלו, מה שקרוי הפעימה השנייה, לאחר שנתיים-וחצי מיום כינון הממשלה, פחות או יותר, כמעט שלוש שנים. נשמעו הרבה טענות על אורך הזמן שהממשלה ""סחבה"" לכאורה בניהול המשא-ומתן הזה. אני חושב, שכל הטענות בטלות ומבוטלות, או בטלות בשישים לעומת ההישג ההיסטורי. הרי הסכם אוסלו היה עד לפני שלוש שנים הסכם של חצי עם. כולם זוכרים את הססמאות: אין לזה רוב יהודי, אין לו לגיטימציה, זה הסדר לא לגיטימי. היום היושב-ראש הנכבד מתווכח עם מאיר שטרית אם יהיה 90 או 92. אין ספק שזה הישג אדיר. אין ספק שזה הישג שביבי נתניהו והמפד""ל אתמול, בהחלטתה הנבונה והנכונה, שהחליטה לחיות עם ההסכם ולשבת בממשלה - - -

אנחנו יודעים מה זה שישה שבועות של מפא""יניקים.

אין ספק, יגאל, שלמרות כל הנאום שלך אתמול - אני אומר לך שהחלטתכם היתה נבונה ונכונה; זו החלטה של כורח המציאות, זו החלטה שקוראת את המפה נכון, וההחלטה היא נכונה. אין לי ספק, שסכסוך של איבה של עשרות שנים או מאה שנה אי-אפשר לפתור ביום אחד, והלוואי שההסכם הזה יפתור חלק מהסכסוך הזה. ולכן חשוב הקונסנסוס הגדול שיש בבית הזה, ואנחנו גם רואים אותו מתורגם בסקרים, שרוב העם למעשה רוצה את ההסכם - מי בשמחה, מי בדמעה בעינו, אבל מבין שזה הסכם של כורח המציאות. צר לי, שבבית הזה, כאשר באים לאשר את ההסכם, כל הפן ההיסטורי, הפן האמיתי של הסכסוך הקשה הזה, של המלחמות ושפיכות הדמים, שאולי יש תקווה שייפסקו - אני אומר אולי, כי לצערי אני לא יכול לדבר בביטחון, זה לא הסכם שלום עם מצרים או הסכם שלום עם ירדן, זה הסכם שלום מאוד קשה, עם ארגוני טרור שממשיכים בפעילותם.

תמר, אתי אין לך ויכוח פה. אני מדבר על המציאות, יש ארגוני טרור שעדיין ממשיכים להצהיר שהם יפעלו והם יעשו, והם לא מקבלים את ההסכם הזה. אנחנו, מצד שני, רואים את הכאב הנוראי של המתיישבים ואת הפחד האמיתי והמוצדק שלהם מפני החיים בצל ההסכם הזה. אין עדיין יחסי אמון. כולנו תקווה ותפילה, שאכן הרצון של המנהיגים, הרוח שמפעמת בהסכם אכן תתורגם למציאות. אבל, כשעולים פה נואמים, ותלוי באיזה חלק של הבית הם נמצאים, מימין או משמאל, חלקם מתפארים שזה ההסכם הטוב ביותר שאפשר היה להשיג, שזה ההישג הכי גדול, ומונים אותו לסעיפיו, והחלק האחר, שאומנם אומר שבסוף יתמוך בהסכם, מונה כאן - ושמעתי את חבר הכנסת אהוד ברק. אומר את האמת, לא אהבתי את הנאום. חבל שהוא לא שומע, אני לא אומר את זה מאחורי גבו. ציפיתי מראש האופוזיציה שלא יתחשבן, וגם מראש הממשלה. אמרתי לו את זה ואמרתי את זה גם ברבים. אני לא חושב שראש הממשלה, לא במרכז הליכוד ולא היום, היה צריך להגיד, מי משיג יותר טוב ומי יכול היה להשיג יותר טוב. צריך לזכור, שמעבר לפוליטיקה שבין העבודה ובין הליכוד יש גם עם שרוצה לדעת. הוויתורים הללו שאנחנו עושים, ההסכם הזה, מה התקווה שהוא נותן, מה העתיד, איך מתמודדים מול המטלות הכבדות ביותר שיש לנו. איך מבצעים את ההסכם הזה, איך הולכים לקראת המאבק על הפעימה השלישית, מה קורה עם הסדר הקבע, מה קורה עם הסורים, שעדיין לא התחלנו. מצד שני, הנושא הכלכלי והחברתי, שאנחנו רואים כמה הוא קשה. האבטלה, האינפלציה שפתאום פרצה. מכרו לנו כל הזמן אינפלציה נמוכה תמורת אבטלה, ועכשיו אנחנו רואים שאנחנו מקבלים גם אבטלה גדולה וגם אינפלציה גבוהה. אני לא מדבר בצורה מסודרת, אבל זה ניתוח המצב. לדעתי, אף אחד לא יחלוק על זה. אין לאופוזיציה היום רוב להפיל את הממשלה. וכמה שאפשר ""נתחכמה לו"", ועוד שבוע ועוד שבוע, בסוף גם הם יגיעו לאמת. כל עוד הממשלה הזאת תבצע את ההסכם, אין רוב לאופוזיציה להקדים את הבחירות, לא יעזור לאיש. מצד שני, אני חייב לומר, לצערי, שאני לא רואה כרגע רוב לניהול קואליציה תקינה. אפשר לסחוב, אבל אני לא רואה רוב מגובש, שיישא במטלות הכבדות שמניתי אותן. המסקנה שמתבקשת מאליה היא מסקנה נכונה ואמיתית. היות שאין כאן ויכוחים אידיאולוגיים - ההסכם פחות טוב או יותר טוב, האופוזיציה אומרת שהיא תצביע בעד ההסכם. ראש הממשלה והממשלה והקואליציה מחויבים להסכם. כשפנינו לעתיד, להסדר הקבע, ושני גושי הבית הגדולים אומרים: לא נחזור לקווי 1967, לא נחלק את ירושלים, והמטלה העיקרית היא עכשיו הסדר הקבע, אז מה פשוט מההיגיון, להתעלות מעל השיקולים האישיים, לשכוח את העבר מהסיירת, מי היה מפקד של מי, ולהתחיל לעבוד ביחד ולעבוד ביחד כממשלת אחדות? אל תקראו לזה ממשלת אחדות, ממשלה רחבה - לשים את היריבויות הפוליטיות בצד ולנסות באמת ובתמים לקחת שלושה-ארבעה יעדים, את הסדר הקבע, את המשא-ומתן על הסכם עם סוריה, את הנושא החברתי והכלכלי, ולהגיד: עד שנת 2000 אנחנו שמים בצד את כל היריבויות. בכל זאת, מעבר למשכורת שאנחנו מקבלים כאן, מעבר ליצר שהוא לגיטימי, הוא אנושי, מי יהיה ראש הממשלה ומי יהיה שר הביטחון או שר החוץ, יש גם עם. צריך להסתכל בגובה העיניים ולומר, האם זה באמת מה שהעם ציפה מאתנו עכשיו, שראש הממשלה יעמוד על הדוכן וימנה את כל ההישגים שלו לעומת הכישלונות של האחרים? או מצד שני יעמוד פה ראש האופוזיציה ויגיד כמה ההסכם הזה הוא גרוע והוא נורא, אבל הוא יצביע בעדו? זה מה שהציבור רוצה לשמוע? זה מה שהציבור רוצה באמת ובתמים מאלה שאמורים לשרת את הציבור? אנחנו מפלגה קטנה. אנחנו לא מפלגה שמרכיבה את הממשלה, אבל את שלנו לכל הפחות אנחנו אומרים. אנחנו חושבים, שאף שאולי מבחינה פוליטית צרה, למפלגות הקטנות טוב במצב הקיים, שהן לשון מאזניים וקול אחד כאן הוא מלך הקואליציה, אבל האם זה באמת מה שאנחנו צריכים? לצערי, הדבר הזה לא מתאפשר, אף שהוא דבר פשוט ומובן מאליו. אין לי ספק שרוב רובו של העם, לא משנה אם הוא מהימין או מהשמאל או מהמרכז, רוב רובו של העם רוצה ממשלת אחדות לאומית לתקופה זו, לעבור את המטלות הקשות הללו ביחד, לדעת שהיריבויות הפוליטיות הן בצד, ועכשיו טובת המדינה וטובת האזרח עומדות לנגד עיניה של הממשלה הזאת. זה גם יתרום לצמצום הקיטוב הנורא שיש בין יהודים לערבים, דתיים לחילונים, אשכנזים לספרדים. שנה וחצי של פסק זמן. אנחנו יודעים שהקיטוב הזה נוצר או מתחיל מהוויכוחים הפוליטיים בבית הזה, ואין לי ספק שאחדות, או שנה וחצי של פסק זמן ועבודה משותפת למען המטלות המשותפות ביחד, יורידו גם את המתח ואת הקיטוב בעם הזה. לצערי, זה לא מתאפשר בגלל ויכוחים אידיאולוגיים. אין בעיה לחבר קווי יסוד, אין בעיה לחלק תיקים, הבעיה היחידה היא, ולצערי הרב אני חייב לומר את זה, ואני אומר את זה לשני האחראים לכך, לבנימין נתניהו ולאהוד ברק, רק בידי שניהם האחריות לממשלת אחדות לאומית. אנחנו יכולים לעזור, כולנו רוצים, כולנו דוחפים, אבל שניהם יחד צריכים לרצות. אנחנו לא נכריח אף אחד. אני לא חושב שאחדות לאומית אפשר לעשות בכפייה. שואלים אותי למה ש""ס לא מאיימת שאם לא תהיה ממשלת אחדות לאומית היא תצא החוצה. אי-אפשר להכריח שני אנשים לעבוד יחד. אם הם לא מבינים את הצרכים, אם הם לא מבינים את הנסיבות המיוחדות, אנחנו לא יכולים לעשות את זה בכפייה.

אני אגיע לסיפא. ולכן אני חוזר וזועק כל הזמן אחדות ואחדות ואחדות, אין אלטרנטיבה אחרת. חבל שזה לא נעשה לפני שנתיים, אולי הכול היה נראה אחרת, אבל זה לא מאוחר. גם היום אפשר לעשות את זה. אבל עם זאת, אם תמו הסיכויים לממשלת אחדות לאומית, בגלל אחריות של שני המנהיגים הללו, לא משום סיבה אחרת, אין היום ויכוחים מהותיים אחרים, רק הדבר הזה, לדעתי אין כל טעם, וזה גם מזיק מאוד, לסחוב את הממשלה הזאת רק משום שאין רוב להפלת הממשלה. אם זאת המסקנה, צריך להגיע אליה בעיניים פקוחות, להודות על האמת וללכת לבחירות במהירות האפשרית. אני חושב שזה נזק לעם אם הממשלה הזאת ממשיכה לתפקד בצורה כזאת, אם אין סיכוי להגיע לאחדות לאומית. כל שבוע, לקחת עוד אחד מהקואליציה, או לחכות להחלטה של מפלגה זאת או אחרת, וכל שבוע אני רואה הפתעה חדשה. גמרנו עם האחד, מתחילים עם השני. אני רואה את חוק ההסדרים, אני רואה את חוק התקציב, אני רואה את הבעיות האחרות שעומדות על הפרק. אי-אפשר לנהל קואליציה בצורה כזאת, אי-אפשר לנהל ממשלה, וודאי שאי-אפשר לעמוד במטלות כאלה כבדות עם ממשלה צרה כזאת. אני חושב שאהוד ברק הבין שאין לו רוב להפלת הממשלה, אבל אני חושב שנתניהו עדיין לא הבין שקשה מאוד לתפקד עם ממשלה כזאת, אולי בלתי אפשרי. לכן המסקנה היא, או ששני המנהיגים יהיו אמיצים מספיק להיכנס לחדר ולהגיד: אנחנו לא יוצאים מכאן עד שתהיה אחדות לאומית, אין ויכוחים אמיתיים בינינו, יש כאן ויכוחים יצריים או אנושיים בין שנינו, והאחד צריך לקבל את המרות של השני ולעבוד בשותפות אמיתית; או שראש הממשלה, לדעתי, צריך להגיע להסכמה עם האופוזיציה על תאריך בחירות מוסכם ולצאת לבחירות. אני לא יודע אם היתה עוד ממשלה עם מטלות כל כך כבדות, עם בעיות כל כך כבדות, ואני לא רוצה לפרט כיוון שהזמן קצר וזה מיותר, כולם מכירים את זה לא פחות טוב ממני. אם אנחנו שמים בצד באמת את כל הוויכוחים הפוליטיים, את הוויכוחים היותר-אישיים, את היצר שכן כל אחד רוצה לשלוט, אם נבדוק את הדברים לגופו של עניין, נראה את המטלות מול הפתרונות הרצויים ונראה האם באמת יש ויכוח בינינו, אנחנו נראה שבקרב רוב הבית הזה אין כמעט ויכוח. אני אומר את זה אפילו ליוסי שריד, לראש מחנה השמאל. אם בכנות, באמת ובתמים, נסתכל על הבעיות שעומדות בפני מדינת ישראל, הבעיות והמטלות והפתרונות שאפשר להגיע אליהם, אני חושב שהאמת וההיגיון אומרים שביחד אפשר לעשות את זה יותר טוב מאשר כל אחד לבד. שמעתי את הססמה של אהוד ברק: אנחנו אחרי הבחירות נקים ממשלת אחדות לאומית. מה הטעם? למה להכניס את העם הזה לאמוק של בחירות עכשיו, רק כדי להחליף את ביבי נתניהו? האם באמת זאת הבעיה היחידה? זה משנה כל כך לעומת המטלות אם ביבי נתניהו יעמוד בראש או אהוד ברק יעמוד בראש? אני לא רואה הבדל גדול, עם כל הכבוד. אני חושב ששניהם יחד יכולים לעשות היום מה שבלאו הכי הם יעשו אחרי הבחירות, כיוון שאהוד ברק גם יודע את המסקנה, שאחרי הבחירות, אם הוא ינצח, ממשלה צרה בראשותו - ויש לי ספק גדול אם הוא ינצח - - -

כן, %20, אתה צודק. %20 או יותר? %21, לא?

אני רוצה לסיים, אדוני היושב-ראש. גם אהוד ברק הגיע למסקנה, שממשלה צרה בראשותו לא תוכל להתמודד מול המטלות. הוא יודע זאת, ולכן לא בכדי הוא אומר שאחרי הבחירות הוא יקים ממשלת אחדות לאומית. אני מקווה שגם ראש הממשלה יודע היום שאי-אפשר להמשיך לסחוב את המטלות הללו עם ההרכב של הקואליציה הנוכחית. לכן, כל הוויכוח יהיה מי יעמוד בראש. עם ישראל כבר סבל די אסונות בגלל הוויכוח הזה, מי יעמוד בראש. את הוויכוח הזה צריך לשים בצד וללכת יחד. אחד מכם ירדוף אלף, שניים ירדפו רבבה. הכוח של שניים הוא פי-עשרה מכוח של אחד, ולכן המסקנה, כפי שאמרתי, לא עוד הפעם קריאה בשביל הכותרת - אנחנו כאן לבד, כמעט ללא תקשורת, בשביל הפרוטוקול, בניחותא, בלי קריאות ביניים - אני חושב שזו המסקנה המתבקשת. חלילה, אם לא זכינו בדור הזה ששני המנהיגים הללו יגיעו למסקנה המובנת והפשוטה שכל ילד מבין אותה, אז אין ברירה - צריך ללכת לבחירות בהסכמה. תודה.

חבר הכנסת שריד, אפשר להגיד משפט אחד על נושא משרד העבודה והרווחה?",8,
274831,2013-06-05,יוזמת הליגה הערבית לחילופי שטחים במסגרת הסכם בין ישראל לפלסטינים,"אדוני היושב-ראש, אדוני ראש הממשלה, שרים, חברי כנסת נכבדים, עוד לפני שקמה תנועת ש""ס בשנת 1984, בשנת 1979, תשל""ט, כשהיו הסכמי השלום בסיני, ראש הממשלה המנוח, זכרו לברכה, מנחם בגין, נתקל בסוגיה של החזרת סיני. הוא בא לרבנים הראשיים דאז, הרב שלמה גורן, זיכרונו לברכה, וייבדל לחיים טובים, מרן עובדיה יוסף. מרן כתב אז פסק הלכה מנומק, ארוך, על קדושת האדם וקדושת האדמה, על פיקוח נפש שדוחה תורה, על חשיבות יישוב ארץ-ישראל. והוא שקלל שם מה עומד נגד מה, והמסקנה היא: כשמדובר בפיקח נפש, כשמדובר בהצלת נפשות – ואני שם דגש על הנקודות האלה – זה גובר על כל שיקול אחר. ולכן הוא נתן תמיכה בשלום עם מצרים, כיוון שאז – הסכם בין מדינות, וזה מוכיח את עצמו עד היום, ואנחנו רואים מה שקרה ב-40 שנה האחרונות. עם זאת, אני רוצה להקריא לכם ציטוט מדברי מרן משנת תש""ס, 2000, לאחר פגישה עם הנשיא שיראק בארמון האליזה. מרן כתב ביומן שלו – הוא מנהל יומן אישי, והוא כתב שם את הדברים שהוא אמר לשיראק בפגישה שהייתה בארבע עיניים. הוא כתב לו: בוודאי ידוע לכבוד הנשיא שהוצאתי פסק-דין למען השלום ולמנוע שפיכות דמים בישראל, כי כל תורת ישראל נשענת ומבוססת על השלום. כדברי החכם מכל אדם, שלמה המלך: ""דרכיה דרכי נעם וכל נתיבותיה שלום"". הכוהנים מברכים את עם ישראל על-פי צו עליון של הקדוש-ברוך-הוא, והחתימה של ברכת הכוהנים היא: ""וישם לך שלום"". כל יהודי שמתפלל לה' יתברך שלוש פעמים ביום חותם את תפילתו: ""המברך את עמו ישראל בשלום"". עם ישראל כמֵה ומצפה לשלום, אבל שלום צריך להיות הדדי, ודאגה לביטחון לכולנו, אם לא כן – זה לא שלום. סוף ציטוט. כל הדברים האלה נאמרו עוד לפני 30 שנה, עוד לפני יותר מ-15 שנה. אין ספק שהנסיבות והאירועים שקרו ב-15 שנה, אם אני אסכם אותם במשפט אחד, כדברי מרן: אני שלום אדבר, המה למלחמה. לצערנו הרב, שלום כדמות ההתנתקות, למשל, שהחזרנו חבלי מולדת, חבלי ארץ שגרו שם קרוב ל-10,000 יהודים שומרי תורה ומצוות, עובדי אדמה, אנשים צנועים, אפשר לכנות אותם אנשים צדיקים וצדיקות, פשוטו כמשמעו – כל מי שביקר שם ראה מה זה מלח הארץ, כפשוטו ומשמעו – עם ישראל, תורת ישראל וארץ-ישראל. להחזיר את זה תמורת התנתקות ולקבל תמורת זה עשרות אלפי טילים כמו שקיבלנו מעזה, ודאי שזה לא שלום. זה אפילו לא שלום, זה טיפשות, אין לזה כינוי אחר, מה שעשינו שם. לכן האיזון הזה כל הזמן, אדוני ראש הממשלה, בין כמיהה לשלום, שזה ציווי של תורתנו, שזה ציווי החיים שלנו, לבין דאגה לביטחון ישראל, דאגה לביטחון האזרחים שלנו, הוא התפקיד שלך כראש הממשלה, והתפקיד של הממשלה. אבל, אדוני, אני רוצה לנצל את הבמה הזאת, אדוני ראש הממשלה – חבר הכנסת שטרן, הקפאנו את החוק. מספיק. חלאס.

אני נותן לבית היהודי להתעסק אתך, לא אני. אדוני ראש הממשלה, יצחק רבין המנוח, זכרו לברכה, אמר לי דבר שנשאר – הרבה דברים, אבל הדבר הזה נשאר אצלי יותר. כשהוא הקים את הממשלה שנראתה משונה בהתחלה, מצד אחד – באמצע מפלגת העבודה, מצד אחד ש""ס ומצד שני מרצ – זאת לא ממשלה טבעית, זה היה אפילו כלאיים. הוא אמר לי שהוא יודע שזאת תהיה ממשלה קשה, שאולי לא תהיה הרבה זמן, אבל, הוא אמר לי: לפני שאני הולך לעשות שלום עם אויבינו אני חייב שלום בתוכנו; בלי שלום בתוכנו אין אפשרות להתמודד ולעשות שלום עם אויבינו. צריך חוסן פנימי לפני שהולכים לעמוד חזק מול האויבים ולנהל משא-ומתן אמיתי לשלום. אדוני ראש הממשלה, צר לי לומר לך – עם כל הכבוד, שכן באמת אני מעריך אותך, ואני יודע את גודל המשימה שיש על כתפיך – הממשלה הזאת, אין מה לעשות, אתה ראש הממשלה, ואנחנו מברכים אותך על כך, ההרכב שלה, והתוצאות שיוצאות מהממשלה – עזוב את ההרכב. זה הרכב לגיטימי, אין לי שום טענה. זה פוליטיקה וזה כללי המשחק. אבל כשאנחנו רואים את ההסתה שיוצאת מבית מדרשם של כמה וכמה שרים בממשלה הזאת; כשאנחנו רואים את הגזירות הכלכליות, אדוני, עם כל הדאגה לשלום, שזו למעשה הבעיה הקשה ביותר, אפשר לומר, של עם ישראל היום, אין עוד מדינה שמתמודדת עם הבעיות שאנחנו מתמודדים, אבל מאות אלפי ילדים במדינת ישראל, יותר ממיליון אזרחים לא ישנים טוב בלילה לא בגלל השלום; לא ישנים בלילה כי הם לא יודעים איך יאכלו מחר בבוקר, כי הם עניים, כי אתם, הממשלה, מדרדרים אותם עוד יותר לקו העוני.

כן, אבל תראה כמה הפסקות עושים.

אדוני ראש הממשלה, אני פונה אליך בתוקף תפקידך כראש הממשלה וכאיש שאחראי לממשלה: אנא, קח את האחריות הזאת, וגם אם אישרתם את התקציב, תהיה מודע לכך שהתקציב הזה, כל מה שמשתמע ממנו לא ייתן יותר חוסן לחברה; יש חלקים גדולים מאוד של האוכלוסיות המוחלשות ומעמד הביניים הנמוך שמאוד מאוד מוטרדים ומאוד מודאגים, והם לא מבינים למה אתם הולכים דווקא, בדווקא, כשיש אלטרנטיבות אחרות. למה על קצבאות הילדים? למה על המע""מ ולא מע""מ דיפרנציאלי? למה לא על מיסוי הקצבאות, ולמה עוד שורה שלמה של הצעות, שעם קצת קצת מאמץ, קצת להפעיל את הראש היהודי, אפשר להגיע לתוצאות האלה, שגם מצד אחד נכסה את הגירעון, ומצד שני ניתן קצת – קצת חיוך, קצת תחושה של אחריות שכולנו יחד. היום ההחלטות שאתם מקבלים בממשלה בתקציב הזה מפצלות, מגדילות את הפערים יותר, וחבל, אתה הולך להתמודד עם נושאים מדיניים מאוד קשים. ואולי יש לי גם הצעה לסדר שתפתור – שלשום ראינו בהצבעה חשאית שהייתה כאן בכנסת שחברי הכנסת, כשהם מאחורי הפרגוד הם יותר רציונליים. אולי, אני מציע, נצביע על תקציב המדינה הצבעה חשאית. אולי אז יש לנו סיכוי לנצח. תודה רבה.

הם הבטיחו גם לשמור על מעמד הביניים.",10,
276559,2013-07-22,"הצעת חוק הלוואות לדיור (תיקון מס' 12), התשע""ג–2013","אדוני היושב-ראש, חברי הכנסת, כבוד השרים, מנהג ישראל בכל תפוצות ישראל – אשכנזים, ספרדים, חילונים, דתיים – כשחתן ביום שמחתו, ביום חופתו, ביום השמח ביותר שלו, כשהוא מקדש לו אישה, וביחד בונים בית בישראל, החתן שובר כוס ואומר: ""אם אשכח ירושלים, תשכח ימיני, תדבק לשוני לחכי אם לא אזכרכי, אם לא אעלה את ירושלים על ראש שמחתי"". המנהג הזה נובע מכך שעם ישראל מעולם לא שכח את ירושלים בירתו, ומעולם, גם בגלות, וגם בכל מקום שהוא נמצא, הוא רוצה והוא שואף לראות את ירושלים הבנויה. זכינו, וקמה בארץ-ישראל מדינה יהודית, שירושלים היא בירתה. כמה אנחנו מחויבים לחזק את ירושלים? כמה אנחנו מחויבים לעודד את ירושלים? כמה אנחנו מחויבים לעודד ולעשות כל דבר שבעולם שבני ירושלים הצעירים, שהיום נגזר עליהם, כמעט על כולם – חילונים, דתיים וחרדים, זה לא משנה. לאף אחד – – –

באמת? עוד לא התחלתי לדבר, מה קרה?

בקושי אמרתי ""אם אשכחך ירושלים"".

אם לא הייתי מכיר את היושב-ראש כאיש תם וירא שמים, הייתי חושב שזה עוד פעם הבית היהודי. הם לא נותנים לדבר גם. מה קרה?

למה חמש? זו הסתייגות? מה זה?

אני אומר, היום המצב בירושלים הוא שבני זוג צעיר שרוצים להמשיך ולבנות את ביתם בירושלים – נולדו בירושלים, ההורים שלהם גרים בירושלים. לא משנה אם אתה דתי, חילוני, כיפה סרוגה או כיפה שחורה, או כל לבוש אחר, אין לך איפה לגור היום בירושלים. ואם יש משהו לקנות מיד שנייה, זה הדבר היקר ביותר. במקום לעודד את הבנייה בירושלים, לעודד את הקבלנים, להוריד את מחירי הקרקע, לנסות ליזום תוכניות חדשות, אפילו המעט הסמלי שאני יודע – אני בטוח מה תהיה תשובת סגן השר – החוק הזה לא בוצע, הוא הוקפא כל הזמן, זה נכון. אבל הוא היה סמל. לכן לא לחינם התחלתי עם שבירת הכוס. גם שבירת הכוס היא סמל. הסמל הזה – ממשלת ישראל היהודית, הריבונית, לאחר 65 שנות קום המדינה, במקום לחזק את ירושלים הבירה של מדינת ישראל, של עם ישראל בכל העולם כולו, אנחנו משדרים סמל. הממשלה הזאת החליטה – גם הסמל הזה, שלא מהווה עול תקציבי, הקפאתם אותו כל שנה. הקפאת אותו. אז לא נורא, תשאירו אותו ותמשיכו להקפיא. אולי כשמצב יהיה יותר טוב יהיה כסף לתת. למה לבטל? למה לבטל? בשביל מה? אלא מה? לצערי הרב, שוב, אני חוזר לנאום הראשון שנתתי באי-אמון. איך נבנה כל התקציב הזה? יושב לו שר האוצר ואומר הב-הב – תנו לי כל הצעה שיכולה לפגוע בדתיים ובחרדים, שיכולה לפגוע בציבור הזה. אין לי הסבר אחר, לצערי הרב. ועשו חשבון מי בירושלים לוקח את המענק הזה; הרוב, לפי סטטיסטיקה, הם דתיים, הם חרדים. אוקיי, אז אפשר לבטל את זה. אפילו טיפת מחשבה. אל תהיה צודק, תהיה חכם. מה קרה? תשאירו את זה. מה ההתעקשות הזאת? וכשאני שומע את שר השיכון – שאני מאוד מכבד – אומר, אני אלחם, בסמכותי כשר השיכון, לא תהיה הקפאה בירושלים – בינתיים, מאז שהוא – ההקפאה ממשיכה, לא זזה כהוא-זה. ולפי מה שאנחנו שומעים, תמשיך להיות הקפאה בירושלים, ובכל המקומות האחרים. והבית היהודי – העוגן, הגב, התמיכה של יש עתיד ושל שר האוצר לפיד. בלעדי הבית היהודי, שר האוצר – לא הייתה מפלגת יש עתיד. מי שנותן לו את העוגן זה הבית היהודי. שלא יתחמקו בשום התחמקות שיכולה להיות. הבית היהודי הם אלה שנותנים את כל הכוח ואת כל העוצמה הפוליטית ליאיר לפיד וליש עתיד להיות בממשלה ולגזור את כל הגזירות הללו.

תסתכל בתוצאות הבחירות ותראה כמה ליש עתיד. הבית היהודי זה משהו אחר.

אני אשאל אותך שאלה אחרת. אנחנו מכירים את המצביעים של הבית היהודי – משפחות טובות, ברוכות ילדים. לא אכפת להם שמקצצים בקצבאות הילדים? אין להם ילדים?

לא יודע. הם מוכנים – כנראה שהם מוכנים – – –

לכן אנחנו מבקשים להצביע בעד ההסתייגות שלנו, ולו גם בשביל הדבר הסמלי, שאנחנו היום על הבימה הזאת צועקים ואומרים: אם אשכחך ירושלים, תשכח ימיני. אנחנו לא נשכח את ירושלים.",10,
276857,2013-07-29,"הצעת חוק לשינוי סדרי עדיפויות לאומיים (תיקוני חקיקה להשגת יעדי התקציב לשנים 2013 ו-2014), התשע""ג–2013;: הצעת התקציב לשנות הכספים 2013 ו-2014;: הצעת חוק התקציב לשנות הכספים 2013 ו-2014, התשע""ג–2013","אדוני היושב-ראש, כנסת נכבדה, בוקר טוב – –

על התקציב. אני מבין, אני מבין, כן. אני צריך לעשות פיוז בראש על הרבנים – – –

כן, זה מצחיק, אבל באמת, לצערי הרב זה עצוב היום.

אדוני היושב-ראש, היום, אחרי חודשים ארוכים של מאבק שבהם ניסינו – אנחנו, סיעות האופוזיציה, סיעת ש""ס – להשמיע את קולה של האוכלוסייה המוחלשת, של המשפחות ברוכות הילדים, של שכבות המצוקה, לצערי – אני חייב להודות: קשה לי להפסיד – אני מודה, הפסדנו בקרב הזה. אבל אוי לניצחון שלכם, הקואליציה, שניצחתם אותנו במאבק הזה. אל תתגאו בניצחון הזה, אל תתגאו בתקציב הזה. אתם, בהרמת היד שלכם, אולי תנצחו אותנו פוליטית, אולי הצלחתם לרשום ""וי"" שהעברתם תקציב ראשון של ממשלה. אבל תדעו לכם, ואת זאת, לכל הפחות, תדעו בצורה ברורה ביותר: היום אתם הולכים, בהרמת היד שלכם, מיידית, לקצץ בקצבאות הילדים של משפחות שזה האוכל, הלחם שלהן. אני יודע ששר האוצר לא אוהב לשמוע את זה, לא אוהב לשמוע על הביצה, ועל הלחם שמתחלק במשפחות הללו. הוא לא מכיר את המצוקה הזו. אני אלמד עליו זכות: אדם שלא גדל ואדם שלא ראה מצוקה מימי חייו, קשה לו להבין אחרים שמדברים על הדבר הזה. אבל היום, אתם, חברי הקואליציה – חבר הכנסת רובי ריבלין, אני יודע את הרגישות שלך, אבל שתדעו: משמעת קואליציונית, שלטון הרוב, דבר נכון, אבל אתם הולכים היום להצביע על תקציב שאין בו שום טיפת רחמים ושום טיפת חמלה. התחשבתם בכל המגזרים חוץ מבמגזר של השכבות החלשות. נכון, יש לשר האוצר ניצחון אדיר, ואת הנאום הזה שמענו מתחילת הדרך ועד היום, את אותו נושא, וגם היום, מסתמא, אנחנו נשמע על זה. אין לי ספק. אני מנחש מראש מה יהיה הנאום של שר האוצר היום: אנחנו מוציאים את אחינו החרדים לעבודה, אנחנו מוציאים את אחינו החרדים מהבערות ומכניסים אותם להשכלה, אנחנו לוקחים את החרדים ונותנים להם לשאת בנטל. זה ההישג הגדול. על הדברים האלה משתבח שר האוצר כל הזמן. אבל מה הקשר של זה, ריבונו של עולם, עם התקציב? לא השארתם סעיף שלא קיצצתם בחרדים, אדוני, שר האוצר, והגעת לכמה? 500, 600, 700, מיליארד שקל? אבל מה עם כל עשרות המיליארדים האחרים? מה עם כל הגזירות הקשות שאתה מטיל על המשפחות ברוכות הילדים? את הכול אפשר לכסות תחת הכותרת: חרדים? סך הכול 25% מהאוכלוסייה אומרים שיש להם אמון או שהם מעריכים או שהם משבחים או שהם מסכימים עם שר האוצר. מצד שני, רוב-רובה של האוכלוסייה, של האליטות העשירות, של העשירונים העליונים, רוב מוחלט, כמעט כמו ברוסיה, תומך בשר האוצר. תראו את הפערים האדירים. את מי הממשלה הזאת מייצגת, ואת מי אתם, חברי סיעת הליכוד וחברי הבית היהודי, שהמצביעים שלכם, רובם ככולם, לא שייכים לעשירונים הללו, שהמצביעים שלכם הם כולם, רובם ככולם, מעמד הביניים ומטה, את מי אתם הולכים לייצג היום? למי אתם הולכים להצביע? ואני אומר לחברי בבית היהודי, באמת אחים יקרים, אני אוהב את כולם, הם, רובם ככולם, אני לא מכיר את כולם, אבל רובם חברים הרבה שנים: משתמשים בכם. תזכרו את המילים הללו עוד כמה חודשים. משתמשים בכם עכשיו. ראש הממשלה ביבי נתניהו ידע: אין אפשרות להקים ממשלה בלי להעביר את חוק הגיוס ואת חוק התקציב. אתם הקואליציה היחידה שיכלה להעביר את זה. גם בנושא הגיוס, בלי ההכשר שלכם לא היה אפשר להעביר את החוק הזה. ובלי היד שלכם לא היה אפשר לקצץ בקצבאות הילדים. אתנו זה לא היה הולך. לכן, משתמשים בכם. עוד חודש-חודשיים תמצאו את עצמכם במצב שבו אנחנו נמצאים, אבל אז כבר תבכו בכייה לדורות. כשיתחיל המשא-ומתן המדיני, וכשאתם תקבלו, וכשאתם תראו מה שיעשו להתיישבות, ומה שייעשו להתנחלויות, תבואו ותגידו: ידינו לא שפכו את הדם הזה. תודה רבה.",1,"The speaker strongly criticizes the government's budget cuts affecting vulnerable populations, indicating a clear opposition to policies that may support settlement expansion."
285467,2014-07-29,"הצעת חוק לקידום הבנייה במתחמים מועדפים לדיור (הוראת שעה), התשע""ד–2014","תהיי זהירה, כי אני עשיתי את זה.

זה לא יוזמה שאנחנו יזמנו. ברוך השם, היו מיליון איש. לא היה איפה לשים אותם. היו שתי אפשרויות. אריק שרון, זיכרונו לברכה, רצה לבטל את חוק התכנון, להוציא צווי חירום. אני כפשרה עשיתי – – –

מיליון איש בתקופה קצרה. מה היה אפשר לעשות?",6,
285673,2014-09-04,"הצעות לסדר-היום: החובה לכלול את הערים אשקלון, אשדוד, באר-שבע ועוד בתוכנית הסיוע ליישובי הדרום; הקיצוץ הרוחבי בתקציב יפגע בתקציבים האזרחיים המיועדים לתושבי המדינה בכלל ולתושבי יישובי הדרום בפרט","אני מציע, עם כל הכבוד לחברות הכנסת הנכבדות, הרבניות זהבה גלאון וסתיו שפיר, שלא תיפגענה, אני מציע להסיר את ההצעות שלהן מסדר-היום. אין שום צורך בהצעות שלהן, משתי סיבות. האחת, החלטת הממשלה על עזרה ליישובי עוטף-עזה הייתה למטרה אחרת לגמרי, שהושגה, והיא מבורכת. ולכן אתן פשוט מאוד חוטאות למטרה. מטרת החלטת הממשלה הייתה להשיב את התושבים הביתה, כדי שלא תהיה בעיה לממשלה, שהתושבים ברחו. התושבים, תושבי הקיבוצים, היה להם איפה להיות בצפון, הייתה להם אלטרנטיבה, ולכן לממשלה הייתה מטרה להחזיר אותם. לכל תושבי אשקלון, קריית-מלאכי, קריית-גת, אופקים, נתיבות, אשדוד, אין לאן לברוח. גם אם ייפלו עוד טילים אין להם לאן ללכת, לכן הממשלה לא מודאגת מהם. המטרה של הממשלה הושגה, לכן ההצעות שלכן מיותרות. אין שום צורך לעזור לתושבי הדרום, המטרה הייתה להשיב את תושבי הקיבוצים הביתה, וזאת המטרה, נקודה. לכן אני מציע להסיר את זה מסדר-היום. שנית, עכשיו התחדש לי שגם אין צורך, אחרי התשובה המנומקת והמלומדת והמשכנעת של סגן השר, אין שום צורך בדיון נוסף. תודה.",1,
296878,2016-02-03,"הצעת חוק הרשות לפיתוח הנגב (תיקון מס' 4) (תיקון – ביטול החוק), התשע""ה–2015","אדוני היושב-ראש, חברי השרים, חברי הכנסת, חברות הכנסת, אני קודם כול אתייחס נקודתית להצעת החוק, ואחר כך גם – כמה מילים על הדברים שנאמרו כאן, הדברים המסולפים שנאמרו כאן. א. הצעת החוק הזו טוענת שהחוק מסייע רק למשפחות יהודיות, ובכך מודרות משפחות ערביות מהנגב. לטענת המציעים, החוק אינו עוסק בהסדרת היישובים הבדואיים אלא עוסק רק בהכשרת מיזמים חקלאיים תיירותיים. אנחנו מתנגדים, אני מתנגד להצעת החוק הזו, מפני שהתיקון של חוק הרשות לפיתוח הנגב נועד לסייע בעיקר, בכפוף לקריטריונים שנקבעו בחוק, בהסדרת הזכויות הקנייניות על הקרקע של חוות הבודדים בנגב. בבסיס החוק העובדה שחרף היות החוות לא מוסדרות מבחינה קניינית ותכנונית, ההקמה של רובן נתמכה באופן פעיל ובמשך תקופה ארוכה על-ידי משרדי הממשלה. החוק מגדיר כי חוות הבודדים הן מיזמים המשלבים שימושים של חקלאות ותיירות ומיועדים להתיישבות בודדים, ולא להקמת יישובים חדשים או הסדרת יישובים קיימים. לעניין הצעת ביטול החוק, אין שום קשר בין ההצעה והטענות המוזכרות למטרת ההצעה בפועל. יצוין כי בקשתם של מציעי החוק מטופלת וזוכה להתייחסות מקצועית במסגרת הרשות להסדרת ההתיישבות הבדואית במשרד החקלאות. כמו כן, הטענה שיש כביכול מדיניות של הממשלה נגד הבדואים בנגב, או שמביאה לנישולם או להרחקתם מהנגב – כל מי שרואה את הפעילות של הממשלה ושל משרדי הממשלה במשך השנים האחרונות: משרד הפנים הקים קרוב לעשר מועצות מקומיות ואזוריות של בדואים באזור הנגב. החלטת הממשלה האחרונה לסיוע למגזר הערבי והבדואי, בסך 15 מיליארד שקל – – –

אוקיי. החלטת הממשלה לסיוע למגזר הערבי והבדואי בסכומים גדולים מאוד, אוקיי? זה נתון למחלוקת, מה זה ""גדולים מאוד"", אני לא אמנה עכשיו בדיוק כמה זה שווה. אבל זאת החלטה באמת היסטורית וגדולה, שלא הייתה עד היום, בהיקף כזה גדול. היא גם למגזר הבדואי באזור הנגב. כך שכל הטענות שהעלתה חברת הכנסת זועבי, לצערי הרב – הן לא קשורות למציאות. הן אולי קשורות להשקפות אידיאולוגיות כאלה ואחרות. לכן אני מציע לחברי הכנסת לדחות את ההצעה הזו.",3,
303983,2016-11-08,הצעות לסדר-היום: ציון שבעים שנה להקמתן של אחת-עשרה הנקודות בנגב,"אדוני היושב-ראש, חברי הכנסת, חברות הכנסת, חבר הכנסת חיים ילין, יישר כוח על היוזמה. באמת יוזמה ברוכה. הכרת הטוב היא הערך העליון בתורתנו. המצווה הראשונה שנצטווינו כשהגענו לארץ-ישראל היא מצוות הביכורים, כדי להכיר טוב לבורא עולם שנתן לנו את הפירות. אז את הפרי הראשון היפה אנחנו מקריבים, מעלים אותו לבית-המקדש כדי להכיר – הכרת הטוב. לא לחינם אמרו חז""ל שכל הכופר בטובתו של חברו, סופו לכפור בטובתו של מקום; עד כדי כך. ולכן הצעד של היום, שכולו היה הצדעה, והכרת הטוב, לאותם חלוצים וחלוצות שנשארו אתנו, שזכינו שנשארו אתנו – לא כולם, אבל אלה שנשארו אתנו, ואני מברך אותם ברכת הדיוט: שתהיה להם אריכות ימים ושנים בבריאות; לראות את הדור הזה, שכשמסתכלים ורואים באיזו מסירות נפש הם הקריבו ממש את עצמם, את גופם, הקריבו את כל מה שיש להם כדי ליישב חבל ארץ זה. אין לי ספק שאת הנחת הגדולה שיש להם כשהם רואים מה קורה היום בנגב, מה קורה בדרום, מה קרה לבאר-שבע הקטנה שהייתה אז ומה קורה היום לבאר-שבע המטרופולין, מה קורה לכל מה שמתפתח בדרום – עיר-הבה""דים וכל מה שקורה שם וההתיישבות שיש במקום – אין ספק שבשבילם, הם ראו חזון חייהם בחייהם. ולנו, ה""צעירים"" – אמרתי בטקס שהיה שם היום שעליתי ממרוקו ב-1968, אחרי מלחמת ששת הימים – לראות אותם, כשאני מכיר את ההיסטוריה שעומדת מאחורי האנשים הללו, לשמוע את אהרן ידלין ואחרים שם, בשבילי זה מעמד מאוד מרגש. אני מודה לבורא עולם שזכיתי היום להיות שותף בדבר הזה. כשפנו אלי ראשי המועצות הברוכים באזור שם, לרתום את המשרד שלנו לעזור באירועים גדולים שעושות המועצות – במהלך השנה כבר שתי מועצות עשו אירועים, ומועצה אזורית אשכול צריכה לעשות גם היא – שמחתי. זכות בשבילי שהמשרד שלנו יהיה שותף במימון של האירועים הללו. אין ספק שזו יוזמה ברוכה. בעזרת השם, שהדרום ימשיך להתפתח. אמרתי, עד כדי כך קנאת סופרים, שהצפון היום צועק, רוצה שאת אותם דברים שמשקיעים בדרום ישקיעו גם שם. אני מקווה שגם שם, בעזרת השם, נוכל להביא את התוכנית ולהביא את הממשלה להשקיע שם. אדוני היושב-ראש, ברשותך, אני רוצה לנצל את הבמה – אתמול עמדתי כאן הרבה זמן במהלך של שאלות ותשובות. היית נוכח.

כידוע לכם, זה אמיתי, אנחנו לא יודעים את השאלות ששואלים אותנו, וזה גם היופי שבדבר. שואלים אותך שאלות על המקום. חבר הכנסת שטרן שאל אותי שאלה – למעשה לא שאלה, תקף במילים חריפות את הגישה שלנו ליהודים הרפורמים וליהדות הרפורמית, תקף על שאנחנו מרחיקים, שאנחנו לא מקרבים ואנחנו גורמים נזקים. אתה שמעת את הדברים הללו. זה לא היה דבר מתוכנן. ואני אמרתי שם תשובה על המקום, ולצערי הרב – לפי דעתי במכוון, זה לא שזו אי-הבנה – לקחו את זה רחוק היום, ביום העלייה והקליטה, שכביכול שר הפנים מוותר על היהודים הללו בארץ. לא היה ולא נברא. אפשר לפתוח את הפרוטוקול.

אני יודע, שמעתי, שמעתי. הוא העיר את תשומת לבי, בגלל זה אני טורח להגיד את זה. אני לא חוזר בי ממילה שאמרתי אתמול, אבל אני אומר שוב: אני לא מוותר על אף יהודי ויהודייה באף מקום בעולם, ולא משנה לי אשכנזים, ספרדים, רפורמים, קונסרבטיבים. כל יהודי ויהודייה הם בעיני יהודים, הם אחים שלי ואחיות שלי. אני חלקתי על הדרך של היהדות הזאת והסברתי מה שראיתי בכרמיאל. לא יכול להיות; חייבת להיות איזושהי מסורת, איזשהו כיוון שאנחנו פועלים בו במדינת ישראל שכולם נמצאים שם. אם אנחנו נתחיל לחלק את הכותל, או כל מקום – מחר בבוקר יבואו יהודי אתיופיה ויגידו שהם רוצים גם הם איזושהי רחבה; יבואו השומרונים, הצדוקים, או תבוא כל עדה אחרת ותגיד שהיא רוצה – אפשר לסגור מהר את הבית הזה שקוראים לו ""מדינת ישראל"". יש יהדות מסורתית במשך אלפי שנים. לא כולם שומרי תורה ומצוות – מי פחות, מי יותר – אבל יש לנו מסגרת אחת. לזה התכוונתי. חלילה וחס, מי שמנסה לסלף את הדברים פשוט מנסה להמשיך להתסיס את הפרובוקציה ואת המחלוקת. תודה רבה.

חבר הכנסת היקר, אתה יודע שאני, חלילה וחס, לא מתחמק. אני חושב, ואני גם מציע, בכל הזדמנות – אילו היית אתמול בדיון היית שואל אותי והייתי עונה לך בהרחבה. אני חושב שהדיון הזה – – –

דקה, דקה, דקה. הדיון היום נקבע במדויק – לא על הנגב, לא על מצב הדרום, אלא נקבע על 11 היישובים הללו, כאות הוקרה. תיזום הצעה לסדר-היום, כל דיון שתמצא. לא לערבב שמחה בשמחה.",10,
304830,2016-11-29,הצעות לסדר-היום: ציון יום הגליל,"אדוני היושב-ראש, חברי, חברותי, חברי הכנסת, היינו היום בכנס, והיו שם הרבה צעירים וצעירות, ושמחתי לראות כמה הם לוהטים וכמה חשוב להם נושא הגליל. יש תקווה. כשיש מי שנלחם על הבית ועל האזור, סימן שבאמת יש עם מי לעבוד, ואני שמח מאוד. אני רוצה לומר, אדוני היושב-ראש, שראש הממשלה, שתכנן לבוא גם לכנס באודיטוריום – אני מאחל לו בריאות, קצת נח כמה שעות, גם לו מותר, יש לו שפעת קלה. שר האוצר, שהיה אמור להיות גם בדיון הזה וגם בדיון באודיטוריום, נקרא למשימת קודש, הוא נמצא בחיפה ביחד עם מנכ""ל משרדו, מטפלים בכל הסידורים כדי להקל על האזרחים שם. אני חושב שבאמת היום הזה, מי שארגן אותו – כל המארגנים, ציינו את שמותיהם, כל מי שהשתדל למען היום הזה – זה אירוע חשוב ביותר. מתחילת כינונה של הממשלה אני רואה חשיבות עליונה בשימת דגש על אזור הגליל כאזור שטעון התייחסות מיוחדת של כלל משרדי הממשלה. זה לא נושא למשרד ממשלתי אחד. אם לא יהיה כאן טיפול מערכתי של כל משרדי הממשלה בתוכנית מסודרת לכמה שנים, אנחנו לא נצליח לקדם את האזור היפה והאדיר הזה שקוראים לו הגליל. משכך, אני אומר: גם נאה דורש ונאה מקיים. המשרדים שבראשם אני עומד משקיעים תשומת זמן, ממש תשומות זמן אדירות, כדי להבטיח השקעה וטיפוח של אזור הגליל. עם כניסתי לתפקיד שר הכלכלה מצאתי שם תוכנית – אמצעיתה של תוכנית – שקידם השר בנט ואחרים, והמשרד קידם את התוכנית הזאת. והמשכתי לקדם אותה, עד שהבאנו את זה להחלטת ממשלה, וזה גם אירוע בפני עצמו, דבר שלא נעשה במשך עשרות שנים. הבאנו החלטת ממשלה שאומרת שתהיה תוכנית אסטרטגית רבת-היקף לגליל, והממשלה הטילה את זה עלי. באמת בסייעתא דשמיא הצלחתי לגייס את האלוף איתן דנגוט להירתם למשימה הזאת. לא פשוט. הוא רואה בזה גם שליחות ציונית. ועם כל הקשיים הביורוקרטיים, במהלך חודשים ספורים, בישיבות ארוכות מאוד, עם כל משרדי הממשלה הרלוונטיים, כדי להכניס אותם לתוכנית, כדי להתאים אתם את התוכנית, אכן התגבשה תוכנית טובה. נכון, התוכנית – כולם מכנים אותה 18 מיליארד שקל – זו באמת תוכנית גדולה. אבל צריך גם להבין, כדי לא להשלות אף אחד, כשאנחנו מדברים על תוכנית גדולה, למשל כשמדובר להעביר את המש""אות, שזה מרכזי התחזוקה של הצבא, לאזור התעשייה ציפורי ולמקומות אחרים – זה לבד קרוב ל-9 מיליארד שקל. המימון של זה אמור להיות מהקרקע היקרה מאוד שהם יפנו במרכז הארץ. ועוד שורה של דברים, של תשתיות ואחרים. וכדי להניע את התוכנית הגדולה הזאת – זה שנים, להזיז את המש""אות האלה, במקרה הטוב זה ייקח, הכי קצר זה ייקח שש-שבע שנים – כדי להניע מיידית יש תוכנית מסודרת, את חלקה הזכירו חבר הכנסת מרגלית וחברת הכנסת ביטון. כשמדובר על תוכנית לתעסוקה, למשל, זה דברים מיידיים, שבתקציב של 2017 אתה מניע מייד, אתה רואה מייד. למשל, אתה מגדיל את המענקים ל""כעומק הפריפריה כך עומק המענק"" – למשל – 30%. הטבות מס – הייתי הולך אפילו רחוק יותר. 3% גם נסתפק. אבל המדינה לא תפסיד, כיוון שכמו שאמר חבר הכנסת מרגלית: ממה נפשך? אם הם לא יבואו לשם, לא הפסדנו שום דבר. ואם הם יבואו לשם, זה לא בצד ההוצאה, זה בצד ההכנסה. ועם כל הכבוד, אתם יודעים מה שזה יניע? כמה אנשים יעבדו שם, כמה ישלמו מס, כמה אנשים ישלמו ארנונה, כמה יתווספו שם? לכן זה דברים שמיידית צריך לראות אותם ב-2017. ואני יכול לבשר היום, על דעת שר האוצר ועל דעת מנכ""ל משרדו, כיוון שהקמנו צוות של מנכ""ל משרד האוצר והאלוף איתן דנגוט, שיושבים עם שאר משרדי הממשלה. בנושא אחד התקדמנו, חבר הכנסת מרגלית, פחות או יותר סיכמנו אותו: בנושא התעסוקה. זה תוספת של מאות-מיליוני שקלים.

למה כבודו לא הקשיב? 30% אמרתי. אבל אני רוצה גם את הטבת המס – מה שדיבר חבר הכנסת מרגלית – את ההטבה הזאת, שזה צריך להיות שילוב ביחד, או שני מסלולים או מסלול אחד. חייבים להביא את המפעלים הגדולים הללו, לתת להם – כמו שאמרנו, אנחנו מדברים על הקו הרחוק, על קריית-שמונה, על הגולן, על מעלות, על המקומות האלה. אנחנו לא מדברים עכשיו, אני לא מדבר לא על עפולה ולא על מגדל-העמק ולא על יקנעם – שהם מקומות חשובים – אלה, ברוך השם – – –

תעשייה שלמה שמתפתחת מסביב. בזה אין ספק.

אז אני אומר: בנושא התעסוקה, שזה דברים מיידיים, זה דברים מיידיים, ולמשל הפרק הזה סוכם. ואני באמת כבר יותר אופטימי. יש לנו פרקים אחרים שאנחנו עכשיו בשלבי סיכום בהם. אנחנו יודעים שבתחום הבריאות יש תוכניות יפות, שכבר עשינו השנה. חברים, זה לא שהכוס ריקה ואנחנו עכשיו מנסים למלא אותה. קחו – מי שהשתתף, אני לא יודע, מוטי, אם היית אתי ביחד – בטקס שבו הכתרנו עשרות רופאים בפקולטה לרפואה בצפת. מי האמין שיהיה מחזה כזה? חברים, ויש שם תוכנית מיוחדת. החזרנו ישראלים וישראליות שלמדו בחוץ-לארץ, ועשינו תוכנית מיוחדת, שהם יוכלו כאן לקבל דיפלומה של רפואה, תוכנית מיוחדת בצפת. מי שראה שם – אני לא זוכר כמה, עשרות – ראה אותם שם עם הלבוש היפה והמיוחד, מקבלים את הדיפלומה בצפת – מי האמין שיהיה כזה דבר? אז, רבותי, הפקולטה לרפואה עשתה כבר שינוי גדול ברפואה בגליל. לא מספיק: אנחנו צריכים לבנות את מבנה הקבע, אנחנו צריכים עוד להשקיע בדברים – את בית-החולים השיקומי. יש לנו תוכנית לגבי כל אזור ואזור שמנית, מה הייחודיות שלו שם – אחד בסרטן, אחד במעבדות, הדברים האלה. אבל יש גם דברים שצריך לעשות מיידית – תוספת מיטות ותוספת תקנים – כדי כבר עכשיו לשפר. לא יכול להיות שאנחנו נתמודד עם נתון – שהוא אמיתי, לצערי הרב – שתוחלת החיים בצפון קטנה יותר מתוחלת החיים במרכז. זה פיקוח נפש. ואתה יודע שבכסף אתה משנה את הדבר הזה – ברופאים, במתמחים, באחיות, בתוספת מיטות. אין מה לעשות, אנחנו חייבים לעשות את הדברים הללו. אז יש עוד כמה פרקים שלא סיימנו. אני מקווה שנסיים אותם בימים הקרובים. אני חייב לומר, זו לא תוכנית שלי, חברים, זו תוכנית של כל משרדי הממשלה. האוצר מוביל. אנחנו כולנו נרתמים למשימה הזאת, כדי שכל משרדי הממשלה, במנגינה אחת, בשנים הקרובות, כולם – המבט והדחיפה יהיו כלפי הצפון, כלפי הגליל. רק כך אפשר להביא תקווה לאזור הזה ולהתחיל להעלות את המדדים, לעצור את ההגירה השלילית, להתחיל להשאיר את הצעירים שם, להביא עוד אוכלוסיות ולתת. יש שם גיוון מדהים, בגליל, של קהילות מדהימות. לכל אחד יש את הייחודיות שלו. לכל אחד יש את הדברים המיוחדים שצריכים – והתוכנית מדברת על כל אזור, וגם על כל קהילה, ועל כל אחד ואחד, לגוון לו. אם זה בתיירות, או אם זה בתעשייה, כמו שהוא אמר, לנשים ערביות, לעסקים קטנים מקומיים במסגרת הקהילה. שורה שלמה של דברים שאני מקווה – אני לא רוצה לפרט אותם כיוון שאני מעדיף שבתקציב המדינה, כשאתם תצביעו, תראו שם את הסעיפים הללו, תראו את הנושאים הללו ותראו שבאמת ובתמים לראשונה, היסטורית, ממשלת ישראל הזו עשתה מאמץ גדול מאוד והכניסה – והולכת באמת לתוכנית שתעזור, ויפרח האזור היפה הזה עם האנשים הנפלאים שנמצאים בו. ולמען השקיפות אני חייב להגיד, אני נמצא שם הרבה, כולל השבת האחרונה שם. כל הזדמנות שיש לי אני ומשפחתי נמצאים שם. זה אזור יוצא מן הכלל, אבל הוא חייב, הוא חייב, הוא חייב, את העזרה ואת הדחיפה הגדולה. ואני מקווה – חבר הכנסת חיליק בר, פה אני מתנצל שחשדתי בו וכיניתי אותו חבר הכנסת גוטמן, וראיתי כמה שזה פוגע בו – אז אתה יודע מה?

אז, אם כך, תעשה עוד צעד. אני לא יודע. תפתח את ה""בר"" הזה. תחזיר אותו, תחזיר עטרה ליושנה, אבוקרט, תחזיר עטרה ליושנה. תפסיק עם ה""בר"" הזה, תחזור חזרה. ראיתי את הלהט שלהם, של אראל, שלו, של איל בן ראובן, של ברושי, כל חברי הכנסת, באמת. הנה, חברים, אני מציע לכם, בעזרת השם, שכשאתם תראו שכל מה שאמרתי אכן מתגשם, תצביעו בעד התקציב, כהזדהות עם תושבי הגליל.

מה אתם רוצים עכשיו? מה אתם רוצים עכשיו?",5,"The speech does not explicitly address the topic of settlement in Judea and Samaria, focusing instead on economic development and support for the Galilee region."
317747,2018-02-26,הצהרת אמונים של חבר הכנסת דן סידה,"אדוני היושב-ראש, חבריי השרים, השרה מירי רגב, חבריי חברי הכנסת, חברות הכנסת, חבר הכנסת ידיד נפשי, כאח לי כבר כמה עשורים, דן סידה – אנחנו קוראים לו דני, למרות ששמו לא דניאל, אבל אנחנו קוראים לו דני – משפחת סידה, חברים, הילדים, כל החברים והידידים, ראש המועצה שלנו במרום הגליל, עמית – – –

לא לא, שלנו שלנו שלנו. ואחרונה חביבה, שבאמת כל הזכויות שייכות לה, אורה סידה, אשתו של דן, אשת חיל, באמת אשת חיל – דני מצא אשת חיל, ברוך השם, אם הבנים, אם הבנות שמחה, אשת חיל, עקרת הבית, אשת ציבור למופת. אם הייתי מבקש מבורא עולם מתנה ליום ההולדת, הכי טובה שאני יכול לבקש זה לשמוע היום את הנאום של דני פה, מעל הדוכן, לראות מה זה באמת שליח ציבור אמיתי. ""יגיע כפיך כי תאכל אשריך וטוב לך. אשתך כגפן פֹּרִיָּה – – – בניך כשתִלי זיתים"" – התקיים בך, דן. איש תמים וירא אלוקים, ישר דרך, נקי כפיים ובר לבב, פיו וליבו שווים, ברוך השם; עובד את אדמת ארץ ישראל, שליח ציבור אמיתי. קשה לי לברור את המילים, בגלל שאולי יש לי קצת נגיעות – אני אוהב אותו מאוד, אז לפעמים אהבה גם מקלקלת את השורה, אבל עמיתיי, כל מה שאני אומר אני אומר מתוך ליבי. זכינו, התנועה, היום, שמצטרף אלינו חבר כנסת חדש אבל פעיל ישן, מראשוני הפעילים שלנו. אני רוצה להודות לסגן השר יצחק כהן, שהשתמש בחוק הנורבגי כדי שדני ייכנס. אני מודה לו על כך. אני חושב שזה באמת – הכנסת, הגליל, תנועת ההתיישבות – ארץ ישראל תרוויח מאוד. אמרתי לחיים ילין שיש לנו כבר – סיעה קטנה, שבעה חברי כנסת – יש לנו שלושה מושבניקים. הראשון, הבכור שבהם, חבר הכנסת יצחק וקנין, סמוך, מושב יערה, ויש לנו חבר הכנסת יעקב מרגי בשדה צבי – שכן שלך – ועכשיו יש לנו גם את דני בספסופה. אני חושב שבאמת יש להם חלק חשוב, אבל דני – חוץ מההתיישבות, כפי שהוא אמר – יש לו הרבה מאוד מה לתרום. ראיתם את כל החיים המפוארים והמבורכים שהיו לו, כמה דברים הוא עבר בחיים. משפחה מאוד ענפה, מאוד חזקה בגליל, ותרמה ליישוב ארץ ישראל, יישבה את הגליל וממשיכה להפריח את הגליל. בעזרת השם, דני, אני מברך אותך בברכה שחז""ל סיפרו על אותו אדם צמא ועייף שהלך במדבר. היה צמא מאוד ועייף מאוד, והשמש הכתה על ראשו, ופתאום הוא ראה במדבר אילן יפה, עם צל יפה, שאמת המים עוברת מתחתיו, ופירותיו – אה, איזה פירות יש על האילן. מספרת הגמרא שהוא בא, רחץ את פניו, שתה, אכל מהפירות, ישב תחת הצל של האילן, וברוך השם, נחה נפשו ונחה דעתו. כשבא להיפרד, אמר: אילן, אילן, במה אברכך? צילך נאה, פירותיך מתוקים, אמת המים עוברת דרכך. אלא יהי רצון שכל פירות שייצאו ממך, יהיו כמותך. דני, שתראה נחת, בעזרת השם, מכל יוצאי חלציך, שהילדים היקרים שלך, שאני אוהב אותם כמו ילדים – באמת, בלי עין הרע, איזה ילדים מתוקים, הבנים והבנות – שתראה מהם נחת, ותעשה את כל הכישרונות ואת כל מה שאתה יודע לעשות, תנצל את זה ותעשה את זה למען טובת הציבור וטובת עם ישראל. ברוך הבא והצלחה גדולה ופורים שמח.",10,"The speech strongly supports settlement in Israel, emphasizing its historical and national significance, as well as the contributions of settlers to the region."
318574,2018-03-13,"הצעת חוק התקציב לשנת הכספים 2019, התשע""ח–2018;: הצעת חוק התוכנית הכלכלית (תיקוני חקיקה ליישום המדיניות הכלכלית לשנת התקציב 2019), התשע""ח–2018;: הצעת חוק ההתייעלות הכלכלית (תיקוני חקיקה להשגת יעדי התקציב לשנת התקציב 2019), התשע""ח–2018","לא בטוח שנשב פה עד לקץ עולם?

בינתיים כמעט 1,000 משאיות כל יום נכנסות – לא מטורקיה ולא ממצרים ולא מאף – – –

לא בגללנו. לא בגללנו. לא בגללנו.

בגלל סגירת המתקן בחולות חסכנו כסף, ובכסף הזה אנחנו משתמשים עכשיו.

נכון. הרבה מאות מיליוני שקלים.

מרב – – – שזה בוקר, כן, את כמעט כמעט משכנעת אותי להגיד לך כמה שמות טובים של חברים שלך לסיעה שהיו מתקשרים כל יום שלוש פעמים והיו שואלים אותי: נו, הצלחת לפתור את המשבר, שחלילה לא יהיה בחירות? אז לא כדאי. אני מציע קצת, קצת, קצת צניעות. תאמיני לי, הרבה חברים טובים שלך.

כי אני פעלתי שלא. כי אני פעלתי שלא יהיו בחירות, והחברים שלך דאגו מאוד מאוד אם יהיו בחירות, אז לכן, עם כל הכבוד. אני לא מבקש שתגידו תודה, אבל לא להפוֹך את זה להפוּך.

תאר לך שאתה היית עומד על הדוכן ואומר את זה על הנשים. מה היו עושים לך?

מאיר, המזל שלנו, שהבתים שלנו, של ההורים, היו קטנים. זה המזל.

מאיר, תבוא עם תוכנית – ברוך הבא.

אישרו עכשיו ברהט – הגדלנו את שטח השיפוט שלה ב-17,000 דונם, ועוד רשות בדואית שם – – – שורה שלמה של רשויות.

ועדות מקצועית, גיאוגרפיות – – –

ניקח עכשיו לדוגמה את 150 מיליון השקלים שהוצאנו מהאוצר בשביל לחלק לרשויות שסמוכות לנמל התעופה בן-גוריון. איך הבאנו את הכסף, אתה יודע? הוועדה הגיאוגרפית כבר התחילה לדון לספח את נמל התעופה בן-גוריון ללוד או לעיר סמוכה אחרת, והם נבהלו ושילמו. אותו דבר בחיפה עם רפא""ל – קריית ים. זה הצדק החלוקתי האמיתי ביותר כדי להתחיל לעשות קצת – – –

– – – לחלק לרשויות החלשות.

אתה יודע מה הפתרון הכי טוב למג'ד אל-כרום?

יש שם שלוש רשויות מקומיות אחת אחרי השנייה, הרחובות חצי פה וחצי שם. אף אחד לא יודע את הגבול של הרשות – של בענה – – –

כן, אבל זה רק לטובתם. בינינו, זה באמת לטובתם. אין שום סיבה שבעולם. כל רשות קטנה לבד לא יכולה להתמודד, לא יכולה להתמודד עם זה.

עוד גזבר, עוד מלכ""ר, עוד זה – בשביל מה? קח את הכסף ותעשה איתו למען התושבים. טוב, אבל לא חשוב.

אתה צודק. זה בעייתי, זה בעייתי. אני מסכים.

דרך אגב, גם אצל היהודים זה בעייתי מאוד, זה לא רק שם. בגלל זה אנחנו הולכים על אשכולות. אין מה לעשות, אנחנו מקימים אשכולות.

עכשיו הוא יושב-ראש הוועדה הגיאוגרפית של חיפה.

אני מיניתי אותו לממונה על מחוז הצפון במקום קניג, ואחר כך הבאתי אותו להיות מנכ""ל משרד הפנים – – –

איך אמרת? כשם שאין פרצופים שווים, אין מה לעשות – – –

ומה עם התוכנית הכלכלית שאישרנו למגזר הבדואי בכמה מיליארדי שקלים? עכשיו. רק במשרד הפנים לבד אני מבצע 500 מיליון שקל. איפה – – –

לא, לא, זו תוכנית מיוחדת, החלטת ממשלה למגזר הבדואי. נוסף ל-922 למגזר הערבי יש תוכנית מיוחדת למגזר הבדואי.

אני שר הפנים, יושב אצלך פה, ואני יכול לתת לך ואשלח לך בכתב עד הפרוטה האחרונה מה ביצענו.

סליחה, אתה מדבר באמת לעניין, אבל כדאי לדייק. אמרת שאין אף רשות ערבית שיש לה תוכנית מתאר. זה לא נכון.

יש מאושרות, יש מעודכנות. חסר עוד הרבה, אבל זה לא – – –

חסר עוד הרבה, אני מסכים איתך.

תגיד לו את זה במרוקאית, נו.

זה פחות מההטבה של המדינה.

המספרים נכונים, המילה שלך לא נכונה.

לא למדתי לימודי ליבה, אבל יש הבדל בין יצאו לבין הוציאו, נכון, אדוני היושב-ראש? נכון?

לא, אבל יש הבדל בין יצאו לבין הוציאו.

עד לרגע זה שאני מדבר איתך לא הוצאתי ולא הוצאנו אדם אחד מאפריקה בכוח מישראל. הוצאנו בשנה שעברה, ב-2017, למעלה מ-5,000 מאירופה וממזרח אירופה. את זה תגיד.

לא כדאי רק להוציא דיבת מדינת ישראל בעולם, כדאי גם להגיד את האמת. כדאי להגיד. המדינה היחידה בעולם שעושה אפליה לטובה למי שצבעו שחור, כמו שאתה מאשים אותי בגזענות, זה דווקא מדינת ישראל. את אלה שמאירופה אנחנו מוציאים בכוח; את האפריקאים – עד היום לא הוצאנו אחד בכוח.

חזרו לאריתריאה, מתוך בחירתם ומתוך רצונם.

אדוני היושב-ראש, חברי הכנסת הנכבדים, אני הרי יהודי שמאמין בהשגחה עליונה ובהשגחה פרטית, וכנראה שהקרו לפניי להיות תורן. באמת, דיון חשוב. אני חייב לשבח את חבר הכנסת רז, שמהפעם הראשונה שהכרתי אותו כאן, באמת, הוא בלי התלהמות ובלי פופוליזם ובלי הדלפה: דיברתי עם השר והתרעתי, אלא הוא שואל ובודק את העניינים. הנתונים שהוא אמר הם נתונים נכונים ואמיתיים. אבל אני רוצה להתייחס ולהסביר את הדברים. אבל קודם כול בנושא הגיוס. הלוואי שהשיח כאן ובמקומות אחרים היה כמו שאתה העלית אותו. אני חושב שהעלית סוגיה שצריך לדון בה. לצערי, כמעט כולנו – אני מדבר גם על עצמי – כשמדברים על הסוגיה הזאת לא אומרים את האמת. הראשונים שלא אומרים את האמת זה הצבא, לצערי הרב, שאני מאוד מכבד אותם ומאוד מוקיר אותם, ואני עובד איתם בקבינט. אני נותן להם את כל הגיבוי שיכול להיות, כיוון שהם אנשים נהדרים, החל מהרמטכ""ל. אבל בסוגיה הזאת, אולי בגלל הרגישות שלה, אולי בגלל שנכנס לדנ""א שלנו צבא העם, כור ההיתוך, אז אנשים מפחדים לעשות שינויים, שיאשימו אותם, חלילה וחס, בחוסר פטריוטיות אם הם ישנו משהו. אבל באמת, הגיע הזמן – כשאתה רואה את הנתונים, כמה מתגייסים, כמה לא מתגייסים, ושעל כל לוחם יש לך עשרה אנשים לא לוחמים וכל מה שקורה מסביב, הגיע הזמן לדון ולחשוב אם הצבא כפי שהוא בנוי היום, בשירות חובה ובכפייה, מתאים לכל אחד; האם לא צריך לפצות ולשפות בצורה משמעותית מאוד את אותם לוחמים ואת אותם אלה שכן יכולים, ושם לעשות את ההעדפה ואת האפליה לטובה ואת התמריצים החיוביים. אבל כל אלה סוגיות שלצערי לא מדברים עליהן בצורה רצינית ואמיתית, אלא כל אחד – זה מתחלק. אתמול ראינו את הדיון. זה שיח של חירשים. לכן, חבל, אבל אני לא איכנס לזה, כיוון שאני לא אבזבז את הזמן על הנושא הזה. עוד ידברו בזה רבות. לגבי הנושא של המסתננים. כפי שאמרתי, אני רוצה לחדד, ואחר כך להגיד מה אני חושב לגבי העתיד. עד לרגע זה – ובינתיים אתמול התחייבתי לבית המשפט שגם בשבועיים הקרובים זה לא יקרה – אנחנו לא הוצאנו אף מסתנן, לא רק באזיקים, חלילה, אלא גם לא בצורה של ""כופין אותו עד שיאמר: רוצה אני"". כל מי שיצאו עד לרגע זה – וממשיכים לצאת, כולל היום ואתמול ומחר – הם מרצונם. אנחנו אישית, משרד הפנים, פתחנו מסלולים עם קנדה, עם שבדיה, עם עוד מדינות שיש לנו איתן קשרי עבודה יוצאים מן הכלל, דרך השגרירויות שלהן בארץ, וחלק די חשוב מהמסתננים – מספר די גדול – אנחנו שולחים אותם למדינות אירופה. שם, כמובן, יש לזה ביקוש גדול מאוד. אני רק רוצה לומר לך שאנחנו הגענו לסיכום עם שגרירת קנדה בישראל על מספר גדול ב-1918, ואני מקווה שגם – – –

אחרי שהרב מוזס גילה לי מי האבא אז עכשיו אני כבר מבין מאיפה יצא הבן, מה אני אגיד לך. אני לא יודע אם עכשיו אני עושה לאבא טוב או לא, אבל האבא היה אחד מה""נאשמים"" – במירכאות – שבהקמת תנועת ש""ס. הוא עזר לנו במשרד החינוך להקים את תנועת אל המעיין ומעיין החינוך התורני. אז אצלנו יש לו מקום גדול מאוד בלב, של כבוד.

אני לא יודע אם הבן עכשיו שמח בזה או לא, אבל אני אומר לך את הדברים האלה.

טוב, נמשיך הלאה. אני הייתי האדם הכי מאושר והכי שמח אם הייתי יודע ואם הייתי יכול שימשיכו לצאת חלק גדול, בתקופת זמן יותר קצרה ממה שקורה היום, למדינות באירופה. זה המקום הכי טוב. אפריקה, גם בתנאים הכי טובים, שאני עוד מעט אגיד לך, שהשגנו בשבועות האחרונים, זה עדיין לא אירופה, אין מה לעשות. אבל צריך לזכור גם, עם כל הכבוד, שיש מאות מיליונים, אם לא יותר, של אנשים באפריקה שחיים בתנאים הללו. זה לא שעכשיו אנחנו מסתכלים נקודתית על כמה אלפים. אני מדבר בכותרות. אתה אומר: אוגנדה קלטה מיליון פריטים, רואנדה קלטה 180,000 פליטים; ואנחנו – 12 פליטים, או משהו כזה. צריך לזכור, להבדיל, שאנחנו, המדינה הקטנה שלנו, עם כל ההתמודדויות, קלטה בתקופה קצרה יחסית הכי הרבה פליטים מכל העולם. אז מה, במקרה הם יהודים, אבל אנחנו ממשיכים. רבי מאיר, היושב-ראש, דיבר על הביקור שלו במחנות באתיופיה. אני אומר לך שעל פי חוק השבות – לא ניכנס עכשיו להגדרות מי יהודי ומי לא יהודי, אוקיי? על פי חוק השבות של מדינת ישראל, החוק החילוני, הם לא זכאים לחוק השבות, לכל הדעות. הם גם לא נכדים לסבא יהודי. יש שם למעלה מ-7,500 איש ואישה וילדים שמחכים שם מ-2010, ומנהלים אורח חיים יהודי יותר אפילו ממה שהמשפחות שלהם פה בארץ. אתה ראית את זה, ביקרת שם.

על פי חוק השבות אי-אפשר להביא אותם, לכן אני לא יכול להביא אותם. צריך לדאוג, לחכות לתקציב. בשנה שעברה הבאנו 1,300, והשנה נראה כמה. יש לנו בהודו למעלה מ-5,000 מבני מנשה שגם הם מחכים להגיע לארץ, והם לא זכאים על פי חוק השבות.

לא מגיירים שם. בהודו אסור לגייר. יש בעיה.

גם אסור. לא מגיירים. אז אני אומר, חבר הכנסת רז, גם את זה צריך לזכור, את הדבר הזה, עם כל הכבוד. אנחנו באמת מתמודדים עם דברים גדולים מאוד של קליטה כאן. החברה שלנו עושה את זה וקולטת כל שנה. זה לא שאנחנו סגרנו את העיניים. כשאני אומר ""עניי עירך"", אני לא לחינם אומר ""עניי עירך"". אבל יחד עם זאת, כמו שאמרתי, לא גירשנו אחד. אנחנו נותנים שירותי חינוך, שירותי בריאות, אנחנו נותנים לעבוד, אנחנו מאפשרים את כל מה שאתה רואה. לגבי המדינה השלישית, שעדיין יש צו איסור פרסום להגיד את השם שלה – –

– – תראה, אני שמעתי את הטענות. כשאני שומע, אני בודק. אני לא מזלזל ואומר: לא, לא יכול להיות, הם בטוח מקיימים את ההסכמים. שלחתי לשם משלחת בראשותו של פרופ' שלמה מור-יוסף, ואני חושב שכולם יודעים מי האיש; באמת, אדם מאוד נכבד, מאוד ישר, מאוד הומני, מאוד הגון. הוא נסע לשם לכמה ימים יחד עם עוד אנשים מהמשרד שלי, והם ערכו מסע רגלי. אני ראיתי. הם גם צילמו את זה והביאו לי. אז אני סתם אספר לכם קוריוז קטן, אדוני היושב-ראש. בקמפיין המקצועי מאוד שעשו נגד כביכול המדיניות שלנו של מדינה שלישית בחודשים האחרונים – באמת היה קמפיין גדול ומקצועי. למה אני אומר מקצועי? מכיוון שאחד הכוכבים של הקמפיין הזה, שהתראיין בכל כלי תקשורת גם בארץ וגם בעולם, סיפר בכאב גדול איך הוא יצא מפה למדינה השלישית והבטיחו לו, כמו שאומר חבר הכנסת רז, ניירות ולעבוד ולשהות, והוא לא קיבל שום דבר; לקחו לו את הניירות ושלחו אותו. והינה, אותו כוכב תקשורת, שהדברים שלו הדהדו בכל המקומות – אני קיבלתי עכשיו מפרופ' מור-יוסף, בפלאפון שלו הוא צילם: הוא שאל את השאלה. הוא לקח בכוונה את השם של הבן אדם הזה ושאל את השלטונות של המדינה: הבטחתם לתת. למה לא נתתם לו? ואז הם לקחו אותו בעצמם לשדרות – דווקא מקום, אני ראיתי את המקום – איזו שדרה של חנויות שם; אותו בן אדם שאמר שלא נתנו לו ניירות והוציאו אותו ולקחו לו את הכול מנהל חנות ברואנדה. מנהל חנות, חנות; לא חנות של מותגים, אבל חנות. כששאלו אותו שם: אתה אמרת? התראיינת? אז הוא התחיל להתחמק. קיבל ניירות, יש לו את הניירות שם. הוא נשאר שם. הוא פתח חנות והוא מתפרנס. צריך להסתכל על הדברים. למרות זאת, אני אומר, ישבנו אנשים שלנו, בראשותו של פרופ' מור-יוסף, עם הדרגים הכי בכירים, אבל מקצועיים, שמקבילים אלינו, שירותי הגירה וכל התחומים. הגענו איתם למסלול מאוד מפורט, בתאריכים, בימים: מתי מקבלים נייר כזה, לכמה זמן, אחרי כמה זמן, אם אתה לא בוחר את המסלול של פליט, או אם אתה בוחר את המסלול של שהייה – הכול מסודר ומאורגן, כולל סיור אישי של פרופ' מור-יוסף, על פי בקשתי, בבתי החולים שם, כדי לבדוק את שירותי הבריאות. הופתענו, אני אומר לך שהופתענו: כל המכשור הכי מודרני שיש היום בבתי החולים יש להם – MRI, CT כזה ו-CT אחר; כל השירותים, הבדיקות, ניתוחים, חדרים כירורגיים – יש הכול שם. זאת מדינה מפותחת. אני ראיתי גם בווידיאו את הרחובות שהם טיילו בהם. לכן, אלה הנתונים. שאלת שאלה קשה באמת: איך יכול להיות שאנשים נסעו לשם בכמויות של כמה אלפים מצטברים ולפי מה שאתם יודעים, או לפי מה שניסיתם לבדוק, לא נשארו שם? חלקם עברו לאריתריאה, חלקם לאירופה ולמקומות אחרים. אז גם אנחנו שאלנו את השאלה. עשינו בדיקה ושלחתי אנשים ובדקנו את העניין. התברר דבר פשוט: בסוף הכסף עושה את הכול. אנשים, מתברר – יש חלק גדול שרוצים ללכת רק לאירופה. יש חלק שרוצים לחזור לאפריקה ומעדיפים לחזור למדינה שלהם, לאריתריאה; טוב להם, יש להם שם משפחה, זה המקום הטבעי שלהם. אלא מה? כדי לקבל ויזה כאן בארץ ולחזור לאריתריאה, השגריר כאן מבקש מהם קנס על כל שנה שהם שהו פה כדי לקבל את הוויזה. אם הם היו פה עשר שנים, מהמענק שאנחנו נותנים להם, 3,500 דולר, לוקחים להם כמעט 1,500 דולר. זה הרבה מאוד כסף בשבילם. אז מה עושים? פטנט פשוט. נוסעים למדינה שלישית, ושם נותנים להם ויזה בחינם, בגלל שאנחנו הגענו להסדר איתם ביחד. הם מקבלים, ועוברים רגלית את הגבול לאריתריאה או למקום אחר בלי לשלם את הקנס הזה. לכן הם הרוויחו את המענק. זאת למעשה הסיבה העיקרית של אלה שעשו את המדינה השלישית למחנה מעבר. לכן אני אומר שהתמונה לא פשוטה. אתה בטח גם יודע את זה. אני רואה שאתה יודע כל דבר ואתה עוקב אחרי הדברים הללו. אתה יודע שנמצא כאן בארץ בכיר מאוד מהאו""ם, מהנציבות לפליטים. ישבנו איתו, קיבלנו אותו בכבוד הכי גדול שיכול להיות. ישבתי איתו. באמצע המשבר הגדול שהיה השבוע ישבתי איתו הרבה זמן; ראש המל""ל ישבה איתו; שרת המשפטים ישבה איתו וממשרד החוץ ישבו איתו. אנחנו שומעים הצעות ואנחנו בודקים הצעות, ואני לא איכנס לפירוט. אנחנו בודקים הצעות, מנסים להגיע להבנות. כל הזמן חותרים לתת להם באמת את הפתרון הטוב יותר שאפשר. אבל יחד עם זאת, תזכור שאני רוצה לפתור את הבעיה של התושבים של השכונות החלשות כאן, שבמשך שנים ארוכות החיים שלהם לא חיים, ואני רוצה לפתור את הבעיה הזאת. אני מנסה לעשות כל דבר שאפשר באופן הטוב ביותר, אבל בסוף בסוף, אחרי כל הפתרונות, עדיין אני עומד על המדיניות. אני מקווה שאני לא אשתמש בה הרבה, אבל עדיין, מי שלא רוצה את כל הפתרונות שאנחנו נותנים לו ולא רוצה ללכת מרצונו, הוא יצטרך ללכת ולקבל את הסל הזה שאנחנו נותנים לו, כיוון שעם כל הכבוד, טיפלנו בהם מספיק, נתנו להם. מי שפליט יקבל מעמד של פליט, כמו דארפורים ואחרים, ומי שלא – יתכבד ללכת. תודה רבה.

סליחה. לגבי פיקוח, אני לא חושב שאני הכתובת. אני חושב שאתם ככנסת צריכים להחליט. אתם מוציאים משלחות. אני לא חוסם. מה, אתה צריך ויזה ממני? מה אתה צריך? מה?

אתה יודע שאנחנו משתפים פעולה. כשאתה ביקשת ממני פגישה לדווח לי, מייד ביקשתי ששלמה מור-יוסף יפגוש אותך. אתה יודע, כל הנתונים שלנו הכי שקופים שיכולים להיות. אנחנו נותנים את כל הפרטים. אנחנו לא מסתירים שום דבר, הכול גלוי ושקוף. אדרבה, אם הכנסת תחליט שהיא רוצה להוציא משלחות, כמו שהיא הוציאה לאתיופיה ולמקומות אחרים – בשמחה, תצאו. כל נתון אני לומד. אני לומד מכל דבר שמביאים לי. אתה מביא לי נתונים, אחרים מביאים לי נתונים. אם צריך לעשות בדיקה חוזרת, ואם אנחנו צריכים לתקן את עצמנו, אנחנו מתקנים.",10,
318615,2018-03-13,הצהרת אמונים של חבר הכנסת ינון אזולאי,"אני חושב שחבר הכנסת בן צור כבר עשה קיזוז היום.

נו, אמרתי לך. אני מכיר אותו. נו, מה.

אדוני היושב-ראש, חברי ידיד נפשי שר הדתות דוד אזולאי, השר אלקין, חברים, חברות, בני משפחת אזולאי, משפחת כהן, ידידים, פעילים יקרים, עובדי משרד הפנים, משרד הנגב הגליל והפריפריה וכמובן, אחרון אחרון חביב, חבר הכנסת ינון אזולאי. אני צריך להתחיל להתרגל. אני חושב שמבר-המצווה שלו לא שמעתי אותו מדבר, ואני חייב לומר שהוא עשה את זה יפה מאוד, באמת יפה מאוד. ביומיים האחרונים חששתי איך ינון יעמוד פה וידבר; הוא לא רגיל לדבר, הוא רגיל לעבוד, רגיל להיות צנוע, שקט. ואני חייב לומר שהוא עשה את זה יפה מאוד, ברוך השם, באמת יפה מאוד. סיפור קטן מהשבוע, שתבינו מי זה ינון. ביום ראשון הוא מתקשר אליי אחרי בקשת המחילה, ואומר לי: תשמע – אם מישהו זוכר, השבוע נראה שעברו כמה שבועות טובים, ובסך הכול שלושה ימים. עברנו הרבה טלטלות בשבוע הזה. בכל שעה השתנה מזג האוויר. אף חזאי לא היה שייתן לנו הערכת מצב מזג אוויר מדויקת, ולכן כל שעה השתנה העניין.

כן, כן, כן, כן. ואז ינון מתקשר אליי ביום ראשון בערב, לאחר שדוד הודיע לי שבכוונתו להתפטר, ינון מתקשר אליי ביום ראשון ואומר לי: כבוד השר, אני חושב שלא כדאי, כיוון שאני רואה שהשבוע הזה הוא המושב האחרון, ואחר כך זה פגרה ובחירות. זה סתם בזבוז. בשביל מה אני אקח סתם משכורת? זה נראה לי הליך מיותר, סתם, בשביל מה? אני לא יודע כמה אנשים אתם מכירים שהיו אומרים, כזאת שיחה.

הפוך, כן. אמרתי את זה בלשון חיובית. אמרתי לו: אני שומע. היות שאני מכיר את הפנימיות של ינון ואני מכיר את היושר ואת הפנימיות העשירה – הוא גדל בבית אבא ואימא ואני יודע מה העושר הגדול הזה, המוסרי והערכי – אמרתי לו: נדבר בבוקר. בבוקר סימסתי לו בשעה מוקדמת: תמשיכו במהלך. זה נכון שמיום שני בבוקר ועד אתמול בערב עוד מזג האוויר השתנה הרבה פעמים, אבל ברוך השם בסוף התייצב מזג האוויר, וינון לא ייכנס עכשיו רק לפגרה אלא תהיה לו עבודה כאן, ואני מקווה, בעזרת השם, שגם הכנסת תמלא את ימיה ונוכל ליהנות כולנו, גם אנחנו כסיעה וגם עם ישראל והציבור שלנו – יוכלו ליהנות מהכישרונות ומהניסיון והידע ומהמידות הטובות ומהערכים שאתה מביא. אמרתי בישיבת סיעה למטה שינון גדל בבית מיוחד במינו, בית מיוחד במינו. לא כל אחד זוכה לכזה דבר. שמחה גדולה לי ובטח גם לדוד, כאבא, אבל גם כפעילים וכמייסדים של התנועה, מהפעילים הראשונים – זו שמחה גדולה לראות את הדור השני. ממש במו עיניך אתה רואה את הדור השני שגדל – כילדים קטנים הם קראו לעצמם ילדי המהפכה – לראות אותם היום, אומנם עם חליפות ועניבות, כבר ממוסדים יותר, אבל אתה רואה את הפירות המשובחים באמת של דור ערכי, גאה – לא בלשון השלילית אלא בלשון החיובית – מאמין בדרכו, מאמין בדרך, מסור לעבודה הציבורית ועוד תכונות. אבל התכונות הבולטות ביותר שהייתי רוצה לומר על ינון – שבאמת שמחתי מאוד שהוא עבד איתי בשנים האחרונות צמוד בלשכה. הכרתי אותו לפני זה, אבל בלשכה אתה רואה את האנשים יום-יום, שעות, שעות במצבים כאלה, בעליות ומורדות, לפעמים בשעת לחץ ולפעמים אתה מבקש תשובות מיידיות, בסיורים. ואז אתה רואה את התכונות האמיתיות של כל בן אדם ומה המחויבות שלו ומה המטען שהוא מביא. ראיתי שם – ואני ברוך השם שמח על זה – שבאמת ינון – הנאום שלו לא היה סתם נאום מליצי. ""לא גבה לבי ולא רמו עיני ולא הלכתי בגדֹלות ובנפלאות ממני""; הצניעות שהוא קיבל מבית אבא, המסירות, סבר הפנים היפות, הענווה הטבעית המובנית, ממש מובנית, לא ענווה לשם הצגת ענווה אלא ענווה אמיתית. אני מאוד מקווה ומברך ברכת הדיוט וחבר שהתכונות הללו ימשיכו. בעזרת השם שנזכה באמת, כל חברינו לסיעה, אבא ואימא וכל המשפחה, לראות אותך מצליח ומביא את כל כישוריך לידי ביטוי ושאנחנו נהנה מזה, בעזרת השם. אנחנו בתנועה, רק לפני שבועיים, בסיעה, קיבלנו כחבר כנסת את דני סידה, איש ההתיישבות שלנו, ועכשיו את ינון, אז כבר דני ותיק, ולפני זה את מלכיאלי, הצעיר שבחבורה, שכבר נהיה אחד מזקני השבט. אני שמח שחדש וישן, הוותיקים עם החדשים – משתלבים ביחד, תורמים מהניסיון אחד לשני, וברוך השם, מצד אחד יש את הדינמיות ואת ההתעוררות שמביאים החדשים ומצד שני הניסיון והחוכמה והוותק שיש לחברי הכנסת שלנו, אפשר לומר המנוסים והוותיקים במשכן הזה. כשאני מסתכל, חבר כנסת יצחק וקנין ויצחק כהן ומשולם נהרי ויעקב מרגי, יואב ככה – דור הביניים שלנו. אני רואה את השם הטוב, את הניסיון ואת ההערכה שיש להם במשכן הזה, ואת זה הם מקנים לחברי הכנסת שלנו ועושים את זה באהבה, בפרגון מוחלט, ובשמחה גדולה עוזרים להם לקבל את הידע וההכשרה הכי טובה. אז היו ברוכים, וברוך הבא, ינון, ואשתך היקרה, שבעזרת השם תזכה גם היא ליהנות ויהיה לה חלק גדול – ויש לה חלק גדול במה שאתה עושה. לדוד ידידי ולאשתו, אמרתי שאנחנו לא נפרדים; אתה ממשיך להיות שר הדתות, ואנחנו נמשיך ליהנות מכל הכישורים ומכל הידע והניסיון שלך, ואנחנו מאחלים לך, בעזרת השם, הרבה בריאות ושמחה, ותראה נחת, בעזרת השם, ותמשיך בתפקידך עוד הרבה שנים בבריאות ובשמחה גדולה. תודה רבה.",10,
321536,2018-12-18,הצעות לסדר-היום: ציון יום הנגב,"אדוני היושב-ראש, חברי כנסת, חברות הכנסת, גם האורחים והתלמידים היקרים, ברוכים הבאים. אני רוצה להזכיר לפני יום הנגב, שאנחנו היום גם – ליהודים זה יום צום עשרה בטבת. היום התחיל המצור על ירושלים. בנוסף לזה, בזמן הקמת המדינה, הרבנות הראשית לישראל הכריזה על היום הזה כיום הקדיש הכללי לכל אותם שנספו בשואה ולא יודעים את תאריך הפטירה שלהם ולא יודעים מתי להגיד את הקדיש, יום האזכרה שלהם. אז קבעו את יום עשרה בטבת כיום הקדיש הכללי. יהי זכרם ברוך. אני רוצה לברך את חבר הכנסת טלב אבו עראר על היוזמה, הרצופה כבר, להעלות בכנסת ולדון בוועדות הכנסת בנושא הנגב בכלל ובנושא הבדואים בנגב בפרט, שזו באמת האוכלוסייה הכי מוחלשת שיש באזור שם, הכי זקוקה לעזרה. תבורך. נכון שאלה נאומים ונכון שאלה דיונים, אבל זה מביא בסוף תוצאות, אני אומר לכם. כשממוקדים ומתעקשים, בסוף דוחפים ועוד דוחפים. נכון, זה הולך לאט-לאט, אבל בסוף, כשמציפים את הבעיות, הבעיות מקבלות פתרון. אין יותר טוב לפתרון מלהציף אותן באור השמש. הנגב אצלנו ביהדות, בדת, בתנ""ך – אברהם אבינו התחיל בנגב, יצחק, יעקב. זה למעשה היה כמעט המושב הראשון של אבותינו כשהם היו בארץ כנען, בארץ ישראל. לכן לנגב יש חשיבות גם היסטורית, חשיבות תנ""כית, חשיבות דתית. הנגב הוא גם השטח הגדול ביותר במדינת ישראל, ועם מספר האוכלוסייה הקטן ביותר במדינת ישראל. דיברו כאן מספיק על הבעיות ועל החשיבות של הנגב, ובצדק – אני רק רוצה לומר לחבר הכנסת נחמן שי, חבל שהוא לא נשאר לשמוע – כי האופוזיציה, התפקיד שלהם הוא להביא טענות ולהביא מה שחסר ומה הבעיות. ביושרו הוא הסכים לומר שיש קצת התקדמות, ואני רוצה לומר לו: ברור שחסרים עוד הרבה דברים, אבל אי-אפשר להתעלם ממה שקרה בנגב בעשר השנים האחרונות. רבותיי, מי שמתעלם מזה אז הוא פשוט מאוד חוטא לאמת. בצפון – אני גם אחראי על תוכנית הצפון, מקדם את תוכנית הצפון – מתגעגעים למה שקיבלו בנגב בעשר השנים האחרונות. מי שמסייר ורואה מה קורה בדימונה, מה קורה בבאר שבע, מה קורה בקרית גת, מה קורה בנתיבות, מה קורה בירוחם, מה קורה באופקים, מה קורה בקריית מלאכי, מה קורה בשאר המקומות, מבין מהי ההתפתחות הגדולה. אני כל הזמן נותן את זה כדוגמה: בסיבוב הראשון, לפני קרוב ל-30 שנה, כשהייתי מנכ""ל משרד הפנים ושר הפנים, סיירתי בדימונה. ראש העיר המנוח גבי ללוש, זכרו לברכה, הביא אותי לסיור בדימונה בשביל נושא אחד: 3,000 בתים ריקים להריסה, ואין לו תקציב להרוס את הבתים הללו. היום בדימונה בונים אלפי אלפי יחידות דיור. כך שההתפתחות הגדולה שיש בדרום היא התפתחות גדולה מאוד. זה בדרום ככלל. יחד עם זאת, אסור לנו לשכוח, כפי שאמרתי בתחילת הדברים – – –",5,
321537,2018-12-18,הצעות לסדר-היום: ציון יום הנגב,"חבל שאין לך דרך ארץ. אני הייתי בדיוק במשפט להתחיל להגיד עכשיו את הבעיות, ואתה קפצת. אוקיי. אני קצת בצום ואתה אכלת, אז יש לך יתרון עליי, בסדר? אבל קצת דרך ארץ.

תודה. באתי לכבד אתכם ובאתי לענות בצורה מפורטת ולהציף את הבעיות. תאמין לי שאני יודע את הבעיות ואני מכיר אותן. בדיוק התחלתי עכשיו לומר ""אבל"", וב""אבל"" קפצת. בסדר, לא נורא. כפי שאמרתי בהתחלה, בנגב, בייחודיות של הנגב, יש שם את האוכלוסייה הבדואית, אוכלוסייה גדולה מאוד, עם ייחודיות שלה, מסורת שלה, מורשת שלה, מנטליות שלה. אבל יש גם הרבה מאוד בעיות. אנחנו אוהבים לטייל, לראות את הדברים היפים אצל הבדואים – יש שם היום הרבה תיירות פנים, תיירות נשים. זו חוויה לראות את המסורת ואת החיים הבדואיים, אבל צריך לזכור שיש באמת בעיה גדולה מאוד: לצד ההתפתחות הגדולה מאוד שאמרתי שקורית בנגב היום, בולטת יותר ויותר הבעיה, והיא מחריפה יותר. זה נכון, וגם אתם תודו, שגם היישובים האלה שהזכרת, כפי שאמרת מקודם, חורה ורהט – זה לא דומה למה שהיה לפני עשר ו-15 ו-20 שנה. כשהייתי ברהט לפני שנה עמדו על השולחן תב""רים – שזה תקציב פיתוח של הרשות המקומית – שאושרו על ידי הרשות, למעלה מ-550 מיליון שקל רק ברהט לבד. יש ממש תנופת פיתוח ותנופת התפתחות ותקציבים שלא היו. החלטות הממשלה, בכלל בנושא המגזר הערבי, ובפרט במגזר הבדואי בדרום – אין ספק שיש שם הסבת משאבים שלא הייתה בשנים אחרות, אבל זה לא פותר עדיין את הבעיה של היישובים, של האוכלוסייה שלא מוסדרת, שבמשך שנים מנסים תוכנית א', תוכנית ב' ותוכנית ג', ועדיין לא פתרו את הבעיה. וכפי שהמחזה של הריסת בתים הוא באמת לא משמח אף אחד והוא מעציב מאוד – מאחורי כל בית יש משפחה, יש ילדים, ואנחנו יודעים את הטרגדיה של מי שהרסו לו את הבית – יחד עם זאת חייבים לעשות מאמץ עליון, גם אתם, לנסות להסדיר. בסך הכול המדינה מעמידה קרקע, המדינה מעמידה תקציבים. צריך פשוט מאוד להתכנס ולראות מה הפתרון ולהתגמש ולמצוא. אי-אפשר להמשיך בחיים המודרניים של היום. הצעירים הללו מפספסים את החיים שלהם. תראו מה קורה בחורה, כמה רופאים, כמה אחיות, כמה אקדמאים יש שם. תראו מה קורה במקומות אחרים שכן מוסדרים והחיים כן שם זורמים והם מצליחים. כל בחור צעיר כזה זה דור חדש. הילדים שלו, הנכדים שלו, הנינים שלו יגדלו אחרת לגמרי. וכל שנה שמפספסים, מפספסים דור, מפספסים עוד כיתה אחת שהלכה לאיבוד, עוד שכבת גיל שהלכה לאיבוד, וחבל. אני אומר, נכון, האחריות היא על הממשלה, אבל האחריות היא לא פחות עליכם. בורא עולם שם אתכם שליחים של הציבור הבדואי, ואתם עושים את זה באמונה.

לא להרפות מהעניין, ומשני הצדדים לנסות להתגמש. לא לבוא רק – ישבנו על זה, דיברנו על זה הרבה.

אתה צודק. תקשיב לי, אתה צודק.

לא, לא. המדינה מציעה הרבה מאוד, ואתה יודע שהמדינה מציעה.

אני לא שר החקלאות ואני לא אחראי על זה. אתה יודע שהמדינה מציעה הרבה.

לא, זה לא נכון. סליחה, ישבתי עם המינהלת של מעיין, אתה רואה שם – – –

שיהיה ועדת הפנים, בסדר גמור. אני מסכים.",5,
334438,2021-06-28,הרכב ועדות הכנסת,"בזמנו. וראי זה פלא, תוך שעה הוא שלח תשובה.

שהוא מקווה שש""ס תעודד אותם לשמור על החוק, ולא להפר את החוק.

אז כתבתי לו מייד בתשובה שהאכיפה צריכה להיות שוויונית, ולא רק נגד יהודים. לערבים מותר לבנות כמה שהם רוצים.

אתם מקימים את ההתיישבות – – – אתה יודע איזה זכות – – –

אדוני היושב-ראש, לפני השואה הנוראה שהייתה לעם ישראל לפני למעלה מ-70 שנה, העם היהודי בעולם מנה כ-18 מיליון איש. זה התחלק פחות או יותר שליש, שליש ושליש. שליש באירופה; שליש בארצות הברית ושליש ברוסיה ובשאר המדינות האחרות בעולם.

לצערנו הרב, בשואה העם היהודי איבד שישה מיליון, שבהם למעלה ממיליון וחצי ילדים. דור שלם נכחד, על כל תרבותו ועל כל הקהילות שלו. ואז קמה מדינת ישראל. בשנת הקמתה היו בה כ-600,000 יהודים, כשבארצות הברית היו שישה מיליון יהודים – הריכוז היהודי הגדול ביותר בעולם. היום מדינת ישראל מונה למעלה משבעה מיליון יהודים, ובארצות הברית, שלפי החשבון והסטטיסטיקה – אני לא מתמטיקאי – היו צריכים להיות בה למעלה מ-20 מיליון אחרי שני דורות וחצי, היום יש פחות משישה מיליון יהודים בארצות הברית. ההתבוללות הנוראה של היהודים, אחים ואחיות שלנו, ברחבי העולם, היא המכה הגדולה ביותר ליהדות בכל העולם. לצערנו הרב, אנחנו רואים בצורה מוכחת ביותר שהיכן שיש קהילות מסורתיות אורתודוקסיות, שממשיכות לשמור – מי פחות ומי יותר – על המסורת ועל שולחן ערוך, שם ההתבוללות היא כמעט אפסית או קטנה ביותר. בקהילות המתחדשות, שהביאו יהדות חדשה, שם ההתבוללות היא בעשרות אחוזים – 70% ו-80% ויותר, לצערנו הרב. 73 שנה מאז שהמדינה הזאת קמה, מדינת ישראל, והמאבק התמידי והעיקש של היהדות הרפורמית לקבל הכרה במדינת ישראל כזרם מוכר ביהדות קיבל מדי פעם בפעם תמיכה על ידי בית המשפט העליון, אבל לא צלח. ועדיין, במדינת ישראל גם בלשון מליצית, מי שלא הולך לבית הכנסת, לא הולך לבית הכנסת האורתודוקסי. עדיין יש משהו שמלכד את כולם. הבסיס הוא המסורת שלנו מדורי-דורות, מי פחות ומי יותר. אנחנו אמורים לאשר עכשיו בהצבעה את הקמת ועדת החוקה. כבר דיברו חבריי, ואני לא אחזור על זה, על העושק הדורסני בללכת ולעשות רוב של תשעה נגד שבעה כשזה לא היחס של הקואליציה והאופוזיציה. אבל מנצלים רוב על חודו של קול כדי לאשר. לכן, האופוזיציה, אנחנו לא אישרנו את החברים, אבל נהיה בוועדת החוקה, ננאם – מה שצריך לעשות.

הוועדה, לפי מה שנמסר לנו, הולכת למנות כיושב-ראש חבר כנסת שמתפאר ומתהדר בתואר של רב רפורמי. בוועדה שעיקר יחסי דת ומדינה והחקיקה של היחסים הללו הכי רגישה, הוא הולך לנהל אותה. המשמעות של זה היא שמי שמצביע בעד הוועדה הזאת, מכריז לכל היהדות בעולם: אנחנו, לא אכפת לנו מההתבוללות של העם היהודי.",10,
335077,2021-06-30,"הצעת חוק תכנון משק החלב (תיקון מס' 4), התשפ""א–2021","אדוני היושב-ראש, יישר כוח לחבר הכנסת ארבל. אני רואה שגם אני קיבלתי את ההסכם, אבל יותר טוב לשמוע ממך. הקראת את זה יפה. אני חייב לומר לך, אחרי יום כזה ארוך, קצת רגעים של נחת. סוף-סוף, ברוך השם, קם יישוב בארץ ישראל, קמה ישיבה, בצורה מסודרת. אני שמח ששר הביטחון נתן את הסכמתו לכך. מזכיר הממשלה מוציא מסמך רשמי. אז איך שאמרנו: דברים טובים – אנחנו מברכים עליהם, אז אני מברך.

דקה, דקה. אני מברך את הממשלה שקיבלה את ההחלטה, וכמובן שהממשלה הזאת, בלי השותפים שלה לא הייתה יכולה להתקיים, ולכן אני מברך את השותפים. אני מברך את השותפים ממרצ; את מוסי רז, שצעק היום, לפי דעתי, בהתבטאויות לא נכונות, לא טובות, לא הגונות ולא מוסריות. לקרוא לאנשים האלה ""עבריינים"", ""גנבים"" ו""פורעי חוק"" – לא מכובד, לא נכון ולא מוסרי. אז הינה, ממשלת ישראל, שאתה נותן לה את התמיכה, מחליטה להקים יישוב שם, אז ברכות לך, מוסי רז. אני מבין שאפשר לדבר ברדיו, אבל אתם נותנים תמיכה, אז מגיע לך יישר כוח גם על זה. אותו דבר לחכם מנסור. אני מודה לך ואתה לא שומע. אני אומר שהקריאו עכשיו את ההסכם שחתום עליו מזכיר הממשלה על הקמת היישוב אביתר והישיבה, עם לוח זמנים של מתי תקום הישיבה ומתי יוקם היישוב. אז אני בירכתי את הממשלה על המעשה הטוב, ובירכתי בעיקר את המחזיקים את הממשלה – את מרצ, את חכם מנסור, את חכם מאזן גנאים וגם את מי שלא נמצאים כאן, סעיד אלחרומי, ווליד טאהא.

משה, יש לך נאום – תדבר. אני באמת מתכוון ברצינות. אין מה לעשות, מצווה לפרסם עושה מצווה, ואנחנו מפרסמים אותם.

הינה, הוא פה. סעיד אלחרומי מקשיב. הוא מקשיב. הוא שמע. הוא שמע את הברכה שאני מברך אותו. אז באמת, יישר כוח גדול. אני מקווה שזה יהיה היישוב הראשון בשרשרת, בעזרת השם. יש עוד הרבה גבעות בארץ הקודש, ארץ ישראל, ותיישבו אותן.

נכון, מצוין. הינה, לקחת לי את המילים.

מה שאנחנו לא הצלחנו לעשות בגבורה, הינה, הם עושים, אז יכול להיות שבאמת – – –

אורית, שמעת? אורית, שאלת אותי לפני שבועיים למה קרה כזה דבר. הינה, את רואה את הקדוש ברוך הוא מחשבן חשבונות של עולם. הוא ידע שאנחנו לא מסוגלים להקים כזה דבר בגלל שבג""ץ היה מפיל לנו את זה, והינה הקדוש ברוך הוא שלח ממשלה שתוכל להקים יישובים בארץ ישראל. אז שוב, חכם מנסור, מרצ, תודה רבה לכם.

ליועז הנדל אני לא אומר תודה רבה. למה? יועז הנדל, אני יודע שהוא לא הקריב שום דבר בשביל היישוב, הוא תומך בזה. אבל להם, שמקריבים את האידיאולוגיה שלהם בשביל להחזיק את הממשלה ליישובים כאלה, מגיע יישר כוח.

איתן, איתן, רק שיסכמו את העניינים.

ספרי להם איך הסיפור התחיל.

קטי, סליחה, מחילה. יש לי שאלה ליושב-ראש. היושב-ראש, אני אמרתי לך, אני דואג לכבוד שלך. למה לא הכנסת סעיף בהסכם הקואליציוני שגם רע""מ תקבל נורבגי? מה, למזרחים לא מגיע נורבגי? רק להם מגיע נורבגי?

אני הייתי מציע לך לחזור מהמשפט: כל מה שדודי אומר לי, אני עושה.",10,
335813,2021-07-14,"הצעת חוק לתיקון פקודת העיריות (צדק חלוקתי בכל הרשויות המתוקצבות במדינת ישראל), התשפ""א–2021","אדוני היושב-ראש, כיוון שהשר המשיב, לצערי הרב, לא מבין ולא יודע בכלל על מה מדובר בהצעת החוק, ולכן הוא לקח את כל עשר הדקות שהתקנון מאפשר לו פלוס חמש דקות תוספת – – –

לא חשוב, לא משנה. איתן, אתה יודע שאני כל הזמן מגן עליך.

עזוב, אני לא בא – תן לי קצת, בשביל הפולמוס.

אוקיי. לקח את כל הזמן שיש לו כדי לתת מוסר ולהטיף מוסר, ומילה אחת לא דיבר על החוק, אז אני רוצה, כשר הפנים שליווה, תמך ודחף את הצעת החוק הזאת, להסביר לכל הפחות שכשאתם מצביעים נגד, לכל הפחות תדעו על מה אתם מצביעים נגד, ולא באופן אוטומטי. הצעת החוק מדברת – אין לה שום קשר, אין לה השלכה תקציבית של אגורה אחת. זה דבר ראשון שהשר אפילו לא ידע. הוא אמר שצריך לתאם עם משרדי ממשלה אחרים ולראות מקורות לתקציב. מה ההצעה הזאת אומרת? ההצעה הזאת אומרת שסמכותו של שר הפנים לעשות צדק חלוקתי – לקחת מהחזקים ולתת לחלשים על ידי הקמת ועדת בדיקה. היות שביהודה ושומרון כל המועצות שנמצאות שם, לא חלים עליהן החוקים שחלים במדינת ישראל, החוק הזה בא לומר, בלי קשר עכשיו לפוליטיקה שום דבר – חיים שם אנשים, ויש שם רשויות חלשות ויש לידן, סמוך, בתוך גבולות המדינה, יישובים חזקים. פשוט מאוד, לשר הפנים יש סמכות, אם הוא רואה לנכון, לקחת משם ולתת מהחזקים לחלשים. ככה עשינו בכל הארץ – ככה עשינו בנתיבות, ככה עשינו בכל המקומות, בבאר טוביה, בכל המקומות, ונענינו לפנייה של ראשי הרשויות: יוסי דגן, ששלח פרחים לממשלה, לחברי הממשלה, על ההסדרה של היישוב, וראשי רשויות אחרות. קידמנו את הצעת החוק הזאת, משה ארבל ומלכיאלי קידמו את הצעת החוק הזאת. לצערי, בגלל שאין לזה רציפות, זה לא ממשיך הלאה. זו הצעת החוק הכי הגיונית שיכולה להיות – ניר אורבך ואחרים. זה עזרה לתושבים שאתם כביכול כל כך דואגים להם. באים ואומרים: זה סמכות של שר הפנים, לא לוקחים שקל אחד מתקציב המדינה, ועולה כאן שר התקשורת, שמעז לתת מוסר כאן לאופוזיציה, שהם לא ימין, שהם צבועים, והוא בעצמו אפילו לא יודע מה יש בחוק הזה, והוא מדבר, שהוא איש הימין האידיאולוגי. אז קודם כול שתדעו. נכון, אני עליתי באופן פורמלי להגיד למה אני מתנגד להצעת החוק, אבל רציתי שקודם כול תדעו על מה אתם מצביעים. זו הצעת חוק הכי צודקת, הכי פשוטה, ללא שום השלכות על תקציב המדינה. אין מה לתאם עם אף משרד ממשלתי, צריך פשוט מאוד לתת את החוק. ואילת שקד, אני זוכר שכחברה קודמת או בממשלה או בוועדת שרים, כשרת המשפטים, כמה היא דחפה לקדם את החוק הזה, וגם עכשיו היא אומרת שזו הצעת חוק טובה, אז למה? תעבירו את זה בקריאה טרומית. אני מתחייב – הינה, חבר הכנסת מלכיאלי מוכן להתחייב לכך שהוא לא יקדם את זה צעד אחד בלי הסכמה של הממשלה, אבל כשאתם באים ומדברים אל האופוזיציה, למה אתם לא ענייניים? למה אתם על כל דבר מצביעים נגד? הינה, נותנים לכם דוגמאות, כמה דוגמאות היום, שאומרים לכם: תעלו את זה לקריאה טרומית.

חבר הכנסת בני בגין, אתה שומע? חבר הכנסת אלי אבידר, הצעת חוק שכולם מסכימים שהיא טובה. רק בגלל שהקואליציה – שמלכיאלי – –

– – שהוא במקרה מש""ס, מציע, אז אתם מצביעים נגד. אחר כך תבואו לאופוזיציה, שאין לה שום סמכות ביד – – –

בסדר, אבל סליחה, חבר הכנסת בנימין בגין – – –

משפט אחרון. חבר הכנסת בגין, אתה צודק, אבל עם כל הכבוד, אני מצפה מקואליציה – שיש לה אחריות של ניהול ממשלה – קצת יותר אחריות מאופוזיציה פגועה, אופוזיציה פגועה שאתם דורסים אותה, שאתם לא נותנים לה את מה שמגיע לה, את המינימום של הוועדות, אפילו להשתתף כמיעוט אתם לא נותנים לה. אז הייתי מציע, תן לי דוגמה היום, תצביעו איתנו בקריאה טרומית, ואני אוכל אחר כך להגיד לחברים: בואו גם נעשה הדדיות. אבל אתם לא עושים אפילו את הצעד הראשון, את הפתח הקטן הראשון אתם לא עושים.",10,
336079,2021-07-26,הצעת חוק-יסוד: הממשלה (תיקון מס' 10),"שלמה, תמשיך. לא לקטוע את הרצף, תמשיך.

אולי כדאי להציע לכנסת, שערוץ הכנסת יעשה – – – כי יש לו הרייטינג הכי גבוה שיש.

שלמה, אם ייוודע שאתה בעל הרייטינג הגבוה, יחליטו לסגור את ערוץ הכנסת. ראה גלי צה""ל.

אי-אפשר. בשביל להגיש מועמדות אתה צריך הסכמה של המועמד.

אדוני היושב-ראש, נא לציין שזה נאום בכורה באופוזיציה.

נאום בכורה, ולכן הוא מבקש תוספת אופוזיציה, תוספת בכורה.

אני הגעתי במיוחד כדי לשמוע את הנאום שלך.

אין לי תלונות. באמת אין לי תלונות.

אדוני היושב-ראש, חברי הכנסת, באמת הופתעתי. אני יושב פה הרבה זמן.

אני יושב פה הרבה זמן. נהניתי מאוד לשמוע את הדוברים. לא שמתי לב שאני – – –

אני רוצה לדבר על נושא מאוד מאוד כאוב: אתמול בישיבת הסיעה אירחנו את החקלאים, את ראשי ההתיישבות וחקלאים מרכזיים מאוד מהנגב והצפון, והייתה השתתפות מאוד ערה. אני מבין שהם היו בעוד סיעות אחרות. מי שראה את המשלחת – זאת משלחת לא פוליטית, ששייכת לכל המפלגות, מכל הסיעות. הזעקה שלהם, אני אומר מראש: אני מאוד מאוד מאוד בעד הורדת יוקר המחיה. הייתי שר הכלכלה תקופה לא ארוכה, וניסיתי לעשות ככל שאני יכול להוריד את מחיר הכלכלה. אין ספק שמדינת ישראל היא מהמדינות, לצערי הרב, היקרות בעולם ביוקר המחיה. כל מי שמסתובב בחוץ לארץ, נכנס לסופרמרקט או נכנס לחנויות גדולות, רואה שהמצרכים, אם זה אוכל או מצרכי ניקיון או מצרכים אחרים, הם הרבה יותר זולים מהמחירים בישראל. אין ספק שיש פה פערי תיווך גדולים מאוד. הבת שלי הקטנה, שנישאה לפני כחודשיים, עלתה לירקן השכונתי אצלנו ורצתה לעשות טוב לבעלה, סלט אבוקדו טעים, ומצאה בסך הכול שלושה אבוקדו בודדים. היא רצתה לקחת אותם – דרך אגב, שם רושמים עליי, אז היא לא הייתה צריכה לשלם, ובכל זאת, היא ראתה שזה בודד ויקר ושאלה כמה זה, ושישקול לה את שלושת האבוקדו – 57 שקלים לשלושה אבוקדו. וזה אבוקדו קטן. אין לזה קילו – כמה מאות גרם. הוא אמר: לא נורא, אבא שלך אוהב אותך בטוח, תרשמי את זה. היא לא רצתה לקחת. אמרה, אני צריכה לשאול את בעלי, והשאירה את זה. זה מצב לא טוב.

אין ספק – אני מקדים ואומר שיוקר המחיה בישראל הוא גבוה מאוד. כשביררתי קצת עם החקלאים – הם מקבלים על קילו אבוקדו בין 7 שקלים ל-8 שקלים. 7 עד 8 שקלים מקבל החקלאי. תבין, כשחיים כץ אומר 80 שקל לקילו – לא חשוב, בסדר; מישהו אחר עושה כאן פערי תיווך. אבל מכאן ועד לחסל את החקלאות במדינת ישראל, ולבוא ולפתוח את הכול בצורה חופשית, ללא מכס; לתת מתנה ל""ידידנו"", במירכאות, ארדואן בטורקיה, ולידידינו המצרים והירדנים, שכל כך ישמחו להביא את התוצרת שלהם, שעולה פרוטות בגלל שאין להם שכר עובדים, אין להם זכויות עובדים; כל הדברים הללו – לקחת את חוק הגליל, שעבדנו עליו כל כך קשה, מכסת הביצים. גם פה סתם מוציאים דיבתם רעה של כל היושבים, מי שמחזיקים למעשה את קו העימות במדינת ישראל; במקום לשלוח לשם גדודים או חטיבות של חיילים, שישבו על הגבולות הללו, אנחנו מושיבים שם את המשפחות שלנו. רובם ככולם יוצאי עדות המזרח שנמצאים שם עשרות שנים. ומה הם מקבלים? כאילו הם עושקים את המדינה עם מכסת הביצים. משפחה, אדוני היושב-ראש, מקבלת 8,000 שקל לחודש על מכסת ביצים – זה כל הסיפור, 8,000 שקל לחודש. אבל זה דבר קבוע, זה דבר מסודר; הם יודעים שיש להם ביטחון תזונתי לחודש. לא משנה מה יקרה בחקלאות – זאת הפנסיה שלהם. ואת זה רוצים לקחת להם. מה הם יעשו? כולם יעזבו את המקומות שלהם. מה מחזיק משפחה באביבים? מה מחזיק משפחה בעלמה? מה מחזיק משפחה בכל קו העימות, 100 מטר מנסראללה? ולכן, אני לא מבין – דיבר כאן השר ישראל כץ, שגם הוא היה השר בתוכנית הכלכלית, בחוק ההסדרים, כדי להוריד את יוקר המחיה, אבל יחד עם זאת בשום שכל, בתבונה: מה לתת לחקלאים כפיצוי, איך למצוא את שביל הזהב, לשמר. אני לא מדבר על הביטחון של מדינת ישראל, שלא נהיה תלויים בתקופות של מלחמה או בתקופות של קורונה או בתקופות אחרות; שיהיה לנו לפחות את המינימום של המינימום של ביטחון באספקת חלב ולחם ומצרכי היסוד שלנו מישראל ושלא נצטרך לייבא את הכול מחוץ לארץ. לכן הבטחתי – ואני שמח מאוד, אדוני, שגם סיעת כחול לבן הודיעה על תמיכה בהם, וגם סיעת העבודה הודיעה שתתמוך בהם. אני מקווה שעוד סיעות בבית. זה לא נושא פוליטי, זה נושא שחוצה את כל המפלגות בישראל. אנחנו חייבים. מצד אחד כולנו מחויבים להוריד את יוקר המחיה. מצד שני, אנחנו מחויבים לשמור על החקלאים ככל יכולתנו, ואסור לפגוע בתושבי הגליל. הם הביטחון שלנו שם. תחשבו, על כל משפחה שתרד – נצטרך לשים שם חיילים במקומם. זה יהיה לנו יותר זול? זה יהיה יותר טוב? זה דבר אחד. דבר שני – אני מסיים, אדוני היושב-ראש – הנושא של הנכים, גם זעקתם עלתה אלינו. אנחנו חייבים – זה לא כבוד למדינת ישראל לראות את ההפגנות הללו. ואני לא מאשים עכשיו לא ממשלה זו ולא ממשלה אחרת.

חיים, בדיוק רציתי לסיים במשפט הזה. אני מסכים איתך, אבל אנחנו צריכים לשמור גם על הכבוד של הנכים הללו. למה אנחנו צריכים לתת להם להתבזות בכבישים בכל ההפגנות?

בסדר, אוקיי. אני מציע לגמור את העניין. יש כבר מתווה שהוחלט – צריך ליישם אותו במלואו ולגמור את העניין הזה, גם של הנכים, וכמו שאמרת, גם של החקלאים; זה אלפי משפחות. זאת החקלאות במדינת ישראל. אני מקווה שהדברים ייפלו על אוזניים קשובות. לצערי, כל מה שנוגע לנושא של חרדים נופל על אוזניים ערלות. אני מקווה שאף אחד לא חושד, לא בחקלאים ולא בנכים, שהם שייכים למגזר החרדי, ולכן יש סיכוי שאולי מישהו יקשיב לדברים שאני אומר.",5,
