Id,Date,Topic,Text,Rank,Reasoning
122601,1999-06-22,הצעות לסדר-היום: האירועים בעיר לוד,"כשמדובר בערבים, זו סכנת חיים.

בשום מדינה בעולם לא הורסים בתים.",1,
123329,1999-07-13,הצעות לסדר-היום: פגישותיו של ראש הממשלה אהוד ברק עם מנהיגי האזור,"חבר הכנסת סילבן שלום - - -

חבר הכנסת סילבן שלום, לא יכולת להגיד שמדינה פלסטינית כבר קמה? איפה - - -?

אדוני היושב-ראש, אדוני השר, חברי חברי הכנסת, אני, בניגוד לחבר הכנסת סילבן שלום, רוצה לברך את ראש הממשלה על מסע הדילוגים שלו. אחרי שלוש שנים מבוזבזות של חשדנות ואי-אמון, הגיע הזמן למסע דילוגים בוני אמון. הייתי אומרת, שנוצר מומנטום. נוצרה ציפייה למשא-ומתן אינטנסיבי, שצריך, לטעמי, להתנהל בשני מסלולים מקבילים: במסלול הפלסטיני ובמסלול הסורי-הלבנוני. קראתי בעיתון, או כך דווח, שערפאת, כמו מובארק, הסכים לתת לראש הממשלה ארכה של חודשיים עד לגיבוש המדיניות הישראלית. עכשיו אני לא רוצה להיכנס בדברי לשאלה איך ייושם הסכם-וואי, והאם תשלים ישראל את הפעימות השנייה והשלישית כפי שסוכם, או שהפעימה השלישית תתבצע בסמוך לתחילת השיחות על הסדרי הקבע. כל עוד הדבר ייעשה בהסכמה, בהבנה ומתוך נכונות של שני הצדדים - אני לא רוצה להיכנס לזה. אבל, מה שכן חשוב לי לציין הוא, שבחודשיים האלה ראש הממשלה צריך, במקביל לגיבוש המהלכים המדיניים, לעצור מייד כל בנייה בהתנחלויות ולפרק את המאחזים שנבנו וגדלו בשנה האחרונה משישה ל-42 בתקופת הממשלה הקודמת. אין דבר כזה יותר: הרחבת התנחלויות. היום שמעתי, שבעקבות הפגישה של אנשי יש""ע עם ראש הממשלה דובר על תיאום בניית מאחזים. זה בלשון המתנחלים - מהיום. אני קוראת לראש הממשלה, רבותי השרים, לבטל את הדבר הזה. מדיניות המערב הפרוע בהתנחלויות בתקופת הממשלה הזאת חייבת להיפסק. אדוני שר החוץ, שמעתי בימים האחרונים שאתה עושה ניסיונות גדולים - אתה וחברי הממשלה - כדי לבטל את ועידת המדינות החתומות על אמנת ז'נבה הרביעית, שאמורה להתכנס בשווייץ - נדמה לי מחרתיים - כדי לדון בהפרות הישראליות של זכויות האדם בשטחים. שמעתי גם את ההתבטאות של היועץ המשפטי לממשלה, מר אליקים רובינשטיין, שהביע דאגה שבוועידה הזאת יעלו נושאים כמו מדיניות המעצרים המינהליים, הסגר, העוצר, חקירות השב""כ, ההתנחלויות, ומר רובינשטיין - - -

אני מייד מסיימת. - - - ומר רובינשטיין הביע חשש, שהקהילה הבין-לאומית עלולה לאכוף את דיני המלחמה נגד ישראל. אדוני השר, במקום לעסוק במאמצים לביטול הוועידה, הייתי אומרת שכדאי לעסוק במאמצים לביטול הפרות זכויות האדם בשטחים. אי-אפשר לדבר בנשימה אחת על שלום ובאותה עת להמשיך להטיל סגר, להחרים תעודות זהות. אני רוצה להציע שתי הצעות קצרות, ברשותך, אדוני היושב-ראש. לטעמי, יש שני נושאים שאם תעסקו בהם עכשיו, או אם תפסיקו אותם עכשיו, זה ייצור רושם בציבור הישראלי, ובעיקר בציבור הפלסטיני. הנושא הראשון - להפסיק מייד את מדיניות הריסות הבתים. להפסיק אותה מייד. גם נתניהו, בהסכם-וואי, הסכים להפסיק את ביצוע הריסות הבתים שנבנו עד הסכם-וואי. והנושא השני - ובזה אני מסיימת - להפסיק מייד את המעצרים המינהליים. בשבוע שעבר ביקרתי את אוסאמה ברהם בכלא. עציר מינהלי במדינת ישראל, שש שנים ללא משפט. אני חושבת, שאם מדברים על צעדים בוני אמון ועל בניית תהליך שלום, יהיה זה צעד קטן בכיוון תהליך השלום. שחררו את אוסאמה ברהם מכלאו. תודה רבה.",1,"The speech strongly opposes settlement expansion and calls for an immediate halt to settlement activities, indicating a clear rejection of the settlement policy."
123472,1999-07-14,הצעות לסדר-היום: דברי השר חיים רמון בעניין הבנייה בירושלים,"אדוני היושב-ראש, אדוני השר, לצערי נאלצת להיתלות באילן גבוה, בראש הממשלה לשעבר. זו שאלה של השקפה. אני חושבת, שהתבונה מחייבת להפסיק את הבנייה גם בראס-אל-עמוד, ולהקפיא את הבנייה בהר-חומה. חברי הכנסת חנן פורת, פרוש וגדעון עזרא, אני חושבת שאתם צריכים להבין שיש ממשלה חדשה, שחותרת לשלום. חתירה לשלום משמעה הפסקת החיכוך, הפסקת הפקעת קרקעות.

עוד משפט אחד: אם יש לכם שאיפות טריטוריאליות, יש מספיק מרחב במערב-ירושלים. תנו לפלסטינים במזרח-ירושלים לחיות בלי שתשבו להם בלב הגרון.",2,
124606,1999-09-08,הודעת ראש הממשלה על המזכר שנחתם בשארם-אל-שיח',"אדוני היושב-ראש, אדוני השר, חברי חברי הכנסת, אני רוצה לפתוח בברכות לראש הממשלה על הסכם שארם-אל-שיח', הייתי אומרת הסכם-וואי המשופר, ואני מאוד מקווה, שכפי שראש הממשלה הבטיח, הוא יגיע במאמץ לקראת הסדר הקבע לקראת סוף השנה הבאה.

חבר הכנסת אלון, אני תיכף מגיעה אליך. תיכף תראה למה אני מגיעה אליך. אני יודעת שלקראת הסדר הקבע יהיו כמה וכמה בעיות, כמו עניין ירושלים, כמו עניין הפליטים, אבל בגללך אני בוחרת להתמקד בעניין אחד, שבעיני מסמל את המירע שבכיבוש, ואני מדברת על ההתנחלויות. לא יהיה אפשר לדבר על הסדר הקבע ולהשאיר את ההתנחלויות על כנן.

אני אסביר. אני לא הפרעתי לך, חבר הכנסת לנדאו. תאמין לי שתשמע ממני. נכון שראש הממשלה דיבר אתמול והיום - הייתי אומרת קצת בפתוס, קצת בכאב, וציין שהמתנחלים הגיעו לשם בעידודן של ממשלות קודמות בישראל. אני רק לא חושבת שהממשלה הזאת, שאנחנו חברים בה, יכולה לדבר על הפשרת הקיפאון בינינו לבין הפלסטינים ולאשר הקמת מאחזים או להכשיר מאחזים שנבנו בימי הממשלה הקודמת. אי-אפשר לדבר על שלום עם הפלסטינים ולהגיד שההתנחלויות תישארנה על כנן. סגן השר נסים דהן הביע קודם דאגה לגבי דרכי הגישה לאותם מקומות. אני אומרת, במקום למצוא פתרונות ואותן דרכי גישה, במקום לסלול עוד כבישים עוקפים, הרבה יותר פשוט, למשל, לפנות את כדים וגנים. אין להם מה לחפש שם. גם לקדומים אין מה להיות תקועה איפה שהיא תקועה.

אני מסכימה אתך, חבר הכנסת לנדאו. אני חושבת, שאם יש מתנחלים שמוכנים לגור תחת ריבונות פלסטינית, שיבושם להם, אין לי התנגדות. שיבושם להם. כרגע מי שחושב שיוכל להחזיר לידי הפלסטינים - - -

תרשה לי. תאמין לי שבסוף דברי תקבל תשובות על הכול. מי שחושב שאפשר להגיד לפלסטינים: תסתפקו בכ=%54 מהשטח ויישארו גושי התנחלויות, טועה. זו הצעה לא סבירה, זו הצעה לא מעשית. זה פשוט לא יהיה. אי-אפשר לדבר על שלום. אתם משתמשים באיזו רטוריקה כאילו אתם נמצאים עוד במאה הקודמת. אני לא מבינה על מה אתם מלינים. שמעתם כאן קודם את יושב-ראש הליכוד החדש, אריק שרון. אתם חתמתם על הסכם-וואי, אז מה הטענה?

אני גם מודה לך, סגן יושב-ראש הכנסת.

אוי, איזו השוואה דמגוגית.

אני יכולה להבין שיש מי שמתייחס להתנחלויות כאל מפעל חיים שקורס לנגד העיניים. אני בהחלט יכולה להבין את זה. אנשים חיים שם הרבה מאוד שנים. לכן אני מצפה מהממשלה הזאת שאנחנו חברים בה, שתתחיל לארגן מערך של פיצויים לאותם אנשים שרוצים לעזוב - אל תפריע לי, חבר הכנסת לנדאו, אני רואה אותך מתחיל - אני חושבת שיש כאלה שרוצים לעזוב, ואתה מייצג - אומנם אתה לא גר בהתנחלויות אבל הדברים שלך מייצגים איזה מיעוט שמנהל קרב מאסף. מה שאתה עושה עכשיו זה לנהל קרב מאסף, חבר הכנסת לנדאו.

חבר הכנסת לנדאו, אתה מוכן להבין שתם עידן ארץ-ישראל השלמה?

אני חושבת, שחברי הימין, או הליכוד בעיקר, מוכרחים להבין, שתם עידן ארץ-ישראל השלמה והיתה כאן פריצת דרך. אני לא מבינה על מה הצביעות. אתם הייתם מוכנים להיכנס לממשלה כשידעתם שהסכם-וואי זה הדבר הראשון שהממשלה הולכת ליישם, והייתם מוכנים על הבסיס הזה להיכנס לממשלה. אז היום אתם מתנגדים להסכם הזה? מעניין.

תספר גם מה אני אמרתי לך.",1,
125594,1999-10-18,"הצעה לסדר פינוי המאחזים; כוונתו של ראש הממשלה לפרק את המאחזים ביהודה ובשומרון, המהווה, כשלב ראשון, פגיעה בהתיישבות כולה","אדוני היושב-ראש, אדוני השר, לפני שאני מתייחסת לנושא שבגינו הייתי אמורה לדבר - פינוי המאחזים - אני חייבת להודות, שיש לי תחושה קשה של אי-נוחות, בעיקר אחרי הדברים של קודמי כאן מעל הדוכן. אני לא מכירה את השיטה - - -

חבר הכנסת טל, הכול במסגרת עשר הדקות. אני לא מבינה את השיטה. אני מפתח-תקווה, קוראים לזה אצלנו: גם קרחת וגם תלתלים - גם להיות בקואליציה, גם לנסות ליהנות ממנעמי הקואליציה וגם לשקול אחר כך להצביע אי-אמון, תלוי איך יוסי שריד יתנהג.

לא, אל תענה לי, אני לא הפרעתי לך. הייתי אומרת, שהצעת האי-אמון של הימין, של הליכוד והאיחוד הלאומי, נגד הממשלה, זו הצעה חסרת אחריות. למה היא חסרת אחריות? אתם חושבים שאני מרוצה ממנה? אני ממש לא מרוצה ממנה. מצד אחד בהחלט אני רוצה לברך את ראש הממשלה אהוד ברק, שהחליט שהוא עושה מעשה ומפנים מאחזים. להגיד לך שאני מרוצה שמפנים רק כמה מאחזים? אני אפילו כבר לא יכולה לספור כמה מאחזים - יש 42 מאחזים לא חוקיים. לטעמי, לשיטתי, היה צריך להקפיא אותם, היה צריך לפנות אותם, אבל זו ההחלטה שראש הממשלה קיבל.

חבר הכנסת יושב-ראש ועדת העבודה והרווחה טל, יכול להיות שנשקול לפנות אותך מתפקידך.

חבר הכנסת טל, אתה החלטת להפוך אותנו, אולי אותי, לשק החבטות שלכם. את השר שריד - בטוח.

אני רוצה להגיד משהו בעניין המאחזים.

חבר הכנסת טל, אני בטוחה שתסכים אתי, שהקמת המאחזים נועדה ליצור רצף טריטוריאלי בין ההתנחלויות, מתוך מטרה אסטרטגית לטרפד כל תהליך של שלום, מתוך מטרה לשים מקלות בגלגלי השלום. אנחנו מכירים את אלה שכבשו עוד שטח ועוד שטח. הם התחילו פה בקרוון, מתוך איזו תפיסה, על-פי ניסיון קודם שהיה להם עם ממשלות קודמות, שאחר כך אפשר להכשיר את הקרקע. ראינו מה עשו העוזרים של שרי הביטחון הקודמים. שמעתי כאן את הדיבורים של חבר הכנסת זאבי ושל חבר הכנסת מיקי איתן ואחרים. אני חושבת שהרטוריקה של ""ארץ-ישראל כולה שלי"" שייכת לסדר-היום הקודם. לא הפנימו שקרה כאן משהו. לא הפנימו שנבחרה כאן ממשלה חדשה, ממשלה שפניה לשלום, ממשלה שהלכה לבחירות והעם הכריע האם אנחנו הולכים להמשיך לחיות על החרב או אנחנו הולכים לשלום. פתאום בא מי שמנסה לטרפד את זה. אני רוצה לומר לכם, שממשלת ברק, בפינוי המאחזים - ואני אומרת שוב, הוא לא מספיק, הוא לא לטעמי - משדרת מסר ברור, שמה שהיה הוא לא שיהיה, ולא יינתן הכשר למחטפים. אני יודעת שיש מי שסבור שהעיקרון חשוב ולא מספר היישובים. חבר הכנסת שירי, אתה לא מסכים אתי?

אני מתגרה בהם? הם רוצים ללכת עם ולהרגיש בלי. אני מתגרה בהם? אני מתפלאת עליך.

חבר הכנסת טל, שינוי סדר העדיפויות הלאומי - - -

שינוי סדר העדיפויות הלאומי יכול להתקיים רק בתנאי אחד: שייקחו תקציב ממקום אחד ויעבירו אותו למקום אחר. אני נותנת לך פתרון מאין. צריך לקחת את זה מההתנחלויות וצריך לפנות את ההתנחלויות, ואת הכסף הזה, במקום לכבישים עוקפים ובמקום לבניית מאחזים צריך להפנות לקריית-מלאכי ולדימונה, ואז תדבר על שינוי סדר עדיפויות. אני יודעת שיש מי שחושב שמספיק לדבר על עיקרון ולא כל כך חשוב לדבר על מספר היישובים, מתוך איזו הבנה שאחר כך ניתן יהיה לרכז את כל המתנחלים בשניים או בשלושה גושי התיישבות. הגישה הזאת אינה לרוחי. מי שחושב שאפשר לסגת מהגדה ולהשאיר בידי הפלסטינים %54 משטחי הגדה עם גושי התנחלות, משלה את עצמו, משלה אחרים, משלה אותנו. כל רעיון ההתנחלות נועד ברבות השנים להגשים את מה שנוהגים לקרוא ""חלום ארץ-ישראל השלמה"" ולנסות לסכל כל פשרה טריטוריאלית. בבית הזה יש אנשים שעדיין לא הבינו שתם עידן ארץ-ישראל השלמה, והם עדיין מנהלים קרב מאסף. זה קרב מאסף - - -

תם עידן ארץ-ישראל השלמה - - -

חבר הכנסת טל, אתה מנהל אתי דיון?

צה""ל ומערכת הביטחון העלימו עין מהפרות חוק מצד המתנחלים ונתנו יד לקביעת עובדות לא לגיטימיות בשטח לאנשים שחדורים אמונה טוטלית בקדושת האדמה, לפנאטים שמחשיבים את עצמם כחלוצים. מי ששמע את האנשים בימים האחרונים בטלוויזיה מבין שמדובר באנשים פנאטים שגוררים את כולנו למשהו שאחר לא נדע איך לצאת ממנו. אני גם יכולה להבין, מצד אחד, שמאוד קשה לאנשים שנשלחו לשם ברבות השנים לראות את מפעל חייהם קורס לנגד עיניהם. אבל גם המתנחלים צריכים להבין, שלא נותנים פרס על התנהגות של כל דאלים גבר. ההתנחלויות מסמלות את המירע שבכיבוש. על-פי כל האמנות הבין-לאומיות, קיים איסור מוחלט על יצירת עובדות בלתי הפיכות בשטחים כבושים. כל עז כזאת שינסו להכניס עכשיו ולבנות עוד מאחז, לא תטרפד את תהליך השלום, כי לשם אנחנו הולכים. כל דיון על הסדר הקבע יצטרך להביא בחשבון, למי שלא הבין את זה, פינוי התנחלויות. אם יש מי שרוצה להישאר בטרשים של יהודה ושומרון ויש לו זיקה לאבנים ולמקומות שם ורוצה להישאר תחת ריבונות פלסטינית, שיבושם לו. אבל לא ייתכן, שממשלה שמנהלת דיון על הסדר הקבע, יש מי שמאגף אותה מאחור ומנסה ליצור עובדות בשטח. עוד משפט אחרון, אדוני היושב-ראש, ברשותך.

אני חייבת להודות, שאני מאוד מודאגת מפסקי ההלכה שאני שומעת, של רבנים כדוגמת הרב ליאור, הרב שפירא, הרב אליהו ואחרים; פסקי הלכה של רבנים שמורים לצאן מרעיתם שלא לפנות התנחלויות מרצון. אני רוצה להזהיר, אנחנו עומדים לפני יום השנה להירצחו של ראש ממשלה. אני רוצה להזהיר, יש אנשים שלא למדו שום דבר והם מכניסים את האנשים שלהם לקונפליקט - אם להיענות לצו דתי, לצו הלכתי, או להיענות להלכות בין-לאומיות. אני רוצה לנצל את ההזדמנות שאני כאן על הדוכן ולהזהיר אותם רבנים. תודה.",1,
125722,1999-10-18,"הצעות סיעות הליכוד והאיחוד הלאומי להביע אי-אמון בראש הממשלה בשל:: פינוי המאחזים; כוונתו של ראש הממשלה לפרק את המאחזים ביהודה ובשומרון,: המהווה, כשלב ראשון, פגיעה בהתיישבות כולה","אדוני היושב-ראש, אדוני השר, לפני שאני מתייחסת לנושא שבגינו הייתי אמורה לדבר – פינוי המאחזים – אני חייבת להודות, שיש לי תחושה קשה של אי-נוחות, בעיקר אחרי הדברים של קודמי כאן מעל הדוכן. אני לא מכירה את השיטה – – –

חבר הכנסת טל, הכול במסגרת עשר הדקות. אני לא מבינה את השיטה. אני מפתח-תקווה, קוראים לזה אצלנו: גם קרחת וגם תלתלים – גם להיות בקואליציה, גם לנסות ליהנות ממנעמי הקואליציה וגם לשקול אחר כך להצביע אי-אמון, תלוי איך יוסי שריד יתנהג.

לא, אל תענה לי, אני לא הפרעתי לך. הייתי אומרת, שהצעת האי-אמון של הימין, של הליכוד והאיחוד הלאומי, נגד הממשלה, זו הצעה חסרת אחריות. למה היא חסרת אחריות? אתם חושבים שאני מרוצה ממנה? אני ממש לא מרוצה ממנה. מצד אחד בהחלט אני רוצה לברך את ראש הממשלה אהוד ברק, שהחליט שהוא עושה מעשה ומפנים מאחזים. להגיד לך שאני מרוצה שמפנים רק כמה מאחזים? אני אפילו כבר לא יכולה לספור כמה מאחזים – יש 42 מאחזים לא חוקיים. לטעמי, לשיטתי, היה צריך להקפיא אותם, היה צריך לפנות אותם, אבל זו ההחלטה שראש הממשלה קיבל.

חבר הכנסת יושב-ראש ועדת העבודה והרווחה טל, יכול להיות שנשקול לפנות אותך מתפקידך.

חבר הכנסת טל, אתה החלטת להפוך אותנו, אולי אותי, לשק החבטות שלכם. את השר שריד – בטוח.

אני רוצה להגיד משהו בעניין המאחזים.

חבר הכנסת טל, אני בטוחה שתסכים אתי, שהקמת המאחזים נועדה ליצור רצף טריטוריאלי בין ההתנחלויות, מתוך מטרה אסטרטגית לטרפד כל תהליך של שלום, מתוך מטרה לשים מקלות בגלגלי השלום. אנחנו מכירים את אלה שכבשו עוד שטח ועוד שטח. הם התחילו פה בקרוון, מתוך איזו תפיסה, על-פי ניסיון קודם שהיה להם עם ממשלות קודמות, שאחר כך אפשר להכשיר את הקרקע. ראינו מה עשו העוזרים של שרי הביטחון הקודמים. שמעתי כאן את הדיבורים של חבר הכנסת זאבי ושל חבר הכנסת מיקי איתן ואחרים. אני חושבת שהרטוריקה של ""ארץ-ישראל כולה שלי"" שייכת לסדר-היום הקודם. לא הפנימו שקרה כאן משהו. לא הפנימו שנבחרה כאן ממשלה חדשה, ממשלה שפניה לשלום, ממשלה שהלכה לבחירות והעם הכריע האם אנחנו הולכים להמשיך לחיות על החרב או אנחנו הולכים לשלום. פתאום בא מי שמנסה לטרפד את זה. אני רוצה לומר לכם, שממשלת ברק, בפינוי המאחזים – ואני אומרת שוב, הוא לא מספיק, הוא לא לטעמי – משדרת מסר ברור, שמה שהיה הוא לא שיהיה, ולא יינתן הכשר למחטפים. אני יודעת שיש מי שסבור שהעיקרון חשוב ולא מספר היישובים. חבר הכנסת שירי, אתה לא מסכים אתי?

אני מתגרה בהם? הם רוצים ללכת עם ולהרגיש בלי. אני מתגרה בהם? אני מתפלאת עליך.

חבר הכנסת טל, שינוי סדר העדיפויות הלאומי – – –

שינוי סדר העדיפויות הלאומי יכול להתקיים רק בתנאי אחד: שייקחו תקציב ממקום אחד ויעבירו אותו למקום אחר. אני נותנת לך פתרון מאין. צריך לקחת את זה מההתנחלויות וצריך לפנות את ההתנחלויות, ואת הכסף הזה, במקום לכבישים עוקפים ובמקום לבניית מאחזים צריך להפנות לקריית-מלאכי ולדימונה, ואז תדבר על שינוי סדר עדיפויות. אני יודעת שיש מי שחושב שמספיק לדבר על עיקרון ולא כל כך חשוב לדבר על מספר היישובים, מתוך איזו הבנה שאחר כך ניתן יהיה לרכז את כל המתנחלים בשניים או בשלושה גושי התיישבות. הגישה הזאת אינה לרוחי. מי שחושב שאפשר לסגת מהגדה ולהשאיר בידי הפלסטינים 54% משטחי הגדה עם גושי התנחלות, משלה את עצמו, משלה אחרים, משלה אותנו. כל רעיון ההתנחלות נועד ברבות השנים להגשים את מה שנוהגים לקרוא ""חלום ארץ-ישראל השלמה"" ולנסות לסכל כל פשרה טריטוריאלית. בבית הזה יש אנשים שעדיין לא הבינו שתם עידן ארץ-ישראל השלמה, והם עדיין מנהלים קרב מאסף. זה קרב מאסף – – –

תם עידן ארץ-ישראל השלמה – – –

חבר הכנסת טל, אתה מנהל אתי דיון?

צה""ל ומערכת הביטחון העלימו עין מהפרות חוק מצד המתנחלים ונתנו יד לקביעת עובדות לא לגיטימיות בשטח לאנשים שחדורים אמונה טוטלית בקדושת האדמה, לפנאטים שמחשיבים את עצמם כחלוצים. מי ששמע את האנשים בימים האחרונים בטלוויזיה מבין שמדובר באנשים פנאטים שגוררים את כולנו למשהו שאחר לא נדע איך לצאת ממנו. אני גם יכולה להבין, מצד אחד, שמאוד קשה לאנשים שנשלחו לשם ברבות השנים לראות את מפעל חייהם קורס לנגד עיניהם. אבל גם המתנחלים צריכים להבין, שלא נותנים פרס על התנהגות של כל דאלים גבר. ההתנחלויות מסמלות את המירע שבכיבוש. על-פי כל האמנות הבין-לאומיות, קיים איסור מוחלט על יצירת עובדות בלתי הפיכות בשטחים כבושים. כל עז כזאת שינסו להכניס עכשיו ולבנות עוד מאחז, לא תטרפד את תהליך השלום, כי לשם אנחנו הולכים. כל דיון על הסדר הקבע יצטרך להביא בחשבון, למי שלא הבין את זה, פינוי התנחלויות. אם יש מי שרוצה להישאר בטרשים של יהודה ושומרון ויש לו זיקה לאבנים ולמקומות שם ורוצה להישאר תחת ריבונות פלסטינית, שיבושם לו. אבל לא ייתכן, שממשלה שמנהלת דיון על הסדר הקבע, יש מי שמאגף אותה מאחור ומנסה ליצור עובדות בשטח. עוד משפט אחרון, אדוני היושב-ראש, ברשותך.

אני חייבת להודות, שאני מאוד מודאגת מפסקי ההלכה שאני שומעת, של רבנים כדוגמת הרב ליאור, הרב שפירא, הרב אליהו ואחרים; פסקי הלכה של רבנים שמורים לצאן מרעיתם שלא לפנות התנחלויות מרצון. אני רוצה להזהיר, אנחנו עומדים לפני יום השנה להירצחו של ראש ממשלה. אני רוצה להזהיר, יש אנשים שלא למדו שום דבר והם מכניסים את האנשים שלהם לקונפליקט – אם להיענות לצו דתי, לצו הלכתי, או להיענות להלכות בין-לאומיות. אני רוצה לנצל את ההזדמנות שאני כאן על הדוכן ולהזהיר אותם רבנים. תודה.",1,
127995,1999-11-22,"הצעות סיעות הליכוד, ישראל ביתנו - האיחוד הלאומי ורע""ם להביע אי-אמון . התגברות האבטלה ואופן הטיפול במחוסרי התעסוקה; . הנתונים על העוני בישראל והתגברות האבטלה; . המשך המדיניות כלפי הסקטור הערבי ומצבן של הרשויות המקומיות הערביות",חוק הדיור התקבל בתקופתכם. יישמתם אותו?,8,"The speech acknowledges the significance of settlement in Judea and Samaria, indicating a supportive stance towards the concept of settlement as a fulfillment of historical and national rights."
128073,1999-11-22,"הצעות סיעות הליכוד, ישראל ביתנו – האיחוד הלאומי ורע""ם להביע אי-אמון בראש הממשלה בשל: התגברות האבטלה ואופן הטיפול במחוסרי התעסוקה; הנתונים על העוני בישראל והתגברות האבטלה; המשך המדיניות כלפי הסקטור הערבי ומצבן של הרשויות המקומיות הערביות",חוק הדיור התקבל בתקופתכם. יישמתם אותו?,8,
128465,1999-11-24,הצעות לסדר-היום: התבטאות רבנים ואנשי ציבור בבית-שמש נגד העולים מרוסיה,"אדוני היושב-ראש, חברי חברי הכנסת - - -

שירי, אתה כמו אותו דג שמוציאים אותו מהאקווריום ולא נותנים לו לחרחר אפילו.

אדוני היושב-ראש, תתחיל לספור לי את הזמן מחדש.

חברי חברי הכנסת, מה שנשמע השבוע מבית-שמש - על-ידי חברים מש""ס ועל-ידי סגן ראש העיר - אני חושבת שאין לו מקום במדינה מתוקנת. הייתי אומרת שאלה דברי בלע, דברי הבל ורעות רוח, הצהרות גזעניות. אני מוכרחה להגיד לכם משהו: אני באופן אישי לא אוכלת בשר חזיר, אבל זה לא ייתכן שתחליטו שאתם נכנסים לנו לצלחת מלידה ועד פטירה, תאמרו לנו מה לאכול, איך להינשא, איך להיקבר ועכשיו גם מה לאכול. אני רוצה לומר ששמעתי את ההסתייגות של שר הבריאות, ואני חושבת שהיא היתה במקום. לא יכול להיות שעכשיו יכניסו את כל העולים החדשים לתחום מושב. זה מה שהציעו בבית-שמש. זו רטוריקה שנשמעת ממקומות אחרים, מזמנים אחרים. אם אנחנו היינו צריכים להתייחס לדברים האלה במקומות אחרים, היינו אומרים: זאת אנטישמיות, זו גזענות. ואנחנו עצמנו רוצים עכשיו ליצור כאן שני עמים, העם של ש""ס והעם של העולים החדשים, ולתחום אותם כי הם מביאים פריצות - זה מה שאמרו - כי הם מביאים את התועבה לעיר. איזה דיבורים אלה בכלל? אני הייתי מצפה מכל חברי הכנסת של ש""ס לעלות כאן על הבמה ולהתנער ולגנות. אני חוזרת ואומרת שוב, אני יודעת שהשר עשה זאת. לא ייתכן שבמדינה מתוקנת יחליטו מי שייך לעם הזה ומי לא שייך לעם הזה, את מי רוצים לנדות ואת מי לא רוצים לנדות ואת מי רוצים לשים במקומות מסוימים. עוד לא מאוחר לחזור בכם, חברי הכנסת של ש""ס; אני חושבת שאתם צריכים להשמיע את הקול שלכם ברמה.",1,
129073,1999-12-06,הצעות לסדר-היום: יוזמת נלסון מנדלה,"אדוני היושב-ראש, אדוני סגן השר, כל תהליך שלום דורש תהליך תודעתי. חבר הכנסת אלון, אלה שמכנים את עצמם פלסטינים, זה באמת מונח חדש במליאה. לא ידעתי שהגולן זה חלק ממדינת ישראל, ארץ-ישראל הגדולה. בשביל שלום, גם ביבי נתניהו הבין, צריך לשלם מחירים מכאיבים, גם אם המשמעות היא פינוי יישובים מרמת-הגולן. גם אם זו המשמעות, צריך להתחיל להפנים את זה. חבר הכנסת שלום, מה שהיה נכון לנתניהו, יכול להיות שאתה אולי לא ידעת, אולי הוא לא עדכן אתכם. אנחנו מעודכנים בשלבים השונים, אנחנו מעודכנים במתווכים השונים.

אנחנו שומעים, אם לנלסון מנדלה ולאולברייט יש יוזמה חיובית, אנחנו תומכים בה. אנחנו תומכים בכל מה שיביא שלום למדינת ישראל.

יהיה שלום. קוראים לזה שלום, חבר הכנסת עזרא.",3,
134869,2000-02-21,מסמכים שהונחו על שולחן הכנסת . מדיניותו ביחס לפעילות הפלסטינית בירושלים; . מדיניותו הכלכלית והחברתית ומצב האבטלה והעוני במדינה בכלל ובמגזר הערבי בפרט,"אדוני היושב-ראש, חברי חברי הכנסת, שמעתי את דוברי הימין בתקופה האחרונה מזהירים מפני העברתה של אבו-דיס לשליטה מלאה של הרשות הפלסטינית. אני הייתי רוצה לדבר על אבו-דיס ועל השכונות, על הפרברים שמסביב לירושלים, כאיזה משל לוויכוח שמתנהל כרגע גם בין ממשלת ישראל לרשות הפלסטינית, אבל, בעיקר אני לא מבינה למה הימין מזהיר מפני מסירת אבו-דיס לרשות הפלסטינית. אני יכולה לתאר לעצמי, שהם רואים בזה, רחמנא ליצלן, איזה צעד או איזה נדבך ראשון, שאם יחזירו את אבו-דיס, את א-ראם ואת עזרייה, ברק יחלק את ירושלים. אני תוהה, על מה מתבססת ההנחה הזאת? האם ההנחה הזאת מתבססת על העובדה שיש נוכחות ושלטון ישראלי באבו-דיס ועכשיו יש סכנה שנמסור את אבו-דיס לפלסטינים? אני תוהה, זה המצב בשטח? אלה העובדות בשטח? על דבר אחד אני בטוחה שאנחנו יכולים להסכים, כולם - גם מימין וגם משמאל - שאבו-דיס היא פרבר עירוני של ירושלים, אבל השאר, חברי חברי הכנסת, אינו נכון. אבו-דיס, אל-עזרייה וא-ראם - מדובר בפרברים עירוניים צפופים, שיושבים בהם רק פלסטינים. מדובר על אזורים שנחשבים אזור B, יש שם שלטון אזרחי מלא של הרשות הפלסטינית, וישראל רשאית לפעול שם רק בענייני ביטחון. עכשיו, למי שלא יודע - אני מניחה שכולם יודעים - באבו-דיס יושב מושל פלסטיני, והחיים בעצם מתנהלים כמו שהם התנהלו בתקופת ממשלת נתניהו תחת עינו הפקוחה של ערפאת, כמו שנהוג בכל אזורי B בגדה המערבית. אז מה ההתחסדות עכשיו? הרי ערפאת שלט באבו-דיס גם בתקופת שלטונו של נתניהו, וממשלת נתניהו לא עשתה שום דבר כדי למנוע את בניית מה שאמור להיות הפרלמנט הפלסטיני, אז מה? אני לא מבינה כל כך מה הבעיה, הרי כולם יודעים שבסופו של דבר אבו-דיס תימסר לשלטון ביטחוני פלסטיני מלא, כפי שזה מתחייב.

אני מדברת עכשיו על שלוש - - -

אני מדברת עכשיו על שלושת היישובים שהוסכם לגביהם, שהיה ברור לגביהם, שהוסכם לגביהם שצריך למסור אותם.

אני לא יודעת. אני עכשיו לא מדברת על בית-חנינא. אני לא במקרה בחרתי לדבר על אותם פרברים שבחרתי לדבר עליהם - ואני חברה בקואליציה הזאת - אני גם חושבת, שההחלטה, לצערי, של ממשלת ישראל, שלא להעביר עכשיו לשליטה פלסטינית אותן שכונות, אותם פרברים שסמוכים לירושלים, ובמקום זה לנסות לעשות איזו תחלופה למסור אזורים בדרום הר-חברון ובמקומות אחרים בשומרון - אני חושבת שזו טעות. אני חושבת שזה אינטרס אסטרטגי של מדינת ישראל לקדם את תהליך השלום עם הפלסטינים, ואני לפחות לא יכולה להסתפק בזה שכל יום אני פותחת את העיתון ואני קוראת שראש הממשלה נוקב במועד חדש שבו יושג עוד נדבך של הסכם המסגרת. זה נכון שעל-פי ההסכמים מדינת ישראל לא צריכה לתאם עם הפלסטינים - בטח לא בשלב הזה - אילו שטחים היא צריכה להעביר לרשותם, אבל מה שאני לא מבינה זה את ההתנהגות שלנו. אנחנו מתנהגים כלפי הפלסטינים כאילו הם לא פרטנרים במשא-ומתן לשלום. אני מודה שאני לא מבינה את זה, איך ממשלה שהכריזה שפניה לשלום מחליטה שאותם פרברים מסביב לירושלים יהיו מה שנקרא קלפי מיקוח לקראת הפעימה השלישית, אם היא תהיה, או לקראת הסדר הקבע. אני לא מבינה את הממשלה הזאת, כי אני יודעת שגם לדוברי הימין ואני יודעת שגם בשלטון נתניהו - למי שהיה בשלטון נתניהו - היה ברור, לכל מי שהזדעקו עכשיו היה ברור, שהשכונות האלה תימסרנה בסופו של דבר לשליטה פלסטינית.

היה ברור, היה ברור. אני רוצה לשאול, חבר הכנסת נוה, אתה חושב שאותן שכונות צפופות, מלאות בתושבים פלסטינים - יישארו התנחלויות? אני לא כל כך - - -

אני מודה שאני לא יכולה לקבל את זה, אני מודה שאני לא מבינה למה ממשיכים להתעקש על אבו-דיס. אני יכולה להבין שאתם התעקשתם על אבו-דיס, על אל-עזרייה, על א-ראם ועל כל השכונות שמסביב לירושלים, אבל ראש הממשלה שלנו? ראש הממשלה שלי לצורך העניין? אני מודה שאני לא מבינה.

או.קיי. אני אגיד משהו בסוף, למה אני בכל זאת לא אצביע אי-אמון, חבר הכנסת נוה. אני מבינה שמסירת אבו-דיס לאחריות ביטחונית פלסטינית יש לה משמעות מעבר לאבו-דיס, יש לה משמעות על המיקוח בשאלה כמה שטח יימסר לפלסטינים, אם זה יימסר עכשיו, אז מה נמסור להם אחר כך בהסדר הקבע - אני מבינה את כל הדבר הזה, אבל היום אנחנו צריכים להתעקש על אבו-דיס, לשים אותה בראש שמחתנו? אני מודה שהדבר הזה לא ברור לי.

אני חושבת, חברי חברי הכנסת, שמי שחושב שצריך לסגת מהגדה, שמי שחושב שצריכה לקום מדינה פלסטינית, שמי מאמין שהפלסטינים יסתפקו ב=%54 מהשטח, עם גושי התנחלויות כמו אבו-דיס ואותם פרברים - משלה את עצמו. אני קוראת לממשלת ישראל לגשת מייד ליישום המשך הפעימות, או המשך הפעימה, ואני בכל זאת אצביע אמון, חבר הכנסת נוה, כי אני עדיין מאמינה שרק הממשלה הזאת תיישם את הסדר הקבע עם הפלסטינים, ואני מקווה שכמה שיותר מהר.",3,
134991,2000-02-21,"הצעות סיעות הליכוד ורע""ם להביע אי-אמון בראש הממשלה בשל: . מדיניותו ביחס לפעילות הפלסטינית בירושלים; . מדיניותו הכלכלית והחברתית ומצב האבטלה והעוני במדינה בכלל ובמגזר הערבי בפרט","אדוני היושב-ראש, חברי חברי הכנסת, שמעתי את דוברי הימין בתקופה האחרונה מזהירים מפני העברתה של אבו-דיס לשליטה מלאה של הרשות הפלסטינית. אני הייתי רוצה לדבר על אבו-דיס ועל השכונות, על הפרברים שמסביב לירושלים, כאיזה משל לוויכוח שמתנהל כרגע גם בין ממשלת ישראל לרשות הפלסטינית, אבל, בעיקר אני לא מבינה למה הימין מזהיר מפני מסירת אבו-דיס לרשות הפלסטינית. אני יכולה לתאר לעצמי, שהם רואים בזה, רחמנא ליצלן, איזה צעד או איזה נדבך ראשון, שאם יחזירו את אבו-דיס, את א-ראם ואת עזרייה, ברק יחלק את ירושלים. אני תוהה, על מה מתבססת ההנחה הזאת? האם ההנחה הזאת מתבססת על העובדה שיש נוכחות ושלטון ישראלי באבו-דיס ועכשיו יש סכנה שנמסור את אבו-דיס לפלסטינים? אני תוהה, זה המצב בשטח? אלה העובדות בשטח? על דבר אחד אני בטוחה שאנחנו יכולים להסכים, כולם – גם מימין וגם משמאל – שאבו-דיס היא פרבר עירוני של ירושלים, אבל השאר, חברי חברי הכנסת, אינו נכון. אבו-דיס, אל-עזרייה וא-ראם – מדובר בפרברים עירוניים צפופים, שיושבים בהם רק פלסטינים. מדובר על אזורים שנחשבים אזור B, יש שם שלטון אזרחי מלא של הרשות הפלסטינית, וישראל רשאית לפעול שם רק בענייני ביטחון. עכשיו, למי שלא יודע – אני מניחה שכולם יודעים – באבו-דיס יושב מושל פלסטיני, והחיים בעצם מתנהלים כמו שהם התנהלו בתקופת ממשלת נתניהו תחת עינו הפקוחה של ערפאת, כמו שנהוג בכל אזורי B בגדה המערבית. אז מה ההתחסדות עכשיו? הרי ערפאת שלט באבו-דיס גם בתקופת שלטונו של נתניהו, וממשלת נתניהו לא עשתה שום דבר כדי למנוע את בניית מה שאמור להיות הפרלמנט הפלסטיני, אז מה? אני לא מבינה כל כך מה הבעיה, הרי כולם יודעים שבסופו של דבר אבו-דיס תימסר לשלטון ביטחוני פלסטיני מלא, כפי שזה מתחייב.

אני מדברת עכשיו על שלוש – – –

אני מדברת עכשיו על שלושת היישובים שהוסכם לגביהם, שהיה ברור לגביהם, שהוסכם לגביהם שצריך למסור אותם.

אני לא יודעת. אני עכשיו לא מדברת על בית-חנינא. אני לא במקרה בחרתי לדבר על אותם פרברים שבחרתי לדבר עליהם – ואני חברה בקואליציה הזאת – אני גם חושבת, שההחלטה, לצערי, של ממשלת ישראל, שלא להעביר עכשיו לשליטה פלסטינית אותן שכונות, אותם פרברים שסמוכים לירושלים, ובמקום זה לנסות לעשות איזו תחלופה למסור אזורים בדרום הר-חברון ובמקומות אחרים בשומרון – אני חושבת שזו טעות. אני חושבת שזה אינטרס אסטרטגי של מדינת ישראל לקדם את תהליך השלום עם הפלסטינים, ואני לפחות לא יכולה להסתפק בזה שכל יום אני פותחת את העיתון ואני קוראת שראש הממשלה נוקב במועד חדש שבו יושג עוד נדבך של הסכם המסגרת. זה נכון שעל-פי ההסכמים מדינת ישראל לא צריכה לתאם עם הפלסטינים – בטח לא בשלב הזה – אילו שטחים היא צריכה להעביר לרשותם, אבל מה שאני לא מבינה זה את ההתנהגות שלנו. אנחנו מתנהגים כלפי הפלסטינים כאילו הם לא פרטנרים במשא-ומתן לשלום. אני מודה שאני לא מבינה את זה, איך ממשלה שהכריזה שפניה לשלום מחליטה שאותם פרברים מסביב לירושלים יהיו מה שנקרא קלפי מיקוח לקראת הפעימה השלישית, אם היא תהיה, או לקראת הסדר הקבע. אני לא מבינה את הממשלה הזאת, כי אני יודעת שגם לדוברי הימין ואני יודעת שגם בשלטון נתניהו – למי שהיה בשלטון נתניהו – היה ברור, לכל מי שהזדעקו עכשיו היה ברור, שהשכונות האלה תימסרנה בסופו של דבר לשליטה פלסטינית.

היה ברור, היה ברור. אני רוצה לשאול, חבר הכנסת נוה, אתה חושב שאותן שכונות צפופות, מלאות בתושבים פלסטינים – יישארו התנחלויות? אני לא כל כך – – –

אני מודה שאני לא יכולה לקבל את זה, אני מודה שאני לא מבינה למה ממשיכים להתעקש על אבו-דיס. אני יכולה להבין שאתם התעקשתם על אבו-דיס, על אל-עזרייה, על א-ראם ועל כל השכונות שמסביב לירושלים, אבל ראש הממשלה שלנו? ראש הממשלה שלי לצורך העניין? אני מודה שאני לא מבינה.

או.קיי. אני אגיד משהו בסוף, למה אני בכל זאת לא אצביע אי-אמון, חבר הכנסת נוה. אני מבינה שמסירת אבו-דיס לאחריות ביטחונית פלסטינית יש לה משמעות מעבר לאבו-דיס, יש לה משמעות על המיקוח בשאלה כמה שטח יימסר לפלסטינים, אם זה יימסר עכשיו, אז מה נמסור להם אחר כך בהסדר הקבע – אני מבינה את כל הדבר הזה, אבל היום אנחנו צריכים להתעקש על אבו-דיס, לשים אותה בראש שמחתנו? אני מודה שהדבר הזה לא ברור לי.

אני חושבת, חברי חברי הכנסת, שמי שחושב שצריך לסגת מהגדה, שמי שחושב שצריכה לקום מדינה פלסטינית, שמי מאמין שהפלסטינים יסתפקו ב-54% מהשטח, עם גושי התנחלויות כמו אבו-דיס ואותם פרברים – משלה את עצמו. אני קוראת לממשלת ישראל לגשת מייד ליישום המשך הפעימות, או המשך הפעימה, ואני בכל זאת אצביע אמון, חבר הכנסת נוה, כי אני עדיין מאמינה שרק הממשלה הזאת תיישם את הסדר הקבע עם הפלסטינים, ואני מקווה שכמה שיותר מהר.",2,"The speaker expresses skepticism towards the settlement policy and advocates for Palestinian control, indicating a strong opposition to the expansion of settlements."
145212,2000-07-25,הצעת חוק-יסוד: ירושלים בירת ישראל (תיקון) (שטח השיפוט ופעילות שלטונית): (קריאה ראשונה),"אדוני היושב-ראש, חברי חברי הכנסת - -

- - כאשר המלה ירושלים נזרקת לחלל האוויר כל פעם, ואני שומעת זאת גם כאן במליאת הכנסת, ברור שזה תום הדיון הרציונלי בכל מה שקשור לנושא הסכסוך הישראלי-הפלסטיני ומעבר לדיון בתחום המיסטי. במשך שנים טופח בתודעה הלאומית הקולקטיבית במדינת ישראל המיתוס של ירושלים. ירושלים תפחה לממדים של מיתוס, ועזרו לזה שורה של ביטויים, כל המילון, כל הרטוריקה, כל מילון המושגים שלנו: ירושלים מאוחדת לנצח נצחים, אם אשכחך ירושלים תשכח ימיני. כל הביטויים האלה שימשו במשך שנים כלי - - -

כל הביטויים האלה, חברת הכנסת לבני, שימשו כלי. כן. כל הביטויים האלה, חברי חברי הכנסת, שימשו כלי להעברת - - -

אדוני היושב-ראש, אני חוזרת ואומרת, שכל הביטויים הללו שימשו במשך השנים כלי להעברת מסר מיתי ביחס לירושלים.

אתה תיכף תשמע את המסקנה שלי, חבר הכנסת יהלום. בכלל, אני רואה את זה כאן, במליאת הכנסת - בפוליטיקה הישראלית מתנהלת מעין תחרות מי יצהיר על יותר נאמנות לירושלים. הדבר הזה בא לידי ביטוי בחוק הזה, המיותר, חסר התכלית, של חבר הכנסת מצא, שלצערי איננו כאן. וזה חוק-יסוד, לא סתם חוק. זה חוק שבא לעגן את הרחבת תחומי ירושלים והחלת המשפט והשיפוט בעיר הזאת, ואסור להעביר שטחים בעיר הזאת לשום גורם אחר. זה חוק אווילי. זה חוק שלא מביא בחשבון, שבעיר הזאת, בירושלים של מטה, לא בירושלים המטאפיזית - כשכל הביטויים האלה שימשו כלי לחזק את המיתוס של ירושלים - בעיר הזאת, בירושלים של מטה, חיים 200,000 פלסטינים. העיר הזאת מחולקת מאז 1967. העיר הזאת מחולקת לא כיוון שברק יחלק את ירושלים, אלא בגלל היחס המפלה שהיה אל תושבי השכונות במזרח העיר ובצפונה במשך 33 שנים. היחס המפלה הזה יצר את החיץ בין ירושלים המערבית לירושלים המזרחית.

חבר הכנסת מצא, ההצעה שלך היא עלבון לאינטליגנציה. לכן, אל תגיד לי שאין לי מושג. תחסוך לי התייחסות אליך.

תחסוך לי. אל תגיד לי שאין לי מושג. יש לי מושג לפחות כמו לך. חברי חברי הכנסת, אזרחי ישראל היהודים מדירים את רגליהם מירושלים המזרחית. חבר הכנסת מצא, מי שחושב שירושלים מאוחדת מרמה ומסמא עיני אחרים. זה מה שאתה עושה בהצעת החוק שלך. אתה מסמא עיני אחרים, אתה מרמה אותנו ואתה מרמה את עצמך. לגבי ירושלים צריך לעשות שינוי תודעתי. מוכרחים לעשות כאן שינוי קונספטואלי, כי רק פשרה אפשרית בעיר הזאת.

אדוני היושב-ראש, חבר הכנסת ריבלין, אין לי מחלוקת עם מי שרוצה בהמשך המצב כמו שהוא. אין לי מחלוקת אתו, כי מי שלא רוצה שלום, מביא הצעות בנוסח חבר הכנסת מצא. אבל מי שרוצה שלום, חייב לדבר במונחים של פשרה.

אדוני, תן לי זמן פציעות.

מי שרוצה שלום חייב לדבר במושגים של פשרה, ופשרה אפשרית אם תהיה ריבונות פלסטינית במזרח העיר ובצפונה.

אתה התפללת לקלנדיה ולשועפאט? אני שואלת אותך.

אני יודעת שקשה ללא מיתולוגיה. אדוני היושב-ראש, אני לא שומעת את עצמי.

אדוני היושב-ראש, אני יודעת שלחלק מחברי הכנסת כאן קשה ללא מיתולוגיה להתבשם בה. חבר הכנסת מצא צריך מיתולוגיה להתבשם בה. הוא גם רוצה לעגן את זה בחוקים אוויליים. אבל האלטרנטיבה לירושלים המטאפיזית היא ירושלים של מטה, ירושלים של ריבונות - - -

גם הסכמי אוסלו נראו בזמנו כשבירת טבו, ודעת הקהל הסתגלה אליהם הרבה יותר מהר מכפי ששיערנו. לא תהיה לכם ברירה, חברי חבר הכנסת ריבלין, תצטרכו להסתגל גם לפשרה בירושלים. ופשרה משמעה ריבונות במזרח העיר, ריבונות פלסטינית, וריבונות יהודית. אומנם, אני מודה שיש מצבים שהם בלתי הפיכים. גבעת-זאב, מעלה-אדומים, גבעון החדשה, נראה שיצטרכו להצטרף לירושלים, למה שנקרא ירושלים רבתי. מזרח העיר וצפונה יהיו חלק מהריבונות הפלסטינית. רק ככה יהיה הסכם שלום ורק ככה תהיה פשרה בירושלים.

אתה התפללת לקלנדיה ולשועפאט?",1,"The speaker strongly opposes the notion of settlement in Jerusalem, advocating for Palestinian sovereignty in the eastern part of the city."
146592,2000-10-30,הודעת ראש הממשלה על מדיניות הממשלה בעבר ועל תוכניותיה לעתיד,יש לנו ניסיון אתך. 18 שנים שילמנו מחיר דמים - - -,1,
147460,2000-11-13,"הצעת חוק פיצוי בשל פגיעה על רקע השתייכות: למוצא לאומי-אתני (תיקוני חקיקה), התש""ס–2000: (קריאה ראשונה)","אתה מסית ואתה מתיר דם - - -

- - - אני מבקשת שהוא יחזור בו, הוא מסית - - -

אני מבקשת שתתנצל. זו התרת דם - - -

אל תרשה לו לדבר עד שהוא יתנצל - - -

אתה מסית, אתה מתיר דם, בגללך נהרגו אנשים - - -

נכון, צריך לעקור את ההתנחלויות - - -",3,
147544,2000-11-14,נאומים בני דקה,"אדוני היושב-ראש, נראה שידידי חבר הכנסת אליעזר כהן צ'יטה גם הפעם לא יצביע מרצ, אני לא אתפלא. אני רוצה להתריע על תופעה שמתרחשת כאן באולם המליאה זה זמן.

אנחנו נעשה לך ועדת קבלה, חבר הכנסת רובי ריבלין.

אדוני היושב-ראש, חברי כנסת נוהגים לחרף ולגדף זה את זה ולהשמיע דעות שלא מקובלות על חבריהם, הכול בגבול הלגיטימיות, גם אם לא תמיד לטעמי. הייתי אומרת שאתמול הדבר הזה עבר את גבולות חופש הביטוי. חבר הכנסת בני אלון הציג את חבר הכנסת מוסי רז ואותי במליאה כמי שנותנים הכשר לרצח, לרצח של מתנחלים. אני רוצה להזהיר, יש חריגה מגבולות חופש הביטוי, וכבר ראינו איך מלה מובילה לאצבע על ההדק, ושלא יתפלא חבר הכנסת אלון, שמי ששופך שמן על המדורה, מביא אחר כך לתבערה בדבריו הנואלים.",3,
147658,2000-11-14,"דברי הכנסת: הישיבה המאה-וחמישים-ושלוש של הכנסת החמש-עשרה: יום שלישי, ט""ז בחשוון התשס""א (14 בנובמבר 2000): ירושלים, הכנסת, שעה 16:01","אדוני היושב-ראש, נראה שידידי חבר הכנסת אליעזר כהן צ'יטה גם הפעם לא יצביע מרצ, אני לא אתפלא. אני רוצה להתריע על תופעה שמתרחשת כאן באולם המליאה זה זמן.

אנחנו נעשה לך ועדת קבלה, חבר הכנסת רובי ריבלין.

אדוני היושב-ראש, חברי כנסת נוהגים לחרף ולגדף זה את זה ולהשמיע דעות שלא מקובלות על חבריהם, הכול בגבול הלגיטימיות, גם אם לא תמיד לטעמי. הייתי אומרת שאתמול הדבר הזה עבר את גבולות חופש הביטוי. חבר הכנסת בני אלון הציג את חבר הכנסת מוסי רז ואותי במליאה כמי שנותנים הכשר לרצח, לרצח של מתנחלים. אני רוצה להזהיר, יש חריגה מגבולות חופש הביטוי, וכבר ראינו איך מלה מובילה לאצבע על ההדק, ושלא יתפלא חבר הכנסת אלון, שמי ששופך שמן על המדורה, מביא אחר כך לתבערה בדבריו הנואלים.",3,
147971,2000-11-21,נאומים בני דקה,"אדוני היושב-ראש, מחר אמורה להתקיים בכיכר-ציון הפגנה גדולה של מועצת יש""ע. אני עוד זוכרת את ההפגנה הגדולה מהפעם הקודמת, ואנחנו יודעים לאן היא הובילה, לאן ההסתה שהושמעה שם הובילה. כשאני שומעת כאן, באולם המליאה, את המסיתים הראשיים, דרוקמן ובני אלון, שמאשימים אותנו בקשר עם האויב - - -

אתם המסיתים הראשיים. זה לא יעזור לכם. לא תצליחו לעשות לנו את ה""עליהום"" הזה, כי כבר ראינו איך מלה הפכה לאצבע על ההדק. לא ניתן לכם לחזור על כך. לא ניתן לכם. אתם בספסלי הימין מסיתים כאן בבית הזה באופן קבוע.

לא יעזור לכם הפעם. לא יעזור לכם.",1,
148634,2000-11-28,"הצעות חוק התפזרות הכנסת החמש-עשרה, התשס""א–2000: (קריאה ראשונה)","גברתי היושבת-ראש, חברי חברי הכנסת, סיעת מרצ לא תצביע בעד הפלת הממשלה היום. סיעת מרצ לא תצביע בעד הפלת הממשלה לא כי אנחנו מאוהבים בממשלה הזאת. יש לנו הרבה ביקורת עליה, החל מההתקדמות בתהליך המשא-ומתן המדיני, החל מהעובדה שבממשלה הזאת - שאני מודה שהיינו שותפים בה - הרחיבו התנחלויות. בממשלה הזאת לא אמרו למתנחלים: אתם תצטרכו לחזור הביתה. לא רק שלא אמרו להם שהם יצטרכו לחזור הביתה, לגבולות מדינת ישראל, אלא עיבו, הקימו מאחזים - אחר כך הורידו אותם - אבל עיבו, בנו. אז אנחנו לא מאוהבים בממשלה הזאת ובטח לא בכל מה שקשור לתהליכים חברתיים וכלכליים ולמצב שהידרדרנו אליו. אבל מה האלטרנטיבה שמציעים לנו מגישי החוק? האם הם מציעים לנו בחירות כשהם אומרים פיזור הכנסת? לא, רבותי, הם לא מציעים לנו בחירות, אלא מציעים לנו רמייה. זו אחיזת עיניים, כי מה שמציעים מגישי החוק הוא ממשלת אחדות לאומית. זו ממשלת אחדות לאומית שהמשמעות שלה היא דשדוש במקום, שהמשמעות שלה לא להגיע להסדר מדיני. הדבר היחיד, חברי חברי הכנסת, שיכול להציל היום את מדינת ישראל מהבוץ שהיא תקועה בו, הן ברמה המקומית והן ברמה הבין-לאומית, ולכן אנחנו לא נצביע בעד הפלת הממשלה, הוא להגיע להסדר מדיני זה או אחר - אולי לא לדבר על סוף הסכסוך - אבל להגיע להסדר מדיני, כי נשפך פה דם מיותר. לשפיכת הדם הזאת שותפים אנשים שלא מוכנים לקבל עליהם הכרעות ברורות.

מי שקורא להפלת ממשלה, מי שקורא להצביע להפיל את הממשלה - כמו טומי לפיד - מי שמתכוון להמליך את אריק שרון - שינוי, יצא המרצע מהשק. שינוי היא יותר ליכוד מליכוד, וטומי לפיד הוא המוציא והמביא. ומה מציע בכלל טומי לפיד? ממשלה עם אריק שרון, כשאריק שרון הוא ראש הממשלה, כשבקבינט יושבים אנשים שהמשמעות של הישיבה שלהם שם היא גרימה וגרירת האזור הזה למלחמה. זה מה שאתם רוצים, אנשי שינוי, להביא את אריק שרון כדי לחזק את הימין, שיש לו כאן נציגים בכנסת, כדי להביא למלחמה. אז לא. אני חוזרת ואומרת: אנחנו לא מאוהבים בממשלה הזאת ויש לנו ביקורת קשה עליה, אבל אנחנו לא ניתן יד. לנו יש אג'נדה מעבר למלחמות בחרדים, שזו האג'נדה של שינוי. אנחנו לא ניתן יד למפלגות שרוצות להוביל למלחמה. זה מה שאתם רוצים. תודה רבה.

אתה - - - למלחמה, על איזה הסכם שלום אתה מדבר.",3,
149365,2000-12-06,הצעות לסדר-היום ועדת הבדיקה הבין-לאומית; כוונת ראש הממשלה לחתום על הסדר מדיני; מיגון שכונת גילה והאירועים בקבר רחל,"תודה לדוברים שאפשרו לי לדבר לפניהם. אדוני היושב-ראש, אדוני השר, בימים האחרונים, או אפילו בשעות האחרונות, נשמעים יותר ויותר דיבורים על אפשרות להקים ממשלת אחדות זו או אחרת. אחרי שראש הממשלה עמד כאן מעל דוכן הכנסת בשבוע שעבר והכריז על נכונותו ללכת לבחירות, פתאום אנחנו עדים לערוץ רב-מסלולי, הייתי אומרת, שמצד אחד אנחנו מדברים על הליכה לבחירות, ומצד שני אני שומעת שיש כל מיני אנשים, חלקם שליחים מטעם עצמם, חלקם שליחים בהסכמה שבשתיקה מצדו של ראש הממשלה, שמנסים לקיים מגעים אלו או אחרים. אני פותחת בזה, אדוני היושב-ראש, כי אני רוצה לומר שעלינו - אני מתכוונת על סיעת מרצ - זה מאוד מאוד לא מקובל. ראש הממשלה הכריז שהוא הולך לבחירות, כי הוא לא הצליח במשך זמן לכונן ממשלה שזכות הקיום שלה, מעבר לנושאים החברתיים, בנסיבות האלה שמדינת ישראל מצויה בהן, מותנית בכך שהוא יביא הסדר שלום עם הפלסטינים. אי-אפשר להמשיך ככה. אי-אפשר להמשיך כשיורים על גילה, ואי-אפשר להמשיך כשיורים על גוש-קטיף ונצרים וכפר-דרום. ידועה עמדתי שצריך לפנות את נצרים וכפר-דרום, אבל אי-אפשר להמשיך כך. ואי-אפשר שנהרגים פלסטינים ונפצעים אלפים. גם ככה אי-אפשר להמשיך. אנחנו מוכנים לתמוך בראש הממשלה, שהכריז שהוא יהיה מוכן או שיעשה מאמץ להפוך כל אבן, אנחנו מוכנים לתמוך בו אם נראה שהוא חותר לקראת תהליך מדיני, לקראת הסדר מדיני. רבות כבר דובר על היוהרה שאפיינה את ראש הממשלה כשהוא הלך לקמפ-דייוויד ורצה להשיג הכול. לו זה היה תלוי בי, אני כמובן הייתי רוצה שילכו על הסדר כולל, הכול, כל הבעיות. אבל מה לעשות, יש דברים רגישים, ויש דברים שהם אולי אינם פתירים בנסיבות כאלה. אז אני חושבת שיש דברים שאולי היה כדאי להגיד, שמכיוון שהם כל כך רגישים, אולי שווה לדחות אותם לשלבים אחרים במשא-ומתן, וללכת לקראת הפלסטינים. אני לא יודעת אם הפלסטינים יקבלו את זה, מיני-הסכם, הסכם מלא, כל הסכם שיהיה מקובל גם על הפלסטינים, ומובן שיעמוד בתנאים שקשורים לביטחונה של מדינת ישראל. אני אומרת כאן, אדוני היושב-ראש, מעל דוכן הכנסת, אם ראש הממשלה יראה נכונות ויעשה מאמץ להביא הסדר מדיני, אנחנו נתמוך בו. ואם לא, אני חושבת שמחנה השלום יצטרך לשקול להעמיד מועמד שיעשה כל מאמץ כדי שמדינת ישראל לא תידרדר וכדי שלא תהיה כאן מלחמה כוללת. תודה רבה.",3,
151365,2001-01-09,"מי אתה, אריאל שרון?","גברתי היושבת-ראש, חברי חברי הכנסת - - -

חבר הכנסת לנגנטל, אני בטוחה שתתעניין בדברי. חברי חברי הכנסת, איזו מידה של עזות מצח נדרשת ממי שנפסל בזמנו על-ידי ועדת-כהן מלכהן כשר ביטחון לחשוב שהוא רוצה להיות עכשיו ראש ממשלה? מי שוועדת-כהן אמרה עליו, ואני מצטטת: - -

""- - תמוה הדבר ששר הביטחון לא שיתף כלל את ראש הממשלה בעניין ההחלטה של הכנסת הפלנגות למחנות"". גברתי היושבת-ראש. איזו עזות מצח נדרשת ממי שבנה את ההתנחלויות, ממי שהצית את אינתיפאדת אל-אקצא, גרם לאינתיפאדה הנוכחית כשהוא עלה על הר-הבית, לחשוב שהוא רוצה להיות ראש ממשלה של כולם? אריאל שרון, שאמר על הערבים בישראל - ואני מצטטת - ""יקרה לכם מה שקרה להוריכם ב-48'""; אותו אריאל שרון שאמר לגבי השלום: ""אנחנו לא נאפשר הקמת מדינה פלסטינית"", ו""אני לא אדבר עם ערפאת"". ויש עוד הרבה ציטוטים לגבי אריאל שרון. אבל יש דבר אחד, גברתי היושבת-ראש, שלא יישכח ולא ייסלח, וככל שעוברות השנים גם הכאב לא מתעמעם. מי שהכניס אותנו לבוץ הלבנוני לפני 18 שנים, מי שבני בגין אמר עליו, ""שרון הטעה את אבי"", מי שבגינו דשדשנו בבוץ הזה כל כך הרבה שנים, וכל כך הרבה חיילים נהרגו - האיש הזה רוצה להיות ראש ממשלה. חברי חברי הכנסת, אני רוצה לקרוא בפניכם את מכתבו של יעקב גוטרמן, שנשלח אלי. יעקב גוטרמן הוא אביו של סמל ראשון רז גוטרמן, זיכרונו לברכה.

חבר הכנסת אדלשטיין, אני מציעה לך להקשיב היטב עכשיו, להקשיב היטב למכתבו של אב שכול, שהשנים לא עמעמו את הכאב שלו. ""נחרדתי"" - כותב יעקב גוטרמן - ""כאשר תנועה פוליטית, מן המרכזיות בארץ, לא מצאה אדם להעמיד בראשה, זולת אריאל שרון. אני חרד שבעתיים נוכח חזיון התעתועים המריץ איש זה אל ראשות הממשלה. האיש, שביוני 1982 הטיל אלפי נערים ישראלים, חפים מחטא, אל תופת האש והמוות של מלחמת ההונאה הלאומנית בלבנון; האיש, שעט להצטלם על כתמי הדם השפוך של בני רז, ההרוג על פסגת הבופור - בטרם הודיעו לי על מותו. האיש שביטל במחי-יד את דיווחו החד-משמעי של קצין צעיר מסיירת גולני, שהודיע לו ולבגין, שנפלו שישה מחבריו. האיש הכוחני הזה, אשר זרע ביד גסה התנחלויות למכביר, כדי לשים לאל כל אפשרות לשלום ופיוס. האיש אשר הפרובוקציה הצינית שלו בהר-הבית זורעת עד היום הרס, דם ושכול - -""

""- - האיש חסר המצפון הזה, הנושא על מצחו אות קין של ועדת-כהן, רץ עתה אל ראשות הממשלה.""

""המחשבה על כך מצמררת אותי ומזוויעה. כל עם נבון שמכבד את עצמו - - -""

""כל עם נבון"", כותב האב השכול, ""שמכבד את עצמו, היה מוקיע מנהיג אשר עולל לו טרגדיות פחותות מאלה, ומשלח היה אותו אל בית-הנכות של תולדותיו. ""מתחתית השאול של השואה בפולין - -""

""- - נשאתי לכאן חלום של תקומה, אישי ולאומי, וחלומי נשזר בחלומם של יוצאי מרוקו ותוניס, עירק ומצרים, גרמניה ורומניה, וגלויות אין-ספור אחרות. חלומנו רוסק ברגל גסה בידי אריאל שרון ודומיו. כל פועלו ומעשיו של איש זה, שובל ארוך של שכול, יגון ודמעות נשרך אחריהם.""

""אין לנו קיום, כבני-אדם וכעם, כי אם במציאות של שלום, שלום מיוחל, שיבוא מתוך התפייסות של פשרה, גם אם כואבת, אך אמיתית וכנה. דמותו המאיימת של אריאל שרון שוב מטילה צל קודר על אופק, שאך אור קלוש של תקווה החל מבצבץ בו.""

""לו שמץ מצפון בלבו של אדם זה, מניח היה אותנו לנפשנו, לחיות בשלום את חיינו, לטוות את חוט תקוותנו, תקוות השלום למעננו, למען ילדינו ונכדינו, למען קיומה של מדינת ישראל."" החתום על המכתב - ""יעקב גוטרמן, אבא של סמל ראשון רז גוטרמן, שלא ישכח ולא יסלח - לעולם.""",1,"The speech strongly criticizes the actions and legacy of Ariel Sharon regarding settlement policies, indicating a firm opposition to settlement expansion."
152018,2001-02-21,הצעה לסדר-היום: המצב הביטחוני בגוש-קטיף,"כל כך רציתי כבר לענות לחבר הכנסת הנדל.

אדוני היושב-ראש, דעתי הפוליטית בעניין פינוי התנחלויות ידועה, בעניין פינוי גוש-קטיף ידועה. אני רוצה להגיד משהו שלא נובע כרגע מעמדתי הפוליטית הצרופה אלא דווקא מתוך איזו מחשבה על ביטחונם - אני מדברת כרגע על אנשי נצרים. בשבועות האחרונים או בשבועיים האחרונים אנחנו עדים לירי מרגמות על נצרים. זה מצב בלתי נסבל. אני רוצה לומר לחבר הכנסת הנדל, אני מתנגדת לישיבה של המתנחלים בגוש-קטיף, אני מתנגדת לישיבה של המתנחלים בנצרים ובכפר-דרום. אני חושבת שצריך היה לפנות אותם כבר מזמן. הם תקועים בגרון של עזה, לא לבלוע, לא להקיא. אבל יש כאן סיטואציה מטורפת. 51 משפחות, שכדי להגיע ליישוב צריכות לנסוע באוטובוס ממוגן, מכונית לפנים ומכונית מאחור. גדודים שלמים ופלוגות שלמות של חיילים נמצאים שם. יותר מתשעה חיילים נהרגו שם בימים - - -

חבר הכנסת הנדל, זה שתגיד שבע פעמים שרוקדים פה על הדם לא יחזק את הטיעון שלך. אדוני היושב-ראש, אני אומרת, שמתוך דאגה לשלומם וביטחונם של המתנחלים - - -

אדוני היושב-ראש, אני חושבת, שבנסיבות האלה חובה על הדרג הצבאי להמליץ לדרג המדיני לפנות את נצרים ואת כפר-דרום, ומייד.",1,
152403,2001-03-05,הצעות לסדר-היום: ירי מרגמות על נצרים,"חבר הכנסת מקסים לוי, אתה צודק שזה דבר נורא, ולכן צריך לפנות אותם משם.",1,
153115,2001-03-19,"הצעת סיעת חד""ש להביע אי-אמון בראש הממשלה בשל מדיניות הממשלה החדשה בשטחים","אדוני היושב-ראש, חברי חברי הכנסת, אני רוצה בראשית דברי להצטער על ההרג הנורא, על מותו של אזרח ישראלי בפיגוע הנורא. אני חושבת, אדוני היושב-ראש, שהגיע הזמן לשים קץ למעגל הדמים הזה, למעגל האיבה, שתובע עוד ועוד הרוגים יהודים ופלסטינים, יהודים וערבים, וצריך לעצור את זה. לכן אני נדהמת כל פעם מחדש כשאני שומעת את עמדת הממשלה כפי שהציג אותה עכשיו השר דני נוה. אני שומעת את המסר הזה: אנחנו רוצים לחזור לשולחן המשא-ומתן, אנחנו רוצים לדבר עם הפלסטינים, רק אנחנו לא נעשה את זה תחת אש. ואני שואלת, ריבונו של עולם, איך עוצרים את האש אם לא חוזרים לשולחן המשא-ומתן? איך מביאים להפסקת מעגל האיבה? אז יש הצעה חכמה, נבונה, הומנית, מוסרית, שמציע אותה חזור והצע חבר הכנסת הנדל: הורגים אותם.

אל תענה לי, חבר הכנסת הנדל. את הרעיונות האלה כבר שמענו מזמן. את העצות האלה - - -

את העצות האלה של ""תנו לצה""ל לנצח"", ""תנו לאופציה הצבאית, הכוחנית, לנצח"", את העצות האלה כבר ניסינו.

אדוני היושב-ראש, את האופציה הצבאית הזאת ניסינו כל כך הרבה שנים.

האופציה הזאת לא הובילה אותנו לשום מקום ולא תוביל אותנו לשום מקום. כי גם אם ייהרגו עוד אלפים, יצטרכו לחזור לאותה נקודת מוצא ולהתחיל בדיוק מאותו מקום, כי איזה שדר משדר עכשיו ראש הממשלה, ראש ממשלת האחדות, כפי שקרא לה השר דני נוה? מדובר באחדות ובשדר. איזה שדר הוא משדר עכשיו בביקורו בוושינגטון? מה הוא הולך לספר לאמריקנים? מה הוא הולך לספר למדינת ישראל? איזה פתרון קסם, איזה שפן הוא הולך לשלוף? יחזרו לאותה נקודה, ואין דרך אחרת זולת הפשרה; פשרה קוראים לזה. ומי שהולך להשלות את העם שהוא יעשה הסכמי ביניים מתמשכים, הוא קורא לזה, טיפין-טיפין, יחזירו פה, דונם פה ודונם שם - -

- - משלה את העם. הדבר הראשון שיחזירו, חבר הכנסת הנדל, תושב גוש-קטיף, יהיה גוש-קטיף, על אפך ועל חמתך.

חבר הכנסת הנדל, תרצה או לא תרצה, כפר-דרום - -

- - נצרים ומורג הם בתוכנית של ראש הממשלה.

אדוני היושב-ראש, היום פורסמה בעיתון ""הארץ"" בהבלטה ידיעה שאומרת, שראש הממשלה אריאל שרון מתכוון לפנות את שלושת היישובים שנקבתי בשמותיהם. מה זה מתכוון, אדוני היושב-ראש? אם הוא ראש ממשלה אחראי, הוא חייב לפנות את היישובים האלה, שתקועים בגרונה של עזה - לא לבלוע, לא להקיא - כמו עצם בגרון.

האנשים האלה נמצאים בסכנה, האנשים האלה חשופים לסכנה כי יורים עליהם במרגמות, וזה לא ייתכן שיורים עליהם במרגמות והם חושפים את חיילי צה""ל לסכנה.

חבר הכנסת קליינר, אומנם גם אתה באופוזיציה, אבל תרשה לאופוזיציה הראשית, הגדולה, להביע את דעתה. אחר כך נשמע גם אותך.

אדוני היושב-ראש, מי שלא אומר לעם את האמת, מי שלא אומר שיצטרכו לפנות יישובים, מסמא את עיני הציבור. מי שנוסע לוושינגטון מסמא את עיני הציבור. מי שנוסע לוושינגטון ומפריח מסרים כאן בארץ, שולח בלון ניסוי לגבי שלוש ההתנחלויות האלה, מסמא את עיני הציבור. לא צריך לומר: אני שוקל לפנות את היישובים האלה. צריך לפנות את היישובים האלה. חבר הכנסת הנדל, לדעתי - - -

לא לסיום, אדוני היושב-ראש, אתה צריך לתת לי זמן פציעות. יש מה שנקרא זמן פציעות, אדוני היושב-ראש.

אדוני היושב-ראש, לא הצלחתי להגיד משפט אחד שלם ללא הפרעה.

אדוני היושב-ראש, מי שבא לכנסת ישראל ומדבר בשם אותה אחדות מזויפת ומדבר בשם אותן ססמאות שאבד עליהן כלח - ""אנחנו נמשיך"", ""אנחנו נשלוט"" - ובמקביל מטיל כתר וסגר ועוצר ומנתק אוכלוסייה שלמה - - -

אדוני היושב-ראש, בכנסת יושבים אנשים שמחפשים אופציה כוחנית-צבאית. הצד הזה, הנדל ואלון, וקליינר כבר אמרנו? זה לא יעזור לכם.

זה לא ייתכן, חבר הכנסת הנדל. זה לא הגיוני.

אני קוראת לחבר הכנסת הנדל לחזור בו מהמלים גיס חמישי.",1,
153165,2001-03-20,נאומים בני דקה,"אדוני היושב-ראש, אני רוצה להודות לך. אני רוצה לתהות בקול רם, האם חבר הכנסת הנדל, שהוא ראש ועדת הקליטה של הכנסת, הוא גם נציגה של הממשלה במליאה הזאת. האם הוא מוסמך לדבר בשם הממשלה? ראש הממשלה, אני מבינה, נמצא בסיור מאוד מאוד חשוב בחו""ל - - -

ראש הממשלה טרח לחזור ליושב-ראש ועדת הקליטה של הכנסת כדי להזים את מה שהתפרסם אתמול בעיתון ""הארץ"", שהוא עומד לפנות את נצרים, את כפר-דרום ואת מורג? אם ראש הממשלה טרח לחזור לחבר הכנסת הנדל כדי לסבר את אוזנה של הכנסת שלא יהיה כדבר הזה, לא יפנו את שלושת היישובים האלה, עכשיו אני בטוחה שכך יקרה, אדוני היושב-ראש. ראש הממשלה מבין שחייבים לפנות את היישובים שתקועים בגרונה של עזה כמו עצם, לא לבלוע, לא להקיא. צריך לפנות אותם.",9,
154192,2001-05-02,דרך ההתנהלות של הממשלה בתחום המדיני והחברתי,"אדוני היושב-ראש, חברי חברי הכנסת, אני רוצה להצטרף לברכות לשלושת סגני השרים החדשים. זו ממשלה מקיר לקיר כמעט, הייתי אומרת. אדוני היושב-ראש, אתמול נרצח אסף הרשקוביץ. לפני שלושה חודשים נרצח אביו אריה הרשקוביץ מעופרה בפיגוע ירי נורא - משפחה שלמה - והמציאות הזאת של ירי ופיגועים הפכה כמעט לשגרת חיים, שגרת חיים בלתי נסבלת. מאז תחילת האינתיפאדה, בספטמבר האחרון - האינתיפאדה השנייה - אנחנו מוצאים את עצמנו יורים ונרצחים, ואז ממשלת ישראל מגיבה ויורה ופוגעת ונכנסת לשטחי ונאלצת לצאת משטחי A ומטילה כתרים ומטילה סגרים. באיזו מציאות דמים אנחנו נמצאים, שמשפחה שלמה צריכה להיפגע בצורה כל כך קשה, שאנשים נפגעים, אוכלוסייה אזרחית נפגעת. צריך לעצור את מעגל האיבה הזה וצריך לעצור את מעגל הדמים הזה. וכדי לעצור את מעגל הדמים הזה, אדוני היושב-ראש, צריך לדבר. חייבים לדבר. והפרטנר שאתו צריך לדבר הוא יושב-ראש הרשות הפלסטינית יאסר ערפאת, ואתו צריך לדבר, אדוני היושב-ראש. ואת הדבר הזה הבין גם ראש הממשלה, שבמשך חודשים חזר על המנטרה המטופשת הזאת, שלא מדברים כל עוד יש אש, כל עוד לא נפסקת האש. אני חשבתי שכדי לעצור את האש, שכדי להפסיק את מעגל הדמים הזה, צריך לדבר - - -

צריך לדבר. אדוני השר, תתרגל לזה שאתה שר.

אדוני היושב-ראש, אפילו רובי ריבלין, בממשלה שהוא יושב, מבין, שכשראש הממשלה שולח בשליחות לא נכונה את בנו עמרי שרון ליאסר ערפאת, הוא שולח אותו כי צריך לדבר. וכשהוא שולח את שמעון פרס - ואני מאוד לא אוהבת את השליחות של שמעון פרס - אבל כשהוא שולח את שמעון פרס, הוא מבין שצריך לדבר כי צריך להפסיק את האש. אני לא אוהבת את השליחות של שמעון פרס, כי הוא אומר שהוא הולך לטפל ביוזמה המצרית-ירדנית, כששני הפרמטרים העיקריים ביוזמה המצרית-ירדנית - הפסקת ההתנחלויות, הקפאת ההתנחלויות והמשא-ומתן להסדר קבע - לא מתקיימים בה. אז איזו שליחות בדיוק מקיים שמעון פרס ולמה הוא נוסע? בשביל זה, אדוני השר ריבלין, היה אפשר לשלוח גם אותך. לשליחות שהיא חישוקאית, אפשר היה לשלוח גם אותך או כל שר אחר מהליכוד, למה היה צריך לשלוח את שמעון פרס?

האמן לי, חבר הכנסת בוים, שאם תקשיב לי עד הסוף - תבין. אני בטוחה שתבין.

אדוני השר, אנחנו באופוזיציה מבינים את מה שהממשלה לא הבינה - שצריך לדבר, וצריך לדבר עם יאסר ערפאת. ולכן, יושב-ראש מרצ, יושב-ראש האופוזיציה יוסי שריד, היה השבוע בפגישה עם יאסר ערפאת - כן, וזה קשה כשיש פיגועים כאלה - אבל צריך לדבר. ואז, כשאני שומעת את דברי ההסתה שנאמרו אתמול על-ידי פנחס ולרשטיין, שיוסי שריד ויוסי ביילין הם בוגדים, כי הם מדברים עם יאסר ערפאת - ואתה, במקום להוקיע אותם, אדוני השר, אתה בא אלי בתלונות? אנחנו כבר שכחנו מאיזה מחנה יצא הרוצח כי היתה הסתה? אנחנו כבר שכחנו למי קראו בוגד ומסית? שכחנו את זה? במקום שכל המחנה הזה שיושב כאן עכשיו ומתגולל אולי עכשיו ולא מבין את מה שאני אומרת, במקום שהוא יוקיע את פנחס ולרשטיין - -

- - שמסית. אתה הטרנספריסט הראשון שהיית צריך להוקיע אותו.

אל תיכנס לדברי, חבר הכנסת אלון - -

- - אל תיכנס לדברי. אתה טרנספריסט. בזכות ובגלל המדיניות שלכם - -

אדוני היושב-ראש, החברה הישראלית משלמת מחיר של 30 שנות התנחלות. ההסתה הזאת יצאה מקרב מחנה אחד מאוד מאוד ברור, ובמקום להוקיע את זה פה, יש לך עוד מה להגיד, חבר הכנסת אלון - - -

אל תענה לי בכלל. בגלל אנשים כמוך, שלא גינו אתמול את פנחס ולרשטיין.

אני חיה במדינה הזאת אבל אתה חי מחוץ למדינה הזאת, ובגלל אנשים כמוך אנחנו משלמים מחיר כל כך כבד, כי צריך להגן על התנחלויות שאין בהן צורך - -

- - שהיה צריך לפנות אותן מזמן. וההתנחלויות האלה, בניגוד למה שאמר אתמול השר לביטחון פנים, אינן מגינות על תל-אביב; אינן מגינות על תל-אביב. אתם לא ""חומה ומגדל"", הייתם צריכים להתפנות משם, והייתם צריכים לגנות את ולרשטיין ודומיו.

אל תשכח איזה מחנה הוציא רוצח, רוצח של ראש ממשלה.

אדוני היושב-ראש, אני תמהה על שר התקשורת, שהוא עוד לא התרגל לתפקידו החדש. אתה לא יושב-ראש סיעת האופוזיציה. תתרגל, יושב-ראש סיעת האופוזיציה עכשיו הוא יוסי שריד. אתה עכשיו שר בממשלת ישראל. תקשיב לי עד הסוף, אחר כך תענה.

אדוני היושב-ראש, יש כאן איזו מציאות, איזה מעגל דמים שאנחנו לא מצליחים לצאת ממנו, וכדי לצאת ממנו - ואני חושבת שסביב זה כל הבית היה צריך להתאחד - כדי לצאת ממנו צריך להיות ברור שצריך לדבר, ועם מי מדברים? מדברים עם מי שנחשב אויב. עם מי מדברים?

אדוני היושב-ראש, חייבים להביא לרגיעה. אני מכירה את הדיבורים האלה: שש שנים אנחנו מדברים והנה נתנו להם הכול. מה זה הדיבורים האלה? זה טוב בשביל לשבת בכנסת. אנחנו רוצים להביא לרגיעה ואתם רוצים להביא למלחמה. יש כאן אנשים שרוצים מלחמה, ויש להם נציגים בבית הזה.

אם תיתן לי להשיב לך, אני אסביר לך.

אני מכירה אנשים בכנסת הזאת שחושבים שהדרך הנכונה להגן על מדינת ישראל - - -

אני חושבת, אדוני היושב-ראש, שכדי להביא לרגיעה צריך לעשות כמה דברים, הממשלה הזאת צריכה לעשות כמה דברים. ראשית, הגיע הזמן שראש הממשלה יתחיל קצת לדבר. בכלל, כולם כל כך מרוצים ממנו כי הוא שותק, הוא מחייך קצת כשהוא מופיע בטלוויזיה, ואז הוא שולח את שמעון פרס לדבר, ואז שמעון פרס מכריז שהנה הוא הצליח להשיג הפסקת אש ביחד עם מובארק, ולבסוף אין הפסקת אש - - -

אתה רוצה להחליף אותי, חבר הכנסת בוים?

אני שואלת אותך אם אתה רוצה להחליף אותי.

אדוני היושב-ראש, מכיוון שיש כאן ממשלה מקיר לקיר וקואליציה מקיר לקיר, נראה לי שקשה לחלק מחברי הבית להתרגל לעובדה, שעדיין נשארו אנשים ספורים שמחשיבים עצמם באופוזיציה ושמבינים שצריך להיאבק במדיניות שאתם מנסים להשליט ולהנחיל, במדיניות התוקפנית, הייתי אומרת. חשבתם שאפשר להיכנס ככה לשטחי A בעזה, ראיתם מהר מאוד שהדבר הזה לא הולך. יש מדינות בעולם, אנחנו לא יכולים לעשות את מה שאנחנו רוצים. ואנחנו כבר הבנו, שבמדיניות של כוח זה לא הולך, המדיניות הזאת לא צלחה בשום מקום. אי-אפשר להצליח בכוח, זה לא הולך, יש מגבלות לכוח הצבאי, וכל מי שקורא כאן את הססמאות המזויפות האלה: תנו לצה""ל לנצח, תנו לכוח הזרוע לנצח - זה לא עובד, הרי נצטרך לחזור לאותה נקודת מוצא. ואחרי שיישפך עוד דם ועוד דם ועוד אנשים ייהרגו וייפגעו, הרי נצטרך לחזור אל שולחן הדיונים, אפילו אריאל שרון הבין את זה. אדוני היושב-ראש, אני קוראת לבית הזה להתעשת ולהחליט שיוצאים מייד ויושבים למשא-ומתן. שר התקשורת, אדוני, אני חושבת שאם אתה לא מבסוט ממי שמייצג אותך במשא-ומתן, אולי תציע לראש הממשלה שאתה תנהל את המשא-ומתן. אבל גם אתה תבין, במוקדם או במאוחר, שחייבים לדבר. תודה רבה.",1,
157341,2001-06-20,הצעות לסדר-היום: דיבורים בדבר ארגונים חשאיים יהודיים,"אדוני סגן השר, לא התרגלת שאתה סגן שר. מה אתה מנהל ויכוחים במליאה? אתה כבר סגן שר. או שתעשן בצד או שתשב ותקשיב.

אדוני היושב-ראש, בימים האחרונים או בתקופה האחרונה אנחנו עדים לפיגועים קשים מאוד, לפגיעה במתנחלים, לאובדן חיי אדם, ואני חושבת שזו סיטואציה קשה מאוד, סיטואציה כמעט בלתי אפשרית, ואני מאוד מאוד מוטרדת. אבל אני גם מוטרדת, אדוני היושב-ראש, מהדיבורים על קיומן של התארגנויות מחתרתיות מיליטנטיות בקרב המתנחלים.

אדוני היושב-ראש, אני מוטרדת מהעובדה שעלולה לקום מחתרת יהודית חדשה מיליטנטית, מחתרת שמקדשת את הנקמה, שבעיני היא סכנה לדמוקרטיה. אדוני היושב-ראש, הרי לא מדובר כאן באיזה פרי דמיון מפותח שלי. כבר היו דברים מעולם, כבר היתה מחתרת יהודית. המתנחלים מדברים על כך בריש גלי. היתה מחתרת יהודית, היו רבנים שהסיתו ונתנו לגיטימציה לפגיעה בפלסטינים.

אני רוצה להזכיר את זה היום, אדוני היושב-ראש, בדיוק היום, כשמרגלית הר-שפי עומדת לפני שחרורה ממאסר על שתיקתה שהובילה לרצח של ראש ממשלה על-ידי טרור של יחיד.

אדוני היושב-ראש, האם אתה רוצה לומר משהו לחבר הכנסת הנדל? חבר הכנסת הנדל, אתה רוצה לחכות שאני אסיים ואז אני אתן לך על חשבוני להגיב דקה?

אדוני היושב-ראש, כשהמתנחלים אומרים בריש גלי שהם מדברים על סיום תקופת ההבלגה מבחינתם, כשהמתנחלים מפרסמים תוכניות פעולה למקרה שצה""ל ייסוג מעמדתו במסגרת הסכם מדיני עם הפלסטינים, כשבפגישה בין גורמי ביטחון לראשי המתנחלים הם אמרו שלאורך זמן הם לא יוכלו להמשיך לשמור על איפוק ולשלוט על האנשים האלה - - -

אדוני היושב-ראש, כשרבנים כמו הרב פליקס והרב דב ליאור קוראים לנקמה ממלכתית, ואני מצטטת: הנקמה היא פעולת תגמול ופעולת מנע כאחת. ואנחנו יודעים שצאן מרעיתם קורא בין השיטין ויודע בדיוק למה הם מתכוונים. ואני לא עושה הבחנה בין נקמה ממלכתית - - -

תגיד, אני צריכה שהוא יזמזם לי באוזן כל הזמן?

אדוני היושב-ראש, אני מבקשת שתיתן לי זמן פציעות. אני לא יכולה.

אדוני היושב-ראש, כשאנשי כהנא מדברים על טרור יהודי נגד ערבים, ""נחדש את ימי הלח""י"", אמרו אנשי כהנא בימים האחרונים, כשמופצים כרוזים בבתי-כנסת ומדברים על נקמה כמעשה חיובי וצודק מאין כמוהו, אני רוצה להזהיר, אדוני היושב-ראש, כיוון שכבר ראינו שקמה מחתרת, ראינו איך היא פעלה תחת אושיות מדינת ישראל. אני רוצה להזהיר, שעם כל הקושי, ואתם עומדים במצב קשה, וזה בכלל לא קשור כרגע לתפיסה שלי לגבי ההסדר המדיני, שבהסדר מדיני יצטרכו לפנות אתכם, כל עוד אתם שם, צריכים לעשות הכול כדי לדאוג לביטחונכם. אני חושבת שגם הרשות הפלסטינית צריכה לדאוג לכך שלא יפגעו בכם. אבל אתם לא יכולים להצמיח מקרבכם אנשים שלוקחים את החוק לידיהם באופן מאורגן ויזום. זה דבר שהחברה הישראלית לא יכולה לתת לו יד.

איך אתה משווה בין הפגנה - - -",1,
158307,2001-07-04,הצעות לסדר-היום הכרזת שר הביטחון על פינוי המאחזים ביהודה ובשומרון,"גברתי היושבת-ראש, אני מודה לך. גברתי סגנית השר, שר הביטחון הופיע לפני כשבוע, אולי קצת יותר, בוועדת החוץ והביטחון ודיבר בנחרצות, מה זה בנחרצות: נתתי הוראה שבתוך שבוע יפונו המאחזים, הוא אמר.

והוא הוסיף ואמר, ואני קיבלתי את זה: אני לא רוצה לעשות את זה בכוח, אני רוצה לעשות את זה בהידברות עם ראשי המתנחלים; זימנתי אלי את ראשי המתנחלים. ואני אמרתי, זה כבר כל כך הרבה זמן, זה יחכה עוד שבוע. השר היה כל כך נחרץ, אין לי ספק שבתוך שבוע המאחזים האלה ייעלמו. מעבר לזה, אני הבנתי שהדברים האלה היו בהחלטה ומתוך הסכמה עם ראש הממשלה. פתאום אני שומעת, שראש הממשלה, בביקורו בארצות-הברית, אומר שהורדת המאחזים זה בכלל פרס לטרור. ואני חשבתי, שהמאחזים הם פרס לבריונות, שהשארת המאחזים זה פרס להתנהגות של כל דאלים גבר. אני לא מבינה את זה בכלל. הרי למה הולכים להוביל אותנו? אנחנו הרי מכירים את השיטות האלה ואת הטקטיקה הזאת. מתחילים בקרוון ואחר כך עוד קרוון, ואז ממשלות ישראל לדורותיהן מלבינות את המאחזים. הרי למה הוקמו המאחזים? כל השיטה הזאת של מאחז פה ומאחז שם, דונם פה ודונם שם, ההקמה הזאת נועדה ליצור רצף טריטוריאלי בין ההתנחלויות, כדי לתקוע מקלות בגלגלי השלום. הרי לכולנו ברור, יש צורך ביישובים ובהתנחלויות נוספים? הרי גם המתנחלים מבינים שבהסדר זה או אחר יפנו אותם; על-פי חיים רמון אולי לא בהסדר. הרי האנשים האלה צריכים להתפנות משם. האנשים האלה, במאחזים האלה, שיושבים שם, כל גורמי הביטחון אומרים שלמאחזים האלה אין כל חשיבות ביטחונית, שאין להם שום חשיבות אסטרטגית. אז זה רק מרתק עוד כוחות, זה רק מביא לפיצול נוסף. האנשים האלה גוררים אותנו למלחמה מיותרת, וככל שיורידו אותם יותר מהר, לזה נחוצה מדיניות נחרצת והחלטה נחרצת. אני חושבת, שאם שר הביטחון צריך להצדיק את הישיבה שלו בממשלה הזאת, זה לפחות בשביל זה. צריך להודיע להם: רבותי, אתם חוזרים הביתה. תודה רבה.

את שחררת הודעה לעיתונות שפונה מאחז.",1,
159286,2001-07-16,מסמכים שהונחו על שולחן הכנסת . הריסת בתים והרחקת התושבים הערבים מאדמותיהם; . מדיניות הממשלה המובילה להסלמה,"אדוני היושב-ראש, אני מצטערת שהשר נוה יצא מהאולם. חשבתי שכאשר עולה שר בשם ממשלת ישראל להתייחס להצעות אי-אמון שהועלו כאן, להצעת אי-אמון שדיברה על הריסת בתים, אני חשבתי שיעמוד כאן שר ויגנה את הפעולה האווילית, המטומטמת, תסלחו לי, שנעשתה בירושלים.

לא, אני חוזרת עליה, מדובר בפעולה מטומטמת, ברוטלית, אווילית - - -

יכול להיות, אבל אני עומדת עליה, שיקנסו אותי.

אדוני היושב-ראש, לא דיברתי על אף אחד - - -

אמרתי, ואני חוזרת ואומרת, שבשבוע שעבר, כשנכנסו הבולדוזרים לתוך שועפאט והרסו 17 בתים, זו היתה פעולה ברוטלית, מטומטמת, שאין צידוק לעשייתה, כי עצם העשייה שלה היא החלטה לא מוסרית. בנוסף היא מצטלמת נהדר בעולם, זה ממש מה שהיינו צריכים. אני חושבת, שהיה מצופה משר בממשלת ישראל, כשהוא עולה כאן על הדוכן, שיתבטא כנגד ההחלטה הזאת שנעשתה שם, כנגד הריסת הבתים.

אל תעזור לי כשאני מדברת.

במקום זה, אדוני היושב-ראש, עומד כאן שר בממשלה מעל דוכן הכנסת - - -

לא, אין לי עוד חצי דקה, עם כל קריאות הביניים, אדוני היושב-ראש, לא.

אדוני היושב-ראש, אני מציעה שתנהל את הישיבה הזאת, מה שאתה מציע לי, תעשה את זה כשאתה אומר לאחרים, ברגע שמפריעים לי. אני מבקשת שתאפשר לי את רשות הדיבור, ואני אגיד עוד כמה משפטים. אדוני היושב-ראש, עמד כאן השר ונתן נתונים לגבי הבנייה בירושלים. אפשר לחשוב שכשהפלסטינים בונים ללא רשיון בירושלים, הם בונים את זה כהתרסה או בונים כאקט פוליטי. חשבתי, שבירושלים, ברבות השנים, לא נתנו לפלסטינים במזרח העיר רשיונות בנייה. כתוצאה מכך האנשים לא יכלו לבנות על אדמתם. אז מה עושה מדינת ישראל? מדינת ישראל הורסת באקט מינהלי, שזה בעצם אקט של ענישה. אני רוצה לתת לך נתונים, אדוני היושב-ראש, אני בטוחה שהכנסת לא יכולה לעבור לסדר-היום על דברים שאומר השר נוה, שבירושלים - ואני מצטטת - בנו 4,000 בניינים לא חוקיים. אני רוצה לומר לפרוטוקול ולכנסת, כי משנת 1987, במשך עשור, הרסו שלטונות ישראל הריסה מינהלית לפחות 2,000 בתים של פלסטינים ומאות מבנים אחרים. מדובר על בין 13,000 ל-15,000 איש פלסטינים שאיבדו את ביתם כתוצאה מאותה הריסה מינהלית. אני מציעה, אדוני היושב-ראש, שהשר יעמוד כאן, ובמקום לדבר, ובמקום להשתלח, שיחשוב איך ממשלת ישראל דואגת לפיתוח לרווחת תושבי העיר. תודה רבה.

מה אתה מחלק ציונים לחברי הכנסת?

אל תחלק ציונים - יש טובים, יש רעים.

אני בעדו, אבל אל תחלק ציונים.

לנואף מסאלחה מגיעות כל התשבחות, אבל אל תחלק ציונים.

היו שתי הצעות אי-אמון ולכן יש שתי הצבעות.",1,
159471,2001-07-16,"הצעות סיעות חד""ש ורע""ם להביע אי-אמון בראש הממשלה בשל: הריסת בתים והרחקת התושבים הערבים מאדמותיהם;: מדיניות הממשלה המובילה להסלמה","אדוני היושב-ראש, אני מצטערת שהשר נוה יצא מהאולם. חשבתי שכאשר עולה שר בשם ממשלת ישראל להתייחס להצעות אי-אמון שהועלו כאן, להצעת אי-אמון שדיברה על הריסת בתים, אני חשבתי שיעמוד כאן שר ויגנה את הפעולה האווילית, המטומטמת, תסלחו לי, שנעשתה בירושלים.

לא, אני חוזרת עליה, מדובר בפעולה מטומטמת, ברוטלית, אווילית – – –

יכול להיות, אבל אני עומדת עליה, שיקנסו אותי.

אדוני היושב-ראש, לא דיברתי על אף אחד – – –

אמרתי, ואני חוזרת ואומרת, שבשבוע שעבר, כשנכנסו הבולדוזרים לתוך שועפאט והרסו 17 בתים, זו היתה פעולה ברוטלית, מטומטמת, שאין צידוק לעשייתה, כי עצם העשייה שלה היא החלטה לא מוסרית. בנוסף היא מצטלמת נהדר בעולם, זה ממש מה שהיינו צריכים. אני חושבת, שהיה מצופה משר בממשלת ישראל, כשהוא עולה כאן על הדוכן, שיתבטא כנגד ההחלטה הזאת שנעשתה שם, כנגד הריסת הבתים.

במקום זה, אדוני היושב-ראש, עומד כאן שר בממשלה מעל דוכן הכנסת – – –

לא, אין לי עוד חצי דקה, עם כל קריאות הביניים, אדוני היושב-ראש, לא.

אדוני היושב-ראש, אני מציעה שתנהל את הישיבה הזאת, מה שאתה מציע לי, תעשה את זה כשאתה אומר לאחרים, ברגע שמפריעים לי. אני מבקשת שתאפשר לי את רשות הדיבור, ואני אגיד עוד כמה משפטים. אדוני היושב-ראש, עמד כאן השר ונתן נתונים לגבי הבנייה בירושלים. אפשר לחשוב שכשהפלסטינים בונים ללא רשיון בירושלים, הם בונים את זה כהתרסה או בונים כאקט פוליטי. חשבתי, שבירושלים, ברבות השנים, לא נתנו לפלסטינים במזרח העיר רשיונות בנייה. כתוצאה מכך האנשים לא יכלו לבנות על אדמתם. אז מה עושה מדינת ישראל? מדינת ישראל הורסת באקט מינהלי, שזה בעצם אקט של ענישה. אני רוצה לתת לך נתונים, אדוני היושב-ראש, אני בטוחה שהכנסת לא יכולה לעבור לסדר-היום על דברים שאומר השר נוה, שבירושלים – ואני מצטטת – בנו 4,000 בניינים לא חוקיים. אני רוצה לומר לפרוטוקול ולכנסת, כי משנת 1987, במשך עשור, הרסו שלטונות ישראל הריסה מינהלית לפחות 2,000 בתים של פלסטינים ומאות מבנים אחרים. מדובר על בין 13,000 ל-15,000 איש פלסטינים שאיבדו את ביתם כתוצאה מאותה הריסה מינהלית. אני מציעה, אדוני היושב-ראש, שהשר יעמוד כאן, ובמקום לדבר, ובמקום להשתלח, שיחשוב איך ממשלת ישראל דואגת לפיתוח לרווחת תושבי העיר. תודה רבה.

מה אתה מחלק ציונים לחברי הכנסת?

אל תחלק ציונים – יש טובים, יש רעים.

אני בעדו, אבל אל תחלק ציונים.

לנואף מסאלחה מגיעות כל התשבחות, אבל אל תחלק ציונים.",1,
159571,2001-07-17,הקמת גדר כפולה,"אדוני היושב-ראש, למי שלא היה כאן מתחילת הדיון ולא שמע את חיים רמון, קצת קשה לדבר על כך עכשיו כאשר הוא איננו. כאשר שמעתי את חיים רמון מציע בפאתוס הנפלא שלו לבצע הפרדה בינינו לבין הפלסטינים, אני מודה שברגע הראשון זה נשמע רעיון נהדר. איך בכלל לא חשבתי על זה קודם. חבל שהוא נאלץ לצאת ואיננו כאן. לא חיים רמון ולא מיקי איתן. לדעתי, הרעיון הזה, שעל פניו נשמע רעיון כל כך נהדר, הוא בעצם רעיון שאיננו בר-ביצוע. זה נכון, אדוני היושב-ראש, שרעיון ההפרדה בא לתת מענה על רחשי הציבור. בכלל, ההפרדה הפכה למין משאת נפש. אני מודה שגם לי יש משאת נפש, ומשאת הנפש שלי - למרות כל הקשיים, והקשיים תוארו כאן - היא להביא להידברות מדינית גם בימים הקשים האלה. אם אנחנו והפלסטינים לא מצליחים להגיע ביחד להידברות מדינית, אז יש לעשות זאת בעזרת מעורבות בין-לאומית. אדוני היושב-ראש, חבר הכנסת לנגנטל, שמעתי אותך כאן, ואני חושבת שאתה צודק. הפרדה נדרשת. אם יהיה הסדר קבע, חייבת להיות הפרדה פוליטית. אני לא בטוחה שאני קולעת עכשיו לדעתך, אבל הפרדה פוליטית מדברת על שתי מדינות זו לצד זו.

אני יודעת. יכול להיות שבימים כל כך קשים זה נשמע כמעט מופרך לדבר על הפרדה פוליטית, אבל הפרדה כפי שהיא מוצעת כאן, אדוני היושב-ראש, עלולה להביא להסלמה, עלולה להביא להידרדרות ולהחרפת המאבק עם הפלסטינים. מעבר לכך, אדוני היושב-ראש, פתרון שלא יהיה מוסכם על שני הצדדים, אני חוזרת ומדגישה: פתרון שלא יהיה מוסכם על שני הצדדים, אלא שרק אנחנו נחליט לגביו, כמו שהוצע כאן קודם - פתרון כזה שלא תהיה לו לגיטימיות בין-לאומית, אין לו סיכוי להחזיק מעמד. איזה סוג של הפרדה? דיברו כאן על גבול. כאשר מדברים על גבול, מדברים על משהו בסדר גודל של 400-300 ק""מ. כל מי שדיבר כאן קודם וצידד בהפרדה, הביא כתנא דמסייע את כל הגורמים הביטחוניים. לא היה גורם ביטחוני שלא הביאו אותו לכאן כתנא דמסייע. הגורמים הביטחוניים אמרו, שכאשר תהיה גדר, זה יקשה על מפגעים. אבל אני כלל וכלל לא בטוחה, שגדר כזאת, גדר שאני מתנגדת לכך שתקום, גם אם היא תקום - תוכל לתת מענה או לספק הגנה מפני מפגע בודד.

אני חושבת שכן, אדוני היושב-ראש. אומר מדוע. כי גדר היישוב, הגדר המוצעת, תהפוך לגדר המערכת. ההפרדה הזאת תיצור רצועת ביטחון בדיוק כמו בלבנון, שיפגעו בה מתוכה, והחוצה יפגעו בנו. מה בכלל הרווחנו? זה דומה למודל של לבנון. אני לא מתנגדת לכך שבמקומות כמו בת-חפר או התפר שבין קלקיליה לחבלה, תקום גדר. אולי צריך לעשות איזו חציצה ביטחונית, אבל לדבר עכשיו על גבול, על גדר לאורך של 400-300 ק""מ? אומרים לי שזה יהיה לאורך קווי ה-4 ביוני 1967. אני לא מקדשת את קווי ה-4 ביוני 1967. אם זה היה אפשרי, זה דבר אחר; אבל אני ריאלית, אני יודעת שיש מצבים בלתי הפיכים. אני יודעת שיש סיטואציה בלתי הפיכה. אבל מה עם סוגיית ההתנחלויות? כאן מדובר על קווי גבול לאורך כל הגבול של 1967? הפרדה כזאת אינה אפשרית, אדוני היושב-ראש, אם לא מפנים התנחלויות. אחרת המשמעות היא סיפוח. האם אתה מעלה בדעתך, אדוני היושב-ראש, שראש ממשלה, קל וחומר אריאל שרון, יפנה היום התנחלויות, גם התנחלויות בודדות ללא תמורה, ללא הסכם? האם זה ריאלי, האם זה הגיוני?

אני שמחה שאני מכוונת לדעתך, חבר הכנסת לנגנטל.

נכון, נכון. לכן כל מי שמדבר על הפרדה ועל הצורך לתת מענה ביטחוני - וכולנו רוצים לתת מענה ביטחוני - צריך לדעת למה הכוונה. אני לא מוכנה לכך שיספחו התנחלויות. חבר הכנסת לנגנטל, אני בטוחה שתשמח לשמוע: נניח שיקימו גושי התנחלויות ויצופפו גושי התנחלויות במעלה-אדומים, בגוש-עציון ובאזור אריאל, האם גם לגביהם יצטרכו לעשות הפרדה? מה המשמעות שיש לכך? המשמעות המיידית היא, אדוני היושב-ראש, שלגבי אותם גושי התנחלויות - ונניח שאני מוכנה לקבל את גושי ההתנחלויות - יבצעו הפרדה. המשמעות המיידית היא לשים תחת השליטה הישראלית שלנו כ-100,000 פלסטינים שהיום הם תחת שליטת הרשות הפלסטינית, והם חיים היום באזור B. פתאום אני צריכה גם את 100,000 הפלסטינים האלה שיהיו תחת שליטתנו? ומה עם חברון, אדוני היושב-ראש? הרי הפרדה אינה אפשרית בחברון. אז מה נעשה על-ידי ההפרדה הזאת, נעתיק את הפיגועים מאזור כפר-סבא לאזור באר-שבע ושדרות? איפה בכלל התמונה? נשאלה כאן קודם השאלה, ומה לגבי ירושלים? הרי הפרדה בירושלים, בוודאי ובוודאי אינה אפשרית. בירושלים יש כ-200,000 פלסטינים, אז מה יעשו אתם? לכן, אדוני היושב-ראש, ובזה אני מסיימת, כולנו רוצים להביא לפתרון ביטחוני, אבל ההפרדה שמוצעת כאן תנציח דבר שיהיה הרבה יותר גרוע למדינת ישראל. ולכן, רק אופק מדיני - רק אופק מדיני יאפשר שיתוף פעולה ביטחוני לצורכי מניעת פיגועים. תודה רבה, אדוני היושב-ראש.",2,
161479,2001-10-23,רצח שר התיירות וההתפתחויות בעקבותיו,"אדוני היושב-ראש, שמעתי קודם את דברי השר נוה, ואני מודה שלא הצלחתי להבין מדבריו אם ממשלת ישראל מתכוונת למוטט את הרשות הפלסטינית.

חבר הכנסת יהלום, תקשיב. אם ממשלת ישראל מתכוונת למוטט את הרשות הפלסטינית, אני קוראת לה מכאן לעצור את המלחמה המתגלגלת, כי אני רוצה להזהיר שהכניסה של צה""ל עלולה לשאוב אותנו פנימה, עלולה לגרום לנו לאבדות מיותרות, ובסופו של דבר אנחנו נצטרך לצאת משם תחת לחץ - ודובר כאן על הלחץ - בידיים ריקות, ואנחנו נצטרך להיחשף ללחצים מדיניים. אני מציעה שאנחנו נתמסר - במרכאות או שלא במרכאות - ללחצים המדיניים, כי מה אנחנו בעצם מבקשים להשיג בכניסה לרשות הפלסטינית? מה אנחנו רוצים להשיג? האם אנחנו תוחמים את זה בזמן? האם יש לנו יעדים מוגדרים? מה בדיוק אנחנו רוצים לעשות שם? האם אנחנו פועלים רק מתוך נקמה? האם נקמה זאת תוכנית לפעולה? אני לא בטוחה. רבותי חברי הכנסת, מדובר בפורענות ידועה מראש. מדובר בפעולה של הפעלת כוח, שאין שום פעילות מדינית בצדה, ופעולה כזאת שאין פעילות מדינית בצדה, לא תביא לשום הישג.

ולכן, כל הקולות השפויים במדינת ישראל צריכים לעשות כל מאמץ כדי לעצור את המלחמה הבאה. חבר הכנסת צ'יטה, ידידי, אני רוצה להזכיר לך. אתה יודע, הזיכרון הקולקטיבי הוא קצר. בכלל, הזיכרון הקולקטיבי הוא ישות חמקנית, אפשר לעשות בו מניפולציה בהתאם למי שנמצא עכשיו בשלטון. אני רוצה להזכיר לך את מלחמת לבנון. רק 48 שעות, רק 40 קילומטר. נשארנו שם 18 שנה, התבוססנו בבוץ, זה גבה מחיר דמים מיותר.

ואני מזהירה מכאן, כדי שלא נשלם מחיר דמים מיותר, שלהיכנס זה קל. אנחנו יכולים להיכנס ולכבוש ולהפציץ ולחסל - ואנחנו יודעים לעשות את זה, ואנחנו יודעים לעשות את זה מצוין - השאלה מה המחיר המדיני, ומה המחיר בחיי אדם לשני הצדדים. אני מציעה שלא ניגרר לשם. אני לא מציעה שתהיה מלחמת לבנון נוספת. וממה זה נובע, רבותי חברי הכנסת? אני עונה לך. זה נובע בעיקר מכך שלראש הממשלה אין תוכנית מדינית, אין אופק מדיני. במשך שמונת החודשים שהממשלה הזאת קיימת, שמונה חודשים דרדרו את המצב המדיני והחברתי ואת יחסי ישראל-ארצות-הברית לשפל חסר תקדים. זה ראש הממשלה שהבטיח שלום? על איזה שלום מדובר? זה ראש הממשלה שהבטיח ביטחון? מה עושה ראש הממשלה הזה? הוא קורא לערפאת בן-לאדן, אבל הוא שולח את הבן שלו לדבר עם ""בן-לאדן"", כי גם ראש הממשלה הזה מבין - - -

אדוני היושב-ראש, ולסיום, טוב שלכנסת יש על מה לחשוב.

אבל לא מאפשרים לי, תעשה סדר. אדוני היושב-ראש, הדרך היחידה שממשלת ישראל תצא בה מהסבך שהיא נקלעה אליו היא לקבל את תוכניתו של הנשיא בוש להסדר ולאמץ אותה כדי למנוע שפיכות דמים מיותרת. תודה רבה.",1,
161646,2001-10-24,"הצעת חוק הסדרת החזרתם של תושבי אקרית ובירעם לכפריהם, התש""ס–2000: (הצעת חברת הכנסת ז' גלאון)","גברתי היושבת-ראש, אנשי אקרית ובירעם הם אזרחי מדינת ישראל שבזמן מלחמת השחרור נתבקשו לפנות את בתיהם, והובטח להם, מפי כל הרשויות המוסמכות, כי יוחזרו אליהם בתוך כמה ימים. כשמדברים, גברתי היושבת-ראש, על עקורי אקרית ובירעם, לא מדברים על שיבה של פליטים שברחו או גורשו מחוץ לגבולות המדינה, ולכן המתנגדים להחזרת תושבי אקרית ובירעם מנסים ללבות יצרים בוויכוח הממושך לגבי זכות השיבה. אני רוצה להזכיר, שמימין ומשמאל הכירו בתביעותיהם של עקורי אקרית ובירעם כצודקות, החל מהנהלת גח""ל ב-1972, מזכירות הקיבוץ הארצי שקיבוציהם יושבים על אדמת הכפרים, ב-1975, וכלה בהסכם הקואליציוני העבודה-מרצ, ב-1992. ב-1995 קיבלה ועדת שרים בראשותו של דוד ליבאי החלטה לפעול להחזרת העקורים. ב-1998 אימץ שר המשפטים צחי הנגבי את הסדר ליבאי. גברתי היושבת-ראש, אדוני השר, תושבי הכפרים ובני משפחתם מנהלים למעלה מ-40 שנה מאבק עיקש, פוליטי ומשפטי כדי לשוב לכפריהם. אקרית ובירעם הפכו לסמל לעוול שנגרם לערבים אזרחי מדינת ישראל. מי שמנסה לטשטש גבולות ולטעון כי ישראל כולה בנויה על חורבות כפרים ערביים, רוצה להלך עלינו אימים כי הסכר שייפתח יוביל לשיטפון של תביעות לשוב. יש להבחין, אדוני השר, בין תביעות להכרה בזכויות לבין תביעות למימושן. לעתים כל שנדרש הוא הכרתו של צד אחד בכך שאכן נגרם לצד השני עוול, מדעת או שלא מדעת. בשנות ה-70, אני רוצה להזכיר לכנסת, הגיש שמואל טולדנו דוח מפורט לממשלה, שבדק וקבע כי מקרה אקרית ובירעם הוא יוצא-דופן יחיד במינו ואין להשוותו לאחרים. טענת התקדים גם לא התקבלה בזמנה על-ידי עזר ויצמן, משה ארנס, ממשלות ישראל לדורותיהן. לכן ההחלטה של הקבינט המדיני-הביטחוני, שהתקבלה בימים אלה, שלא להיענות לתביעת העקורים, נובעת מהיסטריה מיותרת, שהתקדים של החזרת העקורים בתנאים מגבילים יהווה תקדים לזכות השיבה של הפלסטינים. אני חושבת שזו היסטריה מיותרת. אני חושבת שאפשר היה לאמץ את המודל של יוסי ביילין, של צחי הנגבי, מודל שיעשה צדק עם העקורים בלי לעשות עוול לאחרים. אני רוצה לסיים, גברתי. הצעת החוק שלי וההחלטה שעומדת על הפרק אינן הכרה בזכות השיבה ופגיעה באתוס הציוני. מדובר בהחלטה אמיצה, נכונה מבחינה פוליטית ומוסרית כאחת, שתוכיח כי מדינת ישראל מכבדת מאבק דמוקרטי לגיטימי, מקבלת החלטות משפטיות ושומרת על אמינותם של מי שהבטיחו לעקורים לפעול להחזרתם. אדוני השר, לפנינו הזדמנות נדירה להיות גם צודקים וגם חכמים. תודה.

אדוני השר, התפלאתי לשמוע שהכנסת את כל המזרח התיכון להצעת החוק של עקורי אקרית ובירעם. אני רוצה להזכיר לשר ולכנסת ישראל שגויסה להפיל את הצעת החוק, כי מדובר באזרחי מדינת ישראל שכבר מנחם בגין הבטיח להם בזמנו להחזירם. מדובר בהחלטת בג""ץ שלא כובדה. זה דבר חסר תקדים. ואתם, כנסת ישראל, מתגייסים כנגד אימוץ הצעת פשרה? לא כדאי להיות במקרה הזה גם צודק וגם חכם, אדוני השר? את כל הכנסת גייסת? זה המסר שאתה משדר? אתם מנופפים בזכות השיבה, זה המסר שאתה מעביר עכשיו לאזרחי מדינת ישראל, במקום מסר של פיוס, מסר של התנגדות? אני מקווה שהכנסת תתעשת ותתמוך בכל זאת בחוק הזה.",3,
169795,2002-02-13,"הצעת חוק לתיקון תקנות ההגנה (שעת-חירום), התש""ס–1999: (הצעת קבוצת חברי הכנסת)","אדוני היושב-ראש, חברי חברי הכנסת, הצעת החוק שלי באה לבטל את הסמכות שניתנת בתקנות ההגנה לשעת-חירום מ-1945, תקנה 119, שמאפשרת להרוס בתים. התקנה הזאת מסמיכה מפקד צבאי להרוס את בתיה של עיר שלמה - - -

אדוני היושב-ראש, התקנה הזאת היא משנת 1945. הסמכות הגורפת הזאת סותרת עקרונות מוסר בסיסיים וערכים של חברה דמוקרטית. אני חושבת שהשיא שבו נעשה שימוש בתקנה הזאת היה לפני כמה שבועות ברפיח, כשצה""ל נכנס לרפיח והרס ברגל גסה את הבתים של הפלסטינים - - - אדוני היושב-ראש, אני לא שומעת אפילו את עצמי. אני לא יכולה להמשיך כך.

אני מודה לאדוני היושב-ראש.

אדוני היושב-ראש, במשך שנים הרס צה""ל בתים בגדה וברצועה. הריסת בתי מחבלים היא שיטה ידועה. הפעם ברפיח דובר בהרס שיטתי, ללא הבחנה, בפעולת נקם לשמה, בפעולה אכזרית, איומה, מיותרת, שנפגעו בה זקנים וילדים. הדרג המדיני שאישר את הפעולה הזאת, לא נותר לי לומר עליו אלא שהוא דרג אטום - מי שיכול להרוס בתים של אנשים, הריסה שגם אין אתה תועלת הרתעתית. במשך שנים, באינתיפאדה הראשונה, הרסו עשרות בתים של פלסטינים. האם פחתו פעולות האלימות של הפלסטינים כתוצאה מזה? תת-אלוף אריה שלו אומר בספרו, שאין קורלציה בין הריסות בתים לירידה באלימות. אז מה אנחנו משיגים? מה ההיגיון של פעולה כזאת? אדוני היושב-ראש, אני בוחרת לסיים את דברי בדברים שכתב יזהר סמילנסקי בשנת 1988 - ""בכמה זמן הורסים בית?"" יזהר סמילנסקי, בתקופת האינתיפאדה הראשונה: ""בונים אותו בשנה. לפעמים במאה שנה. ויש גם בתים שעומדים מאז העולם עומד. כמה זמן נמשכת הריסת בית? פחות מזמן המחשבה אם צריך היה להורסו. פחות מזמן צלצול הטלפון שציווה להרוס. דחיפה אחת ואיננו. חור נבעה בסביבה המוכרת, ומשפחה שהיתה לה ממשות ושם וכתובת ובני-אדם מכל הגילים והיחסים - הפכה בן-רגע להיות משל: הנענשים - -

- - ""וכך גם היתה המחשבה על ההריסה. היא לא ראתה לפניה בני-אדם אלא מיני מושגים מופשטים: מסיתים, מציתים, נענשים, מורתעים, וכל השאר. ואז קם המופשט והורס את הממשי. והחי הופך למושג. בלילה לא רואים לאן הלכה המשפחה שנהרסה. לא יודעים מה הם עושים כעת. ואיפה הם יושבים כעת - באיזו פינה עקורים על המיטלטלים שלהם, מתחת לשמים ריקים וכבדים. האם נרשם שם עליהם בפינה אחת משהו כעת?"" אלה הם דבריו של יזהר סמילנסקי, אדוני היושב-ראש, ""בכמה זמן הורסים בית?"" אני קוראת לכנסת לבטל את תקנה 119, תקנה מחפירה, שמאפשרת במדינה דמוקרטית מתוקנת להרוס בתים. תודה.",1,
170338,2002-02-20,הצעות לסדר-היום: ריבוי פיגועי הטרור,"אדוני היושב-ראש, אני מודה לך. חברי חברי הכנסת, אדוני סגן השר, אתמול נהרגו שישה חיילים. כמעט כל יום נהרגים חיילים, נהרגים אזרחים, אנשים נפצעים, ואני תוהה כמה משפחות עוד צריכות להיתוסף למעגל השכול, כמה אנשים עוד צריכים להיפצע וליהרג, כדי שהמנהיגות הזאת שלנו, או מי שעומד בראש ממשלת ישראל, יתעשת, יצא מהקיבעון המחשבתי שאופף אותו ויעשה מעשה נכון לטעמי. והמעשה הוא, עם כל זה שזה נשמע כמעט הזוי, להתחיל לדבר. כי צריך להביא לרגיעה, כי אי-אפשר עוד עם המתמטיקה הזאת של המוות, והיא זו שתקבע. המתמטיקה של המוות תביא אותנו כאן ללבנון. בעצם לבנון כבר כאן, אפשר לומר. לבנון כבר כאן. אנשים נהרגים על מה? על מה? כי יש לנו ראש ממשלה שביהירות מטופשת הכריז: ניצחנו בכל המלחמות וננצח גם בזו. האם זה אפשרי לנצח, כשילדים חפים מפשע הולכים לקניון לקנות פיצה ונהרגים? האם זה אפשרי לעצור אנשים שמתאבדים? שום גדר, שום חיץ ביטחוני, שום מדיניות של יד קשה לא תעצור את זה. יש רק דרך אחת לעשות את זה, והדרך הזאת היא להכיר בכך שהקונספציה המדינית הביטחונית של ראש הממשלה אריאל שרון קרסה. הציבור בישראל לא טיפש, הוא ראה את המחיר ששילמנו ביום כיפור והוא ראה את המחיר ששילמנו בלבנון, והוא לא יהיה מוכן להמשיך לשלם את המחיר הזה. זה מחיר שלא מתקבל על הדעת. זה מחיר שמי שהבטיח שלום וביטחון, הבטיח אשליות, והאשליות האלה פוקעות כבועות, ואנחנו צריכים להבין את זה שזה פוקע.

אני מצפה מראש הממשלה, חבר הכנסת שאול יהלום, שיסתכל לציבור בעיניים, שיישיר מבט נכוחה ויאמר להם שיצטרכו לפנות את ההתנחלויות, וכי אין צידוק ליהרג על כביש קרני-נצרים. 14 חיילים נהרגו לאחרונה בכביש קרני-נצרים. על מה? מי שמפקיר את החיילים שם, כדי להגן על יישובי רפאים, דמם בראשו, דמם בראשו.

אנשים נהרגים לשווא. אנחנו לא יכולים לשאת את זה יותר.

לכולנו יש ילדים בצבא, ואני רוצה לומר, שמי שמעז להסית ולהסיט את הדיון מהדבר האמיתי שהביא אותם אנשים להחליט שהם לא מוכנים לשלם יותר, והם לא מוכנים לשרת יותר תחת מה שנראה בעיניהם כפקודות בלתי חוקיות שדגל שחור מתנוסס מעליהן, והם מוכנים לשלם על כך מחיר אישי, ולשבת בכלא - ומי שאומר שההחלטה הזאת שלהם עוזרת לפלסטינים ועוזרת למתאבדים, הוא מסית נגדם. צריך לבחון מה הנסיבות שהובילו אותם קצינים - - -

- - - אותם קצינים וחיילים מובחרים להחליט - - -

צריך לראות מה הנסיבות שהובילו אותם להודיע את מה שהם הודיעו. הממשלה הזאת הביאה אותנו לעברי פי-פחת.

אדוני היושב-ראש, אם מותר לי לומר לפרוטוקול, הפעם התלבשת עלי.

אני מוכנה שהוא ישמיע את דבריו, אבל הוא מסית.

סליחה, אתה עושה הבחנה - - -",1,
171139,2002-03-11,"מסמכים שהונחו על שולחן הכנסת . המצב המדיני-הביטחוני והחברתי-הכלכלי; . התנגדות הממשלה לחקיקת חוק גיור כהלכה לאור פסיקת בג""ץ; . מדינות הממשלה כלפי האוכלוסייה הפלסטינית; . הימנעות הממשלה מכיבוש הרשות הפלסטינית וסילוק ראשי הטרור","אדוני היושב-ראש, האם לא נראה לך ראוי שיהיה שר באולם כאשר מדברים על מדיניות הממשלה? חבר הכנסת טיבי, אתה מנהל עכשיו גם את הכנסת. אדוני היושב-ראש, אני נאחזת בסיפא של דבריו של יושב-ראש מרצ, יושב-ראש האופוזיציה יוסי שריד: אם ערפאת לא רלוונטי, אם ערפאת הוא מה שתיאר השר נוה, למה ממשלת ישראל נסוגה מהמנטרה המטופשת שליוותה את ראש הממשלה כל החודשים האלה, שלא מדברים תחת אש? מה קרה, מה קרה שפתאום מתחילים משא-ומתן עם אותו איש שאינו רלוונטי? הוא כל כך לא רלוונטי, שעכשיו נאלצים לדבר אתו. ולמה זה קרה, אדוני היושב-ראש? זה קרה, כי הבנתי את זה, לצערי, בדרך הקשה, בדרך של מחיר דמים כבד בשני הצדדים, כשבמדינת ישראל נהרגו 350 איש על-ידי אותו ראש ממשלה שהבטיח לנו שקט כאן, הבטיח שלום וביטחון; כשנהרגו פלסטינים וכשהקיבולת היא בלתי אפשרית, כי הציבור לא יכול להכיל את זה יותר, כאשר הציבור הולך לבתי-קפה ואין ביטחון. מה חשבנו? שניכנס למחנות הפליטים ו""ננקה"" אותם, כמו שאומרת העגה הצבאית, ונראה להם, אז נביא לשקט ולביטחון?

חבר הכנסת קליינר, אל תעזור לי על-פי השיטה שלך.

על-פי התפיסה שלך, היה צריך לכבוש מחדש את השטחים, אנחנו צריכים לשבת שם, נגלח אותם, נכתר אותם, נבתר אותם ונפציץ אותם עם ""אפאצ'י"" ועם 16-F, ואז יהיה טוב. ונהיה כל כך טוב שכל יום נהרגים כאן אנשים. אתה יודע למה נהרגים כאן אנשים כל יום?

כי חשבנו שאנחנו נוכל לעשות הכול באופן כל כך ממוקד, כל כך סטרילי. אנחנו נחסל אותם, אנחנו נפגע בהם, ולנו יהיה טוב.

אל תפריע לי, שמעתי אותך עשר דקות. אתה יודע, חבר הכנסת קליינר, האוזן סובלת הכול, שמעתי אותך עשר דקות ולא הסכמתי עם אף מלה.

אדוני היושב-ראש, אמרנו לא אחת, שהכיבוש הוא בית-החרושת הגדול ביותר לטרור. כל זמן שלא יסתיים הכיבוש, לצערי, לא יסתיים כאן הטרור. כל זמן שלא יתחילו לדבר וכל זמן שלא יציעו אופק מדיני - אין דרך אחרת להביא לרגיעה. ראש הממשלה שרון היה צריך להכריז מייד על הפסקת אש, על שביתת נשק, ואחרי סיום השלבים של טנט, להתחיל לדבר על יישום תוכנית מיצ'ל. אני רוצה לראות מה יקרה, אדוני היושב-ראש. לסיום, בכל הכבוד לשר נוה, שאיננו כאן עכשיו, אני מבקשת משרים בממשלה שלא יחלקו לנו ציונים למי מדינת ישראל יותר חשובה ולמי לא, שלא יכריזו מי רלוונטי ומי לא, שקודם כול יעסקו בהבאת רגיעה ושקט. תודה.",1,
171296,2002-03-11,"הצעות סיעות מרצ, מפד""ל, רע""ם וחרות להביע אי-אמון בראש הממשלה בשל:: המצב המדיני-הביטחוני והחברתי-הכלכלי; התנגדות הממשלה לחקיקת חוק גיור כהלכה לאור פסיקת בג""ץ; מדינות הממשלה כלפי האוכלוסייה הפלסטינית; הימנעות הממשלה מכיבוש הרשות הפלסטינית וסילוק ראשי הטרור","אדוני היושב-ראש, האם לא נראה לך ראוי שיהיה שר באולם כאשר מדברים על מדיניות הממשלה? חבר הכנסת טיבי, אתה מנהל עכשיו גם את הכנסת. אדוני היושב-ראש, אני נאחזת בסיפא של דבריו של יושב-ראש מרצ, יושב-ראש האופוזיציה יוסי שריד: אם ערפאת לא רלוונטי, אם ערפאת הוא מה שתיאר השר נוה, למה ממשלת ישראל נסוגה מהמנטרה המטופשת שליוותה את ראש הממשלה כל החודשים האלה, שלא מדברים תחת אש? מה קרה, מה קרה שפתאום מתחילים משא-ומתן עם אותו איש שאינו רלוונטי? הוא כל כך לא רלוונטי, שעכשיו נאלצים לדבר אתו. ולמה זה קרה, אדוני היושב-ראש? זה קרה, כי הבנתי את זה, לצערי, בדרך הקשה, בדרך של מחיר דמים כבד בשני הצדדים, כשבמדינת ישראל נהרגו 350 איש על-ידי אותו ראש ממשלה שהבטיח לנו שקט כאן, הבטיח שלום וביטחון; כשנהרגו פלסטינים וכשהקיבולת היא בלתי אפשרית, כי הציבור לא יכול להכיל את זה יותר, כאשר הציבור הולך לבתי-קפה ואין ביטחון. מה חשבנו? שניכנס למחנות הפליטים ו""ננקה"" אותם, כמו שאומרת העגה הצבאית, ונראה להם, אז נביא לשקט ולביטחון?

חבר הכנסת קליינר, אל תעזור לי על-פי השיטה שלך.

על-פי התפיסה שלך, היה צריך לכבוש מחדש את השטחים, אנחנו צריכים לשבת שם, נגלח אותם, נכתר אותם, נבתר אותם ונפציץ אותם עם ""אפאצ'י"" ועם 16-F, ואז יהיה טוב. ונהיה כל כך טוב שכל יום נהרגים כאן אנשים. אתה יודע למה נהרגים כאן אנשים כל יום?

כי חשבנו שאנחנו נוכל לעשות הכול באופן כל כך ממוקד, כל כך סטרילי. אנחנו נחסל אותם, אנחנו נפגע בהם, ולנו יהיה טוב.

אל תפריע לי, שמעתי אותך עשר דקות. אתה יודע, חבר הכנסת קליינר, האוזן סובלת הכול, שמעתי אותך עשר דקות ולא הסכמתי עם אף מלה.

אדוני היושב-ראש, אמרנו לא אחת, שהכיבוש הוא בית-החרושת הגדול ביותר לטרור. כל זמן שלא יסתיים הכיבוש, לצערי, לא יסתיים כאן הטרור. כל זמן שלא יתחילו לדבר וכל זמן שלא יציעו אופק מדיני – אין דרך אחרת להביא לרגיעה. ראש הממשלה שרון היה צריך להכריז מייד על הפסקת אש, על שביתת נשק, ואחרי סיום השלבים של טנט, להתחיל לדבר על יישום תוכנית מיצ'ל. אני רוצה לראות מה יקרה, אדוני היושב-ראש. לסיום, בכל הכבוד לשר נוה, שאיננו כאן עכשיו, אני מבקשת משרים בממשלה שלא יחלקו לנו ציונים למי מדינת ישראל יותר חשובה ולמי לא, שלא יכריזו מי רלוונטי ומי לא, שקודם כול יעסקו בהבאת רגיעה ושקט. תודה.",1,
173568,2002-05-14,"המצב הביטחוני, החברתי והכלכלי","אדוני היושב-ראש, אדוני ראש הממשלה, במסגרת מלחמת ההכחשות בינך לבין מזכיר המדינה פאואל על השאלה האם אמרת שאתה מחויב למדינה פלסטינית או לא אמרת, הייתי אומרת שנדחקה לקרן זווית השאלה האמיתית שצריכה להישאל: למה אתה מתכוון כשאתה אומר מדינה פלסטינית? כשמזכיר המדינה קולין פאואל אומר מדינה פלסטינית, אנחנו יודעים בדיוק למה הוא מתכוון - למתווה קלינטון, למדינה בגבולות 1967 בתיקונים קלים. וכשאתה אומר מדינה פלסטינית, הרי ידוע לכול בעקבות ""נאום לטרון"", שאתה לא מתכוון ליותר מ=%42 מהשטח, מדינה שקיימת בדמיון בלבד, מדינה שלא יפורקו בה התנחלויות ולא יהיה בה רצף טריטוריאלי. למי שקרא היום את דוח ארגון ""בצלם"" מתברר שההתנחלויות בשטחים תופסות היום כ=%42 מהשטח, אז מה אנחנו מציעים על-פי תפיסתך? מדינה של %42? אדוני ראש הממשלה, למה אתה מתכוון כשאתה אומר לחברי מרכז הליכוד - ואני מצטטת אותך - ""שלא לדון במדינה פלסטינית כדי לא להזיק לתהליכים המדיניים וכדי לאפשר לממשלה לעשות את עבודתה""? איזו עבודה בדיוק עושה הממשלה הזאת? מדובר בעבודה בעיניים, חברי חברי הכנסת. מדובר בתעתוע, במצג שווא של אופק מדיני. קודם הצלחת לתעתע בחברי מרכז הליכוד, ועכשיו אתה מבקש לתעתע גם בכנסת וגם בציבור הישראלי וגם באמריקנים. אבל מסתבר שתעתועים הם מסורת אצלך. למי ששכח אני רוצה להזכיר, שכשהקמת את תנועת שלומציון בכלל דגלת בהקמת מדינה פלסטינית; אחר כך בנית התנחלויות בשטחים; וכשבגין כיהן כראש ממשלה בכלל הכרזת ש""ירדן היא פלסטין""; ואחרי קמפ-דייוויד אתה היית האחראי לפינוי סיני וימית; ועכשיו אנחנו מתבשרים שאתה מציע מדינה פלסטינית. ואם נשתמש במלים שלך, אדוני ראש הממשלה, לאיזו יד שלך צריך להאמין, ליד ימין או אולי ליד שמאל? כשאתה מציע מדינה פלסטינית, אדוני ראש הממשלה, אתה מציע לנו בעצם פטה-מורגנה של מדינה פלסטינית - פטה-מורגנה של תקווה, של הבטחות שכבר שמענו בעבר; וחברי חברי הכנסת, כדרכם של חזיונות ותעתועים, התעתוע החדש הזה שנקרא בפיך מדינה פלסטינית, סופו להיעלם. וכך אתה ממשיך לסמא את עיני הציבור. אז זה נכון, חברי חברי הכנסת, שלעומת מופע האימים של ראש הממשלה לשעבר בנימין נתניהו במרכז הליכוד, אותו בנימין נתניהו שהפחיד את מרכז הליכוד כשהסביר בלשונו הפתלתולה כיצד אם תקום מדינה פלסטינית תהיה פגיעה במדינת ישראל - זה נכון, אדוני ראש הממשלה, שלעומתו נוצרת אשליה לרגע, שהנה יש למדינת ישראל ראש ממשלה מתון, פרגמטי, שמחויב למדינה פלסטינית. אבל אל דאגה, חברי חברי הכנסת, זו רק אשליה רגעית, וכדרכן של אשליות שפוקעות כבועות, גם האשליה הזאת תפקע ברגע המבחן הראשון. ועכשיו, אדוני ראש הממשלה , זהו רגע המבחן. מדינה פלסטינית זה רגע המבחן, כי מדינה פלסטינית זה אינטרס ישראלי. היום זה נראה אולי קשה לעיכול, כי יש כאן טרור כל כך קשה, שפוגע באנשים חפים מפשע, ובגלל העובדה שערפאת לא עצר את הטרור, וכתוצאה מכך טוענת הממשלה שאין עם מי לדבר ומערערת בקרב רבים בציבור את תחושת הביטחון, ואתה גם את שיקול הדעת. אבל ברגע המבחן, חברי חברי הכנסת, ממשלה שחושבת מהבטן במקום מהראש מובילה את החברה למציאות ביטחונית קשה, לחברה משוסעת ולכלכלה קורסת. הפתרון שלך, אדוני ראש הממשלה, כפי שהצגת אותו במרכז הליכוד, כשאמרת ""את הטרור לא ננצח בנאומים ובססמאות"", אלא על-ידי מבצעים כמו ""חומת מגן"" - הפתרון הזה לא הביא את מדינת ישראל להיות חסינה יותר מבחינה ביטחונית, חברתית או כלכלית. אם אנחנו בוחנים את מבצע ""חומת מגן"" ואת העובדה שהיה עוד פיגוע כל כך קשה בראשון-לציון, אנחנו מגיעים למסקנה הבלתי-נמנעת, שאת הטרור הזה לא ניתן למגר באמצעים צבאיים וכוחניים. חברי חברי הכנסת, הממשלה אינה יכולה לנהל מדיניות של נקמה גם אם זו ממשלה מקיר לקיר, כי כדי שמבצע ""חומת מגן"" יצליח, על-פי ההיגיון שלכם צריך עכשיו לכבוש מחדש את כל השטחים. אז אולי הגיע הזמן שתפנים, ראש הממשלה, שמלחמה אינה מדיניות, ושבשם הנקמה משיגים רק דורות נוספים של מפגעים חדורי שנאה. האם באמת מישהו מהיושבים כאן בבית הזה חושב שניתן לדכא עם שנלחם על חירותו בכוח צבאי? האם מישהו כאן בקרב יושבי הבית הזה מאמין, שעם כל החטיבות, האוגדות, הטנקים, המטוסים והדחפורים ניתן להיאבק בתשתית האנושית של הטרור? אני חוששת, ראש הממשלה, שכנראה יש דברים שלעולם לא משתנים, ואתה נותרת אותו שרון של לבנון, אותו שרון של לבנון. כל הסקרים מראים, אדוני היושב-ראש, שגם הציבור בימין מבין, שתם עידן ארץ-ישראל השלמה ומי שרוצה שקט ורגיעה צריך לחתור לפשרה ולא לחיות על החרב. ואתה עדיין ממשיך לטעון, ראש הממשלה, שההתנחלויות חשובות למדינה ושהן הביטחון של המדינה. אני אומרת לכם, חברי חברי הכנסת, שהכיבוש, ההתנחלויות והדיכוי הם בית-החרושת הגדול ביותר לייצור הטרור, לייצור המוטיבציה, המתאבדים והפיגועים, ואין בין ההתנחלויות לבין הביטחון דבר וחצי דבר.

וכשאמרת, אדוני ראש הממשלה, בוועדת החוץ והביטחון, במענה על שאלה שלי, שדין נצרים כדין תל-אביב, חבל שלא הזכרת בהזדמנות הזאת, שבנצרים, ביישוב הרפאים הזה, מתגוררות 40 משפחות, ושמאז תחילת האינתיפאדה נהרגו על הגנת נצרים 15 חיילים ו-34 - - -

17 חיילים נהרגו, מתקן אותי חבר הכנסת רן כהן. 17 חיילים נהרגו ועשרות נפצעו. יותר משתי פלוגות מאבטחות את נצרים. למי שלא יודע, רק ההגנה על כל משפחה בנצרים עולה לנו 1.5 מיליון שקל. השבוע שמעתי בוועדת החוץ והביטחון את - - -

השבוע שמעתי בוועדת החוץ והביטחון את חבר הכנסת חיים רמון טוען, שחיילים מאבטחים גם את מטעי האבוקדו של נצרים. חברי חברי הכנסת, 1.5 מיליון שקלים למשפחה. בכסף הזה היה אפשר ליישב את כל המשפחות בחזרה בישראל ועל-ידי כך להגיע לפשרה עד שיושג הסכם כלשהו, הסכם קבע, ולא הסכם ביניים ארוך טווח, כפי שאתה מציע לנו. אני מציעה לך לצאת בהקדם מכל רצועת עזה, מנצרים ומהתנחלויות מבודדות בגדה, ולבנות על-פי הצורך. אנחנו נמצאים במציאות ביטחונית קשה ביותר, יש לבנות על-פי הצורך חיץ ביטחוני מפני חדירת מפגעים, ולא גדר, כפי שיש כאלה במחנה שלך שמציעים, שתספח התנחלויות. לצערי, ראש הממשלה, אתה חושש כנראה משולחן המשא-ומתן, כי עליו צריך להניח תוכניות להסדר. אתה חושש מההקפאה של ההתנחלויות. אתה מציע לנו ועידה אזורית, כשאתה בעצם מציע לקבוע מי יהיו הנציגים הפלסטינים. אבל בינתיים אנחנו ממשיכים לשלם מחיר דמים נורא, נורא. כל יום משפחות חדשות מיתוספות למעגל השכול. חברי חברי הכנסת, השבוע התכנסה ועידת שארם.

אני מסיימת. התכנסה ועידת שארם, בניסיון להרגיע. ועידת שארם אימצה את היוזמה הסעודית. תכריז אתה, ראש הממשלה, שאתה מאמץ את היוזמה הסעודית - כל השטחים תמורת כל השלום, ולא הסדרי ביניים לנצח, כפי שאתה מציע, לא מדינה פלסטינית דמיונית. כמו שאמרת השבוע במרכז הליכוד, ראש הממשלה, אין קיצורי דרך. כל השלום תמורת כל השטחים.

היושב-ראש, אתה מוכן לקרוא אותו לסדר?",1,
177263,2002-07-02,"הצעת חוק שירות ביטחון (שירות מילואים) (הוראת שעה), התשס""ב–2002: (קריאה שנייה וקריאה שלישית)","אדוני היושב-ראש, ההצעה להעלות את מספר ימי המילואים מ-30 ל-37 היא הצעה רעה, הצעה גרועה, שבאה לנצל את המצב הקיים ולהטיל את הנטל על קבוצה של אנשים שממילא עושה מילואים, כיוון שיש פה מצב ביטחוני מטורף. זה מצב מטורף שבו מדינה שלמה מגייסת אנשים למלחמה, מלחמה מיותרת, מלחמה שאין בה צורך, כי עכשיו החלטנו לכבוש את השטחים מחדש ולהטיל עוצר על יותר ממיליון אנשים. כשרוצים להכניס מיליון אנשים לעוצר צריך לגייס חיילים, אבל לא מספיק שהם יעשו 30 ימי מילואים, אלא מטילים עליהם לעשות 37 ימי מילואים, כי המדינה כאן השתגעה. אני קוראת לכנסת לא לקבל את ההצעה הזאת של הממשלה, כי זו הצעה רעה. אדוני היושב-ראש, מכיוון שכל חברי במרצ חושבים שזו הצעה רעה, והם בדרך לכאן, אני רוצה לבקש ממך שתאפשר להם לדבר ולומר כמה ההצעה רעה.

אדוני היושב-ראש, אתה ידוע בתור יושב-ראש סבלן.

אני מבקשת ממך לא להכריע ברגע זה. תודה.",1,
178193,2002-07-10,הצעות לסדר-היום: התוכנית המדינית של ראש הממשלה,"אדוני היושב-ראש, רבותי השרים, חברי חברי הכנסת, ביום חמישי שעבר היתה פריצה דרמטית של החדשות.

בכנס קיסריה, כנס שדן בעניינים הכלכליים של מדינת ישראל, יושב ראש הממשלה, זחוח-מה, ואומר שיש לו תוכנית מדינית. חשבתי, מה יש לו כבר להציע? כל פעם משתמשים באותה שיטה מחדש, אדוני היושב-ראש: כשרוצים לסמא את עיני הציבור וכשכל כך רע מבחינה כלכלית, רוצים לטעת איזו תקווה כדי שהציבור יחשוב שיש לנו פרוגרמה, תוכנית מדינית. אבל אני שואלת, מה היא התוכנית המדינית. רבותי השרים, השר ריבלין, אתם יושבים בממשלה הזאת. השר ריבלין, אני בטוחה שתוכל לסבר את אוזננו ולומר לנו מה היא התוכנית המדינית החדשה של ראש הממשלה.

האם אנחנו עוד פעם מדברים על %42 מהשטח שעליו תהיה המדינה הפלסטינית, או שאולי בכלל התוכנית המדינית היא לאפשר סוף-סוף לשמעון פרס להיפגש עם שני נציגים פלסטינים? איזו התקדמות.

אתם יודעים מה התוכנית המדינית? כל זה בא כדי לסמא את עיני הציבור. אנחנו ממשיכים לשבת בשטחי A, אנחנו כבשנו את שטחי A, אנחנו כוח כובש; אנחנו לא רוצים להקים מינהל אזרחי, אבל אנחנו נקים מינהל אזרחי; אנחנו לא רוצים לחסל ולהרוג, אנחנו לא רוצים להרעיב, אבל אנחנו עושים עוצר.

חבר הכנסת הנדל, הרי אנחנו שותפים לכך, ואנחנו לא צריכים כל פעם מחדש להצטדק ולומר שמדינת ישראל צריכה להגן על שלומה וביטחונה. ראש הממשלה גורם לכך שנשלם מחיר דמים.

אנחנו נשלם על הכיבוש הזה. אני בינתיים - בינתיים, זה זמני אומנם - לא בהנהגת המדינה, אני רק חברת כנסת מהאופוזיציה.

אנחנו נשלם כיוון שכבשנו מחדש את השטחים. אנחנו נשלם על זה, החיילים שלנו יצאו עם טראומה מהשהות שם, והפלסטינים משלמים על זה. ולמה? הרי בסופו של דבר, המתווה ברור. הרי בסופו של דבר - ואמר את זה קודמי על הדוכן - הפתרון יהיה מדינה ליד מדינה, לא %42 מהשטח. המתווה יהיה מתווה קלינטון. אתם לא אוהבים את זה, אבל זה מה שיהיה.

אז עכשיו יש לכם גיבוי מבוש, הלך החוואי מחוות-השקמים ופגש את החוואי מטקסס, אז יש לכם גיבוי, אלה שני החוואים.

ככה נראית מדינת ישראל. תוכנית מדינית? השר ריבלין, אני מקווה שכשתעמוד פה תספר לנו מה היא התוכנית המדינית החדשה של ראש הממשלה.

השר ריבלין הוא נציגו של ראש הממשלה.

הוא אמר: לא תוכנית ולא בטיח.

אבל זה נאום בוש, אדוני השר, זו תוכנית מדינית?

מכובדי השר ריבלין, ההצעה לסדר-היום - - -

אדוני שר התקשורת, ההצעה לסדר-היום נקראת ""התוכנית המדינית של ראש הממשלה"" - - -

עומד פה השר על הדוכן ומסביר את כתבי בוש - - - אני שואלת, אדוני השר, על כך שראש הממשלה מתעתע בנו, כמו שהוא אמר בממשלה. הוא אמר בממשלה: לא תוכנית ולא בטיח, הבנו, אבל עומד כאן שר התקשורת ומתעתע בנו פעם נוספת. אני שואלת - - -

אדוני השר, אנחנו קוראים בין השיטין, אנחנו לא קוראים בפרוטוקול.

מה לגבי האנטישמיות פה, שאתם כבר עוברים לעולם?

מי אלה האנשים החזקים, חבר הכנסת קרא?",1,"The speech strongly criticizes the government's approach to settlement and occupation, indicating a clear opposition to the settlement policy."
178713,2002-07-16,"הצעות לסדר-היום: דוח ""אמנסטי"" על המזרח התיכון","אדוני היושב-ראש, אדוני השר, אני רוצה לדבר על מצעד הצביעות. ""אמנסטי"" הוא ארגון זכויות האדם הכי חשוב בעולם, ובמשך שנים ארגון ""אמנסטי"" ביקר את מדיניות מדינת ישראל או מדיניות צה""ל בשטחים, ביקר אותה על הפרות קשות של זכויות אדם, וזכה לקיתונות של ביקורת מצד גורמי ממשלה רשמיים, איך ארגון זכויות אדם מעז לבקר את מדיניות ישראל בשטחים. ופתאום בא ארגון ""אמנסטי"" ומבקר - ובצדק מבקר - את מדיניות ההתאבדות, את אותם פיגועי טרור קשים. ואז פתאום מדינת ישראל מחבקת אותו חיבוק דוב. איזו צביעות, חברי חברי הכנסת. הפיגועים, פיגועי הטרור, הם איומים. אנחנו עדים לפיגוע מאוד קשה ליד עמנואל. הם איומים, הם נוראים, אנשים שמוכנים להתאבד, להקריב את עצמם על מנת לפגוע באחרים - זה איום ונורא. אבל אסור לנו לרחוץ בניקיון כפינו, אדוני היושב-ראש. צה""ל שולט היום בשטחי A, מטיל עוצר על 3 מיליוני פלסטינים. על-פי ההיגיון הזה, בעוצר שאמור למנוע פיגועים - ולצערי, הוא לא מונע - מחויבי המציאות המשך נוכחות צה""ל בשטחים, כיבוש מחדש, הקמת המינהל האזרחי. ואז, אדוני היושב-ראש, נצטרך כנראה את ארגון ""אמנסטי"", שיצטרך להמשיך ולטעון כנגד הפרות זכויות האדם בשטחים. תודה.",3,"The speaker criticizes the occupation and acknowledges human rights violations, indicating a moderate opposition to settlement policies."
180581,2002-10-15,נאומים בני דקה,"אדוני היושב-ראש, אני רוצה להפנות מכאן קריאה ליועץ המשפטי לממשלה. דווקא עכשיו, בערב יום הזיכרון לראש הממשלה המנוח יצחק רבין, אני רוצה להזכיר ליועץ המשפטי לממשלה עד כמה הוא נהג בצורה רופסת כלפי אותם רבנים שהוציאו פסק-דין רודף, שעדיין מהלכים חופשי, שעדיין לא נתנו את הדין; אותם רבנים שיגאל עמיר אמר שהם השפיעו עליו כשהוא עשה את המעשה הנורא של רצח ראש הממשלה. חבר הכנסת יהודה גלעד, היום כשרבנים קוראים להתנגד לפינוי מאחזים - - -

אתה, חבר הכנסת גלעד, רואה אולי את חצי הכוס המלאה. אני מודה שאני רואה את חצי הכוס הריקה. אני סבורה שרבנים לא יכולים לעשות שימוש פוליטי בפסקי הלכה. עכשיו אנחנו מכבסים את הלשון ומוצאים מינוח רך למה שהם עשו ולמה שהם קראו. אני חייבת להגיד שאני נמנית עם אלה שמביעים הבנה ואמפתיה לסרבנות משני הצדדים.

הן לסרבנים מהשמאל, חבר הכנסת הנדל, והן לסרבנים מהימין.

עוד משפט אחד, אדוני היושב-ראש. כשזו סרבנות פרטית, ערכית, מצפונית של היחיד, אני מכבדת אותה. אבל כשוועד רבנים קורא - זה יכול להיות - - -",3,
181546,2002-10-28,פינוי חוות-גלעד וחילול השבת,"אדוני היושב-ראש, חברי חברי הכנסת, אני רוצה לנצל את ההזדמנות ולמחות על כך שאין שר במליאה. דיונים שנערכים בשעה כזו הם לא מספיק חשובים לשרים. אני חושבת שאתה, אדוני היושב-ראש, בתור מי שמנהל את הדיון, היית צריך לדאוג לכבודם של חברי הכנסת ולכבודה של המליאה ולדאוג שיהיה כאן שר. למשל, אני הייתי מאוד שמחה לו היה השר דני נוה עכשיו במליאה, כי היה לי מה להגיד לו בעקבות הדברים המסיתים שלו מלפני שעות מספר, כשהוא עמד כאן על הדוכן והסית כנגד קבוצה מסוימת של חברי הבית הזה והלך. הוא עמד כאן על הבמה ובכלל התבלבלו היוצרות מי כאן המסית ומי כאן המוסת.

אני מבקשת מאדוני להעביר את מחאתי בכלל ולשר דני נוה בפרט. כאשר מדברים על בריונות וכשמדברים על הסתה, אני חושבת שהכנסת הזאת צריכה להוקיע את הרב זלמן מלמד, ראש ""ועד רבני יש""ע"", את מועצת יש""ע - חבר הכנסת זבולון אורלב, לא אהבת קודם את הדיבורים האלה - את מועצת יש""ע, שהיא גוף ממריד. כשרבנים הם מסיתים ועושים שימוש בפסקי הלכה מתירי דם, יש בזה משום המרדה. אבל אין לנו כבר על מי להשליך את יהבנו. אני ציפיתי שהיועץ המשפטי לממשלה מייד יעמיד לדין את הרב זלמן מלמד, ינהג בהם באותה מידה כמו שלמשל הוא נהג בחברי כנסת ערבים מהבית הזה; כמו שהוא נהג בעזמי בשארה, או כמו שהוא העמיד לדין אחרים. אבל אנחנו הרי רגילים שיש איפה ואיפה כשמדובר ביהודים או כשמדובר בערבים. אתה יודע, אדוני היושב-ראש, אני לא יודעת אם חברי הבית הזה יודעים, לפני יומיים התקיימה אזכרה למאיר כהנא. באזכרה הזו למאיר כהנא, ארגון ""כך"", ארגון שהוגדר כארגון טרור והוצא אל מחוץ לחוק - ומי היה שם? היה שם חבר הכנסת קליינר והיה שם חבר הכנסת דרוקמן והיו שם רבנים, וכולם היללו ופיארו את אותו ארגון טרור, ולא ראיתי - - -

עצם הנוכחות שלך שם. אתה יודע מה? או.קיי., אני חוזרת בי. עצם הנוכחות שלך שם, חבר הכנסת קליינר, נותנת לגיטימציה לארגון גזעני שהמטרה שלו מובהקת וברורה.

קיבלתי את ההערה שלך. לא ראיתי שהיועץ המשפטי בהתנהגות הרופסת שלו קרא לך. לא ראיתי שהוא קרא לך, לא ראיתי שהוא קרא לרב דרוקמן. אבל אם היה מדובר בנו או בחברי כנסת ערבים, מייד היו קוראים לנו. אני קובעת, אדוני היושב-ראש, שאותם רבנים ממרידים, מסיתים, אותם רבנים שהוציאו פסק-דין רודף, שיגאל עמיר אמר שבגינם הוא קיבל היתר לרצוח את ראש הממשלה, אותם רבנים מהלכים חופשי, מסתובבים בינינו. אני אומרת לכם, חברי חברי הכנסת, גם הרבנים האלה שנותנים גיבוי לאותם פורעים מיש""ע כנראה ימשיכו להסתובב חופשי. הם הפצצות המתקתקות המסוכנות מכולם, ועל זה אני מתריעה. תודה.",1,
183620,2003-03-05,הצעות לסדר-היום: הירי על גילה ופרויקט עוטף-ירושלים,"אדוני היושב-ראש, גברתי השרה, חברי חברי הכנסת, מה עומד מאחורי המונח עוטף-ירושלים, תהה חבר הכנסת פינס,  ואני מצטרפת לתהייתו, בעיקר לאור העובדה שלפני כמה חודשים, לאחר הפיגוע הקשה בחברון, פורסם בכלי התקשורת, כי על-פי החלטת הקבינט הביטחוני, ממשלת ישראל מתכוונת להפקיע שטחים של פלסטינים על מנת להגן או להבטיח את שלומם וביטחונם של אותם יהודים שמעוניינים להגיע לתפילה בקבר-רחל. אני רוצה לומר בצורה שאינה משתמעת לשתי פנים, אני חושבת שחייבים להבטיח את חופש הפולחן הדתי; אני חושבת שצריך לעשות הכול על מנת להגן על שלומם וביטחונם של אלה שמבקשים להתפלל בקבר-רחל. השאלה מה המחיר. השאלה אם הפקעת רצועה בשטח הפלסטיני, באזור בית-לחם, בסדר-גודל של כ-14 דונם, לא מזמן על-ידי צה""ל בשטח המוניציפלי של בית-לחם; ונוסף על כך בניית גדר הפרדה, כפי שנאמר על-ידי ראש הממשלה שרון, כפי שנאמר על-ידי שר הביטחון בזמנו, פואד, ועל-ידי ראש עיריית ירושלים – השאלה  אם שני המהלכים האלה: מצד אחד הקמת מכלאה שתשים את התושבים הפלסטינים באיזה תחום מושב -  וכאן מדובר על 500 איש שלא יוכלו לצאת, שלא יוכלו להיכנס, שיחצצו בינם לבין בית-לחם, ואם הם ירצו לצאת ממקום מגוריהם, הם יצטרכו לעשות את זה רק דרך מחסום צבאי -  האם זה, נוסף על הקמת גדר הפרדה, עומד להבטיח את שלומם וביטחונם של אותם אנשים, תוך פגיעה קשה באנשים שמתגוררים כאן שנים; האם זה מה שרוצה ממשלת ישראל במה שהיא קוראת עוטף-ירושלים; האם לזה התכוונה ממשלת ישראל, או שבעצם ממשלת ישראל צריכה לומר שבחסות אותו מונח של הגנה על שלומם וביטחונם של המתפללים – ושלומם וביטחונם מצוינים היום, יש אוטובוס ממוגן שמסיע אותם הלוך, יש אוטובוס ממוגן שמסיע אותם חזור – האם סביב המונח הזה מתכוונת ממשלת ישראל לעשות את מה שנקרא ""ירושלים רבתי"". אנחנו מדברים על סיפוח. למה שלא נקרא לילד בשמו? ממשלת ישראל מתכוונת להרחיב את גבולותיה המוניציפליים של ירושלים.  כמובן, לכול יש תמיד טיעון ביטחוני, הכול נובע תמיד משיקולים ביטחוניים. מה בין זה לבין הביטחון?  צריך לעשות שיקולי ביטחון, אבל האם הקמת גדר הפרדה אחרי שעושים תחום מושב לפלסטינים היא בגדר שיקולים ביטחוניים? אני אשמח לשמוע הסברים מפורטים למה בדיוק מתכוונת ממשלת ישראל  כשהיא אומרת ""הגנה"" וכשהיא אומרת עוטף-ירושלים. תודה רבה, אדוני.",3,
184202,2003-03-25,הצעות לסדר-היום: ציון מלאות שישים שנה להצלת יהודי בולגריה,"אדוני היושב-ראש, אדוני הנשיא לשעבר, אורחים נכבדים, שרים לשעבר, חברי הכנסת לשעבר, אורחים יקרים; אדוני היושב-ראש, נפל כבוד בחלקי לעמוד כאן היום ליד הדוכן ולהיות ראשונת הדוברים בפרק המפואר שאנחנו עומדים לציין, 60 שנה להצלת יהדות בולגריה. יהדות בולגריה היא שבט נדיר ומפואר. בספר הזהב של תולדות העליות למדינת ישראל, הייתי אומרת שיהדות בולגריה רשמה דף של כבוד. בשנתיים הראשונות של המדינה עלו אליה כ-90% מיהודי בולגריה - קהילה כמעט בשלמותה. יהודי בולגריה השתרשו בארץ והגיעו לצמרת החברה והכלכלה.  טביעת האצבע שלהם ניכרת היטב בתעשייה, במסחר, ברפואה, בחקלאות, באמנות ובהתיישבות. וודאי, אדוני היושב-ראש,  שלא  ארצה לקפח את  חלקם של יוצאי בולגריה בענפי הספורט, ובעיקר בענף הכדורגל.

או.קיי. יהודי בולגריה נטמעו והתמזגו בחברה  הישראלית, אך עם זאת מוכרחים לציין שהם הצליחו לשמר את אורח החיים המיוחד שלהם. אני מכירה את זה מקרוב. יושבים בקהל ידידים רבים שלי. אורח החיים המיוחד שלהם, שפתם הציורית וכשרונותיהם שומרים על החן המיוחד שלהם. אבל  יש גם פרקים כואבים, אדוני היושב-ראש, והיום אנחנו  מציינים, כמו שאמרנו קודם, 60 שנה להצלת יהדות  בולגריה. אחד  הפרקים הכואבים הוא פרק השואה האפל. היהודים, שעד אז  נהנו משוויון זכויות מלא, פוליטי ואזרחי, מצאו את עצמם עומדים בפני החלטת הממשל הבולגרי, שהתקרב לגרמניה ולמדינות הציר ואישר את החוק שידוע כ""הצעת החוק להגנת האומה"" ואת הקמתה של ""נציבות לענייני יהודים ליד משרד הפנים"", שתי החלטות שהגבילו את זכויות היהודים והסירו את הסמכויות מוועד הקהילות היהודיות. משם ועד ההחלטה לגרש את יהודי בולגריה, הדרך היתה קצרה. אני לא רוצה להיכנס, אדוני היושב-ראש,  לוויכוח שקיים  בשאלה מי הציל את יהודי בולגריה: האם היו אלה הקומוניסטים, שהציגו את עצמם כאחראים להצלתם, או שהיו אלה אויבי הטוטליטריזם, שרצו להציג באופן חיובי את המלך  בוריס השלישי ולהפוך אותו לדמות המפתח בהצלת היהודים. אני רוצה לנצל את ההזדמנות שאני עומדת כאן על הבמה ולציין מדינאי  אמיץ, אחד מחסידי אומות עולם, שבין שני הקטבים האלה שציינתי קודם לכן הוא כמעט נשכח. אני מדברת על סגן  יושב-ראש הפרלמנט  בסופיה, דימיטר פשב. האיש הזה דיכא את הפחד האישי שלו, והייתי אומרת בלשון קצת ציורית, עלה למדרגה האנושית העליונה של אדם שפועל על-פי צו המצפון שלו. במשטר הפרו-נאצי ששרר בבולגריה באותם ימים נוראיים, כשהגרמנים והמסייעים שלהם עסקו בהשמדת העם היהודי, עשה דימיטר פשב הכול  כדי  לסייע ליהודים להינצל ממוות. במרס  1943, החודש לפני 60 שנה, נודע לפשב על הכוונה של הממשלה לארגן משלוחי יהודים מזרחה. כסגן יושב-ראש הפרלמנט הוא פתח במאמץ פוליטי למנוע את מימוש רוע הגזירה ואילץ את שר הפנים לדחות את הגירוש. הממשלה הגיבה בזעם, הרוב בפרלמנט שנשמע לה, נשמע לממשלה, הדיח אותו מתפקידו כסגן יושב-ראש הבית. אבל גם  לאחר מכן פעל פשב שוב ושוב בהצלחה לסכל את ניסיונות  הגירוש. יוזמתו של פשב לא מנעה את גירושם של יהודי  מקדוניה ותראקיה, והם  הוסעו  למחנות ההשמדה והכבשנים. וזה פרק מאוד מצער. בדצמבר 1943 הותר ליהודים לשוב לסופיה, אדוני, וב-1944 בוטלו כל החוקים  האנטי-יהודיים. מרבית יהדות בולגריה עלתה ארצה, ובים הדמעות, אדוני היושב-ראש,  מאיר הפרק של יהודי בולגריה באור יקרות. תודה רבה.",5,
184697,2003-05-12,"הצעות סיעות מרצ, חד""ש-תע""ל ויהדות התורה–ש""ס להביע אי-אמון בממשלה בשל:: א. אופן טיפולה במצב המדיני, החברתי והכלכלי; ב. תוכניתה הכלכלית, סירובה לחדש את המשא-ומתן עם הפלסטינים ומדיניותה בשטחים הכבושים;: ג. מכירת חמץ בחג הפסח ברחבי המדינה בניגוד לאיסור התורה ובניגוד לחוק","אדוני היושב-ראש, חברי חברי הכנסת, בפתח כנס הקיץ מביעה סיעת מרצ אי-אמון בממשלה ובעומד בראשה, בראש הממשלה. סיעת מרצ אינה קונה את מצג השווא שמנסה להציג ראש הממשלה, כפי שהוא אמר אתמול בפגישתו עם קולין פאואל.

אני מודה לחבר הכנסת אריאל, שדואג לכבודה של הכנסת ולכבודי. לכבודו של השר המתאם אני אפתח מחדש. אדוני היושב-ראש, אדוני השר, חברי חברי הכנסת, כמו שאמרתי קודם לכן, סיעת מרצ מביעה אי-אמון בממשלה ובראש הממשלה. סיעת מרצ אינה קונה את מצג השווא שמנסה להציג ראש הממשלה שרון, כפי שהוא אמר אתמול בפגישתו עם קולין פאואל, ואני מצטטת: ""לאחר המלחמה בעירק נפתח חלון הזדמנויות להסדר במזרח התיכון"". חלון הזדמנויות, רבותי חברי הכנסת. חלון הזדמנויות? זה נשמע לנו מוכר מהשנים האחרונות. אדוני היושב-ראש, הרטוריקה לא משתנה, ובכלל, יש לי איזו תחושה של דז'ה-וו. מדובר בריטואל חוזר – מתחילה התרחשות מדינית, מגיע קולין פאואל, הוא נפגש עם ראש הממשלה שרון, אחר כך הוא נפגש עם אבו-מאזן ואולי גם שרון ייפגש עם אבו-מאזן, אחר כך שרון יטוס לארצות-הברית להיפגש עם בוש והוא יחזור מארצות-הברית והוא יצהיר הצהרות ותיווצר תחושה של התרחשות, וכל הזמן יגידו ויגידו נגד, ובממשלה אפי איתם יגיד ככה וסילבן שלום יגיד ככה, וכל הזמן תהיה תחושה שמשהו קורה. אחרי שאני שומעת את ראש הממשלה שרון אומר לקולין פאואל שההתקדמות במשא-ומתן עם הפלסטינים תלווה בצעדים ממשיים של ישראל, אני מנסה לחשוב על איזה צעדים ממשיים, לאיזה צעדים בוני אמון ראש הממשלה מתכוון; מהן אותן מחוות הומניטריות, כפי שהוא קרא להן, במרכאות או שלא במרכאות, שממשלת ישראל תעשה כלפי הפלסטינים, או במה היא תסתפק? נדהמתי, ואולי בכלל לא הייתי צריכה להתפלא, אדוני היושב-ראש, שברגע שקולין פאואל עזב, שוב הטילו סגר על עזה.

אדוני היושב-ראש, ישראל, בניגוד למחויבותה לאחר מינויו של אבו-מאזן, אינה מסיגה את כוחותיה ממרכזי הערים, אינה מסירה את הסגרים. ראש הממשלה כל כך תבע שיסולק ערפאת מקדמת הבמה וייבחר ראש ממשלה חדש. והנה, נבחר אבו-מאזן, ראש ממשלה פלסטיני שמתנגד לטרור. אומנם עדיין לא נעשו מאמצים מספקים ומספיקים של הפלסטינים להיאבק בטרור, אתמול היה רצח נוסף, אבל בכל זאת נבחרו ממשלה וראש ממשלה שחושבים שצריך לנתב את המהלכים לערוץ המדיני. איך ישראל מקדמת את פניו של אבו-מאזן? בחיסול בעזה. איך ישראל ממשיכה לקדם את פניו של אבו-מאזן? בחיסולים ממוקדים. בכלל, לא רק שהיא מחסלת, היא גם לא מסתפקת ב""הודנה"" של הפלסטינים, שקוראת לפרק את ארגוני הטרור. אני מודה שאני לא מתפלאת על כך, כי יש לנו ראש ממשלה, שזה משהו סדרתי אצלו. מאז פעולות התגמול האיש הזה הוא מבעיר סדרתי. בכל פעם שיש סיכוי כלשהו להגיע לאיזה הסדר, יש לו הר-בית אחר או חדש שהוא עולה עליו. עכשיו, אחרי שהגיע לכאן קולין פאואל, אנחנו רואים שהוא ממשיך לתעתע בכולם. אם ממשלת ישראל באמת רוצה לאותת לפלסטינים שכוונותיה רציניות, קודם כול היא צריכה לפרק את המאחזים, היא צריכה להקפיא את ההתנחלויות. אני רוצה להזכיר, חברי חברי הכנסת, מדובר בראש הממשלה שאמר שדין נצרים כדין נגבה. זה ראש ממשלה שבאמת מתכוון לפרק התנחלויות? רק אתמול שמעתי התבטאות של ראש הממשלה. אני מודה שנדהמתי. זאת אומרת, לא נדהמתי רק בגלל הדמגוגיה הזולה והשימוש הציני שהוא עשה. הוא אמר אתמול לקולין פאואל: האם אתה רוצה שמתנחלות תעשינה הפלות? בכלל, כל העניין הזה של גיוס הרחם לצרכים לאומיים, ועוד רחם של מתנחלות, רחמנא ליצלן. מה יקרה אם תצטרכנה לעשות הפלות. למה צריך לעשות את הגיוס הזה כדי לתת הכשר להתנחלויות? ואיך הוא קרא להן? לא מדובר בהתנחלויות, מדובר ביישובים יהודיים. יישובים יהודיים? מדובר בחטא הקדמון, בהתנחלויות שמסמלות את הרע שבכיבוש. כל האמירות הדמגוגיות האלה, כל האמירות האלה. איך בכלל אפשר לחשוב שמדובר בראש ממשלה שמתכוון להגיע להסדר? הרי את מפת הדרכים לא במקרה לא הניחו עכשיו על השולחן, כי כל כך הרבה תיקונים רצתה ממשלת ישראל להכניס למפה הזאת, שהיה ברור שהיא תישאר עוד מפה בדרך לשום מקום. אדוני היושב-ראש, חברי חברי הכנסת, אם ראש הממשלה אומר: לא אמנע ממיטב הנוער - מדובר על מיטב הנוער  - להקים שם בית ביישובים היהודיים האלה, צריך להגיד את זה בכל מקום: קוראים לזה התנחלויות, קוראים לזה שטח כבוש, קוראים לזה מקומות שלא מאפשרים להגיע לשום הסדר להקמת מדינה פלסטינית. וכל פעם מחדש אני תוהה, כששרון מדבר בכל הראיונות ובכל ההצהרות על הקמת מדינה פלסטינית - למה בדיוק הוא מתכוון? לאותם 42% מהשטח שהוא מדבר עליהם? חברי חברי הכנסת, תעשיית השקרים של ראש הממשלה וקבוצת יחצניו מהממשלה ומהכנסת ממשיכה לעבוד שעות נוספות. ראש הממשלה, ואתו כל משווקי השקרים, לרבות חבר הכנסת הנדל, מנסים להרוויח זמן, והם קובעים שורה של תנאים שבלעדיהם הרי אין סיכוי להגיע לחידוש התהליך המדיני, בדיוק כמו שהאמריקנים מבקשים.

ראש הממשלה שרון ימשיך לתעתע בכולם. הרי הוא מציע לנו פטה-מורגנה של תקווה, פטה-מורגנה של תהליך. מדובר בתעתוע, חברי חברי הכנסת, וכדרכם של חזיונות ותעתועים, בחלוף הזמן גם התעתוע הזה ייעלם וכנראה שום דבר לא יקרה. וזו אחת הסיבות לכך שסיעת מרצ בחרה, בפתח המושב, להביע אי-אמון בממשלה ובעומד בראשה.

אדוני השר, שמעתי את ההסבר שלך. אני מבינה שעל-פי ההיגיון שלך  צה""ל צריך להישאר בשטחים לנצח, צריך להמשיך להחזיק את כולם במעצר, אף אחד לא יצא, אין יוצא ואין בא, וכך נמנע פיגועים. האם זה ההיגיון שמאחורי דבריך?",1,
184988,2003-05-14,הצעות לסדר-היום מדיניות הממשלה בעניין גירוש פעילי שלום זרים מהשטחים,"חבר הכנסת טיבי, אתה רוצה שאני אטפל בך פה ועכשיו על הדוכן? אתה רוצה את זה? תחליט.

זה לא אותו סוג תיקון. גם זמנך יגיע. אל תדאג.

אני רואה שחבר הכנסת טיבי לא רגוע, ובצדק. הוא לא רגיל שגם מציעים לו להגיש הצעה לסדר-היום והוא גם לא מגיש אותה ראשון. גם  מציעים לו, והוא גם לא מגיש אותה. חבר הכנסת טיבי, אני מציעה להירגע.

חבר הכנסת בר-און, אני חברת כנסת כמוך, מחויבת לשלום, חברה מכובדת בוועדה בראשותך.

חבר הכנסת בר-און, השלום שאני מחויבת אליו כולל מחויבות לכך שכשאנשים באים לתחומי מדינת ישראל לא זוכים לאחד מהשניים - או להיות הרוגים על-ידי דחפורים או להיות מגורשים. זה תחת הממשלה שלכם.

אני רואה שגם חבר הכנסת בר-און לא רגוע. מה קורה? עוד לא התחלתי לדבר. חכה עד שאתחיל - אוהו, מה שיהיה פה.

אדוני היושב-ראש, זה כמעט חסר תקדים, ואתה מוצא זאת רק במדינות טוטליטריות, שאנשים באים, לצורך העניין חברי ארגון סולידריות, חברות ארגון, פעילי שלום ופעילות שלום, כדי לראות ולהזדהות - אפשר להסכים עם זה ואפשר לא להסכים עם זה, אבל בדבר אחד - - -

בדבר אחד אני בטוחה: גם חברי הכנסת שלשמאלי פה, שלצורך העניין הם בימין, מחויבים לנורמות שלטוניות. גם כשמשרד הפנים מחליט לגרש - השר פורז הנאור מחליט לגרש - צריך לתת נימוק.

אני לא שומעת אותך. אני מוכנה להתייחס אליך, אבל אני לא שומעת אותך. רק במדינה טוטליטרית לא מתוקנת מגרשים אנשים ללא נימוק. רק במדינה לא מתוקנת, כשאנשים פעילי שלום באים, דחפורים הורגים אותם.

מה קרה? מה אתם קופצים? חברי הליכוד, עוד לא עליתי. אני לא מבינה מה ההתרגשות. זו רק אני, יושבת-ראש סיעת האופוזיציה הקטנה.

אפשר לצאת למזנון. אתם רגילים.

אדוני היושב-ראש, אני יודעת שבשטחים מסתובבים מתנחלים ועושים פרובוקציות ופוגרומים עם נשק; מתנחלים ומקימים מאחזים בלתי חוקיים.

אף אחד לא מגרש אותם לתחומי מדינת ישראל. באות פעילות שלום, שכל מה שהן באו לעשות - - -

אדוני היושב-ראש, זה שאני מצליחה לעורר את הימין ואת השמאל, כנראה זה מעניין.

אני חשבתי, שכאשר באות פעילות שלום לא אלימות, לא מפריעות ולא עושות כלום אלא באות להזדהות ולדווח - זו זכותן המלאה. בכל מקום של סכסוך, זה מה שנעשה. ממשלות מעודדות גופים זרים שיבואו, ואנחנו מגרשים אותם? עכשיו מבקשים מהם לחתום על תצהירים אם הם נכנסים לשטח סגור. מה זה? ממה יש לנו לפחד? ממה נפשך? חבר הכנסת בר-און, האם כסדום היינו? האם לעמורה דמינו? מה הפחד הזה? ממה נפשך? מה הן תעשינה שם? ממה אתם חוששים?

לא. ברשות היושב-ראש, הוא רוצה לשאול אותי שאלה, ואני מוכנה.

יושב-ראש ועדת הכנסת, מכובדי - כמו שאומרים אצלכם - האמריקנים הם לא מודל, לא לנורמות ולא לסטנדרדים של כיבוד זכויות אדם. מה שהם עושים לישראלים זה נורא, מה שהם עשו בעירק זה נורא - -

- - ומה שהם עשו באפגניסטן זה נורא. הם לא מודל עבורי, לא בוש ולא אחרים.

מה קרה לכם היום? איזו מקהלה. אחד, אחד. לא שומעים כלום. אחד, אחד.

הכדור הוא עגול, חיים משבת לשבת.

- - - הכול בשבע, רוני בר-און לא - - -",1,
185034,2003-05-19,הצעת סיעת העבודה-מימד להביע אי-אמון בממשלה בשל המשך השביתות במשק והמצב הכלכלי-החברתי והביטחוני,"אדוני היושב-ראש, גברתי השרה, חברי חברי הכנסת, אנחנו עדים בימים האחרונים לגל מחודש של פיגועים, גל נורא של טרור רצחני שמיועד קודם כול כנגד האזרחים במדינת ישראל, ואני מניחה שמיועד גם לפגוע בשלטונו החדש של אבו-מאזן ולטרפד כל ניסיון להגיע להסדר בין הישראלים לפלסטינים. אבל אני מוטרדת, אדוני היושב-ראש. זה שיש אנשים ב""חמאס"" וב""ג'יהאד"" שמעוניינים לחבל בממשלתו של אבו-מאזן, אני יכולה להבין. אבל אני לא יכולה להבין איך ראש הממשלה נותן פרס לאותם מחבלים שמחבלים או שמנסים לחבל במשא-ומתן; איך הוא נותן להם את הפרס על-ידי זה שהוא מחליט שהוא לא נוסע לוושינגטון, הוא לא נוסע להיפגש עם הנשיא בוש. אני חשבתי שלאור העובדה שכל כך רצו כבר שאבו-מאזן ייבחר, שתהיה כאן ממשלה פלסטינית חדשה - שכבר ניפטר מערפאת, כמו שהגדיר את זה ראש הממשלה - ייתנו צ'אנס לממשלה החדשה, יתחילו לחשוב במושגים חדשים, תהיה מחשבה חדשה, יצירתית, גם מבצעית. במקום זה אני רואה שממשיכים לפעול באותם דפוסים ישנים - יש פיגוע, יש טרור, לא נוסעים לנשיא בוש. אני יכולה להבין את ראש הממשלה שרון - למה לו לנסוע לנשיא בוש? ועובדה שלא שמענו גינוי חריף בוושינגטון לכך שראש הממשלה מבטל את הפגישה השמינית שאמורה היתה לצאת לפועל. ראש הממשלה יודע שממילא לא היה מופעל עליו לחץ על-ידי הנשיא בוש. הנשיא בוש די מאפשר לראש הממשלה, הייתי אומרת, לעבוד על כולם בעיניים, אם אני יכולה להשתמש בביטוי כל כך לא פרלמנטרי. ראש הממשלה שרון יודע שהוא יכול לדבר על ויתורים מכאיבים, ועל צעדים בוני אמון, והכול דיבורים על הקרח; והעובדה שהוא אומר שהוא ימשיך להיפגש עם אבו-מאזן, כולם יודעים שמדובר בפגישות  עקרות - - -

אני יודעת שזה ממש לא חשוב על מה מדברים בפגישה. אחרי שמדברים צריך לצאת בפעולות שתכליתן להראות שממשלת ישראל מוכנה לעשות צעדים, דהיינו, להסיג את צה""ל ממרכזי הערים, והדבר המרכזי, בכלל, להתחיל לדבר על יישומה של מפת הדרכים - לפרק את המאחזים הבלתי-חוקיים ולהקפיא את ההתנחלויות. אז ראש הממשלה קיבל בזמנו את מסמך מיצ'ל שנאמר בו: צריך לפרק התנחלויות. זה היה ב-2001. היום אנחנו עומדים ב-2003, הוא קיבל את מפת הדרכים, שום דבר לא קרה מאז - -

- - והיה כאן זיני, והיה כאן טנט, והיה כאן מיצ'ל, ועכשיו היה כאן פאואל. הקפאת ההתנחלויות לא קרתה, לא תקרה, רבותי, חברי חברי הכנסת, גברתי השרה. היה כאן זיני, היה כאן טנט, היה כאן מיצ'ל, והיה גם פאואל, והוא עשה לפאואל מה שהוא עשה לשלושת קודמיו. הוא קיבל אותם, הוא יצר מראית עין של התרחשות. יש כאן בכלל ביום של התרחשות מדינית; זה יוצא וזה בא, זה נכנס וזה נפגש, ושום דבר לא קורה, ושום דבר לא יקרה, ואותן שיטות פעולה, ואותם דפוסי התנהגות, ואותם ביטולים. שרון יודע שהנשיא בוש, כרגע, אחרי שהוא גמר לעשות את הסדר החדש בעירק, לא מתכוון ללחוץ עליו. הנשיא בוש רוצה להיבחר בפעם הבאה, בעוד פחות משנה או בעוד כשנה, והוא צריך את הקול היהודי. ושרון יודע שאין לו ממה להילחץ, והוא ימשיך להגיד, כמו שהוא אמר בהתחלה ל""הארץ"", שנוותר על בית-לחם, שילה ובית-אל, ואחר כך, ב""ג'רוזלם פוסט"" הוא לא הובן בכלל. איזו התנהגות של ראש ממשלה, איפה הוא רצה להגיד אילו ויתורים מכאיבים הוא ייתן? ראש הממשלה לא התכוון, לא מתכוון ולא יתכוון להגיע לכל הסדר. הוא לא מתכוון להקפיא את המאחזים. הוא לא מתכוון לפרק התנחלויות, ולכן אתם יכולים לשבת כל כך זחוחים, בטוחים, צוהלים ומחייכים, כי אתה יודע, הכלבים נובחים, אדוני חבר הכנסת, והשיירה עוברת.

חבר הכנסת יתום, יש לי חדשות בשבילך, המציאות במדינת ישראל כל כך קשה שקוברים ביום, לצערי, ואת האחריות הזאת - כמה משפחות תיתוספנה למעגל השכול - צריך לקחת גם ראש הממשלה; הוא חייב לעשות הכול כדי שייפסק כאן הטרור. הפלסטינים מחויבים מצדם, אבל ראש הממשלה לא עושה שום צעד כדי שלא תיתוספנה עוד משפחות - - -

אדוני היושב-ראש, אני מודה לך, אני רוצה לסיים. צריך לעשות הכול כדי לגנות את הטרור. צריך לעשות הכול כדי שיתחדש התהליך המדיני. על-פי הניסיון שלנו עם ראש הממשלה, זה לא הולך לקרות. הוא ממשיך לעבוד על כולם בעיניים, וכך אנחנו נידונים לעוד תקופה קשה של פיגועים, ואנחנו מכים, והם מכים, ושום דבר לא יקרה כאן, לצערי. תודה רבה.",1,
185422,2003-05-26,"הצעת חוק התוכנית להבראת כלכלת ישראל (תיקוני חקיקה: להשגת יעדי התקציב והמדיניות הכלכלית לשנות הכספים 2003 ו=2004),: התשס""ג-2003: (קריאה שנייה וקריאה שלישית)","אהוד, אני נותנת לך את הקרדיט כשר רציני. האם זה לא שטח כבוש? ראש הממשלה אמר שזה שטח כבוש.

תראה איפה אהוד ברק. תראה איפה אהוד ברק ואיפה אהוד אולמרט.",3,
185556,2003-05-26,"הצעת חוק התוכנית להבראת כלכלת ישראל (תיקוני חקיקה: להשגת יעדי התקציב והמדיניות הכלכלית: לשנות הכספים 2003 ו=2004), התשס""ג-2003; הצעת חוק-יסוד: משק המדינה (תיקון מס' 6): (קריאה שנייה וקריאה שלישית)","אדוני היושב-ראש, חברי חברי הכנסת, אומנם אנחנו כאן בדיון על התוכנית הכלכלית הרעה שמגישה הממשלה הזאת – חבר הכנסת מלכיאור, כמו שאני מכירה אותך, אין לי ספק שאתה תגלה עניין במה שאני הולכת לומר עכשיו.

ברור. לכן, אני צריכה את תשומת הלב שלך. הדיון אמור להיות על התוכנית הכלכלית הרעה, אבל, אדוני היושב ראש, אני רוצה לנצל את ההזדמנות שאני עומדת כאן על הבמה ולהזהיר, ברמה של אזהרה דחופה - - -

אני יודעת, אני כבר עברתי נושא, חבר הכנסת איתן, ואני חושבת שגם אתה תתעניין במה שאני אומרת. אני רוצה להזהיר מפני נושא שיכול להתגלגל ככדור שלג. ולמה אני מתכוונת? היום מתפרסמים באתר האינטרנט Ynet דברים מפי רבני יש""ע, שזועמים ומאוכזבים מהחלטת הממשלה לאשר את תוכנית מפת הדרכים. אני יכולה לקבל את זה שהם מאוכזבים, אני יכולה לקבל את זה שקשה להם. אני חייבת לומר במאמר מוסגר, שבין זה שראש הממשלה והממשלה קיבלו החלטה לאשר את תוכנית מפת הדרכים לבין זה שהיא תצא לפועל – נו, כבר אמרתי בהזדמנות אחרת, או שהפריץ ימות או שהכלב ימות, אבל משהו קורה כאן; יש כאן התרחשות.

והטרור צריך למות. אין לנו מחלוקת על זה, חבר הכנסת איתן, ואין ספק שהרשות הפלסטינית צריכה לעשות מאמץ גובר והולך להיאבק בטרור. ממשלת ישראל צריכה לסייע לה בזה. אני רוצה לומר, שאני יכולה לראות אנשים מאוכזבים, אנשים כועסים, אבל אני לא יכולה לקבל – בעיקר לאור הניסיון המצטבר שיש לנו מימי אוסלו – שוועד רבני יש""ע או חלקים ממנו אומרים, שאם התוכנית תצא לפועל הם ישקלו להוציא נגדה פסק הלכה והם יקראו לחיילים לסרב לפקודה לפנות יישובים. עכשיו אני רוצה לומר, שהרב דב ליאור, מרבני יש""ע, אמר שאסור לוותר על ארץ-ישראל מבחינה הלכתית, ומדובר על ציווי אלוהי. חברי חברי הכנסת, חבר הכנסת מלכיאור, אני קוראת את הדברים ואני מודה שאני לא מאמינה - כאילו לא למדנו שום דבר ולא שכחנו שום דבר; כאילו לא קרה דבר בישראל, לא נפל דבר בישראל. אותם רבנים - - -

נכון, אני לא צריכה להתפלא – אני ידעתי שאתה תגלה בזה עניין, חבר הכנסת מלכיאור – אבל למה אני כל כך נזעקת? כי הדבר הזה מסוכן. אנחנו מדברים על אותם רבנים – אתה נתת דוגמה מצוינת – שהתירו בזמנו את דמו של ראש הממשלה המנוח, יצחק רבין. אותם רבנים - - -

אני מודה לאדוני היושב-ראש. אני רוצה לומר שהיה חשוב שיהיה כאן שר שישמע שהרבנים האלה, שאנחנו מדברים עליהם, הם הפצצות המתקתקות המסוכנות מכולן. חברי חברי הכנסת, הפצצות האלה מתקתקות כבר שנים, ואף אחד מהרבנים האלה – וזה כל כך חמור, ולכן היום אני פונה מכאן ליועץ המשפטי לממשלה ואני מזהירה – אף אחד מהרבנים האלה שהתירו בזמנו את דמו של ראש הממשלה, לא נתן את הדין. הם הוציאו פסקי הלכה, והיום הם ממשיכים להוציא פסקי הלכה, והם מהלכים עלינו אימים, שאם ימסרו חלקים מארץ-ישראל ואם תצא לפועל תוכנית מפת הדרכים, הם יפרסמו – בכלל, הם מפרסמים הנחיות למדיניות לביטחון לאומי. מה בין עיסוק במקצוע רבנות לאסטרטגיה מדינית, ביטחונית, לאומית – אני לא מבינה. ולמה אני כל כך מודאגת? כי לאנשים האלה יש חסידים קנאים. האנשים האלה קוראים בדיוק בין השיטין ומבינים למה הרבנים שלהם מתכוונים. ולכן, על האנשים האלה, שהם מנהיגים רוחניים, מוטלת אחריות לא לתת לאנשים לשמוע הרהורים בין השיטין, אבל הם לא עושים את זה. ולמה שהם יעשו את זה? הרי אף אחד בממסד הפוליטי-המשפטי במדינת ישראל לא הפנים, כנראה, את הלקח מהטרגדיה של רצח רבין. האנשים האלה לא נתנו את הדין. חברי חברי הכנסת, אני רוצה לקרוא לכם קטע מדוח ועדת החקירה הממלכתית בראשות השופט שמגר. זה קטע מעדותו של יגאל עמיר בחקירתו הראשונה. יגאל עמיר אמר לחוקרי השב""כ כדלקמן: ""ללא פסק הלכה, או פסק דין רודף, שחלו על רבין, מפי מספר רבנים שאני יודע עליהם, הייתי מתקשה לרצוח. רצח כזה חייב להיות מגובה. אם לא היה לי גב לא הייתי פועל"". זה יגאל עמיר, שמסביר במפורש איך הוא קיבל גיבוי מאותם פסקי הלכה, מאותם רבנים שהיום מרשים לעצמם אולי להלך עלינו אימים שהם יוציאו שוב פסקי הלכה. האנשים האלה, אותם רבנים שגיבו את יגאל עמיר, הם, רבותי, חברי חברי הכנסת, אדוני היושב-ראש, בעיני, נושאים באחריות פלילית ומוסרית לרצח ראש הממשלה המנוח יצחק רבין, לפחות כמוהו. אבל בניגוד לעמיר, מתוך כל מיני שיקולים, הם לא נעצרו, הם לא נשפטו, והדבר הנורא הוא שהם ממשיכים להלך עלינו אימים בפסקי הלכה. חברי חברי הכנסת, אני יודעת שיש דילמה מאוד מאוד קשה בכל מה שנוגע לחופש הביטוי. אני מאלה שסבורים שצריך להשאיר לחופש הביטוי שוליים רחבים. אנשים במצוקה, הם חשים שמפעל חייהם קורס, כשהם שומעים את ראש הממשלה מדבר על ""די לכיבוש"" - בכלל, זו הססמה של ""שלום עכשיו"", די לכיבוש, ואנשים לא יכולים לחיות כל כך הרבה שנים בצורה כזאת. הם רואים לנגד עיניהם את מפעל חייהם – שאני מתנגדת לו, שבעיני הוא הנורא מכול – מפעל ההתנחלויות קורס. מותר להגיד הכול. מותר לזעוק חמס. אבל אנחנו כבר ראינו איך מלים הפכו לאצבע על ההדק ואיך בנסיבות כאלה יש מלים שמתירות דם ויש מלים שצריך לאסור אותן. מי ששידל בהצלחה כל כך רבה, הייתי אומרת, לרצוח ראש ממשלה בישראל בשל דרכו המדינית, והוא לא נענש כלל, יש סיבה להניח – ואני לא מזכירה את זה מחמת עינא בישא, ששום דבר לא יקרה וראש הממשלה ימשיך להיות בריא ושלם -  האם יש סיבה להניח שמי שניסה ועשה זאת פעם אחת, לא ישדל כעת לרצוח עוד ראש ממשלה? חברי חברי הכנסת, אני מזהירה. אני עומדת כאן ואני לא מדברת על התוכנית הכלכלית, שהיא רעה בעיני, כי אני חרדה. אני אומרת לכם שאני חרדה. אני מסיימת את דברי, אדוני היושב-ראש, ואני פונה מכאן שוב ליועץ המשפטי לממשלה. דעת הרבנים היא כשמן למדורה. חברי חברי הכנסת, מי ששופך שמן לא יוכל אחר כך לרחוץ בניקיון כפיו בטענה הנואלת שהוא לא הבעיר את המדורה. תודה רבה.

הם הוציאו כתב הלכה? אני מדברת על פסק הלכה. אחר כך זה יהיה דין רודף על ראש הממשלה.

תודה רבה לך. אני מודה לך על שקראת לי. תודה רבה לך.

היתה הצבעה כאשר ההסתייגות של רצאבי הוסרה.

ראש הממשלה - - - לא הנהלת הקואליציה שותקת.

היא משנה את דעתה בהתאם לשואל.

אדוני היושב-ראש, כיוון שאתה מעביר את השרביט, אני רוצה לוודא שהיושב-ראש שמחליף אותך ער לחוות הדעת של היועצת המשפטית של הכנסת, שניתן לאחד סעיפים רק אם פועלים על-פי סעיף 131, וזה יורד לוועדת הכנסת. שכל הכנסת תדע שלא ניתן לאחד סעיפים על-פי הרצון הקודם.

אבל הרגע שמעתי חוות דעת אחרת.",1,
186042,2003-06-10,הצעות לסדר-היום: המשך הטרור והפיגועים במחסום ארז ובחברון,"הגשתי הצעת חוק כזאת. כיוונתי לדעת גדולים.

אדוני היושב-ראש, חברי חברי הכנסת, היינו עדים לפיגוע נורא. אני חושבת ששמענו את הגינויים לזה מכל הבית. היה פיגוע נורא, ולמרות הדיבורים על שלום והניסיונות להגיע לרגיעה ולהסדר, ממשלת ישראל נאלצת להתמודד עם פיגועים קשים ואיומים. אבל איך ממשלת ישראל מתמודדת עם הפיגועים האלה? על-ידי זה שהיא מסכלת, בסיכולים לא כל כך ממוקדים – לא כך כך הצליחו לה – כל סיכוי לשלום. אבל מה הפלא ששרון נוהג כפי שהוא נוהג?  וחבר הכנסת פרוש תיאר את זה כל כך יפה. אי-אפשר להתחרות בך, חבר הכנסת פרוש. שרון  מדבר גבוהה גבוהה, וכל פעם מחדש אנחנו עדים לפער הזה שבין הרטוריקה לפרקטיקה, ליום-יום. אבל מה אני מתפלאת כשאני שומעת כאן מעל הדוכן את יושב-ראש הקואליציה, חבר הכנסת סער? כולם אצלו מקשה אחת, כולם בעד הטרור, גם אבו-מאזן. ה""פתח"" וה""חמאס"" ו""הג'יהאד"" – או.קיי., אבל  גם אבו-מאזן? אני חשבתי ששרון אמר שאבו-מאזן ודחלאן הם בני שיח שלו. רק אתם הוא נפגש בעקבה. אם אתה עומד כאן על הדוכן ואומר מה שאתה אומר, אני תוהה את מי אתה מייצג: אתה מייצג את שרון, את העמדה הרשמית? אתה מייצג אחרים בליכוד, שלא לומר נתניהו וחבריו?  האם מה שאתה מייצג כאן מעל הדוכן זו בעצם העמדה של שרון, שרואה בדחלאן ובאבו-מאזן שותפים לטרור, ולא מסייע להם להתחיל לטפל ב""חמאס"" וב""ג'יהאד האסלאמי""? הרי צריך להסיג את צה""ל ממרכזי הערים, לפתוח את הסגרים והכתרים, להוציא את חיילי צה""ל מהמקומות המטורפים האלה שהם נמצאים בהם - - -

הם גם מפנים גב וגם לא נותנים גיבוי.

ומי משלם את המחיר, אדוני היושב-ראש? משלמים את המחיר חיילי צה""ל שמגינים על מוצבים ועל מקומות שהם לא צריכים להיות בהם, מקומות שכבר מזמן היינו צריכים לפנות אותם, וכל פעם מחדש אנחנו עדים לעוד מחדלים ועוד מחדלים. אני לא הייתי כאן בדיון הקודם, סגן השר בוים, אבל היה מחדל גדול. אנחנו משלמים מחיר דמים, מקיזים דמים. כמה משפחות ישראליות ופלסטיניות עוד תצטרפנה למעגל השכול? כמה זמן עוד תקבע המתמטיקה של המוות? מה המחיר שישלמו הצד הישראלי והצד הפלסטיני על שיגיונות של ממשלה שמדברת גבוהה גבוהה, שמדברת על שלום?

אדוני סגן השר, אותה מנטרה, אוסלו? חשבתי שמפת הדרכים קצת יותר מקיפה מאוסלו. אז יש לכם עוד במה להיתלות? באוסלו עמד ראש הממשלה שלכם - - -

דרך אגב, אני כבר לא יודעת של מי אחרי ששמעתי - - -

לא, ראש הממשלה הוא הנבחר של כולנו, אבל הוא לא מייצג את המדיניות שלי, הוא לא מייצג את השקפת עולמי, וכמו ששמעתי אותך על הדוכן, הוא גם לא מייצג אותך, כי אתה הבעת עמדה הפוכה לעמדות שהביע ראש הממשלה. אם זה עוזר לך במרכז הליכוד, בבקשה. זה בטח לא מסייע לכנסת ישראל, זה לא מסייע למאבק שאתם רוצים להיאבק בטרור, זה לא מסייע לחיילי צה""ל שמשלמים את המחיר הזה שם במחסומים, וזה בטח לא מסייע למי שמדבר גבוהה גבוהה שהוא רוצה להביא שלום והסדר ולסיים את הכיבוש ומשאיר אותנו, וגם את הפלסטינים,  עם עוד חללים. תודה.",1,
186275,2003-06-16,מפת הדרכים,"אדוני יושב-ראש הכנסת, אדוני ראש הממשלה, חברי חברי הכנסת, שואלים אותנו אם נתמוך בך, בשרון החדש ובתוכניתך לקידום מפת הדרכים. ואני שואלת אותך אם מפת הדרכים עדיין קיימת, או שאולי צריך כבר להספיד אותה. כי לי נראה שמפת הדרכים, שתביא למדינה פלסטינית בגבולות 1967, עולה בלהבות. חברי חברי הכנסת, מרוב התסכול והייאוש, מרוב הרצון להיאחז בכל שביב של תקווה, נתלינו, היה מי שנתלה, בהצהרות שלך על מפת הדרכים. רצינו ועודנו רוצים להאמין באמיתות כוונותיך, ואנחנו אפילו רוצים, הייתי אומרת, לתמוך בתוכניותיך. כי כשאתה אמרת שהגיע הזמן לחלק את ארץ-ישראל, אמרנו: אמן. ואכן הגיע הזמן לחלק את ארץ-ישראל. כשאתה אמרת שהגיע הזמן לשים סוף לכיבוש, אמרנו: אמן. ואכן די לכיבוש. וכשאמרת שאי-אפשר לשלוט ב=3.5 מיליוני פלסטינים, הסכמנו אתך: אי-אפשר. אבל חשבנו שחובת ההוכחה היא עליך. אבל מהר מאוד, אדוני ראש הממשלה, פחות משבועיים, הסתבר לנו שאולי נכנסנו קצת לתרדמת חושים, שהשמחה היתה מוקדמת מדי, וכנראה אין באמת שרון חדש ובכלל לא מדובר בפריצת דרך היסטורית, ואין לנו כאן דה-גול חדש. רק לפני שבועיים, אדוני ראש הממשלה, אמרת שצריך לסיים את הכיבוש, ואחר כך חזרת בך. אמרת שצריך לפנות את בית-אל ושילה, ואחר כך חזרת בך. רק לפני שבועות מספר טענת שאבו-מאזן הוא חלופה חיובית ליאסר ערפאת, הענקת לו אשראי וראית בו בן-שיח ראוי, והשבוע אתה קורא לו: אפרוח שלא הצמיח נוצות. אדוני ראש הממשלה, אין ספק שבדבר אחד היית ונשארת עקבי. אתה ממשיך לתעתע בכולם. במשך שנים הצלחת לתעתע בציבור הישראלי, הצלחת לתעתע באמריקנים, והצלחת אפילו לתעתע במרכז הליכוד. עכשיו, למיטב הבנתי, אתה מבקש לתעתע גם בכנסת. אתה מתכוון להציג כאן היום מצג שווא של יוזמה להסדר, כי אנחנו יודעים שתעתועים זו שיטה ומסורת אצלך. אנחנו זוכרים איך כשהקמת את תנועת ""שלומציון"" דגלת בהקמת מדינה פלסטינית. זוכרים את ""שלומציון""? אחר כך בנית בהתנחלויות, אחר כך הכרזת שירדן היא פלסטין, ואחר כך אמרת ""לא"" למדינת פלסטינית. אני תוהה: אתה מדבר על מפת הדרכים, מסמך שהיה צריך לתת כיוון מאוזן ליציאה ממעגל האלימות ולשיתוף פעולה ביטחוני שיביא להפסקת הטרור, ושבסופו של דבר יביא להקמת מדינה פלסטינית. עכשיו אתה אומר: ""הקמת מדינה פלסטינית איננה חלום חיי"" ו""מישהו מעלה על הדעת שניתן להחזיק את צה""ל בערים הפלסטיניות?"" אני שואלת: מה נשאר מכל ההצהרות החגיגיות בדבר חשיבות קבלת מפת הדרכים? מה נשאר מכל החלטות הממשלה שכרגיל אינן מיושמות? מה נשאר מהתוכניות בדרך לשום מקום? חברי הכנסת שיושבים כאן יודעים, שהניסיון שלנו עם הממשלה שלך מלמד, שכל הפעולות שלך, אם אני בוחנת אותן מתחילת כהונתך ועד היום, נועדו להרוויח זמן. היינו עדים לסחבת. מדי פעם היו הצהרות חיוביות וכל מיני שיחות עקרות. תראה כמה יוזמות כבר היו כאן לפתרון הסכסוך. היו כאן יוזמת התוכנית הירדנית-המצרית, דוח-מיצ'ל, תוכנית טנט ומסמך אבו-עלא. מה לא היה כאן עד שהגענו למפת הדרכים? אני חייבת להודות שכל היוזמות האלה מובילות אותי למסקנה, שתעשיית השקרים ממשיכה לעבוד שעות נוספות גם עכשיו, עם קבלת מפת הדרכים. אני שואלת: האם כמו בלבנון אתה ממשיך שוב ושוב להוליך אותנו שולל?

אדוני יושב-ראש הכנסת, כל פעם כשנדמה שמסתמנת איזו רגיעה או איזו תקווה בכלל להתחלת תהליך מדיני, ראש הממשלה נותן אישור לעשות חיסולים ראוותניים.

כך נוהג מדינאי שפניו לשלום? כך נוהג מי - - -?

האם כך נוהג מדינאי שפניו לשלום, או כך נוהג מי שרואה הכול דרך הכוונת של הרובה? ראש הממשלה, הרי אתה יודע שבאופן הזה לא רק שלא מחסלים את הטרור, אלא מגבירים אותו. נכון, אני אומרת את זה כאן, לא רק עליך מוטל נטל ההוכחה. על הפלסטינים מוטל נטל הוכחה משמעותי מאוד - להימנע מהטרור ולמנוע אותו - ואנחנו דורשים מהפלסטינים להסיק מסקנות מאוד חמורות מכל השימוש בטרור בשנתיים האחרונות. כנראה שגם הפלסטינים הבינו, בסופו של דבר, שבכוח אף אחד מהצדדים לא ינצח, אלא רק יישפך עוד ועוד דם ויהיו עוד פיצוצים ועוד גירושים. אדוני יושב-ראש הכנסת, הטרור הפלסטיני הוא נורא. המתאבדים רוצחים אנשים חפים מפשע, והצד הפלסטיני צריך, לטעמי, להילחם בטרור ביתר נחרצות. אך, ראש הממשלה, אם מדינת ישראל איננה מסיגה את צה""ל ממרכזי ערים, אינה מסירה את הסגרים והכתרים כפי שנקבע, איך בדיוק אנחנו מצפים מהפלסטינים שיפעלו למיגור הטרור? אני רוצה להזכיר לך, ואני זוכרת את המלים, כשאתה נבחרת לראשות הממשלה, אתה הבטחת להביא שלום וביטחון. אתה הבטחת למגר את הטרור. עברו כמה שנים - מספר ההרוגים מתקרב לכ=800, והטרור, לצערי, לא מוגר. אז אתה מצפה מאבו-מאזן שבתוך שבוע או שבועיים להתמנותו לתפקידו, אחרי 32 חודשי אינתיפאדה, הוא יצליח למגר את הטרור, מה שאתה לא עשית בכמה שנים? וכשהוא החל בכך - הוא רק החל בכך - החלטת לפגוע ברנתיסי. חברי חברי הכנסת, האם זה לא מעלה תהיות - - -

האם ההחלטה לפגוע ברנתיסי לא מעלה תהיות בדבר כנותך ומחויבותך לחזון בוש ולמימושו באמצעות מפת הדרכים? הרי אתה יודע שלא ניתן לנהל מדיניות של נקמה, כי חיסול גורר חיסול ופיגוע גורר פיגוע וחוזר חלילה.

פעולות הטרור והפיגועים הקשים של הפלסטינים, פעולות הטרור הזוועתיות - - -

פעולות הטרור הזוועתיות של הפלסטינים אינן יכולות לשמש צידוק למעשיה של ממשלת ישראל. מתאבדים פלסטינים לא יכולים לשמש אליבי אולטימטיבי לחיסול התקווה לשלום פעם נוספת. לכן, אדוני ראש הממשלה, מי שהורה על חיסולו של רנתיסי ואחרים צריך לקחת עליו את האחריות להסלמה כאן. אני שואלת: עוד כמה משפחות צריכות להיתוסף למעגל השכול? עוד כמה משפחות?

אדוני ראש הממשלה, ההחלטות שלך מעלות תהיות קשות. האם אתה, אריאל שרון, באמת יכול להתאפק? האם יש לך באמת אינטרס בהצלחת התהליך? ארצה לשמוע אותך כאן היום. מה ההיגיון, כשכל פעם שיש קצת פחות טרור, נותנים הוראה לצאת ולהילחם בו חזק יותר? איך זה כל פעם כשכבר התחלנו לדבר עם מישהו, כשאתה עמדת שם בעקבה וראינו שיש נכונות לעשות משהו, גובר בך הדחף הזה לתת הוראות לחסל? חברי חברי הכנסת, אגיד לכם למה זה קורה. אני רוצה שתקשיבו היטב: אם לא יהיה טרור, אולי יצטרכו ליישם את מפת הדרכים, ואז אולי גם יהיה כאן שלום. אבל אם יהיה שלום, באמת נצטרך לעשות כמה מהלכים - לא דיבורי סרק על מהלכים ולא הורדת מאחזי ""בלוף"", שהיה צריך להורידם מזמן, כמו בכל מדינת חוק מתוקנת, אלא ממש ממש מהלכים של החזרת שטחים, למשל. אז, אדוני ראש הממשלה, תתייצב כאן מול כנסת ישראל ותודה בפניה, שכשאתה מדבר על מפת הדרכים אתה מציע פטה-מורגנה של מדינה פלסטינית, פטה-מורגנה של תקווה, של הבטחות שכל כך הרבה מהן שמענו בעבר. אבל - ובזה אני רוצה לסיים - אם לא מדובר בתעתוע ותתחיל לעשות ולא רק לדבר, תתחיל בצעדים ממשיים לסיום הכיבוש, וסיום הכיבוש פירושו הורדת מאחזים, פירוק התנחלויות, הוצאת צה""ל, הוצאת החיילים; לסיים אותו פירושו לדבר ולהידבר למרות המכשולים ולמרות היותם של הפלסטינים פרטנר בעייתי מאוד; לסיים אותו פירושו לדבר ולא לחסל, ליישם את מפת הדרכים. אדוני ראש הממשלה, כשנשתכנע, אולי נוכל גם אנחנו לתמוך בך. תודה רבה.

אדוני היושב-ראש, אני מבקשת רק לוודא שהבנו היטב: מסגרת ולא הסכם - זו ההודעה?

מה היה בנאום של ראש הממשלה?",1,
186543,2003-06-18,"הצעות לסדר-היום: התבטאויות גורמים שונים ביש""ע כלפי כוחות הביטחון, בנושא המאחזים ובנושא הטרנספר","זה נכון. אדוני היושב-ראש, חברי חברי הכנסת, יש לי תחושה שאנחנו חוזרים לימי ההסתה שלפני רצח ראש הממשלה המנוח יצחק רבין. כאילו לא למדנו דבר וכאילו לא שכחנו דבר. אנחנו באמת עומדים - אני מקווה - בפני תהליכים מדיניים קשים, שיחייבו - אני מקווה - מהלכים של פינוי התנחלויות ופינוי מאחזים. יש אנשים, רבנים, ועד רבני יש""ע ואחרים, כמו הרב דב ליאור ורבנים אחרים, שמרשים לעצמם לחזור על אותה הסתה, בדיוק על אותה הסתה, כמו שהיתה לפני רצח ראש הממשלה יצחק רבין. רק לפני כמה ימים קראתי בעיתון, שהרב דב ליאור קרא לטרנספר של ערבים למדינות ערב בגלל פיגועים. רבנים אחרים הוציאו פסקי הלכה, שאסור לוותר על שטחי ארץ-ישראל. ואני שואלת, מי עוקב אחרי זה? איפה היועץ המשפטי לממשלה? הרי מדובר באותם רבנים שהוציאו פסקי-דין רודף לפני רצח ראש הממשלה יצחק רבין. יגאל עמיר אמר בחקירתו בשב""כ, שלולא גיבוי של רבנים, לולא פסק-דין רודף - - -

אני מדייקת. יגאל עמיר אמר בחקירתו בשב""כ, שלולא פסקי-דין של רבנים, לולא התחושה שהיה לו גיבוי מרבנים, הוא לא היה רוצח את ראש הממשלה. מי שנתן הכשר הלכתי והוציא פסקי-דין רודף, בעצם נושא באחריות גם מוסרית וגם פלילית. אבל הרבנים האלה לא נתנו את הדין, הם ממשיכים להלך בינינו.

אדוני היושב-ראש, היום זה מאוד אקטואלי, כאשר מדברים על החנינה של יגאל עמיר: הרבנים האלה, היועץ המשפטי לממשלה לא אכף לגביהם את הדין. הרבנים האלה הם הפצצות המתקתקות המסוכנות יותר מכולן, כי יש להם חסידים, והחסידים שלהם קוראים בין השיטין בדיוק למה הם מתכוונים, וכאשר הם אומרים עכשיו שאסור לוותר על חלקי ארץ-ישראל, יש אנשים שמבינים את זה כפשוטו. אני רוצה להזהיר ולסיים: מי כמוך יודע, אדוני יושב-ראש הישיבה, שדעת רבנים היא כשמן למדורה. אני מזהירה: מי ששופך שמן למדורה, שלא יטען אחר כך את הטענה הנואלת, שהוא לא הצית את האש. אני חושבת, שהאזהרה שהשמיע כאן חבר הכנסת יצחק הרצוג לגבי ראש הממשלה הנוכחי, נכונה. כי מי שנתן פעם אחת הכשר לרצח ראש הממשלה, אין שום סיבה שלא ייתן פעם נוספת הכשר לרצח ראש ממשלה. אני חושבת, שמכאן, מכנסת ישראל, צריך להזהיר אותם רבנים שייזהרו בדבריהם, שהם כשמן למדורה. תודה רבה.",1,
186761,2003-06-25,הצעות לסדר-היום: הטיפול בסרבנים,"אני ממש נרגשת שאתה דואג לנו.

אדוני היושב-ראש, אני נרגשת שחבר הכנסת גלעד ארדן דואג לאינטרסים של מרצ. אדוני היושב ראש - - -

סירוב הוא פעולה דמוקרטית בחברה דמוקרטית. היא בעיקר דמוקרטית, כשהמשמעות שלה היא התנגדות לדיכוי, חבר הכנסת ארדן, התנגדות לסבל, לגרימת סבל, וחברה דמוקרטית מתוקנת צריכה לאפשר בתוכה לקולות שקשה להם מבחינה מצפונית וערכית לשתף פעולה עם מה שהם חושבים שהוא בלתי קביל בעיניהם, וכשזה בלתי קביל ובלתי חוקי, נותנים על זה את הדין והולכים לכלא. אבל, אחרי שאמרתי את כל זה, חבר הכנסת ארדן, אני רוצה לומר, שלצערי, אנחנו כנראה לא חברה דמוקרטית מתוקנת, כי אני רואה כאן אפליה בוטה בהתייחסות של רשויות אכיפת החוק לסרבנות מימין ולסרבנות משמאל. כשסרבן משמאל - - -

חבר הכנסת הנדל, אם אתה צועק, תצעק מפה ואני אשיב לך. אם אתה בחוץ, תישאר בחוץ.

חבר הכנסת הנדל, סגן שרת החינוך, תתכבד אתנו, זה יהיה מאוד חינוכי. אדוני היושב-ראש, הסרבנות היא החלטה מצפונית-ערכית, בעיקר היא מעשה של הפרט, של היחיד. כשאנחנו מדברים על סרבנות משמאל, אנחנו מדברים על סרבנות בשיטת החבר מביא חבר. לא דומה הסרבנות הזאת לסרבנות של הימין, שבה ועד רבנים ממריד - ועל זה אנחנו מדברים כשאנחנו מדברים על המרדה, חבר הכנסת ארדן - ממריד, מסית ומדיח קבוצה של אנשים לסרב לפנות מאחזים.

לשיטתי, כיוון שזו תפיסת עולמי, אם בימין יש תחושה זהה, אם יש חיילים מהימין או חיילים שאמונים על האידיאולוגיה המתנחלת ויש להם בעיה נפשית לבצע עכשיו את פינוי המאחזים, אני חושבת שמן הראוי שיאפשרו להם שלא לעשות את זה. לא כי אני חושבת שיש סימטריה בין סרבנות הימין לסרבנות השמאל, אלא כי אני חושבת, שאם חייל במצוקה מבחינה אידיאולוגית, צריך לאפשר לו שלא לבצע את הפינוי, אבל הוא צריך לשלם את המחיר. ומה אנחנו רואים? שהיועץ המשפטי לממשלה, באופן שיטתי, נוקט אפליה פסולה כשמדובר בחיילים מהשמאל. ואני מספרת לכם, חברי הכנסת, שאני ביקרתי לפני כשבועיים את שלי, שהוא רופא ילדים, שסירב לשרת בשטחים ונכלא בכלא-6. ביקרתי אותו, ובאותו יום שביקרתי אותו בכלא קראתי שחיילים סירבו לפנות התנחלויות והצבא הכיר בזה ושחרר אותם. עכשיו, אני בעד שהוא יכיר בזה, אז אני בעד שהוא ישחרר אותם, אבל שישחרר גם את החיילים מהשמאל ולא יכניס אותם לכלא. מי שמסרב פקודה, יש לזה מחיר. זו פעולה בלתי חוקית והוא צריך ללכת לכלא. אני רוצה להדגיש ולומר, ואני חושבת שזה הדבר המשמעותי, שאין סימטריה. אין סימטריה עם ההסתה שנובעת מאידיאולוגיה, שהיא אנטי-דמוקרטית ואנטי-מוסרית, כמו זו של רבני יש""ע. אנחנו כבר היינו בסיפור הזה. רק לפני שנים מספר היינו עדים להסתה ממושכת ומתמשכת, לפני רצח ראש הממשלה. אנחנו היינו עדים להסתה הזאת, של קבוצה מאורגנת. ולכן, שני הסירובים האלה, הייתי אומרת, אדוני היושב-ראש, שונים עקרונית, אף שיש בימין מי שמנסה ליצור סימטריה. כי אני חוזרת ומדגישה, וזה לטובתך, חבר הכנסת סגן השרה הנדל: כשאנשי השמאל מסרבים, הם יושבים בכלא, הם משלמים את מחיר הסירוב. הם יודעים שזה מה שהם צריכים לעשות.

הם עושים את זה מתוך הכרה - -

- -  חבר הכנסת הנדל, גם אם זה לא נעים לאוזניך, מתוך הכרה בזכותם של הפלסטינים, מתוך התנגדות לכיבוש ומתוך הבנה שהמאחזים משמשים מכשול - - -

- - -  המאחזים משמשים מכשול.

אדוני היושב-ראש, מי שמסרב לפנות התנחלויות, בעצם כאילו אומר או ממשיך לתבוע לשלול מהפלסטינים את הזכות שלהם לחיות בכבוד; את הזכות להגיע להסדר מפת הדרכים שלך, של שרון - אתה יושב בממשלה הזאת. יש הוראה של הממשלה הזאת לפנות התנחלויות, לפנות מאחזים. מדובר בהתנחלויות ובמאחזים בלתי חוקיים בעליל. מי שמסרב לפנות את זה, מסרב או נותן לגיטימציה למעשה בלתי חוקי בעליל. אני רוצה לומר שאותם מתנחלים, שיש להם נציגים כאן בכנסת, לא כל כך מצליחים להתאפק, כמו שאנחנו שומעים כאן, עכשיו, אבל אני יכולה להבין את זה. אני יכולה להבין את זה, חבר הכנסת הנדל, שהמפעל שלכם, שאני התנגדתי לו כל השנים, עומד בפני קריסה.

חלום חייכם קורס. תם עידן ארץ-ישראל השלמה, אפילו אתם מבינים את זה. אבל - - -

אבל, כשאתם מסרבים - כמה זמן נשאר לי, אדוני היושב-ראש?

זאת הבעיה. אדוני היושב-ראש, הסרבנים מהימין עושים את זה בשם ערכים לאומניים טהורים; בשם הזכות לאדנות על הקרקע, שהיא זכות אתנוצנטרית, שכולכם יודעים שהיא שמורה רק ליהודים. והסרבן מהשמאל מוכן לשבת בכלא, כי הוא לא מוכן לשתף פעולה עם מה שקורה שם בשמו ומטעמו.

חבר הכנסת ארדן, אולי אני יכולה למצות את ההבדל הכי עקרוני בין סרבני השמאל לסרבני הימין: סרבני השמאל מסרבים לעשות דברים. הם מסרבים להיות כובשים. הם מסרבים להשפיל פלסטינים במחסומים, למשל. המתנחלים עושים דברים בפועל. זה ההבדל.

אל תטיף לי מוסר. זה ההבדל. אני יכולה לומר לך - - -

בסדר. אני רוצה להזכיר לך משהו, ובזה אני רוצה לסיים את דברי ואת זה תיקח אתך. אנחנו נמצאים עכשיו באמת במאבק קשה. כן תיושם מפת הדרכים, לא תיושם מפת הדרכים. המשמעות של יישום מפת הדרכים היא סיום הכיבוש, פינוי התנחלויות והסדר כאן. זה נראה עכשיו מאוד בעייתי ומאוד מופרך, ומי שמעז לצאת כנגד הכיבוש  ומסרב לקחת בזה חלק, אז אתה ממש מציע להאשים אותו בהמרדה, בהסתה. בגידה גם הוספת? זה עוד יגיע.

מאה אחוז. אני רוצה להזכיר לך, שלפני לא הרבה שנים, קרוב לשני עשורים ואולי יותר, היתה הסרבנות בארצות-הברית נגד הליך דמוקרטי. היה הליך דמוקרטי של יציאה למלחמה בווייטנם. היה הליך של סרבנות נגד הרוב המוחץ - - -

אדוני סגן השר, דווקא אני רוצה להעביר לך מסר חינוכי, נראה לי שהפואנטה הזאת, אתה צריך להיות יותר סובלני כלפיה.

אבל תקשיב: חבר הכנסת ארדן, אני קוראת לכך שמי שלא מקיים את החוק ינקטו כלפיו בדרך דומה. אם הוא צריך ללכת לכלא, ילך לכלא. אם סרבני הימין לא הולכים לכלא, גם סרבני השמאל לא צריכים. אם אלה ואלה עוברים על החוק, הם צריכים ללכת לכלא. לכן אני מזכירה לך את הדוגמה של ארצות-הברית. היה הליך דמוקרטי של יציאה למלחמה. היה רוב מוחץ בדעת הקהל, והיה מי שסירב. וכמה שנים לאחר מכן, אותו אחד שסירב לשרת בווייטנם, נבחר לנשיא ארצות-הברית. אז אני מציעה לך לזכור, שהגלגל מתהפך והחיים כאן דינמיים, ועלינו להיות הרבה יותר פתוחים לקבלת עקרונות מוסריים, מצפוניים. חברה דמוקרטית צריכה לאפשר סובלנות, פתיחות, גמישות מחשבתית ורעיונית. אל תמהר כל כך, חבר הכנסת ארדן, לחוקק חוקים ולרדוף אנשים ולהכניס אותם לכלא, אלא, בתור מפלגה כל כך גדולה, אין לכם מה לפחד. אתם כל כך הרבה אנשים בכנסת הזאת. תגלו קצת יותר הבנה ויותר פתיחות כלפי מי שיש לו מצפון. מצפון - זה שם המשחק. תודה.

אתה אל תגדיר את המרכז והשוליים.

זה עובד בשיטת חבר מביא חבר.

זה חדש, אולי תחזור על כך.

שלום, חבר הכנסת סער, הגעת?",1,
187088,2003-07-02,"הצעות לסדר-היום: החלטת בג""ץ שלא לאפשר את חזרת עקורי אקרית ובירעם","אתה רוצה לשכתב את ההיסטוריה. בזה שהוא נמנע, הוא תמך.

אדוני היושב-ראש, חברי הכנסת, אדוני השר, ההחלטה של בג""ץ לדחות את התביעה של עקורי אקרית להורות להם לשוב לכפרם וקבלת תצהירו הפוליטי של ראש הממשלה שיהיה בכך תקדים, כמו שאמר חבר הכנסת סער, שלצערי אינו באולם, שישמש לתעמולה הפלסטינית בדבר זכות השיבה ואולי יהיו עוד אזרחים ערבים ישראלים שירצו לשוב – ההחלטה הזאת של בג""ץ, אני אומרת לך, אדוני השר, היא החלטה שנותנת הכשר לעריצות הרוב. ואולי הייתי מסתכנת ואומרת שזאת גם החלטה פוליטית. כי בית-המשפט העליון אומר תמיד שחובתו להגן על ערכים, על זכויות המיעוט, להגן מפני עריצות הרוב. וכאן, הייתי אומרת, ממש ללא עוררין, בהכנעה, עבר בג""ץ לדום. קיבלו את התצהיר של ראש הממשלה, והוא נותן הכשר למי שהוציא את שד זכות השיבה מהבקבוק. אז צריך לחכות לרגע שיוציאו את השד הזה מהבקבוק. הרי אתה יודע, אדוני השר, את עמדתי. אנחנו במרצ מתנגדים לזכות השיבה, ואנחנו לא מדברים כאן על שיבת פלסטינים מחוץ לגבולות המדינה. אנחנו מדברים על אזרחי מדינת ישראל, שכל חטאם היה בכך שהם נתנו אמון במפקדי צה""ל. אנחנו מדברים על אזרחי מדינת ישראל, שכל חטאם היה שהם נתנו אמון בהחלטת בג""ץ משנת 1951. ב-1951 פסק בג""ץ לטובתם והכיר בזכותם לחזור לאדמתם. מה היה? בג""ץ פסק שהם יוכלו לחזור לאדמתם, ותוך כדי זה הרסו את כפריהם. בניגוד למה שניסו כאן לשכתב את ההיסטוריה במשך השנים, גם מימין וגם משמאל הכירו בתביעות של עקורי אקרית ובירעם כצודקות. מנחם בגין הוזכר כאן, הנהלת גח""ל, מזכירות הקיבוץ הארצי, שהקיבוצים שלו יושבים על אדמות הכפרים, ואפילו ב-1995 קבעה ועדת-ליבאי כי אין מניעה לשיבת העקורים וכי החזרה שלהם לא תהווה תקדים - מוכרחים להגיד, מוכרחים גם קצת להתייחס לסמלים. אנחנו מדברים כל כך בקלות - אז מחר כולם ירצו לחזור. אנחנו מוכרחים להביא בחשבון, שאקרית ובירעם הפכו, הייתי אומרת, לסמל לעוול שנגרם לאזרחי ישראל הערבים במשך השנים. אז מה עושה המדינה? המדינה, שהתהדרו פה בהחלטות שלה, במקום להבחין בין החלטות שהן אופרטיביות לבין הכרה בחשיבותם של סמלים – כן, יש חשיבות להכרה בסמלים - בא הקבינט הביטחוני בראשותו של שרון - השר מתן וילנאי היה השר היחיד בזמנו שהתנגד להחלטה הזאת של הקבינט, אם הבנתי נכון - וקיבל החלטה, כשחבר הכנסת גדעון סער היה מזכיר הממשלה, שגדעון סער כל כך גאה עליה, החלטה פוליטית, שאם בג""ץ יקבל את התקדים של אקרית ובירעם, יהיה כאן סכר שייפתח ויביא לשיטפון של חזרתם של פליטים וחזרתם של אנשים לכפריהם. אדוני היושב-ראש, אין כאן תקדים, יש כאן תביעה להכרה בזכויות, וגם תושבי אקרית ובירעם מכירים בעובדות החדשות שנוצרו בשטח, ואפשר היה למצוא פתרונות מגוונים, שגם היו עושים אתם צדק ולא היו גורמים עוול לאחרים. איך בג""ץ יכול לדרוש שיכבדו את פסיקותיו כשהוא עצמו מבזה אותן? 50 שנה מבזים את פסיקת בג""ץ, ולא רק שבג""ץ אינו מעניש את מי שמבזה את הפסיקה שלו, הייתי אומרת שהוא גם נותן פרס למבזה. זה לא אנושי, זה לא הגיוני. יש לי הצעת חוק שקובעת לאפשר לעקורי אקרית ובירעם לחזור לכפריהם, ואם בג""ץ לא עשה את זה, אולי תיאות הממשלה לחזור בה מהחלטתה ולאפשר להם לחזור לכפריהם. תודה רבה.

היית צריך להחזיר לפני 30 שנה - היית מחזיר אותם, לא את הילדים שלהם.",1,
187919,2003-07-21,פינוי המאחזים וההתנחלויות,"אדוני היושב-ראש, אדוני ראש הממשלה, חברי חברי הכנסת, כל הדיבורים האלה על פינוי מאחזים, זה דיבור על פינוי ""ישראבלוף"". שיטה חדשה, מפנים מאחזים, והמאחזים לא מתפנים. אתמול, חברי חברי הכנסת, סיירה סיעת מרצ בכמה מאחזים בלתי חוקיים. כשאנחנו מסתכלים על הכסף שנשפך שם על הגנתם של המאחזים, על אחזקתם, על מימונם, אני חושבת שאפשר להבין עכשיו למה ויקי קנפו וחברותיה הקימו את המאחזים החוקיים, הלגיטימיים מול משרד ראש הממשלה. איזה סדר עדיפויות מעוות, לאן נשפך הכסף במקום לשלוח אותו לאמהות החד-הוריות. אדוני ראש הממשלה, ממשלת ישראל בראשותך מממנת את המאחזים, ואתה יושב כאן ליד שולחן הממשלה, לבד, וממשיך לשטות בכולם. אתה ממשיך לסמא את עיני הציבור. אתה התחייבת שיפונו מאחזים בלתי חוקיים, וכל מה שעשית עד היום היתה הצגה לתקשורת. זה מצטלם היטב כשמפנים מאחז, אבל האם אמרת לציבור שמדובר במאחזי דמה? הכול בלוף. אתם המצאתם פה את שיטת פינוי ה""ישראבלוף"". אתם מפנים מאחזים והם חוזרים, והכול בהסכמה שבשתיקה. השתיקה הזאת מהווה מתן לגיטימציה. ועכשיו אני שומעת, שלקראת נסיעתך לארצות-הברית, אלוף פיקוד המרכז מודיע שהם מתכוונים לפנות מאחזים. עוד פעם יעשו הצגה. למה עכשיו? כדי לרצות את הנשיא האמריקני. מדובר כאן, חברי חברי הכנסת, למי שקונה את זה, ביחסי ציבור, בהצגה אחת גדולה. ומה שהכי מקומם, אדוני ראש הממשלה - אתמול, בסיור שלנו, ראינו שאחרי ועידת עקבה, באותה ועידה שדיברתם בה על פינוי מאחזים ושהולכים למפת הדרכים, הוקמה גבעה חדשה, גבעה 804. מישהו היה פעם בגבעה 804?

חמישה קרוונים ליד שבות-רחל, עזים, כמה משפחות עם תינוקות וצבא שלם שמגן עליהם. אני חושבת שצריך להגן עליהם, אני לא רוצה שהם ישבו שם, אני לא רוצה שהם ייפגעו. אחרי ועידת עקבה, ממשלה בראשותך נותנת יד להקמת גבעה חדשה, מאחז בלתי חוקי חדש? וזה אחרי שהכרזת שיפונו המאחזים הבלתי-חוקיים. הם עולים על הקרקע ואין פוצה פה ואין מצפצף, והם מקבלים שירותים של מים וחשמל, והכול מהמועצות האזוריות, והכול על חשבוננו. ואנחנו מממנים אותם, ויש כאן בריונות לאור היום, מעשה בלתי חוקי לאור היום, והכול בהסכמתך, והכול בהסכמת הממשלה שלך. עולה חברת הכנסת מלי פולישוק, שהמפלגה שלה חברה נכבדת בממשלה שלך, והיא מדברת על פינוי מאחזים. הם יושבים בממשלה שלך, ואתה מדבר על פינוי מאחזים ואתה לא מפנה אותם, כי זה תואם את השקפת עולמך. ואתה יכול לומר מהיום ועד מחר את מה שתאמר. הקמת המאחזים נועדה ליצור רצף טריטוריאלי בין ההתנחלויות, כדי להכניס מקלות בגלגלי מפת הדרכים. אתם זוכרים את מפת הדרכים? במאחזים האלה יש איזו חשיבות ביטחונית? למה הם צריכים להישאר שם? יש כאן כוונת מכוון, יש כאן אסטרטגיה ברורה, שבאה למנוע מהרשות הפלסטינית או מהישות הפלסטינית שתקום ליהנות מרציפות טריטוריאלית. יש מי שרוצה שהמדינה הפלסטינית שתקום תהיה עשויה טלאים טלאים. הרי זה היה כל רעיון ההתנחלויות. כל מעשה ההתנחלויות נועד להגשים ברבות השנים את רעיון ארץ-ישראל השלמה, לסכל כל פשרה טריטוריאלית. כל המאחזים האלה באים לעשות את הרעיון הזה, לממש את הרעיון הזה. כל ההצהרות הנשגבות שלך, איפה הן ואיפה המציאות בשטח? אני שואלת, אדוני ראש הממשלה - - -

עוד שנייה אחת. כל השנים ממשלות ישראל, צה""ל ומערכת הביטחון התעלמו מהפרות חוק של המתנחלים בשטחים. עכשיו הממשלה שלך נותנת פרס להתנהגות של כל דאלים גבר. זה פרס לאלה שעולים על הגבעות. אנחנו מממנים את הפינוי שלהם. הכסף הזה צריך ללכת לאמהות החד-הוריות, זה הכסף שצריך להיחסך. תודה רבה.

- - - אתה עושה צחוק מהכנסת.

אני אמרתי דברים קשים? הממשלה עושה דברים קשים.

- - - המאחזים הבלתי-מורשים.",1,
189258,2003-10-20,"הצעות סיעות ש""ס ומרצ להביע אי-אמון בממשלה בשל:: א. ההחלטה להעביר את בתי-הדין הרבניים למשרד המשפטים;: ב. המצב המדיני, הכלכלי והחברתי","אדוני היושב-ראש, חברי חברי הכנסת, שמעתי היום את נאומו של ראש הממשלה, ואני מודה שאני תוהה, איזו מידה של עזות מצח נדרשת לעמוד כאן על הדוכן ולדבר - אני מצטטת - על התקווה הגלומה בתוכנית המדינית של הממשלה. איזו תוכנית מדינית יש בדיוק לממשלה? אני מניחה שהוא דיבר על מפת הדרכים. והוא מציע לנו, הוא המשיך לעמוד כאן ולהציע לנו סבלנות, נחישות, אורך רוח. הכול דברים של ראש הממשלה, ואני תוהה, אדוני יושב-ראש הכנסת, עד מתי, כמו שנהג ראש הממשלה לומר, עד מתי? במשך שלוש שנים יש כאן ראש ממשלה וממשלה שמבקשים מאתנו אורך רוח, ויש כאן פיגועים וטרור ושפיכות דמים. ויש לנו ראש ממשלה שהבטיח שלום וביטחון,  וראש ממשלה שהבטיח למגר את הטרור, וראש ממשלה שהשתעבד ושעבד את כולנו למדיניות של אין עם מי לדבר. יש כאן ראש ממשלה שעמד כאן על הדוכן, תעתע בכנסת ומתעתע במדינה שלמה כבר שלוש שנים. ראש ממשלה שסרטט ומסרטט מצג שווא, שיש לו פתרון ויש לו תוכנית אופרטיבית למיגור הטרור. ואני מזכירה לכם, חברי חברי הכנסת, כמו במלחמת לבנון, הוא ממשיך להוליך שולל מדינה שלמה. ויש כאן מי ששכח כנראה, שכח שיש כאן ראש ממשלה שהבטיח להגיע להסדר, ובמקום להסביר היום לכנסת ולעם, כשהוא עמד כאן מעל הדוכן, למה הוא לא יישם את מפת הדרכים, ולמה הוא מסתפק רק בהצהרות במקום במעשים, הוא ממשיך במסורת ההסתה, כמו שאמרת קודם, אדוני סגן היושב-ראש, מסורת ההסתה של כיכר-ציון. חברי חברי הכנסת, הסתה היא ביטוי לפניקה. אתם יודעים, הזיכרון הקולקטיבי הוא ישות חמקנית, יש מי ששכח את ההסתות של ראש הממשלה. עכשיו, בימים האחרונים, אנחנו חוזרים ושומעים את ראש הממשלה מדבר על הבוגדנות של השמאל. מה הוא קפץ פתאום? בשבוע שעבר פורסמו הבנות ז'נבה -  מה הוא קפץ? למה הוא מסית? פתאום באה כאן תוכנית להסדר קבע ופתאום רואים בציבור הישראלי שיש עם מי לדבר. וזה אחרי שראש הממשלה טען כל הזמן שאין עם מי לדבר. אז במקום שהממשלה הזאת תיקח את ההסכם ותבחן אותו, האם הצד הפלסטיני  מוכן להתקדם להסדר קבע? וחשוב הדיבור על הסדר הקבע, כי לא מדובר כאן על עוד התחייבויות בשלבים שאינן ממומשות. מדובר על הסכם שמוכיח שיש פרטנר בצד השני, ובניגוד למה שאמר כאן ראש הממשלה על הדוכן שאין עם מי לדבר, יש עם מי לדבר. כי ראש הממשלה לא אפשר לאבו-מאזן לדבר ולפעול, וראש הממשלה כנראה גם לא יאפשר עכשיו לאבו-עלא לפעול, כי ראש הממשלה והממשלה כולה בראשותו לא מוכנים לקבל את העובדה שיש מי שמציע אלטרנטיבה להפסקת מעגל הדמים. זה שראש הממשלה והימין כולו, חברי הכנסת ושרי הימין, התקיפו כל כך את ההסכם, בעצם מעיד אולי על כך שיש  בכנסת הזאת ובממשלה הזאת מי שפוחד מסיכוי לשלום. מדובר, חברי חברי הכנסת, על סיכוי לשלום. יכול להיות שבגלל זה מתלהמים ומסיתים ומפחידים.  פתאום הבנתם, שהציבור הישראלי מבין, ששלוש שנים ניהלו כאן מדיניות של הולכת שולל, של רק כוח צבאי, ותנו לצה""ל לנצח, ואין עם מי לדבר. פתאום הציבור הישראלי מבין שזה לא עובד יותר. אמרתם, אדוני השר, לאזרחים, שאם נהיה חזקים נמגר את הטרור; הנה נהיה חזקים, נמגר את הטרור - במקום זה חיסלו ואז בא עוד פיגוע, ואז היה עוד חיסול, ורק היום היו שלושה חיסולים בעזה. כך נמשך מעגל הדמים, ובאה במקום זה אופוזיציה קונסטרוקטיבית, חברי חברי הכנסת, עם הצעה חלופית למדיניות שננקטת כאן, מדיניות של דשדוש במי אפסיים. באה תוכנית, מסמך ז'נבה הוא מודל של תוכנית לפעולה, לא מדובר כאן על מסמך רשמי בין ממשלות, יש כאן הצעה להסדר קבע, יש כאן הצעה שמוסכמת על שני הצדדים. הייחוד של ההצעה הזאת, מזה אתם מתעלמים, כל הדוברים הרשמיים של ממשלת ישראל וחברי הכנסת מהקואליציה, יש כאן הצעה שייחודה בכך שהיא מסמנת את סוף הסכסוך, שהיא אינה מותירה שום סימני שאלה, כל הפרטים סוכמו ואין לשום צד תביעות נוספות. יכלה לבוא ממשלת ישראל, יכול לבוא ראש הממשלה, לקחת את היוזמה הזאת, את הסכם ז'נבה, לבחון אותו ולאמץ אותו כמו שהוא.

אני מכירה בסמכותה ובמרותה של ממשלה נבחרת, שהיא הממשלה שלי, ואני קוראת לראש הממשלה של הכנסת הזאת, של העם הזה, לאמץ את היוזמה הזאת כי היא יוזמה דרמטית. באיזה אופן היא דרמטית, חבר הכנסת ארדן? יש כאן הכרה פלסטינית, הייתי אומרת ראשונה מסוגה, בזכותו של העם היהודי למדינה. זאת הכרה. אז במקום שתאמצו את זה, כמו שהציבור הישראלי - אתם רואים את המספרים, למרות כל ההתלהמות שלכם, אתם רואים את המספרים הגבוהים של הציבור בישראל שתומך בהסכם, כי הציבור מאס בכיבוש, כי הציבור מאס במדיניות הדמים של שרון, כי הציבור הבין שיש עם מי לדבר.

הציבור הבין, חבר הכנסת בר-און, כשאין הסדר מדיני יש אבטלה. הציבור ראה וקרא את התוצאות הכלכליות בשבוע האחרון, הוא ראה את ירידת המדד ב-0.5%, הוא ראה שזה מצביע על מיתון עמוק במשק, הוא ראה שזאת סטירת לחי לכל מה שאתם קוראים: קדושת הצמיחה. בשם קדושת הצמיחה הזאת פגעתם בקצבאות לאמהות החד-הוריות ובקצבאות הביטוח הלאומי. בשם קדושת הצמיחה פגעתם בילדים.

מי שמביא לכאן חזיונות שווא ומצג שווא ותעתועי שווא הוא ראש הממשלה. ראש הממשלה שהבטיח שלום ובינתיים הביא לנו את הקריסה החברתית הקשה ביותר שהיתה במדינת ישראל, שפוגעת בעובדים, שפוגעת בקבוצות החלשות והופכת אותן לחלשות יותר. אני חושבת שהציבור מתחיל להבין, שאי-אפשר, שכל מי שמנסה להציע איזה פתרון - מנסים להציע פתרון, מה הציעו כאן, תוכנית חלופית? מייד מואשמים בבגידה. בכלל, איזו מדינה זאת, שרודפי השלום מוקעים, וסרבני השלום מתלהמים. הייתי אומרת, חבר הכנסת בר-און, אחרי ששמעתי היום את הנאום של ראש הממשלה, שההתקפות של ראש הממשלה ושל חברי הממשלה ושל חברי הכנסת גלעד ארדן ואחרים, מעידות בעיקר על איבוד עשתונות. אם אין במסמך הזה כלום, כמו שטענתם, מה כל ההתלהמות הזאת?

הגיע הזמן שיבינו פה, בכנסת הזאת, שהידברות היא לגיטימית, שהידברות היא מחויבת המציאות, בעיקר נוכח העובדה שיש כאן ממשלה שהיא סרבנית שלום, שהיא פוגעת בציבור, שהיא פוגעת בעובדים, שהיא פוגעת באוכלוסייה, ובעיקר הגיע הזמן שיבינו שהמסמך הזה בא בעצם לומר, שאותן הבנות ז'נבה באות לחלק את ארץ-ישראל בין מדינה פלסטינית למדינת ישראל. ממה אתם נבהלים? החלוקה היא באופן שכל אחת תוכל לחיות את חייה, חיים עצמאיים. הבנות ז'נבה, או מסמך ז'נבה, הוכיחו שפשרה בין ישראל לפלסטינים היא אפשרית, וצריך לקבל את זה שאנחנו חייבים להחליט בין פשרה כואבת לבין המשך החיים על החרב. אני רוצה לסיים, אדוני היושב-ראש, ולומר, שמי שמסית כמו שהסיתו כאן בימים האחרונים כל דוברי הממשלה וכל דוברי הימין, מי שמסית כנגד הסכם ז'נבה, שיזכור שהדברים - - -

אני מסיימת, אדוני היושב-ראש. אנחנו עומדים ימים מספר לפני יום השנה השמיני להירצחו של ראש הממשלה המנוח יצחק רבין. מי שמסית – הדברים האלה שלו הם כשמן למדורה. מי ששופך שמן, לא יוכל אחר כך לרחוץ בניקיון כפיו בטענה נואלת שהוא לא הבעיר את המדורה. שימו לב. תודה, אדוני.

אתה מעלה את המלה ""בגידה"" בהקשר זה?",1,
190222,2003-11-12,הצעות לסדר-היום סקר האיחוד האירופי המעלה כי לדעת רוב הנשאלים ישראל היא המדינה המסוכנת ביותר לשלום העולם,"אני פותחת את הדיון. אני יוזמת הדיון, איך זה?

אני לא מסכימה לזה. אני רשומה בסדר-היום, אני לא מוכנה לזה.

לא מעניין אותי. אני עושה מה שאני מבינה.

אתם חברים בממשלה הזאת. אל מי יש לך טענה?

אתם משפיעים על מדיניות הממשלה.

מה שקרה, אדוני היושב-ראש, אני אסביר אחר כך ליושב-ראש הישיבה, אני לא אכלה את זמני על זה.

אדוני היושב-ראש, ""הגויים"", כמו שאומר חבר הכנסת כץ, 59% מאזרחי האיחוד האירופי דירגו את מדינת ישראל כמדינה המסוכנת לשלום העולם. 59%.

אני נפעמת. אני נפעמת, חבר הכנסת אלדד, איך הגענו למצב כזה ש-74% מאזרחי הולנד, 69% מאזרחי אוסטריה, גרמניה, דנמרק - מה קורה כאן? איך הגענו למצב הזה, אני שואלת.

יצא המרצע מן השק. חיכינו לזה, חיכינו. את מי תמצאו להאשים? אולי, חבר הכנסת אלדד, אני אתן לך גם כמה אפשרויות אחרות. אני רוצה להציע לך כמה אופציות אחרות. אולי חברי האיחוד האירופי, אנשים שיושבים בביתם, באוסטריה, באיטליה, ביוון, ורואים טלוויזיה, מה הם רואים בעידן המשודר? הם רואים את הטנקים של צה""ל מגינים על ההתנחלויות, והם רואים את המתנחלים עוקרים עצי זית, ואין דין ואין דיין - -

- - והם רואים מאחזים בלתי חוקיים, שצצים כל יום מחדש - -

- - הם רואים סגרים וכתרים, והם רואים חיסולים וגירושים.

שמעתי אותך, הבנתי. הבנתי בפעם הראשונה.

לא יכול להיות. לא יכול להיות, חבר הכנסת כץ. הבנתי אותך.

חבר הכנסת כץ, ואולי בכלל הם רואים שהממשלה שלנו, שמאשימה את האירופים באנטישמיות, הממשלה שלנו מזמינה לארץ אנשים ניאו-פאשיסטים, כמו ג'נפרנקו פיני מאיטליה, או לא אומרת כלום על ההתבטאויות של ברלוסקוני. מה אומרים לעצמם אנשים סבירים, שיושבים בבית? הם אומרים שיש כאן פיגועים איומים. מה עושה הממשלה הזאת כנגד הפיגועים? במקום שהיא תצא להידברות, במקום שהיא תסיג את צה""ל ממרכזי הערים, במקום שהיא תפתח את הכתרים והסגרים - מה הממשלה הזאת עושה? עוד כוח ועוד כוח ועוד כוח. וזה אותו ראש ממשלה שהבטיח שלום, הוא הבטיח ביטחון.

חברת הכנסת פולישוק, בשלוש השנים האחרונות הידרדר הדימוי של מדינת ישראל לשפל חסר תקדים. אתם, שיושבים בממשלה, ונותנים יד למדיניות הממשלה, אתם צריכים לבדוק איפה אתם שותפים. עומד חבר הכנסת חן על הדוכן ומסביר איך צריך לחלק את הארץ ואיך צריך להושיט יד לשלום. אתם יושבים בממשלה שמביאה אנשים, כמו תיאודורקיס, להתבטא כמו שהתבטא. זה לא צריך להדליק נורה אדומה אצלכם ואצלנו, איך הגענו למצב ש-59% מאזרחי אירופה או חברי האיחוד האירופי דואגים ואומרים כך?

חבר הכנסת אלדד, זו אמירה איומה, אבל אנחנו צריכים לשאול את עצמנו, איך הגענו למצב הזה - -

- - איך ממשלת ישראל, בראשותו של שרון ובשותפותה של שינוי, דרדרה אותנו לשפל חסר תקדים מבחינת הדימוי של ממשלת ישראל. מעולם לא היינו במצב כזה. מדינת ישראל, על כל הישגיה ועל כל יכולתה זכתה לאהדה באירופה, בארצות-הברית, בכל מדינות העולם. איך זה קרה? אני רוצה לומר למליאת הכנסת: יש לי הרבה הערכה לשר המתאם, לשר גדעון עזרא, אבל העובדה שעולה דיון חשוב כזה במליאת הכנסת, העובדה שאנחנו נחשבים למוקצים באירופה, וזה לא מביא למליאה את שר החוץ, מראה איזה דגש שמה ממשלת ישראל בקשרים שלה עם האיחוד האירופי, איזה דגש שמה ממשלת ישראל בכך שמה שהיא עושה מוביל אותנו לשפל חסר תקדים. זה צריך להדליק נורה אדומה אצל כל חברי הכנסת, חברי חברי הכנסת.

מה זאת אומרת? מה זאת הדיפרנציאציה הזאת?

זו בעיה של הסברה או של מדיניות?

ומה עם ראש הממשלה שעלה להר-הבית?

אדוני השר, אתה בממשלה אתנו. אתה מציע דיון במליאה - - -",1,
190920,2003-11-26,הצעות לסדר-היום: הפרסומים על התוכנית המדינית של ראש הממשלה,"אדוני היושב-ראש, חברי חברי הכנסת, רבותי השרים, כמו שאומר חבר הכנסת יהלום: בוקר אחד אני מתעורר ושומע שלראש הממשלה יש תוכנית מדינית – ואני מתפלאת ששאול יהלום מתעורר; אתם לא חברים בממשלה?

שאול יהלום התעורר. מדינית ישראל התעוררה – אתה התעוררת? מדינת ישראל התעוררה ופתאום היא שמעה שלראש הממשלה יש תוכנית. בכל פעם מחדש אני מתפלאת איך הזיכרון הקולקטיבי הוא ישות חמקנית. בכל פעם אנחנו שוכחים. אחת לכמה זמן קם ראש הממשלה – אם כתוצאה מהידרדרות במצבו בסקרים, אם כתוצאה מלחץ אמריקני, אם כתוצאה מזה שהאו""ם אימץ את תוכנית מפת הדרכים; יש עליו לחץ מכל הכיוונים, אפילו בוש ידידו הגדול כבר לוחץ עליו – מתעורר ראש הממשלה, רואה שיש כאן יוזמות: יוזמת ז'נבה, יוזמת עמי איילון, יש כאן יוזמות, השמאל מתעורר. וראש הממשלה מפריח לחלל האוויר תוכנית מדינית שתכלול – אתם שומעים טוב – ויתורים כואבים. כבר שמענו את המושג הזה ויתורים כואבים. מה אלה בדיוק הוויתורים הכואבים? נסיגה חד-צדדית? מאיפה נסיגה חד-צדדית. פינוי מאחזים? כבר פינינו מאחזים. הכול ""ישראבלוף"". כל פעם אנחנו מפנים מאחזי דמה, והם חוזרים ועולים מחדש. השבוע סיירתי בשטחים וראיתי את המאחזים שפורקו והוקמו, ומתעתעים כאן במדינה שלמה, וראש הממשלה שרון במשך שלוש שנים מצליח להוליך מדינה שלמה שולל בדיוק כמו שהוא הצליח להוליך אותנו שולל במלחמת לבנון. אבל מה שמדהים אותי זה שהוא מוליך אתכם באף. הוא מוליך אתכם, אתם חברים בממשלה, שאול יהלום. ראש הממשלה תמיד נבחן בהצהרות שלו. אף אחד לא בא ותובע ממנו דין-וחשבון על המעשים שלו. מה הוא עשה עד היום? איפה כל אותם ויתורים? איפה כל המחויבות למפת הדרכים? מה הוא עשה עד היום חוץ מאשר להכניס אותנו לבוץ, חוץ מאשר לא לגרום לכך שיהיה כאן הסדר, שיהיה כאן שקט. אז הוא מבטיח הבטחות. קודם שיעשה פעולה פשוטה, שיסיג את צה""ל ממרכזי הערים, שיסיר את המחסומים, שיסיר את הסגרים, שנראה שיש כאן צעדים ממשיים, כמו שהוא קרא לזה - צעדים ממשיים. אבל יש צעדים ממשיים, והם מוצעים על-ידינו. הם מוצעים על-ידי המחנה השפוי במדינת ישראל, שבא והראה שבניגוד למנטרה הזאת שאין עם מי לדבר ואי-אפשר לסמוך על אף אחד, פתאום יש כאן הצעה, ואני מציעה לראש הממשלה לאמץ את הסכם ז'נבה. יש כאן הצעה שאומרת שיש עם מי לדבר ויש פרטנר, ואפשר לנסות להגיע להסדר כולל, ואין תביעות נוספות, ותהיה הכרה מצד הפלסטינים בזכותו של העם היהודי למדינה, ותהיה הכרה מצדנו, שבסופו של דבר רק מדינה ליד מדינה היא אפשרית. וכל עוד זה לא יהיה, אז כל פעם שתתעורר בבוקר, ואני מאחלת לך כל בוקר להתעורר, תתבע מראש הממשלה שכשהוא אומר, צעדים כואבים או ויתורים כואבים וצעדים, שיסביר למה הוא מתכוון.

אני לא מבינה, אנחנו רוצים שחיילים ייהרגו?

גם חבר הכנסת חזן אופוזיציה. היום כולם אופוזיציה לראש הממשלה.

שאול יהלום אופוזיציה לראש הממשלה, אריה אלדד אופוזיציה לראש ממשלה. מה קורה פה?

מה אתה אומר על ההצעה של חבר הכנסת יחיאל חזן, החבר של אחמד ומוחמד, שאמר לחסל, לחסל, לחסל.

אדוני היושב-ראש, לא הבנתי מה הוא אמר.

לא, - - - 40 חתימות - - -",1,"The speaker strongly opposes settlement policies, emphasizing the negative impact on peace efforts and questioning the legitimacy of current government actions regarding settlements."
191651,2003-12-10,"הצעה לסדר-היום: החלטת עצרת האו""ם להעביר את סוגיית גדר ההפרדה לבית-הדין הבין-לאומי בהאג","אדוני היושב-ראש, חברי חברי הכנסת, אדוני השר, עצרת האו""ם החליטה להעביר את נושא הגדר או לבקש חוות דעת בנושא הגדר, לגבי חוקיות הגדר, מבית-הדין הבין-לאומי לצדק בהאג. הגדר הזאת, שלכאורה הוקמה לצורכי ביטחון, הפכה לגדר אפרטהייד, גדר שתנציח את הכיבוש. תוואי הגדר הנוכחי, חבר הכנסת סלומינסקי, לא רק שאין בו מענה ביטחוני, לא רק שהעלות הכלכלית שלו מטורפת, תוואי הגדר הזה מוכר אשליה ביטחונית, הגדר הזאת הופכת להיות גדר מספחת. החטא הקדמון הוא במעשי הכיבוש ובניית ההתנחלויות.

הגדר הזאת, לטעמי, לא תיתן מענה למפגע הבודד. הניסיון להיאחז בגדר הזאת הוא כמו של טובע שנאחז בקש. אבל הוחלט על גדר. אם היו מקימים אותה בתוואי של גבולות 1967 ומפנים את ההתנחלויות ולא מספחים אלפי פלסטינים - 200,000 פלסטינים בשטח B, שעכשיו יהפכו להיות אזרחי מדינת ישראל ויחיו במובלעות - אם היו עושים את זה, הייתי אומרת שלגדר הזאת יש הצדקה.

אני מדברת על שני דברים: הדבר הראשון, אני מפקפקת ביעילות של הגדר הזאת מבחינה ביטחונית, אבל אני מקבלת את זה. לצורך העובדה, חברי במרצ חושבים שצריך גדר ביטחונית שתיתן מענה - חציצה ביטחונית. בהנחה שמחליטים שצריך גדר ביטחונית, היא צריכה להיות במקומות שייחשבו מקומות ביטחוניים בגבולות 1967. אם ייקחו אותה לגבולות 1967 - - -

בעיני, כן. בעיני, כן. בעיני זה גבול - - -

חבר הכנסת סלומינסקי, גבולות 1967 - - -

חבר הכנסת סלומינסקי, גבולות 1967, פלוס מינוס, הם גבולות ביטחון וגבולות שלום. אבל מה עושה הגדר הזאת, שבשמה כולם מתייצבים פה, גם ממפלגת העבודה וגם מהימין – בכלל, בעיני מפלגת העבודה אשמה בעניין הזה, ובכלל כולם ביחד, כל מי שתומך בה. הגדר הזאת גרמה לאלפי פלסטינים להיות כלואים בגטאות, הגדר הזאת גרמה להפרדה בין פלסטינים לבני משפחותיהם, הגדר הזאת גרמה להפקעת אדמות, להקמת מחסומים.

חבר הכנסת סלומינסקי - - -

ואני מפתח-תקווה, אני יודעת.

חבר הכנסת סלומינסקי, אני רוצה שתבין אחת ולתמיד: לא אני ולא החברים שלי לא עובדים אצלך ולא עובדים אצלכם, ולא צריכים לעמוד כאן כל יום ולקבל תעודת יושר והכשר על זה שאנחנו מגנים את הטרור. אחת ולתמיד: אנחנו מגנים את הטרור, אנחנו חושבים שצריך לעשות הכול נגד הטרור, אבל אנחנו חושבים שלא צריך לעשות גדר.

אבל אני לא יכולה להגיד משפט אחד רצוף.

אני רוצה להגיד למה תגרום הגדר הזאת. היא תגרום לכך ש-75,000 פלסטינים ימצאו את עצמם כלואים במובלעות, היא תגרום לכך ש-100,000 תושבי השכונות שמצפון לירושלים ינותקו מעירם, ואחר כך אנחנו מתפלאים שיש כאן הרס ויש כאן שנאה, ואחר כך אנחנו מתפלאים שהאו""ם מקבל החלטה ומציע לבית-הדין הבין-לאומי לצדק בהאג לקבוע אם אנחנו מפירים את הדברים שנחשבים ללא-לגיטימיים מבחינה בין-לאומית. הממשלה הזאת גוררת אותנו להאג, הממשלה הזאת צריכה לבוא בטענות רק לעצמה. תודה רבה, אדוני.",1,"The speech strongly opposes settlement in the West Bank, highlighting its negative impact on Palestinians and the peace process."
192702,2003-12-31,הצעות לסדר-היום: הצעתו של נשיא סוריה אסד להתחיל את תהליך השלום,"אדוני היושב-ראש, אדוני השר, חברי חברי הכנסת, כל כך צודק חבר הכנסת יצחק כהן. הזמן פועל לרעתנו. הוא פעל לרעתנו. עכשיו, שבוע בערך אחרי שנשיא סוריה בשאר אסד הפתיע - הפתיע את ישראל - בקריאתו לחידוש המשא-ומתן לשלום בין שתי המדינות, ואני אומרת ""הפתיע"" כי ההסכם בזמנו או השיחות בזמנן נכנסו לקיפאון מאז מותו של הנשיא חאפז אסד באביב 2000. הוא הפתיע אותנו. חבר הכנסת יצחק כהן, איך פועלת הממשלה בתגובה על הצעתו של נשיא סוריה בשאר אסד? איך היא פועלת? האם היא מקבלת אותו בזרועות פתוחות? מה זה משנה בכלל, אם הוא הצהיר את ההצהרה שלו כי הוא בלחץ ומשום שהוא חושש שסוריה היא הבאה בתור אחרי עירק? מה זה משנה מהי הסיבה שלו בדיוק? איך פועלת ממשלת ישראל, ומה התגובה המעשית ההולמת של ממשלת ישראל על יוזמת הנשיא אסד? ממשלת ישראל מאשרת אתמול - אתה צודק, 300 מיליון שקל זה יותר מרבע מיליארד שקל; איך פועלת ממשלת ישראל? איך היא קובעת עובדות בשטח? איך היא כובשת כל פעם מחדש? ממשלת ישראל מודיעה על תוכנית חסרת תקדים בהיקפה. ממשלת ישראל, עכשיו, ערב סיכוי למשא-ומתן כלשהו, מודיעה על עיבוי ההתיישבות בגולן. אנחנו מכירים את השיטות האלה. קובעים עובדות בשטח, עוד לפני שמתחילים במשא-ומתן עם הסורים. אדוני היושב-ראש, אני הייתי רואה בזה סיכול ממוקד של היוזמה הסורית,  סיכול ממוקד של כל ניסיון הידברות עם הסורים. למה זה? למה כל היהירות הזאת וההתרברבות הזאת? שמעתי היום את שר החקלאות ישראל כץ גאה בפרובוקציה כזאת, והוא אומר: ""אסד יראה מחלונות ביתו את רמת-הגולן הישראלית מלבלבת ופורחת"". אסד יראה איזה חזון יש לשר ישראל כץ. אדוני היושב-ראש, זה במקום לבדוק ברצינות, עם האמריקנים, את האפשרות לחידוש השיחות עם סוריה, בדיקה רצינית ובדיקה שתשים את הערוץ הסורי במקביל לערוץ ההידברות הפלסטיני. אני מכירה את כל אלה. למשל, שר החוץ סילבן שלום מה זה התלהב מהיוזמה של הנשיא אסד, ואמר: צריך לבדוק אותה. אבל שרון, למשל, לא מאמין לאסד. בכלל אין תיאום בין העמדות בתוך הממשלה. יש מי שרוצה להשתמש בערוץ הסורי כתחליף לערוץ הפלסטיני, למסמס את הערוץ הפלסטיני - אין פרטנר ואין עם מי לדבר ואולי נדבר עם הסורים. אני חושבת שאפשר לעשות את שני הדברים האלה במקביל. אבל, ממשלת ישראל, כיוון שהיא יודעת בדיוק מה המחיר שיידרש ממנה כדי להגיע להסדר עם הסורים, והמחיר ידוע, והזכיר זאת קודם חבר הכנסת כהן, והמחיר הזה ידוע לביבי, והמחיר הזה היה ידוע לברק, וכולנו יודעים שאם באמת רוצים הסדר עם הסורים, אם מדינת ישראל תצטרך לסגת נסיגה מלאה, ומדובר על נסיגה מלאה, מרמת-הגולן, תוך פינוי כל היישובים וכל המפעלים שהקימה ישראל ברמת-הגולן - אז במקום לעשות את זה, כשיודעים שזה המחיר, אנחנו מודיעים אתמול על השקעה של 300 מיליון בעיבוי. הרי אפשר לסגת מהגולן. הכול כמובן עם סידורי ביטחון הולמים ועם הבטחה שיפורקו ארגוני הטרור והתשתית הצבאית של ה""חיזבאללה"" ותהיה נורמליזציה ביחסים של ישראל עם ביירות ודמשק. אדוני היושב-ראש, במקום שממשלת ישראל תבחן את היוזמה הסורית ברצינות, כל פעם מחדש הזמן פועל לרעתנו. כל פעם מחדש בכל ערוץ אפשרי ממשלת ישראל מסכלת כל ניסיון להידברות. אדוני, תודה.

לא יבקשו לפסול אותו כמו את עזמי בשארה?

אבל אתם יודעים מה הוויתורים. הרי אתם יודעים על מה צריך לוותר.

רגע, אני רוצה לשאול אותך משהו, אדוני השר.

מה זה שווה? אני רוצה לדעת מה עם פיתוח הכפר. אני רוצה שהוא יענה מעל הדוכן. למה רק אתמול הם אישרו לפתח את הגולן? זה לא תנאים מוקדמים? - - -",2,
193666,2004-01-21,הודעה אישית של חברת הכנסת זהבה גלאון,"אדוני היושב-ראש, אומנם אני מחויכת קמעה, אבל אני רותחת. לא ייתכן שבכנסת ישראל יעלה שר, מי שמכונה שר התיירות, ויחלק כאן ציונים לחברי הכנסת, במקרה הזה לי. לא ייתכן ששר התיירות יאמר מה  הוא משוש חיי, ולא ייתכן שהוא יחלק את הכנסת לפטריוטים ולמי שאינם פטריוטים. מי שמתנגד לגדר הוא פטריוט לא פחות גדול מהשר הטרנספריסט והגזען שיושב - - -

פאשיסט, טרנספריסט, גזען כבר אמרנו.

אדוני היושב-ראש, אני חושבת שחובתך היתה, כששמעת את השר על הדוכן, להעיר לו. ומכיוון שלא הערת לו,  ואתה יודע שיש לי הרבה כבוד והערכה אליך, אני עומדת על דברי שהשר הזה הוא פאשיסט, הוא טרנספריסט, הוא גזען, ובגללו החברה הישראלית משלמת את המחיר של ההתנחלויות, ובגללו החברה הישראלית זקוקה עכשיו לגדר. אבל לאיזו גדר היא זקוקה, לגדר שמקיפה התנחלויות. אנחנו משלמים את המחיר הזה. ההתנחלויות מסמלות את המארה שבכיבוש, ושר התיירות הוא הדגם, הסמל של הישראלי המכוער, שמסמל את הכיבוש בהתגלמותו. משפט אחרון, אדוני היושב-ראש, הייתי בסין לפני כחודש, וביקרנו, חבר הכנסת טיבי ואני ואחרים בחומה הסינית. אמר לנו נציג משרד החוץ, שכמה זמן קודם לכן ביקר שם השר נתניהו והוא אמר לו: איך אתם הישראלים לא לומדים מלקחי העולם. החומה הסינית, בנו אותה כנגד המונגולים, ובסופו של דבר גם היא, גם החומה הסינית, גם הגדר הזאת, לתשומת לבו של שר התיירות, לא עזרה, והמונגולים פלשו והמונגולים ניצחו. חומות לא נותנות ביטחון. חומה כזאת, בתוואי הזה, לא תיתן ביטחון, אבל אולי היא תגן על - - -",1,
193782,2004-01-21,הצעות לסדר-היום: גדר ההפרדה,"אדוני היושב-ראש, רבותי השרים, חברי חברי הכנסת, אין ספק שחובה על מדינת ישראל להגן על אזרחיה ולשמור על שלומם. גדר, כמענה ביטחוני, יכולה היתה להיות רעיון נכון ביסודו. אבל, בתוואי המוצע - דיבר על זה קודם חבר הכנסת ליבוביץ - הגדר הזאת הופכת לנטל ביטחוני. הגדר הזאת, חברי, חברי הכנסת, בתוואי הזה, מוכרת אשליה ביטחונית. מדובר במדינה מגדרת, מדובר בגדר מספחת, ואחר כך אנחנו מתפלאים למה כל העולם נגדנו. אני מזכירה לכם, שהחטא הקדמון היה במעשה הכיבוש, בבניית ההתנחלויות, אבל עכשיו מיתוסף על החטא הזה עוד פשע: עכשיו אנחנו מקימים גדר, והשילוב הזה בין גדר לבין ההתנחלויות לא יאפשר בשום שלב להגיע להסדר. מי שמציע את הקמת הגדר בתוואי הזה אינו מעוניין בהסדר. עכשיו, פתאום אנחנו שומעים ששר המשפטים התעורר, הוא מודאג, מה יהיה בבית-הדין הבין-לאומי בהאג. איפה הוא היה כל השנה? עכשיו הוא רוצה לרחוץ בניקיון כפיו? הוא ישב שנה שלמה בממשלה שעשתה את התוואי הזה, שקבעה את התוואי הזה. עכשיו אומרים לנו כי פרקליטת המדינה מאוד מוטרדת מזה שהיא לא תוכל להגן על עמדת המדינה בבג""ץ, לא יוכלו להגן על הגדר בבית-הדין הבין-לאומי בהאג, אז אולי נעשה דיון ונעשה עוד דיון. מדובר בדיונים עקרים, חברי, חברי הכנסת, שום דבר לא יצא מהדיונים האלה חוץ מלסמא את עיני הציבור. זה בדיוק כמו עם עניין המאחזים. כל כך הרבה ישיבות קיימו בממשלה, והנה, מפנים מאחזים ומפנים מאחזים. לא ראיתי שפינו ולו מאחז אחד. מי שחושב שהגדר הזאת נשארת ברציונל הראשוני שלה, גדר שאמורה להפריד בין פלסטינים לישראלים, טועה. על-פי התוואי הנוכחי, הגדר הזאת מפרידה בין הפלסטינים לבין עצמם ובין הפלסטינים לבין אדמותיהם. הגדר הזאת היא גדר אפרטהייד. הגדר הזאת פוגעת בזכויות אדם בסיסיות, בזכות לתנועה, בזכות לפרנסה, בזכות לבריאות, בזכות לחינוך, כי רובו המכריע של התוואי אינו עובר לאורך ""הקו הירוק"". יש אנשים שרוצים, שאם כבר תהיה גדר, שתעבור לאורך התוואי של ""הקו הירוק"", אך הגדר הזאת, בתוואי הנוכחי, עוברת בתוך הגדה המערבית. הגדר הזאת מספחת מאות אלפי פלסטינים. 160,000 פלסטינים יישארו כלואים במובלעות שיוצרת הגדר עצמה. הגדר הזאת מקיפה יישובים שלמים ומנתקת אותם מסביבתם. ועוד 17,000 פלסטינים צפויים להתגורר בין הגדר לבין ""הקו הירוק"". פתאום נוצר להם מרחב תפר. הרעיון בבניית הגדר היה, איך מקיפים את מירב ההתנחלויות בגדר. השיקול הזה, של הקפת ההתנחלויות בגדר, במקום להגיד, אנחנו מפנים התנחלויות, מחזירים אותן, מקימים את הגדר לאורך ""הקו הירוק"" - גם את זה אני לא בטוחה שאני אוהבת, אבל אם גדר, אז לאורך ""הקו הירוק"". השיקול הזה הכתיב חריגות עמוקות של תוואי הגדר מ""הקו הירוק"" לתוך השטח הפלסטיני.

לצורך כך, אלפי פלסטינים סופחו לישראל. משפט אחרון: אנחנו יכולים להקיף את עצמנו בגדר הזאת, גם בירושלים. אבל הגדר הזאת לא תצליח להסתיר את העובדה, שמאחורי החומה הכיבוש נמשך. הכיבוש וההתנחלויות הם המוטיבציה לטרור. תודה רבה.

לא, אתה לא נותן לאורי אריאל?

אבל הוא אמר עלי דברים חמורים, ואתה היית צריך לנזוף בו.

אתה, בתור היושב-ראש. זה לא בסדר. לא תיתן לי ציונים. תעיר לו על זה.

אני לא רוצה לשמוע במה אתה מאמין, וזה לא מעניין אותי במה אתה מאמין.",1,
194077,2004-01-28,"הצעת חוק אמנת ז’נבה, התשס""ג-2003","אדוני היושב-ראש, אדוני ראש הממשלה, רבותי השרים, חברי חברי הכנסת, בדומה להצעת החוק של חבר הכנסת טיבי, הצעת החוק שלי מדברת על החלת אמנת ז’נבה, בעצם על אשרור אמנת ז’נבה - החלת אמנת ז’נבה בחוק הישראלי. מדינת ישראל חתמה על הצטרפות לאמנת ז’נבה בשנת 1950, לפני יותר מ-50 שנה.

חבר הכנסת ארדן, אמנת ז’נבה, בניגוד להסכמי ז’נבה, שגם עליהם אנחנו מברכים, מורכבת מארבע אמנות המעניקות הגנה אלמנטרית לקורבנות המלחמה.

חבר הכנסת ארדן, אמנת ז’נבה מעניקה הגנה אלמנטרית לקורבנות המלחמה, הן לכוחות המזוינים והן לאזרחים בימי מלחמה, לרבות אזרחים במה שנקרא השטח המוחזק. אנחנו מתכוונים לאמנת ז'נבה הרביעית. מדינת ישראל הצהירה לפני למעלה מ-50 שנה, שהיא מקבלת על עצמה את הוראות אמנת ז'נבה, ובכך האמנה מחייבת את המדינה במישור הבין-לאומי. זה מדהים, חברי חברי הכנסת, שעד היום, יותר מ-50 שנה אחרי ההצטרפות, לא נקבע תוקף של חוק לאמנות אלה, והאמנה לא אושררה בידי מדינת ישראל. צאו וחשבו, חברי חברי הכנסת,  מה היה קורה לו אישרה מדינת ישראל את אמנת ז'נבה הרביעית. למשל, אדוני ראש הממשלה וואדוני שר המשפטים, לא היינו מתמודדים עכשיו עם החרפה שבהתייצבות לפני בית-הדין הבין-לאומי בהאג. אם מדינת ישראל היתה מאשררת את אמנת ז'נבה ובית-המשפט העליון היה דן בכל נושא הגדר, לא היינו נדרשים לחרפה שאנחנו מפקירים את החיילים שלנו ואת המפקדים להיות מובאים בפני בתי-דין בעולם. למשל, בית-המשפט לא היה מאשר גירושים. למשל, בית-המשפט לא היה מאשר חיסולים ממוקדים, ובעיקר, בית-המשפט לא היה נותן להקים חלק גדול מההתנחלויות, אותן התנחלויות שנבנו על קרקעות פרטיות שהופקעו מהפלסטינים. כל קללת ההתנחלויות היתה נחסכת לו היו מאמצים את ארבע אמנות ז'נבה. אבל הדבר הכי מחפיר - - -

השר אלון, תחסוך לי ויכוח. אם לא הספיק לך, אני מוכנה להוסיף לך, ותאמין לי, תרוויח את זה ביושר.

אדוני היושב-ראש, לא רק שבגין אי-אשרורה של אמנת ז'נבה מנהלת הממשלה מדיניות מופקרת,  יש לה גם שרים מופקרים. עומד כאן קודם חברי, חבר הכנסת אחמד טיבי על הבמה, ואומר שהוא גינה את הפיגוע ב""מקסים"". יושב כאן שר ואומר ""אבו-עלי""? איך אתה מעז בכלל? יושב כאן שר שאחראי לכיבוש, אחראי להתנחלויות. איך אתה לא מתבייש?

מאה אחוז, שיהיה על חשבוני.

אני חוזרת ואומרת, שלא רק המדיניות שהממשלה מנהלת היא מדיניות מופקרת, חלק משריה הם שרים מופקרים, שיש להם לשון משתלחת - - -

אדוני היושב-ראש, ראשי המדינה נקטו כל השנים לשון כפולה, והייתי אומרת דו-פרצופית. מדינת ישראל הצהירה בכל הפורומים הבין-לאומיים, שאף שהאמנה אינה מחייבת אותה, היא תכבד את ההוראות ההומניטריות. אבל ראינו שכל פעם שזה הגיע לבג""ץ, הפרקליטות הסתתרה מאחורי הטענה שהכנסת – אנחנו מדברים על הכנסת -  לא נתנה לזה תוקף חוקי, ולכן זה לא מחייב את צה""ל ולא את השלטון הישראלי. דהיינו, חברי חברי הכנסת, בית-המשפט העליון קבע, וחזר וקבע, שכל עוד האמנות הן יצירת משפט בין-לאומי הסכמי ולא מנהגי, אין לאמנות אפשרות אכיפה בבית-המשפט הישראלי, והעותרים לבג""ץ אינם יכולים להתבסס בטיעוניהם על אמנת ז'נבה. אני לא מצליחה להבין ממה חששה הפרקליטות, ממה חששה כנסת ישראל, ממה חששו שרי המשפטים למיניהם. הרי הניסיון מוכיח שאין סתירה בין קיום האמנות לבין צורכי הביטחון וניהול מלחמה והשלטת חוק וסדר בשטחים. לכן זו הזדמנות שהצעת החוק הזאת, שמטרתה להביא לקליטתן של אמנות ז'נבה במשפט הישראלי הפנימי, תאושר היום על-ידי כנסת ישראל, ובכך יינתן מעמד משפטי אכיף בחוק הישראלי לנורמות האלמנטריות שהן נורמות בסיסיות ומקובלות. הנורמות האלה -  ששאל סגן השרה הנדל מי אימץ אותן – הנורמות האלה, לידיעתך,  אומצו על-ידי למעלה מ-140 מדינות בכל העולם.

בחקיקה. 140 מדינות בכל העולם, לא רק קיבלו את האמנה, לא רק הצהירו, אלא אשררו אותה. זה יהיה לכבודה של כנסת ישראל אם תאשרר את האמנה הזאת. תודה.

אדוני היושב-ראש, מי שמבקש למנוע את קליטתן של אמנות ז'נבה בחוק הישראלי מבקש להמשיך ולהכשיר את השרץ, להמשיך את הכיבוש. אדוני שר המשפטים, הדברים שלך בעצם באים לתת יד להמשך הכיבוש, להמשך הדיכוי, להמשך קיום ההתנחלויות. הכיבוש והדיכוי וההתנחלויות הם המוטיבציה לטרור. מי שרוצה לגרום - - -

מי שמבקש להדביר את הטרור, וכולנו שותפים לרצון להדביר את הטרור, צריך לתת יד קודם כול להדברת הכיבוש, דהיינו, לסיום הכיבוש. מי שמבקש למנוע את  - - -

מה קרה, חברי חברי הכנסת? על מה קפצתם, על מה התלהבתם? ששמים לכם את המראה לנגד העיניים? מה קרה? ההתנחלויות הן שורש כל רע. ההתנחלויות מסמלות את המארה שבכיבוש, ונציגי המתנחלים שיושבים כאן, בכנסת, מסמלים את המארה שבכיבוש. מי שמונע את קליטתן של אמנות ז'נבה בחוק, מבקש להמשיך ולהכשיר את קיומן של ההתנחלויות. אני לא יודעת אם ההצעה של מנכ""ל משרד ראש הממשלה ומועצת יש""ע היא על דעתו של ראש הממשלה, אבל מי שמבקש לפנות שבע התנחלויות מבודדות - ואני כמובן תומכת בפינוין של התנחלויות מבודדות, אבל הוא מבקש לחוקק חוק שימנע את פינוין של שאר ההתנחלויות, אלא אם כן 75 חברי כנסת יתמכו בכך; הוא מבקש להמשיך ולקיים את מפעל ההתנחלויות. הוא מבקש לעשות סיכול ממוקד לכל הסדר עתידי ומבקש להמשיך ולהנציח את הכיבוש. אם הממשלה הזאת מתנגדת לקליטתן של אמנות ז'נבה בחוק הישראלי, תאמר בריש גלי: אנחנו רוצים להמשיך את הכיבוש. אנחנו לא רוצים להגיע להסדר. זה מה שאנחנו רוצים. הממשלה הזאת רוצה את המשך הכיבוש.",1,
194817,2004-02-11,הצעות לסדר-היום: הסיכול הממוקד בעזה - ההשלכות המדיניות,"למה לא בוחרים סגני שרים גם על-פי איזה פרמטרים אחרים? אדוני היושב-ראש, אדוני סגן השר, לא הצלחתי להבין: כל פעם כשראש הממשלה מכריז שהנה הוא הולך לתוכנית מדינית, והוא מדבר גבוהה גבוהה, והנה הוא מסיים את הכיבוש, והנה הוא מגרש את ערפאת, והנה הוא מפנה מאחזים, והנה הוא מפנה 17 התנחלויות  - כל פעם שהוא מכריז את אחת ההכרזות האלה, למשל כשהוא מקבל את מפת הדרכים, איך אנחנו רואים שההכרזה הזאת  מתממשת? - על-ידי פעולה נגד הפלסטינים, בדרך כלל בעזה. בשבוע שעבר זה היה חיסול. חבר הכנסת פינס-פז, קוראים לזה חיסול ממוקד. שום סיכול. זו לשון מכובסת למדיניות של הרג. זה חיסול ממוקד, שבו נהרג נער בן 13, או הייתי אומרת, ילד בן 13. היום, 14 הרוגים ו-50 פצועים באזור רפיח בסג'עייה. מה אנחנו מחפשים שם? למה אנחנו צריכים להיכנס אחרי שיצאנו משם? רק אמרנו שאנחנו מפנים את עזה, את ההתנחלויות בעזה, אז אנחנו נכנסים לתוך העיר עזה? מה אבד לנו שם? מי שרוצה להילחם בטרור, מי שרוצה להילחם נגד חופרי מנהרות ומי שרוצה להילחם נגד העברות נשק, צריך לעשות זאת מתוך גבולה של מדינת ישראל. אנחנו מסכנים חיילים לשווא בכניסה שלנו לעזה. אנחנו הורגים. אין דרך אחרת לנסח זאת. היום נהרגו 14 אנשים. אין כבר ערך לחיי אדם? אין ערך לחיי אדם? איזו זילות של חיי אדם קורית כאן? עולם כמנהגו נוהג. היום היתה רעידת אדמה, וכולנו עסקנו באמת בבעיות הפרטיות שלנו כי הנה הבית חרב. אף אחד כבר לא מתרגש: עוד פלסטיני הרוג, אז נהרג ילד בן 13. מישהו מזדעק על זה? מה זה כשנהרג ילד בן 13, כשהיום נהרגו 14? איך בכלל אפשר לכמת זאת? איך בכלל אפשר לספור את מחיר הדמים הזה שאנחנו משלמים והפלסטינים משלמים? כבר היום אנחנו שומעים על תגובה מצד ה""חמאס"", שהם יגיבו. צדק חברי חבר הכנסת טיבי. פיגוע מביא חיסול, ואחרי כל חיסול יש פיגוע. צריך להפסיק את מעגל הדמים הזה. המדיניות הזאת, שמנהלת ממשלת ישראל, היא מדיניות מטופשת, שתביא עוד דם, עוד דם ועוד דם.

זה מזין אותו. הוא היה פוחת.",1,
194843,2004-02-16,הודעת הממשלה על רצונה להחיל דין רציפות על הצעות חוק,"גברתי, יש פה דיון בין חבר הכנסת ג'מאל זחאלקה לבין - - -

גברתי היושבת-ראש, היום התפרסמו בעיתון ""הארץ"", על-ידי הכתב ארנון רגולר, דבריו של ראש כוח המשקיפים הבין-לאומי בחברון, ואני מצטטת: ראש כוח המשקיפים בחברון אומר ש""פעולות המתנחלים והצבא באזור H-2 בחברון יוצרות מצב בלתי הפיך"". לדבריו: ""במובן מסוים מתבצע שם טיהור - אם המצב יימשך עוד כמה שנים, התוצאה תהיה שלא יישארו שם פלסטינים. זה נס שהם הצליחו להישאר עד כה"". אלה דבריו של ראש כוח המשקיפים הבין-לאומי בחברון. לדבריו, פעולת המתנחלים והמגבלות שהצבא מטיל גרמו ליותר ויותר פלסטינים לעזוב את חברון. למי שלא יודע, חברי חברי הכנסת, המתנחלים בחברון יוצאים כמעט מדי לילה, פוגעים במי שגר לידם, שוברים חלונות, גורמים נזקים, ולמעשה כופים על הפלסטינים לעזוב את האזור. ואני שואלת: חברי השרים, ידידי, חברי - הטוב אפילו, הייתי אומרת - השר פריצקי, איך זה שהממשלה והצבא, ששולט בשטח, נותן לקבוצה הקנאית בחברון להשתולל ולעשות ככל העולה על רוחה? איך זה בעיר, שמתגוררים בה 120,000 פלסטינים לצד 530 בריונים - בריונים - נותנים להם לעשות ככל העולה על רוחם? אין מה להתפלא על דבריו של ראש כוח המשקיפים הבין-לאומי. הרי מדובר בכרוניקה של בריונות שידועה כבר 30 שנה, מהיום שלוינגר הגיע לחברון. אז זה נכון שאלה המחדלים של ממשלות ישראל לדורותיהן - לדורותיהן - וטעה יצחק רבין המנוח, שאחרי הטבח של ברוך גולדשטיין בחברון הוא לא פינה את הקבוצה הקנאית, המטורפת, הפונדמנטליסטית הזאת, ומייד. הוא טעה. ודוח ועדת-שמגר הזהיר - הזהיר - מפני המשך הבריונות וההשתוללות. ממשלת רבין לא עשתה את זה, אבל ממדי הבריונות שאליהם הגיעו הבריונים בחברון  לא הגיעו אף פעם, בשום תקופה, לאלה של היום, אלא בתקופת הממשלה הזאת. הקבוצה הזאת, בעיני היא מסמלת את הרע שבכיבוש. הם פגע רע, המתנחלים האלה בחברון. פעמיים בשנה, בחול המועד סוכות ובפסח, הם מארחים אלפי מבקרים, סוגרים 120,000 פלסטינים בעוצר, ואז למה לא? חברון מאז ומתמיד. הרי חברון מאז ומתמיד הפכה עם השנים לסמל של מדיניות ההתנחלות בשטחים, על כל כיעורה ועל כל אלימותה. אני רוצה להזכיר שוב למי ששכח לרגע במי מדובר, מי הם תושבי חברון. אדוני השר פריצקי, יושב בה גרעין פאשיסטי, של אנשים שאוחזים באמונות גזעניות מחרידות. אנשים שלא מכירים במרותו של השלטון הנבחר בישראל - בלי שום קשר לשאלה מי זה השלטון. זה שלכם, זה שלנו, הם לא מכירים במהותו. הם עושים פוגרומים בשוק - - -

אני מסיימת. גברתי היושבת-ראש, תרשי לי, בדיוק כמו שאפשרת לחבר הכנסת קודם  לגלוש, אני מבקשת עוד חצי דקה. האנשים האלה, חבר הכנסת אריאל, שאני מתפלאת שאתה נותן להם גיבוי - -

- - עושים פוגרומים. כשתנהל את הישיבה תגיד מה עבר ומה לא עבר.

מדובר בקבוצת אנשים שרומסים באלימות סחורות של פלסטינים, משליטים אווירה של טרור, הופכים דוכנים, עושים פוגרומים, אנשים שמקדשים את זכרו של ברוך גולדשטיין, שמהללים ומשבחים את יגאל עמיר, ושום דבר לא נעשה. אני קוראת לממשלת ישראל להעמיד אותם על מקומם ולעצור אותם, ומייד. תודה.",1,
194943,2004-02-16,התנהלותה של הממשלה במלאות שנה לכהונתה,"אדוני היושב-ראש, אדוני  ראש הממשלה, אני שואלת אותך, עד מתי, ראש הממשלה, עד מתי, עד מתי תמשיך לתעתע במדינה שלמה? שמעתי אותך מודיע שאתה הולך לפנות את רצועת-עזה, אבל כמובן לא הודעת מהי התוכנית השלמה שלך לשלום. בכלל, אני חייבת לשתף אתכם, חברי חברי הכנסת, זה משהו ייחודי לדמוקרטיה הישראלית: תוכניתו המדינית של ראש הממשלה היא סוד כמוס. לא רק חברי הממשלה לא יודעים מהי תוכניתו של ראש הממשלה, לא רק חברי הקבינט לא יודעים מהי תוכניתו של ראש הממשלה - -

- - תוכניתו המדינית המלאה של ראש הממשלה גם לא הובאה לידיעת חברי הכנסת. יש לי הרגשה, אדוני ראש הממשלה, שתוכניתך המדינית היא סוד כמוס אפילו מעצמך. אולי זו בכלל תוכנית שאתה לא מגלה אותה לעצמך, אחרת אני לא מצליחה להבין איך אחרי שלוש שנים בשלטון אתה אומר שאתה הולך לפנות 17 התנחלויות ברצועת-עזה במסגרת מה שנקרא - - -

אתה מודיע, אדוני ראש הממשלה, שאתה הולך לפנות 17 התנחלויות ברצועת-עזה במסגרת מה שנקרא תוכנית ההתנתקות. אני מודה שתוכנית ההתנתקות היחידה שאני רואה בינתיים היא ההתנתקות של הממשלה מהציבור. אדוני ראש הממשלה, במשך שלוש שנים הצלחת להוליך שולל מדינה שלמה. מה עשית חוץ  מלהצהיר הצהרות? אני רוצה להזכיר לכם, חברי חברי הכנסת – יום אחד אתה מסיים את הכיבוש, יום אחד אתה מגרש את ערפאת, יום אחד אתה מפנה מאחזים, והנה אתה עושה ויתורים כואבים, ואחר כך אתה עושה ויתורים חד-צדדיים, ועכשיו אנחנו שומעים שאתה מפנה את רצועת-עזה, ויחד עם רעיון העיוועים של משאל עם - אני אומרת לך, אדוני ראש הממשלה, אין שום צורך במשאל עם. אני לא זוכרת שכשיצאת למלחמה עשית משאל עם, לא זכור לי שעשית משאל עם. אבל כשאני בוחנת מה עשית עד היום, מה יישמת מכל ההצהרות הנשגבות שלך, אני חייבת להודות שאני עומדת נוכח מציאות עגומה, כי התוצאה היא לא כלום. לא פינית מאחזים, ולא יישמת את מפת הדרכים, ויש לי יסוד סביר להניח שכנראה גם לא תפנה את 17 ההתנחלויות. אז אתה רוצה שנאמין לך, אחרי שאנחנו סוקרים מה עשית כאן בשלוש השנים האחרונות? כמו תמיד, אתה נשאר ברמת ההצהרות. אתה באמת חושב - אולי חבר הכנסת סגן השר זאביק בוים, שאני מבינה שהוא מאוד מסיח את דעתך כרגע, אולי זאביק בוים מאמין שתהיה מוכן לוותר ושאתה רוצה לוותר על חלקי ארץ-ישראל, כפי שאתה קורא לזה. אתה ראש הממשלה שאמר שדין נצרים כדין נגבה - - -

אני לא מאמינה לו לכלום. אדוני היושב-ראש, אני חושבת שראש הממשלה ממשיך להוליך שולל מדינה שלמה, בדיוק כמו שהוא עשה בלבנון. קודם הוא הציג מצג שווא לכנסת, אחר כך הוא עשה את זה לאמריקנים, ולוועידת הליכוד, ועכשיו הוא מתעתע בציבור. ואדוני היושב-ראש, אתה יודע למה? כי הוא רוצה להרוויח זמן. כל מה שראש הממשלה עושה זה כדי להרוויח זמן. אנחנו חושבים, חברי חברי הכנסת, שצריך לנסות להגיע להסדר עם הפלסטינים, שזאת הדרך הנכונה. אבל במענה על שאלתך, אם הוא יפנה את רצועת-עזה, מובן שאנחנו נתמוך. אבל זה לא יקרה, ואני שואלת – כמה זמן נמשיך להקיז זה את דמו של זה? אם ראש הממשלה באמת רוצה להמשיך לשמור על ארץ-ישראל השלמה, שיתייצב כאן – הוא עולה אחרי לדוכן – שיתייצב באומץ ויגיד לעם, ושיפסיק לבוא לנו בכל יום שני ורביעי עם הצעות חדשות להתנתקות, עם הצעות למשאל עם. מי זקוק לאבן הריחיים הזאת על צווארו בדמות משאל העם? אדוני ראש הממשלה, הספיק לנו מההצהרות שלך, ואתה יודע מה? אתה אומנם לא מקשיב, אבל הספיק לנו גם ממך.",1,
195575,2004-02-25,הצעות לסדר-היום: הדיון בבית-הדין בהאג בנושא גדר הביטחון,"אדוני היושב-ראש, אדוני השר, מישהו צריך לתת את הדין על מחדלי הקמת הגדר, מישהו צריך לתת את הדין על כך שהגענו לבית-הדין הבין-לאומי בהאג, ומדינת ישראל ברוב טמטומה - לא ראיתי טמטום יותר גדול מזה - אם כבר הגענו לשם, ולצערי הגענו לשם, לא טרחה לשלוח אנשים שיעמדו בבית-הדין וידברו. כך אנחנו נראים, כך אנחנו בונים את הגדר, וכך אנחנו מגינים על עצמנו.

מי החברים שלי, אני אגיד, חברת הכנסת פולישוק, והגישה הזאת - - -

הגישה הפאשיסטית הזאת, הייתי אומרת - -

אני מדברת עכשיו, תקשיבי לי היטב. - - שמי שמוחה נגד מדיניות של ממשלה הוא פושע או משתף פעולה, נשמעת כאן. שומו שמים - משתף פעולה. לא קצת הרחקת לכת, חבר הכנסת אלדד? אני לא רואה אותו, אבל אני שומעת גם אותך, אז אני אומרת, שאם בארזים - אני כבר לא מתפלאת. מותר למחות נגד מדיניות הממשלה. אני בחרתי לעשות את זה כאן. מדיניות הממשלה הובילה אותנו להאג. הדיון בהאג הוא לא על הגדר, וכל מי שמנסה לסמא את עיני הציבור ולהגיד שהדיון בהאג הוא על הגדר, חוטא. הדיון בהאג הוא על תוואי הגדר. הגדר הזאת היתה אמורה לתת מענה ביטחוני, אדוני השר, ומדינה צריכה לעשות הכול על מנת להגן על אזרחיה, אבל הגדר הזאת, בתוואי שלה, במתכונת שלה, הפכה לנטל ביטחוני. זו גדר אפרטהייד, זו גדר מדינית, זו גדר שמספחת. כל הרציונל של הקמת הגדר, אדוני השר, היה כדי להפריד בין פלסטינים לישראלים. מה הגדר הזאת עושה? מפרידה בין פלסטינים לפלסטינים, מספחת שטחים, מספחת התנחלויות, פוגעת בזכויות אדם, לא נותנת חופש תנועה, לא נותנת לאנשים, לילדים לנסוע לבית-הספר, לא נותנת לאנשים לעבור ממקום למקום. מה הרווחתם? את זה שהגענו להאג. איזו מדיניות, איזה טמטום, איזו ממשלה. והכול, הכול למה? כי רצינו לשמור על ההתנחלויות ולספח את ההתנחלויות, וגידרנו את ההתנחלויות, ויצרנו מובלעות. אנחנו, שמתנגדים לזכות השיבה, פתאום סיפחנו 160,000 פלסטינים ועוד 17,000 פלסטינים במרחב התפר. מה נעשה אתם? נהפוך אותם עכשיו לאזרחי מדינת ישראל? מה בדיוק רצינו לעשות? החטא הקדמון היה במעשי הכיבוש, החטא הקדמון היה במעשי ההתנחלות. עכשיו הוספנו על החטא הזה עוד פשע, וזה הפשע של הגדר בתוואי הנוכחי. והגדר וההתנחלות ביחד ימנעו כל סיכוי להגיע אי-פעם להסדר. איך אני יודעת שזה טמטום? כי אתם מזיזים את תוואי הגדר. לא מספיק שכל קילומטר גדר עולה כ-10 מיליוני שקלים, עכשיו אתם מזיזים באזור בקה-א-שרקיה - 50 מיליון שקלים. אתם מעלים את מחירי התרופות, מעלים את מחירי הלחם. לזה יש לכם כסף. איזו מדינה? איזו ממשלה? וכל מי שמוחה נגד מדיניות הממשלה, עושה את זה בדין. תודה, אדוני.

מי המשיב? משיב השר עזרא? כי בלוח כתוב שהשר סילבן שלום משיב.

לא לקואליציה, זה אישי, לחברים.

יש כאלה שאתה לא רוצה לדעת מה אני חושבת עליהם.

למה אתם בממשלה? אני יכולה להבין למה אתם בממשלה?

- - - בוואלג'ה. מתי היית בוואלג'ה? וואלג'ה מופרדת ממילא.

אבל למה לא חשבו על זה מלכתחילה?

תגיד את זה בממשלה, לא בכנסת.

ברגע שהשר ביקש שלא לדון בזה כרגע, עד שהדיון יסתיים בהאג - נניח שאני מסכימה, יש בזה נניח היגיון - טכנית, זה לא אפשרי. אם מסירים את הנושא מסדר-היום, כדי להעלות אותו מחדש צריך עוד פעם עשרה חברי כנסת או 15 חברי כנסת כדי להעלות הצעה. עוד פעם צריך להיות דיון. לכן, לדעתי, צריך להעביר את הנושא לדיון במליאה. כשהדיון בהאג יסתיים, המזכירות תקבע מועד. ברגע שאתה אומר להסיר מסדר-היום - טכנית זה לא אפשרי.",1,
195701,2004-03-01,"הצעת חוק הכנסת (תיקון מס' 18), התשס""ד-2004","רגע, רגע, רגע. מה אני, אוויר?

אדוני היושב-ראש, אדוני ראש הממשלה, אני רוצה לנצל את ההזדמנות שאני על הדוכן כדי לפנות לראש הממשלה ולקרוא לו להקים ועדת בדיקה או ועדת חקירה למחדלי הקמת הגדר. איך הגענו למצב שהגדר הזאת, שהיתה אמורה להיות נכס ביטחוני, הפכה לנטל ביטחוני, לנטל מדיני, כשכל העולם מוקיע אותנו? ואיך הצלחתם ליצור ""ספין"", שבהאג מדברים על הגדר? לא מדברים בהאג על הגדר, לא דיברו בהאג על הגדר. בהאג דיברו על תוואי הגדר. איך הגענו למצב שהקימו גדר בבקה-אל-שרקיה ואחר כך פינו אותה? כמה מיליונים אפשר היה לחסוך מכל הקיצוצים? כמה מיליונים אפשר היה לחסוך מהעלאת מחיר הלחם? איך עכשיו, באזור מבשרת-ירושלים, אתם מקימים גדר, ובית-המשפט העליון, בשבתו כבג""ץ - - -

בית-המשפט העליון, בשבתו כבג""ץ, מוציא צו עיכוב להקמת הגדר למשך שבוע, ושר הביטחון מרשה לעצמו לגלגל את האחריות לפיגועים לפתחו של בג""ץ - ואתה יושב ואתה לא מעיר לו, שר הביטחון בממשלה שלך, שאחראי יחד אתך להקמת התוואי הזה. אם אתם מחליטים להקים גדר שתשמש כמגן, תקימו אותה על ""הקו הירוק"", אל תקימו אותה פה ותזיזו אותה לשם - - -

חבר הכנסת אפללו, אתה יושב - אדוני היושב-ראש, אני לא שומעת  את עצמי - - -

זמן פציעות זה ברשות היושב-ראש.

חבר הכנסת אפללו, אתה יושב בוועדה - - -

יושבים חברי כנסת מסיעת הליכוד בוועדת הכספים ומייללים, מבכים מרה, על הקיצוצים - ואתם מתנגדים לקיצוצים. כל קילומטר גדר שמזיזים, ומזיזים בחזרה, כמה זה עולה?

זה לא אכפת לכם. אין לך למי לבוא בטענות. מה עם ראש הממשלה? מה עם שר הביטחון?

מה עם הכסף הזה? למה צריך להוציא כספים מיותרים? למה אין תמונה מלכתחילה? ואיפה שינוי, שישבה בממשלה? שרי שינוי, שהיו שותפים להקמת הגדר הזאת, ולתוואי שלה, פתאום היום מייללים שצריך להזיז את התוואי. כולכם שותפים, אתם האחראים הגדולים למחדלי הקמת הגדר. צריכה לקום כאן ועדת בדיקה - -

- -  איך הגענו למצב הזה, שגדר, שהיתה אמורה להיות נכס ביטחוני - -

- - הפכה לנטל ביטחוני ומדיני? תודה רבה.",3,
195952,2004-03-03,הצעות לסדר-היום: דוח מחלקת המדינה האמריקנית בנושא מצב זכויות האדם בשטחים,"אדוני היושב-ראש, חברי חברי הכנסת, דוח מחלקת המדינה האמריקנית שפורסם לפני כשבוע משקף את מה שידענו זה כבר ב-30 ומשהו השנים האחרונות, אבל בשנות האינתיפאדה האחרונות בוודאי יותר מתמיד: מדינת ישראל מפירה זכויות אדם. אנחנו נמצאים בתקופה קשה של טרור, של פיגועים, של ימים קשים מאוד. אבל גם בימים קשים כאלה מדינה נדרשת לשמור על סטנדרטים ונורמות מינימליים של זכויות אדם. התנהגות ממשלת ישראל בשטחים, שזוכה לגיבוי מסיבי קבוע של הממשל האמריקני, מפירה את תנאי המחיה הבסיסיים ביותר: אין חופש תנועה, אין חופש מעבר, יש כתרים ויש סגרים ויש חיסולים ממוקדים ויש מעצרים מינהליים ויש הריסות בתים ויש גירוש, ותקצר היריעה מלמנות את מה שעושה ישראל בשטחים תחת הממשלה הזאת, בחסותם ובגיבוים של שר המשפטים ושרי שינוי בממשלה, שנותנים לגיטימציה לכל פשע שמתבצע כאן. אני חוזרת ואומרת, יש כאן טרור קשה, אבל במה מותר כוחה של מדינה מכוחו של ארגון טרור? בדיוק בזה שהיא לא נוקטת שיטות שנוקטים ארגוני טרור. אני מודה שאני מסכימה כל כך עם חבר הכנסת ברכה לגבי הצביעות של הממשל האמריקני. כולם אומרים לנו, מה את רוצה, שלא ישימו במעצרים מינהליים? תראי מה קורה בגוואנטאנמו, אצל הממשל האמריקני. אז אני אומרת כאן, מעל דוכן הכנסת, שהממשל האמריקני לא מהווה מודל. הוא לא מהווה מודל למצב זכויות אדם. הוא לא נותן לנו וו להיתלות בו כמי שיצר סטנדרטים ונורמות להגנה על זכויות האדם. הממשל האמריקני תחת ממשלו של בוש - - -

אדוני חבר הכנסת, אני חברת כנסת בכנסת ישראל. אני בוחנת, ותפקידי לבחון ולבקר את פעילותה של הרשות המבצעת, קרי, ממשלת ישראל. העובדה שאחרים מפירים זכויות אדם לא מונעת ממני להמשיך ולבקר את ממשלת ישראל שהיא מפירה זכויות אדם. וזה שאומרים לי: גם האמריקנים עושים את זה - הם עשו את זה בעירק, הם עשו את זה באפגניסטן, הם לקחו שבויים, הם שמים אותם במעצר מינהלי - לא נותנת לגיטימציה להפרות זכויות אדם. השאלה היא למי אתה רוצה להידמות. למי אתה רוצה להידמות? למדינות העולם השלישי? הפכנו לרפובליקת בננות בכל מה שקורה בנושא הזה של הגנה על זכויות אדם. ולמה אני מוטרדת? כי מה שקורה שם כבר לא מטריד אותנו כאן, כי מדובר על פלסטינים.

אני מסיימת, אדוני. זה נכון, יש טרור, אבל אם אנחנו חפצי חיים ואנחנו רוצים לשמור על צלם אנוש, ואנחנו רוצים לומר:  מדינת ישראל אינה מפירה זכויות אדם, כי אלה הנורמות והסטנדרטים שקבענו לנו, כי כל אדם נברא בצלם, אז אנחנו היינו צריכים ליצור את הסטנדרטים ולא להמשיך ולנהוג בשטחים כמו שאנחנו נוהגים כיום. תודה רבה.

אדוני היושב-ראש, נרצה לשמוע התייחסות של השר לסיפור של חבר הכנסת זחאלקה על החמור.

השר חצוף. השר הזה הוא גזען.

מה זה מרתיע. ממתי זה מרתיע? הרסתם כל כך הרבה בתים.",1,
197038,2004-04-22,תוצאות פגישתו של ראש הממשלה אריאל שרון עם נשיא ארצות-הברית ג'ורג' בוש,"אדוני היושב-ראש, אדוני ראש הממשלה, חברי חברי הכנסת, סיעת מרצ-יחד זימנה את הדיון הזה, כי סברנו שכשראש הממשלה חוזר מפגישה עם הנשיא בוש על הבנות כל כך חשובות לגבי תוכנית הינתקות, לגבי עיקרון כל כך חשוב מבחינתנו של יציאה מרצועת-עזה ומכמה התנחלויות בצפון השומרון, מן הראוי שכנסת ישראל תקבל דיווח על מה הן ההבנות ומה הושג, ושלא נסתפק בכך שהדבר יובא ויגולגל לפתחם של חברי הליכוד. עם כל ההערכה שאני רוחשת לחברי הליכוד, בעיני זה מהלך בלתי תקין שחברי הליכוד יצטרכו להכריע במשאל מתפקדים שאלה אם מדינת ישראל או אם ממשלת ישראל או כנסת ישראל יקבלו החלטה על יציאה מרצועת-עזה על מה שנקרא: תוכנית ההינתקות. אני שמחה שהכנסת זומנה. אני שמחה שראש הממשלה יבוא ויציג בפני הכנסת. זה מאוד מפריע.

סיעת מרצ-יחד חושבת שהעיקרון של יציאה מעזה הוא עיקרון נכון. גם אם מדובר ביציאה חד-צדדית, אנחנו רואים בכך מנוף לזה שבעתיד זה יהיה תקדים ליציאה גם מהגדה. כך אנחנו רואים את זה. אנחנו היינו רוצים שזה ייעשה בהסכם. אנחנו חושבים שכל הסדר שלום היה צריך להיעשות בהסכם. אבל, משראש הממשלה החליט, ואני מקווה שכנסת ישראל תחליט שיצאו, וכמובן שהכול תלוי במשאל מתפקדי הליכוד, אני רוצה בהזדמנות זו, אדוני ראש הממשלה, לבקש ממך גם כאן היום הבהרה מעל דוכן הכנסת: היום אני קוראת נתונים, שלפי סקר שעשו בין מתפקדי הליכוד יש כמעט תיקו בין אלה שסבורים שצריכים לצאת מעזה לבין אלה שסבורים שלא צריך לצאת מעזה. מה יעשה ראש הממשלה אם חברי המרכז יחליטו? אני מקווה שהם יחליטו על יציאה מעזה, וזה הדבר הנכון. אבל, אני שואלת: מה יעשה ראש הממשלה אם חברי הליכוד יחליטו שהם מתנגדים ליציאה מעזה? האם יעמוד פה ראש הממשלה וימשיך בהחלטה וימשיך במחויבות שהוא נתן לנשיא בוש?

או.קיי., אם הם תומכים בתוכנית. אדוני היושב-ראש, התוכנית מדברת על יציאה מעזה.

בין השאר, היא מדברת על יציאה מעזה ומארבע התנחלויות בצפון השומרון, ההתנחלויות המבודדות. אבל, אני שואלת את ראש הממשלה: מה הוא יעשה - ומחמת עינא בישא אני כמעט לא מזכירה את זה - והיה וחברי הליכוד יחליטו שהם לא תומכים בתוכנית הזאת? מה יעשה ראש הממשלה? האם הוא יתפטר? האם הוא ימשיך במחויבות שלו לנשיא בוש? זה היה קבל עם ועולם, והוא הכריז שישראל תצא מעזה. אנחנו, כמובן, תומכים ביציאה בעזה. אנחנו רואים בזה צעד ראשון לסיום הכיבוש. החטא הקדמון הוא הכיבוש, וההתנחלויות מסמלות את המירע שבכיבוש, ולכן צריך לפנות את רצועת-עזה. צריך להוציא את החיילים מעזה. אנחנו לא רוצים שייהרגו יותר חיילים: לא על נצרים ולא על שום מקום אחר. צריך להוציא את האזרחים מעזה. אבל, אדוני היושב-ראש, איך הדבר הזה יקרה? האם תוכל להציג בפני הכנסת את פרטי התוכנית? האם תוכל להציג בפני הכנסת את ההבנות עם הנשיא בוש? או אולי תוכל להבהיר לנו מהן ההבהרות של פאואל על התוכנית של בוש או על ההבנות של בוש? אני חושבת, שכנסת ישראל בעיקר צריכה להבין מהן ההבנות שלך עם השרים שלך בממשלה. מה המשמעות של זה שהבטחת לנתניהו שלא יהיה פינוי יישובים לפני שתושלם הקמת הגדר? ומה עם ההתחייבות שלך לשרת החינוך לימור לבנת לגבי הקמת גושי ההתיישבות? ואיך הגדר תקיף את גושי ההתיישבות? ומה יהיה אורך הגדר? מה יהיה לוח-הזמנים לביצוע? כמה זמן בעצם יקח להתנתק מרצועת-עזה ומאותן התנחלויות? סגן שר הביטחון זאב בוים אמר, שעד שיתחילו לבנות את הגדר ועד שיעבירו חוק בכנסת, כל הדבר יקח לפחות שנה וחצי עד שנתיים. שנה וחצי עד שנתיים? כלומר, כנסת ישראל אמורה לבוא לכאן בעוד כשבועיים, אחרי שראש הממשלה, בהנחה שהוא יקבל את גיבוי הליכוד - כשבכלל, בעיני, מדובר בתהליך מעוּות שלוקחים את האחריות מכנסת ישראל ומגלגלים זאת לפתחה של מפלגה זו או אחרת או לפתחו של העם כולו. הכנסת היא ריבונית, והיא קיבלה את הכוח שלה מהעם. אנחנו דמוקרטיה פרלמנטרית וייצוגית. בעיני, כל הרעיון הזה הוא רעיון עיוועים. אבל, בהנחה שתקבל את גיבוי הליכוד, מה יהיה לוח-הזמנים לביצוע? אנחנו נצטרך להצביע עכשיו על מה? על תוכנית שתתבצע בעוד כשנתיים או שנתיים וחצי? אדוני ראש הממשלה, אני אומרת לך מראש שאנחנו תומכים בתוכנית ההינתקות. אנחנו תומכים בעיקרון של יציאה מעזה. אבל - ואני רוצה להבהיר את התנאים - בתנאי שלא יהיו עליה חישוקים וכל הדברים שציינתי קודם. בעיני, כל המחויבויות שלך לשרים הן חישוקים בעיקר כשמדובר על לוח-זמנים כל כך רחב. מה יקרה בזמן הזה? אתה מחסל. נתתם הוראה לחסל את רנתיסי ואת השיח' יאסין, ואתמול נהרגו עשרה פלסטינים בעזה, והיום נהרגו שלושה פלסטינים ליד טול-כרם.

יהיה כאן טרור. אנחנו יודעים שטרור מוביל טרור. יהיה כאן טרור.

אדוני ראש הממשלה, אנחנו יודעים שכל חיסול כזה מוביל לחיסול שכנגד. נוצר כאן מעגל דמים. נוצר כאן מעגל של נקמה. אנחנו נהרגים, הם הורגים בנו, ואנחנו הורגים בהם. מה יקרה בזמן הזה? אדוני היושב-ראש, אני חוששת שכשאנחנו הורגים ואנחנו נהרגים, בפרק הזמן הזה של השנתיים אנחנו עלולים למצוא את עצמנו - -

- - אדוני ראש הממשלה, מול טרור שיוצא מעזה, ואז יבוא ראש הממשלה ויאמר: ""איך אפשר לצאת מעזה כשיש כאן טרור כזה?"" ואז  נמצא את עצמנו אולי גם במבצעים מתגלגלים בנוסח ""גיאות ושפל"" ובנוסח ""חומת מגן"". איך אפשר להינתק מעזה כשיש כאן טרור? אנחנו הורגים בהם, הם מפגעים בנו, ואנחנו הורגים בהם. יש טרור. איך אפשר לצאת? אני חייבת להודות, ואני אומרת זאת במידה של כאב, שאני נורא רוצה לקוות ולהאמין שאתה באמת מתכוון לצאת. אני הייתי רוצה שתצא בהסכם. אתה הצלחת להחדיר כאן לתודעה הציבורית במשך שנים שאין פרטנר ואין עם מי לדבר. אני חושבת שצריך לצאת בהסכם. אני  חושבת שצריך היה להגיע להבנות ולהסדר, כמו שהגיעו אליהם בזמנם ברק וקלינטון. אבל, אתה ובוש הלכתם להבנות אחרות. אני רוצה להאמין שאתה באמת רוצה לצאת. אני בוחנת אותך רק על סמך הניסיון המצטבר אתך. הניסיון המצטבר אתך מראה לנו שאתה כל הזמן מפזר מסך עשן של התרחשות מדינית, ושום דבר לא קורה. אני זוכרת שרק לפני שנה היתה ההתכנסות בעקבה, קיבלת את מפת הדרכים והכנסתם את 14 ההסתייגויות. הבטחת לפנות מאחזים והבטחת להסיר סגרים ומחסומים - ושום דבר לא קרה. אז, אדוני ראש הממשלה, אני שואלת: כמה זמן תמשיך לתעתע בנו? כמה זמן תמשיך להציג מצג שווא של התרחשות מדינית? אם עכשיו לוח-הזמנים שאתה קובע לתוכנית ההינתקות ייקח מעל שנתיים, איך אני יכולה לסמוך על כך שמה שאתה מתכוון לעשות זה באמת יציאה, שזה צעד ראשון להסדר כולל, או שבעצם התוכנית האמיתית שלך - כי הרי אנחנו יוצאים מעזה אבל אנחנו משאירים את השליטה, בסופו של דבר, בידינו, ואנחנו יוצרים מעין ""בנטוסטנים"", כמו בדרום-אפריקה, אנחנו משאירים את ציר פילדלפי בידינו - איך אני יכולה לסמוך על זה שאתה עכשיו בעצם מדבר על כך שצריך לצאת מעזה? זה חשוב. עצם הדיבור על זה חשוב. עצם ההחדרה של הרעיון שמתנתקים ושמפנים התנחלויות חשוב. אבל, איך אני יכולה להיות בטוחה שאתה מוכן לשלם עכשיו את המחיר של היציאה מעזה לא על מנת לספח שטחים בגדה, לא על מנת לספח את הגדה ולהשאיר את המטורפים של קריית-ארבע וחברון בידינו, מה שקולע בעצם לתוכנית הראשונה שלך - -

- - של מדינה פלסטינית על 40% מהשטח.

בהחלט. אדוני היושב-ראש - - -

אדוני היושב-ראש, אני רוצה להאמין שראש הממשלה כשהוא מכריז שהוא יצא מעזה הוא עושה בכך צעד ראשון, בעיקר כשיהיה לו זמן בעת הזאת להגיע לשיחות, להגיע להבנה. לא מאוחר, תמיד עוד אפשר, כיוון שיש לך כל כך מרחב של זמן. אני באמת רוצה לקוות שאתה באמת מתכוון לצאת מעזה ושלא תרצה בזמן הזה לנטרל את הרשות הפלסטינית, ובעצם תרצה ליצור מעין הסכם ביניים ארוך-טווח. אנחנו כולנו, אדוני היושב-ראש, תומכים בעיקרון של יציאה מרצועת-עזה. אנחנו תומכים בעיקרון של  סיום הכיבוש. אנחנו לא רוצים, אדוני ראש הממשלה, שתביא לנו הצעה לכנסת שממסמסת את התהליך. אנחנו לא רוצים שתביא לנו הצעה שמספחת שטחים. אנחנו רוצים שתצא, ושתצא משם כמה שיותר מהר. תודה רבה.",1,
197241,2004-05-04,תוצאות משאל מתפקדי הליכוד בעניין תוכנית ההתנתקות,"מה זה שני פותחים? היו שישה, ואני הייתי ביניהם.

גברתי היושבת-ראש, אדוני השר, חברי חברי הכנסת, החטא הקדמון היה בפנייה למתפקדי הליכוד. ראש ממשלה שמבזה את הכנסת, שמדלג מעל הממשלה והכנסת וחושב שמתפקדים של מפלגה - דרך אגב, כל מפלגה, גם אם היה מדובר במפלגה שלי - צריכים להכריע הכרעות גורליות, הייתי אומרת, ראש ממשלה כזה, שפונה למפלגה שלו, ושמתנתק מהמפלגה שלו כשהיא מביעה בו אי-אמון, ראש ממשלה כזה היה צריך לעוף הביתה. היה צריך להתפטר בו ביום וללכת. והיה עושה טובה גדולה לכל הכנסת. וללכת. לא ייתכן, פשוט לא ייתכן - - -

לא ייתכן שראש הממשלה לא רק פנה למתפקדי הליכוד, אלא אתמול הוא מופיע בכנסת אחרי הצבעה כזאת ולא טורח לבוא ולמסור הודעה לכנסת והולך שוב לסיעת הליכוד בכנסת. כך מתנהלת מדינת ישראל – דרך בוחרי הליכוד. ואני אומרת זאת בהרבה כבוד והערכה למתפקדי הליכוד, גם אם אני לא מסכימה עם כולם.

מי כמוך יודע, חבר הכנסת בנלולו, שאתה אפילו נחמד. אתה יודע שאני חושבת כך.

אדוני סגן השרה, מי שניצח בליכוד אלה הפייגלינים. הפייגלינים ניצחו בליכוד.

לא יעזור לך. אני יודעת שהיית במתנגדים. לא יעזור לך, הפייגלינים כשם קוד ניצחו. לא שהתלהבתי מתוכנית ההתנתקות. אני מקבלת את העיקרון.

אני מקבלת את העיקרון - - -

מרצ מקבלת את העיקרון שצריך לפנות התנחלויות. אנחנו תומכים בעיקרון - - -

על זה בוכה הנביא. על זה בוכה הנביא, שלא הצלחתי.

גברתי היושבת-ראש, הוא כבר ניצח. תן למפסידים לדבר. גברתי היושבת-ראש, אנחנו תומכים בעיקרון של פינוי התנחלויות. חשבתי שתוכנית ההתנתקות הזאת היא תוכנית רעה, היא תוכנית שמתעתעת בעם, היא תוכנית שבאה לומר שאנחנו מפנים את עזה, אבל במקביל אנחנו מגשימים את החלום הגדול של אריאל שרון – מדינה פלסטינית על 40% מהשטח. מותחים גדר, כמו שהוא הבטיח לנתניהו, מאריאל לרעננה. זו תוכנית מספחת, זו תוכנית שמטרתה להמשיך את השליטה בשטחים. אבל חשבתי שהעיקרון של יציאה מעזה והדיבור על פינוי התנחלויות הוא נכון. הייתי מעדיפה, ואני חושבת שזה הדבר שאתם צריכים לתבוע, שהכול ייעשה בהסכם. צריך לדבר, עם כל הקושי שתגידו: עם מי? אני מכירה את הדיבורים עוד לפני שתתחיל. אני מכירה את הדיבורים. צריך להתחיל לדבר. אין הסדרים, חבר הכנסת בנלולו.

אני מכירה את זה. נניח שהייתם מחליטים להתנתק, הייתם מחליטים להתנתק ללא תמורה. איזה חוסר היגיון זה.

אני מסיימת, אבל יש פה - - -

זו יושבת-ראש הוועדה למעמד האשה.

לא, אני בעד ההתנתקות אבל נגד התוכנית המוצעת.",4,
197283,2004-05-05,תוצאות משאל מתפקדי הליכוד בעניין תוכנית ההתנתקות,"הכנסת מאוכזבת מתוצאות המשאל בקרב מתפקדי הליכוד. התוצאות מוכיחות שרק הליכוד לא יכול. הן גם מוכיחות שהליכוד חזר להיות מפלגת ימין לאומנית וקיצונית, שאינה מבטאת את רצונותיהם של אזרחי המדינה ברובם המכריע. הכנסת קוראת לראש הממשלה להתפטר עם התמוטטות תוכניתו המדינית, וקוראת לבחירות חדשות בהקדם, כדי להתאים את הכנסת החדשה לעמדות הציבור הרחב. הכנסת קוראת לממשלה להתחיל בפינוי ההתנחלויות ברצועת-עזה ובגדה המערבית, ולהסיר אגב כך את המכשולים העיקריים בדרך להסדר. הכנסת מעדיפה יוזמות מדיניות - - - היו""ר נסים דהן: חבר הכנסת רוני בר-און, אני עדיין לא קיבלתי הודעה שכבודו מונה לשר.

הכנסת מעדיפה יוזמות מדיניות שבאות בהידברות ובהסכמה עם הרשות הפלסטינית, ולא באופן חד-צדדי. הכנסת קוראת לפינוי מוחלט ומיידי של רצועת-עזה, שמלכתחילה אסור היה להקים בה התנחלויות. הכנסת סבורה, שגרסה מכווצת של תוכנית ההתנתקות היא בלתי רצויה, ומוטב לה שלא תבוא לעולם כלל. היו""ר נסים דהן: הצעה לסיכום של סיעת בל""ד יקרא חבר הכנסת טאהא.",1,
198529,2004-06-07,"הצעת חוק משכן הכנסת ורחבתו (תיקון מס' 11), התשס""ד-2004","אדוני היושב-ראש, אני חייבת להודות שאני במבוכה. שמעתי כאן היום את נציגי מפלגת העבודה עומדים על הדוכן - - -

מפלגת העבודה. שמעת עליה? ותהיתי. תהיתי. ההיית או חלמתי חלום. עומדת מפלגת העבודה כאן על הדוכן - - -

חבר הכנסת עמרי שרון, ממה אתה חרד? ממה אתה חרד?

חבר הכנסת שרון, יושב לצדך חבר הכנסת גפני. ממה אתה חרד? עמד פה חיים רמון - - -

אדוני היושב-ראש, תגן עלי.

אדוני היושב-ראש, אתמול קיבלה הממשלה החלטה על מה שנקרא הינתקות. הינתקות בעוד תשעה חודשים. אני לא מזלזלת בחשיבות העובדה שהממשלה בראשותו של איש ימין, אריאל שרון, מקבלת החלטה על הינתקות. אני לא מזלזלת בהחלטות דקלרטיביות. אני רוצה לראות שאכן הממשלה הזאת תבצע את ההינתקות. אם היא תבצע הינתקות, אנחנו נתמוך כמובן בתוכנית הינתקות. אבל תוכנית שנשענת על כרעי תרנגולת שמרטו לה את הנוצות? עם מה נשארתם? עם מה? עם איזו כרבולת מרוטה של פשרה עלובה? ועל זה מפלגת העבודה מזדעקת, היום מסירה את הצעת האי-אמון, עומדת על הדוכן ומסבירה - חשבתי שאני לא שומעת - מסבירה איזו ממשלה נפלאה. הם כבר שכחו - - -

הם כבר שכחו - חבר הכנסת ליבוביץ, זה טובל ושרץ בידו. טובל ושרץ בידו.

אדוני היושב-ראש, האם אדוני חושב שהוא יכול להגן עלי, אדוני?

אדוני היושב-ראש, אני חוזרת ואומרת: יש חשיבות גדולה מאוד להצהרות על הינתקות. היינו כמובן מעדיפים שזה יהיה בהסדר. יש חשיבות גדולה מאוד. רק אני יודעת שהדבר היחיד שהממשלה הזאת נסוגה ממנו, זה מהתוכניות שלה עצמה. קודם היתה לה תוכנית פינוי בבת-אחת, ואז היא נסוגה ממנה כי היה משאל מתפקדי הליכוד, ואחר כך היתה תוכנית נסיגה בשלבים וגם ממנה היא נסוגה, ועכשיו יש תוכנית לסגת בעוד תשעה חודשים. אני אומרת: אם הממשלה תיסוג, אנחנו נתמוך בה. אבל מה שאני לא יכולה להבין זה את מפלגת העבודה. בהזדמנות הראשונה שניתנה להם, בהזדמנות הראשונה - איפה הם? איפה הם בכלל? - הם קפצו על העגלה, שמא הם יפספסו את הרכבת. מה הבטיחו להם, אדוני ראש הממשלה, אני תוהה: מה הבטחת לשמעון פרס? באיזה תפקיד הוא כבר לא היה? אין דבר יותר נורא בעיני מהעובדה שמפלגת העבודה מוכנה לשבת בממשלה שלך, לתת לך גיבוי מקיר לקיר, כששום דבר עוד לא קרה. אני בוחנת אותך, אני מודה, רק על סמך הניסיון המצטבר. והניסיון המצטבר אתך הוא שהבטחת הבטחות. אני עוד זוכרת איזו ועידה כינסת בטאבה על מפת הדרכים, ואיך הכנסתם 14 תיקונים, ושום דבר לא קרה.

עקבה, עקבה, סליחה. טאבה זה אנחנו. נכון, נכון. סליחה. עקבה, עקבה. אדוני ראש הממשלה, אני מאוד מקווה שאתה מתכוון ליישם את התוכנית שלך. אנחנו נבחן את התוכנית שלך, איך היא מתקדמת. הצהרות יש להן חשיבות, אבל בלי מעשה בצדן, בלי יישום, הן נשארות הצהרות על הנייר. אז אני מודה שאני לא הולכת שבי אחרי ההצהרות שלך, אבל מפלגת העבודה? ואחר כך הם דורשים זכות קיום? מבחינתנו אופוזיציה היא זו שעומדת עם סטופר ביד ומוודאת שאכן אתה יוצא. וכך נעשה ונוודא שאתה יוצא. תודה רבה.

מה זה? מה זה? כשאתם עושים את זה, זה לא תרגיל?",3,
199178,2004-06-16,הצעות לסדר-היום: מסמך המועצה לביטחון לאומי בנושא הפיצויים למתנחלים,"אדוני היושב-ראש, אני מאוד מקווה שבסופו של התהליך ראש הממשלה אכן יבצע את תוכנית ההתנתקות ואכן יפנה את ההתנחלויות מרצועת-עזה וכמה התנחלויות מצפון-השומרון. אז תעלה כמובן שאלת הפיצויים לאותם אנשים, המתנחלים שגרים בהתנחלויות. אני חושבת, שאלה שהלכו לשם, בשם ממשלות ישראל לדורותיהן, זקוקים לפיצוי ולסיוע ברגע הפינוי. חלקם הלכו לשם בשם ממשלות ישראל, חלקם הלכו לשם בשם אידיאולוגיה משיחית מטורפת, וחלקם הלכו כי חיפשו דיור זול. כל האנשים האלה, היה ותתבצע תוכנית ההתנתקות, יצטרכו להתנתק מבתיהם. לא היתה קבוצת לחץ במדינת ישראל שזכתה להטבות כמו אנשי ההתנחלויות. עם כל הביקורת, אני בהחלט חושבת, שאם הולכים למהלך כזה של התנתקות ופינוי, המדינה צריכה לסייע בידי אותם אנשים ולספק להם דיור חלופי צנוע, כאשר הדגש הוא על הצנוע ועל גבולות ""הקו הירוק"". אני לא יכולה לחשוב על מצב שבו המדינה קורסת, עיירות הפיתוח קורסות, אין כסף, אין תמיכה, ועכשיו ייתנו סכומים מטורפים, ואולי יהיה  מי שירצה להמיר את הסכומים האלה בדירה ביהודה ושומרון. מפעל ההתנחלויות הוא החטא הקדמון, בעיני. הוא היה הרסני לחברה הישראלית. מי שישב שם זכה להקלות, זכה לפטורים. אף יישוב בישראל לא זכה למה שזכו לו המתנחלים בהתנחלויות. המדינה מוכת אבטלה, אבל להתנחלויות תמיד היה כסף. אם אכן הולכים לפנות אותם, אני רוצה לפנות לממשלת ישראל ולומר: צריך לסייע בידי האנשים, צריך לספק להם דיור צנוע, אבל אל תעשו את המעשה הברוטלי, שגובל בוונדליזם, אל תהרסו את הבתים בהתנחלויות. הספיק לנו שראינו איך קרסו הבתים בימית. שמעתי קודם את חבר הכנסת הרצוג מדבר על התמיכה ועל הסיוע הנפשי, ואני חושבת שהוא מאוד צודק. זו טראומה קשה לעקור ממקום מגורים. מה יעשו האנשים האלה? איך הם יחושו כאשר הם יראו את בתיהם קורסים? אני חושבת שמי שמציע הצעה כזאת גורר את כל המדינה לוונדליזם ברוטלי, וכי זו הצעה שראוי לה שלא תהיה, כמובן, אם וכאשר תתקיים תוכנית ההתנתקות.",2,
199900,2004-06-30,הצעות לסדר-היום האירועים החריגים בהפגנה נגד גדר ההפרדה בא-ראם,"אדוני היושב-ראש, חברי חברי הכנסת, אדוני סגן השר, ההצעה שלנו לסדר-היום הוגשה לפני שידענו שהיום תהיה הכרעה בבג""ץ, הכרעה חשובה. הייתי אומרת שבג""ץ עדיין נותר המעוז האחרון בהגנה על הדמוקרטיה, ובעיקר הייתי אומרת שהוא הבליט, בהחלטה החשובה והנכונה שלו, את העובדה שיש כאן ממשלה מופקרת - אין לי דרך אחרת להגדיר את זה - שמפקירה את ביטחון אזרחיה ומפקירה את הפלסטינים.

אני אסביר. אדוני סגן השר, ממשלת ישראל החליטה, מטעמיה – אני לא רוצה כרגע להתווכח על הנחיצות של הגדר, יש לי מה להגיד גם על זה - שהיא מקימה גדר. ההחלטה להקים אותה בתוואי הזה, היה ידוע לכול שזאת החלטה פוליטית. זאת היתה גדר מדינית פוליטית מספחת שבאה לספח שטחים, לקבוע עובדות בשטח, לענוש בענישה קולקטיבית אלפי או מאות אלפי אנשים שלא היתה להם בכלל זכות מעבר ממקום למקום, והם היו צריכים לחיות במובלעות שגם אותן היה צריך לגדר. אני כבר לא מדברת על המיליונים, על האווילות ועל הטמטום שבהקמת הגדר בתוואי הזה, אלא אני מדברת על זה שבעוד כשבועיים אמורה להתפרסם החלטת בית-הדין הבין-לאומי בהאג, ולולא החלטת בג""ץ הזאת - - -

לא, אדוני סגן השר אדרי, העובדה שמדינת ישראל בטמטומה הביאה לכך שהנושא נדון בבית-הדין הבין-לאומי בהאג היתה צריכה להביא אתכם, חברי הממשלה וסגני שרים בממשלה, לכך שתקיימו דיון על התבונה או על חוסר התבונה של הממשלה הזאת. זה חוסר תבונה שמעמיד אותנו לביקורת חסרת תקדים בעולם על המדיניות של ממשלת ישראל, שבונה גדרות, כשבמדינות העולם מנתצים חומות, כשמבינים שמגיעים להסדר בהידברות. אם אתה רוצה להקים חומה ביטחונית, יש לי גם מה להגיד על הביטחון.

אדוני סגן השר, הרי אתה תעלה לדוכן, וכמו שאני מכירה אותך, אתה די יודע לדבר.

הוא לא יכול להתאפק, אני מכירה אותו, זה קורה לו. אדוני סגן השר, יש לי מה להגיד על הגדר כמענה על הצרכים הפסיכולוגיים ולא הביטחוניים של הציבור הישראלי. והגדר הזאת, לא בטוח שהיא תמנע את המפגע הבודד שיחליט שהוא מתאבד, אבל אני לא נכנסת לזה. אם החלטנו שצריך גדר, נניח שהחלטנו שצריך גדר - - -

מה שקורה לסגן השר זה שהוא לא הפנים שהוא סגן שר. הוא לא הפנים שהוא סגן שר, הוא חושב שהוא חבר כנסת והוא מתדיין אתי עכשיו. אתה סגן שר, תפנים, כמו שאומרים. אדוני היושב-ראש, גם אם צריך גדר, ונניח שאני מקבלת את זה, ורוב החברה הישראלית מקבלת את זה שצריך גדר, הגדר הזאת היתה צריכה להיות, אם כבר, בתוואי של ""הקו הירוק"". מיליארדים הוצאתם, מי משלם את המחיר הזה? מיליארדים, ואיזה נזק הגדר הזאת עושה בתחום המדיני, בתחום הביטחוני, בתחום הבין-לאומי, וטוב שבא בג""ץ. אתה יודע למה בא בג""ץ והחליט את ההחלטה הזאת? כי במקרה הזה היתה פעולה משותפת של ישראלים ופלסטינים. ואני מנסה לחשוב מה היה לולא היתה פעולה משותפת של ישראלים ופלסטינים ממבשרת-ציון, ממבשרת-ירושלים, שהחליטו שכך זה לא ייתכן. אני מנסה לחשוב בעצב מה היה קורה אז. תודה.",1,
199987,2004-07-05,"הצעות סיעות העבודה-מימד, ש""ס--יהדות התורה, יחד--חד""ש-תע""ל--בל""ד, האיחוד הלאומי - ישראל ביתנו, עם אחד ורע""ם להביע אי-אמון בממשלה בשל:: א. המצב החברתי והכלכלי;: ב. מצבם הקשה של שירותי הדת והקבורה במדינת ישראל;: ג. מדיניותה המדינית, החברתית והכלכלית;: ד. מדיניותה בתחום הביטחון;: ה. הפגיעה המתמשכת בעובדי הרשויות והמועצות הדתיות;: ו. מדיניותה הכלכלית והחברתית","אדוני היושב-ראש, אנחנו מבקשים להביע אי-אמון בממשלה בשל ההתנהלות שלה בסוגיית הגדר, בסוגיית תוואי הגדר. בג""ץ פסל בתוואי של גדר ההפרדה 30 ק""מ מתוך 40 ק""מ, בין מכבים לגבעת-זאב. השופטים קבעו, שעל המדינה להציג תוואי חלופי. אדוני היושב-ראש, ההתנהלות, או הייתי אומרת המחדל של התנהלות הממשלה בסוגיית תוואי הגדר הביאה את ישראל לבית-הדין הבין-לאומי בהאג. הכנסת התגבשה סביב החלטה, או המדינה חושבת שהיא צריכה לעשות הכול, חובתה לעשות הכול, על מנת להגן על אזרחיה ולשמור על שלומם. מההיבט הזה, אולי גדר כמענה ביטחוני היתה יכולה להיות רעיון נכון ביסודו. חברי חברי הכנסת, הגדר בתוואי הנוכחי הפכה מנכס ביטחוני, ממענה ביטחוני, לנטל ביטחוני, נטל שפגע ויפגע, אנחנו עוד נראה מה יחליט בית-הדין הבין-לאומי בהאג, שיפגע קשה במעמדה הבין-לאומי של ישראל. זה תוואי שבג""ץ אמר עליו שהוא לא מאזן בין השיקולים הביטחוניים וההומניטריים כיאות; תוואי שאינו מידתי, תוואי שפוגע בפלסטינים, בזכויות התושבים, פוגע בזכות שלהם למעבר לאדמות החקלאיות שלהם. הוא פוגע בחופש התנועה; תוואי שגרם לכך שעשרות אלפי עצים נעקרו, שנפגעה פרנסת החקלאים הפלסטינים, ובעצם, התוואי, ביוהרה שבה הוא נבנה על-ידי מערכת הביטחון, כאילו מדובר כאן באיזה מערב פרוע, יש כאן איזה שריף שקובע תוואי, שיכול לעשות ככל העולה על רוחו. התוואי הזה בעצם גם לא מאפשר לפלסטינים גישה לשירותים רפואיים ולבתי-ספר. אדוני היושב-ראש, אני מודה שהבנתי או כולנו הבנו ממי שעמד כאן ליד הדוכן במשך חודשים והסביר למה הגדר נחוצה. הרציונל של הקמת הגדר היה הפרדה בין ישראלים לפלסטינים. זה היה הרציונל. אבל מה הבנו בסופו של דבר? שהגדר הזאת, בתוואי הזה, כפי שהיא נבנתה, בעצם באה להפריד בין פלסטינים לפלסטינים. היא יצרה מובלעות, גרמה לסיפוח של פלסטינים. עכשיו אנחנו צריכים 160,000 פלסטינים, שיהפכו להיות אזרחי מדינת ישראל? אדוני היושב-ראש, לו היו אומרים שמקימים גדר בגבולות ""הקו הירוק"", שבעצם הגדר הזאת, מעבר לכך שהיא אמורה לתת מענה ביטחוני, תסרטט או תסמן גם קו גבול, היינו אומרים שאנחנו, הסיעות שאני מדברת בשמן, מעדיפות שכל הסדר מדיני יהיה מלווה במשא-ומתן ובהסדר, אבל אם לא, לפחות מקבעים את הגדר על הגבול, על ""הקו הירוק"". הגדר הזאת, כולנו יודעים שהממשלה שהורתה על בנייתה בעצם רצתה לקבוע גדר פוליטית, גדר מספחת, גדר שבאה לשרת את האינטרסים של הממשלה הזאת. החטא הקדמון, אדוני היושב-ראש, היה במעשה הכיבוש ובניית ההתנחלויות. עכשיו אנחנו רואים, שעל החטא הקדמון מיתוסף עוד פשע, והוא הקמת הגדר בתוואי הנוכחי, כשהמרכיב המרכזי בבניית הגדר בתוואי הזה היה כיצד מקיפים את מירב ההתנחלויות בגדר. המרכיב הזה הכתיב חריגות עמוקות. היום שמעתי את חברי, חבר הכנסת רן כהן, מסביר בוועדה לביקורת המדינה, בדיון עם המבקר, איך שמו את התוואי של הגדר על החלונות של בית-סוריק. את הגדר שמו ממש על החלונות של התושבים הפלסטינים. זאת אומרת, השיקול לא היה רק שיקול של הגנה, וכולנו שותפים לצורך להגן, אלא בעיקר שיקול סיפוח כמה שיותר שטחים וגרימה לכך שיהיה לנו שטח רחב יותר. אם זה פוגע במקרה בכמה פלסטינים, או נפגעות הזכויות של הפלסטינים, מערכת הביטחון - - -

אני לא יודעת אם אין אפשרות אחרת, אני רק יודעת שבג""ץ קבע, שהגדר, באופן שבו היא נבנתה, לא הביאה בחשבון זכויות אלמנטריות של תושבים פלסטינים, והייתי אומרת שהדבר המרכזי שעולה מפסק-הדין של בג""ץ, וזאת בעצם הגישה הכוללת שמאפיינת את פסק-הדין הזה, שהביטחון חשוב, אבל הוא לא מלת קסם, ואי-אפשר להלך אימים יותר בשם הביטחון, על מנת לקבע גבולות מדיניים. אני חושבת שהעובדה שבג""ץ שמע באופן כל כך נחרץ וברור את העמדה של האלופים מהמועצה לשלום ולביטחון, האלוף דני רוטשילד ואחרים, ובג""ץ התחשב במפות שהם הציגו - שאול אריאלי ואחרים - שאמרו שאפשר להשיג אותו ביטחון שמערכת הביטחון רוצה להגיע אליו ולא על-ידי כך שבעצם אמורים לספח שטחים למדינת ישראל. אדוני היושב-ראש, אני חושבת שפרויקט הגדר בא להיות המורשת החשובה ביותר של שרון כראש ממשלה עד שתתבצע תוכנית ההתנתקות. אנחנו גם זוכרים שהוא התנגד לגדר, אבל אחר כך, כמו שהוא יודע לעשות כל דבר, באיזו בולדוזריות כזאת, אז עושים גדר. ראש הממשלה שרון רוצה כמובן שהגדר תחבר לישראל את מה שנקרא אזור הביטחון המערבי, שצמוד ל""קו הירוק"", ובעצם באופן הזה הוא ירחיב את המותניים הצרים של המדינה בשרון ובפרוזדור ירושלים. בסוף, לכולם ברור שאם זה מה שיקרה, ככה יורחבו המותניים, באופן הזה הגדר תעצב את הגבול המזרחי של מדינת ישראל.

אדוני היושב-ראש, אני רוצה לסיים ולומר, שברגע שהגדר מוקמת בתוך השטח הפלסטיני, אי-אפשר לומר שמדובר בגדר ביטחונית. גדר כזאת היא גדר של הנצחת הכיבוש. אנחנו עוד לא התחלנו לדבר בכלל על עוטף ירושלים, עוטף חברון והגדה המזרחית. כל מדינת ישראל תהיה עטופה בחומה. אדוני היושב-ראש, הגדר לא תצליח להסתיר את העובדה שמאחורי החומה הכיבוש נמשך. וכל עוד הכיבוש נמשך, לא יהיה אפשר לומר שרק בעזרת הגדר נלחמים בטרור. הכיבוש, הדיכוי וההתנחלויות הם בית-החרושת הכי גדול לטרור. עד שלא יסתיים הכיבוש ולא תפורקנה ההתנחלויות, לצערי, רק גדר לא תסייע בהדברת הטרור. תודה.",1,
200311,2004-07-07,הצעות לסדר-היום: הוויכוח בין המשטרה לצבא לגבי פינוי המתנחלים,"אדוני היושב-ראש, עצם העובדה ששרים בממשלת ישראל מתווכחים בינם לבינם, ומטילים על-ידי כך מורא על ציבור האזרחים בישראל, מתווכחים מי יבצע את הליך הפינוי שאנחנו עוד לא רואים שהוא מתבצע, אבל בהנחה שהוא מתבצע, עצם העובדה שהשרים מנסים לגלגל האחד לפתחו של השני את ההחלטה מי יבצע את הפינוי, מראה שאין כאן כוונה אמיתית לפנות. גם אם יש כוונה, מנסים לזרוע פחד ואימה בקרב האזרחים על המשמעויות של הפינוי. אי-אפשר לטעות בי ולומר שאני חושבת שצריכה להיות התנחלות יהודית ברצועת-עזה. אבל, אני בהחלט יכולה להבין, שכשעוקרים אנשים מביתם אחרי הרבה שנים, מבית שהם לא היו צריכים להיות בו מלכתחילה, אבל כשאנשים רואים לנגד עיניהם את מפעל חייהם קורס, אני יכולה להבין את הקושי. אבל, כשממשלה נבחרת בישראל מחליטה החלטה, אנשים צריכים לקבל אותה. התפקיד הזה צריך להתבצע על-ידי חיילי צה""ל. חיילי צה""ל הם הריבון בשטח, הם השולטים בשטח, והם צריכים לוודא שהפינוי יתבצע כהלכה. אני פונה מכאן לשר הביטחון ואומרת, שאם יש חיילים שמעשה הפינוי קשה להם, אני חושבת שצריך להתחשב בהם. אני חושבת שהחיילים האלה צריכים לבוא למפקדים שלהם ולומר שהם לא יכולים לעשות את מעשה הפינוי. לא יקרה כלום לצה""ל אם הוא יתחשב בחיילים האלה ויגיד שיש חיילים אחרים. צה""ל הוא גדול, הוא חזק, מדינת ישראל היא חזקה. חבר הכנסת הנדל, חברת הכנסת פינקלשטיין ואחרים, אני הייתי מצפה ממנהיגי המתנחלים, אתם צריכים לדאוג לכך, שאם תהיה ממשלה שתחליט שהיא מבצעת פינוי, שאנשים שאתם אתם בקשר ומקשיבים לכם יעשו את זה כפי שנדרש, ללא אלימות, שיקומו ויצאו מהבתים, ולא יעמידו את חיילי צה""ל בכלל במעשה הפינוי.

אני צריכה לדאוג לכך שמי שעומד כאן ומהלך אימים על מה שיקרה עם מעשה הפינוי, צריך לדאוג לכך שהאנשים שהם היו בקשר אידיאולוגי, דתי, רגשי אתם, יפנו את הבתים שלהם בלי להתעמת עם חיילי צה""ל. חיילי צה""ל הם הבנים של כולנו, ועליכם האחריות ועליכם החובה שההליך הזה יתרחש כמו שצריך. אני אומרת לך את זה, חבר הכנסת הנדל, לפני שאתה עולה לדוכן, תתחיל להפנים את הדברים האלה. תודה רבה.",3,The speaker expresses understanding of the emotional difficulty of evacuating settlers but does not support the idea of settlement in Gaza.
202225,2004-10-13,"הצעות לסדר-היום: ירי ה""קסאם"" על שדרות; פעילות צה""ל ברצועת-עזה וחקירת וידוא הריגת הנערה ברפיח","אדוני היושב-ראש, חברי חברי הכנסת, ירי של טילי ""קסאם"" על שדרות הוא בלתי נסבל. הרג של אנשים חפים מפשע הוא בלתי נסבל. אני אולי מסכימה עם חבר הכנסת חן שמדינה צריכה להגן על עצמה, אבל האם מה שמדינת ישראל עושה נקרא הגנה? מה שמדינת ישראל עושה זה ניהול מדיניות של נקמה, מדיניות חסרת תוחלת, שגורמת ליותר ויותר נפגעים, לשני הצדדים, דרך אגב. אולי יהיו כאן ניצחונות קצרי טווח, ניצחונות פירוס כאלה, אבל לטווח הארוך - האם זה מה שישפר את כוח ההרתעה של צה""ל? גירשנו ופוצצנו והפצצנו וביתרנו והרסנו. האם זה שיפר את כוח ההרתעה של צה""ל? האם אין טילי ""קסאם""? חבר הכנסת חן, הכיבוש והדיכוי וההתנחלויות הם בית-החרושת הכי גדול למוטיבציה לטרור, ומי שלא מבין את זה וחושב שבאמצעים צבאיים, אם ניכנס ונכסח אותם ונהרוג אותם ונגרש אותם - מה כבר לא עשינו? - זה יהיה הפתרון, הוא טועה, הוא מטעה והוא נותן מענה לצרכים הפסיכולוגיים של הציבור, של הציבור ששרוי כאן בפניקה, ובצדק, כי זה בלתי נסבל שמחר יכול ליפול טיל ""קסאם"" בעיר שילדים חיים בה או בכל מקום אחר. זה בלתי נסבל.

המדיניות שצה""ל מציע היא לא מדיניות נכונה. הפתרון, בסופו של דבר, הוא רק - - -

מחר בבוקר - רק פתרון מדיני, לא צעדים חד-צדדיים. אם הם יהיו חד-צדדיים, נקבל אותם ונתמוך בהם. הפתרון הוא פתרון מדיני.

שנייה אחת, חבר הכנסת חן. אני רוצה קודם לכן לומר, שאין ספק שצבא שנשלח לבצע מדיניות של נקמה, מוצא את עצמו במצב של קצינים ומפקדים שעושים מעשה שהוא פשע; פשע שדגל שחור מתנופף מעליו, אם זה מה שנעשה.

אם מפקד עושה וידוא הריגה בילדה, זה פשע; אין דרך להגדיר את זה. זה מה שהנסיבות האלה מאפשרות.

אם זה נכון שהמפקד עשה וידוא הריגה. אני חושבת שהצבא לא צריך לחקור את עצמו, אבל אם זה נכון שמפקד עשה וידוא הריגה, זה פשע. זה דבר שצריך להתריע מפניו. אדוני היושב-ראש, אני חוזרת ואומרת שדגל שחור מתנוסס מעל פעולות כאלה. מה אנחנו מלמדים את החיילים שלנו? לאן אנחנו שולחים אותם? במה מותר ארגון כמו צבא מארגון טרור? למה אנחנו מחנכים את הילדים שלנו? לאיזה סטנדרטים? יש אמות מידה של צבא. אחרת הכול פרוץ והכול פתוח. אדוני היושב-ראש, במענה לחבר הכנסת חן ולסיכום, אני מעלה חשש שמי שנכנס עכשיו לרצועה וגורם למה שהוא גורם שם, להרג של עשרות אנשים, אם זה לא כבר מאות, ומאות פצועים, רוצה להביא למצב של מרחץ דמים, רוצה להביא למצב של כאוס. בינתיים הוא מדבר על הינתקות, מציג מצג שווא של התרחשות מדינית, התרחשות קואליציונית והתרחשות בין-לאומית, ובסוף יהיה שם כזה מרחץ דמים וכזה כאוס, ואז יגידו: איך אפשר לצאת מעזה? איך אפשר להשאיר את עזה לכל המיליציות האלה? אי-אפשר לבצע בעצם את התוכנית הזאת, כי אין על מי לסמוך, כי הכול פרוץ, כי הכול מרחץ דמים. אני מזהירה, חברי חברי הכנסת, שימו לב שגם התרחיש הזה עוד אפשרי. תודה רבה.

כך אנשים הובאו למשפט על הרג אנשים חפים מפשע?

אתם רוצים את מוסטפא דודין.",1,
202676,2004-10-26,הודעת הממשלה על החלטה מס' 1996 בנושא תוכנית ההתנתקות המתוקנת,"אדוני היושב-ראש, חברי חברי הכנסת, אכן קואליציה מוזרה היא קואליציית ההתנתקות - אני מודה. לא שזו חברה רעה כל כך, למשל באותה קואליציה עם חבר הכנסת בר-און. בימים אחרים זה אולי היה משעשע. אני מודה שזה לא פשוט וזה לא קל, ואני יודעת שזה לא קל לאנשים כמו חבר הכנסת בר-און, וזה גם לא קל לי - אני מודה – אף  שאני תומכת בהתנתקות. כל סיעת יחד תומכת בתוכנית ההתנתקות. מובן שהיינו מעדיפים שזו תהיה הינתקות בהידברות, מובן שהיינו מעדיפים נסיגה בהסדר. אנחנו חרדים מאוד, ולא חושבים שצעדים חד-צדדיים הם צעדים נכונים, אבל למרות זאת ובכל זאת, בגלל החשיבות שיש לכך שראש הממשלה אומר שהוא יפנה יישובים, יפנה התנחלויות, ויש לזה משמעות לעתיד לגבי הגדה המערבית וסיום הכיבוש בגדה המערבית, אנחנו אומרים: כן, אנחנו נתמוך בהינתקות. זה לא בלב קל, כי אנחנו עושים הבחנה מאוד ברורה בין תמיכה בתוכנית ההינתקות - ושלא יובן לא נכון, אנחנו לא תומכים בממשלת שרון. אנחנו עדיין סבורים שמדובר בממשלה רעה, ממשלה שמדברת על הינתקות ובינתיים ממשיכה להפציץ בעזה. אז אני רוצה לעשות את ההבחנה. תמיכה בהינתקות - כן, וזה חשוב, אבל אני רוצה לייחד את עיקר דברי למי שהולכים להיות מפונים, ואני רוצה להזהיר ולהזכיר. רבותי חברי הכנסת, חברי חברי הכנסת, מפעל ההתנחלויות מסמל את המירע שבכיבוש. אני רוצה להזכיר לכולם: הכיבוש והדיכוי וההתנחלויות הם בית-חרושת והמוטיבציה הכי גדולה לטרור. ואני רוצה להזכיר לכם: היו תקופות שבנצרים ישבו 12 איש, ומי שהלך לעבות ולחזק את נצרים אמר שהוא הולך לעשות את זה כדי למנוע את הנסיגה והפינוי בעתיד. אז אותם אנשים, ואני יכולה להבין ללבם, שרואים את מפעל חייהם קורס לנגד עיניהם - זה קשה. אנשים בנו בתים - זה קשה. הם לא היו צריכים להיות שם מלכתחילה. חלקם הלכו לשם בעידודן של ממשלות בישראל, חלקם הלכו לשם מטעמים אחרים, אבל היום, ביום דין וביום פקודה, הם צריכים לקום, להתייצב ולקבל את מרותה של ממשלה נבחרת. לא יכול להיות שיהיה כאן קומץ סהרורי ומטורף שמנסה להטריף מדינה שלמה, שמוכן שחיילים ייהרגו על קדושת אדמת עזה, לשלוח חיילים - אופיר פינס יצא מכאן, שמעתי אותו מספר שהבן שלו קיבל היום צו גיוס והוא לא יצטרך לשרת את עם ישראל ברצועת-עזה. אני רוצה להסב את תשומת לבו של חבר הכנסת פינס לכך שלא משרתים את עם ישראל ברצועת-עזה; משרתים אך ורק את המתנחלים ברצועת-עזה, ואני לא רוצה שחיילים ואזרחים וילדים ונשים ייהרגו סתם. כל חייל שנהרג, עם כל כאב הלב, חייל שנהרג על אדמתה של רצועת-עזה - 7,000 איש שיושבים בתוך לב לבה של אוכלוסייה פלסטינית, מיליון ו-300,000 פלסטינים, זה כמו עצם בגרון, לא לבלוע ולא להקיא, ואין להם מה לחפש שם. וכשקמה ממשלה, וקם ראש ממשלה בישראל מהימין, אז אני רוצה קודם כול לומר: ההחלטה היא חשובה ותקדימית והיסטורית, אבל שרון הוא לא דה-גול, בואו נזכור את זה. אני מאוד מודאגת מכך ששרון רוצה לפנות את עזה כדי להעמיק ולחזק את השליטה בגדה, כי התפיסה שלו שתהיה מדינה פלסטינית ללא רצף טריטוריאלי - משהו כמו הבנטוסטנים, 58% מהשטח, בנטוסטנים בדרום-אפריקה - אני חרדה מזה ואני עומדת עם האצבע על הדופק. אבל כן, ברגע שיש ראש ממשלה שאומר שצריך להינתק, לא יכול להיות שיהיה כאן קומץ, קומץ שעושה רעש, זה נכון, קומץ שמנסה להשפיע ולחסום. כל עוד זה נעשה בדרכים דמוקרטיות, זכותו המלאה להפגין על ביתו, אבל זה בית שלא היה צריך להיות שם מלכתחילה. שאנשים יבינו את המסר - אנחנו נתמוך בתוכנית ההתנתקות, אנחנו נעמוד עם האצבע על הדופק לראות שהיא אכן מיושמת, שראש הממשלה לא ימצא תירוצים כמו שהוא עשה עד עכשיו; חבל שהוא נזכר באיחור רב כל כך. אנחנו נהיה שם, אנחנו נתמוך, ואני קוראת למתנחלים - די, תפסיקו. תקומו, תצאו ביום פקודה כשיקראו לכם. תודה רבה, אדוני.",2,
202898,2004-11-02,"הצעת חוק יישום תוכנית ההתנתקות, התשס""ה-2004","אדוני היושב-ראש, חברי חברי הכנסת, סיעת יחד תמכה בתוכנית ההתנתקות, זאת לא היתה התוכנית הכי מועדפת עלינו, כידוע, אנחנו היינו מעדיפים התנתקות בהידברות, בנסיגה, נסיגה בהסדר, אבל מכיוון שזאת היתה התוכנית המוצעת היחידה שהונחה על סדר-היום על-ידי ראש הממשלה, אנחנו תמכנו בה כי חשבנו שזה חשוב, שזה ראשוני, שזה תקדימי שממשלה בישראל, בעיקר בראשותו של מי שנקרא אבי ההתנחלויות, מפנה התנחלויות בעזה. הייתי מעדיפה כמובן שזה יהיה כבר עכשיו גם בגדה, אבל  מבחינתנו זה איזה אות, איזה סימן, איזה וו ראשוני להיתלות בו - כשנוצר תקדים של פינוי יישובים, הפינוי הזה יחול גם בגדה. לכן תמכנו בתוכנית ההתנתקות. לכן גם, אדוני היושב-ראש, אנחנו נתמוך בתוכנית פינוי-פיצוי כפי שהיא מובאת עכשיו לכנסת, ואנחנו לא נתמוך בתקציב המדינה. אנחנו חושבים שזה תקציב רע, תקציב בעייתי, שפוגע בשכבות החלשות, שהופך אותן למוחלשות יותר. אנחנו כן נתמוך בתקציב הפיצוי למתנחלים, כי אנחנו חושבים שאנשים שאמורים להיות מפונים מביתם צריכים לקבל על כך פיצוי. אחרי שאמרתי את כל זה, ארצה למתוח ביקורת - על מה בדיוק אנחנו מפצים את המתנחלים שיפונו מעזה. אין ספק שתוכנית הפיצוי צריכה להביא בחשבון שני מרכיבים. המרכיב הראשון הוא שימור רמת החיים של המתנחלים. המרכיב השני, שחשוב כמובן לא פחות, אולי חשוב יותר - שימור מסגרת תקציב המדינה. חבר הכנסת פינס, מכיוון שראיתי שהיית עסוק, הודעתי שאנחנו בתקציב המדינה לא נתמוך, אבל אנחנו נתמוך בפינוי-פיצוי. נשאלת השאלה - - -

רציתי להביא לריכוז ולקשב, חבר הכנסת פינס.

אדוני היושב-ראש, רציתי את תשומת לבו של חבר הכנסת פינס, כי אחרי שאמרתי את כל זה אני רוצה לשאול, על מה בדיוק אנחנו מפצים את המתנחלים שיפונו מעזה? זה אחרי שאמרתי שצריך לפצות אותם. אני רוצה להזכיר למי שצופה בנו ולמי שהולך לתמוך בתוכנית הזאת, שבמשך שנים המתנחלים שיושבים ברצועת-עזה הסבו נזק למדינת ישראל בשל ישיבתם שם. מדינת ישראל שילמה מחיר כלכלי, הדגש כרגע על כלכלי, מחיר כלכלי  כבד, ואני גם מציעה לא לשכוח כמה דם נשפך בעזה, דם של האנשים שיושבים שם ונהרגו, דם של חיילים שיושבים שם על הגנתם, דם מיותר, כסף מיותר, של אנשים שהלכו לשם, חלקם בשל החלטות של ממשלות ישראל לדורותיהן וחלקם במחטף כתוצאה מהחלטה פרטיזנית, פיראטית פרטית שלהם. כולם, כל מי שיושב שם היום, כל המתנחלים ברצועת-עזה, יודעים שהם יושבים בשטח שהוא שנוי במחלוקת מבחינה מדינית והם ידעו שיבוא יום והם יצטרכו להתפנות משם. חברי חברי הכנסת, הממשלה קיבלה החלטה פוליטית לפנות את המתנחלים מרצועת-עזה. כמו שאמרתי קודם, תמכנו בהחלטה הזאת; היינו מעדיפים שזאת תהיה התנתקות בהידברות, אך תמכנו בהחלטה. ומהרגע שתמכנו בהחלטה, אני חושבת שאנחנו  צריכים לדאוג שהאנשים שיושבים שם יהיה להם דיור חלופי, יהיה להם הסדר חלופי, אבל הדיור החלופי צריך להיות בתחומי ""הקו הירוק"". אין לי שום עניין לתמוך במתנחלים ושהמדינה תיתן כסף למתנחלים שיצאו מרצועת-עזה ויעברו  לגור ביהודה ובשומרון. זה נראה לי שיא השיאים והאבסורד. אני חושבת שבזה צריך לשים דגש, לוודא ולדאוג שאותו פיצוי שאנחנו הולכים להצביע בעבורו - נעשה את זה, לא בלב קל אבל מתוך ידיעה שמדובר באנשים שרואים את מפעל חייהם קורס לנגד עיניהם. עם כל הביקורת שלי על המפעל הזה - יש לי ביקורת קשה, אמרתי קודם, האנשים  האלה גרמו נזק כבד למדינת ישראל - האנשים האלה רואים את מפעל חייהם קורס לנגד עיניהם, הולכים לפנות אותם, אני יכולה להבין את זה, אני מגלה אמפתיה לזה. אבל, עם כל האמפתיה אני מציעה לזכור: מפעל ההתנחלויות, המפעל הזה שכרגע קורס לנגד עיניהם, מפעל ההתנחלויות מסמל את המירע שבכיבוש. חברי חברי הכנסת, לא היה בתולדות המדינה מפעל הרסני ולא מוסרי כמו מפעל ההתנחלויות בכלל ובעזה בפרט. אנחנו מדברים כרגע על עזה. אנחנו יודעים בדיוק למה ממשלות ישראל הקימו את ההתנחלויות, זה היה מתוך רצון ומגמה לסכל כל אפשרות עתידית להסדר. אני מציעה לזכור, שההתנחלויות האלה יושבות על אדמה פלסטינית, אדמה שנגזלה מידי הפלסטינים. והכסף שהוזרם לשם ברבות השנים, עשרות מיליונים, אולי מיליארדים, אני לא יודעת, חבר הכנסת אופיר פינס, לכמת את זה - - -

אני מודה לך. הכסף שהוזרם לשם בא על חשבון החברה הישראלית שיושבת בתחומי מדינת ישראל. זה  בא על חשבון הקבוצות המוחלשות, זה בא על חשבון עיירות הפיתוח, זה בא על חשבון אזרחי ישראל הערבים, זה בא על  חשבון כל אותם מגזרים בחברה הישראלית שנאנקים תחת הגזירות, ואילו המתנחלים ברצועת-עזה זכו להקלות, זכו לפטורים, זכו להגנה ולאבטחה מטעם המדינה, אבטחה והגנה שאף אחד בתוך ""הקו הירוק"", בתחומי מדינת ישראל, לא זוכה לה, כי היתה כאן ממשלה שחשבה שצריך לחזק את המפעל הזה, שהמפעל הזה חשוב כי הוא ימנע הסדר, כי זה ימנע רצף טריטוריאלי. מפעל ההתנחלויות ברצועת-עזה הוא כמו עצם בגרון, לא לבלוע, לא להקיא. בתוך מיליון וחצי פלסטינים או מיליון ו-300,000 פלסטינים ברצועת-עזה, כ-1,500 בתי-אב יושבים שם שנים, מקבלים תקציב בלתי מוגבל. בעוד אנחנו קורסים, האנשים האלה המשיכו להיות ממומנים על-ידי המדינה. אדוני היושב-ראש, תוכנית ההתנתקות מעזה בהחלט תשים קץ להזרמת הכספים המיותרים להתנחלויות, בזה אין ספק. לכן אתמוך בתוכנית הזאת המוצעת לפיצוי. אין ספק שלמדינה יש אחריות כלפי אזרחיה. מדינה או ממשלה שהחליטה לפנות מתנחלים צריכה לדאוג לרווחתם. זה לא קל לי אבל אני אומרת את זה: צריך לדאוג לרווחתם. אבל צריך להביא בחשבון את הסכומים שיידרשו עכשיו לפינוי בעזה, כי יבוא יום, אומנם עכשיו מדובר בהינתקות חד-צדדית, אומנם עכשיו מדובר בצעדים ללא הסדר עם הצד הפלסטיני, אבל יבוא יום, אני מאמינה, שיהיה פינוי גם בגדה, יבוא יום שיהיה הסדר בגדה, והתקדים שיהיה בעזה יחול כנראה גם בגדה. לכן, מכיוון שברצועת-עזה יש כ-1,500 משקי בית, צריך לדאוג להם, אבל צריך לדאוג שגובה הפיצוי יהיה סביר, שהפיצוי יהיה רק לאלה שיעברו לחיות בתחומי מדינת ישראל. חברי חברי הכנסת, בעיקר צריך לדאוג שהם יצאו משם, וכמה שיותר מהר. תודה, אדוני היושב-ראש.",1,
203131,2004-11-09,הצעות לסדר-היום: האיומים על חייו של ראש הממשלה,"אדוני היושב-ראש, שוב אנחנו עדים להסתה פרועה, מתלהמת, נגד ראש הממשלה, כאילו לא נלמד דבר, כאילו לא נשכח דבר וכאילו רק לפני כמה זמן לא היינו עדים להירצחו של ראש ממשלה בישראל. יש כנראה מי ששכח, יש כנראה מי שמבקש לשכוח ויש כנראה מי שמבקש להשכיח, והכול משום  שיש כאן מערכת רופסת של אכיפת החוק במדינת ישראל. אני מאלה שמאמינים שצריך להשאיר שוליים רחבים ביותר לחופש הביטוי, אבל לא יכול להיות שישתמשו כאן במלים שמשחררות נצרה, מלים שנאמרות על-ידי אנשים שיש להם מעמד בקרב המאזינים שלהם. יש רבנים שפוסקים פסקי הלכה שמאיימים - מלים משחררות נצרה. אדוני היושב-ראש, כבר ראינו איך מלים תורגמו לאצבע על ההדק. אנחנו ראינו שאותם רבנים, שבזמנו הוציאו פסקי דין רודף ופסקי הלכה נגד ראש הממשלה המנוח יצחק רבין, ממשיכים להסית גם הפעם, וכותבים ואומרים דברים שהאוזן מתחלחלת לשמעם, ויש מי שיושב בראשות אכיפת החוק וחושב שהמלים האלה הן במסגרת גבולות חופש הביטוי, כאילו שלא ראינו שנרצח ראש ממשלה בישראל. אדוני היושב-ראש, הרבנים האלה - שהם אחראים להירצחו של ראש הממשלה, שבזמנו הוציאו פסקי דין רודף, ועדיין ממשיכים להלך בינינו בלי לתת על כך את הדין, הרבנים האלה, שיש להם חסידים שקוראים בין השיטין למה מתכוונים אותם רבנים - הם הפצצות המתקתקות המסוכנות מכולן. חברי חברי הכנסת, בעיקר חברי הכנסת מהימין, שהדבר נוגע להם כרגע כי הם עומדים לפנות התנחלויות, ואני מבינה שזה לא קל, אם אתם לא תקומו ותעצרו את אותם אנשים, כולם, כל מי שלא עצר וכל מי שאמר, יהיה שותף למעשה הבא, שאני מקווה שלא יקרה. תודה רבה.",3,
203276,2004-11-10,"הצעת חוק בתי-המשפט (איסור פרסום פרטי חשוד), התשס""ג-2003","הבאתם מעצרים מינהליים מאנגליה, הורסים בתים על-פי החוקים המנדטוריים של אנגליה. לא הכול טוב באנגליה.",2,"The speech expresses strong criticism of administrative detentions and house demolitions related to British mandate laws, indicating a clear opposition to the current policies surrounding settlement."
203522,2004-11-17,המצב ברשות הפלסטינית לאחר עידן ערפאת,"אדוני היושב-ראש, חברי חברי הכנסת, צודקת קודמתי על הדוכן, מגיע לנו חיים נורמליים, אבל למה מגיע לנו אתכם? למה מגיע לנו אתכם, הליברלים משינוי? אדוני היושב-ראש, אם ליברליות משמעה הסתה – כדאי שישמע שר המשפטים מה שיש לי להגיד לו – אם ליברליות משמעה הסתה, אם ליברליות משמעה דמוניזציה, אם ליברליות משמעה וולגריזציה, אם ליברליות משמעה ליבוי יצרים, אכן, זכיתם בתואר. אתם, הליברלים של שינוי, שבימים שהולך לעולמו מנהיג של עם, ועם כל הביקורת עליו, מתלהמים כמו שעשה שר המשפטים - - -

אני לא זוכרת הסתה יותר פרועה, יותר גסת רוח, הייתי אומרת אפילו בהמית, שעושה דמוניזציה לעם שלם, כמו שעשה שר המשפטים הליברלי משינוי.

כן, אני חוזרת בי, לפרוטוקול.

אדוני היושב-ראש, אכן כולם מדברים על העידן החדש לאחר מותו של יושב-ראש הרשות הפלסטינית יאסר ערפאת. העידן החדש הזה תלוי בראש ובראשונה בהתנהגותה של ממשלת ישראל שהיא הריבון בשטח, ויש כאן אולי פתח לתקווה חדשה. לכן, אני מציעה לראש ממשלת ישראל: אנחנו, מהשמאל - כן, אנחנו מהשמאל; אנחנו גאים שאנחנו מהשמאל - מציעים לראש ממשלת ישראל לא להתאהב בתוכניות של עצמו. אנחנו תמכנו בתוכנית ההינתקות החד-צדדית, לא כי חשבנו שהיא תוכנית טובה. אני חושבת כמו כל הציבור שלא חשב שהיא תוכנית טובה, אבל חשב שאי-אפשר להמשיך ולהישאר שם ולהמשיך לשלם את מחיר הדמים המיותר הזה, שבגלל השנים הארוכות שנשארו שם שילמו את המחיר. אבל, יש כאן פתח לתקופה חדשה. זאת ההזדמנות אולי לדבר על הינתקות בהידברות. צריך לאותת שיש אופק מדיני. צריך לאותת שצריך לדבר. אין דבר יותר טוב מלדבר. אדוני היושב-ראש, ראש הממשלה שרון קבע לוחות-זמנים מפורשים, שאני מודה שאני לא אוהבת אותם. עד ספטמבר 2005 יש עוד כל כך הרבה זמן, אבל עד ספטמבר 2005 הוא יכול למצות תהליך של הידברות. כשאני מדברת על הידברות, אינני מתכוונת למה שמתכוונים חוגי הימין, להידברות לצורך מסמוס התהליך, אלא אני מדברת על הידברות כדי להגיע להסכמה. הדבר הזה יועיל, בראש ובראשונה, לאינטרסים של מדינת ישראל.

אל תפריעי לי עכשיו. שמעתי אותך. כדי לתת כוח ויוקרה למנהיגות הפלסטינית החדשה שקמה, וזה לא פשוט עכשיו לעמוד בראש הרשות הפלסטינית עם כל מה שקורה שם, ממשלת ישראל צריכה דבר ראשון לנקוט שורת פעולות שיאפשרו סוג של הידברות ויאפשרו גם לאבו-מאזן יכולת לתפקד. צה""ל צריך לצאת ממרכזי הערים. צריך לפתוח את הסגרים והכתרים. צריך להוציא את כוחות צה""ל מהרצועה. זה מצב בלתי מתקבל על הדעת שכך ממשיכים החיים בלי חופש תנועה וכל מה שקורה שם בשטחים. איך אנחנו יכולים לבוא בטענות עם אותו דיבור ישן ומיושן, שאינו משתנה, של שרון? עד עכשיו היה ""אין פרטנר"". לא אהבנו את המנטרה הזאת - ""אין פרטנר"". עכשיו, מת הצידוק ""אין פרטנר"", אז עכשיו חוזרים אל הצידוק: קודם שהוא יעשה סדר, קודם שהוא ישקיט את הטרור. איך בדיוק אנחנו רוצים לבקש מאללה ירחמו - איך אומרים?

בדיוק, ייבדל לחיים ארוכים. איך אנחנו רוצים - אם אנחנו לא נאפשר לו את הדברים המינימליים האלה?

אדוני היושב-ראש, זהו אינטרס, בראש ובראשונה, של ממשלת ישראל להביא להסדר ולרגיעה ולבצע את תוכנית ההינתקות, רצוי בהידברות. תוכנית ההינתקות תביא לחיבור עם מפת הדרכים, שתוביל בסופו של דבר למה שאנחנו היינו רוצים וחושבים שצריך להיות - שתהיה כאן מדינה פלסטינית לצד מדינת ישראל. זאת ההזדמנות עכשיו. אסור לנו להחמיץ הזדמנויות. אני מציעה לא לחזור על הטעויות. אני זוכרת איך ממשלת שרון נהגה - ואין לי דרך אחרת לקרוא לזה - בקמצנות כלפי ממשלתו הקודמת של אבו-מאזן. את כל המחוות של שחרור האסירים שעשו ל""חיזבאללה"" לא עשו לאבו-מאזן. אני מציעה: יותר רוחב לב, יותר פתיחות ויותר הידברות. זהו אינטרס שלנו. להוציא את צה""ל מהרצועה, להוציא את המתנחלים מגוש-קטיף ומרצועת-עזה, לעשות זאת בצורה חלקה, להעביר את האחריות והשליטה לפלסטינים בהתערבות המצרים, כדי שהכול ייעשה כמו שצריך. אחרת, אינני רוצה להמשיך ולחשוד בראש הממשלה שרון, שבעצם תוכניתו הגדולה היא לצאת  מרצועת-עזה ולהפוך את הגדה לבנטוסטנים, לעשות מין מדינה פלסטינית ללא רצף טריטוריאלי על משהו כמו 50% ומשהו מהשטח. אני רוצה לקוות ולהאמין, שמי שאמר ""הינתקות חד-צדדית"" כי הוא אמר שאין פרטנר, עכשיו אין לו כבר צידוק ואין לו במה להיתלות - שעכשיו ומייד, כשהוא חוזר לישיבת הממשלה ביום ראשון, הוא צריך להכריז שהוא מתחיל בהידברות עם ההנהגה הפלסטינית הנבחרת הקיימת כרגע, ולאפשר כמובן בחירות לתושבי - - -

אני מוכנה לשמוע אותו בהרבה הזדמנויות. הוא יכול גם לבוא לכנסת. אין לי בעיה עם זה.

אינני חייבת לשמוע אותו אישית. אדוני היושב-ראש, אני רוצה להגיד לך משהו במאמר מוסגר.

גם אני חושבת כך. דרך אגב, חשבתי על זה מזמן.

חבר הכנסת אלון, אני רוצה שתשמע גם אתה. לדעתי, אין תקדים לכך שמדינה דמוקרטית ומתוקנת נוהגת ומפעילה סממנים של משטרים פאשיסטיים כמו ממשלות ישראל, דרך אגב, לדורותיהן. פותחים כל יום ראשון את ישיבת הממשלה בצילום הזה של ישיבת הממשלה וקוראים את ההודעה הזאת. מה זה?

אני עובדת על זה. אדוני היושב-ראש, דרך זה אני רוצה לשמוע איך ראש הממשלה פונה להנהגה הפלסטינית ומכריז על תהליך של הידברות. תודה רבה.",1,
204354,2004-12-01,הצעות לסדר-היום: הכרזת נשיא סוריה על נכונותו למשא-ומתן עם ישראל,"אתה יכול לדבר בנושא אחר בינתיים.

אדוני היושב-ראש, אדוני השר, חברי חברי הכנסת, כשאני שומעת את חברי הכנסת שעומדים כאן על הדוכן ומדברים, ואני שומעת את הדברים של נציגי הממשלה הרשמיים, אני אומרת לך, אדוני היושב-ראש, שלדעתי מנחם בגין היה מתהפך בקברו לו היה שומע את יורשיו מדברים באופן שבו הם מדברים כשיוצא נשיא סורי וקורא לממשלת ישראל לחדש את המשא-ומתן. אני אומרת לך שהוא היה מתהפך בקברו. הזכיר קודם חבר הכנסת חיים רמון את מנחם בגין. אין לי היכולת התיאטרלית המדהימה הזאת של חבר הכנסת חיים רמון, אבל מנחם בגין אמר ב-1981, כשעבר חוק סיפוח רמת-הגולן: אם יהיה נשיא סורי שיהיה מוכן להידברות ולמשא-ומתן, אנחנו נפתח אתו במשא-ומתן, וגם החוק הזה לא ימנע בעדנו את המשא-ומתן להסדר עם הסורים. כל פעם מופתעים במדינת ישראל, וזאת לא הפעם הראשונה ולא הפעם השנייה, אולי השלישית שיש נשיא סורי, אסד הבן, שמציע הידברות ומשא-ומתן ישיר. אז מתחילים אצלנו לבדוק בציציות, כמו שאני שומעת עכשיו: מה עומד מאחורי הכוונות שלו? האם הדברים שלו מיועדים רק לקהילה הבין-לאומית? אילו הישגים הוא רוצה להשיג? האם הוא רוצה לנצל עכשיו את הבוקה ומבולקה, או את העובדה שממשלת ישראל תיתלה בזה שהיא פותחת בהידברות או פותחת בתוכנית ההתנתקות, ואי-אפשר כמובן לעשות שני דברים בו-זמנית בשני ערוצים, גם בערוץ הפלסטיני וגם בערוץ הסורי? את כל התירוצים האלה אנחנו יודעים. אני רק יודעת דבר אחד. אנחנו מתנהגים, הייתי אומרת, באיזה זלזול, באיזו פשטות חסרת תחכום, הייתי קוראת לה, בתשובות האלה שלנו. אז שמענו את ראש הממשלה, שמענו את שר החוץ, שמענו את שר האוצר, ולא מזמן אפילו שמעתי את שר החקלאות ישראל כץ, איך הוא והממשלה מאשרים כספים חסרי תקדים, עכשיו, לפיתוח רמת-הגולן, ובאיזו התרברבות שמעתי אותו עומד ואומר, שר החקלאות, שנשיא סוריה אסד יפתח את החלון ויראה את הבתים והעצים פורחים ומלבלבים ברמת-הגולן. פרובוקציה מתגרה כזאת. זה רציני? זו ממשלה רצינית? אני יודעת, אדוני שר החוץ, שהזמן פועל לרעתנו. אני רוצה להזכיר לך שגולדה מאיר, ראש הממשלה, זיכרונה לברכה, קיבלה הצעה מהנשיא סאדאת, באמצעות נחום גולדמן, לגבי סיני. והיא גלגלה אותו – תסלחו לי על הביטוי הלא-פרלמנטרי - מכל המדרגות, התייחסה אליו בזלזול. סאדאת לא הציע משא-ומתן, הוא ביקש את סיני. הוא לא הציע משא-ומתן. אני מציעה לראות את ההבדל. ביקש את סיני, גלגלה אותו מכל המדרגות, פרצה מלחמת יום כיפור, מדינת ישראל שילמה מחיר דמים כבד, ובסופו של דבר החזרנו את כל סיני. אני מציעה להפיק לקחים מהדברים האלה. בסופו של דבר, מי שמשלם את המחיר זה אנחנו, זה מדינת ישראל, כיוון שיש ממשלת ישראל, ממשלה סרבנית שעונה תשובות סרבניות. המחיר ידוע, חברי חברי הכנסת, אדוני שר החוץ. המחיר ידוע. ישראל תצטרך לרדת מרמת-הגולן, לפנות יישובים, תוך כדי הסדרי ביטחון, תוך כדי זה שהסורים ימשיכו את הטרור ויהיו ערבויות בין-לאומיות. המחיר ידוע. תתחילו לעשות אותו, ויפה שעה אחת קודם. תודה רבה.",3,
205192,2004-12-22,הצעות לסדר-היום: קריאתו של ראש מועצת בנימין פנחס ולרשטיין להפר את חוק פינוי-פיצוי,"אדוני היושב-ראש, פינוי התנחלויות מעזה, אני מניחה שזה קשה לאנשים. אין לי ספק שזה קשה לאנשים שהולכים לפנות אותם, אבל פינוי התנחלויות זה לא הליכה לתאי גזים, בכל הכבוד.

אני תיכף אטפל בוולרשטיין. תאמין לי, אני אגיע אליו.

תרשה לי, חבר הכנסת יהלום, לשיטתי, לקשור את הקשר.

אדוני היושב-ראש, אני חוזרת ואומרת, שעם כל ההבנה לכאבם של אנשים, שאני חושבת שלא היו צריכים להיות שם, ההחלטה לפנות התנחלויות אין משמעה החלטה על הליכה לתאי גזים. אני אומרת את זה כבת לניצולי שואה, אבל לא רק. אני אומרת את זה כי מדובר כאן באסטרטגיה של קבוצה של אנשים. לא מדובר כאן במחאה לגיטימית, מדובר כאן באסטרטגיה של שימוש בסמלים נאציים בדיוק כמו בתקופה שקדמה להסתה לרצח ראש הממשלה יצחק רבין. אני זוכרת שהלבישו את רבין במדי אס.אס., אני זוכרת שדיברו על ממשלת יודנראט.

מה קרה? מה קרה, חבר הכנסת יהלום?

תקשיבו, תקשיבו גם למה שקשה לכם לשמוע. מי שנותן לגיטימציה לענידת טלאי כתום, נותן - - -

האם אני יכולה להגיד שני משפטים רצופים?

חבר הכנסת יהלום, האם אני יכולה להגיד שני משפטים רצופים?

אדוני היושב-ראש, מי שנותן לגיטימציה לכך – ושמחתי לשמוע שהיו כאן חברי כנסת שהוקיעו והתנערו מהשימוש בענידת הטלאי הכתום – נותן לגיטימציה לחזרת התקופה שקדמה להסתה לרצח ראש הממשלה, ואני מקשרת את זה, חבר הכנסת יהלום, עם הדברים של פנחס ולרשטיין.

פנחס ולרשטיין יצר את האווירה. הוא לא דיבר על התנגדות פסיבית, חבר הכנסת יהלום. זה בראש שלך.

אתה חושב שאני יכולה להגיד שני משפטים רצופים ואחר כך תגיב? שניים רצופים.

פנחס ולרשטיין קרא להפרת חוק בריש גלי, קוראים לזה ""המרדה"". פנחס ולרשטיין הוא נבחר ציבור, זה כבר לא הגבולות הלגיטימיים של חופש הביטוי וזה לא הרצון של הפרט לסרב ולהחליט כרצונו. אני עושה בדיוק את ההבחנה. הוא נבחר ציבור, שמקבל גיבוי של רבנים, שמקבל גיבוי של מועצת יש""ע, וקורא להפרת חוק. אני לא מתפלאת על פנחס ולרשטיין, אני מתפלאת על היועץ המשפטי לממשלה. היועץ המשפטי לממשלה אמר שהוא יבדוק. מה בדיוק יש כאן לבדוק בדברים של פנחס ולרשטיין? האם יש כאן ראיות חסויות? הכול גלוי, הכול נאמר תחת כל עץ רענן. זה המשך למדיניות החידלון ומדיניות האי-אכיפה של היועץ המשפטי לממשלה, או של היועצים לדורותיהם, שהרשו את ההשתוללות הזאת, חסרת הרסן, של מועצת יש""ע, שהובילה אחר כך ללגיטימציה לענידת טלאי כתום. תודה רבה.

לא, נסים זאב דיבר במקומו של אופיר פינס.",1,"The speaker strongly opposes the settlement policy, equating it with harmful historical events and criticizing those who support it."
207029,2005-02-02,שאילתות בעל-פה,"אני מודה לאדוני, ואני מצטרפת לברכות שלך לסגנית השר.

בעקבות ההצעה להרוס מבנים באזורים שיפונו לאחר ההתנתקות, רצוני לשאול: 1. אילו מבנים ייהרסו – בתי-מגורים, בתי-כנסת, מבני ציבור? 2. האם הריסתם נועדה למנוע חזרת מפונים או השתלטות פליטים? 3. האם יש המלצות פנימיות שלא להורסם? 4. כיצד תואמה השליטה עליהם מול הרשות ונציגים בין-לאומיים?

אדוני היושב-ראש, האומנם? אין לי טענה לסגנית השר, אבל יש לי טענה על נוסח התשובות. זה מצחיק בעיני, אם לא לומר מעליב, ואם לא לומר אפילו מבזה את הכנסת. אנחנו שומעים הודעות סותרות שיוצאות מישיבות ממשלה, מתוך דיונים בממשלה, לרבות הדלפות רחבות בעיתונים, הודעות סותרות. הודעה אחת דיברה על כך שיש כוונה להרוס את כל המבנים בגוש-קטיף לאחר הפינוי, בדומה לימית. הודעה אחרת, כעבור זמן, אמרה שאולי יש מחשבה נוספת, ובכלל הכוונה עכשיו היא לא להרוס, אלא לתאם עם הרשות הפלסטינית או עם גורם בין-לאומי.

אדוני היושב-ראש, יש לי כמובן עמדה מאוד ברורה בעניין הזה. אני חושבת שלא צריך להרוס. ממשלת ישראל, שיש לה תוכנית כל כך מקיפה להינתקות, שיש לה כאן חקיקה כל כך מקיפה על ההינתקות, אין לה מענה כל כך ראשוני? האם ""אין תשובה"" זה המענה?

אז עוד משפט אחד ברשותו של אדוני: אני רוצה לבקש מסגנית השר את הדבר הבא. אני לא רוצה לקרוא בעיתון מה תהיה ההחלטה. אם ביום ראשון תתכנס ממשלת ישראל ותקבל, נניח, החלטה בעניין, אני אקרא על זה בעיתון? אני חושבת שחובתה של הכנסת לקבל מידע קודם ומוקדם. לכן, ברשותו של אדוני, אני אשמח אם אדוני ייעץ לי אם זאת הדרך הנכונה לעשות. מה אדוני מייעץ לי, איך הממשלה צריכה לנהוג מול הכנסת כדי שאני לא אקרא על זה בעיתון?",2,
207220,2005-02-08,"הצעות לסדר-היום: דוח-ששון בנושא המאחזים הבלתי-חוקיים באזורי יהודה, שומרון ועזה","אדוני היושב-ראש, חברי חברי הכנסת, דוח עורכת-הדין טליה ששון על ההתנחלויות הבלתי-חוקיות בשטחים חושף את מה שידענו זה כבר, שממשלות ישראל אפשרו להתנחלויות לא חוקיות לעלות על הקרקע ולהתבסס במשך שנים, תוך עצימת עיניים ותוך שימוש בשיטות של סיוע מתחת לשולחן. זאת היתה שיטה קבועה וממוסדת של אספקת שירותים ותחזוקה שוטפת למאחזים שהמדינה לא אישרה את הקמתם, וכולם היו שותפים. כולם היו מעורבים - החל ממשרד הביטחון, צה""ל, המינהל האזרחי, המשטרה, משרדי התשתיות, החינוך, התעשייה והמסחר, האוצר, השיכון, הדתות. כולם, כולם היו מעורבים, לרבות המועצות המקומיות והאזוריות ביהודה ושומרון. כל הדרגים, אדוני היושב-ראש, התעלמו מהפרות חוק של המתנחלים, מתנחלים שהשתלטו על קרקעות פרטיות ועל אדמות מדינה. על-פי דוח-ששון, הוקמו 120 מאחזים בלתי חוקיים, מה שידענו מכבר, רק דוח-ששון מאגד בעצם את הכול תחת קורת-גג אחת. 120 מאחזים בלתי חוקיים, תוך עקיפת חוקי התכנון והבנייה ותוך עקיפת תוכניות המיתאר, תוך התעלמות מרישוי הקרקעות ותוך כדי הרחבה לא חוקית של התנחלויות קיימות. גם אחרי שהיועצים המשפטיים לממשלה לדורותיהם הורו להפסיק להעביר תקציבים להתנחלויות, השיטה המשיכה לפעול כרגיל. שרי הממשלה, ממשלות ישראל, המשיכו לצפצף על החוק ואפשרו לגורמים המקצועיים הכפופים להם לתקצב החלטות בלתי חוקיות, אומרת טליה ששון, תוך הפעלת לוליינות - הדגש הוא על לוליינות - מינהלית וחוקית. הדוח של טליה ששון חושף את השיטה הזאת, השיטה למימון בינוי מאחזים בלתי חוקיים באמצעות תמיכות כפולות. באמצעות הממשלה, באמצעות הרשויות המקומיות, מממנים דברים לא חוקיים. אני אומרת, כולם, כל הגורמים - ברשויות המקומיות וברשויות בכלל, ברשויות אכיפת החוק - העלימו עין מהחוק כשהם תקצבו את השכונות ואת המאחזים הבלתי-חוקיים. הם לא בדקו את החוקיות של הפרויקטים המתוקצבים, הם לא בדקו את חוקיות תוכניות המיתאר, את מצבן החוקי והקרקעי ואת היתרי הבנייה. אני מודה שנדהמתי לשמוע, או ליתר דיוק לקרוא על-פי מה שהתפרסם, שמה שעומדת עורכת-הדין ששון להמליץ הוא בעצם על שינוי דינים ונהלים, לרבות שינוי תוכניות מיתאר, כדי למנוע הקמת מאחזים והמשך התמיכה בהם. אני ממש לא מבינה למה צריך לדבר על שינוי מערך החקיקה. למה? משום שיש ממשלה רופסת וצבא שמתקשה לפנות, צריך עכשיו לשנות את מערך החקיקה? אדוני היושב-ראש, ניתן לפנות מאחזים בלתי חוקיים במסגרת החוק הנוהג בשטח, חוק התכנון והבנייה הירדני. ניתן להכריז על האזור כשטח צבאי סגור ולפנות התנחלויות או מאחזים בלתי חוקיים.

אדוני היושב-ראש, תרשה לי עוד דקה. יש כאן בכלל התנהגות של הקוזק הנגזל: גם הפקיעו אדמות, גם הקימו מאחזים בלתי חוקיים, ועכשיו רוצים לשנות את החוקים. אני קוראת ליועץ המשפטי לממשלה להורות על חקירה פלילית נגד הגורמים הממלכתיים שנתנו יד לפעילות הבלתי-חוקית שנחשפת בדוח-ששון. ללא הטלת אחריות אישית יצטרף גם דוח-ששון לשורה ארוכה של דוחות שהעלו אבק ולא הביאו לשום שינוי בהפקרות הבריונית והפלילית של בנייה בלתי חוקית בשטחים. תודה רבה.

אתה צודק, אין לך מחלוקת אתי.",1,"The speech strongly criticizes illegal settlements and calls for legal action against those involved, indicating a clear opposition to the settlement policy."
210121,2005-05-25,הצעות לסדר-היום: ביקורו של ראש הממשלה בארצות-הברית,"גברתי היושבת-ראש, ביקורו של ראש הממשלה שרון בארצות-הברית, שזכה לתמיכה כל כך נרחבת בקרב יהדות ארצות-הברית ובקרב ארגון אייפא""ק, מדליק אצלי נורה אדומה ומעלה שאלות מאוד מאוד קשות לגבי כוונותיו של ראש הממשלה לגבי הסדר הקבע. מה שעשה ראש הממשלה לאבו-מאזן בכותרת אחת בעיתון הוגדר ""הרג אותו ברכות"". יש כאן ניסיון מצטבר ומתמשך של ראש הממשלה, במקום לבצר את מעמדו של אבו-מאזן, שעושה מאמצים להיאבק בטרור - לגמד ולקצץ בכנפיו של יושב-ראש הרשות הפלסטינית. ראש הממשלה שרון רוצה לחזור לאותה תקופה שבה כינה את היושב-ראש אבו-מאזן ""אפרוח מרוט נוצות"". אני חושבת שזו תהיה טעות גדולה מבחינתו של ראש הממשלה. אני חושבת שזו טעות שלנו, של החברה הישראלית, כשכולנו עכשיו כל כך מתלהבים מתוכנית ההינתקות ותומכים בה, שאנחנו קצת מפספסים או קצת לא שמים לב שבעצם ראש הממשלה, בדרישות שהוא הציב לאבו-מאזן, אומר לו: לא יהיה דיון על הסדר הקבע כל זמן שלא יתמלאו כך וכך תנאים. מדובר בתנאים שאין סיכוי שהם יתמלאו באופן שראש הממשלה מציב. כן, כולנו שותפים לתביעה לחיסול הטרור. השאלה, האם הצעדים האופרטיביים שראש הממשלה מציע הם הצעדים שמאפשרים לאבו-מאזן להמשיך לשלוט. העובדה שהחזיתות השונות וארגוני הסירוב יהיו חלק מהפרלמנט הפלסטיני, הם יהיו חלק מהדיאלוג המדיני, האם אין בכך מאבק בטרור? האם אין בכך סמל ואיתות לכך שמפרקים את הארגונים האלה מהרצון שלהם לעסוק בטרור ומכניסים אותם למעגל ההתדיינות המדינית? חברי חברי הכנסת, תהיה זו טעות, הייתי אומרת גם מבחינתנו, למחוא כפיים לראש הממשלה. יחס, סימפתיה אישית, חיבה של יהדות ארצות-הברית לראש הממשלה – כן. תמיכה בו על המאבק שלו לתוכנית ההינתקות – כן. אזהרה ותמרור אדום גדול לגבי ההשלכות של הדיבורים שלו וההצהרות שלו על העתיד של יהודה ושומרון, בקיצור מה שנקרא הגדה המערבית והסדר הקבע. תודה רבה.",3,
210917,2005-06-14,פרשיות השחיתות והשלכותיהן על החיים הציבוריים,"אדוני היושב-ראש, אדוני ראש הממשלה, חברי חברי הכנסת, סיעת מרצ יזמה את הדיון היום בנושא השחיתות הפוליטית. מרוב שאנחנו כל כך עסוקים בהתנתקות אנחנו לא כל כך מתייחסים לסכנה הקשה ביותר שאורבת ונשקפת לדמוקרטיה הישראלית, והיא השחיתות הפוליטית. אני רוצה להבהיר בצורה ברורה, חבר הכנסת הנדל. זה נכון שסיעת מרצ תומכת בהתנתקות,  אבל ודאי שאנחנו לא תומכים בהתנהלות הקלוקלת והמקלקלת, ההתנהלות המשחיתה של הממשלה, שאתה, אדוני ראש הממשלה, עומד בראשה. חברי חברי הכנסת, אין יותר מורא מפני החוק, יש שחיקה והתערערות של שלטון החוק, שערורייה רודפת שערורייה, והמאבק הפוליטי על השלטון הופך להיות חסר רסן ומגבלות. הממשלה בראשותך, אדוני ראש הממשלה, מקימה מחדש את סדום ועמורה. חברי חברי הכנסת, הפרס על השחיתות קורץ, ובגדול. כבר נאמר שכוח משחית, כוח מוחלט משחית לחלוטין. לכן, אדוני ראש הממשלה, המבחן של מדינה מתוקנת אינו בקיומה או אי-קיומה של שחיתות. המבחן של מדינה מתוקנת הוא אם קיימים במדינה מנגנוניים אפקטיביים לביעור השחיתות ואם המנגנונים האלה מתפקדים. חברי חברי הכנסת, השחיתות הפוליטית משתוללת באין מפריע. היא גלויה, כולם רואים את זה, אי-אפשר לפספס את זה. אני מתכוונת בעיקר לשלושה תחומים מרכזיים שבהם השחיתות הזאת באה לידי ביטוי: בטובות הנאה ומינויים פוליטיים, במימון ותחזוק שלטוני של מאחזים בלתי חוקיים ובהצבת המחוקקים מעל החוק. השחיתות הפוליטית הזאת, שאני מתכוונת להתייחס אליה, משתוללת באין מפריע. היא משתוללת משום שמנגנוני הריסון והבקרה, אותם מנגנונים שהיו אמורים להיאבק בשחיתות, המנגנונים האלה קרסו. אני מתכוונת לאגף החקירות במשטרה, למוסד היועץ המשפטי לממשלה, למבקר המדינה ולבית-המשפט. חברי חברי הכנסת, אלה שאחראים  לשחיתות המתעצמת ונותנים לה יד, הם גם אלו שאחראים להשחתה הטוטלית, הייתי אומרת להשחתה הזדונית, של המנגנונים שנועדו להיאבק בשחיתות. נכבש כאן יעד אחר יעד, מבצר אחר מבצר של שלטון החוק. המכנה המשותף, אדוני יושב-ראש הכנסת, של שלושת התחומים שאתייחס אליהם בדברי הוא השחיתות של הפוליטיקאים, שנעשית בריש גלי, והשחתה של הפוליטיקאים את מנגנוני הריסון והבקרה. התחום הראשון שאגע בו, חברי חברי הכנסת, הוא טובות הנאה ומינויים פוליטיים. אדוני ראש הממשלה, בחרתי לפתוח בך, כי המעמד מחייב, והצמרת מקרינה בהכרח על סביבתה. מנהיג – קבע בג""ץ בזמנו - חייב להקרין יושר ויושרה. אבל, לצערי, הקביעה הזאת של בג""ץ אינה מתקיימת. בשנים האחרונות נחשפנו לעוד ועוד פרשות של קבלת טובות הנאה לך, ראש הממשלה, ולמשפחתך; טובות הנאה שניתנו לך מצד גורמים אינטרסנטיים, שרצו ליהנות מהמנעמים שיכולה להעניק להם השררה. אני לא נכנסת לשאלה שבה נחלק בית-המשפט העליון, האם היה או לא היה בטובות ההנאה האלה משום עבירה פלילית, אבל מבחינה ציבורית אין ספק שטובות ההנאה האלה מראות ריקבון שלטוני עמוק, ריקבון שפושה בכול. אדוני ראש הממשלה, אומנם אתה לא מקשיב, אתה מתייחס לשרת המשפטים, אבל אני רוצה לומר לך, כשטובות הנאה כאלה של ראש ממשלה עוברות ללא סנקציה, קשה לצפות אחר כך משרים או מעובדי ציבור בכל הדרגים שלא יתפתו אף הם ל""מתת המושחת"", כלשונו של בג""ץ. אני מזכירה לך, אדוני ראש הממשלה, שבממשלתך מכהנים שרים שמבקר המדינה הצביע על שחיתות שלהם במינויים פוליטיים, שרים שנחשדו בשחיתות עוד כשכיהנו בממשלות קודמות, והיועץ המשפטי לממשלה, שידע על המינויים הפוליטיים, לא עשה דבר עד שמבקר המדינה הכריח אותו לפתוח בחקירה.

אני רוצה לקרוא בפני הבית את הדברים שאמר השופט אליעזר גולדברג לקראת הפרסום של הדוח האחרון שלו כמבקר המדינה, ומדובר בדברים נוקבים ונכוחים. אמר השופט גולדברג: ""השחיתות השלטונית היא הסכנה הגדולה ביותר למדינת ישראל, יותר מכל סכנה אחרת. אני מודאג מהניסיון להפוך את שירות המדינה לפוליטי"" – את זה אומר המבקר גולדברג ולא אני. אז אם טובות הנאה, חברי חברי הכנסת, ומינויים פוליטיים מתקבלים בסלחנות, ואף מזכים בפרס ובקידום פוליטי, זה גורם  לא רק לכך שיש מינויים פוליטיים, אלא שבממשלה הזאת מתקבלות גם החלטות משחיתות. אני מדברת על שרים שעוברים על החוק בנושאים שבתחומי אחריותם. חברי חברי הכנסת, זה התחום השני שאני מתכוונת לגעת בו. אני מדברת על מימון ותחזוק שלטוני של מאחזים בלתי חוקיים. אני מזכירה לחברי הכנסת, שראש הממשלה הוא זה שביקש מעורכת-הדין טליה ששון לכתוב דוח בנושא המאחזים, והדוח הזה חשף כיצד עובדי ציבור במשרדי ממשלה, משני עברי ""הקו הירוק"", צפצפו על שלטון החוק והצמיחו 120 מאחזים בלתי חוקיים. אני בטוחה, אדוני ראש הממשלה, שבכלל לא היית זקוק לדוח הזה ושום ממצא בו לא היה חדש עבורך, אבל מתברר לנו שכל הדרגים היו שותפים להפרות החוק של המתנחלים, שהשתלטו על קרקעות פרטיות ועל אדמות מדינה. גם אחרי שיועצים משפטיים לממשלה הורו להם להפסיק להעביר תקציבים למאחזים הבלתי-חוקיים, חברי חברי הכנסת, השיטה ממשיכה לפעול כרגיל. שרי ממשלה המשיכו וממשיכים לצפצף על החוק ומאפשרים לגורמים המקצועיים הכפופים להם לתקצב החלטות בלתי חוקיות, כשהם מפעילים לוליינות מינהלית וחוקית, על-פי שיטות שאתה, אדוני ראש הממשלה, היית אביהן מולידן. אז אני אומרת לך, אדוני ראש הממשלה, אין דוגמה מובהקת יותר לשחיתות ולהפרת אמונים פלילית מצד עובד ציבור, מכך שעובד ציבור לוקח את כספי משלם המסים ומפנה אותם לפעילות בלתי חוקית. אני מזכירה לכם, חברי חברי הכנסת, עברו שלושה חודשים מאז פרסמה עורכת-הדין טליה ששון את דוח המאחזים הבלתי-חוקיים, ועד היום היועץ המשפטי לממשלה לא העמיד לדין אף לא אחד מהמעורבים במימון הפעילות הבלתי-חוקית. אז מה הפלא, חברי חברי הכנסת, שהזרמת הכספים למאחזים הבלתי- חוקיים נמשכת, מה הפלא? ועכשיו, חברי חברי הכנסת, אני רוצה לגעת בתחום השלישי שאני מתכוונת להתייחס אליו, וזה מה שקורה כאן, בבית הזה. אני מדברת על הצבת המחוקקים מעל לחוק. קודם דיברתי עליך, ראש הממשלה, על השרים בממשלתך, על הפקידות הבכירה, ועכשיו אני מתכוונת להתייחס לפוליטיקאים שמשתמשים בחוק חסינות חברי הכנסת כאמצעי נוסף שמאפשר להם להציב את עצמם מעל לחוק. בזמנו נתן המחוקק קרדיט לחברי הכנסת שהם יהיו מסוגלים להתעלות מעל לשיקול הפוליטי, ולשקול רק את השיקול של תום לבו של היועץ המשפטי לממשלה בבואו לבקש הסרת חסינות. אבל, חברי חברי הכנסת, מסתבר שזה היה אשראי רציני מדי. העובדה שחברי הכנסת דחו את בקשות היועץ המשפטי לממשלה להסרת חסינות היא אחת מנקודות השפל המבישות בתולדות הפרלמנטריזם הישראלי.

חברי הכנסת מבזים את היועץ המשפטי לממשלה ואת הכנסת עצמה. חברי הכנסת מבזים את הכנסת בכך שהם מציבים את חבריה מעל לחוק שהם חוקקו לאזרחים מהשורה.

אני לא מתכוונת להשיב, אני התעמתתי עם חבר הכנסת היום בוועדה. עמדתי ידועה וברורה. חברי הכנסת נטלו לעצמם כאן רשות שלא עומדת לרשותם.

כשחברי הכנסת רואים שהיועץ המשפטי לממשלה מודיע שהוא אינו מעמיד לדין את ראש הממשלה, שהוא אינו מעמיד לדין אף אחד מאלה שהזרימו תקציבים למאחזים הבלתי-חוקיים, אז מה הפלא שכשהוא בא לבקש הסרת חסינות, חברי הכנסת מתייחסים אליו בזלזול ובביטול? חברי הכנסת פגעו, לטעמי, פגיעה אנושה ביותר במראית פני השוויון בפני החוק. זה בעיני ביטוי לאפקט המשחית של החסינות על שלטון החוק בכלל ועל טוהר המידות הציבוריות בפרט. לכן, אני ממליצה שבהזדמנות הראשונה יוציאו את הסרת החסינות מחוץ לכנסת ויפקידו אותה בידי ועדת ציבורית. אדוני היושב-ראש, אחרי שסקרתי שלושה ממוקדי השחיתות הפוליטית אני שואלת אתכם, חברי חברי הכנסת, איזו דוגמה נותנות הממשלה והכנסת לציבור, כשהציבור עד לניצול ציני ומשולח רסן של מוסדות השלטון, כשהציבור עד לסלחנות של התביעה הכללית, סלחנות שמביאה לשחיקת הנורמות של הצמרת השלטונית והשירות הציבורי כולו? אז מה הפלא שאנחנו עדים להתערערות האמון בטיב השיקולים של רשויות אכיפת החוק ובטוהר השיקולים של רשויות אכיפת החוק? מדובר בשחיקה מתמשכת, בהתערערות מזדחלת של היחס לרשויות האכיפה, שבעיני היא קטלנית לשלטון החוק. התחושה הציבורית היא שהמערכת כולה מדשדשת ומתבוססת במי אפסיים. אך הבעיה, אדוני היושב-ראש, היא לא רק ההתבוססות במי האפסיים. הבעיה אינה רק בהתעצמות השחיתות, בשחיתות המשתוללת, כפי שתיארתי קודם. הבעיה היא בעיקר בהשחתה הטוטלית, בהשחתה הזדונית ובהיחלשות המנגנונים שנועדו להיאבק בשחיתות. חברי חברי הכנסת, יש מנגנונים מרסנים. יש משטרה, ויש יועץ משפטי לממשלה, ויש מבקר מדינה, ויש בית-משפט. שלטון תמיד משחית, אבל השאלה היא, האם המנגנונים והנוגדנים האלה קיימים כדי להילחם בשחיתות? אני קובעת, אדוני היושב-ראש, שכל המנגנונים נחלשו, שכל המנגנונים האלה קרסו, על-ידי אותם פוליטיקאים שאחראים לשחיתות. הדברים האלו קרו בעיקר, אדוני ראש הממשלה, לא רק אבל בעיקר במהלך הקדנציה שלך, וזאת כתוצאה מפוליטיזציה ברורה. אנחנו רואים שיש כאן סירוס שיטתי של המנגנונים והנוגדנים, כל אותן מערכות בקרה שנועדו להילחם בשחיתות. החולשה הזאת נובעת מבחישה מושחתת של הדרגים הפוליטיים במינוי גורמי האכיפה. אדוני היושב-ראש, אני אביא ארבע דוגמאות בקצרה ואני אסיים.

אני אעשה זאת ממש בקצרה. אדוני היושב-ראש, איך אפשר לדבר ברצינות על מלחמה בשחיתות כשמדיחים את ראש אגף החקירות במשטרה ומגישים את ראשו על מגש של כסף לרגל כינוס מרכז הליכוד? איך אפשר לדבר על מלחמה בשחיתות כשבוחרים יועץ משפטי לממשלה שיודע שחרב הדחה תונף מעל ראשו אם הוא יקבל החלטות לא נכונות? ואיך עשו פיחות במעמד מבקר המדינה כשבחרו מבקר מדינה שהוא לא שופט עליון? אולי חיכו שיהיה כאן מועמד לא נשכני, או מבקר לא נשכני. הדבר האחרון הוא הניסיון לפגוע בבית-המשפט העליון, הניסיון לשנות את שיטת המינויים בבית-המשפט העליון על-ידי הצעות חוק שמבקשות להביא לפוליטיזציה הן בדרכי המינוי והן בדרכי העבודה של הוועדה לבחירת שופטים. לכן, חברי חברי הכנסת, אני מוטרדת מכך שיעד אחר יעד, מבצר אחר מבצר נכבשים להם, וכך קורס לו שלטון החוק. אם אנחנו רוצים לחזק את מנגנוני אכיפת החוק, את המשטרה, את היועץ המשפטי לממשלה, את מבקר המדינה ואת בית-המשפט העליון, זה מחייב את כל חברי הכנסת להתעלות מעל האינטרסים הפוליטיים קצרי הטווח ולהיאבק בשחיתות, אחרת לא נוכל לדבר על עצמנו כעל מדינה מתוקנת ולא נוכל לדבר על עצמנו כעל מי שמבקשים להציל את הדמוקרטיה. תודה, אדוני.

אני לא אמרתי את זה, אני מבקשת שתדייק במה שאמרתי. אמרתי שמביאים לפיחות במעמדו של המבקר ברגע שלא בחרו שופט עליון. אני מבקשת לדייק.

אני לא דיברתי מלה אחת על חברי כנסת מהליכוד.",1,
211373,2005-06-22,הצעות לסדר-היום: ביקורה של מזכירת המדינה קונדוליסה רייס,"אדוני היושב-ראש, אדוני השר, הייתי אומרת שהדבר המרכזי שנלמד מביקורה של קונדוליסה רייס בארץ הוא, שעצם הביקור שלה נתן גושפנקה או לגיטימציה רשמית לכך שלאחר הנסיגה יהיה בגוש-קטיף ונדליזם, הרס לשמו של בתים, ואת השרץ הזה באה להכשיר הגברת רייס. הגברת רייס אמרה בביקורה כאן, שהדבר המרכזי בעיניה – מעבר לשאלת התיאום - הוא כמובן השמירה על ביטחונם של המתנחלים וכוחות הביטחון בזמן הנסיגה והפינוי. אין ספק שזה צריך לקרות. אבל איך אפשר היה להגיע למסקנה כל כך מעוותת? יכולים להסביר לי את כל ההסברים. הנה, יהרסו עכשיו, שם גרו רק 8,000 מתנחלים, יש 1.3 מיליון פלסטינים, יהרסו עכשיו, או ישראל או גורם בין-לאומי, ישלמו לפלסטינים ויקימו בתים כדי לשכן בהם את האנשים שזקוקים לבתים. אני אומרת לכם, שבעיני זה איום ונורא. מדווחים גם שהפלסטינים הסכימו. איזו ברירה נותרה לפלסטינים, אני לא יודעת. ואם הם הסכימו  מרצון - קשה לי לראות שיש כאן הסכמה מרצון, אבל אז הביקורת שלי היא הן על הפלסטינים, הן על ממשלת ישראל והן על מזכירת המדינה שנתנה לכך הכשר, לגיטימציה. אני רוצה שתחשבו על התמונות שתהיינה בכלי התקשורת כשיראו שהורסים בתים. למה אנשים שמפנים אותם – גם כך כל תהליך הפינוי הוא קשה – למה הם צריכים לראות את כל הבתים נהרסים, מה המשמעות של זה, איזה מסר זה לילדים? אני מבינה שאולי חלק מהמתנחלים מעדיפים שהבתים האלה ייהרסו, ובלבד שפלסטינים לא ייכנסו לגור בבתים האלה. אני אומרת לכם, מדינה שמאפשרת הריסה כזאת היא מדינה שנותנת הכשר, באמצעות מזכירת המדינה האמריקנית, לוונדליזם, להרס, שהוא לא ראוי והוא לא לשמו. תודה רבה.",1,
214155,2005-11-08,"הצעות לסדר-היום: התקפת המתנחלים על חיילי צה""ל ופציעתו של סגן-אלוף בני שיק, סגן מפקד חטיבת השומרון","אדוני היושב-ראש, חברי חברי הכנסת, אני חושבת שכולם הזדעזעו כשראו את התמונות הקשות למראה של סגן-אלוף בצה""ל לבוש מדים, עם פנס מתחת לעין, כולו מוכה, חבול, מושפל. פשוט דבר שלא מתקבל על הדעת. לא מתקבל על הדעת שתהיה כאן קבוצה בריונית, אלימה, מופרעת, מתפרעת, שנוהגת בשטחי הגדה כבתוך שלה, פוגעת בפלסטינים – כמו שאמר קודם חבר הכנסת אחמד טיבי - ועכשיו היא פגעה בקצין, בסגן-אלוף בצה""ל. הדבר הזה קורה, חברי חברי הכנסת, מפני שבמשך תקופה ארוכה החבורה הזאת קיבלה לגיטימציה, או הייתי אומרת שקיבלה התייחסות של עצימת עין. היא קיבלה לגיטימציה למדיניות של כל דאלים גבר. חבורה מופקרת, בריונית, שהקימה לה מדינה משלה בשטחי הגדה, מקימה מאחזים, מפרקת מאחזים, עושה מה שהיא רוצה. הדבר הכי חמור שהם עשו – אני לא יודעת אם הכי חמור, אבל הדבר שבא לידי ביטוי באופן כל כך קשה ובוטה בתמונות הקשות שראינו, כשעומד סגן-אלוף בצה""ל ומסביר איך חבורה של בריונים הכתה חיילים, הכתה קצינים, ניפצה זגוגיות, פגעה בגלגלי המכוניות, שרפה. שום דבר לא חדש, רק הפעם מה שהיה חדש הוא שהם הרשו לעצמם לעשות את זה לקצין בצה""ל, ואז  כולם הזדעקו, וכולם צעקו: איך ייתכן שפוגעים כך בקציני צבא, אולי בכלל לא נגייס אותם לצה""ל, לא ניתן להם פרס. כל מגלגלי העיניים האלה נתנו להם במשך שנים לגיטימציה, אפשרו לגידולי הפרא האלה לפרוח ולצמוח, ועכשיו אנחנו אוכלים את פירות הבאושים של כל התקופה הזאת, של מי שניסה להיאחז בגדה ולהקים מאחזים בדרך לא חוקית, וקיבל לגיטימציה ממשלתית, והרבה פעמים לגיטימציה מחברי כנסת שמגלגלים עיניים. הרטוריקה היא תמיד נשגבה – זה נורא לפגוע בחיילים -  אבל הפרקטיקה היא גיבוי. עד שלא יתנערו כולם ויפעלו ביד קשה נגד אותה קבוצה, אנחנו לא נוכל לקרוא לעצמנו מדינה מתוקנת. תודה, אדוני.",1,
215065,2005-11-30,הצעות לסדר-היום: אי-יישום דוח טליה ששון בעניין המאחזים,"אדוני היושב-ראש, חברי חברי הכנסת, ושוב הוכח שהפשע משתלם. הממשלה מינתה את טליה ששון להכין דוח; הדוח מעלה אבק כשנה על מדפי משרד המשפטים. היו שם המלצות, היו שם דברים נוקבים. הפשע משתלם, אפשר להמשיך לבנות במאחזים, אפשר להמשיך לבנות בנייה בלתי חוקית בהתנחלויות. מאז פורסם הדוח, קרוב לשנה, ממשיכים בבנייה בלתי חוקית במאחזים, ולא קורה שום דבר ואף אחד לא עומד לדין. ופקידים בכירים ומשרדי ממשלה ושרים, וכל מי שעובד, ממשיכים להזרים כספים, מפירים אמונים - שזו עבירה פלילית - בונים בנייה בלתי חוקית, כשהמדינה נותנת לזה גיבוי, ואף אחד לא נותן את הדין. אבל מה הדבר היותר חמור, חברי חברי הכנסת? לפני כמה ימים שמעתי את המצע החדש שאתו תלך מפלגת קדימה, או שבשמו תלך מפלגת קדימה, לבחירות, ובין היתר מדובר שם על יישום מפת הדרכים, ושוב פעם מפת הדרכים, ושוב מצהירים נאמנות למפת הדרכים. אבל השלב הראשון במפת הדרכים - שזה פינוי המאחזים הבלתי-חוקיים - יש לכם שנה, היו לכם שנתיים, היו לכם שלוש שנים. מה באה המדינה ואומרת לבג""ץ בדיון שהיה לפני כמה ימים? נציג הפרקליטות אומר לבג""ץ: בג""ץ, אנחנו מבקשים לדחות את פינוי המאחזים, כי מדובר בסוגיה פוליטית, ועכשיו מתקרבות הבחירות, איך נפנה מאחזים? וכבר על מאחז עמונה, שיש בו 17 מבנים בלתי חוקיים, ובג""ץ כבר הורה לפנות אותו בעקבות עתירה של ""שלום עכשיו"" - שוב פעם באים הפלפולים של משרד הביטחון וכל המערכת. משרד הביטחון וראש הממשלה ושרת המשפטים וכל רשויות האכיפה, נותנים יד להפקרות, לכך שהבנייה הבלתי-חוקית בשטחים נמשכת, שהפשע משתלם, והמדינה הזאת ממשיכה לאחז עיניים. היא מצהירה על מחויבות למפת הדרכים, והיא ממשיכה לבנות בהתנחלויות, והיא ממשיכה לבנות בתים בלתי חוקיים ומאחזים. אם לא מסוגלים לפנות 17 מבנים בלתי חוקיים, איך הממשלה הזאת תלך לפינוי בגדה? ככה נראית הממשלה הזאת. אדוני היושב-ראש, תודה רבה.

ישראלי אחד לא הועמד לדין.

לא העמידו לדין אף אחד מהמעורבים.

האם מאחז אחד פונה? האם מבנה אחד פונה, אדוני?

אתה אומר שלא תסירו אותם אף פעם.

- - - מראש אתה חוזר ואומר אותן הצהרות.

ייתנו – יקבלו. כל ההצהרות שלכם על הקרח.",1,"The speech strongly criticizes illegal construction in settlements and highlights the government's failure to enforce the law, indicating a clear opposition to the settlement policy."
216039,2006-02-08,פינוי עמונה,"אדוני היושב-ראש, שמעתי את הדוברים לפני, אני חייבת להודות שמזמן לא ראיתי כאלה דמעות תנין ניגרות מחבורה של אנשים, שכל מטרתם, אבל כל מטרתם, היא לא הקרב על עמונה, והדרישה לוועדת חקירה היא לא דרישה על עמונה, כל מטרתם היא הקרב הבא. מזמן לא ראיתי קבוצה של אנשים צבועים, צבועים, אין דרך אחרת להגדיר את זה, שזועקים את זעקת הקוזק הנגזל, שמפירים את החוק ברגל גסה. אומר אפי איתם, הבעיה היא לא דוח-ששון, הבעיה היא לא משפטית. יש כאן פגיעה מתמשכת בשלטון החוק, ולא הממשלה ביקשה את הריסת תשעת הבתים. אני רוצה להזכיר לכם, עמונה לא פונתה, לא דובר על פינוי עמונה, דובר על הריסתם של אותם תשעה בתי קבע שבג""ץ הורה להרוס אותם אחרי עתירה של ""שלום עכשיו"". לא הממשלה קבעה את סדר-היום. בא בית-המשפט העליון ואמר, הפעילות שלכם היא פעילות לא חוקית. כל הניסיון הדמגוגי והזול להשוות את מה שקורה בשטחים, השתלטות על אדמות של פלסטינים, בנייה בלתי חוקית, למה שקורה בנגב או בגליל – בנייה בלתי חוקית היא בנייה בלתי חוקית, אבל יש הבדל בין אנשים שבונים על האדמה שלהם כי לא נותנים להם אישורי בנייה ותוכניות מיתאר לבין השתלטות וגזל  וכיבוש של אדמות לא שלכם.

שמעתי עליך. חבר הכנסת שאול יהלום, זה כבר לא יעזור לך.

הבעיה הגדולה בעיני היא במערכת אכיפת החוק ובאי-מיצוי הדין עם כל אותם פורעים וכל אותם מתנחלים שמרשים לעצמם לירות על חיילים ולתת ""בוקס"" למח""ט בעין, ולפגוע באלוף שטרן בכותל, ברב של פיקוד מרכז – כל מה שהרשיתם לעצמכם. אם היועץ המשפטי לממשלה מבטל את כתבי האישום על כפר-דרום, אז מה הפלא שהרשיתם לעצמכם בעמונה להשליך בלוקים על חיילים? מה הפלא? אחר כך  מספרים שאיזה סוס ורוכבו פגע במישהו. כל אחד הצטלם שם בשביל הפריימריס שלו.

חבר הכנסת הנדל, הגיחוך הזה שלך לא יעזור לך. נמאסתם על הציבור, אתם לא הצלחתם לשכנע את הציבור, אז עכשיו אתם מבקשים להחליף את הדמוקרטיה.

מה אתם מבקשים? מה אתם מבקשים, להקים ועדת חקירה, לעשות פוליטיזציה של המשפט?   וזבולון אורלב מדבר עכשיו על השוואה לעובדים זרים, לאלימות בספורט, לסחר בנשים. מה, יש כאן בעיה מערכתית?  אם היה כאן כשל נקודתי של שוטרים שפעלו שלא כחוק, צריך לחקור את זה. אל תנסו להסיט את הדיון. אתם, חבורה של חברי כנסת והנהגת מועצת יש""ע ופרנסי ציבור, שבמקום להרגיע, אתם המסיתים הראשיים. חבר הכנסת בני אלון הוא הממריד הראשי. לא הצלחתם לשכנע את הציבור אז הוא מציע להחליף את השלטון, מציע להחליף את בית-המשפט העליון ואת הרמטכ""ל. אתם אלה שאחראים לכך שציבור של אנשים מתנכר לחוק במדינת ישראל. אתם מרשים לעצמכם לזרוק אבנים על חיילים ושוטרים.

שאול יהלום, זבולון אורלב, צבי הנדל, בני אלון ואפי איתם, אתם תישאו בדין. אני אומרת לכם, דמם של אותם חיילים ושוטרים בראשכם.

במשך הרבה מאוד זמן התרגלתם, שיש כאן הסכמה שבשתיקה וקריצת עין על-ידי הממשלות למיניהן שהיו כאן, עם הפעילות שלכם, עם הזרמות כספים לא חוקיים למאחזים לא חוקיים. במקום שתבוא הממשלה ותורה לפנות את המאחזים, היא מנסה להגיע לכל מיני הסכמים, ציפי לבני נפגשת עם ראשי מועצת יש""ע על מנת להלבין מאחזים בלתי חוקיים. הממשלה הזאת, כל זמן שהיא לא תוריד מאחז אחד, אי-אפשר לקרוא לה ממשלה מתוקנת. לא אחד, 120. ואם צריך לחקור משהו, צריך לחקור את ההתנהגות שלכם. אתם האחראים, אתם המסיתים. אתם הבאתם לכך שחיילים ושוטרים שמגינים עליכם חוששים לבוא. צה""ל יוצא מיצהר - - -

במקום שיעמידו לדין את אותם מתנחלים בריונים ביצהר שמכים חיילי צה""ל, אז מוציאים את צה""ל מיצהר? במקום שיעמידו לדין את כל אלה שזרקו אבנים ובלוקים על ראשי חיילים, את כל אלה שהתפרעו בכפר-דרום, בא היועץ המשפטי לממשלה וסוגר את התיקים של כפר-דרום. מה שיקרה עכשיו הוא שיסגרו גם את התיקים - - -

אדוני היושב-ראש, השטח של עמונה הוכרז שטח צבאי סגור. אנשים נכנסו לשם בניגוד להכרזה על שטח צבאי סגור. בניגוד להכרזה, כי יש כאן קבוצה של אנשים שמתנהגים במשך שנים כאדוני הארץ, שחשבו שהכול מותר להם, שקיבלו גיבוי מקבוצה של חברי כנסת שנתנה להם להבין שיהיה בסדר. אתם תירקו, אתם תרביצו, אתם תתקפו חיילים ושוטרים, וזה יהיה בסדר. ויש היועץ המשפטי לממשלה, שממילא אחר כך, אחרי שתהלכו עליו אימים בכל הוועדות, יבטל את כתבי האישום. אתם החבורה המסוכנת. צריך לחקור את ההתנהגות שלכם ואת ההסתה שלכם.

אני רוצה להגיד לך, אדוני היושב-ראש - - -

זה לא נעים לך, חבר הכנסת הנדל, כמו שנאמר: אל תתייראי לא מן הצדוקים ולא מן הפרושים, אלא מן הצבועים. זה מה שאתם – חבורה של צבועים. עולים כאן לדוכן אחד-אחד ומעזים לדרוש ועדת חקירה שתחליף את המערכת המשפטית? זה מה שאתם רוצים לעשות.

אדוני היושב-ראש, אין לי ציפיות מהקבוצה שיושבת כאן ודורשת ועדת חקירה. אין לי ציפיות, אני לא מתפלאת, הכול ידוע, הכול כתוב מראש, ככה הם התרגלו. אבל מפלגת העבודה, חברי במפלגת העבודה – אז זה נכון שעמד כאן על הדוכן אופיר פינס והכריז שהם יצביעו נגד הקמת ועדת חקירה, אבל מה קרה קודם? למה הם היו צריכים להיגרר אחרי הספין של המתנחלים וראשי מועצת יש""ע וחברי הכנסת מהימין? ברגעים האלה מפלגת העבודה היתה צריכה להתייצב ולומר, שאם יש משהו לחקור זה את ההתנהגות הבריונית, את ההפקרות שהיתה בשטחים במשך זמן, שהביאה לבנייה בלתי חוקית, שהביאה לעבירות פליליות. במקום שיעמידו לדין את כל אלה שהזרימו באופן לא חוקי כספים על-ידי ניצול המשרות שלהם במשרדי הממשלה, אתם מעזים לתבוע ועדת חקירה? מה שצריך לצאת מכאן, אדוני היושב-ראש, הוא ועדה לבדיקת השיהוי בפינוי המאחזים. אדוני שר הביטחון, אני קוראת לך, כנציג הבכיר בממשלה שמופקד על הנושא הזה, אתם צריכים להורות על פינוי המאחזים לאלתר. לאלתר. לא תהיה כאן חבורה שמאיימת. הציבור מאס בהם. די, הם אומרים, אי-אפשר לסבול את זה, אי-אפשר לראות את התמונות האלה. אתה, כמי שמופקד על מערכת הביטחון, צריך להורות לצה""ל ולמשטרה ביחד לפנות לאלתר את המאחזים הבלתי-חוקיים. לא לחכות לצווי בג""ץ, לא לחכות ל""שלום עכשיו"" שתגיש עתירות לבתי-משפט. צריך להעיף אותם משם, ומייד. תודה רבה.",1,
217107,2006-05-24,ציון יום ירושלים,"גברתי היושבת-ראש, אדוני השר, חברי חברי הכנסת, קשה להתחרות על לבה של ירושלים, וקשה להתחרות עם אהבתם של אנשים בבית הזה לירושלים, אהבת אמת. זאת אהבתם, זאת אהבתי, זאת בירתם, זאת בירתי, זאת בירתנו. אבל כל פעם שאני שומעת את הדברים הנשגבים לגבי ירושלים מפי חברים טובים שלי כאן, אני חושבת שאולי ביום חגה של ירושלים, בשנה ה-39 לאיחודה של העיר, אפשר להגיד לציבור שיש מי שמסמא את עיניו כשהוא אומר שירושלים מאוחדת. אני רואה שתמיד קשה לי להתחרות, כי תמיד בפוליטיקה הישראלית יש תחרות מי יצהיר על יותר נאמנות לירושלים, ולי קשה להתחרות בנאמנות. אני אוהבת את ירושלים, ואני לא פחות נאמנה לירושלים, אבל אני רואה איך תמיד מגייסים את כל הרטוריקה ואת כל מילון המושגים כדי לסמא את עיני הציבור: ""אם אשכחך ירושלים תשכח ימיני""; ""ירושלים לנצח נצחים"", ""ירושלים אחת, מאוחדת"". כל אותה רטוריקה, כל אותו מילון מושגים, נועדו לומר שהעיר הזאת שייכת רק לקבוצה אחת, ובעיר הזאת - שאני אוהבת אותה - חיים גם מוסלמים וגם נוצרים, ולכולם יש זיקה אליה. כמו שלנו יש זיקה, לאנשים האלה יש זיקה היסטורית, תרבותית, חברתית וכלכלית, והמדיניות בירושלים היום אינה מתחשבת בזיקה של האנשים האלה לעיר.

גברתי היושבת-ראש, אדוני השר, כשמדובר בבני-אדם, אין להבדיל.

אדוני השר, כשהיהודים שרו ""נפש יהודי הומייה"", אני ממש לא בטוחה שהם התכוונו לוולאג'ה ולשועפאט ולכפרים שמסביב למחנות בירושלים. תרשה לי.

גברתי היושבת-ראש, כשעומד כאן על הדוכן חבר הכנסת צחי הנגבי ואומר שירושלים תהיה מאוחדת, בירת ישראל ריבונית, רק תחת שלטון ישראלי, תהיה עיר חופשית, פתוחה ומאוחדת, אני חושבת שהוא טומן את הראש בחול, כי הוא מתעלם מהמציאות שנוצרה בשטח. מיזם עוטף-ירושלים, לא רק שהוא יוצר חיץ פיזי – קודם כול היה חיץ בין ירושלים לרמאללה ולבית-לחם - עכשיו יוצרים טריז בתוך שכונות בתוך ירושלים. איזה מאוחדת? למי פתוחה לכול? למי אתם מספרים את הסיפורים האלה? לא כדאי לומר את זה ביום הזה? אני חושבת, גברתי היושבת-ראש, שמי שמאמין שצריך להיות כאן הסדר וצריכה להיות כאן פשרה, לא צריך להיבהל מכך שיהיה מדובר בעסקת חבילה כוללת. כל הניסיונות לקבוע עובדות בשטח בירושלים – החל מהניסיון לבנות את אותו פרוזדור, מה שנקרא תוכנית 1-E, ממעלה-אדומים לירושלים – כל אותם ניסיונות ליצור רצף טריטוריאלי כדי להשתלט על ירושלים המזרחית, כדי לבתר את הגדה וכדי למנוע כל סיכוי להסדר עתידי – מי שעומד כאן ומספר כמה ירושלים מאוחדת וכמה הוא אוהב אותה, וכמה הוא מקונן עליה - וכולנו אוהבים אותה – לא אומר את האמת לציבור הישראלי. לא תהיה פשרה, לא יהיה הסדר, ללא פתרון בירושלים. תודה רבה.",1,
220905,2006-11-13,שאילתות ותשובות,"אדוני סגן השר, איך יכול להיות שמאז אותו מקרה, למרות הנחישות והוראות היועץ המשפטי לממשלה, ממשיכים להתנכל לפלסטינים, שום דבר לא נעשה ולא נעצר אף אחד?",1,
234008,2008-02-04,ממצאי דוח-וינוגרד הסופי,"גברתי היושבת-ראש, חברי חברי הכנסת, המשפחות השכולות שיושבות ביציע הכבוד – –

– – חיילי המילואים שיושבים ביציע האורחים, חברי חברי הכנסת, אני מצטערת על שהדיון הזה נערך היום בצל הפיגוע הקשה בדימונה – –

– – אבל הדיון החשוב הזה, על קיץ 2006, על המלחמה ב-2006, חייב להתקיים. חברי חברי הכנסת, אני חייבת לומר לראש הממשלה: אדוני ראש הממשלה, ניצחת. ניצחת במלחמה על ההישרדות שלך, אבל מדינת ישראל הפסידה, ומדינה היא לא תוכנית ""הישרדות"", ולכן אתה חייב להתפטר. אתה חייב להתפטר, כי שום דוח לא ישנה את העובדה שחטא ניהול מלחמת לבנון והכתם המוסרי שדבק בך מרחפים וימשיכו לרחף מעל ראשך. היית צריך להתפטר כבר לאחר פרסום דוח הביניים, הדוח החלקי שקבע את האחריות שלך לליקוי המאורות ולכישלון הגדול. לדעתי, היום אין לך ברירה; אתה חייב להסיק את המסקנה המתבקשת לאחר פרסום הדוח הסופי. ועדת-וינוגרד אמרה שהיא רואה את דוח הביניים ואת הדוח הסופי כמקשה אחת. אתה צריך ללכת הביתה. אתה צריך להתפטר בגלל ההחלטה שלך לצאת למלחמת ברירה יזומה שנהרגו בה חיילים ואזרחים ישראלים ולבנונים, משום שהמלחמה היתה תחליף למדיניות ולמהלכים דיפלומטיים, משום שהעורף ספג אלפי רקטות, משום שחיילים לא הצליחו לקבל מים, מזון וציוד רפואי, בגלל הפזיזות, בגלל חוסר האחריות ובגלל הכשל בשיקול הדעת – –

– – בגלל ההחלטה לשלוח חיילים ליהרג במלחמה שיעדיה לא נקבעו בבירור, בגלל ההתלהמות, דברי הרהב והשחץ – על סדר חדש בלבנון דיברתם כאן – ומכיוון שהחיילים החטופים אלדד רגב ואהוד גולדווסר – החיילים החטופים עדיין לא שבו. אתה חייב להתפטר כי זה היה קזינו לבנון, כי הימרת על חיי חיילים ואזרחים בשביל לזכות בניצחון תודעתי, ומי שמקריב ילדים – –

– – על מזבח הכוחנות צריך להיות מוקע אל עמוד הקלון הציבורי – תקשיבי היטב: מוקע אל עמוד הקלון הציבורי.

חברי חברי הכנסת, ""מותם של אנשים צעירים הוא בזבוז נורא, זועק"", אמר דויד גרוסמן. אדוני ראש הממשלה, דמי הבנים זועקים אליך מהאדמה. דמי הבנים זועקים אליך מהאדמה. חברי חברי הכנסת, היו שנים שבהן אנשי שררה שילמו על המחדלים שלהם במשרות שלהם. אני תוהה איך נשחקה עד דק חובת המנהיגים לקבל אחריות לכישלון תפקודי ומוסרי, בעיקר אחרי שוועדת-וינוגרד חשפה את תרבות השקר הגדול – איך שההחלטות התקבלו כמו ברפובליקת בננות, על סמך מצג שווא. חברי חברי הכנסת, בדמוקרטיה מתוקנת מיצוי האחריות האישית בא לידי ביטוי בכך שמי שאחראי אינו יכול להמשיך להנהיג. לכן הדרישה כאן, היום, של חברי הכנסת שיזמו את הדיון הזה – 50 חברי הכנסת שיזמו את הדיון בבית הזה – הדרישה היא שתתפטר לאלתר. שתתפטר לאלתר. אני רוצה לצטט, חברי חברי הכנסת: ""הדוח מציב שאלות לא פשוטות"" – זאת היתה התגובה הרשמית של ראש הממשלה. לא פשוט? לא פשוטות? זה מה שיש לך לומר? ""לא פשוטות"" – על הדוח הקשה הזה? קברת את הבושה ודרדרת לתהום את המוסר הציבורי. אנחנו שומעים מנבחרת היחצנים והספינולוגים והמקורבים שהוקל לך, ובכלל, קראתי היום בעיתון שגם חגגת במוצאי-שבת, שנאנחת אנחת רווחה. אדוני ראש הממשלה, למשפחות היקרות שיושבות כאן היום ביציע הכבוד – למשפחות האלה לא הוקל. לפצועים בגופם ולמצולקים בנפשם ממש לא הוקל. לאזרחים בצפון ולאזרחים בלבנון לא הוקל. הם – המשפחות, הפצועים והאזרחים – אלה שממשיכים לשלם את מחיר המלחמה. ולכן אתה, אדוני ראש הממשלה, תיזכר לדיראון עולם כראש הממשלה של המלחמה המיותרת והכושלת הזאת. חברי חברי הכנסת, אני לא רואה כאן באולם את שר הביטחון אהוד ברק, וחבל שהוא לא כאן – –

– – וחבל, חבל ששר הביטחון אהוד ברק נשאר אתך. כששמעתי אתמול את אהוד ברק במסיבת העיתונאים המאולתרת שנייה לפני הכניסה לישיבת הממשלה, חשבתי בלבי: איזו הסתאבות, איזה כישלון מוסרי. אני מודה שמראש הממשלה לא היו לי ציפיות, אבל עכשיו אני יודעת שגם על שר הביטחון אי-אפשר לבנות. מלה היא לא מלה, התחייבות היא לא התחייבות, איזה חוסר אמינות, איזו פתלתלות, איזו נפתלות. זאת מנהיגות של מי שמתיימר להיות ראש הממשלה במדינת ישראל – אהוד ברק שמתיימר להיות ראש הממשלה במדינת ישראל? להישאר בממשלה של מי שוועדת-וינוגרד אמרה עליו – ואני מצטטת – שתהליך קבלת ההחלטות של ראש הממשלה והממשלה כולה לקה בחסר ומאופיין בחידלון ובחובבנות? אהוד ברק, אני מקווה שהמסר הזה יגיע אליך.

חברי חברי הכנסת, האמת היא שלא היה צריך לחכות לדוח הוועדה כדי להבין שזאת היתה מלחמת ברירה מיותרת. אני אמרתי את זה כאן, על הדוכן, בזמן אמת. אני התרעתי מהרגע הראשון, גם כשזה היה לא פופולרי. אני אומרת לכם, חברי חברי הכנסת: בשאלות של חיים ומוות המצפון שלי לא מאפשר לי אחרת. אני התרעתי על זה, ניסיתי להוליך את הלך הרוח ולא ללכת אחריו – כי מליאה שלמה הלכה כאן אחרי הלך הרוח. ולכן גם עכשיו אני אומרת לכם, חברי חברי הכנסת, אני לא מאמינה לנביאי השקר, שבשם תהליך השלום – תהליך השלום שאני מכניסה אותו למירכאות – מבקשים לפטור אותך, ראש הממשלה, מהאחריות – מהאחריות שלך – לתפקוד הלקוי והכושל. אתה מנפנף באופק המדיני, אתה מצליח לתעתע באנשים טובים ונאיביים, שנאחזים בכל שביב של תקווה לשלום. האנשים האלה רק שוכחים שמי שנכווה ברותחים צריך להיזהר בצוננים. אני לא מבינה את אותם נביאי שקר. אני בוחנת מה קרה מאז שחזרת מאנאפוליס. לא הורד אף מחסום אחד – מחסום אחד; לא פונה אף מאחז אחד – מאחז אחד לא פונה. במקום זה מה אתם עושים? אתם ממשיכים להרחיב את ההתנחלויות ומטילים מצור על עזה. אדוני ראש הממשלה, כל הרהיטות והתחכום שלך וכל התמרונים הפוליטיים לא יצליחו לכופף עובדת יסוד אחת: לא ידעת אז לקבל את ההחלטות הנכונות, וודאי שאינך כשיר היום להניע את המדינה לתהליך שלום.

חברי חברי הכנסת, מחנה השלום הוא לא עיר מקלט למנהיגים כושלים. ושימו לב: השלום אסור לו שיהיה מפלטו האחרון של הנבל, המושחת והמופקר. תודה רבה.",1,
237533,2008-06-17,נאומים בני דקה,"גברתי היושבת-ראש, חזרנו בדקות אלה, חברי הכנסת של סיעת מרצ, מסיור בחברון, ורק מי שהיה שם יכול להאמין מה קורה שם. בכלל קשה לתאר במלים. מלים לא יכולות להכיל את עוצמת הטירוף של חבורה של פנאטים, פאשיסטים ""כהנאים"", חבורה שיושבת שם כבר 40 שנה ועושה כבתוך שלה. הדבר המדהים הוא שמשטרת חברון משתפת אתם פעולה. והדבר הנורא הוא שבכלל הפרובוקטורים הם אנשי ""שוברים שתיקה"", ""בצלם"", ""שלום עכשיו"", גורמים שפויים שרוצים להראות לעולם מה קורה כאן. יש כאן מדינה בתוך מדינה, שמקבלת את גיבויה ממשטרת ישראל ומממשלת ישראל, והגיע הזמן שהכנסת הזאת כולה תדע מה קורה שם. אנחנו עוד מזועזעים.",1,
259456,2011-03-28,הצהרת אמונים של חברת הכנסת זהבה גלאון,"אדוני היושב-ראש, אדוני ראש הממשלה, חברי חברי הכנסת, ראשית אני רוצה להודות לחברי חיים אורון, ג'ומס, על המחווה האצילית שמאפשרת לי לעמוד כאן היום. אני חייבת להודות שנאמתי על הדוכן הזה אולי מאות פעמים בעשור שבו כיהנתי כחברת כנסת. אני מודה, אדוני היושב-ראש, אני קצת מתרגשת היום, לא חשבתי שזה יקרה לי, אבל אני מתרגשת, אולי בגלל התחושה שמלווה אותי, אולי אני משתמשת במלה גדולה – תחושת שליחות. אני חוזרת לכנסת מתוך תחושת שליחות – להיאבק למען דמוקרטיה מתוקנת, דמוקרטיה מהותית ומדינת רווחה, כשהעיקרון הבסיסי שמנחה אותי הוא ערך השוויון, אותו שוויון שהובטח במגילת העצמאות – מדינת ישראל תקיים שוויון מדיני וחברתי גמור לכל אזרחיה, בלי הבדל דת, גזע ומין. אדוני היושב-ראש, אני מכבדת את הכנסת, דווקא בשל כך בחרתי היום בנאום ההשבעה שלי להזהיר מפני הרוח הרעה שיוצאת מהבית הזה. אני מתכוונת ליוזמות החקיקה המפלות, לוועדות חקירה, להתבטאויות גזעניות, לרוח רעה שהופכת להוריקן של פשעי אלימות, גזענות ושנאה. הרוח שנושבת מירושלים, חברי חברי הכנסת, הופכת בצפת למכתבי רבנים נגד ערבים ומכתבים נגד מערכת המשפט ובעד אנס מורשע. הרוח שיוצאת מירושלים הופכת בשטחים לפוגרומים תחת הכותרת המכובסת ""תג מחיר"". אדוני היושב-ראש, אני יודעת שאתה התרעת לא אחת – ושמעתי אותך גם היום – מפני עריצות הרוב של הכנסת. בעיני, כנסת ישראל צריכה להיות בית-הכנסת של הדמוקרטיה, מדינת הדמוקרטיה. ואני עוקבת אחרי הכנסת הזו בשנתיים האחרונות, ואני חוששת וחרדה שהכנסת הזו הופכת לאיום אסטרטגי על הדמוקרטיה. איום אסטרטגי – אני יודעת שזה קשה לחלק מהאנשים, ואני לא אומרת את זה מעמדה של פרשנית פוליטית; אני אומרת את זה היום מעמדה של חברת הכנסת. אדוני, בשנתיים שלא הייתי כאן היה לי זמן לחשוב, היה לי זמן לחשבון נפש גם לגבי המחנה שאני שייכת אליו, לגבי המחנה הפוליטי שלי, וגם לנסות להבין למה הקואליציה הזו נזקקת לחוקים שהמטרה שלהם להשתיק יריבים פוליטיים; השתקה של ביקורת, השתקה של אזרחים, ניסיון לאסור מחאה. בעיקר היה לי זמן לחשוב, אדוני היושב-ראש, איך משנים את המגמה הזו. השימוש הזה בנשק אסור, בנשק לא קונבנציונלי, נגד יריבים פוליטיים, בשינוי כללי המשחק הדמוקרטיים, נובע בעיני מחוסר הנכונות להשלים עם התרסקות חזון ארץ-ישראל השלמה. אני מסתכלת על הבידוד המדיני, על הדה-לגיטימציה שעושים למדינת ישראל, ואני אומרת: זה קורה בגלל המשך הכיבוש, והמשך הכיבוש הוא גם נטל כלכלי שפוגע בביטחון החברתי. חברי חברי הכנסת, אין גם דמוקרטיה וגם כיבוש, אבל במקום לוותר על הכיבוש מוותרים כאן על הדמוקרטיה, עוצרים מפגינים רוכבי אופניים בתל-אביב, עוצרים מפגינים בסילואן ובשיח'-ג'ראח, הורסים בתים, מצפצפים על פסיקות בג""ץ, אוסרים בחקיקה על חופש הביטוי – – –

אדוני היושב-ראש, הכנסת הזו אסרה בחקיקה על חופש הביטוי, רודפים פליטים מבקשי מקלט ומהגרי עבודה ומסיתים נגד החברה האזרחית. המכנה המשותף של כל אלה הוא רמיסת ערך השוויון. רשת הביטחון הסוציאלי כבר פרומה ורופפת, מחסלים את מעמד הביניים, מגדילים את מספר העניים, פוגעים בשירותים החברתיים. ומה קורה עם העובדים הסוציאליים, למה מפקירים את העובדים הסוציאליים? זאת התוצאה הבלתי-נמנעת של שעבוד כל משאבי המדינה לכיבוש שגם הורס אותנו מוסרית וגם מרושש אותנו כלכלית. ובמקום לטפל בזה מכריזים על עונת ציד – צדים ערבים ושמאלנים, אמנים ואנשי אקדמיה.

צדים את האנשים האלה במקום להציג כאן חזון של ישראליות, חזון של תקווה ושותפות, של פרויקט ישראלי, חזון של כן לאחריות הדדית, כן לשינוי סדרי עדיפויות. עוסקים בסכסכנות בין קבוצות, בהפרדה, בהסתה ובהתחפרות בדעות קדומות. חברי חברי הכנסת, אני רוצה לומר לסיום, שגם אם יצליחו בכנסת הזו לחוקק בקדנציה הזו את כל החוקים האנטי-דמוקרטיים, אלה חוקים לא לגיטימיים. הם לא ירתיעו אותנו. כמו שכתבו בזמנו פעילי ארגון ""סולידריות"" בפולין: ""גם אם החורף קשה לא יוכלו למנוע את בואו של האביב"". תודה רבה, אדוני היושב-ראש.",1,
260074,2011-05-23,הצעה לסדר-היום: המצב המדיני לקראת ביקור ראש הממשלה בנימין נתניהו בארצות-הברית,"אדוני היושב-ראש, חברי חברי הכנסת, ערב צאתו של ראש הממשלה לחו""ל הוא אישר לוועדה המחוזית לתכנון ובנייה בירושלים 1,500 יחידות דיור לבנייה בהר-חומה ובפסגת-זאב, נושק לפאתי בית-לחם. מי ששמע את ההחלטה הזאת יום לפני צאתו של ראש הממשלה לפגישה עם הנשיא אובמה יכול היה לשער מה יהיה המסר של ראש הממשלה לנשיא אובמה. ערב ל""ג בעומר ראש הממשלה בתחפושת בר-כוכבא בחר להעלות באש את יחסי ישראל–ארצות-הברית. אף שקודם חבר הכנסת צרצור ניסה להסביר לנו שבעצם הנשיא אובמה אולי קצת נסוג בו מנאומו מיום חמישי, וניסה לרצות את באי ועידת איפא""ק, דבר אחד ברור: הנשיא אובמה הציג את המתווה שלו. זה לא מתווה חדש; הציג אותו קלינטון בזמנו, יוזמת ז'נבה. כמעט כל מי שמדבר על פתרון לסכסוך כאן באזור מציג את אותו מתווה. מי שיש לו אינטרס אחד ברור, שיהיו כאן שתי מדינות לשני עמים, יודע שהמתווה שהנשיא אובמה הציב, מדינה בגבולות 67', בתיקונים כאלה או אחרים, מתווה שמותיר אפשרות לחילופי שטחים, מדבר על חלוקת ריבונות בירושלים, על פינוי התנחלויות, פינוי מאחזים בלתי חוקיים, ומדבר, לפחות לטעמנו, לתפיסתה של מרצ, על פתרון סוגיית הפליטים בתחומי המדינה הפלסטינית שתקום לעתיד לבוא. כשראש הממשלה נוסע לנשיא אובמה ומאשר בנייה של יחידות דיור במזרח-ירושלים, המשמעות היא חד וחלק, ואין בלתה – מי שמבקש למנוע רצף טריטוריאלי, מי שמבקש לחתוך אפשרות להקמת מדינה פלסטינית, עוד בערב ל""ג בעומר, מבקש לעשות את מה שעשו לפני 3,000 שנה, לספק לנו שוב איזה חזון תעתועים, חזון שמשמעו להמשיך את הסכסוך, חזון או היעדר חזון שאומר, ואני רוצה לומר מה בעצם ראש הממשלה אמר לאובמה; ראש הממשלה אמר לאובמה: אני מעדיף את הקואליציה שלי כאן במדינת ישראל, קואליציה עם ליברמן וישראל ביתנו והימין הקיצוני. אני בעצם חרד מהתחזקותו של ליברמן, ואני החלטתי שאני, ראש הממשלה, בוחר בקואליציה הימנית המתנחלת, הייתי אומרת גם בקואליציה הגזענית, שמחוקקת חוקים גזעניים, ואני, ראש ממשלת ישראל, מוכן להיכנס לקונפרונטציה עם מי שנחשבת הגדולה בידידות ישראל, ממשלת ארצות-הברית. אני, ראש ממשלת ישראל, ליברמן והקואליציה שלי ודני דנון וציפי חוטובלי חשובים לי יותר מהביטחון האסטרטגי של מדינת ישראל. כדאי לקרוא לילד בשמו. זה בעצם מה שראש הממשלה אמר, ולא יעזרו שום נימוקים ושום פלפולים ושום ניסיונות למתן ולהסביר שבעצם בחדר הסגלגל – שמעתי את הדוברים של ראש הממשלה, איך בחדר הסגלגל היחסים היו ביניהם טובים, ואיך הם לחצו ידיים. בחדר הסגלגל אני לא יודעת מה נאמר; אני יודעת מה אמר ראש הממשלה בנאום פומבי. אני חוזרת ואומרת, ראש הממשלה אמר: אני מעדיף את הקואליציה הימנית על פני הסדר. אני מציב – – –

נכון, חבר הכנסת רותם. ראש הממשלה הוא ראש הממשלה. אני לא מזלזלת בזה, אבל אני מבקרת את זה. ראש הממשלה החליט שהוא מעדיף את ליברמן ואותך, אני אומרת את זה בצער, אבל למה זה מגיע לאזרחי מדינת ישראל?

אל תענה לי. אתה תדבר בזמנך.

חבר הכנסת רותם, האוזן סובלת הכול, אבל בכל זאת, כדאי שתשמע מה אני חושבת. שורת הדרישות שהציב ראש הממשלה נתניהו גם כאן בנאום בכנסת וגם כשהוא חזר עליהן בפגישה עם נשיא ארצות-הברית, שורת הדרישות האלה מעלה שאין לו שום כוונה לעשות שום מעשה שמשמעו הסדר מדיני. הוא יכול היה לדבר בנאום בר-אילן – הרטוריקה היא נשגבה והפרקטיקה היא אפס. אין לו שום נכונות ללכת לוויתורים, ולוויתורים האלה יש מחיר. ומי שחרד לביטחונה של מדינת ישראל, מי שחרד מכך שנמצא את עצמנו במצב של מדינה דו-לאומית עם רוב יהודי, מי שחושב בכלל שעוד אפשר לדבר על מדינת ישראל בעוד כמה זמן – דיבר כאן קודם יושב-ראש הכנסת: אנחנו מדינה יהודית ודמוקרטית. כן, אדוני, אנחנו מדינתו של העם היהודי; יש כאן גם אזרחים ערבים שצריך להביא אותם בחשבון. יש כאן מפלגות שמתעלמות מזה שיש כאן אזרחים ערבים, ומחוקקות חוקים, כולל החוק אתמול בוועדת החוקה של הכנסת, שמבקש לפגוע, להצר את צעדיהם – – –

אדוני היושב-ראש, אני דואגת מכך שאתה בוועדה שלך מחוקק חוקים גזעניים, חוקים מפלים. אתה זה שמחוקק ונותן לגיטימציה לחוקים מפלים.

חבר הכנסת רותם, יושב-ראש ועדת חוקה, אני מתכוונת לבוא לישיבות שלך. אומנם אני לא בוועדה שלך, ואני אבוא ותצטרך לשמוע גם בוועדה שלך מה אני חושבת על החוקים שאתה מקדם.

זה מה שאני חושבת, כן, כן. ואם אתה חושב שאתה תוכל להיות דיקטטור כאן בכנסת ובכוח עריצות הרוב להעביר כאן חוקים שהם גזעניים, מפלים ופוגעניים, במקרה הזה לא רק נגד ערבים, גם נגד חרדים וגם נגד נשים – – –

אני לא שומעת מה את אומרת.

אני חושבת שהחוק שחוקק אתמול, אדוני היושב-ראש, הוא חוק שמפלה במקרה הזה גם נגד חרדים, גם נגד נשים וגם נגד ערבים, וזה חלק מהרוח הרעה שמנשבת כאן בכנסת הזאת, שמשפיעה על הקואליציה הזו של ראש הממשלה, ואנחנו, אזרחי ישראל, משלמים את המחיר שזה ראש הממשלה וזו הקואליציה שלו. אנחנו הראשונים שנשלם את המחיר של הבידוד הבין-לאומי, המחיר של המדיניות הזו שבספטמבר מדינות באו""ם, על-פי ההערכה 120–150 מדינות באו""ם יכירו במדינה פלסטינית באופן חד-צדדי. במקום שראש הממשלה נתניהו ייכנס למשא-ומתן על סוגיות הליבה, אנחנו נמצא את עצמנו עם הכרזה על מדינה פלסטינית. אז תגידו: בסדר, הכריזו באו""ם, איזה נפקות יש לזה? אנחנו נמשיך להיות פה והם ימשיכו להיות שם. ואני מציעה לנו, חברי חברי הכנסת, להתעורר. להכרזות כאלה באו""ם יש השלכות מדיניות, משפטיות ובין-לאומיות. אנחנו אפילו לא קולטים את זה, מה המשמעות של זה. אנחנו ממשיכים לשבת כאן בשאננות ולחוקק חוקים ולהתווכח. אנחנו  מכניסים את עצמנו למצב של בידוד מדיני בגלל המדיניות הזו. ב-5 ביוני, בעוד כשבועיים, נציין 44 שנות כיבוש, 44 שנים שמדינת ישראל שולטת על מיליוני אנשים בשטחים. שם, מעבר לגדר – – –

חברת הכנסת עינת וילף, תצייני את את מה שאת בוחרת לציין.

אני מודיעה לך שאפשר להמשיך ולטמון את הראש בחול ולחיות בתל-אביב או בירושלים והחיים הם נפלאים, ומעבר לגדר אנחנו ממשיכים בשלטון כיבוש של מיליוני בני-אדם ואחר כך אנחנו מתפלאים למה יש כזה מסע של דה-לגיטימציה נגד מדינת ישראל, נגדנו.

לא, חברת הכנסת שמאלוב, בגלל חברי כנסת כמוך שנמצאים בקדימה ומגבים הצעות חקיקה גזעניות של האיחוד הלאומי וישראל ביתנו ככה אנחנו נראים. כדאי שתביאי את זה בחשבון.

אדוני היושב-ראש, אני מודה שנהיה מעניין במליאה.

– – נהיה מעניין. זה לא כל כך נעים לשמוע. אנחנו נוהגים לייחס לעצמנו את היותנו מדינה מתקדמת, דמוקרטית, נאורה, רק אנחנו לא שמים לב – – –

אנחנו לא שמים לב – אדוני היושב-ראש, אנחנו לא שמים לב שבשם אותם ערכים דמוקרטיים אנחנו מרשים לעצמנו לכופף את הערכים האלה כשזה לא נוגע ליהודים, או כשזה נוגע לקבוצות מסוימות בחברה הישראלית. אחד הדברים שחשבתי – אדוני היושב-ראש, שמעתי את ראש הממשלה מדבר על גבולות בני-הגנה. אני רוצה לומר לך, אדוני היושב-ראש, שגבולות בני-הגנה מעניקים ביטחון, הם אמורים להעניק ביטחון, אבל גבולות בני-הגנה שהקהילה הבין-לאומית תומכת בהם ומגבה אותם הם גבולות חזקים מהכול, וכשאנחנו נקבל לגיטימציה בין-לאומית – – –

לא, לא, לא, אבל אני הייתי מציעה לך, לא כמו הגבולות של צ'כיה, אדוני – – –

אבל הייתי מציעה לך לאמץ – – –

הייתי מציעה לנו לאמץ את מהפכת הקטיפה, אדוני היושב-ראש, שהיתה בצ'כוסלובקיה ושהביאה לצ'כיה וסלובקיה. אם אנחנו היינו מאמצים בכלל סוג של מהפכות לא אלימות ומנסים להגיע למצב שאנחנו דואגים לביטחוננו מתוך גבולות בני-הגנה, שהם בגבולות 67' בתיקונים קלים – אני חייבת לומר לך, אדוני השר איתן, כולנו נחרדנו, ראינו את התמונות של סורים או פליטים פלסטינים שהגיעו מסוריה וכולנו חרדים כאן מה יהיה כשמאות אלפי או כשאלפי פלסטינים יגיעו מהגדה או מהשטחים, מה נעשה. ואני רוצה לומר לך, אנחנו מדברים על המטוסים שיש לנו ועל ה""חמקנים"" ועל ה-F-16 ועל הצבא הכי חזק שיש לנו, ויש לנו כזה, אבל שום עליונות צבאית, אדוני השר, שום עליונות צבאית לא תעמוד לנו כשמאות אלפי אנשים יתחילו להגיע אלינו בגלל מדיניות סרבנית של ראש הממשלה.",1,
260462,2011-06-01,הצעות לסדר-היום: הבנייה החדשה במזרח-ירושלים והמחלוקת בין ישראל לארצות-הברית ולפלסטינים על מעמדה העתידי של העיר על רקע יום ירושלים,"גברתי היושבת-ראש, איזה כיף לראות את התלמידים מבית-ספר ""זיו"" ברעננה. הם רואים שיעור אזרחות.

תודה רבה. אנחנו מדברים היום על יום ירושלים. שמעתי כאן את ראש הממשלה נואם, שמעתי גם את ראש האופוזיציה. דרך אגב, לא ממש ראיתי הבדל או לא שמעתי הבדל בין דבריה של ראש האופוזיציה לדבריו של ראש הממשלה. כולם מדברים על העיר המאוחדת, ואני שואלת: האומנם אוחדה לה יחדיו? לא ממש, גברתי. ירושלים זו עיר שהצעירים שלה עוזבים אותה, התושבים החילונים בורחים ממנה והעסקים שלה נסגרים. מרוב שראש הממשלה, שרים בממשלה, חברי כנסת ועמותות ימין מנהלים תחרות מי יצהיר יותר נאמנות לירושלים, הם הורגים אותה בהצהרות אהבה וחונקים אותה בהצהרות האהבה האלה. כל הדיון הזה על ירושלים כבר מזמן לא רציונלי, במשך שנים הוא תפח לממדים של מיתוס. רק תשמעו את הרטוריקה שמשתמשים בה, כל מילון המושגים: ""לשנה הבאה בירושלים הבנויה"", ""העיר שחוברה לה יחדיו"", ""שלנו לנצח נצחים"". כל המושגים האלה שימשו ברבות השנים כלי להעברת מסר מיתי ביחס לירושלים, העלו את ירושלים לממדים מטאפיזיים ומתייחסים לירושלים כאל משהו שלא מתרחש במציאות, אלא יש מין ירושלים של מעלה וירושלים של מטה. לפני שראש הממשלה נתניהו יצא לארצות-הברית למפגש עם הנשיא אובמה אישרה הוועדה לתכנון ובנייה בירושלים 1,500 יחידות דיור לבנייה בהר-חומה ובפסגת-זאב, ואתמול ראש עיריית ירושלים ניר ברקת הופיע בוועדת הכלכלה של הכנסת והתחייב לבנות עוד אלפי יחידות דיור בהר-חומה ובשכונות אחרות. ואני אומרת לכם, חברי חברי הכנסת, שהפעילות היזומה הזו, שהופכת את ירושלים ליותר יהודית על חשבון הרס הקהילה הפלסטינית, עלולה להצית את הפתיל של האינתיפאדה הבאה. אני אומרת את זה בחשש גדול. שמענו את ראש הממשלה מכריז בפני שני בתי הקונגרס שירושלים תישאר מאוחדת, ורק בזמן שהוא עשה את הדרך במטוס חזרה לישראל ראיתי את יושב-ראש הכנסת, השר גלעד ארדן וחברי כנסת אחרים בראס-אל-עמוד, חונכים שכונה יהודית של 100 משפחות. מה יש לנו או לעמותות ימין לחפש בראס-אל-עמוד, בשיח'-ג'ראח ובמקומות כאלה? אני רוצה להזכיר לכם, חברי חברי הכנסת, שמאז 1967 – אני אומרת את זה – ירושלים, לא רק שהיא לא מאוחדת, היא מפורקת, היא מפוררת. ישראל הפקיעה 35% משטחי מזרח-ירושלים, שזה כ-24 קילומטרים רבועים, ועל האדמות האלה הוקמו שכונות יהודיות חדשות ולא הוקמה שום שכונה לטובת הערבים החיים בה. אין תוכנית מיתאר כוללת לירושלים בגלל סחבת פוליטית מכוונת. אני שומעת את ראש הממשלה נתניהו מוכר את הבלוף הידוע: כל פלסטיני ממזרח-ירושלים רשאי לבנות בכל מקום אחר בעיר. הרי אנחנו יודעים שלא ניתן להוציא היתרי בנייה מחוץ לשטחים של השכונות הפלסטיניות הצפופות. ודבר שמטריד אותי זה העובדה שממשלת ישראל, או עמותות ימין בגיבוי ממשלת ישראל, מנסות להכתיב בירושלים את גבולות הקבע תוך יצירת עובדות בשטח. אנחנו רואים – ציינתי קודם את שיח'-ג'ראח, סילואן, ראס-אל-עמוד, אבו-דיס. לא מדובר כאן רק בפעילות ספוראדית של מתנחלים קיצונים אלא בפעילות ממשלתית מתוכננת שהמטרה שלה היא לכתר את השכונות היהודיות ולנתק אותן מהגדה המערבית, מתוך רצון ליצור שליטה ישראלית מלאה על ירושלים המזרחית ולמנוע כל סיכוי להסדר עתידי או למדינה פלסטינית בעתיד. גברתי היושבת-ראש, אני מייד מסיימת ואני רוצה להזכיר משהו לחברי הבית. כשהיהודים, כשאנחנו שרים את ""נפש יהודי הומייה"", ובמשך שנים שרנו את ""נפש יהודי הומייה"", בוודאי לא התכוונו לא לוולג'ה ולא לשועפאט, והגיע הזמן לרדת מכל המיתוסים האלה ולהציע פתרונות אפשריים בירושלים.

בירושלים יצטרך להיות הסדר של פשרה, כי אחרת לא יהיה הסדר, ללא פשרה, וההסדר ידוע. קבע אותו קלינטון, קבע אותו מתווה ז'נבה: מה שליהודים ליהודים ומה שלערבים לערבים. אולי היום זה נראה כטאבו, אבל לא הכול זה סלע קיומנו. תודה רבה, גברתי.

מקובל עלי להסתפק בהודעת השר.",1,
261156,2011-06-28,הצעות לסדר-היום: ציון יום כחול-לבן,"אדוני היושב-ראש, אדוני השר, האורחים ביציע, ברכות לחבר הכנסת נחמן שי על היוזמה. אין ספק שמטרת קיומו של יום כחול-לבן היא להעלות למודעות ציבורית את החשיבות של קניית תוצרת ישראלית, דיברו על זה כאן קודם חברי, ובעיקר למנוע את ההעדפה של התוצרת הישראלית – למנוע את ההעדפה שלה לרעה במכרזים של גופים ממשלתיים וציבוריים. זוהי מטרה ראויה, חשובה, צודקת. המדינה צריכה לסייע למפעלים וליצרנים ישראלים, וזאת האחריות שלנו, חברי חברי הכנסת, לוודא שהמדיניות של הממשלה תואמת את המטרה הזו. והזרוע השנייה של המהלך לעידוד הייצור הישראלי זו באמת קריאה – כמו שקראו כאן מעל הדוכן, אמר את זה קודם חבר הכנסת אורלב – קריאה לציבור הישראלי לרכוש תוצרת כחול-לבן. זו קריאה מוסרית, והקנייה הזו של מוצרים ישראליים תקדם את הכלכלה בישראל, בוודאי הרבה יותר מאשר כל סוג אחר של צריכה. היא תורמת לייצור מקומות עבודה בארץ, היא מחזקת את העובדים בישראל, היא מבססת את ההתעניינות הכלכלית של המעסיקים והיא מעודדת חדשנות וגיוון במשק הישראלי, ובוודאי מתמרצת את ההתפתחות הטכנולוגית של מפעלים. מדובר כאן גם בשילוב של העדפה עקרונית וערכית של ייצור מקומי ורצון להפיק תועלת כלכלית לתושבי המדינה, ולכן התעשייה הישראלית צריכה ומסוגלת להתחרות ביבוא מחו""ל, הן באיכות מוצריה והן ברמת המחירים העקרונית שהיא מציעה. ובהזדמנות הזו – היינו עדים לאחרונה לכל הוויכוח האם לייבא את מוצרי החלב, בעקבות כל הסוגיה של הוצאת ה""קוטג'"" מפיקוח. אני רוצה לומר לכם, אמרתי את זה גם בהזדמנויות אחרות, אני מתנגדת למתן היתרים לייבוא של מוצרי חלב מחו""ל לישראל. זה לא פתרון לעליית מחירי המוצרים שאינם בפיקוח, ואנחנו בעד כחול-לבן. ואחרי שאמרתי את כל הדברים האלה, אדוני היושב-ראש, חברי חברי הכנסת, חברי נחמן שי, אני רוצה להבחין בין מה שנקרא ""תוצרת ישראל"" לבין מה שמנסים בתקופה האחרונה לשווק לנו כתוצרת ישראל. אני מדברת על אותם מוצרים המיוצרים בהתנחלויות, על אותם מוצרים המיוצרים בשטחים.

צריך, חבר הכנסת כץ – קפצת קצת מוקדם, חכה. צריך, חבר הכנסת כץ, לומר בקול ברור:  כחול-לבן זה לא בשטחים.

אדוני היושב-ראש, המפעלים – – –

אדוני היושב-ראש, המפעלים הנמצאים בשטחים מסייעים, מעודדים את תעשיית הכיבוש. הם שותפים מלאים למערכת המשומנת שמדינת ישראל מפעילה כדי להנציח את השליטה בשטחים. ומדינת ישראל לא רק מנסה לטשטש את ההבחנה בין ישראל שבגבולות ""הקו הירוק"" לבין השטחים שכבשה ב-67', אלא שבתקופה האחרונה – ושימו לב, חברי חברי הכנסת – היא מנסה להפוך את מי שבוחר לנקוט עמדה מוסרית ולסרב לצרוך תוצרת התנחלויות לעבריין. אדוני היושב-ראש, יושב-ראש הכנסת, אתמול עבר בוועדת החוקה אחד החוקים האנטי-דמוקרטיים, חוק החרם, שמטרתו להגן על ההתנחלויות ועל תעשיית הכיבוש, והוא מנסה ליצור זהות מוחלטת של ההתנחלויות עם מדינת ישראל. וזו עמדה – ולכן אני מזהירה. והעובדה שיושבים כאן התעשיינים – אני מזהירה שזו עמדה שמסייעת לכל אלה שקוראים לדה-לגיטימציה של מדינת ישראל. אני רוצה להבהיר: אני מתנגדת לקריאות לחרם על מדינת ישראל – לחרם כלכלי, לחרם אקדמי – –

אל תיכנס בדברי. – – לחרם פוליטי. אבל אני תומכת בעמדה המוסרית של לסרב לקנות מוצרים שמיוצרים בהתנחלויות. כשאני נכנסת לסופר, חבר הכנסת אורלב, אני רוצה לספר לך – –

כשאני נכנסת לסופר, חבר הכנסת אורלב, אני משתדלת לשים לב מה אני קונה, ואני משתדלת לא לקנות מוצרים שמיוצרים בהתנחלויות. וזו עמדה – – –

וזו עמדה לגיטימית מוסרית. ומה שהכנסת עושה – – –

ומה שהכנסת עושה באמצעות חוק החרם האווילי, מה שהיא עושה באמצעות חוק החרם האווילי יביא לכך שהתעשייה הישראלית החשובה, התעשייה כחול-לבן, עלולה להיות בבעיה. אני רוצה להזכיר לחברי חברי הכנסת – –

– – שבית-המשפט האירופי פסק שמוצרים המיוצרים בהתנחלויות לא ייכללו בהסכם המכס בין ישראל לאיחוד האירופי, והיום כל מוצר ישראלי המיוצא לחוץ-לארץ חייב להכיל סימון המזהה את עצמו, אם הוא יוצר בהתנחלויות, אם לא. זה אינטרס ישראלי, חברי חברי הכנסת, שהצרכנים באירופה יוכלו להבדיל – –

– – בבירור בין מוצרים שמיוצרים בישראל, שאני מציעה לעודד אותם – –

– – לבין מוצרים שמיוצרים בהתנחלויות.

תארו לכם, חברי חברי הכנסת – – –

חבר הכנסת אורלב, חבר הכנסת אורלב, תאר לעצמך מה יקרה לאחר שחוק החרם ייכנס לתוקפו ויאסור על שיתוף פעולה עם מדיניות סימון כזאת. כל תוצרת ישראל – לא במקרה משרד החוץ – זה לא מה שאני אומרת כאן על הדוכן; משרד החוץ הזהיר אתמול, נציגי משרד התמ""ת שישבו בוועדה, שלא נתנו להם אפילו אפשרות לדבר, הנציגים של השר שלום שמחון, הם הזהירו – הם הזהירו שתוצרת ישראל, אותה תוצרת כחול-לבן שאנחנו קוראים לעידודה, עלולה להיות מוחרמת אוטומטית בידי מדינות אירופה. שים לב – משרד החוץ, משרד התמ""ת.

אדוני היושב-ראש, יש לי הרבה הערכה, אדוני יושב-ראש הכנסת, לעמדות הדמוקרטיות שאתה מציג, ואתה מגן על כבודה של הכנסת.

ואני רוצה לסיים ולומר שיום כחול-לבן מוקדש, בצדק, לעידוד רכישה תוצרת ישראל. בצדק. אני קוראת לרכוש כחול-לבן, אבל הגיע הזמן שנקדיש את תשומת הלב שלנו לעידוד הכלכלה הישראלית, לתמיכה בה ולחיזוק החברה הישראלית, ולא לעידוד ההתנחלויות והשטחים. תודה רבה.",1,The speaker explicitly opposes the products made in the settlements and emphasizes the negative implications of settlement production on Israeli society and economy.
261396,2011-07-05,נאומים בני דקה,"אדוני היושב-ראש, לפני כמה ימים נחשף בערוץ-10 על-ידי העיתונאי נדב פרי, שלראשונה ממשלת נתניהו, באמצעות משרד השיכון, עומדת להכריז או לפרסם מכרזים ל-300 יחידות דיור בביתר, 46 יחידות דיור בקרני-שומרון ו-40 יחידות דיור באפרת. אדוני היושב-ראש – – –

נדב איל? סליחה, התבלבלתי. נדב פרי חשף בעצם – – –

נכון. אני מודה לך, אדוני השר. משרד השיכון, אדוני היושב-ראש, משמש כקבלן הביצוע של ממשלת ישראל לטרפוד כל ניסיון להגיע להסדר. ממשלה שהיום, בימים אלה, כשכולם מדברים או העיניים נשואות לארצות-הברית, לאו""ם, לספטמבר – כן תקום מדינה, לא תקום מדינה; כן ראש הממשלה נתניהו ייפגש עם יושב-ראש הרשות למשא-ומתן על סוגיות הליבה, ובעיקר אחרי הביקור בירושלים – מה בדיוק משדרת ממשלת ישראל כשהיא מפרסמת את המכרז הזה של יחידות דיור להרחבת ההתנחלויות, לחיזוק ההתנחלויות ולטרפוד כל ניסיון להסדר?",2,
261578,2011-07-11,"הצעת חוק למניעת פגיעה במדינת ישראל באמצעות חרם, התשע""א–2011","אדוני היושב-ראש, חברי חברי הכנסת, כדאי לשים את הדברים על השולחן: הקואליציה הזאת, של ממשלת נתניהו, החליטה לנהל מערכה נגד המשטר הדמוקרטי במדינת ישראל. זאת המשמעות האמיתית והעמוקה של הצעת החוק הזאת. צריך לומר את זה בצורה ברורה שאינה משתמעת לשני פנים. בלי מחשבה, בלהט לקדש את הכיבוש, אתם הורסים חלקה אחר חלקה מהמפעל הציוני. במקום שזאת תהיה מדינה דמוקרטית זה הופך להיות שלטון כיבוש ודיכוי שיש לו מדינה.

ולכן זו הקואליציה המתנחלית, שמחרבת את היסוד של הלגיטימציה שעוד נותרה למדינת ישראל בעולם. אתם אלו שבאמצעות היוזמה הזאת, באמצעות החוק הזה, מעמיקים את הדה-לגיטימציה למדינת ישראל, שמים אותה במצור ובבידוד מדיני. למעשה, אם רוצים לדייק, צריך לשנות את שם החוק לחוק לעידוד פגיעה במדינת ישראל באמצעות הפיכתה למדינת דיכוי. חברי חברי הכנסת, בעולם החופשי יסתכלו מחר על תוצאות ההצבעה, ואם חלילה תתקבל הצעת החוק הזאת, ועושה רושם שהיא תתקבל, כפי שאני מעריכה שיקרה, אנשים בעולם החופשי ישאלו את עצמם: האם ישראל היא עדיין מדינה דמוקרטית? האם מדינה שבה הרוב מחוקק חוקים נגד המיעוט, נגד מחאה פוליטית אזרחית לגיטימית, לא אלימה, משתייכת למשפחת המדינות הדמוקרטיות, או שהיא עוזבת אותה ומצרפת את שמה לרשימה שחורה, רשימה שהרבה יותר קל להחרים? חברי חברי הכנסת, הקואליציה הזאת משתמשת בעריצות הרוב כדי לחוקק חוקים שמבקשים להצר את צעדיהם של ארגוני החברה האזרחית, של השמאל ושל המיעוט הערבי במדינת ישראל. משטר דמוקרטי, חברי חברי הכנסת, הוא משטר שבו הפוליטיקה מגבילה את עצמה על-ידי חוקה או על-ידי תרבות פוליטית של ריסון עצמי. לצערי אין לנו חוקה. אנחנו יודעים את זה, הרבה שנים. אין כאן הסכמה והבנה על חוקה. אבל בעיקר אין לנו ריסון עצמי. הקואליציה הזאת התעלתה על עצמה, אין לה ריסון עצמי, ולכן עולות להצבעה הצעות כמו ההצעה הזאת, הצעה שתכתים את ספר החוקים הישראלי, כתם שחור וחרפה בספר החוקים הישראלי. לצורך היציבות השלטונית, חברי חברי הכנסת, יציבות שלטונית במערכת הפוליטית, ממשלת ישראל בראשותו של בנימין נתניהו מוכנה להקריב ערכים החשובים לדמוקרטיה המהותית, על-ידי תמיכה בחוקים אנטי-חוקתיים, חוקים – או חוק שהיועץ המשפטי של הכנסת אמר שיש אתו קשיים חוקתיים. מדובר בחוק מסוכן, בחוק שפוגע באושיות הדמוקרטיה. חברי חברי הכנסת, זהו חוק לא חוקתי. זהו חוק המנוגד לעקרונות המשפט הישראלי. החוק קובע כי מי שטוען שניזוק מחרם יהיה רשאי לתבוע בנזיקין את מי שקרא לחרם ולקבל פיצויים, לדוגמה ללא הוכחת נזק. אם רוצים לעשות פוליטיזציה של מערכת המשפט, הרי זאת בדיוק הדרך, ויש כאן קבוצה של חברי כנסת שמבקשים לעשות פוליטיזציה של מערכת המשפט. אם אנחנו מדברים על פיצוי עונשין, הרי זה עיקרון זר למשפט הישראלי. החוק הזה, שמובא כאן היום לכנסת, מעודד שימוש לרעה במערכת המשפט. בניגוד למשפט הפלילי, המשפט האזרחי אינו דורש הוכחה מעל ספק סביר. הדבר הזה מגביר את הסכנה לשימוש לרעה במערכת המשפט ולפוליטיזציה שלה.

בית-משפט שיפסוק פיצויים בגלל פעולת מחאה לגיטימית, לא אלימה, לא ייהנה מאמון הציבור, לא ייהנה מאמון העולם. אתם תגרמו בהצעה הזאת שיתבעו אנשים וייפסקו פיצויים, והציבור יגיד ""לא"" למערכת המשפט. אתם מכרסמים באמון הציבור במערכת המשפט, ובדרך הזאת, חבר הכנסת רותם – אני שומעת את הגיחוך שלך עד כאן – אתם מבקשים להחליש את מערכת המשפט הישראלי. אתה מאלו – והחברים שלך – שבאופן קבוע מבקשים לכרסם בכוחה של מערכת המשפט הישראלית. וגם השמרנים שבמשפטנים, ושמענו אותם בימים האחרונים, כולל אנשים שמתנגדים למה שמכונה אקטיביזם שיפוטי, סבורים שבית-המשפט העליון ייאלץ לפסול את החוק הזה כחוק לא חוקתי, ואני חוזרת ואומרת, היועץ המשפטי של הכנסת אמר שיש קשיים חוקתיים עם החוק. חברי חברי הכנסת, חרם צרכני הוא לגיטימי. מה לעשות, גם 44 שנים אחרי כיבוש השטחים, ההתנחלות בהם, עצם החזקתם, היא נושא שנוי במחלוקת בחברה הישראלית; אולי הנושא הכי שנוי במחלוקת. ואת הנושא הזה אתם רוצים להחריג מתחום השיח הפוליטי הלגיטימי? דווקא את מה שניטש עליו הוויכוח העז ביותר בחברה הישראלית? אתם מבקשים לומר לנו – אתם מבקשים לקבוע עבורנו מהו השיח הפוליטי הלגיטימי ומהם דפוסי המחאה הלגיטימיים? איך בדיוק אתם רוצים שאנשים יביעו את המחאה שלהם? חברי חברי הכנסת, גם אם יש כאלו שמתנגדים לשימוש כולל בטקטיקת החרם – ואני רוצה לומר כאן: אני מתנגדת לחרם כולל על מדינת ישראל, לחרם אקדמי, כלכלי ותרבותי, אבל עדיין אני חושבת שחרם הוא כלי אזרחי בלתי אלים, הוא כלי לגיטימי להבעת דעה ולקידום שינוי חברתי ופוליטי והוא כלי במסגרת כללי המשחק הדמוקרטיים. משטרים דמוקרטיים מכירים בזכותם של אנשים להכריז חרם ולהשתתף בחרם צרכני. הצעת החוק הזאת היום, חוק החרם, מבקשת להטיל סנקציות על פעילות פוליטית אזרחית לגיטימית. חשוב ללמוד מההיסטוריה במקרים כאלה, חברי חברי הכנסת, כאשר מנסים לאסור פעולות מחאה לגיטימיות ולא אלימות בעצם מעודדים אי-ציות אזרחי לחוק. חברי חברי הכנסת, שימו לב מה עלולה להיות התוצאה – התוצאה של חוק כזה, וסדרה של חוקים – וסדרה של חוקים שנחקקו בכנסת הקודמת ובמושב הקודם, וחוקים שעדיין נמצאים בקנה – לכל החוקים האלה יש אפקט מצנן לאופי הדמוקרטי של המדינה. המשמעות של החוקים האלה היא רדיפה פוליטית, צמצום חופש הביטוי, סתימת פיות ליריבים פוליטיים ופגיעה בחופש ההתארגנות. אנחנו עדים כאן, בכנסת הזאת, ליוזמות משוללות אחריות ממלכתית, רוויות גזענות ואנטי-דמוקרטיות, שמכוונות להגביל את הפעילות של ארגוני החברה האזרחית וקבוצות פעילים בשמאל, בעיקר באופוזיציה כמובן, משום שהמחאה שלהם קוראת תיגר על הקונסנזוס הפוליטי כיום בישראל, ובעיקר על מדיניות הממשלה. וכשראש הממשלה מדבר תכופות – אנחנו שומעים אותו – על הדה-לגיטימציה שעושים למדינת ישראל, כדאי לזכור שלגיטימציה נשענת בראש ובראשונה על היותה של מדינה מדינה דמוקרטית ומגינה על זכויות האדם. אבל הכנסת הזו, במקום להגן ולבצר את צביונה הדמוקרטי של המדינה – הכנסת הזו מפירה את חובתה להגן על זכויות האדם בישראל. הרוב בממשלה הזו רודף את המיעוט, פוגע בדמוקרטיה ובזכויות האדם, ובמקום לנהל דיון דמוקרטי מבקשים להשתיק קולות ביקורתיים. חברי חברי הכנסת, במשך שנים שלטה הנורמה שהקואליציה והאופוזיציה מכבדות זו את זו מתוך תפיסה שבדמוקרטיה יש כללי משחק משותפים. הממשלה הזו, ממשלת נתניהו, פוגעת בעיקרון הבסיסי הזה. החוק הפסול הזה היום המובל על-ידי נתניהו, שכופה על הקואליציה משמעת קואליציונית באמצעות קבלני הביצוע שלו, שזה יו""ר הקואליציה ויו""ר ועדת החוקה המתגוררים מחוץ לישראל – אני מזכירה לכם – בהתנחלויות, בשטח כבוש – יש מי שמבקש בכנסת הזו להגן על הכיבוש, יש מי שמבקש להגן בחקיקה על הכיבוש וההתנחלויות. ואני רוצה להזכיר לכם, חברי חברי הכנסת, מה שעושה דה-לגיטימציה למדינת ישראל זה הכיבוש – – –

מה שעושה דה-לגיטימציה למדינת ישראל, חבר הכנסת רותם – –

– – אם רוצים להפסיק את הדה-לגיטימציה, תפסיקו את הכיבוש.

אם רוצים לצאת מהבידוד המדיני – – –

אם רוצים לצאת מהבידוד המדיני, צאו מהשטחים. המטרה של חוק החרם היא להגן על הכיבוש, לסתום את פיהם של מתנגדי הכיבוש ולעגן בחקיקה זיהוי מוחלט של ההתנחלויות עם ישראל. החוק הזה מבקש לטשטש את הגבול של מדינת ישראל עם ההתנחלויות; החוק הזה מבקש לעגן את ההתנחלויות ולעשות ארץ-ישראל אחת גדולה. החוק הזה יחול רק על מי שמכריזים או מבצעים צעדי חרם נגד הכיבוש וההתנחלויות ולא על החלטות פוליטיות וצרכניות אחרות.

במה שונה חוק החרם על מוצרי – – –

הוא יושב שם, הוא יושב שם, אני רואה אותו.

אדוני היושב-ראש, במה שונה חרם על מוצרי ההתנחלויות מחרם על גבינת ""קוטג'"" או על בתי-עסק המוכרים מוצרים לא כשרים? אין הבדל, אדוני. אך יוזמי חוק החרם ניסחו אותו בצורה כזו שהחוק לא ייגע בחרמות הקיימים, כמובן, שיקרים ללבם של אנשי הימין. לכן ההצעה הזו שמובאת כאן היום היא הצעה סלקטיבית, לא שוויונית, שמופנית נגד אנשים ולא נגד מוסדות או מדינות, ולא במקרה. אצל יוזמי החוק, כחול-לבן אינו עוצר ב""קו הירוק"". אני רוצה קצת להזכיר, חברי חברי הכנסת, כמה עולה לנו הכיבוש. על-פי הערכות, הכיבוש עלה השנה לאזרחי המדינה 9 מיליארד דולר.

חברי חברי הכנסת, עשירית מתקציב הממשלה – –

– – יוצאת על החזקת הכיבוש.

הממשלה מוציאה בממוצע על כל אזרח ישראלי כ-40,000 שקל בשנה, ועל מתנחלים לעומת זאת, שימו לב, חברי חברי הכנסת, הממשלה מוציאה הוצאה אזרחית וביטחונית – כ-93,000 שקל בשנה בממוצע – – –

הממשלה הזו הגדירה את רוב ההתנחלויות כאזור עדיפות א'; הממשלה הזו מעניקה סובסידיות למתנחלים הכוללות הנחות ברכישת בתים וכבישים עוקפים, הטבות לחקלאים, שירותים ציבוריים טובים יותר, הנחות במסים, סובסידיות לתקציבי רשויות מקומיות – –

– – הממשלה הזו משקיעה בשמירה על ההתנחלויות.

חברי חברי הכנסת, ממשלת ישראל, מדינת ישראל שולטת בשטחים ממניעים אידיאולוגיים 44 שנים ללא רצון להגיע להסדר מדיני תוך ניצול כלכלי של משאבי הטבע וכוח העבודה הזול של הפלסטינים. המפעלים הנמצאים בשטחים מסייעים ומעודדים את תעשיית הכיבוש; הם שותפים מלאים למערכת המשומנת שמפעילה מדינת ישראל – –

– – כדי להנציח את השליטה בפלסטינים – –

– – – ומשאביהם. מוצרי ההתנחלויות הם חלק מכלכלת כיבוש ענפה שבה מעורבות חברות מסחריות ישראליות ובין-לאומיות בעסקאות נדל""ן, בפיתוח תשתיות בשטחים. ואם חוק החרם הזה ייכנס לתוקפו וייאסר על שיתוף פעולה עם מדיניות סימון כזו, כל תוצרת ישראל תוחרם אוטומטית בידי מדינות אירופה. חברי חברי הכנסת, ממשלת ישראל, באמצעות הצעת החוק הזאת, מבקשת לטשטש את ההבחנה בין ישראל שבגבולות ""הקו הירוק"" לבין השטחים שכבשה ב-1967, ומנסה להפוך את כל מי שבוחר לנקוט את העמדה המוסרית ולסרב לצרוך תוצרת התנחלויות – לעבריין – – –

חברי חברי הכנסת, אני אומרת כאן מעל הדוכן מה שאני אומרת 20 שנה: אני לא קונה מוצרים שמיוצרים בהתנחלויות. ואתם מבקשים להפוך כל אדם שלא קונה מוצרים מתוך תפיסה אידיאולוגית לעבריין – זה מה שהחוק הזה מבקש לעשות. אדוני היושב-ראש, החוק הזה הוא גם פגיעה בחופש הביטוי ובזכות המחאה. אני חוזרת ומדגישה – אמרתי את עמדתי לא אחת – אני מתנגדת לחרם כלכלי, פוליטי ואקדמי על מדינת ישראל בין שהוא נעשה על-ידי אזרחים ובין שהוא נעשה על-ידי זרים. אבל אני בהחלט תומכת בבחירה האישית הצרכנית של כל אזרח ואזרחית לא לממן באמצעות צריכה פרטית את הכיבוש. וחוק החרם הזה, המובא כאן היום, מבקש להתערב בהחלטות המוסריות והאישיות ביותר של אדם, בבחירות הפוליטיות שלו ובחופש ובאפשרות לבטא ולפעול בהתאם לבחירות שלו. אם חוק החרם יעבור היום, אדוני היושב-ראש, הוא יפגע בזכויות יסוד דמוקרטיות, ובראשן חופש הביטוי, ההתארגנות והמחאה הפוליטית. חופש הביטוי מטבעו כולל ביטויים שאינם נוחים להישמע ואף מקוממים; אבל הגבלת חופש הביטוי במדינה דמוקרטית צריכה להישמר רק למקרים שיש פגיעה חמורה בזכויות האחר, כמו במקרים של הסתה לגזענות ולשון הרע או פגיעה קשה בביטחון המדינה. העובדה שתוכן מסוים או דרך מסוימת של מחאה אינם נראים לנו, ואף אם אנחנו מתנגדים להם בחריפות, אינה יוצרת כשלעצמה עילה להטלת איסור עליהם. הדרך להתמודד בדמוקרטיה עם סוגים כאלה של מחאה היא במסגרת השיח הציבורי ולא באמצעות כפייה מכוח חוק. האיסור הגורף על חרמות, חברי חברי הכנסת, יביא ליצירת הסדר בלתי מידתי ובלתי מאוזן המזניח במפגיע את חשיבותה הרבה של מחאה ציבורית בלתי אלימה ואת מעמדו המרכזי של חופש הביטוי. אדוני היושב-ראש, אין חוק כזה בעולם, אין חוק כזה. לכן, לסיכום, אני רוצה לומר – –

– – הצעת החוק הזו, כמו חוקים אנטי-דמוקרטיים אחרים, המטרה שלהם היא אחת: המטרה שלהם היא לפעול נגד עמדות ציבוריות שאינן נוחות לרוב ולהציגן כבלתי לגיטימיות, כחשודות, כראויות לסוג של נידוי או לפחות להפללה. ההצעות האלה הן פסולות מוסרית, הן פסולות ערכית ומשפטית. בתירוץ נפסד, שקרי, של הגנה על המדינה בשם הדמוקרטיה המתגוננת כביכול, מקדמים חוקים קיצוניים, לא דמוקרטיים, הרסניים, חוקים שמאותתים לפעילי הימין לאן הממשלה מכוונת, והם פועלים בהתאם לרוח הרעה שיוצאת מהכנסת ומהממשלה. אדוני היושב-ראש, אנחנו מאמינים בחלוקת הארץ ובשתי מדינות לשני עמים. ולכן, עד שראש הממשלה נתניהו ייכנס למשא-ומתן עם אבו מאזן על סוגיות הליבה, ויגיד ""כן"" למדינה פלסטינית, אנחנו נמשיך להתנגד לכיבוש ולא נקנה מוצרים מההתנחלויות. אני רוצה לסיים את הכיבוש, אדוני, ולכן אני מודיעה כאן מעל לדוכן: אנחנו נמשיך להתנגד לכיבוש, וגם החקיקה האנטי-דמוקרטית שלכם לא תשנה את זה. אנחנו נמשיך להחרים את תוצרת ההתנחלויות, וגם החוק הזה לא יפחיד אותנו. תודה רבה.",1,
261638,2011-07-12,נאומים בני דקה,"אדוני היושב-ראש, חבר הכנסת אורבך, שיוצא בדיוק, תהה איך ייתכן שחברי כנסת עומדים על הדוכן ובריש גלי – אני מניחה שהוא התייחס אלי – קוראים לא לקיים חוקים שהכנסת הזאת חוקקה. אני רוצה לומר כאן לחברי חברי הכנסת: כשכנסת מחוקקת חוקים שעומדים בניגוד לחוקי-היסוד, בניגוד לחוקה, כשכנסת מחוקקת חוקים אנטי-דמוקרטיים, יש חובה להפר אותם. החוק שחוקק אתמול, חוק החרם, החוק הזה, שמצטרף עכשיו ליוזמה לחדש את ועדות החקירה, מבית היוצר של ישראל ביתנו וחברי כנסת נוספים מהקואליציה – כל החוקים האלה, אדוני, לא יפחידו אותנו; כל החוקים האלה, אדוני, לא יגרמו לנו להימנע מלחזור ולומר: אנחנו נמשיך להחרים את מוצרי ההתנחלויות. אני רוצה לקרוא רשימה חלקית של מוצרים מהתנחלויות שאנחנו נחרים: ""סלטי שמיר"" מאזור התעשייה ""ברקן"",  ""אחוה–אחדות"" מאזור התעשייה ""ברקן"", ""יקבי חברון"" מאזור התעשייה קריית-ארבע.

אדוני היושב-ראש, אנחנו לא ניתן לאינקוויזיציה הפוליטית הזאת בכנסת להרתיע אותנו.

אדוני היושב-ראש, משפט אחרון. האינקוויזיציה הפוליטית וחוק החרם, שעברו אתמול, לא ירתיעו אותנו. אנחנו נמשיך להתנגד לכיבוש ונחרים מוצרי התנחלויות.",1,
262076,2011-07-20,"הצעות ועדת הכנסת להקים ועדות חקירה פרלמנטריות בנושאים:: 1. מעורבות ממשלות זרות במימון ארגונים ישראליים וברכישת קרקעות בישראל;: 2. פעילות ארגונים ישראליים הנוטלים חלק בדה-לגיטימציה של צה""ל","גברתי היושבת-ראש, הימין בכנסת הזאת החליט להניף גרזן על הדמוקרטיה הישראלית.

מאה אחוז, רוני בר-און. גרזן על הדמוקרטיה הישראלית.

שר החוץ אביגדור ליברמן, שזה שנים מרעיל את השיח הציבורי, בכלל לא ברור כמה זמן תוכל הדמוקרטיה הישראלית לשרוד את ההרס הזה ששר החוץ מזרים לעורקיה. שר החוץ כינה לפני ימים מספר את ארגוני זכויות האדם ""סייעני טרור"".

חברי חברי הכנסת, מדובר בארגונים שאנחנו משוויצים בהם בחוץ-לארץ ורודפים אותם בארץ. האגודה לזכויות האזרח, ""בצלם"", ""שוברים שתיקה"", ""יש דין"", ""רופאים לזכויות אדם"", ""גישה"", הוועד הציבורי נגד עינויים – אני גאה בזה שיש לנו ארגונים כאלה.

באתר של משרד החוץ, חבר הכנסת אדרי, משתבחים בכך שבמדינת ישראל יש חברה אזרחית שוקקת עם ארגונים ביקורתיים ופעילים, ובמדינת ישראל, בכנסת ישראל, רודפים אותם. איזו צביעות. לכל הפחות תפסיקו להיות צבועים. תסירו את המסכות. אל תתגאו בחוץ-לארץ שיש לנו ארגונים ותרדפו אותם בארץ. לשקר שלכם, אין לא רגליים ולא מסכה, וכל העולם רואה וכל העולם בז לצעדים שלכם. תראו את הביקורת הבין-לאומית סביב חוק החרם האווילי שעבר כאן בשבוע שעבר. ""סייעני טרור"", חברי חברי הכנסת? אני מכירה רק סייען טרור אחד – הכיבוש וההתנחלויות הם המוטיבציה לטרור, הם סייעני הטרור, לא הארגונים שמישהו כאן מעז עכשיו לסתום להם את הפה ולרדוף אותם ולהשתיק אותם. חברי חברי הכנסת, אף ארגון שמאל לא פגע בלגיטימיות של מדינת ישראל כמו שפגע בה הכיבוש המתמשך על מיליוני אנשים, 44 שנים, ומסע הרדיפה נגד ארגוני זכויות האדם. תקשיבו לקולות בחוץ-לארץ, תקשיבו לקולות הארגונים היהודיים סביב הגלובוס, איך הם מתביישים במה שמדינת ישראל עושה פה. גם אנחנו מתביישים בממשלה הזאת. אני אומרת לכם, חברי חברי הכנסת, אני גאה להזדהות עם הארגונים, ארגוני החברה האזרחית, ארגוני זכויות האדם. ומי שמבקש להקים כאן ועדת חקירה, בעצם מבקש להקים בית-דין שדה פוליטי. הרי הוועדה הזאת תעשה מחקר, אמרה חברת הכנסת קירשנבאום. מה, זו הוועדה לסחר בנשים, לתאונות דרכים, לבעיית המים? הרי הוועדה לא אמורה לברר עובדות, היא באה עם המסקנות כבר מראש. במקום שהכנסת הזאת תתמודד עם הטיעונים שמעלים ארגוני זכויות האדם שפועלים בשטחים הכבושים, אז הכנסת הזאת בוחרת לעסוק בפרוצדורות, ברכישה מאורגנת של אדמות ובמקורות מימון. הרי אין מה לחקור, הכול תירוץ ושיסוי פוליטי והסתה פוליטית. בכלל, הימין – אני לא יודעת, רוני בר-און, איך כינית אותו קודם – הימין בכנסת הזאת, הימין הקיצוני המוטרף, רואה בכל ביקורת ישר איום ופגיעה בביטחון המדינה, וישר בכל דבר מאשימים את השמאל. חברי חברי הכנסת, זה לא יהפוך את הכיבוש ללגיטימי, זה רק יהפוך את מדינת ישראל למצורעת יותר.

כשהממשלה, בטיפשותה הרבה, מסרבת לשתף פעולה בבדיקה שקיבלה מנדט ממועצת הביטחון של האו""ם, כשהצבא מתעקש לחקור את עצמו, זו החובה של ארגוני זכויות האדם לעשות monitoring, לאסוף עדויות ולבדוק אם הרשויות פעלו בהתאם לחוק, בהתאם למוסר, וזו החובה שלהם להפיץ את המידע.

זו החובה של ארגונים שמחויבים לזכויות האדם – –

– – שפועלים בשמנו ומטעמנו, מטעמם של השפויים בחברה האזרחית הישראלית – –

– – לפרסם את המידע. במקום שהכנסת הזו תתעסק באותם ממצאים מדאיגים וחמורים של תחקירי הארגונים, מה שעושים כאן חברי הכנסת, הם מסיתים נגדם, הם מניפים גרזן על הדמוקרטיה הישראלית. אז שימו לב מה היה כאן בשבוע שעבר, חוק החרם; לפני כמה שבועות, ועדות קבלה, ועכשיו ועדת החקירה הזאת. הרי אתם יודעים, חברי הכנסת דנון וקירשנבאום, הרי אין לכם סמכות לכפות על ארגונים אזרחיים להגיע לכאן. הם גם לא מתכוונים להגיע ולא מתכוונים לשתף אתכם פעולה, ותראו למה שאתם גורמים, איך אתם מנכרים את הציבור ואת הארגונים מהכנסת. אין לכם סמכות כזאת, ואתם לא יכולים בוודאי לכפות פעילות קונקרטית, בטח לא על מישהו שהוא לא חלק מהרשות המבצעת.

הרי אתם יודעים שאין מה לחקור. מקורות המימון של העמותות גלויים במשרדי רשם העמותות. אפשר ללחוץ בנקישה אחת על כפתור המחשב ולדעת. וזאת בניגוד לארגונים של הימין ולעמותות של הימין, שמקבלות כספים מכל מיני מוסקוביצים ותורמים למיניהם, וכל מיני עמותות אלע""ד, שמשתלטים. וקודם חברי אילן גילאון סיפר איך הממשלה בעצם מממנת את הפעילות של הימין הקיצוני, איך רוכשים בתים במזרח-ירושלים, איך עושים הכול, איך כובשים שטחים נוספים, איך מפשירים אדמות מדינה – הכול בחסות משרדי הממשלה.

לא, לא נבחרתם בשביל זה. נבחרתם כדי לשלוט, לא כדי להשתמש בעריצות הרוב שלכם כאן כדי לכפות ועדות חקירה על ארגונים אזרחיים שעושים את עבודתם נאמנה.

אתם מתבלבלים. אתם לא מבינים שכנסת בדמוקרטיה מתוקנת צריכה להגן על זכויות האדם, צריכה לבצר את הצביון הדמוקרטי של המדינה. הכול אצלכם זה עניין של קוניונקטורה פוליטית, הכול משועבד למטרות פוליטיות. אין לכם תפיסה אחת סדורה מובנית של מה זה מחויבות להגנה על זכויות האדם. שימו לב מה קרה במדינות ערב. כל העולם הריע לחברה האזרחית בעולם הערבי, ובמדינת ישראל מבקשים להקים בית-דין שדה פוליטי נגד ארגוני החברה האזרחית? חברי חברי הכנסת, ראש הממשלה איננו נמצא כאן. השר וילנאי, שמייצג את הממשלה, אין לי טענה לחבר הכנסת דנון ולא לחברת הכנסת קירשנבאום, ואפילו אני לא יודעת אם לשר החוץ ליברמן. יש לי טענה אחת בלבד, והיא לראש הממשלה. ואם ראש הממשלה לא ישים עכשיו סוף למסע ההסתה המשתלח נגד השמאל, אני אומרת לכם, חברי חברי הכנסת, אני מזהירה ולא בראשונה, זה עלול להיגמר בדם, וזה כבר קרה בישראל כשהשוליים בימין חשו שיש להם גיבוי מהמרכז בכנסת. ובמקום להגן על החברה הישראלית כולה, ראש הממשלה מרשה להשתלח בארגוני זכויות האדם. זה שהוא אמר שהוא יבוא להצביע נגד – אבל הוא לא הטיל משמעת קואליציונית ואפשר חופש הצבעה. הדבר הזה לא מספק, חברי חברי הכנסת. אם ההצבעה היום תעבור, על ועדות החקירה, ראש הממשלה צריך יהיה להביא בחשבון שהוא אחראי גם על שלומם של אזרחים שלא הצביעו לו. תודה רבה.

לא, אף מדינה לא מדברת על ועדות חקירה.",1,
262215,2011-07-25,"הצעות סיעות קדימה, העבודה–מרצ, בל""ד–חד""ש–רע""ם-תע""ל והאיחוד הלאומי להביע אי-אמון בממשלה בשל:: 1. כישלון ממשלת נתניהו בתחום הכלכלי גורם לעליות מחירים בכל ענפי המשק;: 2. הרס המרקם החברתי והעמקה מכוונת של הפערים והעיוותים בדיור, בבריאות ובחינוך והפגיעה בדמוקרטיה;: 3. מצוקת הדיור הארצית כולל במגזר הערבי;: 4. מדיניות הקפאת הבנייה בירושלים וביהודה ושומרון הגוררת את המדינה למשבר חמור בתחום הדיור","מה, מה יהיה מחר? אתה רואה שאנחנו מחכים למה יהיה מחר.

– – – שהניתוח הצליח והחולה מת.

אדוני, לנו אין דילמה כזאת.

אדוני, לנו לפחות לא היתה הדילמה הזאת. כל הזמן אנחנו באופוזיציה – – –

אדוני היושב-ראש, חברי חברי הכנסת, המחאה המוצדקת בשדרות-רוטשילד, ברחובות, בראש-העין, בכפר-סבא, בכל הארץ, המחאה המוצדקת הזאת היא מחאה פוליטית. ומי שמנסה להתנער מההיבטים הפוליטיים שלה חוטא למאבק; חוטא למאבק. אני לא מדברת על מחאה מפלגתית, אני מדברת על מחאה פוליטית. החלטות מתקבלות בזירה הפוליטית. והמאבק הוא לא רק על צדק חברתי, כי אי-אפשר לנתק את המאבק – אמר בצדק חבר הכנסת ברכה, ואמרו כאן חברי קודם לכן – אי-אפשר לנתק את המאבק לצדק חברתי מהמאבק להגנה על הדמוקרטיה ומהמאבק לסיום הכיבוש ולהסדר שלום, כי הכול קשור. הכול כרוך האחד בשני, ומי שמבקש לנתק את זה מבקש לעשות לעצמו חיים קלים, ויש כאן גורמים בכנסת הזאת שנוח להם רק להתמקד במאבקים חברתיים. חברי חברי הכנסת, יש כסף לבנייה, יש הרבה כסף לבנייה, וכשהממשלה רוצה היא בונה. היא בונה כבישים עוקפים בשטחים, והיא בונה המון דירות בשטחים. היא רק לא בונה בתוך מדינת ישראל, והיא לא משקיעה את אותם משאבים שהיא משקיעה בשטחים כדי לקצר את הכבישים ואת דרכי התחבורה בין הפריפריה למרכז. אומרים לאנשים המפגינים בתל-אביב: מה אתם, מפונקים? כולם צריכים לגור בתל-אביב? תגורו בפריפריה. אבל כבר שמענו, גם בפריפריה אין עבודה, וגם הנגישות – הדרך ממרכז הארץ היא ארוכה, וגם המשכורות נמוכות יותר, ומחירי הדיור גבוהים יותר. אבל, חברי חברי הכנסת, זה לא רק מאבק על דיור. זה מאבק כולל על תפיסת עולם, זה מאבק נגד המדיניות הניאו-ליברלית של ראש הממשלה, שמוביל אותה באופן קבוע ראש ממשלה שמבקש לחזק רק בעלי הון, רק טייקונים, ולא דואג לאזרח הפשוט. אדוני היושב-ראש, היום היית בדיון בוועדת הכספים ביוזמתו של חבר הכנסת וקנין וביוזמתי. דיברנו איך הטייקונים, שכשהם נקלעים לחובות הם לא מכניסים את היד לכיס שלהם. כשהם לא מסוגלים לפרוע את החובות שלהם, הם מגלגלים את החובות שלהם על הציבור. אני שואלת אתכם, חברי חברי הכנסת, לו חבר הכנסת ברכה או גילאון היו לוקחים משכנתה מהבנק ולא מסוגלים לפרוע אותה – אני לא מדברת עליהם, אבל האזרח הרגיל – הרי היו מגלגלים אותם לרחוב, מוציאים נגדם צו עיקול ומוציאים אותם מהבית. מה שמתאים לטייקונים הגדולים – ראש הממשלה פועל כסוכן של הטייקונים הגדולים, כאיזה טיל שיוט שבא לשרת את האינטרסים שלהם – לא דואגים באופן הזה לאזרח הפשוט, לא דואגים לרווחה, לא דואגים לבריאות. ארבעה חודשים נמשכת שביתת הרופאים; איפה היה ראש הממשלה? והערה אחרונה, אדוני היושב-ראש, ברשותך. אני יודעת שזה קל להתגולל על שר האוצר. בימים האחרונים שמענו דיבורים – צריך לפטר את שר האוצר. חברי חברי הכנסת, אני רוצה להזכיר לכם, אומנם שר האוצר שטייניץ הוא שר בממשלת נתניהו – הוא הציע להפחית את מס החברות, הוא הציע להפחית מסים עקיפים, לא להעלות את המסים העקיפים. שר האוצר-על, ראש הממשלה נתניהו, חתך את היוזמה הזאת שלו. יש כאן ראש ממשלה – שלא יחפש אשמים. יש לו מדיניות אחת, שמבקשת להמשיך את התפיסה שלו על האלונקה, על האיש השמן והאיש הרזה. חברי חברי הכנסת, באמת משפט אחרון; היום שוכני האוהלים בשדרות-רוטשילד יושבים שם, מנהלים את המחאה שלהם. אני מאוד מודאגת, כיוון שראש הממשלה הוא אדם מסוכן, וספטמבר בפתח, והפלסטינים בדרך לאו""ם – אני מאוד מודאגת שראש הממשלה יעביר את המחאה מהאוהלים בשדרות-רוטשילד למחאה של אוהלים של אנשי מילואים. תודה רבה.

איזו מצוקת דיור? אין לך מצוקת דיור, זה הכול.

לא, אני לא שמחה, אני לא חושבת שהפתרון זה שמחה. אני חושבת שהפתרון הוא – – –",1,
262285,2011-07-26,שעת שאלות,"אדוני השר, אדוני היושב-ראש, השאילתא שלי מתייחסת לפערי המחירים בתחבורה הציבורית בין קווים שמשרתים התנחלויות לבין קווים הפועלים בשטח ישראל. אני רוצה ליידע את המליאה שלפני כמה שבועות ""שלום עכשיו"" חשפו פערים מאוד גדולים במחירי נסיעה בתחבורה הציבורית בין קווים שמשרתים התנחלויות ביהודה ושומרון לבין קווים שמשרתים יישובים בשטח ישראל, גם אם מדובר במרחקים דומים. אני רוצה לתת דוגמאות: נסיעה מסובסדת בין ירושלים לתל-אביב באורך של 60 קילומטר עולה 20 שקלים, ואילו נסיעה באורך כמעט זהה להתנחלות טלמון עולה 8.6 שקלים; נסיעה בין ירושלים לשדרות, שאורכה 87 קילומטר, עולה 36 שקלים, ואילו נסיעה בין ירושלים לבין ההתנחלות אלון-מורה, שאורכה 84 קילומטר, עולה 16 שקלים ו-30 אגורות בלבד. העמדה הרשמית של משרד התחבורה בזמנו, או עמדה שמבקשת להצדיק את הנתונים האלה, היא שהפערים האלה נובעים מרצון שהיה בתחילת העשור הקודם לעודד נסיעה באוטובוסים ממוגנים על חשבון שימוש ברכב פרטי ביהודה ושומרון. זה באמת היה הגיוני אז, אדוני, כולנו רוצים להגן על כולם, אבל בעיקר על אנשים שמשתמשים באוטובוסים ביהודה ושומרון ועל זה אין חולק, גם אם יש מחלוקת פוליטית על עצם קיום ההתנחלויות. אבל היום, אדוני השר, אי-אפשר לומר שזה תואם את המציאות הקיימת. אנחנו יודעים שהמצב הביטחוני בשטחים – – –

בסדר, אדוני, אני מקבלת את הצעתך. מכיוון שאני חושבת שאין צידוק לאפליית מחירים בוטה כל כך, אני מבקשת לשאול שלוש שאלות: האם משרד התחבורה מתכוון לבטל את אפליית המחירים בין קווי ההתנחלויות לקווים בישראל? שאלה שנייה – מה ההצדקה שמוצא המשרד להשאיר את אפליית המחירים על כנה בשנים האחרונות לאור השתנות הנסיבות? האם הופעל על המשרד לובי של נציגי המתנחלים, למשל? שאלה אחרונה – מדוע לא יושקעו תקציבי המשרד בסבסוד נסיעות ותגבור התדירות ליישובים במצב סוציו-אקונומי נמוך על חשבון התנחלויות מבוססות ומבודדות? תודה, אדוני.",3,
262605,2011-08-02,"הצעת חוק הליכי תכנון ובנייה להאצת הבנייה למגורים (הוראת שעה),: התשע""א–2011","איוב קרא היה אצל מנהיגי הימין הקיצוני באירופה. איוב קרא, אנחנו יודעים למי הוא הולך – לניאו-פאשיסטים הכי גרועים באירופה, ושם הוא מייצג את ישראל.

שיח של חירשים – הם ידברו והוא, מקסימום, יאזין.

מפלגתי, לא פוליטי, כי זה פוליטי. שלא ייקח את זה למקום המפלגתי.

מכובדי, אדוני היושב-ראש, חברי חברי הכנסת, אחד הדברים המדהימים שאנחנו עדים להם ב-24 השעות האחרונות – אולי יותר נכון לומר המחפירים – זה מסע ההשתלחות של ראש הממשלה ושלוחיו באמצעות שרים, ראשי ערים וחברי כנסת, נגד מאהלי המחאה, נגד המפגינים במאהלי המחאה. אתם יודעים, ראש הממשלה התעשת. זה לקח לו קצת זמן. בשלב הראשון הוא עשה מצג שווא של אמפתיה, ניסיון להביע אמפתיה באמצעות PowerPoint, ואתמול ראש הממשלה חזר להיות ביבי הידוע, בנימין נתניהו שבאמצעות הסתה פרועה, ניסיון לעשות דה-לגיטימציה, שולח חצי רעל לעבר המפגינים. כל מופע האימים הזה, הזחיחות הזאת של ראש הממשלה, הוא ושר האוצר ושר החוץ, שבכלל מכנה בשמות גנאי את המפגינים ברוטשילד ובכל הארץ, מפגינים – ואמרו את זה כאן קודם חברי – שקמו באופן ספונטני, מתוך מצוקה אמיתית, מתוך, אתם יודעים מה? חרדה לגורל המדינה הזאת. לא מדובר רק בם, לא מדובר רק על החיים שלהם, לא מדובר רק על הרצון שלהם. חברי חברי הכנסת, זה הילדים שלנו. מדובר בילדים שלנו ושכמותם, שנושאים בנטל, שלומדים, שעובדים ומסתכלים איך המדינה הזאת בורחת להם מהידיים. ובמקום שראש הממשלה ינסה למצוא פתרונות הוגנים, שוויוניים, הוא משתלח בהם, הוא זורע הרס ורעל ופוגע במי שקם באופן ספונטני, כל כך אמיתי, כל כך נכון, והצליח לגבש לעצמו תפיסת עולם כוללת שמורכבת נדבכים על נדבכים על נדבכים על נדבכים, שהתוצאה הסופית שלה היא אחת. כשאנחנו צעדנו, ניצן ואני, ושבוע קודם אילן היה באשדוד ואנחנו היינו בתל-אביב, ושבוע קודם כולנו היינו בתל-אביב, ונחשולי האדם הזה צעדו וצעדו – כולם באו מתוך איזו תחושה של רוויה, של די, שנמאס. אנשים רוצים שתהיה כאן מדינה אחרת, שתהיה כאן מדינה שמשקיעה במדינה, במדינת ישראל; שתהיה כאן מדינה שאת הכסף שלה לא שופכת על כבישים עוקפים ועל מיליארדים לתקציב הביטחון בהתנחלויות, ובונה רק במחוז אחד. מי שבוחן בעשור האחרון את נתוני הלשכה המרכזית לסטטיסטיקה מגלה נתון מדהים: מחצית מהבנייה הממשלתית בעשור האחרון הושקעה במחוז אחד – קוראים לו מחוז השומרון. אפס השקעה ממשלתית, אפס השקעה ממשלתית במחוז תל-אביב. אז מה הפלא שהצעירים יצאו למאהלים בתל-אביב, צעירים שידם אינה משגת לשכור דירה? אני כבר לא מדברת על לקנות דירה – לשכור דירה. מה, זה מותרות לגור בתל-אביב? יש כל התפיסה הזאת שיגורו בפריפריה. גם בפריפריה לא משקיעים. איזה מדינת רווחה זה פה? מה, יש פריפריה, יש תחבורה, מנגישים את הפריפריה למרכז? אומרים להם: תעברו לעבוד בפריפריה ולגור בפריפריה. יש רק פריפריה אחת שיש בה מדינת רווחה, וקוראים לה מדינת התנחלויות. שם מדינת ישראל שופכת כסף, ובמיליארדים. ואני חוזרת ומדגישה את הקשר הזה, חברי חברי הכנסת. כל הזמן מנסים לצייר את המחאה הזאת שהיא לא פוליטית, וכל אחד בא עם העמדות שלו והדרישות שלו. חברי חברי הכנסת, זו מחאה פוליטית שהגיעה למצב הזה אחרי 44 שנים שאנחנו שולטים שם מעבר לגדר. שכחנו שזה שם, ואת התוצאה הזו אנחנו משלמים היום ביוקר המחיה ובמחיר הדיור הגבוה. זה באמת לא מקרה שהמחאה פרצה על רקע משבר הדיור, שם מתגלים כשלי השוק החופשי באופן הבולט ביותר. הזכות לקורת גג – מה, זה מופרז לחשוב שהזכות לקורת גג היא זכות יסוד? בכל מדינה מתוקנת זו היתה צריכה להיות הזכות הבסיסית שמדינה מעניקה לתושביה. במקום להתמודד עם הצרכים האמיתיים, הממשלה הזאת, עם ה""סופר-טנקר"" שלה, מביאה לנו כאן לכנסת את חוק הווד”לים. ניסיתי לעבור על החוק הזה ולקרוא אותו. אני חושבת שהדבר המרכזי שעולה מקריאה בחוק הזה זה העובדה שהמדינה בעצם, לכאורה בשם הרצון להקל תהליכים וחסמים ביורוקרטיים, מתנערת מהאחריות שלה. אני חוזרת – כאילו יש כאן איזה רצון לעקוף חסמים. זה, חברי חברי הכנסת, כוסות רוח למת. זה כוסות רוח למת, כי המהלכים שחוק הווד”לים מייצר, אם הוא יעבור כאן, בעצם יפגעו באינטרסים הציבוריים. ואם אנחנו ננסה לבחון את מי באמת ישרתו הווד”לים – מה, זה ישרת את אותו ציבור שמפגין היום בתל-אביב ובכל הארץ, שמשווע לדירות, לאותם 160,000 דירות חסרות? האם זה ישרת אותם? תשכחו מזה, חברי חברי הכנסת. זה ישרת את הספסרים, את הספקולנטים, את היזמים הזריזים, לא את אותם אלה שזקוקים ל-160,000 דירות. אבל חוק הווד”לים הזה הוא משקף באופן כל כך בוטה, כל כך נכון ומדויק, הייתי אומרת, את התפיסה שמנחה את המדיניות של ממשלת ישראל, את התפיסה שדיברו עליה כאן קודם, שצריך לתת לשוק לפעול, ואם ההיצע יגדל מחירי הדירות ירדו. ובכלל גם אמרו שלא רק שירדו מחירי הדירות – אנחנו צריכים להקטין את המעורבות של המדינה. כל המדיניות הזאת, כל התפיסה הזאת, בכלל החלישה את היכולת של הגופים הממשלתיים והציבוריים לעמוד בפני הקבלנים והאינטרסים שלהם. התוצאה היום היא, חברי חברי הכנסת, שבמשך שנים אנחנו רואים איך משרד הבינוי והשיכון ומינהל מקרקעי ישראל לא הצליחו בתפקיד שלהם לספק דירות לכלל אזרחי ישראל. אנחנו ראינו עוד ניסיון – היה ניסיון רק לפני כמה חודשים, אולי קצת יותר, להפריט את מינהל מקרקעי ישראל. רצו להעביר חלק מקרקעות המדינה לבעלות פרטית, וגם, הכול מתוך אותה תפיסה שהשוק החופשי יפתור את בעיות היצע הדיור בישראל. חשבו שהיוזמה הפרטית תזרז את הליכי הבינוי. ומה קרה במקביל? במקביל בנו רק דירות גדולות, רק לאנשים שידם משגת, דירות של שישה חדרים ושבעה חדרים. אבל מה עם דירות קטנות? מה עם דירות של שלושה חדשים וארבעה חדרים לאלה שאינם יכולים לרכוש את הדירות הגדולות האלה? אנחנו יודעים שיש ציבורים גדולים – זוגות צעירים ועולים, וקבוצות מוחלשות, עניים שזקוקים לסיוע של המדינה. איך בדיוק יפתרו את הבעיות שלה באמצעות חוק הווד”לים הזה? איפה הסבסוד של המדינה בשכר דירה, במשכנתאות? הרי כל הדברים האלה ירדו בהתמדה ובעשרות אחוזים. זה בדיוק מה שיצר את הביקוש לדירות. ומי ניצל את הביקוש הזה? כל מיני משקיעי חוץ שבגלל הריבית הנמוכה של בנק ישראל קנו דירה להשקעה ולא השקיעו את הכסף שלהם בבנק, או כל מיני אנשים שקנו דירה ובכלל לא גרים בה. נוצרו כאן שכונות שלמות שהן דירות רפאים. כל הדברים האלה, חברי חברי הכנסת, מדיניות השוק החופשי של נתניהו, כל התפיסה הזאת הביאה לעליית מחירים בלי שניתן מענה הולם מטעם המדינה. חברי חברי הכנסת, נדרשת רפורמה במינהל מקרקעי ישראל, אין ספק בזה, רפורמה שתהפוך אותו לגוף יעיל, שייתן שירות מתוך שמירה על עקרונות של בעלות, מימון ואחריות ממשלתית. נדרשת רפורמה שתבטיח בנייה של דירות קטנות, שמיועדות למשפחות צעירות, לזוגות צעירים ולמשפחות קטנות, ולקחת את כל התקציב הזה שיש, תקציב שמיועד לסיוע בשכר דירה ובסבסוד משכנתאות לאוכלוסיות נזקקות, ולהשקיע אותו מחדש גם בדיור בר-השגה וגם בדיור ציבורי. אני חושבת שאם הממשלה היתה נעתרת לתוכנית הזאת או להצעות האלה בתחום הדיור – אני כרגע מתמקדת בתחום הדיור, כי אנחנו מדברים על חוק הווד”לים, אבל כמובן שהדרישה של המוחים היא הרבה יותר רחבה, ובצדק היא יותר רחבה. יש כאן בעיות של בריאות וחינוך ומסים וחלוקה לא שוויונית ונשיאה לא שוויונית בנטל, אבל אי-אפשר להתעלם, חברי חברי הכנסת, מכך שיש כאן מחאה אותנטית, מוצדקת, שיש מי שמנסה לקעקע אותה, לרסק אותה, לפגוע בה, לעשות לה דה-לגיטימציה, והמישהו הזה קוראים לו בנימין נתניהו, ראש הממשלה. ואני רוצה לומר לך: לא תעזור לך ההסתה, לא יעזור לך, זה הרבה יותר חזק ממך. יש כאן אנשים שאומרים, ואני מצטטת: ""העם רוצה צדק חברתי"", ואתה תצטרך להיענות לתביעה הזאת. תודה רבה.",1,
262735,2011-08-03,"כישלון ממשלת נתניהו בתחום המדיני, הכלכלי והחברתי","אף אחד עוד לא קיבל סטירת לחי בגלל חנופה, אדוני ראש הממשלה.

אדוני היושב-ראש, אדוני ראש הממשלה, חברי חברי הכנסת, קשה לקבוע ולהחליט איזו תכונה יותר דומיננטית בממשלה שלך, אטימות או זחיחות. איך ישבת שם, בסיעת הליכוד, עם חברי הכנסת שלכם והשרים  וראשי הערים, שולחים חצי רעל לעבר המפגינים, מסיתים, מנסים לעשות דה-לגיטימציה בניסיון לרסק את המחאה. אבל זה לא יעזור לך, אדוני ראש הממשלה, עידן המובארקים שעשקו את עמם חולף. תסתכלו עכשיו על כלי התקשורת, על הדיווח שלכם על מובארק במיטה, בתוך כלוב נאשמים, עומד לדין על כך שעשה יד אחת עם בעלי ההון, שעשק את העם שלו. ואני שומעת היום שאתה הצעת לו מקלט מדיני. זה לא נכון, אדוני?

אוקיי. כי אני כבר חששתי שמדינת ישראל הופכת להיות עיר מקלט למנהיגים מושחתים. אני שמחה שאדוני ראש הממשלה מבהיר שלא היו דברים מעולם.

יכול להיות שהוא לא הורשע, אבל זה מעיד, התופעה של מובארק – –

אתה לא צריך להגן עליו, חבר הכנסת חסון. – – מעידה על כך שהעם מואס במנהיגות מושחתת שלא באה לשרת את העם, שבאה לשרת רק קבוצת אינטרסים של טייקונים, ואנשים שמתפרנסים והופכים את מעמד הביניים, כמו שקורה כאן, למעמד שצריך לצאת לרחובות כדי לדרוש את הזכויות האלמנטריות שלו, זכויות יסוד. הזכות לקורת-גג היא זכות בסיסית.

אדוני היושב-ראש, אני בזכות דיבור, ואנא תן לי.

אני משוכנעת שהבנת, אדוני היושב-ראש, ואנא תן לי לשמור על הרצף.

חברי חברי הכנסת, היום זה היום האחרון של המושב. איך הממשלה הזו השחיתה את כל המושב הזה על חוקים מעוררי שנאה, מקארתיסטיים ואנטי-דמוקרטיים, שהשיא שלהם היה בחוק החרם. קיצצתם והפרטתם את השירותים החברתיים בתוך מדינת ישראל, אבל חיזקתם את מדינת הרווחה בשטחים. במדינת ההתנחלויות במחוז השומרון אתם ממשיכים להשקיע – –

– – ולא במחוז תל-אביב. ממשיכים להגביל את תקציבי הביטחון ומעניקים מעמד של אזור פיתוח א' להתנחלויות. אז מה הפלא שלא נשאר כסף כדי שאנשים צעירים יחיו כאן בכבוד?

חברי חברי הכנסת, לסיכום. כל ההתנהלות הזו שלכם, כל האטימות שגיליתם כלפי המפגינים, יצרו ניכור ודה-לגיטימציה למערכת הפוליטית ולמוסדות הנבחרים, ולכן האתגר שלנו, חברי חברי הכנסת, הוא לשדר למפגינים שיש להם כאן כתובת אמינה עם יושרה במערכת הפוליטית. ואני אומרת למוחים באוהלים, יש לכם אוהל בכנסת. תודה רבה.

לא זכור לי שעשיתי את ההשוואה הזאת. הייתי מאוד מדויקת, אדוני היושב-ראש.

רמזים זה מה שבראש של המתבונן.

בבקשה. אני לא העזתי להגיד.",1,
262851,2011-08-03,"הצעת חוק המאבק בטרור, התשע""א–2011","החוק זה יפעל נגד הימין יותר מאשר נגד – – –

נכון, אתה אומר אדרבה ואדרבה?

אדוני יושב-ראש הישיבה, אדוני היושב-ראש, חברי חברי הכנסת, אדוני השר, אמר נשיא בית-המשפט העליון לשעבר אהרן ברק: גם את המאבק בטרור צריך לנהל כשיד אחת קשורה מאחור. חבל שהאמירה החשובה כל כך לא עמדה לנגד עיניכם כשחוקקתם את החוק הזה, כשהבאתם אותו לכאן למליאה. מי מתנגד למאבק בטרור? כמובן, כולם תומכים במאבק בטרור. אבל  אנחנו עכשיו מנרמלים ומיישמים לתוך החקיקה הישראלית את חוקי החירום הבריטיים המתועבים שהוריש לנו המנדט הבריטי. במקום לעשות תחליף דמוקרטי לחקיקת החירום, אנחנו עכשיו מאמצים חקיקה, תיאר אותה קודם דב חנין, שפוגעת באופן קשה בזכויות יסוד חוקתיות של אנשים ונותנת לגיטימציה לשימוש באמצעים דרקוניים. אני לא אפרט את כל האמצעים הדרקוניים שההצעה הזו מאפשרת, אני רוצה לגעת, להתמקד רק בסעיף אחד, חברי חברי הכנסת: אני רוצה לדבר על האופציה שההצעה הזו נותנת להשתמש באופן גורף וסיטונאי במעצר מינהלי ובצווי הגבלה ולהכניס אותם ולהפוך אותם לחלק בלתי נפרד מהחקיקה הישראלית, חקיקה ישראלית מודרנית וקבועה. רק אתמול, חברי חברי הכנסת, קיבלנו הוכחה לכך שזכויות אדם אינן ניתנות לחלוקה. אתמול, למי שלא שמע, נעצרו 12 פעילים – לא נעצרו, קיבלו 12 פעילים מיצהר צווי הרחקה מינהליים מיהודה ושומרון לתקופה של שנה. נמסר שהיה מידע מודיעיני, אני לא יודעת, לשב""כ, למי, שהקבוצה הזו, שהוצאו נגדה צווי הגבלה, היתה מעורבת בשורה של פעולות ""תג מחיר"". ""תג מחיר"" אלה פעולות אלימות נגד פלסטינים, הצתות מסגדים, הצתות של כלי-רכב. גם כנראה לא מדובר בצדיקים גדולים, כי אנחנו מדברים על אנשים שזו לא הפעם הראשונה שהם מקבלים צווים. אני רוצה להזכיר לכם, חברי חברי הכנסת, שבשנים האחרונות נעצרו אלפי, אלפי פלסטינים במעצר מינהלי ללא משפט, כשהשתמשו בצווים האלה, בשימוש במעצר המינהלי כאמצעי ענישה בעצם. ומה אנחנו עושים עכשיו? אנחנו לוקחים את אותו כלי מתועב, אותו כלי מתועב – ובית-המשפט העליון קבע בזמנו שמעצר מינהלי הוא אמצעי מניעתי בלבד ושהמטרה שלו איננה להטיל עונשים על מעשים שבוצעו בעבר אלא למנוע סכנה צפויה בעתיד. אז אנחנו לוקחים את הכלי הזה, שפוגע בשני עקרונות יסוד – העיקרון הראשון, שאדם הוא חף מפשע עד שהוכחה אשמתו בבית-משפט, והעיקרון השני, שאין שוללים את חירותו של אדם אלא בהוראת בית-משפט בלתי תלוי. אני רוצה להזכיר לכם, חברי חברי הכנסת – – –

לסיום, אדוני, חבל שבני בגין איננו פה. מנחם בגין אמר בזמנו בכנסת, בכנסת הזו, שהחוק המנדטורי המאפשר, אני מצטטת: למערכת הביטחון לשלול את חירותו של כל אדם מבלי שיידרש להוכיח את אשמתו, אני מצטטת: הוא חוק נאצי, רודני, בלתי מוסרי ובלתי חוקי. חבל, חברי חברי הכנסת, שאלה שמתיימרים להמשיך את דרכו כאן ויושבים היום בממשלת ישראל, אינם בוחלים בשימוש באמצעי הנתעב הזה. ולא רק שלא מבטלים אותו, מעגנים אותו עכשיו בחקיקה הזו, שמובאת אלינו במסגרת חוק הטרור.

חברי חברי הכנסת – משפט אחרון, ברשותך, אדוני היושב-ראש.

אני מצפה מכם, חברי חברי הכנסת, שאלה שמחו נגד הצווים לפעילי יצהר, יצביעו אתי נגד חוק הטרור. תודה רבה.

אנחנו רואים מנהיגים אחרים – – –",1,
263000,2011-08-16,הצעות לסדר-היום: ממשלת המסים של נתניהו מנותקת מהעם ומזלזלת במחאתו הציבורית,"אדוני היושב-ראש, חברי חברי הכנסת, האנשים שהפגינו בחודש האחרון ברחבי הארץ, האנשים שמפגינים היום ליד הכנסת, הציבור בישראל רוצה מדינה סוציאל-דמוקרטית – מדינה סוציאל-דמוקרטית, אבל הממשלה הזאת, ממשלת נתניהו, הופכת את ישראל ללא סוציאלית ולא דמוקרטית. ואני חוזרת: לא סוציאלית ולא דמוקרטית. אדוני היושב-ראש, אתמול היית אתנו, עם ועדת הכספים של הכנסת, בפגישה אצל ראש הממשלה. אני אומרת לכם, יש לנו ראש ממשלה לחיץ, זגזגן, לא קונסיסטנטי. שאלתי אותו אתמול בצורה שאינה משתמעת לשני פנים, וחזרתי ושאלתי אותו: האם ראש הממשלה מתכוון ליישם, לאמץ, לקבל, את המלצות ועדת-טרכטנברג, תהיינה אשר תהיינה? – גם על זה יש לי משהו להגיד, על הוועדה – ראש הממשלה אמר, ואני מצטטת – אני מצטטת מזיכרון חופשי, אבל אני זוכרת כל מלה – קודם כול, אני רוצה לומר לכם, חברי חברי הכנסת, שראש הממשלה לא התחייב באותה ישיבה של ועדת הכספים לקבל את המלצות ועדת-טרכטנברג. הוא אמר, אני מצטטת: אי-אפשר שכאילו הכול מחר והכול אפשרי, אני צריך לדאוג לאיזון – אמר ראש הממשלה – בין איתנות כלכלית לרגישות חברתית. בשום שלב הוא לא התחייב לאמץ את המלצות ועדת-טרכטנברג. לא עברו שעתיים-שלוש, אחרי שהעניין הזה פורסם, שראש הממשלה לא התחייב לאמץ את המלצות הוועדה, ראש הממשלה הוציא החלטה, מייד, תומכת: מובן שהממשלה תאמץ את המלצות ועדת-טרכטנברג. אז נכון אמר קודם חבר הכנסת טיבי, אומרים על פרופסור טרכטנברג דברים טובים, ואני גם חושבת שהוא פועל כיאות בימים האלה – הוא הולך, הוא נפגש, הוא משתמש במדיה החדשה, הוא נפגש עם המוחים במאהלים, הוא מזמין את הציבור – שיתוף הציבור – להגיש לו הצעות והמלצות. הבעיה אינה בפרופסור טרכטנברג, הבעיה היא בוועדה עצמה, ומה תהיינה המלצות הוועדה. אני אומרת לכם שההודעה של ראש הממשלה היתה אתמול שוב כי ראש הממשלה נכנע לביקורת וללחץ הציבורי. הממשלה הזאת, אדוני היושב-ראש, יודעת בדיוק מה לעשות, בכלל לא היה צריך להקים בשביל זה ועדה.

נכון, אומר פה חבר הכנסת שטרית, זו ועדה לחיסול המאהל. לא צריך ועדה, צריך מדיניות הפוכה מהמדיניות של ממשלת נתניהו. אבל מה עושה הממשלה הזאת? אמרתי קודם, ואני חוזרת ואומרת, המדיניות שלה היא לא סוציאלית, היא לא דמוקרטית. חברי חברי הכנסת, מדינה שמתנכלת לאזרחים שלה – זו מדינה שמתנכלת לאזרחים שלה, מדינה ששוללת את החירות של האנשים שכבושים תחת ידה, זה החזון של הממשלה הזאת, זו לא יכולה להיות מדינה סוציאל-דמוקרטית. מדינה סוציאל-דמוקרטית עומדת על שלושה נדבכים או מורכבת משלושה נדבכים: זו מדינה שנאבקת לצדק חברתי; זו מדינה שנאבקת להגנה על הדמוקרטיה – והכיבוש מכרסם בדמוקרטיה. וכשהממשלה הזאת ממשיכה להזרים כספים לתחזוק הכיבוש, כשהממשלה הזאת ממשיכה להזרים כספים להתנחלויות, אז נוצר כאן שילוב קטלני בין הוצאות ביטחון במיליארדים לתפיסת עולם ניאו-ליברלית, להזיות של שוק חופשי, שהכול אפשרי. השילוב הזה, שגם מאפשר מדיניות מיסוי מקלה על בעלי אמצעים – עכשיו היינו בוועדת הכספים ודיברנו על הלקונה ברגולציה שמחזקת את בעלי ההון שמגלגלים את החובות שלהם במיליארדים על הציבור, או שמנסים לפחות לגלגל את המיליארדים שלהם על הציבור. הממשלה הזאת, שזה השילוב של המדיניות שלה – היא לא מייצגת מדיניות סוציאל-דמוקרטית, היא לא תוכל לתת מענה נכון למוחים, אנשים שיצאו מהבית שלהם לפני חודש ויושבים במאהלים, ואנשים שהצטרפו לצעדות ברחבי הארץ, שנשבר להם מהתפיסה – מהמדיניות – הניאו-ליברלית של ראש הממשלה, או של הממשלה כולה, שמבקשת להקטין את ההוצאה הציבורית ולהקטין את האחריות של המדינה כלפי האזרח. מה שאנחנו רואים זה איך אנשים בעצם הפכו להיות מופקרים להישרדות אישית, כל אחד צריך להישרד בעצמו או לדאוג בעצמו. ואם רוצים שהמאבק הזה יביא לשינוי מדיניות משמעותי בתחום החברתי-כלכלי, אם רוצים שאנחנו לא נמצא את עצמנו ב""מה שהיה הוא שיהיה"", הסדר הזה לא יכול להימשך. ואני שואלת אתכם, חברי חברי הכנסת – שאלתי גם את ראש הממשלה אתמול, ראש הממשלה עבר טרנספורמציה? הרי מנסים לשדר לנו שראש הממשלה עבר איזה סוג של טרנספורמציה, ואני שואלת: הרי אם זו התפיסה של הממשלה שלו, התפיסה הניאו-ליברלית, וכל הצעדים שבמשך השנים נקטו כשהפריטו שירותים חברתיים – בתחום הדיור, בתחום הבריאות, בתחום הרווחה – כשאנשים נהיו יותר ויותר תלויים ביכולת שלהם לקבל את אותם שירותים – אם יש להם אפשרות לשלם עליהם או לא, מה שהפך את השירותים האלה למצרך ולא לזכות, וזו זכות בסיסית, חברי חברי הכנסת – זכות לדיור, זכות לתעסוקה, זכות לבריאות, זכות לחינוך – אלה זכויות בסיסיות שמדינה צריכה לספק. אני שאלתי את ראש הממשלה: איך הציבור יאמין שעברת טרנספורמציה? ואני שואלת: הישנה – איך אומרים את זה? הישנה כושי – – –

– –  ונמר חברבורותיו? אני שואלת, חברי חברי הכנסת. אז פתאום מקימים ועדה, שנותנים לה מנדט, כמובן – –

– – נותנים לה מנדט בלתי מוגבל.

חברי חברי הכנסת, הבעיה הגדולה היום – ועל זה סיעת מרצ הגישה את ההצעה שלה לכינוס הכנסת בפגרה – הבעיה הגדולה היום, שפוגעת במדינת הרווחה ובעצם מסייעת להגדיל את הפערים החברתיים, זו מדיניות המיסוי בישראל. מדיניות המיסוי בישראל פוגעת פגיעה ישירה – מעמיקה את הפערים. ואני שאלתי אתמול את ראש הממשלה: הרי אתה רוצה לייצר בכל זאת – אני לא יודעת עדיין מה תהיינה המלצות הוועדה – אתה רוצה לייצר שינוי מדיניות מהותי וארוך-טווח. צריך לעשות שינוי כזה שייתן מענה אסטרטגי מצד המדינה לקריאות של המוחים במאהלים, שדורשים צדק חברתי. הדבר הזה מחייב רפורמה מקיפה, שינוי מהותי בתפיסה שקשורה למיסוי, ואז שאלתי אותו: האם אתה מתכוון לבטל את המתווה להפחתת המס שאומץ בחוק ההסדרים בשנת 2009? ראש הממשלה, אני חייבת לומר לכם, לא התחייב לבטל את מתווה הפחתת המס, אני בכלל לא בטוחה,  דרך אגב, שהוא התייחס לזה, הוא אמר – אני מצטטת מזיכרון חופשי: צריך לשקול שינוי במדיניות, יש עיוותים – אני עכשיו נזכרת – יש עיוותים במדיניות המסים, אבל הוא בוודאי לא הסכים לבטל את מתווה הפחתת המס, הוא לא אמר שהוא יעצור את העלייה במיסוי העקיף, הוא לא דיבר – אחד מחברי הכנסת, אני לא זוכרת מי, אולי אמנון כהן, דיבר על הפחתה או על החלת מע""מ דיפרנציאלי, חבר כנסת אחר דיבר על הפחתה של – – –

אופיר אקוניס, נכון. לא, אופיר אקוניס הצטרף – – –

וגם אמנון כהן. דיברו בכל זאת על סוג הצעות של החלת מע""מ דיפרנציאלי, של הפחתת מס ערך מוסף, של עצירת המיסוי העקיף, ואני דיברתי גם על הנושא של – העצירה של הפחתת מס החברות, העלאה של מס על רווחי הון, והצעתי את ההצעה שחברי הכנסת גפני ואופיר אקוניס ואני חתומים עליה, לשקול חקיקת או הוספת מדרגת מס נוספת, מדרגת מס שמינית, לבעלי הכנסה שמעל 60,000 שקל, מדרגת מס של 55%, שתיתן מענה מיידי. אדוני היושב-ראש, מדובר על מענה מיידי, של רבע מיליארד שקל. אם יש משהו שיכול כרגע לטפל בבעיית המס של מעמד הביניים זה הוספת מדרגת מס שמינית. אני חייבת לומר, חברי חברי הכנסת, שהרעיון של מדרגת מס שמינית היה של חברי חבר הכנסת חיים אורון, ג'ומס, ואנחנו – חברי הכנסת גפני ואקוניס ואני – אימצנו את הרעיון הזה. אז אם רוצים לעשות איזשהו שינוי, אם רוצים לגרום לזה שיגדלו המקורות התקציביים – אני שומעת איך ראש הממשלה וכולם מסבירים לנו: צריך תקציב מאוזן, המוחים האלה הם אנשים לא אחראיים. למדינה, לראשי המדינה, יש אחריות, בכל זאת, שיהיה תקציב מאוזן, ואי-אפשר באופן פרוע וגורף להגדיל את ההוצאות. גם אני רוצה תקציב מאוזן, גם אנחנו אנשים אחראיים. אנחנו באים עם חלופות. אנחנו אומרים: גם אנחנו רוצים תקציב מאוזן, ואחריות תקציבית אומרת שצריך להראות – איך אתה דואג שתהיה אחריות תקציבית – אתה מעלה את מקורות ההכנסה: שינוי במדיניות המיסוי, שינוי סדרי העדיפויות, ירידה – או הורדה – בתקציב הביטחון, כל הדברים האלה שדיברנו קודם. כל הדברים האלה, אדוני היושב-ראש, אם הממשלה היתה מאמצת אותם, היא לא היתה צריכה להקים את ועדת-טרכטנברג, היא לא היתה צריכה להקים שום ועדה. הבעיה היא, אדוני היושב-ראש, חברי חברי הכנסת, כמו שאמרתי קודם – ראש הממשלה הוא לא עקבי, ראש הממשלה הקים את הוועדה הזאת כי הוא הבין שהוא חייב להיענות ללחץ הציבורי. בשלב הראשון הוא הציג מצגות PowerPoint וכינס מין מסיבת עיתונאים וחשב שהוא יכול לחלק הטבות סקטוריאליות לאנשים ולעשות הפרד ומשול ובזה לפתור את העניין, וכשהוא ראה שהמחאה מתעצמת והציבור יוצא לרחובות – וזה נכון: זה חוצה מחנות אידיאולוגיים, זה חוצה ימין ושמאל, זה חוצה יהודים וערבים – –

– – אבל בסופו של דבר, אדוני – ובזה אני מסיימת – אי-אפשר להתעלם מכך שאומנם המחאה חוצה גבולות, אבל לסיבות למחאה הזאת יש גם היבטים – אני יודעת שיושב כאן חבר הכנסת כץ, שאולי לא יאהב את זה – אבל יש גם היבטים של איך מחלקים את הכסף, איך מחלקים את העוגה, ואני חושבת שהגיע הזמן לומר את זה: המשך תחזוק הכיבוש הוא גם אחת הסיבות לכך שכסף שהולך לשם – לא הולך לכאן. תודה רבה, אדוני.

אתה יודע שיודעים בדיוק איפה למצוא אותם – – –

גם אנחנו נגד שינוי שיטת הממשל.",1,
263125,2011-09-19,"הצעות לסדר-היום: האתגרים החברתיים והמדיניים שבהם ניצבת ישראל מול המחאה החברתית ומול יחסי החוץ שלה עם טורקיה ומצרים לקראת ההכרזה באו""ם",אבל המציאות היא של כיבוש.,1,
263160,2011-10-24,הצעות לסדר-היום: ממשלת נתניהו בין החלטת הקוורטט לדוח-טרכטנברג,"אדוני היושב-ראש, חברי חברי הכנסת, אני רוצה לברך כאן מעל הדוכן את ראש הממשלה בנימין נתניהו על הצעד האמיץ שהוא נקט בהשיבו את גלעד שליט.

רוני בר-און, קוראים לזה ""קרעכצן"". עמדת כאן על הבמה, אתם אפילו לא מסוגלים לפרגן את המידה הקטנה הזו. כל אחד מהאנשים שעמדו כאן – – –

כל אחד מכם עמד כאן ודיבר על חוסר המנהיגות.

הקשבתי לך. את צודקת, את צודקת.

ואני זוכרת, אני הייתי בכנסת הזו גם ב-2006, כשעמד ראש הממשלה מטעמכם, אהוד אולמרט, כאן על הדוכן, כשאפשר היה לשחרר רק 300 אסירים, נשים וילדים, והוא עמד כאן על הבמה בסגנון השחצני הידוע שלו ואמר לי: חברת הכנסת גלאון, לא יורידו אותנו על ברכינו. ככה הוא אמר – ואתם ממשיכים את המדיניות שלו, ואתמול יושב-ראש האופוזיציה – ואני מצטערת בשבילכם שזו העמדה שלכם. נכון, דליה איציק אמרה דברים אחרים, ושאול מופז אמר דברים אחרים, אבל איך זה יכול להיות שחמש שנים מיותרות שליט היה בכלא, כי אפשר היה להגיע להסדר מוקדם יותר, ולא הלכתם על זה? ולכן, מגיע – – –

ולכן – אדוני היושב-ראש, מכובדי יושבי-הראש, אני זקוקה להגנה שלכם.

אדוני היושב-ראש, בגלל אהוד אולמרט שליט היה שנים מיותרות בכלא, בגלל המדיניות הסרבנית; וכן, זו עסקה קשה, כי לשחרר רוצחים קשים עם דם על הידיים זה קשה מאוד למשפחות השכולות שיקיריהן נרצחו. ועם כל זה, ועם כל הקושי, זה היה נכון, והיה צריך לעשות את זה מזמן. ולכן מגיע לראש הממשלה קרדיט. אל תטעו – חבר הכנסת אקוניס, אם לרגע התלהבת, אדוני השר איתן, לא הפכתי להיות – – –

– – – לא הפכתי להיות מחסידי ראש הממשלה, לא הפכתי, אבל צריך לדעת לתת את הקרדיט על המנהיגות ועל האומץ, וזה מגיע לו. ואני אומרת, כי אני לא מבינה את ההיגיון מאחורי מדיניות הממשלה הזאת. ראש הממשלה לקח סיכונים, אבל עכשיו נגמרו התירוצים הביטחוניים. נגמרו התירוצים, כי הם שוחררו בעסקת שליט. שמענו את ראש השב""כ מודיע חגיגית שניתן להכיל אותם, את אותם תירוצים ביטחוניים. עכשיו צריך לקחת סיכונים מחושבים כדי להביא לסיום הסכסוך. ואני חושבת, חברי חברי הכנסת, אם אפשר היה לקבל החלטות קשות כדי להציל אדם אחד – ובצדק קיבלו את ההחלטות הקשות האלה – אז צריך לקחת החלטות קשות כדי להציל את כולנו. ואם בלענו את הגלולה המרה הזאת של לדבר עם ה""חמאס"" שאינו מכיר בנו, אז ודאי שאפשר לדבר עם אבו מאזן והרשות הפלסטינית. אז זה נכון שעכשיו הממשלה ככה נהנית מהזובור שהיא העבירה את הרשות הפלסטינית. נתתם להם – אחרי שאבו מאזן עשה סיבוב באו""ם, נתתם להם את הסטירה בדמות העסקה עם ""חמאס"". אבל אנחנו כולנו נסבול מזה בטווח הארוך. אם ראש הממשלה נתניהו ימשיך במדיניות הסרבנית שלו כלפי אבו מאזן וכלפי הפלסטינים, אנחנו נשלם את המחיר. ואנחנו יודעים שמחיר ההסכם לא יורד; המחיר הזה עולה ככל שנוקף הזמן. ולכן, אני קוראת לראש הממשלה נתניהו: כמו שלא נכנעת בעסקת שליט לקואליציה הימנית-מתנחלת שלך, אל תיכנע גם עכשיו. אם אנחנו נשכיל לעבור ממשא-ומתן על חילופי שבויים למשא-ומתן על הסכם, אפשר יהיה להפוך את שחרור האסירים לחלק מתהליך של בניית אמון בין שני העמים. נותרו 500 אסירים לשחרר. אני פונה אליך, ראש הממשלה: תשב להידבר עם אבו מאזן, תגיעו להסכם ביחד עם הרשות הפלסטינית לגבי 500 האסירים הנותרים. בדרום-אפריקה, חברי חברי הכנסת – – –

ברור, אז אני מותחת ביקורת על ראש הממשלה, על המדיניות הזאת. אני חושבת שהמחיר הזה רק יעלה, ולכן אני קוראת לראש הממשלה – – –

אני חושבת שאם בלענו את הגלולה של לחזק את ה""חמאס"", אנחנו צריכים לדבר עם אבו מאזן. אני חושבת שהגיע הזמן לחדול מהמדיניות הסרבנית.

אני רוצה לומר לך, חבר הכנסת חסון, שבדרום-אפריקה שחררו אסירים מכל הצדדים עם סיום משטר האפרטהייד. נלסון מנדלה, שישב 28 שנים בכלא בגין ביצוע מעשי טרור, בעצמו חתם עם בחירתו לנשיא גם על כתבי חנינה לגזענים לבנים שרצחו שחורים. יש מהלכים כלשהם שעושים ברגעים של פיוס, ולכן אני חושבת, גם כשאני שומעת את כל ההצעות האלה של חברי הכנסת לקבע בחקיקה קריטריונים עתידיים לגבי שחרור חטופים – אני מסכימה מאוד עם הדברים של חבר הכנסת מופז וגם של יושב-ראש הכנסת ריבלין. הצהרות שהיום נראות סבירות על הנייר, הרי לא תעמודנה במבחן המציאות. מה כל רעיונות העוועים האלה? כבר שמעתי שמביאים הצעות חוק לכנסת. הרי גם בעסקה הבאה – תכניסו את זה לכם לראש: גם העסקה הבאה תוכתב על-פי האתוס הישראלי, והאתוס הזה אומר שיש אמנה בלתי כתובה בין החייל למדינה. החייל הולך להגן על המדינה ויודע שהמדינה תעשה הכול כדי להגן עליו. אז כל הדיבורים האלה על הקשחת העמדה הישראלית – אנחנו שומעים את ההתבצרות; אתמול בכלל שמעתי את יושבת-ראש האופוזיציה ממשיכה עם רטוריקת ההפחדה שלה. אני זוכרת את כל המהלכים הכוחניים. אהוד אולמרט ולבני אמרו במבצע ""עופרת יצוקה"": אנחנו נפעיל מנופים על עזה. מה יצא מהמנופים האלה שלכם? מצור, סגר על עזה, ובסוף נתניהו דיבר עם ה""חמאס"". אז אני חושבת, חברי חברי הכנסת, שהעסקה עם ה""חמאס"" – שבירכתי עליה, כי היא החזירה את גלעד שליט – היא בעייתית כי היא מעלה את המניות של ה""חמאס"", ואני מצטערת שנתניהו ממשיך לרדד את מעמדו של אבו מאזן. רק לאחרונה שמענו על המשך הבנייה במזרח-ירושלים או על תוכניות עתידיות לדבר במזרח-ירושלים, וכל ההצעות של ראש הממשלה להקים צוות להלבין את המאחזים הבלתי-חוקיים. מתי תכניסו לכם לראש שיש דברים או יש כתמים שאי-אפשר להסיר? מרוב שאתם רוצים להלבין – וגם אני בהזדמנות הזאת שואלת: איפה היועץ המשפטי לממשלה כשצריך אותו? איך הוא לא אומר לנתניהו ולממשלה שלו שלא ניתן להקים צוותים שבאים בעצם להלבין גזל, שבאים להלבין עבירות פליליות? חברי חברי הכנסת, אני קוראת מכאן לראש הממשלה – – –

– – – מה בדיוק יעשה הצוות?

הרי בג""ץ קבע שצריך לפנות את המאחזים הבלתי-חוקיים. הרי הצוות הזה נועד לעשות חוק עוקף בג""ץ, או להכשיר את השרץ. אנחנו יודעים שהוועדה הזאת נועדה למשוך זמן. זה חלק מהניסיון לתקוע טריז ביחסים מול אבו מאזן. לכן אני קוראת מכאן, חברי חברי הכנסת, לראש הממשלה: עשית מהלך מנהיגותי אמיץ בשחרורו של גלעד שליט; תעצור עכשיו, תעכב את קידומן של התוכניות לבנייה במזרח-ירושלים, הימנע ממהלכים שפוגעים באבו מאזן, הימנע מפגיעה במעמדה הבין-לאומי של ישראל. שמענו את הילרי קלינטון, את מזכ""ל האו""ם, את הממונה על האיחוד האירופי. כולם מותחים ביקורת על המדיניות של ראש הממשלה בעניין הבנייה במזרח-ירושלים. הרי כל הרצון הוא למנוע רצף טריטוריאלי בין מזרח-ירושלים לגדה כדי לנסות ולטרפד כל הסדר עתידי. אני קוראת לך להקפיא את הצוות להכשרת המאחזים הלא-חוקיים. במקום לחדש את המשא-ומתן, תפסיק לזרוק עצם לקואליציה הימנית שלך, הימנית-מתנחלת שלך, בזה שאתה רוצה להכשיר את המאחזים הבלתי-חוקיים. הרי בג""ץ כבר קבע שמדובר במאחזים בלתי חוקיים, ובג""ץ קבע גם שהקמת התנחלויות אינה בגדר עילה ביטחונית ואין צידוק לחמוס קרקעות פרטיות. כל המהלכים האלה, חברי חברי הכנסת, נועדו לטרפד כל הסדר עתידי עם אבו מאזן. אני רוצה לקרוא מכאן לראש הממשלה, לחזור ולקרוא: אתה ניצב – כמה זמן נותר לי, אדוני?

אוקיי. אתה ניצב, אדוני ראש הממשלה, בפני תחילתו של מושב שבו תיאלץ להתמודד עם תוצאות המחאה החברתית, עם כך שהציבור התעורר מהעיוורון הקולקטיבי שהוא היה שרוי בו וראה איך הפערים החברתיים צומחים, איך הערבות והסולידריות ההדדית נעלמות. כל ועדות טרכטנברג, או כל ועדת-טרכטנברג היא אחיזת עיניים, היא טרכטנבלוף – קראתי לה, ואני עדיין חושבת שהמלה נכונה. עשית מהלך – – –

עשית מהלך אמיץ כששחררת את גלעד שליט. אתה לא יכול להתעלם מהמחאה. אתה לא יכול להתעלם מזה שהמחאה היא כלל-עולמית. תראו מה קורה בניו-יורק ובערים אחרות בארצות-הברית. כל ההצעות האלה שהוועדה המליצה אלה הבטחות חסרות כיסוי. אתם יודעים, הרי מחצית מההצעות הן חוקים קיימים שכל שנה הממשלה הזו מבטלת או מייבשת אותם בחוק ההסדרים, והמחצית השנייה הם חוקים שהממשלה בכלל לא מאשרת להם תקציב. לכן, חברי חברי הכנסת, אני קוראת מכאן לראש הממשלה: יש לך שני נושאים לטפל בהם בו-זמנית: הנושא המדיני, כדי שלא נהיה מבודדים בעולם, והנושא החברתי-כלכלי. צעדים מעוקרים, ללא עלות תקציבית, שאתה מציע, זה בלוף. ולכן, אני קוראת לך לפתוח במשא-ומתן עם אבו מאזן על שחרור 500 האסירים הבאים, ולהיכנס למשא-ומתן על סוגיות הליבה, לבטל את חוק ההסדרים ואת התקציב הדו-שנתי, ובעיקר לתמוך בהצעות החוק של מרצ לחוק-יסוד: זכויות חברתיות. תודה רבה.",3,
263195,2011-10-31,הודעת ראש הממשלה על פעילות הממשלה בתקופה שחלפה מאז המושב הקודם: ועל תוכניות הממשלה למושב הקרוב,ראינו כשהייתם בעזה במלחמה לאן הבאתם אותנו. זה מה שאתם רוצים?,1,
263299,2011-11-01,"הצעות לסדר-היום: ההתבטאויות של מפקד אוגדת איו""ש היוצא תת-אלוף ניצן אלון וההתקפות והאיומים עליו","אדוני היושב-ראש, חברי חברי הכנסת, אדוני השר, הדברים של תת-אלוף ניצן אלון צריכים להוות תמרור אזהרה. תמרור אזהרה, כי הדברים האלה כבר לא באים מפי אנשים כמוני, שמזהירים במשך שנים מהתנהלות פרועה, טרוריסטית, של אנשי ימין קיצונים בשטחים. מדובר במי שפיקד על האוגדה, במי שספג נאצות, קללות, התקפות, כולל התקפות אישיות, כתוצאה מכך שהוא ניסה איכשהו, אני יודעת, לבצע את עבודתו. והדברים של תת-אלוף ניצן אלון, שהזהיר מפני מה שנקרא בשפה מכובסת פעולות ""תג מחיר"" – ואני רוצה לומר, מדובר בשפה מכובסת. אין מקום לקרוא לפעולות הטרור, לפוגרום שמבצעים הטרוריסטים היהודים, ""תג מחיר"". מדובר בפשעי שנאה, והבעיה היא שלא מדובר כבר רק בשוליים קיצוניים, כפי שיש מי שמנסה לתאר את זה. מדובר בקבוצה שמקבלת גיבוי גם מהאנשים בשטח, אבל חמור מכך – גם מחברים בכנסת הזאת. חברי חברי הכנסת, אותם אנשי יצהר-איתמר שקיבלו צווי הרחקה מהשטחים, שניים מהם כבר נעצרו בחשד להצתת המסגד בטובא-זנגרייה.

אדוני היושב-ראש, קורים כאן בכנסת דברים קשים מאוד. אנחנו היינו עדים לפני כמה זמן לחנינה שהכנסת נתנה לעצורי ההינתקות, ועכשיו ועדת החוקה של הכנסת נותנת רוח גבית לטרור. למי שלא ער לזה ולמי שלא יודע, ועדת החוקה של הכנסת התכנסה לפני כמה שבועות במטרה לדון באותם צווי הרחקה שניתנו לטרוריסטים מיצהר ואיתמר. חברי הכנסת מהימין כינו את זה ""צווי גירוש"". ועדת החוקה נכבשה על-ידי אותם אנשים שהגיעו לשטח. ראש הוועדה וחברי הכנסת מהימין התחרו ביניהם מי יצהיר יותר נאמנות לאותם אלה שישבו שם בוועדה, מי יצהיר יותר נאמנות לאותם טרוריסטים מהימין. ישבו ראשי הוועדה וחברי הכנסת מהוועדה ומתחו ביקורת על המשטרה ועל השב""כ, למה פוגעים בבנים היקרים האלה, שעסוקים בלכרות עצי זית, לשרוף שדות, לשרוף מטעים. והדבר שהכי מדאיג אותי, אדוני היושב-ראש – הם גם מקבלים רוח גבית מהכנסת, אבל בעיקר אני מודאגת מאוזלת היד ומהרפיסות של מערכת אכיפת החוק, שלא פועלת באותה אמת מידה כלפי טרוריסטים מהימין וכלפי אחרים שעושים דברים חמורים פחות או קלים יותר. יש כאן שתי מערכות צדק: מערכה לטרוריסטים יהודים, שמקבלים גיבוי גם מהכנסת וגם מהשלטונות, ומערכת צדק שונה לאחרים. ואני חושבת שהדברים של תת-אלוף ניצן אלון צריכים להדהד ולהוות תמרור אזהרה. ואתם יודעים מה מטריד אותי? וזה הדבר האחרון, ברשותך, אדוני. כשהטרוריסטים היהודים פגעו בפלסטינים – בסדר, עברו על זה לסדר-היום, פוגעים בפלסטינים. כשהטרוריסטים היהודים פגעו באזרחי ישראל הערבים, גם עברו על זה לסדר-היום. כשפגעו בארגוני שמאל או בארגוני החברה האזרחית, גם עברו לסדר-היום. כשהתחילו לפגוע בקציני צה""ל וחיילי צה""ל, כולם התעוררו. אני מצטערת שהתעוררו רק ברגע הזה, אבל כשהם התעוררו, הדברים האלה צריכים להוות תמרור אזהרה גדול. תודה רבה.

איפה ראית אותם בסיעת מרצ? הם באים לליכוד בינתיים או לקדימה.

לאיזו ועדה? בחוקה אני לא מעוניינת, כי עדיף שזה לא יהיה.

אין דבר, עדיף שיישאר ככה במליאה. עדיף שיישאר במליאה.

אדוני, אני מודה שלראשונה אני מתלבטת, אני לא יודעת.",1,
263730,2011-11-14,"הצעת חוק בתי-המשפט (תיקון מס' 66) (תקופת כהונה מזערית כתנאי לבחירת נשיא בית-המשפט העליון), התשע""ב–2011","אדוני היושב-ראש, חברי חברי הכנסת, הצעת החוק של חבר הכנסת כץ, יעקב כץ, בגיבויו של שר המשפטים ובגיבויה של הממשלה, היא אחת מסדרת ההצעות שמבקשות לעשות ""תג מחיר"" במערכת המשפט. זה מה שאתם רוצים לעשות – ""תג מחיר"" בדמוקרטיה, ""תג מחיר"" במערכת המשפט. אתם מבקשים לקבע בחקיקה ולשנות את כללי המשחק, לעשות פוליטיזציה של מערכת המשפט, לשנות את שיטת הסניוריטי, לשנות את השיטה בוועדה לבחירת שופטים, לשנות את העובדה – שופטים צריכים לעבור תהליך של פוליטיזציה ולהיבחר בוועדת החוקה של הכנסת? כל היוזמות האלה, חברי חברי הכנסת, נועדו לרסק ולקעקע עד דק את מערכת המשפט. לא מתאים לכם שיש בית-משפט עצמאי שמהווה את המחסום היחיד להגנה על זכויות האדם. לא מתאים לכם. דווקא בימים המטורפים האלה אנחנו רואים פה את הכנסת הזאת באיזשהו אקטיביזם חקיקתי משולל רסן, מחוקקת חוקים אנטי-דמוקרטיים, סותמת את הפה למי שמעז לקרוא תיגר על השלטון ולבקר את פעילות השלטון. דווקא בימים האלה, כשאנחנו צריכים בית-משפט עליון חזק, עצמאי, בית-משפט שימנע פגיעה במיעוטים, בחופש הביטוי ובזכות ההתארגנות, אנחנו רואים חברי כנסת שמשתמשים בעריצות הרוב, בכוח שיש לכם כאן, בכנסת, חבר הכנסת כץ, כדי לקדם יוזמות חקיקה – יוזמות חקיקה שנועדו לאפשר לחברי כנסת לשים את עצמם מעל החוק. זה מה שאתם רוצים. כי הגורם היחיד שיכול לכפות עליכם את החוק זה בג""ץ, ואתם מבקשים לרסק את בג""ץ. חברי חברי הכנסת, רק רשות שופטת חזקה יכולה להגן על הדמוקרטיה מפני כנסת מתלהמת, חסרת אחריות ממלכתית. אבל הממשלה הזאת, וראש הממשלה נתניהו בראשה – אמרתי קודם לכן – החלה את עונת הציד. אתם בעונת הציד. קודם אתם צדים את ארגוני החברה האזרחית, את ארגוני זכויות האדם, ועכשיו אתם מבקשים לצוד את השופטים ולפגוע בבית-המשפט העליון. אתם יכולים – הממשלה והשלטון יכולים לעשות מה שהם רוצים; אין לנו חקיקה שמגבילה אתכם. ושיכרון הכוח הזה שלכם, השימוש הזה בכוח הזה שיש לכם כאן, בכנסת, מאפשר לכם בעצם, חברי חברי הכנסת – אני מזהירה – מאפשר לכם לרסק את המחסום היחיד שקיים. אם תוכלו לשלוט גם בהרכב בית-המשפט, התוצאה תהיה כרסום במערכת המשפט. אתם תהיו אלה שיגרמו לערעור אמון הציבור במערכת המשפט. אם יעבור גם החוק הבא, החוק לשינוי הרכב הוועדה לבחירת שופטים, ואם יעבור החוק הזה, שהוא חוק פרסונלי – תגידו שאתם רוצים למלא את בית-המשפט במתנחלים.

אני חושבת שאדם שהוא מתנחל יכול להיות בבית-המשפט העליון, אבל משום שהוא ראוי – – –

חבר הכנסת כץ – משום שהוא ראוי, לא בחסות תרגילים מסריחים וחוקים פרסונליים שאתם מבקשים לעשות – –

– – לא בחסות חוקים פרסונליים ותרגילים מסריחים – שאתם מבקשים להבטיח לכם רוב בוועדה לבחירת שופטים, לשנות את שיטת הסניוריטי ובעצם בסופו של דבר לפגוע בדמוקרטיה. תודה.

כי זה חסר תועלת, זה חסר תועלת.

אתה חבר בוועדה למינוי שופטים.

אתה מיתמם, הרי זה המכלול, זה כל השיטה. אל תיתמם.",1,
264664,2011-12-06,הצעות לסדר-היום: ציון יום זכויות האדם הבין-לאומי,"אדוני היושב-ראש, יכול להיות שמקפיאים את המליאה?

אדוני היושב-ראש, חברי חברי הכנסת, כל השנים שכנסת ישראל ציינה את יום זכויות האדם הבין-לאומי, זה היה יום חג. היום, כשאנחנו מתכנסים כאן ומדברים על יום זכויות האדם הבין-לאומי, זה כמעט כמו לדבר על החבל בבית התלוי. אדוני היושב-ראש, זה נשמע כאילו שמדובר באיזשהו משהו של אנשים אליטיסטים, יפי-נפש, שמאלנים – הנושא של זכויות האדם זה משהו שמתאים לדבר על מדינות אחרות, על מדינות רחוקות, אבל כאן, הרי הכול נפלא, הרי יש מי שאומר ""גן-עדן"". אדוני היושב-ראש, חברי חברי הכנסת, צדקו הקודמים לפני כשציינו את הכנסת כאחד הגורמים המרכזיים שנותנים לגיטימציה להפרה של זכויות האדם. אני רוצה לומר לכם שכנסת ישראל היא איום אסטרטגי על זכויות האדם היום במדינת ישראל. היא איום אסטרטגי, כי הכנסת הזאת, בשטף של אקטיביזם חקיקתי, מחוקקת חוקים שפוגעים במיעוטים, שמבקשים להצר את צעדיהם של מיעוטים, שפוגעים בארגוני החברה האזרחית, שמבקשים לקעקע ולרסק עד דק את בית-המשפט העליון; חוקים שפוגעים בתקשורת חופשית, בחופש הביטוי, בעיתונות חופשית, ועכשיו גם חוקים שמבקשים להדיר את רגליהם או להצר את צעדיהם של אנשי השמאל במדינת ישראל. חברי חברי הכנסת, יש איזה מין תחרות מי יצהיר יותר נאמנות לאותם חוקים אנטי-דמוקרטיים, גזעניים, מפלים, כופים, פולשניים, שמבקשים לפגוע במי שהוא מיעוט. וזה נכון, חבר הכנסת מולה, יש כאן איזשהו שיכרון-כוח של קואליציה דורסנית שלא יודעת שובע, קואליציה שמפירה את חוקי המשחק בין אופוזיציה לקואליציה – חוקי משחק שהיו איזשהו דבר שקידשו אותו בכנסות הקודמות. הכנסת הזאת פרקה כל עול. וכשאני שומעת את חבר הכנסת אריה אלדד עולה כאן לדוכן ומזיל דמעות תנין איך אף אחד מארגוני זכויות האדם, איך אף אחד מחברי הכנסת לא הגיע היום לדיון בוועדת החוקה שעסק בזכויותיהם של אנשי יהודה ושומרון – זעקת הקוזק הנגזל. לא ראיתי שוועדת החוקה התכנסה אי-פעם כדי לדון בהפרת זכויות האדם של פלסטינים בשטחים. כן, אם יש הפרות זכויות אדם של מתנחלים בשטחים, צריך לטפל בזה. אני לא אחת יצאתי – מי כמוך יודע, חבר הכנסת כץ – נגד מעצרים מינהליים, נגד צווי הגבלה שמופנים כנגד מתנחלים בשטחים, עם כל הביקורת שלי על ההתנחלות ועל מעשה ההתנחלות ועל ההפרה היומיומית שגם מתנחלים קיצוניים שותפים לה בפגיעה בפלסטינים. זה מתחיל בפלסטינים, זה עובר לערבים, ואחר כך זה מגיע גם אלינו. אני לא ראיתי את אותה אמת מידה מוחלת עליכם, על אותם גורמים בימין כשפוגעים באזרחים אחרים. אבל אצלכם צדק זה רק ליהודים, ליהודים בלבד. זכויות אדם זה ליהודים בלבד. אז היום אני שומעת את חבר הכנסת אלדד מותח ביקורת על האגודה לזכויות האזרח ועל ארגוני זכויות אדם אחרים. זה לכבודה של הכנסת ולכבודה של חברה דמוקרטית שיש בה ארגוני זכויות אדם. כן, גם אם הם קוראים תיגר על השלטון; כן, גם אם הם מבקרים את מדיניות הממשלה. בכל מדינה דמוקרטית מתוקנת היו מתגאים בארגוני החברה האזרחית. כנסת ישראל, בגיבוי ממשלת ישראל, נותנת לגיטימציה לציד אדם, לרדיפה של הארגונים – כל החקיקה הזאת שמבקשת לייבש אותם, כל החקיקה הזאת שמבקשת למנוע פעילות לגיטימית, חשובה, של ארגונים, שעוקבים אחרי הפרות זכויות האדם, גם במדינת ישראל וגם בשטחים הכבושים. ובמקום להעלות על נס את הארגונים האלה ובמקום לשבח אותם, אז יש מי שמבקש לרדוף אותם ולעשות להם דה-לגיטימציה, גם להם, גם לשמאל, גם לתקשורת חופשית וגם לבית-המשפט. חברי חברי הכנסת, זה לא יעזור לכם. זה לא יעזור לכם. אתם יכולים לחוקק את כל החוקים שאתם רוצים, זה פשוט לא יעזור לכם. זה לא עזר למקארתי וזה לא עזר לאחרים, וזה לא יעזור גם לכם.

וזה לא יעזור גם לכם. חבר הכנסת כץ, אנחנו חברה – – –

אנחנו חברה שרוצה להחשיב את עצמה – – –

נכון. אנחנו לא. אתה יודע, ברוסיה הצארית – – –

ברוסיה הצארית היתה ססמה כזאת. היתה ססמה כזאת: הכה ביהודים והצל את המולדת. הפוגרומיסטים האנטישמים רדפו את היהודים כדי להציל את המולדת. היום אנחנו רואים את זה בימין: הכה בשמאל והצל את המולדת. זה הקו שלכם עכשיו. זה לא יעזור לכם, יש כאן חברה אזרחית שפויה, שלא תיתן לכם לפגוע בבית-המשפט. אמרה היום השופטת אילה פרוקצ'יה – בכנס שיזמתי ביחד עם האגודה לזכויות האזרח בכנסת, אמרה השופטת פרוקצ'יה, הסבירה בצורה מדויקת למה חשוב לשמור על עצמאותו של בית-המשפט העליון.

השופטת לשעבר. שופטת לשעבר, אנחנו מתוך כבוד קוראים לה ""השופטת"".

חברי חברי הכנסת, אמרה השופטת – – –

אדוני סגן שר הבריאות – – –

גם על המיעוט החרדי צריך להגן.

חבר הכנסת כץ, גם על המיעוט החרדי צריך להגן אם הזכויות שלו נפגעות, וגם המיעוט החרדי צריך להשתתף בנטל. אבל אני חושבת שצריך להגן על קבוצות מיעוטים. החרדים, החרדים – – –

חבר הכנסת כץ, החרדים והערבים הם קבוצות מופלות בחברה הישראלית.

המתנחלים – נו, מה? אני לא מצליחה לדבר בצורה – חבר הכנסת כץ.

החרדים והערבים אלה הקבוצות שהכי סובלות מאי-שוויון בחברה הישראלית, מעוני. יש בעיות אחרות. אני חושבת שצריך להגן על הזכויות של כולם. האחרונים שאפשר להגיד עליהם שהם מופלים הם המתנחלים, ואם מפלים אותם – אתה יודע, יש מערכת חוק שונה למתנחלים ופלסטינים, יש תנאים שונים למתנחלים ולפלסטינים, אז אל תבכו כאן את זעקת הקוזק הנגזל. אתם יושבים שם עד שיהיה הסדר מדיני, אבל זה לא אומר שאתם יכולים להרשות לעצמכם להפר זכויות אדם של אחרים גם כשאתם יושבים שם. ולכן אני רוצה, אדוני, ברשותך, לסיים ולומר: חשוב לנו בית-משפט עליון חזק, עצמאי, לא מתכופף; לא יתכופף, גם אם יהיה כאן רוב בכנסת שינסה וירצה לשנות את זה. חשובה לנו כאן חברה אזרחית חזקה, חברה אזרחית שלא תתכופף ולא תרד למחתרת גם אם תמשיכו לרדוף אותה, וחשובה לנו כאן כנסת שלא פוגעת בזכויות האדם. הכנסת צריכה לבצר, ולהגן על צביונה הדמוקרטי של החברה הישראלית. זה המסר שצריך לצאת כאן ביום זכויות האדם. תודה רבה.",1,
265047,2011-12-19,"הצעות סיעות קדימה, מרצ–העבודה וחד""ש–רע""ם-תע""ל–בל""ד להביע אי-אמון בממשלה בשל:: 1. אוזלת ידה אל מול התגברות האלימות וההקצנה בחברה הישראלית;: 2. אוזלת ידה באכיפת החוק בשטחים, שהביאה לבריונות כלפי חיילי צה""ל, פלסטינים ופעילי שמאל;: 3. הקמת מעבר שועפאט וההחלטה לסגור את גשר המוגרבים","אדוני היושב-ראש, חברי חברי הכנסת, ממשלת ישראל נתנה אתמול פרס למתנחלים הקיצונים האלימים, פרס להשתוללות חסרת הרסן, פרס בדמות 1,000 יחידות דיור חדשות שאמורות להיבנות בשטחים, מעבר ל""קו הירוק"". מה בדיוק מאותתת ממשלת ישראל לאותם מתנחלים קיצונים, שרק כמה ימים קודם לכן כל חברי הממשלה, כולל ראש הממשלה, גינו את מה שנקרא בלשון המכובסת ""פעולות תג מחיר""? איזה שדר בדיוק מאותתים לאותם אנשים כשנותנים להם רוח גבית כזאת, בדמות בניית 1,000 יחידות דיור? אני חושבת, חברי חברי הכנסת, שממשלת ישראל הניפה דגל לבן מול המתנחלים הקיצונים, הניפה דגל לבן מולם ונתנה סטירת לחי לאבו מאזן. כשמשחררים אסירים פלסטינים, בעיקר שוחררו לטובת ה""חמאס"", ומשחררים תוכניות בנייה מעבר ל""קו הירוק"", אומרים בעצם לאבו מאזן: ממשלת ישראל לא מתכוונת לממש, לקדם, שום הסדר. בניגוד להבטחות שניתנו לרביעייה הבין-לאומית אנחנו ממשיכים לבנות בשטחים, אנחנו מתכוונים לייצר רצף טריטוריאלי שימנע כל אפשרות להגיע להסדר ופשרה. אדוני היושב-ראש, כשממשלת ישראל או כשהשר לביטחון פנים ושר המשפטים מציעים להגדיר את המתנחלים הקיצוניים יעדי טרור, אנחנו יודעים מראש שמדובר בכסות, בקוסמטיקה, אנחנו יודעים שהכוונה היא בסופו של דבר לא לעשות שום דבר. האנשים האלה שפורעים, מכים, שמאיימים גם על חיי, שמחייבים אותי ללכת עם מאבטח – האנשים האלה צריכים לעמוד לדין על-פי המשפט הפלילי על פשעי שנאה, על הסתה, על המרדה, על המרדה במלכות. אני מתנגדת, אדוני היושב-ראש, והבעתי לא אחת את דעתי, לשימוש במעצרים מינהליים, לשימוש בצווי הגבלה, גם אם מדובר על אנשי ימין קיצוני. לצערי, אדוני היושב-ראש, חברי חברי הכנסת, לא שמעתי את אנשי הימין בכנסת מחילים את אותן אמות מידה כשהם זועקים חמס או זועקים מרה; בהקשר הזה ""חמאס"" אולי לא רלוונטי – – –

כשהם זועקים מרה נגד שימוש במעצרים מינהליים ובצווי הגבלה נגד אנשי הימין לא שמעתי שהם מחילים את אותן אמות מידה גם לגבי אנשים אחרים.

אני מציעה, אדוני היושב-ראש – – –

לסיום, אני מציעה לפעול באופן שוויוני נגד יהודים, נגד ערבים, נגד אנשי שמאל ונגד אנשי ימין, ויש חוק במדינת ישראל, וצריך להפעיל את החוק באופן דומה. תודה רבה.",1,"The speech strongly opposes settlement expansion and criticizes the government's actions regarding settlers, indicating a clear anti-settlement stance."
265385,2011-12-28,"כישלון ממשלת נתניהו בתחום המדיני, הכלכלי והחברתי","אדוני היושב-ראש, תודה רבה. אני רואה שמרוב התרגשות חבר הכנסת זאב שפך כאן את כל המים על הדוכן.

אדוני היושב-ראש, שוב הממשלה הניפה דגל לבן מול המתנחלים הקיצוניים בהסדר שנעשה היום ברמת-גלעד. מאחזים בלתי חוקיים שנבנו על קרקע פלסטינית פרטית, החליטו להעתיק אותם כדי להתמזג אחר כך בהמשך ליישוב קבע בקרני-שומרון. ואני שואלת: איך זה יכול להיות? איך זה יכול להיות שממשלה נותנת שוב הכשר לגזל? האמת שזה לא מפתיע אותי, אדוני היושב-ראש. לפני כמה זמן בג""ץ קבע, בהוראה נחרצת ובלתי מתפשרת, שבתים שנבנו באורח בלתי חוקי על קרקע פלסטינית פרטית, צריכים לפנות אותם. ואני שומעת שהממשלה הקימה צוות, ועדה, או איך שלא קוראים לזה, לבחינת הסדרים משפטיים איך ניתן לעקוף את ההחלטה. החלטות בג""ץ הן רק בגדר המלצה, ולא הנחיה שמחייבת את הממשלה הזאת. איך אפשר להכשיר גזל, עבירה פלילית? זה מה שהצוות של הממשלה התבקש לתת לראש הממשלה – המלצות איך להסתדר, איך לעשות קומבינות, איך אפשר להשתלט על עוד אדמות ועוד קרקעות כדי לנסות בכלל למנוע כל הסדר עתידי, כדי לקבוע שוב עובדות בשטח. היום משרד הביטחון הגיע להסדר עם המתנחלים. כשאני שומעת שהמתנחלים כל כך מרוצים מההסדר, אני יודעת שזה אומר דורשני. אני יודעת שיש כאן ממשלה שפעם אחר פעם נכנעת לבריונות, לאלימות, ופעם אחר פעם מניפה דגל לבן, דגל כניעה, מול מי שמרשה לעצמו להשתלט באורח בלתי חוקי על אדמות פרטיות, מתוך רצון – – –

אדוני היושב-ראש, יש גם חברי כנסת שמבחינתם החלטות בית-משפט וחוקי מדינת ישראל הם רק בגדר המלצה. אבל אין פלא. ממשלות ישראל – דרך אגב, לא רק הממשלה הזאת. בעניין הזה אין לי טענה רק לממשלה הזאת. ממשלות ישראל שיתפו פעולה עם הגזל, עם הכשרת הגזל. אבל לא היתה סיטואציה שממשלה מקימה צוות כדי לבחון איך עוקפים את המלצות בית-המשפט. אני חושבת, אדוני היושב-ראש, שזו חרפה. אני חושבת שזה מוסיף לנזק שכבר נעשה על-ידי הממשלה הזאת למדיניות החוץ של מדינת ישראל. שמענו רק לפני כמה שבועות, לפני כמה ימים – ובזה אני מסיימת, אדוני – איך הרביעייה הבין-לאומית קוראת לראש הממשלה לחזור לשולחן המשא-ומתן. איך, כשמכשירים גזלה, כשמכשירים גזל?",1,
265601,2012-01-02,"הצעת חוק בתי-המשפט (תיקון מס' 67), התשע""ב–2012","אדוני היושב-ראש, חברי חברי הכנסת, בנסיבות אחרות הייתי אולי תומכת בניסיון לשנות את החוק, או ליתר דיוק להחזיר את המצב לקדמותו. הצעת החוק הזאת שחוקק חבר הכנסת פרידמן – סליחה, שר המשפטים לשעבר פרידמן – נועדה לפגוע בבית-המשפט העליון, ואולי בנסיבות אחרות, ואולי עם מציע אחר, הייתי תומכת בהצעת החוק הזאת. אבל הצעת החוק הזאת אינה תמימה. אני בכלל מציעה לכם לבחון את הפוזיציה של המציעים. כל אחד מדבר פה מהפוזיציה שלו. שימו לב מי המציעים, שימו לב באיזה שטף של אקטיביזם חקיקתי אנחנו נמצאים. יש כאן קבוצה של חברי כנסת שהחליטה לקעקע, לרסק עד דק את בית-המשפט העליון, בשורה של יוזמות חקיקה. דרך אגב, זאת הפחות-גרועה מביניהן, אני אומרת מראש. יכול להיות שבנסיבות אחרות הייתי מצביעה בעדה, אבל במכלול הזה, כשהבוקר היינו בדיון בוועדת החוקה, כשהקואליציה, באמצעות הרוב הדורסני שלה בכנסת, העבירה הצעת חוק לשנות תוצאות של בחירות באופן רטרואקטיבי בלשכת עורכי-הדין, כשחברי כנסת מהקואליציה הזאת העלו על דעתם להביא הצעה שוועדת החוקה תעשה שימוע לשופטים, אז כשמוגשת ההצעה הזאת, אי-אפשר להתייחס אליה במנותק מכל אותן הצעות שמבקשות לשים את חברי הכנסת מעל בית-המשפט העליון, מעל בית-המשפט העליון. שימו לב מי – יש כאן חברי כנסת שחטפו מבית-המשפט העליון, פוליטיקאים שמחכים לכתבי אישום שבדרך, ופוליטיקאים או מתנחלים שבית-המשפט פסק לפנות אותם מהמאחזים הבלתי-חוקיים או מהשתלטות על אדמות פלסטיניות, ועכשיו הם מבקשים לבוא חשבון באמצעות החוק הזה עם בית-המשפט העליון. ואני רוצה לומר לכם מעבר לזה. מה שחברי הכנסת האלה מנסים לעשות – הם מבקשים לאתגר את בית-המשפט. הם מחוקקים חוקים שיאלצו את בית-המשפט לפסול אותם, ואז הם יבואו ויגידו: שימו לב, שימו לב איך בית-המשפט פוסל חוקים של הכנסת. אבל מדובר בחוקים שהם לא חוקתיים. החוק הזה אולי פחות, אבל כל קבוצת החוקים שאתם מחוקקים, שהכנסת הזאת מחוקקת, מונעת ממוטיבציה של נקמה. שימו לב לחבר הכנסת כץ, שחבריו קוראים לו כצל'ה. פתאום התעורר חבר הכנסת כץ ורוצה לשנות את החוק שחוקק שר המשפטים פרידמן. חבר הכנסת כץ, אני מזכירה לכם, היה מאלה ש""חטפו"" על ערוץ-7. הוא מאוד מאוד לא אהב את התערבות בית-המשפט העליון בעניין ערוץ-7, בואו נזכיר את זה. לא רק שהוא לא אהב, הוא טורח להזכיר את זה. אז יש אולי פסול במניעים או במוטיבציה של חבר הכנסת כץ, שיושב כאן היום במליאה מדושן עונג ומקשיב כולו לדיון. איך קרה לו הדבר הזה? הוא לא האמין שזה קרה לו – חבר הכנסת כץ באיחוד הלאומי, באופוזיציה, מצליח לגייס את הקואליציה הדורסנית הזאת של הכנסת ומחוקק חוק ששמו יהיה רשום עליו. דרך אגב, אני חושבת שאתה עושה עוול. אני לא מכירה את השופט גרוניס. יש לי כבוד לשופטים, גם אם הגישה שלהם או השיטה שלהם היא לא לרוחי. אני תומכת באקטיביזם שיפוטי. אני יודעת שהשופט גרוניס נחשב שמרן, אבל אין לי דבר וחצי דבר נגד השופט גרוניס. אתה, ביוזמת החקיקה הזאת, עשית לו עוול, עשית עוול לשופט גרוניס. הוא לא מבין מאיפה נפל עליו הטוב הזה, חבר הכנסת כץ. פתאום הקואליציה – ישראל ביתנו, הליכוד – מי עוד בקואליציה? כולם הצטרפו אליו, והוא לא ידע שהוא כזה. כולה הוא כועס על סגירת ערוץ-7. סגרו לו את ערוץ-7, אז עכשיו הוא מנהל מסע נקמה נגד בית-המשפט. יש כאן ניסיון של הקואליציה הזאת, ואתם בדרך כלל חוברים אליה, לפגוע בכל מה שזז: בארגוני החברה האזרחית, בתקשורת חופשית ובבית-המשפט העליון. גם לי יש לעתים ביקורת לא אחת על בית-המשפט, אבל בכל זאת, מכיוון שאין לנו חוקה, בית-המשפט העליון נותר המעוז האחרון להגנה על מיעוטים, על זכויות אדם, על דמוקרטיה, על אופיה הדמוקרטי של החברה הישראלית. אתם מבקשים באמצעות יוזמות החקיקה שלכם לפגוע בבית-המשפט, לשים את עצמכם מעל החוק. חבר הכנסת כץ, הדברים האלה יירשמו לך, הם יהיו רשומים על שמך. הם יהיו רשומים על שמך, אבל הם לחרפה לחברה הישראלית. מה שאתה והחברים שלך עושים – יש לכם מירוץ, יש לכם תחרות מי יצליח לפגוע יותר בבית-המשפט. וכל אחד, כמו שאמרתי קודם, מהפוזיציה שלו, מונע ממוטיבציה שמבקשת – אני לא רוצה אפילו לחזור. אני רוצה לספר לכם, חברי חברי הכנסת, התעמתי היום עם חבר הכנסת כץ בערוץ הכנסת, ואני שמעתי את הגידופים והתוכחה שהוא השמיע כנגד השופטים שיושבים בבית-המשפט. אני חושבת שהדבר הכי נורא שקרה לכם – ובזה אני מסיימת – זה שאיבדתם את הבושה. איבדתם את הבושה, ואתם מעזים לעלות לכאן ולקדם חקיקה. הציבור צופה בכם שאיבדתם כל רסן. אבל אני רוצה לומר עוד משהו: לא לעולם חוסן. אני מציעה שתזכור את זה.",1,The speech strongly criticizes the actions of politicians regarding the Supreme Court and implies a negative view towards the motivations behind settlement policies.
266164,2012-01-11,הצעות לסדר-היום: מעורבות המועצות האזוריות בשטחים במימון גופים המבצעים פעולות חבלניות,"אדוני היושב-ראש, איפה יכולות להתקיים פעולות חבלניות על-ידי מתנחלים – האמת, שהם כבר זלגו מהשטחים, מהשטחים הכבושים.

אנחנו קוראים לזה ""השטחים הכבושים"", אדוני היושב-ראש, ובשטחים הכבושים האלה אין דין ואין דיין ויש הפקרות, והתחקיר של שחר גינוסר ב""ידיעות אחרונות"", התחקיר המקיף – אני מציעה למי שלא קרא, להזדרז ולקרוא איך מועצת השומרון, עמותת המתנחלים, או ליתר דיוק, ועד מתיישבי השומרון, משתמש בכספי משלם המסים לפעולות ""תג מחיר"", נגד כוחות הביטחון, על הרס מאחזים. זה פשוט בלתי מתקבל על הדעת שעמותה שלכאורה הוקמה כדי לעסוק בהסברה, בחינוך, בעצם עוסקת בפועל, שימו לב, עוסקת בפועל בהפרות סדר. כשצה""ל או המשטרה מפנים מאחזים אז באה אותה קבוצה של אותם פורעי ""תג מחיר"" ומענישה את כוחות הביטחון. יש כאן החלטה מסודרת, מאורגנת, לא מדובר בעשבים שוטים, מדובר בקבוצה של מנהיגות המתנחלים שמעבירה כספים, נותנת לגיטימציה וגיבשה תוכנית מאורגנת לשנות את שיטת המאבק. לשנות את שיטת המאבק, כמו שהגדיר אותה בני קצובר, ואחרים: עכשיו אנחנו עוברים ממגננה למתקפה – ואני מצטטת. ואני מזכירה לכם, זה אותו בני קצובר שהשבוע קראתי מאמר שלו ושמעתי התייחסות שלו שהוא אומר: חברים, הגיע הזמן לפרק את הדמוקרטיה ולהכפיף אותה ליהדות; הדמוקרטיה נכשלה. ודאי שהדמוקרטיה נכשלה, כשבני קצובר והחברים שלו בעצם נותנים לגיטימציה לפעולות ""תג מחיר"" נגד הצבא, אז הדמוקרטיה נכשלה, כי היא לא שמה אותם מאחורי סורג ובריח. חברי חברי הכנסת, אני רוצה לומר שבני קצובר וגרשון מסיקה, שהקים את העמותה והזרים לה עד היום כ-3.5 מיליוני שקלים מכספי המועצה שהוא אחראי עליה, אני לא מאשימה אותם חלילה במעורבות אישית בפעולות בשטח; אני רוצה לומר את זה בצורה ברורה. אבל מדובר בשני אנשים שהגו, יזמו וקידמו בפועל את המדיניות שאומרת שיש לגבות מחיר מכוחות הביטחון בהפרות סדר. אני מדברת אתכם – שימו לב מה זה המחיר הזה: מדובר על הצתות בתגובה לפינוי מאחזים, מדובר בפעילות מתגלגלת שתשתק את כוחות הביטחון ותאלץ אותם בעצם לפעול. ואני רוצה לתת לכם ציטוט איך עיתון ""בשבע"" מפרסם קריאות עידוד ל""תג מחיר"". אני מצטטת: ""אחת מדרכי התגובה של המטה היא כניסה לכפרים הערביים הסמוכים ונקיטת פעולות הרס גם שם. 'אנחנו יודעים שהמשטרה סובלת מכוח אדם מצומצם, ואנחנו כאזרחים למופת רוצים לסייע לה בפעולה שבה יתחיל הטיפול בבנייה הלא-חוקית באזור', רומז גורם במטה יצהר בקריצה"". חברי חברי הכנסת, העיתונות של המתנחלים, לסיום, מדווחת על הפעילות של המתנחלים, ואין תגובה מרשויות האכיפה. היועץ המשפטי לממשלה קיבל בעבר מידע מארגון ""יש דין"" והחליט שלא לפתוח בחקירה. ואני קוראת לו כאן לפתוח בחקירה בחשד להסתה ואלימות. ואני קוראת גם לרשם העמותות לבדוק אם ועד מתיישבי השומרון  פועל בהתאם למטרות שלשמו הוא הוקם. אדוני היושב-ראש, כבר דוח טליה ששון, שאומץ על-ידי הממשלה, קבע במפורש שמימון של גורמים ציבוריים לא יכול להיות בהקמת מאחזים, וגם לא יכול להיות מועבר, כספי ציבור לא יכולים להיות מועברים למימון  פעולות ""תג מחיר"" כנגד הצבא שמפנה מאחזים בלתי חוקיים. זה פוליטי, זה ראוי לתגובה מהירה. תודה.

אני מבקשת להעיר הערה, לא על חשבון זמנו של חבר הכנסת נפאע.

אני מבינה שזה התקנון. אני לא עוסקת עכשיו בשינוי התקנון, אבל אם אדוני היה אומר לנו, למציעים, אולי, שהממשלה מבקשת שלא להשיב, כי השר – יכול להיות שהיינו בוחרים לדחות את ההצעה למועד אחר ולהגיד שישיבו לנו.

בוועדת החוץ והביטחון זה – – – זה מועצות אזוריות – ועדת הפנים.",1,
266187,2012-01-16,"הצעות סיעות קדימה, העבודה–מרצ וחד""ש–רע""ם-תע""ל–בל""ד להביע אי-אמון בממשלה בשל:: 1. אוזלת ידה מול תופעות ההקצנה, האלימות והגזענות בחברה הישראלית;: 2. גידול של 20% בהתחלות בנייה בהתנחלויות;: 3. נתוני התעסוקה בקרב האוכלוסייה הערבית – בניגוד למגמה הכללית","אדוני היושב-ראש, חברי חברי הכנסת, אני מגישה הצעת אי-אמון בשם סיעות מרצ, העבודה – חד""ש גם? מרצ והעבודה לדעתי.

אני מציעה לא לקפוץ למסקנות חפוזות.

זאת בעיה. אדוני היושב-ראש, נתונים שפרסם ארגון ""שלום עכשיו"" – עדיין במצב שהוא יכול לפרסם נתונים; על-פי יוזמות החקיקה שעולות כאן בכנסת, בקרוב הוא גם לא יוכל לעשות את זה. על-פי הנתונים לסיכום שנת 2011, חלה עלייה של כ-20% בבנייה בהתנחלויות. מהבחינה הזו זו שנת השיא של שלוש שנות כהונתו של ראש הממשלה נתניהו.

לא רק, אדוני. כ-35% מהבנייה הם בהתנחלויות המבודדות. כ-650 יחידות – לטובתך, חבר הכנסת שטרית – 650 יחידות דיור הן בהתנחלויות, ממה שנקרא מעבר לתוואי המתוכנן של גדר ההפרדה. כ-60% ממבני הקבע שנבנו הם צמודי קרקע – וילות, קוטג'ים, בתים פרטיים. למעלה ממחצית הדירות שנבנו הן עבור הציבור הדתי בלבד. ובחרתי לפתוח בנתונים האלה. חברי חברי הכנסת, הנתונים האלה מעידים שיש כאן ממשלה שמדברת על הסדר מדיני – ראש הממשלה שעכשיו שלח את השליח שלו לירדן לחדש את השיחות עם הפלסטינים – הרטוריקה היא גבוהה ונשגבת, אבל הפרקטיקה בשטח או הנתונים בשטח מעידים שהבנייה הזו – הנתונים האלה מעידים שיש כאן סכנה לפתרון שתי המדינות. ממשלת ישראל יוצרת עובדות בשטח שהורסות את הסיכוי להסדר. תראו מה קורה. אנחנו כל פעם שומעים איך ממשלת ישראל מפרסמת, באמצעות משרד השיכון, מכרזים לבנייה. נכון, שאל קודם חבר הכנסת שטרית אם זה במזרח-ירושלים – גם במזרח-ירושלים המגמה היא לכתר את השכונות הפלסטיניות, ליצור רצף טריטוריאלי בין מזרח-ירושלים לגדה כדי למנוע כל אפשרות לחלוקה ולהסדר מדיני; זה מה שעושה הממשלה בשטח. אנחנו יודעים שרק לפני חודשים מספר בג""ץ קבע שיש לפנות מאחזים בלתי חוקיים. מה עשתה ממשלת ישראל? ראש ממשלת ישראל הקים צוות לבחון איך אפשר לעקוף את החלטת בג""ץ, איך אפשר להכשיר גזל, הייתי אומרת, גזל של בנייה על קרקע פלסטינית פרטית. בכלל, ההחלטות של בג""ץ עבור ממשלת ישראל בהקשר הזה הן בגדר המלצה, כי כבר כשניסו ללכת להסדר בעניין הזה ראינו שהשר בגין הביא הצעה בעניין רמת-גלעד, אני מניחה שזו הצעה שיכולה להעיד על ההצעה שתהיה לגבי מגרון. לא אמרו – מאחזים בלתי חוקיים שהוקמו באופן בלתי חוקי, לפרק אותם לאלתר, זה לא מה שאמרה ממשלת ישראל או פשרת השר בגין; אמרו שמאחזים בלתי חוקיים שהוקמו שלא כחוק, יועברו להתנחלויות. זה הפרס שניתן על בנייה בלתי חוקית. חברי חברי הכנסת, יש כאן שורה של פעולות שעושה ממשלת ישראל כדי לקבוע עובדות בשטח שלא יאפשרו משא-ומתן מדיני, או שלא יאפשרו – משא-ומתן יכול להתאפשר, אבל שלא יאפשרו להגיע להסדר מדיני. מפרסמים מכרזים, בונים בהתנחלויות, מכשירים מאחזים בלתי חוקיים, מעבירים מענקים להתנחלויות ממשרד הפנים בהיקף של מיליונים, ויש משא-ומתן רשמי. חברי חברי הכנסת, המשא-ומתן הרשמי הזה, זה הרבה רוח, איך אומר המשפט הזה? גשם ורוח ונשיאים אין, איך אומרים את זה?

נשיאים ורוח וגשם אין, בדיוק.

לא, אני אומרת, יש הרבה דיבורים, יש משא-ומתן אחרי תקופה ארוכה, אחרי שהקוורטט הבהיר לראש הממשלה נתניהו מה המשמעות של המשך הסרבנות המדינית, אז חזרו לסוג של, או למראית-עין של, או למצג שווא של משא-ומתן, אבל בסופו של דבר ממשלת ישראל נותנת לגיטימציה למתנחלים בשטחים לפעול כאילו אין דין ואין דיין. קראנו רק לאחרונה את התחקיר המקיף שעשה העיתונאי שחר גינוסר ב""ידיעות אחרונות"", ובתחקיר הזה הוא חשף איך בעצם המועצות המקומיות, באמצעות עמותה, באמצעות ועד מתיישבי השומרון, מממנים על חשבון משלם המסים פעולות ""תג מחיר"" נגד כוחות הביטחון, בגלל הרס מאחזים. עד שהממשלה מפעילה את הצבא לפעול נגד מאחזים בלתי חוקיים, קמה עמותה בכסות של פעולות חינוך, מקבלת את הכסף שלה ממשלם המסים הישראלי, מכל אחד מאתנו, ובעצם פועלת כדי להעניש את כוחות הביטחון שמבצעים את פעולתם כדת וכדין; ואני מדברת על פעולות ""תג מחיר"" כנגד כוחות הביטחון. אני רוצה לומר לכם ששניים מראשי מועצת יש""ע – או אני לא יודעת מה התפקיד הרשמי שלהם – גם בני קצובר וגם גרשון מסיקה, אני לא טוענת שהם עוסקים בפועל במדיניות או בפעילות ""תג מחיר"" – הם נותנים לגיטימציה. הם אמרו, אני מצטטת: ""אנחנו צריכים לקדם מדיניות של תגובה על כל פינוי של מאחז בלתי חוקי"". גרשון מסיקה בעצמו, על-פי התחקיר של שחר גינוסר, הזרים עד היום לעמותה הזאת, לוועד מתיישבי השומרון, סכום של 3.5 מיליוני שקלים מכספי העמותה. בעצם, מה שאומרים היום ראשי המתנחלים, והם מרשים לעצמם לומר את זה כי יש כאן מדיניות של אוזלת-יד, מדיניות רופסת כנגד פורעי חוק, כנגד מי שגובה ""תג מחיר"" – אני לא מדברת כבר רק מפלסטינים, שעל זה בכלל אף אחד לא פועל נגד פעולות ""תג מחיר"", אני מדברת עכשיו כנגד כוחות הביטחון. יש כאן קבוצה שמרשה לעצמה לפעול ביד תקיפה, תוך שימוש במימון של כספי משלמי המסים. אני רוצה לומר, אדוני היושב-ראש, היועץ המשפטי לממשלה קיבל בזמנו, או קיבל לפני חודשים מספר, גם ממני, מידע ממוסמך, והחליט שלא לפתוח בחקירה נגד ועד יושבי השומרון או ועד מועצת השומרון. אני קוראת מכאן ליועץ המשפטי לממשלה לפתוח בחקירה בחשד להסתה לאלימות. אני קוראת לרשם העמותות לבדוק האם ועד מתיישבי השומרון פועל בהתאם למטרות שלשמן הוא הוקם. היום, אם פותחים גם את עיתון ""בשבע"" וגם את עיתונות המתנחלים, אנחנו רואים שאפילו נעלמה הבושה. עיתונות המתנחלים מדווחת על הפעולות של המתנחלים האלה ""להפוך כל אירוע לאירוע מתגלגל"" – באופן הזה, בכלל בלי להסתיר את זה. כל הגורמים הרשמיים קוראים את זה, אף אחד לא פועל. הם אומרים את זה בצורה מסודרת: ""אנחנו צריכים לפעול לאירוע מתגלגל על מנת ליצור מוקדי חיכוך ועל מנת להעסיק את הצבא והמשטרה בכמה שיותר מוקדים"". אני מדברת על עיתונות רשמית שמתפרסמת בגלוי, אבל אתם יודעים מה, חברי חברי הכנסת, אין לי טענה למתנחלים. אם ממשלת ישראל בונה בנייה בלתי חוקית, אם ממשלת ישראל נותנת לגיטימציה להכשרת מאחזים בלתי חוקיים, אם משרד הפנים מעביר מיליוני שקלים להתנחלויות ולמאחזים בלתי חוקיים, אז מה נלין כנגד אזובי הקיר? יש כאן מדיניות שמזינים האחד את השני, יש לחץ של המתנחלים על ממשלת ישראל, וממשלת ישראל נעתרת לפעילות המתנחלים, לא מעמידה לדין. ואני רוצה, אדוני היושב-ראש, לסיים – – כמה זמן עוד יש לי, ברשותך?

אוקיי. – – בכמה ציטוטים שחשבתי שחשוב להביא אותם בפני הכנסת. מנהיג המתנחלים הוותיק בני קצובר אמר לעלון ""בית משיח"", זה עלון שחב""ד מוציאה אותו לאור, ואני מצטטת: ""הייתי אומר שכיום לדמוקרטיה הישראלית יש תפקיד מרכזי אחד והוא להיעלם מהשטח. הדמוקרטיה הישראלית סיימה את תפקידה"", אומר קצובר, ""והיא חייבת להתפרק ולהתכופף בפני היהדות"", והוא ממשיך כהנה וכהנה. אני אומרת לכם, חברי חברי הכנסת, מה שיפה זה שקצובר לא מנסה יותר להעמיד פנים. אנחנו רואים חלק ממנהיגי המתנחלים והשליחים שלהם כאן בכנסת מתייצבים על הדוכן, מגלגלים עיניים, יוזמים שורה של הצעות חוק שבאות להכשיר גם את מגרון, גם פעולות בלתי חוקיות, מגבים את הפעילות של הטרוריסטים של ""תג מחיר"", נותנים להם רוח גבית. אדוני היושב-ראש, מתחת לאפך, בכנסת הזו, מסתובבים אנשים שהם מבוקשים או היו מבוקשים על-ידי השב""כ. אחד האורחים של אורי אריאל נעצר בחשד לפעילות טרור; חבר הכנסת אלקין, שמענו אותו מודיע לחמ""ל של המתנחלים על פעילות זו או אחרת; ועדת החוקה של הכנסת אירחה לאחרונה טרוריסטים יהודים, נערי הגבעות שהוצא נגדם צו הגבלה. בכנסת הזו נותנים רוח גבית לפעילות טרוריסטית יהודית. נותנים רוח גבית. יש כאן שדולה בכנסת, חברי חברי הכנסת, השדולה לארץ-ישראל, שמעסיקה מרכזת או מרכז בשכר, אני לא יודעת, הכנסת מממנת אותה? לא שמעתי ששדולה בכנסת יש לה מימון, אבל השדולה לארץ-ישראל בכנסת יש לה מימון. חברי חברי הכנסת, כנסת ישראל נותנת רוח גבית לפעילות טרור, לטרוריסטים, לפורעי ""תג מחיר"", שמקבלים רוח גבית מהממשלה – – –

כן. אני לא יודעת מי מממן, לא אמרתי מהכנסת. אני לא יודעת מי מממן, אבל אם לא הכנסת מממנת ויש פעילות של שדולה בכנסת, זה דבר חמור שבעתיים. אז אני מציעה לבדוק את זה, חברי חברי הכנסת. אדוני היושב-ראש, אני קוראת לך לבדוק מי מממן את הפעילות של השדולה לארץ-ישראל בכנסת. למיטב ידיעתי, חברי חברי הכנסת, ניצן הורוביץ ודב חנין פעילים בשדולה ירוקה, שורה של חברי כנסת כאן פעילים בשדולות, ולא שמעתי שיש מימון לפעילות של השדולות, ואם מישהו מבחוץ מממן את זה, הדבר ראוי לבדיקה. אני רוצה לסיים ולומר, חברי חברי הכנסת, הנתונים של ""שלום עכשיו"" על גידול כל כך משמעותי בבנייה בהתנחלויות, שנעשה בעידודה של ממשלת ישראל, שנותנת הכשר למאחזים בלתי חוקיים, שמאפשרת מדיניות של אין דין ואין דיין, פורעי חוק שלא מכירים במרותו של השלטון הנבחר בישראל ומקבלים רוח גבית מהכנסת, ראויים, אדוני היושב-ראש, לבדיקה קצת יותר מעמיקה. תודה רבה.

""שלום עכשיו"" הם גם לא שדולה בכנסת, אדוני היושב-ראש.

ל""שלום עכשיו"" אין שדולה בכנסת.

אדוני היושב-ראש, זה מאוד חמור בעיני – אין שדולה של ""שלום עכשיו"" בכנסת, ואתה היית צריך לענות לי: אני אבדוק מי מממן את הפעילות של השדולה לארץ-ישראל בכנסת.

לא אמרתי שהכנסת מממנת – – –

אני לא אמרתי שהכנסת מממנת, אמרתי – – –

אין טענה, אבל לא בתוך הכנסת. שדולה פורמלית שמקימים חברי כנסת מקבלת מימון – – –

– – – לא בידי הכנסת, גורם – שהכנסת תבדוק מי הגורם.

כן כן, את הפעילות של הגברת שמרכזת את השדולה. כן, אדוני, אל תקל בזה ראש. ""שלום עכשיו"" אין לה שדולה בכנסת.

אדוני היושב-ראש, אין שדולה בכנסת של ""שלום עכשיו"". ניצן הורוביץ – יש שדולה שהיא ירוקה, יש לה מרכזת – – – אין לה מרכזת בשכר, למה שתממן את זה? מה, אני לא ברורה?

למעט השדולה של ארץ-ישראל בכנסת. אני עומדת מאחורי מה שאני אומרת לך.

אדוני, אז בבקשה, אני מגלגלת את זה לפתחך.

נכון, אבל, אדוני, לא זה הדיון.

אדוני, יש פעילות של שדולה בכנסת. כל שדולה בכנסת פועלת באופן לגיטימי. תמיד אחד מהעוזרים של חברי הכנסת מפעיל אותה. יש כאן שדולה שיש לה מפעיל שמקבל מימון חיצוני ומפעיל שדולה בתוך הבית הזה.

אדוני השר, בשנת 2011, שזו השנה השלישית לכהונתה של ממשלת נתניהו, חלה עלייה של 20% בבנייה בהתנחלויות.

מול שנה קודמת ומול שנה קודמת. עלייה אחת של – – –",1,"The speech strongly criticizes the government's actions regarding settlements, indicating a firm opposition to the settlement policy."
267088,2012-02-13,"הצעות סיעות קדימה, העבודה–מרצ וחד""ש–רע""ם-תע""ל–בל""ד להביע אי-אמון בממשלה בשל:: 1. העמקת הפערים החברתיים והמשך הפגיעה במעמד הביניים ובשכבות החלשות;: 2. אוזלת ידה בתחום המדיני, החברתי והכלכלי;: 3. האיומים במלחמה מצד שרים בממשלה","אדוני היושב-ראש, תודה רבה, חברי חברי הכנסת, אדוני שר האוצר, סיעת מרצ מגישה אי-אמון בממשלה על רקע הפרעה אובססיבית. אנחנו חושבים שלממשלת ישראל יש אובססיה, והאובססיה הזאת – ואני הולכת לנמק – האובססיה הזאת היא ההתנחלויות. אני רוצה לומר, אדוני יושב-ראש הכנסת, שאחרי הקיץ האחרון, אחרי מחאת ההמונים, חשבנו שממשלת נתניהו תשפר את חיי אזרחי המדינה. אבל אני רואה שנבצר מממשלת נתניהו לעשות את זה, למלא את תפקידה, כי היא עסוקה מבוקר עד ערב להקים לעצמה מדינה נפרדת בשטחים, מדינה שעומדת להגשים את הפנטזיות המשיחיות שלה. ראש הממשלה, כנראה, לא יכול להחליף את העם, אז הוא מנסה להחליף את המדינה. כל הזמן אני רק שומעת איך ממשיכים לבנות עוד יותר בשטחים, איך מרחיבים את ההתנחלויות, איך מסייעים להתנחלויות, איך גונבים אדמות, איך משקרים לבית-המשפט. ואני רואה את חברי הכנסת בכנסת הזאת, חברי הכנסת של הקואליציה – אני אפרוט או אתן תיכף כמה דוגמאות, איך הם מגישים הצעות חוק בסיטונות שבאות לקבע, לספח את ההתנחלויות או להמשיך את תחזוק ההתנחלויות. מה שמטריד אותי זה שהממשלה עושה את זה בעיקר על חשבון כל נושא אחר; על חשבון כל דבר, אבל בעיקר על חשבוננו. תראו מה הממשלה לא עושה: למשל, היא לא קולטת את עובדי הקבלן בשירות המדינה כי הממשלה טוענת – אין כסף; הממשלה לא נותנת כסף לתוספת תקנים לרופאים מתמחים, והתשובה היא אותה תשובה – אין כסף; לעדכון קצבאות הזיקנה – גם אין כסף; לביטול תשלומי ההשתתפות העצמית על תרופות – אין כסף; להעלאת שכר העובדים הסוציאליים ודאי שאין כסף; ולעובדי מקצועות הסיעוד – גם אין כסף; למערכת ההשכלה הגבוהה ולסבסוד שכר הלימוד – אין כסף; לטיפול בנפגעות תקיפה מינית – גם אין כסף; ולהגברת תדירות התחבורה הציבורית – גם אין כסף. הבעיה הגדולה והמשמעותית שבגינה יצאו בקיץ האחרון לרחובות, פתרון מצוקת הדיור ולבניית הדיור הציבורי בישראל – גם אין כסף. עכשיו, זה מקומם שהממשלה הזאת לא מקצה כסף לדברים האלה, אבל מה שמקומם שבעתיים הוא שלהקלות מס לבנייה בהתנחלויות יש כסף, ועוד איך שיש כסף; לכבישים ליהודים בלבד שיובילו לווילות עם הגגות האדומים – יש כסף, ועוד איך יש; למועצות אזוריות בשטחים שמממנות חמ""לי ""תג מחיר"" של הטרור היהודי – יש יופי של כסף; לגנבת מים, לסתימת בארות, להריסת תשתיות ביוב של פלסטינים שמפריעים לנוף של הגגות האדומים – יש כסף בשפע, חברי חברי הכנסת. שימו לב מה קרה לנו כאן בשנים האחרונות: מעבר ל""קו הירוק"" קמה מדינת רווחה סקנדינבית. שבדיה זה בכלל לא בצפון אירופה – שבדיה משתרעת בין פסגות לבית-אל; נורבגיה זה בכלל בין קריית-ארבע לתקוע. לממשלה הזאת יש כסף להתנחלויות – –

– – להתנחלויות יש הכול. כל משאבי החקיקה מופנים רק לשם. שימו לב, חברי חברי הכנסת, מה עבר כאן בשבועות האחרונים, מה עלה כאן בשבועות האחרונים. ככה זה חמק מתחת לרדאר שלנו; הקואליציה הצביעה, וזה חמק. אני רוצה לתת לכם יבול חלקי של חוקי סיפוח ונישול שהונחו על שולחנה של ועדת השרים לענייני חקיקה והובאו לכנסת הזו: החוק הראשון, חוק הגזל להכשרת בנייה על קרקעות פרטיות של פלסטינים, מה שנקרא ""חוק ההסדרה"" – הצעת חוק שעומדת בסתירה לפסיקות בג""ץ וגם לדין הבין-לאומי, הצעה שמבקשת לתת הכשר לגזל של אדמות או של קרקעות פרטיות שהבעלים שלהן הם פלסטינים. זאת הצעה שאמורה לעלות בקרוב לדיון במליאת הכנסת; חוקי האפרטהייד – החלת החוק הישראלי על כל היישובים היהודיים בשטחי יהודה ושומרון. כמובן, רק על היישובים היהודיים, כדי שהפלסטינים ימשיכו להיות נטולי זכויות – שימו לב לחוק הזה. ואני רוצה עכשיו לציין בפניכם ארבע הצעות חוק של חברי הקואליציה, שעברו: חוק המוזיאונים – נדמה לי שזה אורי אריאל. החלת חוק המוזיאונים ביהודה ושומרון – כמובן, רק ביישובים יהודיים; החלת חוק התכנון והבנייה על יהודה ושומרון; החלת חוק הגנים הלאומיים על יהודה ושומרון; והצעת חוק עם איזה שם מופרך, שכשראיתי את ההצעה הזו לא האמנתי למראה עיני: הצעת חוק התפתחות טבעית בערי יהודה ושומרון, שיחייב את המדינה בפרסום של מכרזי בנייה למגורים ברשויות הגדולות בשטחים; והצעת חוק אחרונה – חוק לסיפוח של כביש 443. בכביש הזה לא עוקפים מכוניות, אלא עוקפים בסיבוב את פסיקת בג""ץ. מה שתיארתי כאן או פירטתי בפניכם זו רק רשימה חלקית. הדבר האחרון, אדוני היושב-ראש. היום פורסם שהשר בני בגין שעומד בראש ועדה שמינתה הממשלה – אני מניחה – או שמינה ראש הממשלה, הגיע לפשרה בנוגע למאחז מגרון. בג""ץ קבע שעד 31 בחודש צריך לפנות את מאחז מגרון. ניסו להגיע לפשרה. אם אתם שואלים אותי, חברי חברי הכנסת, זו פשרה רקובה. ממשלה שמנהלת משא-ומתן עם פורעי חוק על קיום החוק. איפה נשמע כדבר הזה בכלל? האם הממשלה היתה מנהלת משא-ומתן עם שודדי בנקים? עם גנבי מכוניות? עם פורצים? זה מה שעשו אותם פורעי חוק בשטחים – הם הקימו מאחז בלתי חוקי שבג""ץ קבע שיש לפנות אותו, וממשלת ישראל מתנהלת אתם ומציבה פשרות. זה הרי בלתי מתקבל על הדעת. באיזו מדינה מתוקנת זה היה קורה, שהשלטון מנהל משא-ומתן עם מי שמפר את שלטון החוק? שודדי קרקעות בשטחים, חברי חברי הכנסת, זה כבר בכלל סיפור אחר. ומה שמקומם, שנוצרו כאן שתי מערכות חוק נפרדות: מערכת חוק למתנחלים; בכלל, המתנחלים הם הילד המופרע של הגן שאף אחד לא מעניש. לכל הילדים אסור להרביץ – רק לו מותר; לכל הילדים אסור לגנוב – רק לו מותר. עולה בדעתכם שאם מישהו היה מקים עכשיו איזה מאחז או בונה בנייה בלתי חוקית באיזה יישוב, היו מנהלים אתו משא-ומתן להעתקת היישוב הזה למקום אחר? זה מתקבל על הדעת? האם זה הגיוני במדינה מתוקנת? איך זה יכול להיות שלמי שחי מעבר ל""קו הירוק"" מארגנים, מקבעים הסדרי פשרה אחרים, שונים מאלה של מי שחי מהצד השני של ה""קו הירוק""? אדוני היושב-ראש, אני הצגתי כאן בפני חברי חברי הכנסת למה אין לנו אמון בממשלת נתניהו. אנחנו חושבים שצריך לדאוג לרווחה. לנו בכלל יש סדר-יום אחר. לנו במרצ – ואני מציעה את ההצעה הזאת גם בשם מפלגת העבודה – חשוב יותר לפתח את ישראל. לא חשוב לנו עכשיו להמשיך לבנות את שבדיה בין בילעין לנעלין או בין פסגות לבית-אל. מדינת רווחה נוסח שבדיה צריכה להיות בתחומי מדינת ישראל. אנחנו רוצים לשנות את סדרי העדיפויות באופן שזה יביא לצדק חברתי, לצדק חלוקתי. אנחנו רוצים לקיים כאן מדינת רווחה מודרנית. לנו חשוב השוויון – שוויון של כל בני האדם ללא הבדל דת, גזע, מין, מגדר, נטייה מינית. חשוב לנו להיות קשובים ולתת ביטוי לרחשי הלב של הציבור, כפי שזה בא לידי ביטוי במחאה בקיץ האחרון. ממש ממש לא חשוב לנו, או אנחנו מתקוממים – אני אנסח את זה ליתר דיוק – על כך שהממשלה הזו היא קשובה, אבל היא קשובה רק לקבוצה אחת: היא קשובה רק לקבוצה אחת שהוקמה עבורה מדינת רווחה מעבר ל""קו הירוק"". לכן, אדוני היושב-ראש, לנו, לסיעת מרצ, אין אמון בממשלה הזו.

לא, שינינו את זה, שינינו.

אל תתבלבל. ביקרתי אותך ואת הממשלה.

ביקרתי אתכם שהקמתם מדינת רווחה בין ג'נין לנעלין, בין פסגות לבית-אל.

לא, אתה לא מרגיז אותי. אני מחבבת אותך.

אתה לא חייב לפרט, אתה לא חייב, אתה לא חייב – – –

אתה לא חייב להמשיך בפירוט.",1,
267499,2012-02-22,"הצעת חוק לתיקון פקודת מס הכנסה (עידוד התיישבות), התשע""א–2011","אדוני היושב-ראש, אני וחברי לסיעת מרצ מתנגדים להצעת החוק הזו באופן גורף. מדובר בהצעה שהיא סבסוד צולב להתנחלויות. בניגוד לחבר הכנסת נחמן שי, שאומר שאם הצפון והדרום – מה עניין שמיטה להר-סיני? למה בכלל לערב בין הדברים? אני בעד לחזק את הצפון ואני בעד לחזק את ההתיישבות בדרום. אבל מי שמבקש עכשיו לעשות הצעה נפרדת – –

– – כדי לחזק את ההתנחלויות, שגם ככה זוכות למעמד אזור פיתוח א' – יש כאן תפיסת עולם. תראו, אני רוצה להגיד לכם, אני בדקתי את זה. היום העמותות שמקבלות פטור ממס הכנסה – שני-שלישים מהעמותות האלה הן חרדיות. הכנסת הזו – אופיר אקוניס ופניה קירשנבאום מחוקקים חוקים שמבקשים לעצור את הפטור ממס לעמותות השמאל. שני-שלישים עמותות חרדיות.

אדוני השר ליצמן, עברנו על כל העמותות שקיבלו ב-2011 פטור לצורכי מס – שני-שלישים מהעמותות שקיבלו פטור לצורכי מס הן חרדיות. זו עובדה, אי-אפשר להתווכח על זה.

אדוני היושב-ראש, הכנסת הזו – – –

אדוני היושב-ראש, הכנסת הזו, שבחסות הרוב הקואליציוני שלה מבקשת לפרק את עמותות השמאל, הולכת לתת עכשיו פטור ממס לעמותות בהתנחלויות. יש בזה ניסיון לקבע, לספח, לקבע את מעמד ההתנחלויות. לפרק כל אפשרות להגיע להסדר מדיני, דרך איזו הצעה, על הדרך, של חברי הכנסת ציון פיניאן וזאב אלקין. אני קוראת לכם, אל תתמכו בהצעה הזו. אל תעשו – –

– – פעולה מיותרת. תודה, אדוני.",1,
267615,2012-02-27,"הצעות הסיעות קדימה, מרצ, העבודה וחד""ש–רע""ם-תע""ל–בל""ד להביע אי-אמון בממשלה בשל:: 1. כוונתה לעקוף את החלטת בג""ץ בעניין חוק טל ולהכשיר את המשך ההשתמטות;: 2. כניעתה לכפייה הדתית בתחבורה, לסטטוס-קוו צבוע ומזויף ולהפקרת הציבור בידי מונופול חרדי בנישואין, בגיור ובשירותי הדת;: 3. פגיעתה בדמוקרטיה וקידום מלחמה אזורית במקום צדק חברתי, פתרונות דיור וזכויות עובדי קבלן","גברתי היושבת-ראש, חברי חברי הכנסת, היום התפוצץ הסכם הפשרה בין השר בני בגין למתנחלי מגרון. אפשר לכנות את הסוגיה הזאת בשם ""מגרון חלקלק"". ככה זה, חברים וחברות, חברי חברי הכנסת, כשעושים פשרה רקובה עם קבוצה של אנשים שהרשתה לעצמה להתנחל, לבנות מאחז בלתי חוקי שבג""ץ קבע שהוא הוקם על אדמה פרטית, על קרקע פרטית פלסטינית, וצריך להיות מפורק עד סוף חודש מרס. במקום למלא את הנחיית בג""ץ ככתבה וכלשונה הקימה הממשלה צוות בראשותו של השר בגין, שאני חייבת לומר שאני מעריכה אותו מאוד ואני מצטערת שהוא הלך להסדר עם המתנחלים – אני לא מכירה שום מדינה מתוקנת שהיו הולכים להסדר עם שודדי בנקים, למשל. מה בדיוק ההבדל? מדובר בשודדי קרקעות, בגזלנים שלקחו אדמה לא להם, הרשו לעצמם להקים מאחז בלתי חוקי, ועכשיו הם עוד מעזים לפוצץ את הסכם הפשרה, כי לא הבטיחו להם, לרבני הציונות הדתית, שאותו מאחז – אותם מעתיקים למקום אחר, אבל שאותו מאחז, אותם מבנים ארעיים שהם הקימו, לא ייהרסו. אני ממש לא מבינה את זה, חברי חברי הכנסת. איפה נשמע כדבר הזה? איפה היו עושים הסדר דומה עם קבוצה פולשת אחרת?

עכשיו, למה נעשה ההסדר הזה? שאלתי את השר בני בגין למה הולכים להסדר פשרה עם המתנחלים – הרי בג""ץ קבע בצורה ברורה מה צריך לעשות. אז אני מבינה שהמהלך נועד למנוע עימות עם המתנחלים. צה""ל, הצבא העצום, הגדול הזה, שמדברים בו כבעל פוטנציאל לתקוף באירן, צה""ל לא מסוגל ללכת למהלך של עימות, אם צריך, עם המתנחלים? איזה מין דבר זה? אני חושבת שהיום הממשלה אוכלת, או משלמת את המחיר של פרי הבאושים. פרי הבאושים של רפיסות ההתנהלות שלה מול המתנחלים. הממשלה הזאת נתנה למתנחלים אצבע, ועכשיו הם רוצים את כל היד. ככה זה. עכשיו הם מרשים לעצמם לבזות את שלטון החוק, להפר את שלטון החוק. אני קוראת לשר בגין – שכמו שאני אמרתי קודם ואני אומרת גם עכשיו, הוא אחד האנשים הבודדים בממשלה הזאת שיש לי אליו הערכה, ליושר שלו ולאינטגריטי שלו – השר בני בגין הציב ארכה למתנחלים – ארכה למתנחלים, וָלא, הוא אמר, ייהרסו בתי מגרון. אני אומרת: אל תלך לפשרות האלה. תכבדו את החלטת בג""ץ. אל תיתנו לגיטימציה לגוזלי קרקעות, לגזלנים, לשודדים. אל תעשו הסכמים ופשרות רקובות. תפנו אותם לאלתר, ותשדרו שדר שיש דין ויש דיין בישראל. תודה רבה.",1,
268761,2012-04-18,"הצעות לסדר-היום: יוזמת השר נאמן לחוקק חקיקה עוקפת בג""ץ","לא, אדוני, אני לא רוצה את חוק-יסוד: החקיקה.

נכון. אדוני, אני גם מתנגדת למהות.

בוודאי, בוודאי. אדוני היושב-ראש, אני מתנגדת.

לא. אני מתנגדת לזה שלא תהיה ביקורת שיפוטית. זה מה שמבקשת – – –

לצערי. אדוני היושב-ראש, חברי חברי הכנסת, אני אומרת שלצערי אתה חברי לוויכוח ולא לדעה. אדוני היושב-ראש, בחודשים האחרונים היינו עדים לשטף של יוזמות חקיקה אנטי-דמוקרטיות, ואני חייבת לומר, אדוני, שאתה – אני אומרת את זה בהערכה רבה, אומנם לא התכוונתי כך לפתוח את דברי, אבל אני אומרת את זה בהערכה רבה – אתה היית אחד מחברי הכנסת הבודדים שהתייצבו נגד גל החקיקה האנטי-דמוקרטי.

נכון, והכנסת יכלה לה. ומי כמוך צריך לדעת שאם יעבור החוק שמציע השר נאמן, החוק שאנחנו קוראים לו בגדול, בלשון אולי לא כל כך פרלמנטרית, חוק עוקף בג""ץ, מי כמוך יודע שאם החוק הזה יעבור, כל החוקים האנטי-דמוקרטיים: חוק המאחזים, החוק להלבנת מאחזים – איך קרא לזה השר בגין? הצעת החוק להפקעת מקרקעין של אדמות פרטיות. כל החוקים האלה – חוק ועדות קבלה, החוק שרוצה לאפשר הצבעה ליורדים וליהודים בחו""ל – כל החוקים האלה, כל מעשי התועבה שרצו לעבור בכנסת הזאת ושאתה מנעת בגופך כמעט, הייתי אומרת – ואני יודעת כמה זה לא היה פשוט – כל החוקים האלה יעברו.

נכון, אדוני. אני מודה שאני מתפלאת, אבל הוויכוח הוא לא אתך. אני אומרת את זה בצער ומתוך הערכה לזה שאתה מנעת את החוקים האלה, אבל אם תעבור הצעת החוק שמציע השר נאמן, פתאום, בפגרה, במחשכים, בלי להתייעץ עם נשיא בית-המשפט העליון בכלל; הטענה שלי כמובן היא לא רק על הפרוצדורה, אדוני. הטענה שלי היא בעיקר על המהות. בא השר נאמן – אני אומרת את זה בצער – וחשף את עמדתו: קשירת קשר נגד הדמוקרטיה במדינת ישראל. מי צריך דמוקרטיה, אדוני? דמוקרטיה זה נורא מעצבן. צריך להגן על זכויות אדם, על זכויות מיעוטים, על חירויות יסוד. אבל מה רוצים חברי הכנסת? מה רוצה השר נאמן? שהמלה האחרונה תעבור לכנסת, שלא תהיה ביקורת שיפוטית. שהרוב הדורסני, עריצות הרוב בכנסת תוכל לקבוע ולהכריע ולפגוע בזכויות האדם, כמו שהיה כאן ניסיון בכל יוזמות החקיקה האחרונות שהיו כאן. ההצעה הזאת היא מאוד מאוד בעייתית. אנחנו שמענו את העמדות של השר נאמן לא אחת. הוא חשף את עמדותיו ברבים, ובכלל, לשיטתו של השר נאמן, אם היתה כאן מדינת הלכה, אז יכול להיות שזה היה אחרת, או יותר טוב, לשיטתו. אתה יודע, אני חשבתי על זה, אדוני. מתנהל עכשיו, למי שעוקב, בארצות-הברית ויכוח מאוד מאוד נוקב לגבי רפורמת הבריאות של הנשיא אובמה. הנושא הזה תלוי ועומד בבית-המשפט העליון בארצות-הברית. יכול להיות – אין לי מושג, אבל יכול להיות שתבוא מערכת המשפט בארצות-הברית ותפסול את רפורמת הבריאות של הנשיא אובמה, הרפורמה שהיתה נושא הדגל שלו; זו היתה גולת הכותרת של הפעילות שלו. היעלה על הדעת בארצות-הברית שאחד משני בתי-הקונגרס ינסה לחוקק את החוק הזה מחדש אחרי שבית-המשפט העליון פסל אותו?

נכון. בדיוק, אדוני, והיא הנותנת. מכיוון שאין לנו חוקה, מכיוון שאין לנו מגילת זכויות אדם שמגינה על חירויות היסוד, אסור להצעת החוק הזאת לעבור, כי רוב של 65 חברי כנסת מזדמנים, מזדמנים – בדרך כלל הם לא מזדמנים, הם מזדמנים ביחד – רוב של 65 חברי כנסת יכול להכתיב לנו איך תיראה המדינה הזאת. רוב יכול לקבוע כאן מה זה אומר הפרדת רשויות, רוב של 65 חברי כנסת.

בכל העניינים, חברי חבר הכנסת מולה.

אדוני, אני ממש חולקת עליך. היתה כאן החלטה בהקשר הזה.

לא, שנייה. היתה בהקשר של ההינתקות – – –

גם בעניין אוסלו וגם בעניין ההינתקות היתה החלטה של ממשלה ריבונית, כנסת נבחרת. הדבר לא בא בחקיקה לכנסת באופן הזה, ואני מבקשת לא לייצר הטעיה ולא לייצר מצג שווא של מציאות שאתם מנסים עכשיו לייצר, וזה לא מה שהיה. כי כשהממשלה החליטה בהחלטה מושכלת – אפשר להתווכח עליה. אני מבינה את אדוני. הוא חלק עליה או שהוא תמך בה, אני לא יודעת.

אדוני, אני מודה לאדוני שאתה עוזר לי, ואני מודה לך שאתה מאפשר לי – – –

תודה – אין שום בעיה – שאתה מאפשר לי לסבר את האוזן מה בדיוק ההבדל בין החלטות של ממשלה וכנסת ריבונית כולה לבין זה שבג""ץ פוסל חוקים ותבוא הכנסת ועם 65 חברי כנסת תחוקק. גם עכשיו בואו נראה על מה הצעקה. מה היה כאן בעשר השנים האחרונות שבג""ץ פסל חוקים? בואו נספור כמה חוקים בג""ץ פסל בעשור האחרון: שלושה חוקים. אני רוצה למנות אותם בפניכם. החוק האחרון היה החוק שהנשיאה בייניש, כשהיא פרשה מתפקידה, פסלה, שלפיו אם חד-הורית שמחזיקה ברשותה רכב, רחמנא ליצלן – היא מקבלת הבטחת הכנסה; איך זה ייתכן שהיא גם תקבל הבטחת הכנסה וגם תחזיק רכב? כנסת שחוקקה חוק כזה מעוות.

אדוני, טוב עשתה הנשיאה בייניש שפסלה את החוק הזה, וטוב עשה בית-המשפט שפסל את חוק טל, וטוב עשה בית-המשפט העליון שפסל את חוק הפרטת בתי-הסוהר, שרצה להעביר את ההכרעה על חירויות יסוד של בני-אדם לידיהם של גורמים פרטיים שעוסקים בשאלות של רווח והפסד, ולא בזכויות אדם, שזו היתה צריכה להיות אחריות של המדינה. אלה הם שלושת החוקים שבית-המשפט העליון פסל, ועכשיו בא השר נאמן לכנסת ואומר לבית-המשפט: חברים יקרים, אתם יכולים לעשות ככל העולה על רוחכם, אני אראה לכם מה זה. יש לי כאן קואליציה בכנסת, מה אתם חושבים? מי שם אתכם בכלל? מי אתם, השופטים בבית-המשפט העליון? יש כאן תפיסה ומגמה מסוכנת שמבקשת לרסק עד דק את בית-המשפט העליון, לקעקע את מעמדו כמוסד. הרי למה הוקם מוסד כמו בג""ץ? הרי הרוב בכנסת הבין שהוא צריך מין חגורת בטיחות, מין חגורת הגנה, שכשיש אספסוף מתלהם ופתאום משתגע, וכשיש 65 חברי כנסת שרוצים לחוקק חוקים לא הגיוניים, צריך לשים את חומת הבטיחות הזאת, את חגורת הבטיחות הזאת. עכשיו בא השר נאמן ואומר לנו – השר נאמן, אדוני, אף אחד גם לא בחר בך. ראש הממשלה בחר בך שתהיה שר המשפטים, אבל אתה בתוקף מעמדך ותפקידך אומר לבית-המשפט: זה ממש לא מעניין מה שתחליטו, אנחנו נחליט כאן. הרוב בכנסת יקבע. מה זה זכויות אדם? את מי זה מעניין זכויות אדם? את מי זה מעניין דמוקרטיה בכלל? אנחנו נקיים כאן מהפכה אנטי-חוקתית, אנחנו נקבע מהי הפרדת רשויות. ואחר כך, אדוני היושב-ראש, אנחנו שומעים שראש הממשלה נתניהו עושה פלאיירים ומנסה להסביר בעולם איך מדינת ישראל מגינה על זכויות האדם, איך מדינת ישראל הכול בה נפלא ותקין. ומה קורה כאן? מה שקורה כאן שיש כאן קואליציה, שאם היא היתה עסוקה יותר בלקרוא ספרי לימוד וספרי אזרחות ופחות בפסילה של ספרי האזרחות, אז היא היתה לומדת מהי המשמעות של תפיסה דמוקרטית. מה זה אומר, למה חשוב שתהיה ביקורת שיפוטית ושיהיה בג""ץ; למה זה חשוב שכששופטים בבג""ץ רואים שיש כנסת לא אחראית, שיוכלו לפסול חוקים שעומדים בניגוד לחוקי-היסוד שנקבעו.

רוב לא אחראי. במקום זה, חברי חברי הכנסת, במקום שהדמוקרטיה תתגאה בהגנה, בחגורת המגן הזאת שאמרתי קודם שמספק לה בית-המשפט הגבוה לצדק, באה הממשלה הזאת, הקואליציה הזאת, ומבקשת לסלק את חגורת הבטיחות הזאת. אני יודעת, פתאום ככה כולם נורא הזדעקו, אבל ההצעה הזאת לא נפלה בהפתעה. זה היה אומנם רעם ביום סגריר, זה היה ערב פסח, פתאום ככה בפגרה מביאים הצעה כזאת, אבל היא לא נפלה יש מאין. ההצעה הזאת היא בעצם השלב הבכיר, הגבוה, של שלל הצעות החקיקה האנטי-דמוקרטיות שהקואליציה הזאת יזמה. אבל ההצעה הזאת גם מבקשת להכשיר את גולת הכותרת, חברי חברי הכנסת – זה עוד לא הגיע, אבל אם זה יגיע והצעת החוק של השר נאמן לא תעבור – ההצעה שנתניהו מבקש לקדם: לאפשר בחירה לישראל מקלפיות בחו""ל, הצעה שלא תעמוד, להערכתי, בשום מבחן. אם ההצעה הזאת לא תעבור, תבוא הכנסת ותגיד: אנשים שבחרו שלא לגור בישראל, אפשר לסדר לכם התאזרחות מהירה והשתתפות בבחירות, ואז אנחנו נראה חצרות של חרדים מברוקלין, שממילא אפילו לא מכירים במדינת ישראל, או לא מכירות במדינת ישראל, הם אלו שיקבעו עבורנו את חיינו כאן. או הם, או יורדים שבחרו לעזוב את המדינה, הם אלה שיחליטו עבורנו איך אנחנו נחיה כאן. אנשים שלא משלמים מסים, שלא משרתים בצבא, שלא הולכים למלחמות, הם אלה שיקבעו לנו אם יהיה תהליך שלום, אם יפנו את ההתנחלויות, אם יתקיפו באירן או לא יתקיפו באירן. אני רוצה לומר לך, אדוני היושב-ראש, ובזה לסיים: אני מוטרדת מאוד מהניסיון לשנות את כללי המשחק. אדוני היושב-ראש, אני מוטרדת מאוד מזה שיש כאן קואליציה, ושר משפטים בראשה, שנותן לגיטימציה – – –

זה בסדר, חבר הכנסת הרצוג, אני אוהבת את הדיאלוג עם יושב-ראש הכנסת, זה מקובל עלי, זה בסדר מבחינתי.

לא, לא נישאר לבד. זה מקובל עלי. אני רוצה לומר: אני תומכת בכינונה של חוקה, בתנאי שזו חוקה ראויה. הניסיונות שהיו כאן לחוקק חוקה – אפשר לקרוא לזה חוקה או חוכא ואטלולא, או חוקה ואטלולא.

אדוני היושב-ראש, חוקה ראויה בעיני צריכה לכלול – – –

חוקה ראויה בעיני צריכה לכלול מגילת זכויות אדם רחבה, ולאפשר לבית-המשפט למנוע מהרוב לפגוע בזכויות האדם.

אבל שר המשפטים לא רוצה לחזק את הכוח הזה של בית-המשפט, לעגן את סמכותו של בית-המשפט לפסול חוקים המנוגדים לחוקה. להיפך, מה ששר המשפטים מבקש לעשות – הוא מבקש לקחת מבית-המשפט את מעט הכוח שנותר לו. יש כאן תפיסת עולם; יש כאן תפיסת עולם שמבקשת לקעקע את מעמדו של בית-המשפט העליון כמוסד. יש כאן תפיסת עולם שאומרת: אנחנו נקבע מהן זכויות האדם, אנחנו נקבע מהן חירויות היסוד. בית-המשפט העליון, בכל הכבוד – אני מכירה את האמירה הזאת – מי שמכם? אנחנו, בחסות הרוב הקואליציוני שלנו, נקבע.

אדוני, נראה אתכם. אני יודעת שהנשיא ברק בזמנו, נשיא בית-המשפט העליון – ובכל מקום בעולם שהיו תוקפים את מדינת ישראל על הפרת זכויות האדם, היה נוסע נשיא בית-המשפט העליון לשעבר – –

– – ומתגאה ומתנאה בחוקי-היסוד של מדינת ישראל.

ובצדק. אז מה אתם מבקשים לעשות עכשיו? אז מה בדיוק אתם מבקשים לעשות עכשיו? טוב שיש לנו שני חוקי-היסוד האלה.

אדוני, תאפשר לי. אני אשמח לנהל את הוויכוח הזה אתך, כי אתה יודע שאני מאוד מעריכה את דעתך ומצרה על כך שאתה לא בדעתי בהקשר הזה. אדוני היושב-ראש, הכנסת הזאת – כיוון שאני יודעת שיש גם גורמים בקואליציה שמתנגדים לחוק הזה, מסיבות שלהם – אנחנו בכוחנו. אתה צודק, אדוני, אנחנו רק שלושה מנדטים, אבל לעמדה הזאת יש ציבור. לעמדה הזאת, שזכויות האדם זקוקות להגנה מפני עריצות הרוב, יש ציבור, ואנחנו לא ניתן, בכל הכבוד וההערכה לשר נאמן, להכתיב לנו שהכנסת תהיה זו שתאמר את המלה האחרונה בהקשר של חוקים שבית-המשפט חושב שהם חוקים אנטי-חוקתיים שפוגעים בזכויות האדם. תודה רבה.

פרסמתם את זה בחשכת הלילה, איך הציבור ידע את העובדות?

לפני ליל הסדר, בהיחבא, כמו גנבים בלילה.",1,
269017,2012-05-07,"הצעת חוק התפזרות הכנסת השמונה-עשרה, התשס""ט–2009","אדוני היושב-ראש, חברי חברי הכנסת, אני עומדת כאן בשם חברי לסיעת מרצ, ואני מציגה את ההצעה שלנו לפיזור הכנסת. אנחנו נתמוך בבחירות כפי שהציעה הממשלה. זו הפעם האחת, האחרונה והיחידה, שאנחנו נתמוך בהצעת הממשלה, לקיים בחירות ב-4 בספטמבר. אדוני היושב-ראש, יושב-ראש הכנסת, דברי מופנים לראש הממשלה; לצערי, הוא לא נוכח באולם. אני מודה שרציתי לשאול אותו אם הוא בסדר. אני הקשבתי אתמול לנאום שלו בוועידת הליכוד ואני הבנתי ממנו שהכול ממש בסדר. אבל אז, חברי חברי הכנסת, הסתיים הנאום והגיעו תמונות נוספות מהוועידה, ושום דבר לא היה בסדר יותר; ואני חשבתי כמה זה עצוב שאדם שבפירוש אומר שהוא שעצר את הטרור – הוא גם מאמין בזה שהוא עשה את זה – ראש ממשלת ישראל, בנימין נתניהו, לא מסוגל לעצור כמה מאות מתנחלים שהשתלטו לו על התנועה. ואז הבנתי, חברי חברי הכנסת, שהבעיה היא לא נקודתית, כי אם ראש הממשלה לא מסוגל להעמיד במקום את קבוצת המתנחלים שהשתלטה על המדינה, יש כאן בעיה. זה לא רק שהוא לא מעמיד אותם במקום, חברי חברי הכנסת, להיפך – הוא מעודד אותם, הוא הופך את מדינת ישראל למדינת כל מתנחליה, הוא הופך את שלטון החוק לבדיחה. הדבר המקומם הוא שבשביל 400,000 איש שצעדו בקיץ ברחובות ראש הממשלה לא נקף אצבע. הוא אומנם הקים כמה ועדות – כל ההמלצות שלהן על הקרח, חברי חברי הכנסת – אבל בשביל חמישה מבנים בשכונת-האולפנה הוא היה מוכן לפנות לבג""ץ, לבזות את שלטון החוק ולדרוש את ביטול פסק-הדין – פסק-דין חלוט, שבג""ץ קבע שצריך לפנות, להרוס את שכונת-האולפנה. והיום בג""ץ גלגל את הממשלה הזאת מכל המדרגות, נתן לממשלה הזאת סטירת לחי, העמיד את היועץ המשפטי לממשלה בקלונו – יועץ משפטי לממשלה שמכופף את פרקליטות המדינה כדי להגן בבג""ץ על החלטה פוליטית. לא אינטרסים לאומיים עמדו בפני הממשלה הזאת כשהיא פנתה לבג""ץ; אינטרסים מפלגתיים של ראש ממשלה שנכנע לקבוצת מתנחלים, וראינו את זה אתמול, איך הם השתלטו לו על הוועידה, חברי חברי הכנסת. אנחנו מדברים על ראש ממשלה שהפך את מדינת ישראל למדינה שבה כל נער גבעות שתוקף חייל הוא מלח הארץ – תראו את האייזנרים למיניהם – שבה לכל גבעה עם קרוון, גנרטור ושתי עזים יש שם ומשמעות וגיבוי; ראש ממשלה שהפך את המדינה שבה אנחנו חיים לכזאת, שאם יש אזרח שומר חוק שהולך לעבודה ומשלם מסים, הוא מקופח. האזרח הזה שעובד, הולך, יוצא בבוקר, חוזר בערב, זה אזרח מקופח. לאיזו מדינה, חברי חברי הכנסת, הפכנו? למדינה שבה מחיר העגבנייה יקר וחיי אדם הופכים זולים מיום ליום. שימו לב למחיר העגבנייה ושימו לב למחיר חיי אדם. אדוני היושב-ראש, כשאנחנו ביקשנו לפזר את הכנסת וקראנו לפזר את הכנסת לא תיארנו לעצמנו שנסתכל על מדינת ישראל כמו על ועידת הליכוד. כך הפך אותה ראש הממשלה – אלימה, גסה, ימנית, רומסת, חומסת, צווחת. איזו מדינה זו? מדינה שבה מי שמספיק חצוף ואלים יכול לעשות כל מה שהוא רוצה: לסגור מדרכה בפני נשים, להלאים גבעה, להסתובב ברחוב עם סכין. ולכן, אדוני היושב-ראש, אנחנו רוצים להחליף את הממשלה הרעה הזאת. אנחנו רוצים מדינה אחרת: דמוקרטית, חופשית, מוסרית, מדינה שחותרת לשלום, מדינה שוחרת צדק ושוויון. אנחנו לא רוצים אותך, אדוני ראש הממשלה, לא אותך ולא את הממשלה שלך, כי לממשלה שלך אין קווים אדומים. במהלך כהונתך בשלוש השנים האלה שהכנסת הזאת מכהנת פגעת בנכס המהותי ביותר, החשוב ביותר שיש למדינת ישראל – פגעת בדמוקרטיה שלה. שימו לב איך הממשלה הזאת התייחסה ליריבים פוליטיים, כאילו מדובר באיזה אויב שצריך להגביל אותו או לכלוא אותו. את שלטון החוק ואת בית-המשפט העליון ביזיתם בצפצוף על פסיקותיו ובאכיפה סלקטיבית. ולכן, חברי חברי הכנסת, כשאנחנו רואים מי שר המשפטים, ומי שר החוץ, ומי שר החינוך, ומי שר הבריאות, ומי שר האוצר, ומי שרת התרבות, אנחנו רוצים להחליף את הממשלה הזאת, כי מרצ היא בדיוק ההיפך מהממשלה הזאת, תמונת ראי. כמעט בכל נושא אנחנו מנסים לקדם מדיניות הפוכה למדיניות של הממשלה הזאת. אדוני היושב-ראש, חברי חברי הכנסת, אחרי הבחירות האלה מרצ תחזור לכאן בהרכב נרחב יותר, חזק יותר, משמעותי יותר. אנחנו עכשיו, בכנסת הזאת, אומנם הנציגות שלנו קטנה, אנחנו שלושה חברי כנסת, אבל גם עכשיו יש לנו הישגים גדולים. ואנחנו נחזור לכך, אדוני היושב-ראש, כי אנחנו לא יכולים להסתפק בזה שראש הממשלה מציג את גולת הכותרת של ההישגים שלו במחיר הסלולר והקישוריות. לכן אנחנו נמשיך, אדוני היושב-ראש, ואני מאמינה שבסוף אנחנו גם ננצח. תודה רבה.

ואנחנו, אדוני היושב-ראש, מסכימים ללכת לבחירות.",1,
269479,2012-05-21,"הצעות סיעות רע""ם-תע""ל–חד""ש–בל""ד והעבודה–מרצ להביע אי-אמון בממשלה בשל:: 1. כישלונה בהתמודדות עם סיבות העומק לאלימות והיעדר מדיניות מערכתית משולבת להגברת הביטחון האישי במגזר הערבי;: 2. הממשלה המנופחת בתולדות המדינה רומסת את הדמוקרטיה ומתעמרת באזרחי ישראל","המצב לא דומה. המצב לא דומה.

ולא עושים תוכניות מיתאר. לא עושים.

חבר הכנסת הורוביץ, כשיעשו תוכניות מיתאר באום-אל-פחם ובכפרים הערביים, ויאפשרו להם לבנות, ויבנו בצורה לא חוקית, אז אני מציעה להרוס, אבל כשלא נותנים תוכניות מיתאר, ושם כל אחד עושה – – –

אדוני היושב-ראש, תודה רבה, חברי חברי הכנסת, ראשית, אני רוצה לנצל את ההזדמנות לברך את חבר הכנסת הנכנס, ד""ר אכרם חסון. ברכות. אתה תראה פה כנסת, וואו וואו. אין רגע משעמם, תאמין לי. אתה נכנס לתקופה מעניינת. אחרי ההשבעה שלך כאן עכשיו יתקיים דיון על יום ירושלים. אתמול צוין יום ירושלים, ותיכף תוכל לשמוע את ראש הממשלה ואת יושב-ראש הכנסת ואת יושבת-ראש האופוזיציה, כולם ידברו על העיר שאוחדה לה יחדיו. כל השימוש הזה ברטוריקה הזאת במילון המושגים – – –

מאוחדת על הנייר – חבר הכנסת גאלב מג'אדלה, כמה אתה צודק. ירושלים יקרה לכולנו, אנחנו אוהבים את ירושלים, אבל כל הדיבורים האלה על המאוחדת – מאוחדת על הנייר, כמו שאמר חבר הכנסת מג'אדלה. זו ממש עיר לא מאוחדת, זו עיר מפוררת, מפורקת, שיש בה כיבוש וגזענות והדרת נשים ועוני ואפליה. זו עיר שחברי הכנסת של הימין מתחרים ביניהם מי יצהיר יותר נאמנות לירושלים – אתמול עלו שבעה חברי כנסת להר-הבית במטרה להתפלל על הר-הבית. אדוני, אין ויכוח על הזכות שלנו להתפלל על הר-הבית, אבל יש ויכוח על התבונה במימוש הזכות, ומי שעולה על הר-הבית, ויש כאן קבוצה של חברי כנסת – אורי אריאל וקבוצה אחרת – שמבקשים להביא לפיצוץ בעיר הזאת. אנחנו נשמע כאן עכשיו איך העיר הזאת חוברה לה יחדיו ואיך היא שלנו לנצח נצחים. והרי כולם יודעים, חברי חברי הכנסת, שכשההורים שלנו או הסבים שלנו או הדודים שלנו שרו ""נפש יהודי הומייה"", הם ממש לא התכוונו לא לוולג'ה ולא לשועפאט ולא לכל המקומות האלה שאנחנו שומעים חדשות לבקרים איך ממשלת ישראל, בזה שהיא רוצה לטרפד כל סיכוי להסדר עתידי בירושלים, מאפשרת עוד ועוד היתרי בנייה, עוד ועוד היתרי בנייה, כדי לקבוע או להכתיב בירושלים את גבולות הקבע תוך יצירת עובדות בשטח. אנחנו רואים איך בונים מובלעות יהודיות בלב שכונות פלסטיניות – בשיח'-ג'ראח, בסילואן, בראס-אל-עמוד, באבו-דיס וברובע המוסלמי של העיר העתיקה. הרי כאן זה לא איזה פעילות ספוראדית רק של כל מיני מתנחלים קיצונים – אורי אריאל והחברים שלו. מדובר כאן בפעילות ממשלתית, מתוכננת, שהמטרה שלה היא לכתר את השכונות הערביות ולנתק אותן מהגדה המערבית, כי מדינת ישראל רוצה ליצור שליטה ישראלית מלאה על ירושלים המזרחית. חברי חברי הכנסת, גם ראש הממשלה וגם יושב-ראש הכנסת, שינאמו כאן תיכף, יודעים שאין ולא יהיה הסדר קבע עם הפלסטינים בלי חלוקת ריבונות בירושלים. כל ההתחייבויות האלה שאומרים: אנחנו נמשיך לחזק את ירושלים, אנחנו נשאיר אותה שלמה ומאוחדת, אנחנו נמשיך לבנות בכל חלקי העיר – כל הדיבורים האלה הרי הם דיבורים באוויר, אין להם שום היתכנות. הרי לא יהיה פתרון, לא יהיה הסדר קבע – אני מייד מסיימת, אדוני – בלי פשרה בירושלים. ואנחנו יודעים שכבר יש כל מיני פתרונות – יש מתווה קלינטון ויש מתווה ז'נבה. אני מציעה לקבל את מתווה קלינטון שקבע: מה שליהודים – ליהודים, ומה שלערבים – לערבים, ובשאלת העיר העתיקה, שזו הסוגיה הכי רגישה והכי בעייתית, יצטרך להתקבל איזה פתרון משותף ישראלי-פלסטיני וגורמים בין-לאומיים.

הבעיה שלנו, אדוני היושב-ראש, שיש כאן קבוצה של חברי כנסת שחוששת מהסיכוי שיהיה כאן אי-פעם הסדר. ואני אומרת לכם, חברי חברי הכנסת: לא יהיה הסדר ללא פשרה בירושלים. תודה רבה.",1,
270022,2012-06-06,"הצעות לסדר-היום: דוח ""מרכז אדוה"" בנושא נטל הסכסוך הישראלי–פלסטיני","אנחנו בעד. בבקשה, אדוני השר – – –

אני מסכימה אתך. לנו אין הרבה הזדמנויות כאלה. אני בעד שהממשלה תפרסם את זה וכמה היא משקיעה בתחזוק הכבישים להתנחלויות – – –

אדוני, אתה היושב-ראש של הוועדה – – –",8,
270082,2012-06-11,"הצעות סיעות העבודה–מרצ ורע""ם-תע""ל–חד""ש–בל""ד להביע אי-אמון בממשלה בשל:: 1. אוזלת ידה בתחום המדיני, החברתי והכלכלי;: 2. כישלונה בהתמודדות עם מצוקת הדיור והאבטלה בקרב מורים במגזר הערבי","תודה. אדוני היושב-ראש, חברי חברי הכנסת, הצעת האי-אמון שאני מנמקת היום כאן על הדוכן היא בשם סיעות העבודה ומרצ, ואנחנו מרגישים שאנחנו אזרחים סוג ב', חברי חברי הכנסת. אנחנו במדינת ישראל מפרנסים את אדוני הארץ בשטחים. בשטחים משתוללים, ולנו מגישים את החשבון. לנו יש מצוקות דיור, ושם בונים כאילו אין מחר. כאילו אין מחר, חברי חברי הכנסת. קודם המדינה מפקיעה קרקעות ובונה עליהן בסיס צבאי בבית-אל, ואחר כך גונבים את האדמות האלה ובונים עליהן בתים, מבנים, מזייפים מסמכים – הכול הולך, כאילו אין מחר. וגם כשבג""ץ פוסק שיש לפנות את הבתים הממשלה עושה אקרובטיקה, מין לוליינות פוליטית שמאפשרת – או רוצה לאפשר – גם מצד אחד להיראות כמי שמצטיירת ומגינה על שלטון החוק, אבל בעצם עושה ""תג מחיר"" לאותה פעולת ניסור שתהיה או לא תהיה בדמות החלטה לבנות 851 יחידות דיור חדשות. הדבר החמור יותר, חברי חברי הכנסת, שאני שומעת בימים האחרונים, החל מראש הממשלה ודרך שרים אחרים, שאני שומעת שבכלל מאיימים על מי שחושב להשתמש במערכת המשפט כדי להזיק למפעל ההתנחלות, או איך שהם קוראים לזה, להתיישבות. אז אם בכלל מישהו חושב שהוא יעתור לבג""ץ, הוא יקבל עוד ""תג מחיר"", עוד x דירות. הדבר החמור הוא, חברי חברי הכנסת, שמצד אחד משחדים את המתנחלים ומצד שני נותנים להם גם בונוס, ומצד שלישי מאיימים עלינו כדי להרתיע עותרים פוטנציאליים נוספים מלפנות לבית-המשפט העליון – או לפנות לערכאות, לא רק לבית-המשפט העליון. ואומרים לנו שלא רק שיבנו עוד בתים, גם ינסרו את הבתים עצמם בעלות – יש על זה ויכוח, על העלות המוערכת, אם זה רק 70 מיליון או זה 100 מיליון. והרי אתם יודעים, כשזה נוגע למתנחלים אין חסכונות. פתאום אין חסכונות, אדוני השר המקשר, פתאום אין שמירה על כספי הציבור. רק לפני שנה, חברי חברי הכנסת, יצאו אנשים לרחובות, דרשו צדק חברתי. יותר מחצי מיליון בני-אדם מחו על השיטה הכלכלית, דרשו צדק חברתי. הממשלה הקימה את ועדת-טרכטנברג והקימה עוד ועדה, וחברי חברי הכנסת, המערכת הפוליטית ממש ממש לא הזדעזעה מאותם חצי מיליון אנשים שיצאו לרחובות. אבל כשצריך לפנות כמה עשרות מתנחלים מבתיהם – שימו לב מה היה כאן בשבוע שעבר בכנסת, איך פשטו על הכנסת, איך השתלטו על הכנסת כל המתנחלים ושולחיהם והמשפחות שלהם, והושיבו אותם כאן במליאה מאחורי הזכוכית כדי להלך אימים על חברי הכנסת, או כדי להזכיר להם שבבוא היום יהיה מחיר להצבעה שלהם או לאי-הצבעה שלהם. עכשיו, לא רק שמהלכים אימים ולא רק שהממשלה מוכנה לשלם סכומים מופרכים, היא גם נותנת להם פרס על גנבת הקרקעות. והכול, חברי חברי הכנסת – אדוני השר, אל תיתן לשר הדתות מרגי להסיח את דעתך, כי אני רוצה שתתייחס לזה – – –

הבנתי, בהחלט. אדוני השר, הכול נועד לרצות למנוע עימות עם המתנחלים; מאותתים למתנחלים – יש קבוצה אחת שאומרים לה: אתכם מפצים; מפצים עבריינים אידיאולוגיים. ומה מאותתים להם בכך? מאותתים להם שהם יכולים להמשיך ולפשוע, עושים הסדרה מיוחדת לבעלי הקרקעות, והופכים את המתנחלים, חברי חברי הכנסת, לשווים יותר משאר אזרחי ישראל. אני חוזרת, חברי חברי הכנסת: המתנחלים משתוללים, ואנחנו משלמים את המחיר, לנו מגישים את החשבון. כשהממשלה טוענת שאין לה כסף לרווחה, לחינוך, לבריאות, למצוקות דיור אמיתיות – יש מצוקות דיור אמיתיות; יש אנשים שאין להם קורת גג, שמוצאים את עצמם באוהלים עד היום. אז להם הממשלה לא בונה דיור ציבורי. אבל הממשלה שופכת 100 מיליון שקלים על פינוי שכונת-האולפנה, ועוד מעט ישפכו 53 מיליון שקלים על העתקת מגרון מהמקום שלו למקום החדש ליד היקב. הרי זה מצב אבסורדי, חברי חברי הכנסת, שכשמדברים על מדינת הרווחה, על צדק חברתי – איפה יש כסף לחינוך ולרווחה? כל הדברים האלמנטריים האלה, שהם זכויות יסוד, פתאום זה הופך להיות מצרך שאתה מכמת אותו בשווי כספי. אבל להקלות מס לבנייה בהתנחלויות יש לממשלה כסף; לכבישים ליהודים בלבד שיובילו לווילות עם הגגות האדומים יש לממשלה הזאת כסף; למועצות האזוריות בשטחים שמממנות את כל החמ""לים האלה של ""תג מחיר"" של הטרור היהודי, אלה שמרססים ב""יד ושם"", ואלה שמרססים בנווה-שלום – –

באמת, שלום. אלה שמרססים על ביתה של חגית עופרן או על המכונית של יריב אופנהיימר מ""שלום עכשיו"" – – –

חברי חברי הכנסת, התופעה של ""תג מחיר"", של ריסוס כתובות נאצה ושל שרפת מכוניות ושל שרפת מסגדים וכריתת עצי זית ושרפת שדות – למדיניות הזאת יש גיבוי פרלמנטרי של חברי כנסת, של שרים בממשלה. יש גיבוי פרלמנטרי. ברגע שהממשלה הזאת מניפה פעם אחר פעם דגל לבן מול המתנחלים ומממנת את החמ""לים של המועצות האזוריות, אז הממשלה הזאת נותנת גיבוי והכנסת הזאת נותנת גיבוי לאותם אלה שעושים את הפעולות האלה. חברי חברי הכנסת, כשדיברנו כאן שאין מדינת רווחה, ואין כסף לבריאות ולדיור, אני אומרת לכם – יש מדינת רווחה, אבל היא מעבר ל""קו הירוק"". שם יש מדינת רווחה סקנדינבית. בכלל, שבדיה זה בכלל לא בצפון אירופה; שבדיה משתרעת בין פסגות לבית-אל. נורבגיה זה בכלל בין קריית-ארבע לתקוע. מה המסר שאנחנו מעבירים לציבור בישראל? יש מדינת רווחה, אבל היא לא אצלכם; יש דיור ציבורי, אבל הוא לא אצלכם. אני אומרת לכם, חברי חברי הכנסת, ממשלה שהולכת להשקיע 100 מיליון שקלים בהעתקת שכונת-האולפנה, ממשלה שמפצה עבריינים ונותנת תמריץ נוסף לבנייה בלתי חוקית – ממשלה כזאת אומרת: יש שווים, אבל המתנחלים שווים עוד יותר. תודה רבה, אדוני.

זה שהצית את המסגד, עשו לו טרנספר מהשטחים, הוציאו לו צו הגליה לצפון הארץ. הוא היה מאלה שעצרו אותם על שרפת המסגד.

זה לא אני אומרת, זה השב""כ אמר שהוא חשוד בהצתת המסגד – אותו אחד שקיבל הגליה, מהאלה של ה""תג מחיר"".",1,The speech strongly criticizes the settlement policy and highlights the negative consequences of such actions on Israeli citizens and society.
271237,2012-07-16,"הצעת חוק הנזיקים האזרחיים (אחריות המדינה) (תיקון מס' 8), התשע""ב–2012","חיפשו שופטים במקומות אחרים – – –

יושב-ראש ועדת החוקה אמר שיש שופטים נוחים ולהם הגישו תביעות. האם זה ייתכן?

אדוני היושב-ראש, דיברו כאן קודם חברי על הצעת החוק המתועבת, כך אפשר וצריך לקרוא לה, הצעה שנועדה לחסום תביעות פיצויים נגד המדינה בעיקר של תושבי שטחים. בכלל השטחים זה אקסטריטוריה. מדובר בהצעה עוקפת-בג""ץ, אחרי שבג""ץ פסל אותה כחוק לא חוקתי. החוק הזה נחקק לפני כמה שנים. בעצם ההצעה הזו אומרת שכוחות הביטחון הם מעל החוק ובתי-המשפט לא יכולים לבקר את כוחות הביטחון, ואם יש מישהו שרוצה להגיש בקשה לפיצוי נזיקין, בכלל הוא צריך להוכיח שהוא נפגע במקרה, וגם אז רוצים לשלול ממנו את האפשרות להגיש תביעת פיצויים. אני רוצה, חברי חברי הכנסת, לספר לכם סיפור, ואני חושבת שהסיפור הזה צריך להיות לקח מאוד מאוד משמעותי לנו, במדינת ישראל, למה שעשוי להיות כאן בעוד כמה שנים. לסיפור אני קוראת ""מיסיסיפי בוערת"". חברי חברי הכנסת, בשנת 2005, לפני כשבע שנים, הורשע בדין אמריקני בן 80, הוא היה בן 80, קוראים לו אדגר ריי קילן. הוא הורשע בהריגה על רצח שהתקיים כ-60 שנה או 50 שנה קודם לכן במיסיסיפי. הוא ועוד כמה חברים היו שותפים לרציחתם של שלושה פעילי זכויות אזרח שחורים במיסיסיפי. ההרשעה שלו ב-2005 גרמה לדיון מאוד מאוד נרחב בארצות-הברית, איך כל כך הרבה שנים אחרי, 60 שנה אחרי הרצח הזוועתי הזה במיסיסיפי, האיש הזה הורשע, ובגיל 80 הלך לכלא. וההרשעה הזו היתה הרשעה משמעותית שאמרה שמיסיסיפי בוערת גם אחרי 60 שנה. והמשמעות של זה, חברי חברי הכנסת, שימו לב היטב, שלזיכרון יש ערך, והזיכרון הוא משמעותי, ואנשים לא שוכחים, וגם אם ימנעו מהם עכשיו בהצעות חוק מתועבות שמכתימות את ספר החוקים הישראלי להגיש תביעות נזיקין, החוק הזה, שבעיני הוא עוול היסטורי, אנשים לא ישכחו, אנשים לא יסלחו. אומנם מדינת ישראל ממהרת לסלוח, חוששת לחקור, מבקשת לקבור את התביעות, אבל כמו שפרשת מיסיסיפי, חברי חברי הכנסת, היתה פצע שסירב להגליד בנפש האמריקנית, מיסיסיפי תמשיך לבעור בישראל. ואנשים שנפגעו, שרכושם הושמד, שנפגעו בגופם ובנפשם, שביתם נהרס; אנשים שנושאים בלבם פצע מדמם, זה לא יישכח, זה לא ייסלח, זה ידמם שנים. וגם אם עכשיו תבוא הכנסת, ויעמוד כאן על הדוכן יושב-ראש ועדת חוקה ויסביר לנו באותות ובמופתים למה ההצעה הזו חשובה, למה הממשלה מבקשת חסינות גורפת מתביעות של פלסטינים – הם בכלל אשמים שהם נפגעו בטעות. הם בכלל אשמים. על זה שהם נשארו בחיים הם צריכים להגיד תודה. אני אומרת לכם, חברי חברי הכנסת, אנשים לא ישכחו. יש להם היום מסלולים שהם לא במדינת ישראל, דיבר על זה קודם חבר הכנסת דב חנין, על כל בתי-הדין הבין-לאומיים, אנחנו בעולם גלובלי. מיסיסיפי תמשיך לבעור בלבם של אלה שהיום ממשלת ישראל, בחקיקה מתועבת, משוקצת, שמכתימה את ספר החוקים הישראלי, היא תמשיך לבעור, והדבר הזה לא יעבור מסדר-היום. תודה רבה.",1,
271395,2012-07-18,"הצעת חוק התפזרות הכנסת השמונה-עשרה, התשע""ב–2012","אדוני היושב-ראש, חברי חברי הכנסת, גם אנחנו קוראים לפיזור הכנסת. הממשלה הרעה הזאת צריכה להתפזר. הממשלה הרעה והמסוכנת הזאת צריכה להתפזר. חברי חברי הכנסת, אני בכלל לא רוצה לדבר על שלוש השנים האחרונות שממשלת נתניהו מכהנת וקואליציית נתניהו מכהנת. מספיק להסתכל על 24 השעות האחרונות. ב-24 שעות הממשלה הזאת בעצם הזחילה החוצה, אין דרך אחרת לומר את זה, את אחד מהשותפים הקואליציוניים שלה, אני מדברת על קדימה, והממשלה הזאת, שלא מוצאת כסף לרווחה, לחינוך, לדיור ציבורי, מצאה כסף למכללה באריאל, למכללה שתהפוך לאוניברסיטה.

לא משיקולים ענייניים, חברי חברי הכנסת – –

– – אריאל זוכה – מכללת אריאל זוכה למעמד של אוניברסיטה.

חברי חברי הכנסת, איך נמצאו להם 50 מיליון שקל – לא לדיור ציבורי, לא לרווחה, לא לחינוך, לא לבריאות, אבל כדי להעמיק את הכיבוש, את הסיפוח הזוחל בשטחים. מכללת אריאל היא דוגמה לסדרי העדיפויות המעוותים של הממשלה הזאת, ממשלה שמשקיעה בשטחים במקום להשקיע בבני-אדם. יש כסף לחמ""לי ""תג מחיר"" בשטחים.

– – אנחנו נוהגים לדבר על מדינת רווחה, אנחנו רוצים להידמות לשבדיה. אני אומרת לכם, יש כאן מדינת רווחה. מדינת הרווחה משתרעת בין פסגות לבית-אל. היא קיימת. שם משקיעים כסף. אבל היכן שצריך להשקיע כסף, היכן שיש בעיות אמיתיות, הכסף הזה לא נותן מענה. משקיעים אותו בצורה מעוותת. זו ממשלה מעוותת, שלא מסוגלת לקבוע כאן סדר-יום חברתי, אזרחי, מדיני; שהולכת להגיש הצעת חוק לגיוס של כולם, הצעת חוק מעוותת, שמבקשת לדבר על שוויון לפני שנותנים שוויון הזדמנויות לבני-אדם. זו ממשלה שלא רואה את האזרחים ממטר, זו ממשלה שדואגת רק להישרדות שלה. אדוני היושב-ראש, לממשלה כזאת אין זכות קיום. ממשלה כזאת צריכה להתפזר, וכמה שיותר מהר. תודה רבה.",1,
271547,2012-07-23,"הצעות סיעות קדימה, העבודה, רע""ם-תע""ל, האיחוד הלאומי, חד""ש, מרצ ובל""ד להביע אי-אמון בממשלה בשל:: 1. משבר הגיוס – נתניהו הפקיר את הנושאים בנטל;: 2. הבזבזנות וחוסר האחריות של ממשלת נתניהו בשנת בחירות והצורך ללכת לבחירות לאלתר;: 3. ממשלת הימין הקיצוני מפקירה את האזרחים הערבים בכל התחומים;: 4. כישלונה של הממשלה מול תופעת המסתננים;: 5. כישלון הממשלה בתחום המדיני, החברתי והכלכלי;: 6. כישלונה של הממשלה בתחום המדיני, החברתי והכלכלי;: 7. ההכרה במכללת אריאל כאוניברסיטה בתמיכה ממשלתית","אדוני היושב-ראש, תודה, חברי חברי הכנסת, היום בבוקר התעוררנו לעוד אחד מהימים השפלים של הפוליטיקה הישראלית. ראינו מהלך של ניסיון לפרק מפלגה או לגנוב חברי כנסת ממפלגה. אני מודה שכשאני רואה את המהלך הזה של ראש הממשלה מתברר לנו שבנימין נתניהו אינו בוחל בשום תרגיל מלוכלך, בשום מהלך מלוכלך, כדי לשמר את השלטון שלו, כדי להעביר תקציב, ובעיקר כדי לברוח מבחירות. ודבר נוסף שראינו – לא רק את ראש הממשלה נתניהו שמנסה לגנוב חברי כנסת, ראינו גם מפלגה; מפלגה שאני מודה שכבר מזמן, בעיני, נפחה את נשמתה, וחלק ממנה ניסו לעשות מהלך כדי להפיח בה רוח חיים או כדי לעשות לה הנשמה מלאכותית. אבל מי יתפלא כשהוא ראה מה היה היום בקדימה? מי יתפלא? אבל זאת כרוניקה ידועה מראש של מפלגות מרכז. חברי חברי הכנסת, אני מזכירה לכם את ד""ש; אתם זוכרים את ההתפצלות של ד""ש, את ההתפצלות של מפלגת המרכז, את ההתפצלות של שינוי. ועכשיו – אז היום זה לא צלח, אז זה יקרה השבוע, זה יקרה בשבוע הבא. קדימה תתפצל. אין בה שום דבר שמחזיק אותה, אין בה שום דבק אידיאולוגי. חברי חברי הכנסת, במפלגות מרכז במקום עקרונות יש רק כיסאות. וכששמעתי היום מי המועמדים, אדוני השר, לחבור אליכם, למפלגת הליכוד – בין היתר שמעתי על שני חברי כנסת, עתניאל שנלר ויוליה שמאלוב-ברקוביץ. וככה חשבתי לעצמי, אתם יודעים, בבחירות 2009 מרצ חטפה מכה בבחירות וקיבלה רק שלושה מנדטים, וקדימה, אותה מפלגת מרכז שהתחפשה להיות שמאל, אבל היא מפלגת מרכז חסרת עקרונות – בקדימה, במקומות האחרונים נכנסו יוליה שמאלוב-ברקוביץ ועתניאל שנלר. אז שמאלנים שהצביעו קדימה, אני חושב שהתרגיל של היום צריך להוות להם תמרור אזהרה. מי שחושב שהוא הולך להצביע למפלגות מרכז – מפלגות מרכז שאין בהן כלום, לא עיקרון ולא שום דבר, אלא הדבר היחיד שמנחה אותן זה ניסיון הישרדות וכיסאולוגיה – מי שמצביע למפלגת מרכז צריך לדעת שהוא ימצא את הקול שלו בממשלת נתניהו. זה מה שקרה היום למצביעי קדימה. הם התעוררו בבוקר – אני מודה ששמעתי את זה כבר ב-06:00 – וגילו שהקול שלהם מתגלגל לביבי נתניהו. אני רוצה לומר, אני אומרת דברים מאוד חריפים על מפלגת קדימה – יש בקדימה ברמה האישית אנשים מצוינים. חברי חברי הכנסת, אל תטעו. ואני הייתי שמחה שחברי כנסת מקדימה היו מוצאים במרצ את ביתם הפוליטי – באים, מתמודדים, חוברים למפלגה אידיאולוגית, עקרונית, ערכית. ולא כל אחד מחפש איזו משרה של סגן שר או שר או משרה כזאת או אחרת. אני מודה שהדבר הכי מקומם, חברי חברי הכנסת, המחשבה הזאת שחברי כנסת יכולים להיות שכירי חרב פוליטיים. אפשר לקנות אותם, זאת רק שאלה של מחיר. המחיר, אני לא יודעת כמה היה צריך לעלות כל המהלך הזה. אבל אני רוצה לומר לכם שאנחנו רואים את ניסיונות ההתאבדות האחרונים הקשים כל כך. כשאין תקצוב ראוי למערכת הרווחה הישראלית, כשאין תקצוב לשיקום המגזר הציבורי, אין כסף לדיור ציבורי, אין כסף לזה שאנשים יוכלו לרכוש דירה בכבוד; כשכדי לקלוט עובדי קבלן בשירות המדינה אין כסף, ואין כסף לתקנים, לרופאים מתמחים ולעדכון קצבאות זיקנה ולניצולי שואה ולעובדי מקצועות הסיעוד ולטיפול בנפגעות תקיפה מינית – לכל אלה אין כסף. אבל פתאום, להרחיב את הממשלה ולתת תפקידים חדשים – אני מודה שהדבר הזה גורם לאנשים סלידה מהמערכת הפוליטית. איזה מסר בדיוק כנסת ישראל, מפלגת המרכז קדימה וראש הממשלה נתניהו משדרים לציבור? שזאת רק שאלה של מחיר? אם לעשות פרפראזה על דבריו של סופר ידוע. זאת רק שאלה של מחיר? חברי חברי הכנסת, אני רוצה לומר לכם, מרצ היא מפלגת שמאל. אנחנו לא נבחרנו כדי ללטף לאנשים את האוזניים או כדי להרטיב את האצבע ולראות לאן נושבת הרוח. אנחנו לא מוותרים על העקרונות שלנו גם כשזה לא פופולרי. אנחנו יושבים כאן במליאה, אנחנו אומנם שלושה חברי כנסת, אבל אני חושבת שההישגים שלנו יותר גדולים מכל ההישגים גם יחד של אותם 28 חברי כנסת של קדימה, שישבו כאן בשלוש השנים האחרונות, ומעבר לזה, כשהם כל הזמן ניסו למצוא את המשאבה שתפמפם אוויר בריאותיהם כדי להפיח בהם איזו רוח חיים. הם לא עשו דבר וחצי דבר, והם משדרים לציבור שהכול ניתן לקנייה. איזו זילות של המערכת הפוליטית. חברי חברי הכנסת, אנחנו נמצאים בשבוע האחרון, בתום מושב הקיץ של הכנסת. לא על מושב הקיץ תהיה תפארתו של הבית הזה. זה מושב שבו גם הפוליטיקה ירדה לשפל, לביב, לאיזו מדמנה שאנחנו לא זוכרים כמותה בפוליטיקה הישראלית. ומרצ מביעה אי-אמון בממשלה. אתם יודעים, לא צריך ללכת שלוש שנים אחורה כדי להביע אי-אמון בממשלה – מספיק לראות את ההתנהלות של הממשלה בשלושת הימים האחרונים, החל מהמשא-ומתן הקואליציוני שנתפר בתפרים גסים כל כך וכשל והתאדה עוד לפני שהוא נרשם על הנייר; החל מההחלטה של הממשלה לפעול בניגוד להחלטת הוות""ת והמל""ג ולהקים אוניברסיטה באריאל. 50 מיליון שקלים, 100 מיליון שקלים – פתאום יש 100 מיליון שקלים. אין כסף לניצולי שואה, אין כסף לרווחה, אין כסף לדיור ציבורי, אבל 50 מיליון שקלים כדי להפוך את אריאל לאוניברסיטה. חברי חברי הכנסת, אתם יודעים, אנחנו היינו עדים לניסיון התאבדות קשה מאוד של נכה צה""ל, וכמה ימים קודם לכן נפטר משה סילמן. באמת, אין מלים לתאר את הזוועה. אנשים מחליטים שהם לא מתים יותר בד' אמותיהם, אלא מוכנים להתאבד. זה דבר שכמובן חברה מתוקנת לא יכולה לתת לו יד, אבל היא צריכה להבין את הייאוש. במקום שתוקם כאן תוכנית רווחה דחופה, במקום שידברו על החזרת התקצוב הראוי למערכת הרווחה הציבורית, לעשות איזו רשת ביטחון חברתית כדי שאנשים יוכלו לחזור ולחיות בכבוד – אנחנו שומעים, אתמול בבית-המשפט העליון בדיון על מגרון – אתם יודעים, יש דברים כל כך מופרכים שלעתים צריך לקרוא אותם פעמיים כדי להאמין. שמענו אתמול שהמדינה ביקשה לדחות בחודש את פינוי מגרון כדי שהוא לא ייעשה בחג הרמדאן. ומה הטיעון של הממשלה? של המדינה? ""כדי שפעולות הטרור הצפויות של פעילי ימין נגד תושבי האזור בתגובה לפינוי"" – אני מצטטת – ""לא יתחוללו בתקופה הרגישה הזאת"". חברי חברי הכנסת, אני מצטטת, אני לא צוחקת. ככה בדיוק נראית הבקשה הגרוטסקית שהעבירה אתמול פרקליטות המדינה לבית-המשפט. אם לממשלה היה כל כך אכפת מקדושת החג של הפלסטינים, שלא לדבר על הזכויות הבסיסיות שלהם, הרי היא היתה כבר מפנה את מגרון ב-31 במרס – זה התאריך שבית-המשפט העליון הורה לה לעשות את זה, ולא להגיע לרמדאן שמתחיל בקיץ. אבל אם לממשלה באמת אכפת משלטון החוק היא לא היתה מכשירה כל בנייה פרטית על אדמה פרטית בשטחים, ואחר כך מפצה בעשרות מיליונים את מי שבנו ביודעין על אדמה שנגנבה; אם לממשלה היה שמץ של כבוד, חברי חברי הכנסת – שמץ של כבוד עצמי – היא לא היתה מעזה לטעון בפני בית-המשפט שצפויה אלימות של מחבלי הגבעות, אלא היתה פועלת כדי לסכל את האלימות. ואנחנו יודעים, חברי חברי הכנסת, אנחנו יודעים את האמת. אם הממשלה היתה משקיעה במטרות אחרות את הזמן ואת הכסף שהיא מבזבזת באובססיביות על טיפוח מפעל הכיבוש המשיחי והמשחית, היא פשוט לא היתה ממשלת נתניהו. תודה רבה.",1,
272188,2012-10-15,"הצעות סיעות קדימה, העבודה, רע""ם-תע""ל–חד""ש–בל""ד ומרצ להביע אי-אמון בממשלה בשל:: 1. כישלון ממשלת נתניהו בתחום המדיני, הכלכלי והחברתי;: 2. אוזלת ידה של ממשלת נתניהו בתחום המדיני, החברתי והכלכלי;: 3. כישלון ממשלת נתניהו בתחום המדיני, הכלכלי והחברתי;: 4. אוזלת ידה של ממשלת נתניהו בתחום המדיני, החברתי והכלכלי","אדוני, תודה רבה, חברי חברי הכנסת, שמענו היום את ראש הממשלה נתניהו, כאן, על הדוכן, אומר שהלמ""ס, הלשכה המרכזית לסטטיסטיקה, פרסמה נתונים על ירידה באי-שוויון, אבל אני רוצה להגיד לכם, חברי חברי הכנסת, שבדוח הלמ""ס היה גם כתוב שהירידה אינה מובהקת סטטיסטית. זאת אומרת שהנתונים הם ממש חסרי משמעות וממש לא מצביעים על ירידה. הסיבה, חברי חברי הכנסת, שראש הממשלה הולך לבחירות היא כי הוא לא רוצה עכשיו לעשות גזירות, ואני אומרת שכדי למנוע גזירות חייבים למנוע את שובו של ראש הממשלה נתניהו לכס ראש הממשלה אחרי הבחירות הבאות. הרי ראש הממשלה הקדים את הבחירות כי הוא רצה להסתיר מהציבור את התוצאות ההרסניות של המדיניות החברתית-הכלכלית שלו, שהביאה לגירעון של 14–15 מיליארד שקלים. אז במקום לקצץ בהתנחלויות, בכיבוש, בתקציבים שהועברו למפלגות החרדיות לצרכים קואליציוניים, מה הוא עשה? הוא מתכוון לקצץ בחינוך, בבריאות, בשירותים הממשלתיים. בכלל, ראש הממשלה נתניהו מציג טכניקה ציבורית חדשה להגדלת האי-שוויון בחברה הישראלית, ""העדפה מקלקלת"" קוראים לזה; העדפה לנסר בתים מאשר להקל על העובדים, העדפה לתקצב אברכים מאשר לסייע לסטודנטים לומדים, העדפה לסייע לטייקונים מאשר לחוסכים לפנסיה. ראש הממשלה מעדיף מקורבים על פני האזרחים. חברי חברי הכנסת, זה לא ישתנה אם ראש הממשלה יישאר בתפקידו, ולכן התפקיד שלנו זה ב-22 בינואר לשלוח לראש הממשלה מכתב פיטורין בקלפי. זה התפקיד שלנו, חברי חברי הכנסת. היום ראש הממשלה ניסה להתחמק מטיעון או מדברים שהוא אמר באיזה הקשר, שהעילה לבחירות היא הגירעון, אותו גירעון של 14 מיליארד שקלים בתקציב המדינה. ובאמת, גירעון שנובע מפעילות על בסיס של תחזיות מופרכות ומדיניות כלכלית כושלת. הרי הוא לא רוצה להגיע לבחירות אחרי שהוא מקצץ עוד בשירותים החברתיים, שהוא כבר ריסק קודם לכן. ולכן ברור שהוא החליט להחליף את הדיון בבחירות בדיוני בחירות, ספינים, קמפיינים, תעמולה, שמענו אותו היום על הדוכן. הרי בחודשים הקרובים, חברי חברי הכנסת, ייעלם לגמרי הדיון בגירעון, אבל הגירעון עצמו יתפח. יתווספו לו עלות מערכת הבחירות, שכיום מעריכים אותה בכ-2 מיליארד שקלים, ועלות חברתית גבוהה שנובעת מכך שהממשלה תסתמך במשך ארבעה-חמישה חודשים על תקציב השנה שעברה, ותיאלץ להקפיא רפורמות חשובות שרבות מהן הן תולדה של המחאה החברתית בקיץ האחרון. מדובר על תקציב בתקופה של כארבעה חודשים, תקציב חסר של כ-25 מיליון שקלים. ואחרי הבחירות האלה, חברי חברי הכנסת, הממשלה שתיבחר תיאלץ להתמודד עם הגירעון, וגם לתת מענה לסוגיות המרכזיות שאמורות לעמוד לנגד עיניה של כל ממשלה מכהנת – שיפור השירותים החברתיים, צמצום האי-שוויון, הורדת יוקר המחיה, שמירה על כספי החוסכים לפנסיה, כשכל פעם אנחנו רואים איך הכספים האלה נחתכים ונחתכים כתוצאה מתספורות מופקרות שעושים עם טייקונים ובעלי הון למיניהם. הממשלה הזאת גם תצטרך לתמוך בשכבות המוחלשות כדי ליצור רשת ביטחון סוציאלית ראויה. אבל איך יעשו את זה? כי אנחנו ראינו בארבע שנות כהונתה של ממשלת נתניהו איך היא הצליחה לייצר הרעה משמעותית בכל אחד מהפרמטרים האלה, וגם להוביל את המשק לגירעון שבמסגרתו קשה לשפר את זה. עכשיו אני רוצה לציין כמה פרמטרים או כמה סיבות שבגינן נוצר אותו גירעון חברתי כלכלי, כתוצאה מאותה התנהלות כלכלית שגויה של הממשלה, שארבעה גורמים מרכזיים עומדים בבסיסה. הדבר הראשון זה תקציב הביטחון הענק והבזבזני ביחס לתוצר וביחס להוצאה הציבורית הכוללת. תקציב ביטחון מופרך. כל שנה תקציב הביטחון עולה ב-20% על זה שמאושר בתחילת השנה. אנחנו מדברים על כ-10 מיליארד שקלים חדשים כל שנה. תקצוב יתר, חברי חברי הכנסת, כמו שאנחנו כבר יודעים, של מגזרים מועדפים במסגרת כל ההסכמים הקואליציוניים עם שותפיו הטבעיים של ראש הממשלה, שאלו החרדים והמתנחלים. אנחנו יודעים איך ראש הממשלה הביא – – –

לא. חברי חבר הכנסת, סגן יושב-ראש הכנסת, חברי יצחק וקנין, כל שנה ממשלת ישראל מתקצבת בכ-2 מיליארד שקלים חדשים ישיבות ומוסדות שלא מלמדים לימודי ליבה. כל שנה. עכשיו, אם יש קבוצה באוכלוסייה הישראלית שלא רוצה ללמוד לימודי ליבה, אין לי בעיה עם זה. אני מצטערת על זה, אין לי בעיה עם זה, אבל למה המדינה צריכה לממן את זה?

למה המדינה צריכה לממן את זה?

אדוני אני מקווה שאתה משיב לי את הזמן. טוב, בוא נתווכח על זה במערכת הבחירות. התחלנו.

זה נכון, אדוני. חבר הכנסת וקנין ואני חוקקנו ביחד את חוק התספורות. אני חושבת שזה אחד החוקים הכי חברתיים שנחקקו כאן במושב הזה של הכנסת, וזה שיתוף הפעולה בינינו, אבל גם יש מחלוקת בינינו, אתה יודע, בנושאים אחרים. נושא רביעי או גורם רביעי במדיניות החברתית הכלכלית, חברי חברי הכנסת, של ממשלת נתניהו, זה הפחתה מתמשכת של המיסוי הישיר ובפרט הפחתת מס החברות. והנושא האחרון זה קשרי הון–שלטון שמאפשרים ריכוזיות גבוהה, העלאת מחירים ורגולציה לא מספקת על השחקנים בשוק ההון, לרבות הגופים הפיננסיים המוסדיים שלא מחמירים אתם, שמאשרים תספורות, שחותכים את כספי הפנסיה של הציבור. הם מאשרים והם יוצאים פטורים מזה. חברי חברי הכנסת, המדיניות הזאת היא היישום הישיר של השקפת העולם של ראש הממשלה, ולכן אין בכלל לצפות שהיא תשתנה אם הוא ייבחר מחדש. אני רוצה לתת ככה כמה נתונים לגבי התקציב המוחבא, אני מקווה שזה לא הבא של ממשלת נתניהו. אנחנו מדברים על תקציב הביטחון, חברי חברי הכנסת, ואני חושבת שהגיע הזמן שהציבור יתייחס יותר ברצינות לתקציב הביטחון. תמיד מהלכים עלינו אימים, כמה צורך יש בתקציב הביטחון. הוא לא רק לצורכי ביטחון. כולנו רוצים שיהיו צורכי ביטחון. בשנה הזאת החריגות מהתקציב המקורי – אתה יושב אתי, חברי חבר הכנסת וקנין, בוועדת הכספים – החריגות הסתכמו בכ-10 מיליארד שקלים בממוצע. חריגה מעל 20%, כמו שאמרתי קודם, מהתקציב המקורי שאושר, זה דבר שהוא פשוט בלתי מתקבל על הדעת, חברי חברי הכנסת, אין הצדקה. גם הנושא של ההסכמים הקואליציוניים, אני חושבת שההטבות שממשלת נתניהו נתנה בקדנציה האחרונה – למשל, רק לאחרונה ראינו שחולקו 130 מיליון שקלים חדשים בשנה לכל מיני מיזמים בתחום החרדי, הועלה שכר הרבנים, הורחב היקף ייצוא הקרקעות למגזר החרדי. אנחנו ראינו את ההשקעה הממוצעת של הממשלה דרך הרשויות המקומיות להתנחלויות מעבר ל""קו הירוק"", איך מקצים פי-שניים מאשר בירושלים ובמרכז. כל שנה גם יש מימון מיוחד שהולך לתקצוב ההתנחלויות בהיקף של קרוב ל-2 מיליארד שקלים חדשים. בכלל, זה לא כולל את ההקצאה הביטחונית האדירה שמושקעת בהתנחלויות. יש כאן מיליארדים על מיליארדים על מיליארדים שנשפכים לטובת שותפים קואליציוניים, ואנחנו יודעים, חברי חברי הכנסת, שאחרי הבחירות, כדי שהממשלה הזאת תקים קואליציית ימין או קואליציית מרכז–ימין, היא תצטרך להמשיך באותה מדיניות. חברי חברי הכנסת, הדבר שאני רוצה להצביע עליו ולומר או לציין, ובזה אני מסיימת, אדוני, ממשלת נתניהו, המשך שלטון ממשלת נתניהו – זו אינה גזירת גורל, זו ממש אינה גזירת גורל. ויכול לקום כאן גוש מרכז–שמאל וגוש מרכז–שמאל גדול. יכול לקום אם אנשים בגוש הזה יצאו מהבית ויצביעו ויקבעו את הרכב הממשלה הבאה. אני מקווה שהם יצביעו לשמאל, שיהיה כאן שמאל גדול, אז זה ימנע את הליכתן של מפלגות המרכז, העבודה, יש עתיד, קדימה, לממשלת נתניהו. לצערי, כרגע אף אחד מהמועמדים של שלוש המפלגות האלו, מועמדים ומועמדת, לא התחייבו שהם לא יצטרפו לממשלת נתניהו. בכלל, אני מעריכה שתהיה תחרות מי יהיה השותף הקואליציוני הבכיר בממשלת נתניהו. אם אנחנו רוצים למנוע עוד ממשלת הון–שלטון, עוד ממשלה שמקצה כספים בצורה לא שוויונית, עוד ממשלה שיש לה מדיניות היפר-קפיטליסטית שהאזרח משלם עליה את המחיר, אני חושבת, חברי חברי הכנסת, שצריך לומר לציבור שנתניהו ממש לא כוח עליון וממשלת ימין נוספת היא לא גזירה משמים. ואני, חברי חברי הכנסת, מנצלת את ההזדמנות האחרונה שאנחנו מתכנסים כאן היום במושב, ואני אומרת, אפשר לבלום את הקמתה של ממשלת ימין ולהביא להקמת ממשלת מרכז–שמאל. ומי שהוא בשמאל, חברי חברי הכנסת, אני מקווה שהוא ימצא את הבית הפוליטי שלו. אני מכירה טוב רק אחד, אדוני, זו המפלגה שאני שייכת אליה, ואני שייכת למרצ. מי ששמאל שיצביע מרצ, מי שמרכז שיצביע מרכז, ואפשר יהיה להקים כאן קואליציית מרכז–שמאל שתחליף את השלטון הרע הזה ותמנע את הגזירות הבאות. תודה רבה, אדוני.",1,
273022,2013-03-18,כינון הממשלה והרכבה,"תמיד יש הנאות קטנות בחיים.

אני אומרת שיש הנאות קטנות אחרות.

למה כולם רוצים להיות שרים?

הוא לא רגיל לדבר כשיש שר.

– – – אקשן. אדוני, נהיה אקשן.

אדוני היושב-ראש, חברי חברי הכנסת, אין ספק שעבור חברי הכנסת החדשים, אבל לא רק החדשים, זה רגע מרגש, בעיקר לאותם אלו שאמורים להיות מושבעים לשרים. אני מודה שאני לא מכירה את התחושה. אני בכנסת הזאת הרבה שנים, אני חייבת לומר, מעל עשור, תמיד הייתי באופוזיציה. איזה מזל, הלך עלי. אז אני לא מכירה את התחושה, אבל אני יכולה להבין אותה, ואני שותפה להתרגשות ואני שותפה לתחושה של משהו גדול. חבר הכנסת ליצמן, אדוני, אתה עכשיו אתי באופוזיציה.

חבר הכנסת אמנון כהן, אתה אתי באופוזיציה עכשיו, תתרכז. חברי חברי הכנסת, בממשלת נתניהו החדשה אנחנו רואים תופעה מדהימה: החרדים out, מתנחלים in. שמענו עכשיו את כל חברי הכנסת – אני מבינה את זה, וואו, כמה אתם עצבניים עליהם, חבר הכנסת ליצמן, גפני דרעי, וואווה וויווה. זה מעניין מה שהולך להיות כאן. הולכת להיות כאן ממשלה שהימין המתנחלי והימין הכלכלי שולט בה. זו הולכת להיות ממשלה שהשרים שמאיישים את מוקדי הכוח הנדל""ניים והכלכליים ימשיכו לדאוג לכך שמיליארדים, מיליארדים, ימשיכו לזרום להתנחלויות, למה שנקרא ""מפעל ההתיישבות"". ואני חייבת לומר, חברי חברי הכנסת – חבל שחבר הכנסת בנט אינו כאן, וחבר הכנסת לפיד אינו נמצא כאן – היום חבר הכנסת בנט צריך לשלוח זר פרחים ענק, ענק, הכי גדול שיש, סייפנים, אני לא יודעת מה, גלדיולות פעם קראו לזה, לחבר הכנסת לפיד, שהפך אותו ל""הבן יקיר לי אפרים"". איזה רהביליטציה, איזה לגיטימציה למתנחלים ולהתנחלויות. תראו איזה תפקידים מאיישים השרים בממשלה הזאת. משרד הביטחון, דני דנון – היום שמעתי אותו בריאיון ברדיו – סגן שר הביטחון. דני דנון, שוחר זכויות אדם ידוע, סגן שר ביטחון שאחראי לתיאום של הפעולות בשטחים; אין ספק שהוא ידאג לפלסטינים בשטחים, אמר היום – גם נעלמה הבושה – אני לא באתי לדאוג למנורות, כאילו, במילים אחרות כאילו להסתכל על הלמפה; אני באתי לדאוג למפעל ההתיישבות. משרד הביטחון, משרד התמ""ת, משרד החקלאות, משרד ההתיישבות, הדיור – איך קוראים לזה של אורי אריאל, גם ככה הוא ידאג להעביר כספים להתנחלויות – ועדת הכספים, משרד הפנים. כמה משרדים ישלטו על המשך העברת הכספים להתנחלויות? כמה משרדים? נכון, יש לחברי הכנסת מיש עתיד הישגים, הם יהיו במשרדים החברתיים הכלכליים. זה חשוב. יעל גרמן במשרד הבריאות, וישב כאן מאיר כהן – במשרד הרווחה, ואני לא זוכרת מי, כי אני עוד לא למדתי את כל התפקידים. אני אלמד, אני יודעת, זה לוקח לי – – –

נכון. אז תפקידים חשובים, אבל, חברי חברי הכנסת, שימו לב, גם היום, גם היום, הרשויות המקומיות בהתנחלויות מתוקצבות ב-70% יותר מהרשויות בשטחי ישראל. המתנחלים זוכים להשקעה בדיור שישראלים שיצאו למחאה בקיץ רק יכולים לחלום עליה. חברי חברי הכנסת, היינו רוצים ממשלה של שלום שתוביל פריצת דרך מדינית. הנשיא אובמה מגיע לכאן בעוד כמה ימים. איזה מסר בדיוק ימסור לו ראש הממשלה נתניהו, שיש לו ממשלה ימנית, קיצונית מתנחלית? כן, עם כמה אנשים שפויים, זה נכון, מתונים, אבל היינו רוצים ממשלה שפויה לחלוטין, שמקדמת שלום, שתסיים את הכיבוש שהורס את החברה הישראלית, את דמותה המוסרית. אנחנו נכנסים לשנה ה-46 לכיבוש. היינו רוצים לראות ממשלה שתצמצם את האי-שוויון, שתסגור את הפערים הגדלים והולכים. היינו רוצים לראות ממשלה, חברי חברי הכנסת, שהאזרחים הם בראש מעייניה. היינו רוצים לראות ממשלה שתפריד את הדת מהמדינה. אני כבר לא מדברת – אז אוקיי, לא הפרדת דת מהמדינה, נישואים אזרחיים. לא נישואים אזרחיים? ברית הזוגיות. לא ברית הזוגיות? תחבורה ציבורית בשבת כמו שהבטחתם. אנחנו פותחים את קווי היסוד המשותפים, את ההסכמים הקואליציוניים – כל הדרישות האלה של יש עתיד נעלמו. מה אנחנו מוצאים? שלבנט יש זכות וטו על חקיקה בנושאים דתיים? זו הבשורה של הממשלה החדשה? חברי חברי הכנסת, אני שייכת לציבור החילוני. מה אכפת לנו, לציבור החילוני, שהחרדים לא בממשלה? למי זה בכלל אכפת אם הכפייה הדתית תהיה של חרדים או של חרד""לים? מה זה מעניין, אם יש כזאת? אז אני ממש ממש מצטערת שבעצם – אמרתי את זה גם ליאיר לפיד – שיש עתיד בכלל נכנסה למלחמה הזאת בין החרדים לבין המתנחלים על מי ישלוט בתקציבי הדת, על מי ישלוט במוסדות הרבנות, מי ימנה, מי יחליט, מי יכתיב. זאת המלחמה האמיתית. אז אני מודה שקשה לי לראות את זה שאין כאן מלחמה אמיתית על הגנה על זכויות האדם. ממשלת נתניהו, אני רוצה לומר לכם, חברי חברי הכנסת, מה שהיה הוא שיהיה. זו אותה גברת בשינוי אדרת. האדרת הזאת שדיברו עליה, על צמצום מספר השרים – נכון, יש פחות שרים, אבל כמה שרים לענייני כלום? צמצמו את השרים בלי תיק – או לענייני לא-כלום, צריך לומר. כמה סגני שרים? אני מודה שאני אמביוולנטית משהו; אני מכירה את השרים, אני מכירה את המיועדים להיות סגני שרים, מדובר באנשים חיוביים, לחלקם הרב אני רוחשת חיבה רבה, אבל זו הבשורה? צמצום במספר שרי הממשלה, ובסוף אנחנו מקבלים כל מיני תיקים? איך בכלל אני אזכור – ההוא אחראי גם לגז, ההוא אחראי לנפט, ההוא אחראי לאסטרטגיה, ההוא אחראי למדיניות החוץ, איך אני אזכור בכלל מי אחראי למה? כל מיני תיקים כאלה שאני לא מבינה מאיפה הם באו לעולם. חברי חברי הכנסת, לפני סיום – – –

אני מודה לך. אני מודה. זה בטח ייקח לי קצת זמן, אבל אתה יודע, זה מגוחך, כל התיקים האלה שתפרו בשעה כזאת של הלילה – זה תלוי בשעה, כל התיקים המופרכים האלה, כדי לרצות אנשים. איזו ממשלה זו שתהיה כאן? איזו בשורה תביא הממשלה הזאת? ואני רוצה לסיום, אדוני, ברשותך, לסיים במה שנקרא ""הערת אזהרה"". אני רוצה לסיים ולומר, חברי חברי הכנסת, אנחנו שומעים שהליכוד והבית היהודי התחייבו בהסכם הקואליציוני ביניהם לקדם הצעת חוק גזענית שבקושי הצלחנו לטרפד אותה בכנסת הקודמת, הצעת חוק שנקראת: חוק-יסוד: ישראל – מדינת הלאום של העם היהודי. מדובר בהצעה שבעצם מבקשת לשלול את השפה הערבית, נותנת מעמד-על למשפט העברי, או מעצימה את המשפט העברי. אני רוצה לומר: זו התחלה רעה, חברי חברי הכנסת. זו התחלה רעה מאוד – – –

רגע, אדוני, אני ככה, אתה יודע, אני עולה. אתה צריך לדעת מתי לחתוך. חברי חברי הכנסת, מדובר בהצעה רעה. אני קוראת לכם, חברי, ידידי, ביש עתיד ובמפלגות אחרות, מי שהדמוקרטיה לנגד עיניו, מי שזכויות האדם לנגד עיניו: אל תהפכו למה שהפכה קדימה בקדנציה הקודמת, שהכשירה והלבינה כל שרץ. אל תהיו שם. מדובר בהצעה איומה שהיה צריך להטיל עליה וטו מלכתחילה ולהעיף אותה מההסכם הקואליציוני. זה מבשר רעות, זה פתח רע, אני מקווה מאוד שלא תיתנו לזה יד. תודה רבה.",1,
273252,2013-04-22,"הצעות סיעות העבודה, ש""ס – יהדות התורה, מרצ, רע""ם-תע""ל-מד""ע, חד""ש ובל""ד להביע אי-אמון בממשלה בשל:: 1. כוונת הממשלה לפגוע במעמד הביניים, בשכבות החלשות ובקצבאות הילדים;: 2, 3. ממשלה ללא בשורה וחזון בתחום החברתי, הכלכלי והמדיני המסכנת את האופי הדמוקרטי של מדינת ישראל;: 4. ממשלה נעדרת חזון ותקווה;: 5. עוד ממשלה מסוכנת;: 6. עוד ממשלה מסוכנת ללא כל בשורה","אדוני, סליחה, ברשותך, לפני שחבר הכנסת מזרחי מנמק, אמרת כרגע שעל שלוש הצעות האי-אמון הראשונות יענה שר האוצר לפיד ועל שלוש ההצעות הבאות יענה השר המקשר.

סגן השר המקשר. אני רוצה להסב את תשומת לבך ששלוש ההצעות הבאות הן של המפלגות הערביות. האם זה מקרי? נראה לי תמוה שלמפלגות הערביות מנמק סגן השר המקשר – דרך אגב, אני לא מכירה פרוצדורה כזאת בכנסת שיש שני שרים שמנמקים תשובה על אי-אמון. מפלגות ערביות יש להן שר מקשר ומפלגות יהודיות יש להן שר אוצר? זה נראה לי תמוה.

היה כדאי שכבודו יעלה על הדעת שיש כאן חלוקה שהיא חלוקה בעייתית – – –

זה אומר שזו אטימות – – – מה זה אומר – – –

אדוני היושב-ראש, בנימה רצינית, היה צריך לשים לב לזה.

כן, יש שר מקשר לערבים ויש שר אוצר ליהודים – –

– – שמנמק ליהודים. זו המשמעות. חברי חברי הכנסת, הבחירות היו, השלטים אופסנו, ההבטחות נגוזו, אני מגישה אי-אמון בממשלה מטעם סיעת מרצ כי הממשלה הזאת לא ראויה לאמון. אין לנו אמון בממשלה, כי במקום להיות ממשלת בשורה זו ממשלת גזירה; במקום להביא שינוי היא מביאה קיפאון, מיתון ודשדוש. לא ממשלה של תקווה, אלא ממשלה של אכזבה ומפח נפש. אין לנו אמון בממשלה, כי הציבור שהבטחתם לו שבאתם לשנות ושאתם אחים שלו רועד עכשיו מפחד כשהוא חושב על הגזירות שאתם מתכננים לו. אני מסתכלת על הקואליציה החדשה כאן, במליאה, ואני אומרת: המליאה הזאת היא המשך ישיר של הקואליציה הקודמת, בוודאי מבחינת זכויות האדם והדמוקרטיה בישראל. שימו לב, הרבנים שולטים בצבא, הם מחליטים מי ייקבר, למי מצייתים; המתנחלים מחליטים היכן יבנו; הטייקונים מחליטים למי יקצצו; הימין הקיצוני שולט במשרד החוץ ומבודד את ישראל; הגזענות ממשיכה לתת את הטון כלפי מבקשי מקלט, כלפי לא-יהודים, עם חוק האזרחות – אותה גזענות בשינוי אדרת. שימו לב, חברי חברי הכנסת, אנחנו ממשיכים היום אחרי האי-אמון להצביע על כמה חוקים במליאה. שימו לב על איזה חוקים אנחנו הולכים להצביע. ממשלת נתניהו החדשה היא ממשלת נתניהו הישנה; אותם חוקים אנטי-דמוקרטיים, אותם חוקים שבאים לפגוע בזכויות האדם, אותם חוקים שעומדים להרע לאותם מבקשי מקלט שבאים לכאן להתחנן על נפשם.

נכון, וצריך לגנות. תודה, חבר הכנסת אקוניס, סגן השר המקשר, תודה. זו הזדמנות לגנות את אלה שהתקיפו אתמול את חבר הכנסת שטרן, בהחלט ראוי לומר כאן מעל דוכן המליאה. חברי חברי הכנסת, אנשים לא יודעים אם הם יצטרכו לשלם מע""מ; היום הם כבר יודעים. הם לא יודעים אם יצטרכו לשלם בפרנסה, האם הם יצטרכו לוותר על שירותים, אבל החשבון יוגש להם, כי, חברי חברי הכנסת, אני אומרת את זה בצער לשר האוצר יאיר לפיד – שר האוצר לפיד הוא ממשיך דרכה של הממשלה הקודמת. שימו לב, יש לו את זה. הוא אולי מדבר על פוליטיקה חדשה, הוא מתנהל בדרך חדשה, באמצעי המדיה החדשים, אבל מייד, אדוני השר, הצטרפת לשיח הישן, מייד אתה מדבר על קיצוצים. 18 מיליארד שקלים קיצוצים זה נקרא לאמץ את האידיאולוגיה הניאו-ליברלית של ממשלת נתניהו ושטייניץ, ובמקום לדבר על רפורמות ממש משמעותיות, אתה, אדוני השר, מתעלם מהסכנה הגדולה ביותר למשק, והסכנה הזאת, קוראים לה אי-שוויון, והאי-שוויון הולך וגדל, והגזירות שינחתו על הציבור ירחיבו ויגדילו את האי-שוויון. מה, גירעון זה גזירת גורל? יש כאן גירעון מנופח. נכון, אתה ירשת גירעון מנופח, זה בוודאי שלא באשמתך, וחזקה עלי שאתה מנסה לראות, האם להגדיל את הגירעון? מה לעשות? חזקה עלי שאתה רוצה לעשות את זה, אבל הגירעון הזה נוצר ממדיניות לא אחראית של הורדת מסים ישירים, מהפחתת מס החברות, משפיכת כספים בלתי מבוקרת. איך רוצים לנהל כאן מדיניות כלכלית הוגנת, שמאמינה במדינת רווחה, במגזר ציבורי חזק ובצמצום האי-שוויון, אם לא הולכים לגעת בפרות הקדושות? אחת הפרות הקדושות היא קיצוץ בתקציב הביטחון. פרה קדושה נוספת היא הפסקת הבנייה בשטחים במימון ממשלתי – לא שמעתי אתכם מדברים על זה. אדוני השר, לפני כמה חודשים פורסמה מפת העדיפויות הלאומיות: אשדוד, אשקלון – out, הן מחוץ למפת העדיפות הלאומית. אפרת, בית-אל, עופרה, כל ההתנחלויות במפת העדיפות הלאומית. מה אתה הולך לעשות בעניין הזה? אני שואלת בהזדמנות הזאת, מה אתה הולך לעשות? נכון, זה ממש קל, אדוני השר, להעלות את המע""מ. זה צעד קל על-חשבון השכבות המוחלשות ומעמד הביניים. הגזירות, אדוני, שאתה מציע, אלה הן גזירות אכזריות שיפגעו בשארית מדינת הרווחה. במקום ללכת למקום שקל – והמקום שקל לקחת ממנו, וצריך לקחת ממנו, הוא אותם פטורים מופקרים שניתנים לקבוצה מצומצמת בחברה הישראלית, כמה חברות ענק. צריך ללכת נגד ולפעול נגד תכנוני המס האגרסיביים, נגד הפטורים שניתנים לטייקונים. אבל מה בחרת לעשות, אדוני השר, במקום זה? בחרת לסגור את הגירעון מהכיס של הציבור. אני אומרת את זה בצער. אנחנו מביעים אי-אמון בממשלה כי שר האוצר לפיד ממשיך בדרך נתניהו, ודרך נתניהו משמעה רמיסת החלשים למען החזקים, הגדלת הפערים החברתיים ושחיקת מעמד הביניים. אדוני היושב-ראש, יש לנו ביקורת רבה על הממשלה החדשה בצד החברתי-כלכלי, אבל אנחנו מביעים אי-אמון בממשלה גם בגלל המדיניות שלה, אם אפשר לומר, בתחום המדיני – הדשדוש במקום. היה כאן מזכיר המדינה האמריקני ג'ון קרי, שאמר בדיון בבית-הנבחרים לפני יומיים – ואני רוצה לצטט, הוא אמר את הדבר הבא – שימו לב, אני אומרת את זה כהתראה לכם, חברי חברי הכנסת – הוא אמר: חלון ההזדמנויות להסדר, להסדר עם הפלסטינים, ייסגר בתוך שנתיים; הדבר מצריך מעורבות ישירה של ארצות-הברית; פתרון שתי המדינות מורכב. הוא אמר את זה בשימוע בפני ועדת החוץ של בית-הנבחרים. חברי חברי הכנסת, האמריקנים אומרים שלוח הזמנים שנשאר לנו כאן הוא שנתיים. הידידות הכי גדולות של מדינת ישראל בעולם, הכי קרובות ומסורות לישראל, מביעות אי-אמון בממשלה. רק אתמול או שלשום הודיעו 13 חברות בכירות באיחוד האירופי, ובהן בריטניה וצרפת וספרד והולנד, מדינות חשובות, מדינות שיש לישראל קשרים אמיצים אתן, הודיעו לקתרין אשטון שהן מבקשות יד תקיפה יותר והנחיות מסודרות להתמודדות עם המשך השליטה של ממשלת ישראל בפלסטינים. אבל הממשלה הזאת בכלל לא מראה סימנים וסממנים שהיא הולכת לאיזשהו מקום. חברי חברי הכנסת, אין לנו אמון בממשלה הזאת, כי לא רק באירופה, גם בארצות-הברית, כמו שאמרתי קודם – הביע אי-אמון בממשלה והוציא כרטיס צהוב: שנתיים, הוא אמר, אבל אני חושבת, חברי חברי הכנסת, שלממשלה הזאת אין באמת רצון אמיתי בפתרון הסכסוך. הממשלה הזאת תתנהל כמו הממשלה הקודמת; היא תרצה לנהל את הסכסוך, להרוויח זמן. חברי חברי הכנסת, אין לנו זמן מיותר. חברי חברי הכנסת, אנחנו צפויים לגזירות קשות, אנחנו צפויים לניכור מצד מדינות העולם, ולכן – – –

– – – ולכן, אדוני היושב-ראש, חברי חברי הכנסת, סיעת מרצ מביעה אי-אמון בממשלה. תודה רבה.

כמה פעמים ישבת פה? כמה פעמים ישבת פה, אדוני שר האוצר, שאתה מטיף לנו מוסר?

איך אתה מעז לומר לי שזו בחירה קלה לשבת פה?

תן לי להתחיל משפט לפחות כמו חבר הכנסת פרוש.

עם כל ההערכה, זה לא נאמר, ואין מישהו שציפה שתוך חודש תעשו כאן מה שלא עשו – –

– – אף אחד לא ציפה. יש עניין של מראית עין ויש עניין של מחיר. לדבר זה בחינם. להגיד לאבו מאזן – – –

נתניהו אומר את זה כבר שנים – – –

– – – שהוא נגד, הוא חבר שלך, הוא אח שלך.",1,
273556,2013-04-29,"הצעת חוק-יסוד: תקציב המדינה לשנים 2009 עד 2012 ולשנת 2013 (הוראות מיוחדות) (הוראת שעה) (תיקון מס' 3);: הצעת חוק ההתייעלות הכלכלית (תיקוני חקיקה ליישום התוכנית הכלכלית לשנים 2009 ו-2010) (תיקון מס' 12) (תקציב דו-שנתי לשנים 2013 ו-2014), התשע""ג–2013","אדוני היושב-ראש, חברי חברי הכנסת, אדוני השר, אני צריכה להתאושש מהדיון הקודם.

לא, אין לי טענות על השטרות, יש לי טענה על האופן שבו הם מחולקים: יש מי שמקבל, ויש מי שמקבל פחות, ויש מי שלא נמצא על השטרות.

בדרך כלל זה גם ככה, זה נכון; בדרך כלל זה גם ככה. אדוני היושב-ראש, אנחנו מדברים כאן על חלוקת משאבים, על תקציב המדינה, על תקציב דו-שנתי, חוק ההתייעלות הכלכלית – כל מיני שמות מכובסים למדיניות שאנחנו יודעים מה משמעה ומה היא תהיה. אני רוצה לנצל את ההזדמנות ולדבר על כבודה של הכנסת, אדוני היושב-ראש. אנחנו שומעים בימים האחרונים דיונים על חוק משאל עם. אני רוצה להזהיר את הכנסת הזאת: מי שמעלה את הדיון על חוק משאל עם, מבקש לפגוע בכבודה של הכנסת, מבקש לגלגל את האחריות אל העם. הכנסת, בדמוקרטיה פרלמנטרית, מייצגת את מי שהצביע עבור הנציגים שלה. והחלטות ריבוניות צריכות להתקבל – החלטות משמעותיות – על-ידי ממשלה ריבונית וכנסת נבחרת. ומי שמבקש – אני אומרת לכם, חברי חברי הכנסת – לקבל החלטות מאוד מאוד משמעותיות בנושא שלום, בנושא פינוי התנחלויות, באמצעות משאל עם, מבקש לטרפד את האפשרות שזה יקרה. כשהקימו התנחלויות לא זכור לי שעשו משאל עם; ממש לא זכור לי שעשו משאל עם. מי שרוצה להתעסק בזה שבנט יוכל – – –

אדוני, לא צריך לעשות משאל עם. זה לא החור בגבינה – – –

זה לא החור בגבינה בשוויצריה, שעושים משאל עם אם ישאירו את החורים בגבינה או לא ישאירו את החורים בגבינה. ממש לא. יש ממשלה נבחרת – לא אני בחרתי בה, אבל היא ממשלה נבחרת, סוברנית – יש כנסת ריבונית, אנחנו בדמוקרטיה ייצוגית, צריך להיות כבוד לכנסת. זה ביזיון לכנסת ששרים בכירים בה, כולל ראש הממשלה, כולל השר המקשר, מבזים את כבודה של הכנסת ומבקשים לגלגל את האחריות אל העם. יש לי הרבה כבוד לעם, העם בחר בנו. לנו הוא נתן רק שישה מנדטים, לכם הוא נתן יותר, לקואליציה. אבל להחליט שמפקיעים מהכנסת את האפשרות לקבל החלטות גורליות על עתידה של המדינה – הכנסת לא מתאימה רק לקבל החלטות על התקציב. אז על התקציב יכולתי עוד הפעם לעלות ולהגיד: עוד הפעם לא קיצצו בתקציב הביטחון; מה עם הפטורים המופרכים שניתנים לבעלי ההון? דיברנו כבר על זה. זה ברור שנדבר על זה. אבל החלטות משמעותיות, אדוני, לא רק בענייני תקציב, הכנסת הזאת צריכה לקבל. ואני קוראת לכם, חברי חברי הכנסת, לשמור על ריבונותה וכבודה של כנסת ישראל. תודה רבה.",3,
274824,2013-06-05,יוזמת הליגה הערבית לחילופי שטחים במסגרת הסכם בין ישראל לפלסטינים,"אדוני היושב-ראש, חברי חברי הכנסת, אני יזמתי היום את הדיון הזה יחד עם סיעות האופוזיציה כי אנחנו בנקודת זמן קריטית, חברי חברי הכנסת, אנחנו בשעת מבחן גורלית. זה הזמן שבו ממשלת נתניהו – אדוני ראש הממשלה, הממשלה שלך – חייבת לקבל הכרעות היסטוריות, ואנחנו רוצים, אדוני ראש הממשלה, לדעת מה אתה הולך לעשות. אני לא שומעת את עצמי, אדוני.

תודה. אדוני היושב-ראש, אדוני ראש הממשלה, יש כאן כרגע חלון הזדמנויות. צירוף נדיר של מנהיגות פלסטינית מתונה עם גיבוי רחב מהעולם הערבי וממשל אמריקני שמוכן לסייע בתיווך בין הצדדים. ומה עושה הממשלה שלך, אדוני? גוררת רגליים ותוקעת מקלות בגלגלי המשא-ומתן. ידידי ישראל הגדולים – הנשיא אובמה, ג'ון קרי – משגרים לעברנו מסרים נוקבים, חריפים ודרמטיים. רק אתמול, בנאום בכינוס השנתי של הוועד היהודי-אמריקני, אמר מזכיר המדינה קרי: מי שסבורים שהסטטוס-קוו בסכסוך הישראלי–פלסטיני יוכל להימשך, חיים בהזיות. אני מצטטת את דבריו של מזכיר המדינה, ואני אומרת לך שאני מזדהה אתו, אדוני ראש הממשלה. אתם חיים בהזיות. במקום להפנים את המסר, את האיתותים מהאמריקנים, את הדרישות האירופיות המדאיגות להטיל סנקציות כלכליות על ישראל, אתם מותחים את החבל ומביאים את המצב לידי משבר. אני שומעת שרים בממשלה שלך מעלים כל מיני אופציות הזויות ומסוכנות של סיפוח, של מדינה אחת, של חיסול הרשות הפלסטינית, ואני גם רואה מה עושה הממשלה שלך; היא גם נותנת לזה תשובה בשטח – היא בונה בהתנחלויות, במזרח-ירושלים, מעבירה עוד תקציבי עתק למרכז האקדמי באריאל ולכל מיני עמותות ימין קיצוניות כמו עמותת אלע""ד. חברי חברי הכנסת, המסרים של אובמה וקרי, שלפיהם ישראל צריכה להחליט אם היא תחדל להיות מדינה דמוקרטית, דבר שרואים שם, רק אנחנו מתעלמים מזה, נופלים על אוזן חירשת, על אטימות. כל ההתנהלות הדיפלומטית של הממשלה שלך היא כמו של איזשהו טנק בחנות חרסינה. מה אתם בעצם מודיעים לעולם? אתם מודיעים לעולם שישראל לא רוצה שלום. ואיך אני יודעת את זה, אדוני ראש הממשלה, חברי חברי הכנסת? כי על השולחן המדיני הונחה מחדש יוזמת השלום הערבית, שבבסיסה נוסחה פשוטה, אם אני יכולה לומר את זה באופן חופשי: שטחים תמורת שלום. כל השטחים תמורת כל השלום. אבל יש לזה עדכון. רק לאחרונה, רק לפני שבועות ספורים, אמר שר החוץ הקטארי שהם גם מסכימים לתיקוני גבול קלים ולחילופי שטחים עם הפלסטינים. זאת אמירה, חברי חברי הכנסת, שמאפשרת להחיות את היוזמה כאופציה על השולחן. היוזמה הערבית היא הזדמנות לפעול לא רק במישור הבילטרלי אלא גם להיכנס למהלך אזורי ורב-צדדי, מהלך שיאפשר לישראל לקיים יחסים דיפלומטיים וגם יחסים כלכליים עם מדינות האזור. איזה הזדמנות אדירה יש ביוזמה הזאת. איך זה יכול להיות שכולם רואים ביוזמה הזאת הזדמנות, אבל מה עושה ממשלת נתניהו? ישראל הרשמית הגיבה בקרירות, וראש הממשלה, שעסוק עכשיו עם השר שטייניץ מתחילת הדיון, אפילו לא מצא לנכון לברך על השינוי החשוב בעמדה הערבית. השרים לא הגיבו. מה שמטריד אותי, שבעיני הממשלה הזאת כל יוזמה לקידום התהליך המדיני, אתם רואים בה איום ולא הזדמנות. אדוני ראש הממשלה, הכדור עכשיו בידיים שלך, הכדור במגרש הישראלי. מושיטים לישראל יד, רוצים לדבר אתה, ואתה חייב להגיד היום לכנסת, אדוני ראש הממשלה, האם אתה הולך לענות להושטת היד הזאת בטריקת דלת. ואם כן, אם זו הכוונה שלך, כפי שזה עולה מדברים שאומרים שרים בממשלה שלך, אז תן דין-וחשבון לציבור, כי לטריקת הדלת הזאת יהיה מחיר כבד. כולנו נשלם את המחיר. הרי מה אנחנו רואים? ברשות הפלסטינית שולטת עכשיו הנהגה מתונה. אני שומעת שאתם לא מרוצים מאבו מאזן ולא מרוצים מראש הממשלה החדש שהוא מינה, אבל זו ההנהגה המתונה ביותר האפשרית; הנהגה שרוצה בהידברות, שמוכנה לפשרות, שאתם אומרים שהיא פועלת באפקטיביות נגד הטרור. המנהיגות הפלסטינית רוצה הסדר. אבל מה רוצה ממשלת ישראל, אני לא מצליחה להבין. מה רוצה ממשלת ישראל? אני שומעת את ההתעקשות שלכם לנהל משא-ומתן על מכלול של נושאים. אתם דוחים את הדרישה של אבו מאזן לנהל משא-ומתן על הגבולות ונושא הביטחון תחילה. מה בדיוק אתם רוצים? יש פרטנר בצד הפלסטיני, אדוני ראש הממשלה, אבל אני כבר מסופקת אם אתה פרטנר. האם הממשלה שלך היא פרטנר למשא-ומתן? חברי חברי הכנסת, מחיר ההחמצה יהיה כבד. הרשות הפלסטינית תתפרק, ישתלטו שם גורמים קיצוניים על הגדה, אולי יהיה מאבק אלים שיגבה מחיר דמים כבד. ולכן, אדוני ראש הממשלה, אנחנו קוראים לך להגיד כן ליוזמה של הליגה הערבית, כי לתשובה השלילית תהיה השפעה גם במישור הבין-לאומי, לא רק במישור המקומי. תהיה לזה השפעה דיפלומטית, מדינית וכלכלית. חגורת הביטחון של ישראל, חברי חברי הכנסת, היא לא רק טנקים וצבא, היא גם הקשרים הדיפלומטיים שלה. אם אנחנו רוצים לקיים כאן חברה מודרנית, מפותחת, משגשגת, אנחנו צריכים להדק את הקשרים של ישראל עם העולם. המשך הכיבוש, חברי חברי הכנסת, הבנייה בהתנחלויות וסרבנות השלום מחלישים את ישראל, והיום הדיון הזה מתקיים כאן, חברי חברי הכנסת, כשאנחנו מציינים 46 שנים לכיבוש, והמשך הכיבוש יביא לכך שיראו בישראל כמי שמתעקשת לדכא את השאיפות הלגיטימיות של הפלסטינים לחופש ולהגדרה עצמית. חברי חברי הכנסת, אדוני ראש הממשלה, שני מנהיגים קודמים של הליכוד ראו מכאן את מה שהם לא ראו משם. כשהם קיבלו על עצמם את האחריות להנהיג, הם הבינו לעומק את מפת האינטרסים האסטרטגית של ישראל ועשו שינוי כיוון. אני מזכירה לך את מנחם בגין שעשה שלום עם מצרים ואת אריאל שרון שהבין שצריך לצאת מעזה. עכשיו תורך, אדוני ראש הממשלה. עכשיו זה בידיים שלך. האחריות רובצת עליך, ואני ממש מקווה לטובת כולנו שתעמוד במבחן הזה. וגם אנחנו, מצדנו, אנחנו אומנם באופוזיציה, אדוני ראש הממשלה, אנחנו ננהג באחריות. אנחנו נדע לגבות מהלכים אמיצים מצדך. אנחנו אופוזיציה אבל לא אופוזיציה לשלום. אבל אנחנו נגבה מעשים ולא דיבורים. כרגע כל הממשלה שלך מסתובבת עם איזה רטוריקה גבוהה ואפס התקדמות. ואני מסיימת, אדוני ראש הממשלה, בשאלה פשוטה; חברי חברי הכנסת, שאלה שהתשובה עליה היא ""כן"" או ""לא"". אדוני ראש הממשלה, האם תשיב בחיוב ליוזמה הערבית? האם בעוד שבועות מספר יתחיל תהליך מדיני?

האם יש סיכוי, אדוני ראש הממשלה, שישראל תסיים את הכיבוש לפני שהכיבוש יסיים אותה? תודה רבה.

אין ויכוח על הזכות, יש ויכוח על מימוש הזכות.",1,
274965,2013-06-10,"הודעת הממשלה על רצונה להחיל דין רציפות על הצעת חוק בתי-קברות צבאיים (תיקון מס' 4), התשע""ב–2012","אדוני היושב-ראש, חברי חברי הכנסת, מרצ תתמוך כנראה בסופו של דבר בהחלת דין רציפות. אנחנו רוצים לנצל את הבמה הזאת ולמחות, אדוני היושב-ראש, כל אחד מחברי לסיעה לכנסת, על כך שאנחנו לא יכולים להעלות לסדר-היום בכנסת הצעות שלא ממש מסתדרות עם תפיסת העולם של הקואליציה הזאת, כמו למשל – אדוני היושב-ראש, הדברים האלה מיועדים גם אליך. אדוני יושב-ראש הכנסת, הדברים האלה מיועדים גם אליך. נראה לי תמוה שמתפרסם שחיל החינוך מקצה כספים, 4 מיליון שקלים, לכך שחיילים ילכו ויקבלו שיעורים בעמותת אלע""ד, בעמותת הימין הקיצוני, ואתה לא מאפשר לנו לקיים על זה דיון בכנסת, בוועדת החוץ והביטחון או בכל ועדה אחרת. וככה בשורה של נושאים שלא מתאימים לתפיסת העולם שלכם – אתם לא מאשרים שאילתות, הצעות לסדר-היום. אדוני, היום חיל חינוך – עומד כאן מפקד חיל החינוך לשעבר – זה אנכרוניסטי, אבל אם זה כבר קיים, אז תעשו איזה תפיסה פלורליסטית: שחיילים בצה""ל הולכים ושומעים קבוצות שונות בחברה הישראלית.  לעמותת אלע""ד, שמקדמת בנייה של יהודים בתוך מזרח-ירושלים, בלב שכונות פלסטיניות, במטרה לכתר שכונות פלסטיניות – האם שלחתם אותם, למשל, את אותם חיילים, נניח לעמותת ""עיר עמים"", שתעשה סיור לחיילים האלה, שיראו את תוצאות הבנייה בשטח, של ממשלת ישראל, במזרח-ירושלים, איך מנסים לקבוע עובדות כדי למנוע כל הסדר עתידי? זה לא נראה לך, אדוני היושב-ראש, ראוי לכך שוועדה בכנסת תקיים דיון בנושא? באופן קבוע ושיטתי, אדוני היושב-ראש, הקואליציה שלכם – טוב, זה נראה לי, האמת, די פארסה הדיון הזה, שאפילו אי-אפשר לדבר פה. באופן קבוע, אדוני – – –

אדוני היושב-ראש, אני יודעת שגם חברת הכנסת מרב מיכאלי הציעה הצעה דומה בנושא; גם לה היא לא אושרה. חברי כנסת מהאופוזיציה מציעים הצעות לסדר-היום בנושאים מדיניים, בנושאי בנייה בהתנחלויות, ולא מאפשרים לנו להעלות את הנושאים האלה לדיון, לא במליאת הכנסת ולא בוועדת הכנסת. ולכן אני מנצלת את ההזדמנות הזאת למחות על כך שחיילי צה""ל נשלחים לעמותת הימין הקיצוני, לעמותת אלע""ד, ובכנסת – בכנסת, שמדברת על קיצוצים בתקציב הביטחון – אין אפילו אפשרות להעלות את הנושא לדיון. תודה רבה.",1,
275192,2013-06-17,"הצעת חוק התקציב לשנות הכספים 2013 ו-2014, התשע""ג–2013;: הצעת חוק לשינוי סדרי עדיפויות לאומיים (תיקוני חקיקה להשגת יעדי התקציב לשנים 2013 ו-2014), התשע""ג–2013","אדוני היושב-ראש, חברי חברי הכנסת, שר האוצר יאיר לפיד הניח תקציב פחדני, פחדני.

טוב שאתה חוזר. תקציב פחדני שלא מתעמת עם הממסדים הגדולים שלשם הולך הכסף, שלשם באמת הולך הכסף. מה בדיוק החוכמה לקחת כסף על-ידי זה שמקצצים בטיפולי שיניים לילדים, מרחיבים תשלומי הורים, מבטלים את הסבסוד בצהרונים, מקצצים אולי במשרד החינוך, בקצבאות ילדים? התקציב של שר האוצר יאיר לפיד משרת בעיקר, חברי חברי הכנסת, את מערכת הביטחון, את בנט, על חשבון עקרות-הבית, על חשבון הפריפריה, על חשבון מערכת החינוך. תקציב שמשרת את בנט – ""תקציבי זה הכי אחי"", חברי חברי הכנסת. תקציב שהולך להתנחלויות. מה, מקצצים מהתקציב להתנחלויות? מישהו בכלל מעז לגעת בתקציב שהולך להתנחלויות, שגדל כל שנה אקסטרה יותר ממה שמתוכנן במיליארד שקלים? אפילו הקיצוץ שתוכנן בחטיבה להתיישבות מבוטל. אני רוצה, חברי חברי הכנסת, לתת לכם כמה נתונים מהחשב הכללי, רק מלפני כמה ימים, נתונים שחשפתי ומתפרסמים היום בעיתון: בתחילת שנת 2011 אושרו לחטיבה להתיישבות 62 מיליון ש""ח. זה בתקציב המדינה. אבל מה? יש ועדת כספים של הכנסת, יש העברות תקציביות – בלי פיקוח, בלי שקיפות, בלי בקרה. התקציב שהועבר לחטיבה להתיישבות בפועל הוא 373 מיליון שקלים – 600% יותר ממה שתוכנן מלכתחילה. שלא נדבר על התקציב שאושר למשרד לשירותי דת באותה שנה.

זה היה 370 – אל תפריע לי – זה היה – תשמע את הנתונים.

אני בזה לא מאשימה אותך, אבל אתם תעשו בדיוק אותו דבר.

אני רוצה להסביר, אדוני היושב-ראש. כל שנה הכנסת הזאת מאשרת תקציב. וכל שנה התקציב לשירותי דת – התקציב לחטיבה להתיישבות עולה ב-600% לעומת מה שאושר מלכתחילה. זה היה – זה יהיה גם אצלכם, כי אתם לא אומרים לא לממסדים האלה. התקציב למשרד לשירותי דת, אני נותנת לך נתון, היה 373 מיליון שקלים. התקציב בפועל גדל ב-51% – 564 מיליון שקלים. ואלה כמובן רק דוגמאות עם מה לא מתעסק התקציב של שר האוצר. התקציב הזה הוא כל כך ימני, חברי חברי הכנסת, שאני לא שומעת את ראש הממשלה מדבר על התקציב הזה. הוא אפילו לא נדרש אליו; הוא אפילו לא מציג אותו בפני הציבור – דברים שהוא עשה בפעם הקודמת, כששטייניץ, למשל, היה שר אוצר. עכשיו, ממי לוקח יאיר לפיד את הכסף הזה? ממי? מעקרות-הבית, ממערכת החינוך. ולאן הוא מעביר את זה? איך הוא קורא לו, אחי? חבר הכנסת רוזנטל, ראיתי שדיברת קודם, אז אני רוצה להסב את תשומת לבך: כשהוא משרת את בנט, לפיד, זה תקציבי הכי אחי; הכי אחי, אני חוזרת בשבילך. חברי חברי – – –

אתה יודע, היה לי – חברי חברי הכנסת, למה אני אומרת שזה תקציב פחדני? כי כדי להתעמת עם ממסדים גדולים צריך אומץ. צריך אומץ לומר לא למערכת הביטחון, שלא מכירה את המילה לא. כל שנה תקציב הביטחון עולה ב-10 מיליארד על מה שמאשרים. מגיע הרמטכ""ל לוועדת הכספים או לוועדת החוץ והביטחון, וגם שר הביטחון, וישר מהלכים עלינו אימים, איך חלילה ביטחונה של מדינת ישראל עלול להיפגע אם רק יקצצו בתקציב הביטחון. אז אין לי טענה לשר הביטחון, זה חלק מהריטואל הקבוע של שרי ביטחון. אבל יושב שר האוצר יאיר לפיד בוועדת הכספים של הכנסת – באיזו מהירות הוא הפנים את הרטוריקה של משרד הביטחון; ואני מצטטת ציטוט חופשי, כך הוא אמר בוועדת הכספים, הוא אמר: אני יושב בקבינט הביטחוני – בפתוס כזה – אני יושב בקבינט הביטחוני, והיד רעדה לי כשאני שמעתי על האיומים הביטחוניים לקצץ בתקציב הביטחון. הלו, כל כך מהר הפנמת את הרטוריקה הזאת? מישהו מדבר על פגיעה בביטחון המדינה? אנחנו מדברים על השומנים, על בורות השומן, שכל שנה מתווספים למערכת הביטחון, ושאף אחד לא רוצה לקצץ בה. איך הוא אמר? רעדה לי היד. רעדה לי היד. חברי חברי הכנסת, אז במשרד הביטחון הוא לא נוגע; במפעל ההתנחלויות, כמו שאמרתי קודם, הוא לא נוגע, כי אחרת זה יפגע באחיו – האח היקר, הבן יקיר לי; הוא לא נוגע בטייקונים ובבעלי ההון. הוא עומד כאן ומטיף לנו מוסר, והדגיש את זה קודם חבר הכנסת רוזנטל: אל תרדפו את המצליחים. מי רודף את המצליחים? אנחנו רוצים שהמצליחים יישארו פה. כל פעם מספרים לנו מין אגדות אורבניות כאלה: מרוב שאתם רודפים אותם, את אותם טייקונים ובעלי הון, הם ייקחו את העסקים שלהם וילכו מכאן. מה, אנחנו מציעים את זה? אנחנו רק מציעים להתעמת עם הפטורים המופרכים שניתנים לבעלי הון, שאין שום הצדקה לתת אותם. ואתה יודע, חבר הכנסת – סליחה, סגן השר לוי, למה עדיין זה תקציב פחדני? כי כשיש 27 מיליארד שקלים רווחים כלואים שלא עושים אתם כלום, אז נפגשים באופן אישי עם מנכ""ל ""טבע"" ובאים אתו בדברים. זאת מדיניות של שר אוצר? הוא פוגש כל אחד מהמנכ""לים של החברות לחוד במקום לנהל כאן מדיניות תקיפה. זה פחדני, כי גם הוא, כמו קודמו, לא מסוגל להתעמת עם הממסדים האלה; אלה ממסדים חזקים. אז מי משלם את המחיר? מי משלם את המחיר? משלמים את המחיר אותם אלה – אותם ילדים שעל-פי דוח הביטוח הלאומי יהיו עכשיו מתחת לקו העוני; משלמות את המחיר עקרות-הבית; משלמים את המחיר הורים צעירים. מה רוצים, לגרש מכאן, מהארץ, את ההורים הצעירים והילדים שלהם? איזו תקווה? איזו תקווה מציעים להם? חברי חברי הכנסת, התקציב ששר האוצר וסגנו, חבר הכנסת מיקי לוי, סגן שר האוצר, מגישים לכנסת זה תקציב שהוא גרוע מכל העולמות, כי ככה: הוא גם מתעלל במעמד הביניים, הוא גם מבטיח גירעון עצום בעתיד, וכל ההחלטות האלה שדורשות אומץ כמובן לא קיימות. ואני מוטרדת, כי יש חלופה, ואפשר היה להציג חלופה. חבר הכנסת גפני ואני הצגנו תוכנית שאומרת איפה מוצאים את הכסף במקומות שהם לא הכיסים של מעמד הביניים והשכבות המוחלשות. אנחנו חושבים שהתוכנית שלכם היא איומה; באמת, אין לי דרך אחרת להגדיר אותה. היא ממש מרסקת את מה שנשאר ממערכת הרווחה, ממדינת הרווחה. כל פעם אומרים: מה, מדינת הרווחה. אני רוצה לבשר לכם, חברי חברי הכנסת: יש מדינת רווחה; רק היא משתרעת בין פסגות לבית-אל, היא ממש לא כאן. כי מי שגר כאן, בתוך הקו הירוק, אין לו אופק, אין לו תקווה. ולכן, חברי חברי הכנסת, כל האיומים האלה על ספרד ויוון, כל פעם החזרה הזאת – אם לא נעשה את המהלכים שאני מציע, אומר שר האוצר, אנחנו נהיה ספרד ויוון – אין לזה קשר למציאות, להצעות האלה. חברי חברי הכנסת, התקציב שהוגש לנו כאן היום זה העתק מדויק, נאמן למקור, של המדיניות התקציבית של נתניהו. אמר שר האוצר בוועדת הכספים – למי שהיה הוא אמר: הסוציאליזם מת – אני לא יודעת, אני לא חושבת ככה, אבל נניח – אני מציג תוכנית אחרת. מה זה ""התוכנית האחרת""? הוא אמר: מתקדמת. תוכנית ניאו-ליברלית, שנאמנה למקור של נתניהו, היא מתקדמת? היא חדשנית? היא פוגענית, חברי חברי הכנסת. הממשלה הקודמת שבאמת דרדרה אותנו לתהומות גירעוניים, תחוויר לעומת מה שיהיה בממשלה הזאת. עכשיו, זה לא גם תקציב אין-ברירה, לא צריך לטעות. יש כאן מדיניות מכוונת של קיצוץ שירותי המדינה, של חיזוק החזקים. התפיסה של נתניהו, שאימץ אותה בכזאת מהירות גם שר האוצר לפיד, של פגיעה במגזר הציבורי, של קיצוץ בשירותים החברתיים, זו מדיניות שגויה, חברי חברי הכנסת. היא תחסל את הצמיחה, היא תחסל את הכלכלה, היא תעמיק את הגירעון העתידי, וגם את העוני וגם את הפערים החברתיים. ואני קוראת לכם, חברי חברי הכנסת: תצביעו נגד התקציב. תגידו לא ללפיד, וגם לא לאחיו בנט. תקציבי זה הכי אחי, כבר אמרתי? תודה רבה.",1,
275494,2013-06-24,"הצעת חוק להסדרת התיישבות בדואים בנגב, התשע""ג–2013","אדוני היושב-ראש, חברי חברי הכנסת, היום הכנסת הולכת לחוקק נישול והפקעה בחסות הכנסת, חקיקה שהמטרה שלה והמשמעות שלה זה נישול והפקעה. אני רוצה לומר משפט מקדים, חברי חברי הכנסת. אין לי ספק, ואני אומרת את זה באחריות מלאה, אין לי ספק שהשר לשעבר בני בגין, כשהוא קידם את יוזמת החקיקה שמונחת כאן לפנינו התכוון לטוב. אני אומרת את זה, אני יודעת את זה. אני נפגשתי אתו, הוא הופיע בפני הסיעה שלנו, רק הוא לא שכנע אותנו שההצעה הזאת עומדת לתת מענה לבדואים בנגב באופן שיכבד גם את הזכויות ההיסטוריות של הבדואים בנגב, יכיר בזכויות ההיסטוריות, וייעשה כמהלך של הידברות מול האוכלוסייה, ראשיה ומנהיגיה. הדבר שמטריד אותי, אדוני היושב-ראש, ברשותך, אני שומעת את הדיון כאן בכנסת, והדבר שמקומם פעמיים – פעם זה עצם יוזמת החקיקה ופעם זו התגובה של חברי הכנסת מהקואליציה, בזלזול, בגסות הרוח, בהתבטאויות. עומדים כאן חברי כנסת ומדברים מדם לבם. אפשר להסכים אתם, אפשר לא להסכים אתם, אבל הזלזול הזה, ""כולם מדברים על הבדואים בנגב"", ""מי שם אתכם לדבר בשם הבדואים בנגב?"", זה הלך הרוח שאתם משדרים. על מה מדובר כאן? מה, מדובר במהלך קל? מדובר במהלך פשוט? מדובר במהלך שנועד לטרנספר קבוצה של אוכלוסייה גדולה, אזרחי המדינה, ממקום מגוריהם למקום אחר, תוך הטלת סנקציות פוגעניות, קשות, על מי שלא מוכן להיכנס למתווה של ההסדר. אז בזלזול הזה, הכנסת הזאת? שמעתי את הצחקוקים האלה, את הלעגנות הזאת, את הלעג הזה, סליחה. מה זה צריך להיות? חברי חברי הכנסת, מדובר בהסדר שהוא לא שוויוני, מדובר בהסדר שהוא מפלה, שהכישלון שלו ידוע מראש; למה להיכנס למהלכים שהכישלון שלהם ידוע מראש? הרי ברור שהוא לא ייושם. בטח תהיה קבוצה שתלך למתווה הזה, זה תמיד ככה. אבל תוכנית שהמטרה שלה זה להביא לריכוז של אוכלוסיות שונות לתוך איזשהו מתחם, לתוך איזשהו תחום מושב שנקבע מראש – זה סביר? שהולכים עכשיו לפנות כפרים שלמים ואוכלוסיות שלמות, זה סביר? זה נראה לכם דרך התנהלות נכונה בחקיקה של מדינה? ככה פותרים בעיות? ככה ""מסדירים"" התייחסות לאוכלוסייה? מדובר על אזרחים. המדינה מכתיבה באופן חד-צדדי, באופן הזה, הסדר לאזרחים?

אני רוצה לסיים, אדוני. לא מדובר כאן בפינוי של התנחלויות בלתי חוקיות. מדובר באזרחים שהמדינה מסרבת להכיר בעובדה שהם אזרחים לגיטימיים, שיש להם זכויות היסטוריות. ולכן, אדוני היושב-ראש, סיעת מרצ תצביע נגד הצעת החוק הזאת.

אפשר לשאול שאלה, אדוני? האם יש הסדר לשר בנט עם השר המארגן שיסתדרו על ההסדרה של – – – האם יש הבטחה שזה ייכנס בקריאה השנייה והשלישית, אדוני? והאם יש הבטחה לשר בנט שהסדרת – – –

הבטיחו לו שזה יהיה בקריאה שנייה ושלישית?

– – – השר בנט, זה מה שיקרה, אז אולי – – –

אתה יכול לענות לי? אני יכולה לשאול?

כבוד היושב-ראש, אני יכולה לשאול?

אבל הוא לא נתן לנו תשובה, השר.

אתה יודע מה תהיינה תוצאות ההצבעה.",1,
275728,2013-07-01,"הצעות סיעות העבודה, יהדות התורה – מרצ, ש""ס ורע""ם-תע""ל-מד""ע–חד""ש–בל""ד להביע אי-אמון בממשלה בשל:: 1. ממשלה שמעלה מסים על האדם העובד ומחלקת פטורים לתאגידי הענק;: 2. הממשלה מגישה תקציב דורסני, מכבידה את עול המסים, פוגעת במעמד הביניים ומתעלמת ממצוקת הדיור;: 3. אטימות הממשלה נוכח זעקת הרבנים על הקיצוצים הדרקוניים בתקציבי הישיבות הציוניות והגרעינים התורניים בפריפריות;: 4. הממשלה מקדמת חקיקה גזענית ואנטי-דמוקרטית ופוגעת בשכבות החלשות באופן מערכתי","כן, כן, כן, כן, אדוני השר. כן, אדוני השר.

כשתעשה משהו טוב. תאמין לי, כשתעשה משהו טוב אני אגיד לך – – –

כן, אדוני ראש הממשלה. כן, אדוני ראש הממשלה. מה שתגיד, אדוני ראש הממשלה.

– – – מס חברות. אף פעם לא תמכנו בהעלאת מס חברות. תדייק.

מה אני אעשה, לפחות נשאר – – –

גברתי היושבת-ראש, חברי חברי הכנסת, אדוני סגן השר, אני רואה שיש טקטיקה חדשה לקואליציה. טקטיקה חדשה; כל מי שעולה מטעמכם על הדוכן מסביר לנו למה אנחנו כל הזמן תוקפים אתכם ואומרים: לא, לא, לא, לא. איך אמרת את זה? לא, לא, לא. מה נגיד, כן, כן, כן, אדוני ראש הממשלה? כל מה שאתה עושה זה נהדר, אדוני ראש הממשלה? אמר אתמול ראש הממשלה שישראל היא לא זו שמונעת את חידוש תהליך השלום. בלשכת ראש הממשלה אמרו – אחרי שג'ון קרי, מזכיר המדינה האמריקני, נסע – שהושגה התקדמות. ואני חושבת לתומי, איזו התקדמות הושגה? איזו קבלת פנים הכינה ממשלת ישראל למזכיר המדינה האמריקני? אתם יודעים, חברי חברי הכנסת, מה ממשלת ישראל עשתה? אצבע משולשת לממשל האמריקני, בדמות הפשרת בנייה, הפשרת מכרזים בהר-חומה, הכשרת השטח בנוקדים, באיתמר, ברמות.

זה סיכול ממוקד. סיכול ממוקד – –

– – סיכול ממוקד לאפשרות לעשות הליך מדיני. נכון, רמות זה ירושלים. הר-חומה זה ירושלים – –

– – כולם יודעים. אפילו שר החוץ הקטארי אמר – כשהוא הגיש את יוזמת הליגה הערבית המחודשת לממשל האמריקני הוא אמר: ייתכנו חילופי שטחים. כולם יודעים שנוצרה מציאות בירושלים, שנצטרך במסגרת המשא-ומתן על חלוקת הריבונות בירושלים להגיע להסדר. אבל למה עכשיו? למה במהלך משא-ומתן – כשמנסים לחדש את המשא-ומתן? מה בדיוק התבונה לבנות עכשיו, כשמנסים לחדש את המשא-ומתן? מה רוצים בדיוק לאותת לממשל האמריקני? ואחר כך ראש הממשלה אומר שהושגה התקדמות? ראש הממשלה לא מאמין לאבו מאזן. תשאלו את חבר הכנסת, סגן השר אופיר אקוניס, שיושב כאן. גם הוא לא מאמין לאבו מאזן. וכל הניסיונות שעושה ממשלת ישראל הם להקשות על אבו מאזן לחזור למשא-ומתן, כשממשיכים לבנות. מה חושבים? שאנחנו נבנה פה ועולם כמנהגו נוהג? אז קרי יכול לשבת 13 שעות, או 13 פעמים לנסוע הלוך-חזור, הלוך-חזור. כשזו ממשלת ישראל, כשחברי כנסת בכירים בה, כמו יריב לוין, דני דנון, מירי רגב, השר ישראל כץ ואחרים, אומרים שהם מתנגדים לפתרון שתי המדינות, מה בדיוק מבינים הפלסטינים מזה? מה הם צריכים להבין מזה? מהמסר הזה של ממשלת ישראל, שבכיריה אומרים שהם מתנגדים לפתרון שתי המדינות, ובשטח קובעים עובדות ובונים ובונים, ובעצם מאותתים לפלסטינים – אתם תבואו, אנחנו נבוא, אלה יבואו – אתם אלה שדוחפים את הפלסטינים לחזור בספטמבר לאו""ם ולבקש הכרה באופן חד-צדדי. אתם אלו שדוחפים אותם חזרה לאו""ם. אחר כך מה אתם אומרים בדיוק? שמעתי את אופיר אקוניס בהרבה הזדמנויות אומר: נתניהו מתעקש על משא-ומתן ללא תנאים מוקדמים. איך אפשר להתעקש על משא-ומתן ללא תנאים מוקדמים כשממשיכים להרחיב את גבולות ההתנחלויות? יש משא-ומתן כזה, אני שואלת, חברי חברי הכנסת? הרי הכול זה מס שפתיים. כל הפגישות האלה זה רק בשביל הריטואל. זה הכול מס שפתיים. חברי חברי הכנסת, מדינת ישראל תיבחן על-פי עמדות הפתיחה במשא-ומתן המתחדש, ולא על-פי ההצהרות שלה. כמו שאמר היום מקורב – היום יש ציטוט ב""הארץ"" – מקורב ללשכת ראש הממשלה: הושגה התקדמות. הצהרות ריקות מתוכן זה לא רלוונטי. יש כאן, חברי חברי הכנסת – ובזה אני רוצה לסיים – אמר את זה גם מזכיר המדינה האמריקני, יש כאן הזדמנות אחרונה. חלון ההזדמנויות, אותו צוהר, אותו חרך שנותר לפתרון שתי המדינות, הולך ונסגר, הולך ונסגר, כי יש כאן ממשלה שמייצרת עובדות בשטח. ואתם, סגן השר לוי, הופכים לחותמת גומי שלה. כן, לחותמת גומי שלה. כי כשמפשירים מכרזי בנייה בזמן משא-ומתן – ואתה עולה לכאן לדוכן, ואתה תוקף את האופוזיציה, במקום לתקוף את הממשלה הזאת שמטרפדת, שמכניסה מקלות בגלגלי המשא-ומתן. חלון ההזדמנויות הזה הולך ונסגר, ואז אנחנו עלולים למצוא את עצמנו במציאות כמו שרוצים אופיר אקוניס ואחרים, חלילה. אני חושבת זה רע לדמוקרטיה הישראלית, זה רע לפלסטינים, זה רע לכולם מציאות של מדינה דו-לאומית. אז תתפכחו.",1,
276747,2013-07-23,"הצעת חוק התקציב לשנות הכספים 2013 ו-2014, התשע""ג–2013","– – – רכבת קלה. ככה אתה – תן פירוט, מרוב שהכול טוב – – –

אל תעשה סימנים, תן פירוט – – – שהציבור ישמע.

בשווייץ עושים משאל עם – – –

ואחר כך תגיד שיש לו – – –

אני מודה לך מאוד, אדוני, וזו באמת הזדמנות לברך את חברנו חבר הכנסת ניצן הורוביץ – לצערי הוא לא יכול להיות כאן עכשיו – ואת חברת הכנסת אורלי לוי אבקסיס, שני חברי כנסת מצטיינים, שזכו בדין, בצדק, באות, בפרס, ובאמת אני שמחה שיש לי הזדמנות לחזור אחריך ולנצל את הבמה הזאת ולברך אותם. חברי חברי הכנסת, אנחנו עוסקים בתקציב המדינה. עמד כאן עכשיו חבר הכנסת ניסן סלומינסקי, יושב-ראש הוועדה, ותיאר לכם את התקציב, ואני רוצה לספר לכם – אם הייתם יודעים איך מיליארדים עברו מצד לצד בוועדה – וואווה-וויווה. מיליארדים זה משהו – 2%, 3%, כיתות א', נקצץ בטיפולי שיניים, נקצץ בקצבאות ילדים – זה תקציב זה, אדוני השר? זה תקציב אין ברירה? זה תקציב של ממשלה – אני יודעת שלא אהבת את זה שאמרתי את זה בפעם הקודמת, אבל – שמשקפת בתקציב שהוגש כאן את אותה מדיניות של הממשלה הקודמת; תקציב ניאו-ליברלי, אכזרי, תסלח לי. פשוט אכזרי. כי במי הוא פוגע? אתה יודע מה, הוא לא רק אכזרי, הוא גם פחדני, כי במי הוא פוגע? הוא פוגע בקבוצות המוחלשות, הוא פוגע במעמד הביניים. אז אני יודעת שכתבת בפוסט שלך: פגענו באלה ופגענו באלה, ורק בסוף הגענו למעמד הביניים, כי לא הייתה לנו ברירה. אני כמעט קוראת את זה בקולך. לא הייתה לנו ברירה. אבל הם הראשונים שיהיה להם יותר טוב. מתי זה יהיה, אדוני השר? ואתה יודע למה אני חושבת שזה תקציב פחדני? כי זה תקציב שלא מתמודד עם הממסדים הגדולים, אותם ממסדים שלא מכירים את המילה ""לא"". ומולם היה צריך להפגין אומץ. אבל היית חכם על חלשים. במי טיפלת? מול מי הפגנת אומץ? זה תקציב אין ברירה? זה תקציב שמשקף מדיניות מכוונת של קיצוץ שירותי הרווחה, וחיזוק החזקים. זאת תוכנית שלוקחת ממי שאין לו ולא נוגעת בחזקים, כי רוצים לסגור את הגירעון. עכשיו מה, היא תגדיל את הצמיחה, התוכנית הזאת? יש מנועי צמיחה בתוכנית הזאת, אדוני יושב-ראש הוועדה? היא תחסל את הכלכלה, היא תעמיק את הגירעון העתידי, ובוודאי שתעמיק את העוני ואת הפערים החברתיים. תגדיל את האי-שוויון. גם ככה על-פי דוח ה-OECD מדינת ישראל היא הענייה מבין מדינות הארגון, במקום החמישי במדד האי-שוויון. למה אני אומרת שזה תקציב פחדני? כל הזמן השר אומר: אין ברירה, אחרת אנחנו נהיה יוון או אנחנו נהיה ספרד. למה זה תקציב פחדני? למה לא נהיה יוון וספרד – כל הזמן מהלכים עלינו אימים? מול מי היה צריך להתמודד וממי היה צריך לקחת? מערכת הביטחון. אני רוצה לדבר על אחד הממסדים, מערכת הביטחון. קיצצו 3 מיליארד. עכשיו, אנחנו יודעים מה יהיה בתקציב הביטחון. זה קורה כל שנה בוועדת הכספים, וזה יקרה גם אצלך, אדוני יושב-ראש הוועדה; תבוא מערכת הביטחון, תמיד היא תהלך עלינו אימים. אנחנו ראינו, כל שנה תקציב הביטחון מאושר כאן במליאה וגדל ב-10 מיליארד שקלים יותר ממה שאושר. כל שנה. איך זה קורה? כי חברי ועדת הכספים הם חותמת גומי לתקציב הביטחון. מגיעים כל מיני זה, סוגרים אתך ככה, אומרים לך איזה משהו באוזן – באים לוועדה ומעבירים בהעברות תקציביות. אדוני יושב-ראש הכנסת, אני מנצלת את ההזדמנות שאתה יושב עכשיו בראש הישיבה, ואני חושבת שהדבר הזה מצריך מחשבה, האם הסעיף הזה, של העברות תקציביות – אני אומרת את זה עכשיו ברמה העקרונית – הסעיף הזה, של העברות תקציביות, שהוא סעיף חשוב, כי הוא בכל זאת נועד לאפשר קצת תמרון אחרי שמאשרים, האם הוא בלתי מוגבל? האם אפשר באמצעות הסעיף הזה של העברות תקציביות להעביר כספים בצורה ממש מופקרת, הייתי אומרת? אני יכולה לתת לך שלושה גופים שקיבלו תקציבים כאלה באופן ממש מופקר. אני אומרת מופקר, אני הייתי בישיבות האלה. אחד זה הישיבות בזמנו, השני זה ההתנחלויות, והשלישי זה הממסד הביטחוני, מערכת הביטחון. מיליארדים יותר ממה שאושר כאן במליאה. אז בשביל מה אנחנו מאשרים? האם לא כדאי לחשוב על הגבלת היכולת או על הגבלת הסכום שיש לוועדת הכספים להעביר העברות תקציביות באופן כזה? זה ככה במאמר מוסגר, סוגיה למחשבה. אני רוצה רק לציין, אדוני, שפניתי בעניין הזה גם ליועץ המשפטי של הכנסת, שיחווה את דעתו. כי באמת אני חושבת שיש כאן התנהלות לא מאוזנת, לא שקולה. אני חוזרת לתקציב המדינה, לתקציב שהוגש. אז ממסד ראשון ששר האוצר לא התמודד אתו זה מערכת הביטחון. הממסד השני זה מפעל ההתנחלויות; מיליארדים על מיליארדים שעוברים – רק השבוע חשף דוח מבקר המדינה איך חוכרים קרקע באפס, אפס תשלום על קרקע. איך במסגרת ההעברות התקציביות, שרק הרגע דיברתי עליהן, בוועדת הכספים, מעבירים כספים באמצעות החטיבה להתיישבות – מאות מיליונים, מאות מיליונים שוועדת הכספים לא יודעת לאן זה הולך. מאשרים תקציב במליאה, ואחר כך אתם עושים מה שאתם רוצים. אז מיליונים מיליארדים למפעל ההתנחלויות. ואחרונים שאני רוצה להתייחס אליהם הם אותם בעלי הון, אותן חברות מובילות במשק, שקיבלו פטורים מופרכים. רק השבוע התפרסם שחברת ""טבע"", שהיא חברה חשובה, ויצרנית, ומספקת מקומות עבודה, קיבלה בשש השנים האחרונות מתנה, 12 מיליארד שקלים, וכל סך ההטבות לאותן חברות מובילות במשק מכוח חוק עידוד השקעות הון, קרוב ל-30 מיליארד שקלים. זה נראה לכם סביר? נראה לכם סביר שהחברות המובילות במשק מקבלות מתנה, פטור, כ-30 מיליארד שקלים? ולמי אתם מקצצים? בטיפולי השיניים? בכיתות א' – שאתם דוחים? זה נראה לכם סביר? חברי חברי הכנסת, שלא נדבר על הרווחה – – –

אני רוצה לומר, חברי חברי הכנסת, שהאמירות של שר הפנים הנוכחי – – –

האמירות של שר הפנים הנוכחי, שר החינוך הקודם, חושפות בקיעים בקואליציה, אני רואה. אני רואה שיש פה בקיעים, אדוני השר, שר החינוך לשעבר.

אני לא בונה על זה, אבל אני רואה בזה ביקורת מרומזת על ההסכמה של שר האוצר ושר החינוך לקצץ בתקציב החינוך, אותם 0.5 מיליארד שהוסיפו לו ולקחו לו, כי – כבר אמרנו.

ברור שזה הם. ברור שזה הם.

אדוני, הייתכן ששר הפנים מפריע לי? אדוני.

אדוני, הייתכן ששר הפנים מפריע לי?

אבל אתך אני לא מעזה, חברת הכנסת זנדברג. עליו זה קל.

תודה. חברי חברי הכנסת, שלא נדבר על ה-27 מיליארד שקלים ברווחים הכלואים, שאף אחד לא מתעמת עם החברות האלה. אז שמעתי ששר האוצר נפגש עם מנכ""ל ""טבע"", נפגש, אמר לו. תגידו, אתם חושבים שאדם מהיישוב, חברה מהיישוב שהייתה נקלעת לקשיים מול מס הכנסה או מול – אני לא יודעת, יש לה בעיות של תכנוני מס, תיאומי מס, הייתה פוגשת את שר – מישהו היה מצליח להגיע לשר האוצר בקלות כזאת? בא, נפגש, הולך. מה הוצאת לנו מ""טבע"", מהרווחים הכלואים? אנחנו בינתיים לא ראינו את זה בתקציב. אני רוצה לדבר על הגזירות שבכל זאת נכנסו לתוקף, העלאת המע""מ ב-1%, העלאה של המס על הסיגריות והאלכוהול, דחיתם את התחלת היישום של יום לימודים ארוך, הקפאתם טיפולי שיניים, העליתם את תשלומי ההורים, כל מה שקשור לדיור, הולכים למכור דירות בדיור הציבורי והכסף לא יחזור לבניית דירות חדשות לדיור הציבורי. איזו מדיניות זו בכלל? והקיצוץ בקצבאות הילדים. והסביר לנו כאן עכשיו יושב-ראש ועדת הכספים כמה היה הגיוני לעשות קיצוץ רוחבי במשרדי הממשלה. גם עשו קיצוץ רוחבי במשרדי הממשלה – 4%, ואחר כך קיצצו במשרד החינוך ובמשרד התחבורה, כי בכלל הוסיפו להם, כי בכלל הוסיפו להם. במי זה פוגע כשמקצצים במשרדים האלה? זה פוגע במגזר הציבורי, בשירותים החברתיים, בבריאות, ברווחה, בחינוך. במי זה פוגע? בקבוצות החזקות? בחברות המובילות במשק? לא, זה פוגע בקבוצות המוחלשות. ולכן, חברי חברי הכנסת, אנחנו חושבים שמדובר בתקציב רע. סלח לי, אדוני השר, אכזרי, אכזרי, אכזרי. ואם הייתי חושבת – אולי אני צריכה להגיד משהו בכל זאת לזכותו של השר.

אני לא אשתולל, אני אהיה מתונה, אדוני. אתה יודע כי בעניין הזה, זה נכון שכשנכנסת לתפקיד קיבלת בור, בור שחור, גירעון עצום – 43 מיליארד שקלים. אי-אפשר להפיל את זה עליך. אבל מה שאפשר להפיל עליך אלה דרכי ההתמודדות שלך. האופן שבו אתה מתמודד משקף את תפיסת העולם שלך, של המפלגה שלך. מה, אין אלטרנטיבה? אם היו אומרים אין אלטרנטיבה, זו הדרך ואין בלתה, ואפילו סגן שר האוצר מיקי לוי לא היה מצליח – היה עולה לפה, נניח היה, אתה יודע, הוא עם הלהט שלו, תאתאתא, היה נותן להם חלופות. כאילו אין חלופות, כאילו אם לא נאשר את התקציב הזה נהיה יוון וספרד. כל הזמן זה מהדהד לי, יוון וספרד. אני רוצה לומר לך, אדוני השר, שיש חלופות ויש אלטרנטיבות, ואפילו הצענו אותן, וגם שלחתי לך תוכנית. אני בטוחה שלא היה לך זמן להסתכל עליה. חברי הכנסת גפני ואני, כן, במסגרת קידום אג'נדות, בהחלט כן, במסגרת קידום אג'נדות, כאן, בכנסת, של סולידריות חברתית. יש לנו הרבה מחלוקת בהרבה נושאים אחרים, בליבה, בדת ומדינה, ב-80,000 נושאים אחרים, אבל בנושא החברתי-כלכלי האופוזיציה מאוחדת, מאוחדת בתפיסת עולם חברתית, שוויונית. ואנחנו הגשנו חלופות לתקציב שאתה הצגת, ומתברר שאפשר לגייס יותר כסף, ולא על חשבון טיפולי שיניים, ולא על חשבון צהרונים לאימהות. כל הטרכטנברג הזה, מה נהיה מזה? מה נהיה מזה? חברי חברי הכנסת, אני רוצה לתת כמה דוגמאות מה למשל היה אפשר לעשות. אתה יודע מה, אדוני השר? ככה אני זורקת לך טיפים, אתה כבר יושב פה, אין לך ברירה. אתה צריך לשמוע, יאללה לך על זה, אתה יודע.

תודה. אנחנו מציעים – אני יודעת שדיברתם על זה, אבל אנחנו מציעים לטפל בתופעת תכנוני המס האגרסיביים. אני רוצה להראות עכשיו איך אפשר לגייס 43 מיליארד שקלים, פלוס מינוס 43 מיליארד שקלים. אני אעשה את זה טלגרפית. אחד, תכנוני המס האגרסיביים. אם היו עושים את זה כמו שצריך – – –

אני מודה לך, חבר הכנסת מרגלית. אני חושבת שאתה צודק. מה, לאן אני ממהרת? אתה צודק. חברי חברי הכנסת, תכנוני מס אגרסיביים היו יכולים להכניס 3 מיליארד שקלים. אז אני יודעת, שמעתי את נציב רשות המסים אומר שמתכוונים להקים ועדה שאמורה לטפל בזה. צריך אומץ, אדוני, קוראים לזה אומץ, להתמודד אתם – 3 מיליארד שקלים. כל הנושא של החזרת הבעלות על משאבי הטבע לידי הציבור, אני אומרת את זה טלגרפית, אם יעשו בחינה מחודשת – עכשיו בוחנים, זה תלוי ועומד בבג""ץ, הנושא של תמלוגי הגז. כל הסוגיה של קביעת מס הולם עבור כל משאב, גם עבור כרייה וגם עבור שאיבה – כל הדברים האלה. אפשר להעלות את שיעורי התמלוגים ל-50%. אין הצדקה לתת את זה מתנות. אם יעשו רפורמה בכל הנושא הזה אפשר לגייס – אתה סופר, חבר הכנסת מרגלית? – 12 מיליארד.

מה זה ""לא כסף""? חבר הכנסת סלומינסקי העביר את זה בתאתאתא. אתה יודע? הוא כבר היה מתבלבל בוועדה. הוא היה אומר: מיליון, מיליארד. אתה יודע באיזה קלות המיליונים והמיליארדים זרמו? לא הבנתי, אני לא יודעת להגיד את הסכומים האלה בכלל. חברי חברי הכנסת, רפורמה בחוק עידוד השקעות הון, כל הנושא של גביית מס על הרווחים הכלואים – יש היום 27 מיליארד שקלים ברווחים הכלואים. בוא נאמר שאם יעשו גביית מס וקביעת שומות אפשר להגיע – נניח, מתוך ה-27 מיליארד שקלים, עשינו הערכה גסה – – –

לא, אל תתווכח אתי. יש כלואים, רווחים כלואים. תאמין לי, כיוון שאני חשפתי את הנושא של הרווחים הכלואים, חבר הכנסת סלומינסקי – – –

חבר הכנסת סלומינסקי, תתרכז בי. כיוון שאני חשפתי את הנושא של הרווחים הכלואים – יש כרגע 27 מיליארד שקלים רווחים כלואים. בהערכה נכונה אפשר לגבות 13.5 מיליארד שקלים, לצמצם את הטבות המס ליצואנים, לבטל הטבות מס במרכז, לטפל בכל מה שקשור – – –

אבל אתך אני לא מעזה. חברי חברי הכנסת, אני עוברת לסעיף של דיור ובינוי. הכנסה צפויה מתוכנית דיור ממשלתית – אם הייתם מקבלים את התפיסה של תוכנית דיור ממשלתית אפשר היה להגיע למצב שבחמש השנים הראשונות אפשר היה לגייס 120 מיליון שקלים, ואחר כך מהשנה השלישית 240 מיליון שקלים. ואם היו ממסים דירות ריקות אפשר היה לגייס מיליארד שקלים, דירות שעומדות מעל שישה חודשים – אפשר היה לגייס מיליארד שקלים. חברי חברי הכנסת – אני לא יודעת לכמה הגעת, חבר הכנסת מרגלית. אם היו עושים מס חברות דיפרנציאלי; נראה לכם סביר שמי שיש לו מכולת או סופרמרקט משלם מס כמו מי שיש לו איזה חברה גדולה? למה לא לעשות מס חברות דיפרנציאלי? מי שמרוויח עד 1.2 מיליון להוריד לו את המס ל-20% – – –

אז אני מציעה עכשיו להוריד לו את שיעור המס ל-20%, ומי שיש לו מעל זה להעלות לו את שיעור המס ל-30%. זה צודק.

אוקיי, אז אני מסיימת. אני מבינה, אדוני.

אוקיי, אז אני רוצה לסיים, אדוני. נשאיר את כל שאר הדברים, של העמקת הגבייה, של טיפול בהתנחלויות, בתקציב הביטחון, חברי חברי הכנסת, אני אשאיר לחברים אחרים שלי. אני רוצה לחזור ולומר, אנחנו נצביע נגד התקציב. זה תקציב רע, זה תקציב שפוגע בקבוצות המוחלשות, במעמד הביניים, אין לו בשורה, אין לו כלום. סתם תקציב רע, אדוני השר. סתם תקציב רע.

ב""לה-לה-לנד"", כמו שהוא אמר, ב""לה-לה-לנד"" – – –

אדוני השר, מכמיר לב – – –

אתה שם ידיים בבוץ? איזה בוץ, של חוף ראשון? – – –

– – – השר נהנה מכל רגע, את לא שמה לב.

לא, היא הכירה באחריות שלה למשמעת קואליציונית, לא הפיסקלית.

אבל הוא לא יכול לדבר כי אין שר – אה, בגלל זה יש קריאות ביניים?

איך אתה יודע שהוא הלך לשם?

אנחנו מצטערים. תספר לנו את זה באופן אישי בהזדמנות אחרת.",1,
277232,2013-07-31,הצעת חוק-יסוד: משאל עם: הצעת חוק-יסוד: משאל עם,"אבל יהודה ושומרון לא נכללים בזה.

זה דומה, וזו אותה שיטת משטר.

וזו אותה שיטת משטר. וזו אותה שיטת משטר.

הוא רצה להסתמך על הקולות של הערבים.

אתם מעלים להם את אחוז החסימה – – –

אנחנו לא תמכנו אף פעם במשאל עם, אל תתבלבל.

אבל אותו בנט לא סחט על התקציב. גם אם הייתה לו תפיסה, הם לא נסחטו על-ידי בנט. אתם נכנעתם כמו עלובים למישהו – – –

אני משוכנעת שאתם סמרטוטים.

אדוני היושב-ראש, חברי חברי הכנסת, שמעתי את השר סער עומד על הדוכן ומסביר את הנימוקים לחקיקת חוק-יסוד: משאל עם, ואז אני שומעת את יריב לוין שמסביר כמה זה נורא שרוצים חוק-יסוד ולמה לא מסתפקים בחוק רגיל. חברי חברי הכנסת, מי שמציע כאן משאל עם הוא מפחד. מי שמציע משאל עם הוא מפחד, הוא מפחד להתמודד – –

– – הוא מפחד, חברי חברי הכנסת. ואני אומרת לראש הממשלה נתניהו, שמשאל עם הוא מפלטו של הפחדן, וראש הממשלה נתניהו הולך למשאל עם, לא כי כבר השיחות בוושינגטון – הנה, או-טו-טו, או-טו-טו, הולכים על זה. הרי אנחנו יודעים שאם לא יהיה הסדר על בסיס קווי 67', וחילופי שטחים, לא יהיה הסדר. אז מה החיפזון ללכת עכשיו על משאל עם לולא הכניעה של ראש הממשלה נתניהו לחישוקאים בנט והחברים שלו מימין, וליברמן וכל החבר'ה הטובים? תראו על מה הכנסת הזאת צריכה להצביע היום, חברי חברי הכנסת. מספרים לנו שראש הממשלה יצחק רבין תמך במשאל עם. אבל לא אומרים לנו כאן, מעל הדוכן, שראש הממשלה יצחק רבין קיבל החלטה, קיבל החלטה בממשלה ובכנסת ריבונית, החלטה שהייתה מוכנה לוותר על שטחי ארץ-ישראל תוך הסתמכות על הקולות של חברי הכנסת הערבים. חברי חברי הכנסת, יגאל עמיר, כשהוא לחץ על ההדק, הוא לחץ על ההדק בעקבות שטיפת מוח של רבנים.

בגלל שטיפת מוח של רבנים, שטענו שלממשלה נבחרת ולכנסת ריבונית אין מנדט לוותר על שטחי ארץ-ישראל. ומי שהיום מחשק את ראש הממשלה נתניהו ואומר שאין לכנסת מנדט לקבל החלטות ריבוניות על ויתור שטחים, מאמץ את התפיסה של יגאל עמיר, נותן לה הכשר ונותן לה לגיטימציה. זה מה שאתם עושים היום, חברי חברי הכנסת.

זה מה שאתם עושים, נותנים הכשר, נותנים הכשר לתפיסה של יגאל עמיר, שעשה את מה שהוא עשה בעקבות פסקי הלכה של רבנים. חברי חברי הכנסת – – –

מה אתם קופצים? מה קרה? על מה לחצנו לכם? על איזה קפיץ? חברי חברי הכנסת, שימו לב שהחוק שמובא לפה זה לא רק חוק-יסוד: משאל עם. מה בנט עוד הצליח להכניס לחוק הזה? כדי שהכנסת – אם היא תרצה לבטל את החוק הזה, היא תצטרך לעשות את זה ברוב מיוחס של 61 חברי כנסת. מה, זה רציני? מישהו בכלל חושב שזה רציני? מה אתם אומרים, שלכנסת הזאת אין סמכות לקבל החלטות גורליות, משמעותיות? מה, אנחנו הפכנו את שיטת המשטר כאן? אנחנו דמוקרטיה פרלמנטרית ייצוגית. הכנסת מייצגת את ריבונות העם. רק לפני כמה חודשים הלכנו לבחירות. על מה הלכנו לבחירות? כולם ידעו למי הם הצביעו.

חברי חברי הכנסת, כיוון שאני צריכה לסיים אני רוצה לומר שבכנסת הזו קודם כול מעלים את אחוז החסימה, ואחר כך בשם המשילות עולים חברי כנסת ושרים, שר החינוך מיש עתיד, ובעליבות צריך להסתמך על דפוסי הצבעה של מפלגת העבודה בקדנציות קודמות. אין מספיק טיעונים טובים? ועכשיו עולה שר, השר סער, ובעליבות נוספת מביא תניא דמסייע את העמדות של חברי מפלגת העבודה בפעם הקודמת. איזה עלובים, איזה עליבות. זאת כנסת? מה אתם משדרים? שלכנסת אין סמכות?

הרי אם היו הולכים למשאל עם, רוב הציבור היה תומך בהסדר של שתי מדינות, רק הוא לא סובל את התעלול הפוליטי הנלוז שלכם. תודה רבה.

זה לא היה גירוש, זאת הייתה החלטה של כנסת ריבונית.

הצלחת לחשק את ראש הממשלה.

מי שמך לדבר בשם הדמוקרטיה – – –

– – – הצבעה על התקציב מול משאל עם. זאת לא – – –

אתה מסלף את הדיון. מה, אתה היית פה?

שמענו על הרסיס בישבן של בנט – – –",1,
278014,2013-11-05,שעת שאלות,"תודה רבה, אדוני היושב-ראש. ברכות על הפרוצדורה החדשה, ותודה לשר אורי אריאל.

חדשה-ישנה, אוקיי. בעיתון ""הארץ"" פורסם על ההכרזה על יישובים עירוניים כהתיישבות כפרית במטרה לעקוף את החובה לפרסם מכרזים לשיווק קרקעות בשטחי יהודה ושומרון. אני רוצה לשאול את השר: אחת, על בסיס אילו קריטריונים יעברו התנחלויות מסטטוס של התיישבות עירונית לסטטוס של התיישבות כפרית, כדי שניתן יהיה לפטור אותן מחובת פרסום מכרז לשיווק קרקעות? ושאלה שנייה, ברשותך, האם אותו דין יחול גם על התיישבויות בתוך הקו הירוק, אשר יוכלו ליהנות מפטור ממכרזים עתידיים לשיווק קרקע? – שיוכלו ליהנות מאותם פטורים. תודה.

זאת הייתה התשובה לשאלה השנייה.

אני מודה לאדוני על הקרדיט על חשיבה על רעיונות מקוריים, יצירתיים ונועזים, הייתי אומרת. אני רוצה לשאול את השר: יכול להיות שזה פרסום שאין לו ידיים ורגליים ומישהו ראה צל הרים כהרים? אין רעיון כזה לשנות את ההגדרות של יישובים עירוניים ליישובים כפריים? מישהו דמיין? מישהו ראה בעיני רוחו צל הרים כהרים?

מכיוון שאני מכירה את אדוני ואת הרעיונות היצירתיים שהוא כבר יישם – –

– – אז לא הייתי רוצה להכניס לראשו של מי רעיונות מעין אלו.

ברור. כמו שאני מכירה את חבר הכנסת אייכלר, הוא עוד יגיד לתת לרבנות סמכות מקבילה לבית-המשפט. תכף זה יגיע.

תודה שזה רעיון יצירתי, מקורי, נועז, ונחיל אותו גם על ההתיישבות בתוך הקו הירוק.",4,
279536,2013-12-23,"הצעות סיעות העבודה, יהדות התורה – מרצ, ש""ס ובל""ד–רע""ם-תע""ל-מד""ע–חד""ש להביע אי-אמון בממשלה בשל:: 1. כישלונה בתחום החברתי-כלכלי;: 2. פגיעתה בדמוקרטיה;: 3. הרעבת 817,000 ילדים, שהם שליש מאוכלוסיית הילדים במדינה, והפניית עורף לשוועת הקשישים הרעבים ולחצי מיליון המשפחות שמתחת לקו העוני;: 4. כישלונה בתחום המדיני והכלכלי-חברתי","אדוני היושב-ראש, תודה, חברי חברי הכנסת, אני מנמקת הצעת אי-אמון בשם סיעות מרצ ויהדות התורה. אנחנו מביעים אי-אמון בממשלה, כי הממשלה הזאת משתוללת ואין מי שיעצור אותה, והכנסת מפגעת בדמוקרטיה, הכנסת שהייתה צריכה להיות המעוז, המגן, המבצר את זכויות האדם וההגנה על הדמוקרטיה הופכת להיות זו שמפגעת בדמוקרטיה הישראלית. תראו מה קורה כאן בממשלת ישראל, חברי חברי הכנסת, בזמן שיאיר לפיד וחברי הכנסת של יש עתיד משחקים בכל מיני איומי סרק ובתחזיקו אותי, ומחפשים כותרות בעיתונים כדי לבלום את הנפילה בסקרים, מי שבעצם מנהל את הממשלה הזאת אלה המתנחלים של הבית היהודי, החבורה האנטי-דמוקרטית של ישראל ביתנו והקיצונים המסיתים של הליכוד, שכל מה שמעניין, ככה לפעמים יש לי תחושה – שמה שמעניין אותם זה שהמדינה שלנו פה תעלה בלהבות. וכשאנחנו בודקים מה קורה, אז מסבירים לנו שהם יושבים בממשלה, כי פוליטיקה זה משחק של פשרות. אז אני רוצה, חברי חברי הכנסת, לקרוא בפניכם פסקה שנכתבה לפני שנה. נחשו, חברי חברי הכנסת, מי כתב את הפסקה – לא אתה, השר בנט – מי כתב את הפסקה הזאת; אני מצטטת: ""הם הרי לא יקצצו לחרדים. הם לא יקצצו למתנחלים. הם לא יקצצו לוועדים הגדולים. הם לא יקצצו לאף אחד מהסקטורים, מהמגזרים, מקבוצות האינטרסים ומאלה שהתפקדו אליהם למפלגה. הם תמיד ידברו על זה, הם תמיד יעשו קולות כאילו הפעם הם מתכוונים ברצינות, ואז, ברגע האמת, הם יתכנסו בחדרים האחוריים של הפוליטיקה הישראלית הישנה, וכשהם יצאו משם אנחנו נגלה ששוב, גם הפעם, מי שמשלם את החשבונות הוא מעמד הביניים הישראלי"". חברי חברי הכנסת, אמר את זה לא אחר משר האוצר יאיר לפיד. רק לפני שנה הוא אמר את זה, הוא כתב את זה ליתר דיוק, אותו שר אוצר שרק הבוקר הודיע שבעצם שוב, מתוך הסכם שהיה עם הבית היהודי, הם לא יקצצו בתקציב הישיבות. ונחשו מה קרה למי שהבטיח שהוא יקצץ את תקציב הביטחון? גם היום הגדילו שוב בכמה מיליארדים את תקציב הביטחון. חברי חברי הכנסת, אז בפוליטיקה הישנה ובפוליטיקה החדשה, חברי חברי הכנסת, כנראה שאין שום הבדל, והם מסבירים לנו ביש עתיד, עוד הפעם הם מסבירים לנו שפוליטיקה זה משחק של פשרות. ואני שואלת אתכם, מה בדיוק קיבלה יש עתיד תמורת התמיכה העיוורת שלה בממשלה שמוליכה לחיסולה של מדינת ישראל כמדינה דמוקרטית? שימו לב באילו חוקים תמכו יש עתיד ושאר חברי הקואליציה הזאת: בחוק ההסתננות; מתכוונת לתמוך בחוק העמותות, בחוק פראוור. ומה קיבלה יש עתיד בתמורה? שימו לב, הבטחה לוועדה שתבחן את הפתרון לשוויון בנטל, או איזה תמיכה מעורפלת ומסויגת בחוק של חצי נקודת מס עבור זוגות חד-מיניים, שגם היא נתונה לגחמות של נפתלי בנט ואיילת שקד ושימוש בזכות הווטו שיאיר לפיד נתן לנפתלי בנט בממשלה הזאת. חברי חברי הכנסת, בזמן ששר האוצר נכנס לעוד קרב עם הפסד ידוע מראש מול ראש הממשלה נתניהו על איזו מפלגה תקבל את תפקיד יושב-ראש ועדת החוץ והביטחון, ממשלת נתניהו יוצאת למלחמה נגד העקרונות הבסיסיים ביותר של מדינה דמוקרטית. ומה שמדאיג אותי, שאזרחי מדינת ישראל הם כבר מזמן לא הריבון במדינה הזאת. אזרחי מדינת ישראל, חברות וחברים, רוצים הסדר מדיני ומשא-ומתן אמיתי, לא כזה של משיכת זמן מול האמריקנים. אזרחי ישראל רוצים לחיות במדינה חופשית ומתקדמת, אזרחי ישראל רוצים שההון יחולק גם למעמד הביניים ולא יהיה כולו בידי טייקונים והאלפיון העליון, והם מאמינים שזכותו של כל אדם במדינה היא לרשת ביטחון חברתית ולחיים בכבוד. ואני מעריכה שאם היו בודקים את זה היו רואים שאזרחי ישראל גם רוצים הפרדת הדת מהמדינה ושוויון זכויות לקהילה הלהט""בית, והם רוצים בעיקר שהמדינה תחזור ותשקיע בהם בחינוך, בפיתוח, ביצירת מקומות עבודה, בפתרונות לבעיית מחירי הדיור גם בתוך הקו הירוק ולא רק בהתנחלויות. איפה עומד ראש הממשלה בכל הנושאים האלה? על מה ראש הממשלה מדבר בשבועות האחרונים? שימו לב. למה הוא מתעקש לדבר אתנו רק על איראן, שואה, איראן, רוחאני, אנטישמי, מסוכן, ולקינוח עוד הפעם איראן? למה ראש הממשלה לא אומר לנו בכנות אם הוא מאמין בפתרון שתי המדינות ואם יש לו תוכנית אמיתית לבעיית הדיור? למה, למען השם, אחוז כל כך גבוה מהתחלות הבנייה מתרכז בהתנחלויות כשברור שיצטרכו לפנות אותן? בכלל, קראנו לו כאן בשבוע שעבר: ביבי, צא מהארון. מתי הוא יגיד את דעתו בנושא הקהילה הלהט""בית? ובכלל, האם הוא יגיד לנו אם יש לנו איזו תוכנית כלכלית אמיתית? אולי הוא גם יגיד לנו בהזדמנות הזאת מה הוא חושב על נישואים אזרחיים? אבל, חברי חברי הכנסת, אל תבלבלו את ראש הממשלה נתניהו בשאלות האלה. מה שעושה ראש הממשלה נתניהו, למי שראה גם את ועידת הליכוד, הוא עסוק כל היום בלוליינות פוליטית כדי לשרוד מול עסקני הליכוד. ומה עושה בינתיים הממשלה שלו, ממשלת נתניהו – וזאת הסיבה שבגינה אנחנו מציעים אי-אמון בממשלה? בדיוק ההפך ממה שהציבור היה רוצה. ממשלת נתניהו לוקחת את הכסף שלנו ומעבירה אותו לחטיבה להתיישבות ושורפת אותו בכל מיני הרפתקאות משיחיות של מתנחלים מעבר לקו הירוק, ועל הדרך גם מובילה אותנו לבידוד בין-לאומי ולתסיסה שיכולה להיגמר בעוד אינתיפאדה. הממשלה הזאת שוחקת שוב ושוב את מעמד הביניים ונכנעת פעם אחר פעם לאיומים של בעלי ההון. היא מפקירה את שירותי הרווחה, היא מחסלת את הדיור הציבורי. לאחרונה אנחנו רואים יוזמה חדשה מבית היוצר של איילת שקד ורוברט אילטוב. הממשלה הזאת גם פתחה במלחמה נגד ארגוני החברה האזרחית. כל מי שמעז לבקר את השלטון, מאיימים עליו. מאיימים עליו שיסתמו לו את הפה, ציד מכשפות מודרני. ואיך יסתמו לו את הפה? יצטרכו למסות את העמותה. אף ארגון לא יוכל לגייס יותר מ-20,000 שקלים. מה המשמעות של זה? שארגוני החברה האזרחית שלא מתיישרים עם הקו הרשמי של השלטון יצטרכו להיסגר, כי זה לא מתאים לנפתלי בנט ולאיילת שקד, ושמעתי מה היה לשר בנט להגיד על העמותות. כמובן, זה יהיה בתמיכת יש עתיד, כי הם מכשירים כל שרץ. שרץ של דה-לגיטימציה, שהפך גם מזמן לעניין של שגרה. חברי חברי הכנסת, אם אני צריכה לסקור עוד, איך כנסת ישראל, שכמו שאמרתי קודם, אמורה להיות זאת שמגינה על הדמוקרטיה הישראלית, היא המפגעת הראשית היום בארגוני החברה האזרחית, באזרחים, באזרחי ישראל הערבים. אנחנו ראינו רק לפני כמה זמן איך השר אהרונוביץ, השר לביטחון פנים, הסביר לנו שבכלל ארגוני החברה האזרחית הם אלה שמונעים ממנו ולא מאפשרים לו להילחם בפשיעה המאורגנת כי הם מתנגדים לשימוש במעצרים מינהליים. זה השר לביטחון פנים. ראינו את כל תקופות המעצר הדרקוניות והלא-מידתיות ששלחו אליהן מפגינים שמחו נגד חוק פראוור; באותה הפגנה שבה המשטרה החליטה גם לפגע בחופש העיתונות וביקשה מהעיתונאים ומהצלמים להעביר אליה תמונות מהאירוע. מישהו קצת התבלבל כאן. מישהו קצת לא מבין איך מתנהלת מדינה מתוקנת. והדבר החמור ביותר שהיה כאן בשבוע האחרון, זאת החלטה של הכנסת הזאת להעביר את החוק הדרקוני, את החוק הבזוי, חוק ההסתננות, שמאשר לכלוא אנשים ללא משפט ומבלי לבדוק בכלל את בקשות המקלט שלהם. אני רוצה להגיד, חברי חברי הכנסת, שאני גאה בחברי סיעתי, סיעת מרצ, שהצטרפו למאבק של אנשים שמבקשים לשים אותם במה שנקרא ""מתקן שהייה פתוח"", שם מכובס לכלא. אני שואלת אתכם: זאת דמוקרטיה? זאת דמוקרטיה, חברי חברי הכנסת? כל הדיבורים האלה שאנחנו שומעים כאן מהכנסת, כל הדיבורים האלה, זאת דמוקרטיה? וכל האמירות האלה. עלו כאן חברי כנסת, סיפרו לנו שקרים על חוק ההסתננות, הסיתו את תושבי דרום תל-אביב נגד אותם מבקשי מקלט, מבלי שאפילו בודקים באופן פרטני. מתייחסים לכולם באופן קולקטיבי כאילו מדובר כאן באיזו סכנה שמהלכת על קיומנו. חברי חברי הכנסת, לאמירות האלה יש השלכה על הציבור. ראינו את ההסתה הזאת באה לידי ביטוי כשאדם מוסת שפך כוס תה על חבר הכנסת אחמד טיבי. כולנו שמענו על אוהדי ""בית""ר ירושלים"" שקרעו ספר קוראן במהלך משחק כדורגל. איפה ראש הממשלה? איפה שר האוצר של הפוליטיקה החדשה? חברי חברי הכנסת, לסיום, אני קוראת לכם להפסיק לשתוק ולעמוד מהצד. אני יודעת שחלקכם חושבים שמוטב לחיות במדינה דמוקרטית, עם חברה פתוחה, פלורליסטית, סובלנית ורבגונית, שוחרת שלום, צדק ושוויון, משום שבחברה הפתוחה, חברי חברי הכנסת, אין לאף אדם, גוף או ארגון מונופול על האמת – כדבריו המחכימים של קרל פופר. אני יודעת שחלקכם מאמינים שלזכות אין מין ולאמת אין צבע, כדבריו של פרדריק דאגלס. אני יודעת שגם אתם חושבים שארץ אינה ניכרת רק במעשיה אלא גם במה שהיא מוכנה לשאת, כדבריו של קורט טוכולסקי, החקוקים על קירות ""יד ושם"". אני קוראת לכם מכאן: תפסיקו לשתוק. אין לכם פריבילגיה לעמוד מהצד. הצטרפו אלינו, עזרו לנו לבלום את ההשתוללות הזאת של הממשלה. אם אנחנו לא רוצים שהרוע ינצח, אסור לנו ואסור לכם, חברי חברי הכנסת, להמשיך לעמוד בצד ולשתוק. צריך להצביע אי-אמון בממשלה האנטי-דמוקרטית הזאת. תודה רבה.

רק היום? אתה אומר את זה כל שבוע.

– – – במקומות אחרים ובזמנים אחרים.

אל תצפה, אל תצפה, אל תצפה.

והחוקים האנטי-דמוקרטיים שלכם – – –

אדוני סגן השר, חוק פראוור יחד עם חוק ההסתננות צריכים לעבור למקום שחבר הכנסת ברכה אמר, ויש חובה – – –

– – אנחנו אומרים לך שיש חוקים – – –

מאיפה יש – – – כל הביטחון – – –",1,
281310,2014-02-10,"הצעת ועדת החוקה, חוק ומשפט בדבר פיצול הצעת חוק הבחירות לכנסת (תיקון מס' 61) (העלאת אחוז החסימה והגברת המשילות), התשע""ג–2013","אדוני, חצי משפט, ברשותך. בנסיבות כאלה, בדרך כלל, אם יורשה לי, היושב-ראש מבקש את חוות הדעת של היועץ המשפטי של הכנסת. זה מקובל, היו כבר מקרים כאלה. זו סיטואציה לא רגילה. אני פונה אליך בבקשה לאמץ את ההחלטה.

אדוני היושב-ראש, חברי חברי הכנסת, רק לפני כמה דקות היינו עדים לאחת הפארסות שידעה מליאת הכנסת. עומד ראש ועדת החוקה על דוכן הכנסת ושם ללעג ולקלס את תפקידו כיושב-ראש הוועדה. מה זה הרעיון של חוקה? כל הרעיון של חוקה בא להגן על מיעוט מפני עריצות הרוב. עומד יושב-ראש ועדת החוקה כאן ומסביר למליאה למה לא לקבל את עמדת ועדת החוקה שדרשה לפצל את הסעיף של העלאת אחוז החסימה מכל אותם חוקי משילות, ובעצם מה שעשה כאן היום חבר הכנסת דוד רותם ממחיש בצורה הכי ברורה איך משתמשים בבית-המחוקקים בכוח הרוב בצורה שרירותית ועריצה כדי בעצם – בוא נקרא לילד בשמו – לא מבקשים כאן לעשות משילות נכונה יותר, טובה יותר, הוגנת יותר; מבקשים לטרנספר מהבניין הזה את חברי הכנסת הערבים. הרי מה רוצים להשיג? רוצים להשיג איחוד כדי שאחר כך יהיה פיצול? אמר חבר הכנסת עפו אגבאריה עכשיו: אם נתאחד הרי רק נביא יותר מנדטים. אבל אני בכלל גם לא רוצה לקבל את השיח הזה. צריך להגיד את זה בצורה ברורה ביותר: חבר הכנסת רותם הוא שליחו של ראש מפלגה שהתפיסה שלו מתייחסת לאזרחי ישראל הערבים כאל סחורה עוברת לסוחר, שאפשר בכוח לשלול את האזרחות שלהם על-ידי זה שיציעו להעביר שטחים. אם זה לא טרנספר במובן המדיני, התודעתי והפוליטי, אני לא יודעת מה זה טרנספר. אז קודם רוצים לעשות טרנספר לאוכלוסיות ועכשיו רוצים לעשות טרנספר לנציגות של האוכלוסייה, לנציגות של אזרחי ישראל הערבים בכנסת. חוץ מהרעיון האווילי הזה של הפגיעה בעקרונות הייצוג, בכל אותם דברים שכנסת מתוקנת ודמוקרטיה מתוקנת צריכות לעמוד עליהם, באה הכנסת הזאת, עם קבוצה של חברים שאני לא יודעת מה מניע אותם – זדון, נאיביות או רשעות. אני כבר לא יודעת מה גרוע יותר ממה. מה מניע את ליברמן – גזענות, כבר אמרנו. מה מניע את ראש הממשלה – סוחבים אותו, גוררים אותו, והוא מנסה לתמרן בין כל הצדדים. אבל מה מניע את יש עתיד? מה מניע את יש עתיד? הרי המפלגות הראשונות להיעלם אחרי שמעלים את אחוז החסימה הן אותן מפלגות מצב-רוח, שיש להן תאריך תפוגה ידוע מראש. אז באים עכשיו לכאן לבניין ומסבירים לנו שדואגים למשילות, שדואגים לעקרונות הדמוקרטיה? זאת משילות? זאת דמוקרטיה? חברי חברי הכנסת, אני חושבת שממשלת נתניהו וליברמן, נתניהו-ליברמן-לפיד, אפשר להגיד, לא הפנימה את העיקרון הכי בסיסי בדמוקרטיה, שזה לא רק על שלטון הרוב. ואנחנו רואים איך הציבור כבר מזמן, חברי חברי הכנסת, איבד את הריבונות שלו למתנחלים, לקיצונים. ליברמן, נתניהו, בנט וכל החבורה כאן. ויש עתיד גרורה שלהם, של הציבור המתנחלי הקיצוני, שרוצה לראות את ישראל עולה בלהבות. ואת מי מעלים בלהבות ואת מי רוצים לטרנספר ואת מי רוצים לזרוק מהמשכן? את חברי הכנסת הערבים. חברי חברי הכנסת, זו הצעה מחפירה שאין לה מקום. אני רוצה לומר, אני כמובן אתמוך בהצעת הפיצול, אבל אנחנו מתנגדים להעלאת אחוז החסימה, ואנחנו חושבים שמה שעשה כאן – גם אם העובדה, ואני רוצה להודות לך, אדוני, שבדקת עם הייעוץ המשפטי – הגם שהייעוץ המשפטי אמר שאפשר להמשיך בדיון, זאת אחת הפארסות שבוודאי לא מכבדת את הדיון הזה היום. תודה רבה.

– – – לראשות הממשלה, אז אל תנתק את זה – – –

קוראים לזה: מעשה זמרי, ומבקשים שכר כפנחס.

אתה האדם הכי הגיוני בכנסת. הכי הגיוני בכנסת.

– – – הם לא רוצים להתאחד.",1,
281422,2014-02-11,הצעות לסדר-היום: ציון יום כחול-לבן,"אדוני היושב-ראש, אדוני השר, חברי חברי הכנסת, תודה לחבר הכנסת נחמן שי, שבכל שנה יוזם את הדיון החשוב הזה, של יום כחול-לבן. אין ספק שמטרת קיומו של היום הזה כאן בכנסת – ואני מבינה שזה גם נדון בוועדות – היא להעלות למודעות הציבורית את החשיבות של קניית תוצרת ישראלית. אני מזדהה גם עם הדברים שלך, היושב-ראש, בעניין הזה, וגם עם הדברים של חבר הכנסת שי. זו מטרה חשובה, ראויה וצודקת. אני חושבת שמדינת ישראל צריכה לסייע למפעלים וליצרנים ישראליים. זאת האחריות של הכנסת, חברי חברי הכנסת, לוודא שהמדיניות של הממשלה תואמת את המטרה הזאת. הזרוע השנייה של המהלך לעידוד הייצור הישראלי היא קריאה לאזרחי המדינה לרכוש מוצרים כחול-לבן. אני מאמינה בזה, אני תומכת בזה, אני חושבת שקניית מוצרים ישראליים מקדמת את הכלכלה בישראל הרבה יותר מכל סוג אחר של צריכה, היא תורמת לייצור מקומות עבודה בארץ, היא מחזקת את העובדים בישראל, היא מבססת את האיתנות הכלכלית של המעסיקים, היא גם מעודדת חדשנות וגיוון במשק הישראלי, והיא מתמרצת, חברי חברי הכנסת, את ההתפתחות הטכנולוגית של מפעלים. מדובר, חברי חברי הכנסת, בשילוב של העדפה עקרונית וערכית של הייצור המקומי ושל רצון להפיק תועלת כלכלית לתושבי המדינה. אני מאמינה, חבר הכנסת נחמן שי, אמרת את זה גם בדבריך, שהתעשייה הישראלית מסוגלת וצריכה להתחרות בייבוא מחו""ל הן באיכות המוצרים והן ברמת המחירים שהיא מציעה. המשק הישראלי, חברי חברי הכנסת, צריך לקדם, בתמיכת המדינה, נורמות של ערבות הדדית, שותפות גורל, כדי להגביר את יעילות הכלכלה הישראלית ואת שיתוף הפעולה בין מרכיביה ולקדם את כושר התחרות הבין-לאומית שלה. אני מאמינה בזה בכל לבי. אמרתי את זה גם בשנה שעברה, כשהתכנסנו כאן ביום החשוב הזה שמצוין כאן היום בכנסת. אבל אני רוצה, חברי חברי הכנסת, להבחין – ואני רוצה לציין את זה בצורה שאינה משתמעת לשני פנים – בין תוצרת ישראל לבין מה שמנסים בתקופה האחרונה לשווק כתוצרת ישראל. אני כמובן מתייחסת למוצרים המיוצרים בהתנחלויות בשטחים. אני רוצה לומר את זה – שוב, בצורה שאינה משתמעת לשני פנים, בקול ברור: כחול-לבן, חברי חברי הכנסת, זה לא בשטחים. כחול-לבן זה כאן, בתחומי מדינת ישראל. ואותם מפעלים, הנמצאים בשטחים, לטעמי הם בוודאי לא חלק מהתעשייה הישראלית. לתפיסת המפלגה שלי, הם מעודדים את תעשיית הכיבוש, הם שותפים מלאים למערכת המשומנת שמפעילה ישראל כדי להנציח את השליטה בפלסטינים. חברי חברי הכנסת, המוצרים שמיוצרים בהתנחלויות הם חלק מכלכלת כיבוש ענפה שבה מעורבות חברות מסחריות, ישראליות ובין-לאומיות, בעסקאות נדל""ן, בפיתוח תעשיות בשטחים, בבניית חומות, מחסומים או גדרות – וכל זה על קרקע פלסטינית. למה אני מוטרדת? 46 שנים זה עבד לנו, חברי חברי הכנסת. אני מוטרדת בשל אותן המגמות שהיושב-ראש חבר הכנסת יולי אדלשטיין הצביע עליהן. העולם סביבנו כבר לא מוכן לשתוק. הוא מסרב להתייחס לתוצרת שמיוצרת בהתנחלויות כאל תוצרת ישראל. והעולם כולו מבין שקניית תוצרת ההתנחלויות היא תמיכה באחד המפעלים המשגשגים ביותר של ממשלת ישראל – מפעל הכיבוש. באחרונה אנחנו שומעים קולות של חברים קרובים וחברים רחוקים יותר, גם בארצות-הברית וגם באיחוד האירופי, שמזהירים את מדינת ישראל מהעתיד לבוא. רק לאחרונה שמענו את מזכיר המדינה האמריקני ג'ון קרי – ואחר כך כולם השתלחו בו – הוא הזהיר את מדינת ישראל; הוא אמר, חברי חברי הכנסת: אם לא יהיה הסכם מדיני, אם מדינת ישראל לא תעשה הסכם מדיני – תראו מה קורה סביבכם – מדינת ישראל צפויה לחרם. זה לא שהוא מעודד את זה. הוא הזהיר מפני העתיד לבוא. ואני מודאגת, חברי חברי הכנסת, מהמגמה המסתמנת, כי בעוד מפעל הכיבוש נמשך, החרם הולך ומתרחב. רק לאחרונה שמענו על בנק דני גדול שהודיע שיפסיק להשקיע בחברות ובבנקים בישראל, ובעקבותיו, או לפניו, אני כבר לא זוכרת את הסדר, הלכו גם קרן פנסיה גדולה בהולנד וחברות בנורבגיה ובגרמניה. ובניגוד למה שהוא ניסה לומר לנו – אני לא יודעת מה הוא יאמר עכשיו, אבל שמעתי בכלי התקשורת את ההתייחסות של השר בנט, ואני רוצה לומר לכם שבניגוד למה שהשר בנט אמר, החרם הצפוי לנו הוא גדול ועצום יותר ממה שמדינת ישראל התמודדה אתו עד כה, ואני לא מתפלאת שצמרת המשק הישראלי כבר פנתה אל ראש הממשלה נתניהו והזהירה אותו מההשלכות שצפויות ליצוא הישראלי. חברי חברי הכנסת, במערכה הראשונה של החרם ממשלת ישראל התקפלה בפני האיחוד האירופי במסגרת המשא-ומתן על הסכם ""הורייזן 2020"", וקיבלה את החלוקה בין ישראל הריבונית והלגיטימית ומפעל ההתנחלויות, והסכימה לתנאי אף-על-פי שהשרה לבני הכניסה הסתייגות – לקבל את הכסף לתחומי מדינת ישראל. במערכה השנייה, חברי חברי הכנסת, אני חוששת שמדינות אירופה וחברות באירופה עלולות לאבד סבלנות להמשך תחזוק ההתנחלויות, ואני מאוד חרדה שיטילו חרם כולל על תוצרת ישראל. אנחנו נשלם את המחיר, חברי חברי הכנסת. אנחנו צריכים להתעשת, הממשלה צריכה להתעשת בזמן. זה אינטרס של התעשיינים שהצרכנים בעולם כולו יוכלו להבדיל בבירור בין המוצרים שלהם לבין תוצרת ההתנחלויות.

אני מסיימת, אדוני. לא ייתכן, חברי חברי הכנסת, שממשלת נתניהו חוגגת כמו על ה""טיטניק"" ומתעלמת מהקרחון האירופי שמגיע מולנו, וזה קרחון עצבני. אני קוראת לכם, חברי חברי הכנסת, ולממשלת ישראל: תתעוררו, כי התעשייה הישראלית היא בנפשנו, ואנחנו חייבים להגן עליה. תודה.",1,
281921,2014-02-24,"הצעות סיעות העבודה, מרצ – יהדות התורה ובל""ד–חד""ש–רע""ם-תע""ל-מד""ע להביע אי-אמון בממשלה בשל:: 1. יוקר המחיה שובר שיאים בממשלת נתניהו;: 2. אי-בהירות בתהליך המדיני;: 3. תוכנית הממשלה לייהוד הגליל","זה פעמי משיח – איך אתה קורא לזה? כן. אדוני היושב-ראש, חברי חברי הכנסת, אני מנמקת בשם סיעת מרצ וסיעת יהדות התורה אי-אמון מדיני, בעצם, בנוגע לחוסר הוודאות או האי-התקדמות בתהליך המדיני. אני חייבת לומר שהתרגשתי מאוד היום כששמעתי את הדברים הנכוחים של ראש הממשלה; הוא אמר את הדבר הבא: אני מחויב לדאוג לאינטרסים הקיומיים של מדינת ישראל. אני מודה שזה מרגש אותי. מי לא רוצה שראש הממשלה שלו ידאג לאינטרסים הקיומיים של מדינת ישראל? אבל מה הם אותם אינטרסים קיומיים של מדינת ישראל, חברי חברי הכנסת? אני לא יודעת למי להאמין, לדוקטור נתניהו או למיסטר ביבי, כי חמש דקות קודם או יומיים קודם או שבוע קודם, כשהוא נפגש עם סיעת הליכוד בכנסת הוא הסביר להם בצורה מאוד מאוד ברורה שהוא הולך לתהליך מדיני, אבל חברון ובית-אל שלנו לנצח. זה נשמע לכם סביר? זה נשמע לכם הגיוני, שמי שמתכוון ללכת לתהליך מדיני, בעצם מבקש במו-פיו לדאוג לאינטרסים הקיומיים של מדינת ישראל באופן הזה שלא יהיה אפשר להקים מדינה פלסטינית עם רצף טריטוריאלי? בית-אל, השפיץ ההוא שם ליד רמאללה, ההתנחלות הזאת, זה האינטרס הקיומי של מדינת ישראל? אני מודה שאני לא יודעת למי להאמין, לדוקטור נתניהו או למיסטר ביבי, כי כשאני רואה אתמול את המודעה שהתפרסמה בעיתון ""הארץ"", ובה הדנונים והיריב לוינים והאופיר אקוניסים, שדולת ארץ-ישראל, חותמים – שרים, סגני שרים, חברי כנסת מהממשלה, חותמים על מכתב שמאיים על ראש הממשלה – חברי חברי הכנסת, קוראים לזה סחיטה באיומים. יש לנו ראש ממשלה סחיט, נלחץ, על-ידי חבורה של חברי כנסת ימנים קיצוניים. ומה עושה ראש הממשלה כשמאיימים עליו שאוי ואבוי לו אם הוא יפסיק את הבנייה בהתנחלויות, כשלכולם ברור שאין סיכוי להגיע להסדר אם הממשלה הזאת תמשיך בבנייה בהתנחלויות? גם לאירופים וגם לאמריקנים נמאס כבר מהמדיניות הישראלית של המשך תחזוק ההתנחלויות והכיבוש, והיום כל גורם בין-לאומי רואה בהמשך הבנייה בהתנחלויות, ראשית, הפרה של החוק הבין-לאומי, אבל יותר מזה – אני מוסיפה – כאילו הנחת מטעני צד בתהליך המדיני. מה עושה ראש הממשלה כשיש חבורה של שרים, חברי כנסת מהקואליציה שלו, שמשתתפים בשבוע שעבר בהפגנת אלפים או עשרות אלפים ב-E1, במעלה-אדומים, של חבורה של שרים, וסגני שרים, וחברי כנסת, שקוראים לבנייה ב-E1, ושלא יבלבלו אתכם: E1 זה לא מעלה-אדומים, ומי שרוצה להשאיר את הגושים יודע שמעלה-אדומים תישאר במסגרת הגושים, אבל מי שמבקש לבנות ב-E1 מבקש לבתר את הגדה המערבית לשניים, מבקש למנוע רצף טריטוריאלי בין ירושלים לגדה המערבית כדי להכניס את הצ'ופצ'יק הזה, את העז הזאת, של E1. אבל איפה ראש הממשלה, חברי חברי הכנסת? שמעתם אותו אומר משהו לשרים מהליכוד? לאנשי הבית היהודי? לשר אורי אריאל? שמעתם אותו אומר משהו לסגן שר הביטחון דני דנון, או ליריב לוין, או למירי רגב, שמציעה כל יום הצעות חוק הזויות שמבקשות לספח את ההתנחלויות, הבקעה, השטחים? אני כבר לא יודעת מה נשאר לספח. שמעתם את ראש הממשלה? נאלם דום. מה זה אומר? מה זה אומר? שמעתי אותו רק לפני כמה שבועות אומר שצריך מנהיגות נחושה ואמיצה שתעשה הסדר מדיני. האם יש לנו ראש ממשלה אמיץ, נחוש, מתכוון להגיע להסדר, כשהוא אומר שחברון ובית-אל יהיו חלק מההסדר? מישהו יכול לקנות את התירוצים האלה? מה עושה ראש הממשלה? אני אומרת לכם, אין דרך אחרת להגדיר את זה: הוא מניף דגל לבן מול הימין הקיצוני בממשלה שלו. הוא שותק. מה זה אומר על מנהיגות אמיצה ואחראית והדאגה לאינטרסים הקיומיים של מדינת ישראל? אני מכירה רק דרך אחת, חברי חברי הכנסת, לדאוג לאינטרסים הקיומיים של מדינת ישראל, וזה לסיים את הכיבוש, להגיע להסדר מדיני, לחלוקת הארץ לשתי מדינות לשני עמים. זו דאגה לאינטרסים הקיומיים האסטרטגיים של מדינת ישראל. מה עושה במקום זה ראש הממשלה? שמעתם אותו נוזף בדני דנון? בשר אורי אריאל? במישהו מחברי הקואליציה שלו? שמעתם אותו מגיב על הסחיטה-באיומים הזאת, ועל ההתגרות של שרי הימין בו, וסגני השרים וחברי הכנסת? אני אומרת לכם, חברי חברי הכנסת, מה שמצער הוא שיש לנו ראש ממשלה חלש, פחדן, מגלה רפיסות. אני לא רואה אותו מגלה מנהיגות, אני לא רואה אותו נוזף באנשי הימין. לא רק שהוא לא נוזף בהם, הוא גם נכנע להם כשהוא אומר: חברון ובית-אל שלנו לנצח. חברי חברי הכנסת, אני מבינה שאנחנו נשמע את דבריה של השרה לבני, שממונה על המשא-ומתן מטעם הממשלה; אולי נדע יותר פרטים. אני חייבת להודות שהעובדה שהמשא-ומתן מתנהל מה שנקרא בחדר הסגור, אין הכשרת דעת קהל, לא יודעים מה קורה בתהליך, אין שקיפות בתהליך. ראש הממשלה לא התייצב כאן, בכנסת, מעל דוכן הכנסת, גם לא בשבוע שעבר, כשהוא היה מחויב לשבת כאן במסגרת 40 החתימות – לא דיווח לכנסת מה קורה בתהליך המדיני. האם מה שמתפרסם כשמועות לגבי ההכרה בקווי 67', וחילופי שטחים, וחלוקת ריבונות בירושלים, ופינוי התנחלויות – האם זה המתווה שממשלת ישראל תחתום עליו? האם הדבר הזה נכון? האם הדבר הזה אפשרי? לא שמענו אותו, הוא נאלם דום. הוא לא מדבר – שלא לדבר על זה שהוא לא מדבר גם בפני התקשורת הישראלית. הוא לא מדבר. הוא מתראיין, כשנוח לו, ב-CNN או באיזו רשת אחרת, או אומר את דברו לאומה האמריקנית. לא אומר דבר. האם אנחנו יודעים מה ראש הממשלה – שכולנו יודעים שביסודו הוא איש ארץ-ישראל השלמה – האם אנחנו יודעים מה הוא חושב על קווי 67' וחילופי שטחים וחלוקת הריבונות בירושלים? הרי מישהו חושב שאפשר להגיע להסדר ללא פשרה בירושלים? שמעתם אותו? הוא ממשיך לנופף באמירה הזאת, שאין מאחוריה דבר וחצי דבר, מס שפתיים: מדינה פלסטינית, או שתי מדינות, או אני מאמין בפתרון שתי המדינות, כמו שהוא אמר באותו נאום בר-אילן המפורסם. אבל מה, תכל'ס, כשהוא מחשק בשורה של חישוקים את האמירות שלו עצמו – למה הוא מתכוון? לאן הוא הולך? לאן הוא מוליך אותנו? חברי חברי הכנסת, אני שואלת, בשם ציבור גדול של אנשים, גם שבחר בנו, גם שבחר כאן בנציגים לכנסת: לאן הולך ראש הממשלה? למה הוא מתכוון? האם הוא ממשיך להיות שבוי בידי הימין הקיצוני בכנסת, או האם הוא חצה את הרוביקון והוא מתכוון ללכת לשלום? אני מודה שאני לא יודעת. אני לא חושבת שזו בעיה שלי שאני לא יודעת, אני בכלל לא בטוחה שהוא יודע. כל יום דוקטור נתניהו משנה את דעתו, וכל יום מיסטר ביבי, כשהוא מגיע לסיעה שלו, נלחץ על-ידי המודעות האלה, שדולת ארץ-ישראל. אלוהים אדירים, אם ארץ-ישראל זקוקה לשדולה הזאת, יש בעיה לארץ-ישראל, חברי חברי הכנסת. אני רוצה לסיים ולומר, אדוני היושב-ראש, חברי חברי הכנסת, חברי השרים, אנחנו נמצאים בנקודת זמן קריטית, והזמן פועל לרעתנו. וכבר אמר את זה מזכיר המדינה האמריקני, לא כי הוא רצה להתנגח בישראל – הוא אמר שהזמן פועל לרעתנו כי הוא רואה בדאגה, כמו שאני חושבת שאנחנו רואים בדאגה, את מגמות החרם על מדינת ישראל. אנחנו כמובן תומכים בהחרמת מוצרים מההתנחלויות, אבל אנחנו מתנגדים לחרם על מדינת ישראל. אבל ההתנהלות של ממשלת ישראל והמשך הבנייה בהתנחלויות מביאים לכך שלאירופים ולאמריקנים פשוט נשבר מהמדיניות הזאת, ואנחנו רואים לאיזו הסלמה הדבר הזה יכול להביא. אנחנו לא רוצים למצוא את עצמנו מדינה מנודה, מבודדת, משוקצת, בעולם, כמו שזה קרה למדינות אחרות. ולכן, אדוני היושב-ראש, אני קוראת לראש הממשלה: תתייצב בכנסת, תעשה מהלך של שקיפות, ואולי, בהזדמנות זו, תוביל להכרעה. זו מנהיגות, זה אומץ, זה האינטרס הקיומי של מדינת ישראל. תודה רבה.",1,
282948,2014-04-07,הצעות לסדר-היום: המשבר במשא-ומתן עם הפלסטינים,"אדוני היושב-ראש, חברי חברי הכנסת, אני חייבת לומר, תחושה מוזרה משהו במליאה – אפילו לא חצי ריקה, 90% ריקה, אבל אני מקווה – – –

אוקיי, אדוני. תודה. סיעת מרצ יזמה את הדיון היום, בפגרה, לנוכח קריסת המהלך, תהליך, אני לא יודעת איך לקרוא לזה – התהליך המדיני. אני יותר ויותר, אדוני, מתרשמת שיש לנו ממשלה שניהלה משא-ומתן מדיני חסר תוחלת שכל המטרה שלו הייתה לשרת את ההישרדות הפוליטית של השותפים הקואליציוניים שלה ולא באמת להגיע להסכם. אני רוצה לשאול, אדוני, לרענן את הזיכרון שלכם: מי אמר רק לפני כמה חודשים, או כחודשיים – ואני מצטטת: קרי הוא ידיד אמת של ישראל, הוא מוביל את התהליך בצורה נכונה, והיום אני שומעת אותו אומר: אני מתנגד למתווה קרי, אני נגד יישום קרי, אני מתנגד לשחרור אסירים? זה נראה לכם רציני, חברי חברי הכנסת, ששר החוץ של מדינת ישראל מנהל מדיניות זיגזג? יום אחד זה מתאים לו אז הוא בעד מתווה קרי ובעד צעדים בוני אמון, כולל שחרור אסירים שהוא הצביע עבורם בקבינט – מה, הוא לא ידע שמדובר בטרוריסטים? מה, הוא לא ידע שיהיה צריך ליישם את הפעימה הרביעית? והיום הוא מתנגד להסכם קרי ומעדיף ללכת לבחירות. זאת ממשלה רצינית, כששר החוץ שלנו לא רוצה שלום? כששר הביטחון בוגי יעלון מסכן את היחסים האסטרטגיים של ישראל עם ארצות-הברית? ובכלל, שר הכלכלה בנט עסוק בלקדם את הקמת בית-המקדש – זה נראה רציני? אבל עוד לא אמרתי כלום, חברי חברי הכנסת, על שני השותפים הקואליציוניים, ובהם אני רוצה להתמקד. אין לי ציפיות מליברמן, לא היו לי ציפיות מבנט, אבל בכל זאת, לבני ולפיד? שני השותפים הקואליציוניים שאמרו ונשבעו בנקיטת חפץ שהם לא ישבו בממשלה אם זאת תהיה ממשלה שלא תקדם תהליך מדיני, ומה אנחנו רואים? שלבני ולפיד הופכים להיות המשת""פים של ממשלת נתניהו. הם שותפים קואליציוניים שנושאים באחריות לכישלון השיחות. אני מצטטת את הדברים של שר האוצר לפיד; הוא אמר: לא אשב בממשלה שלא תנהל משא-ומתן. והגדילה שרת המשפטים ציפי לבני: מבחינתי – היא אמרה – תהליך מדיני זה לא סתם ססמה, ואם לא יהיה תהליך אני אלחם מהאופוזיציה. אני שואלת אותה, ואני שואלת אותו: איפה אתם היום? איזה אמירות הפרחתם לחלל האוויר? הכול היה על הקרח. אמרתם שתצאו ולא יצאתם. פשוט רימיתם את הציבור. אתם דואגים רק לכיסא שלכם. הרי אתם פוחדים מהבחירות שימחקו אתכם. הצטרפתם בשבוע שלכם למקהלת הדני-דנונים והאופיר-אקוניסים והבוגי-יעלונים, שכל הזמן אומרים שאבו מאזן הוא לא פרטנר, וגם אתם עכשיו אתם אומרים שאבו מאזן הוא לא פרטנר? מי פרטנר? נתניהו הוא פרטנר? הממשלה שלו היא ממשלה שהיא פרטנר להסדר? הרי הממשלה הזאת לא באמת מתכוונת לקדם הסדר. ומה עושה לבני ומה עושה לפיד בממשלה הזאת? יושבים ונותנים לגיטימציה להמשך הזרמת הכספים להתנחלויות. ומה עושה יאיר לפיד? איזו תוכנית דיור מופרכת שכל המטרה שלה לעזור לקבלנים. או שר החינוך שמקדם איזו רפורמה בחינוך שמתגלה כעוד כניעה למנגנון המיסיונרי של הבית היהודי. אבל מה עושה ציפי לבני, חברי חברי הכנסת? היא הרי נכנסה לממשלה בתירוץ של הצורך בקידום המשא-ומתן. מתברר עכשיו שהכול היה אחיזת עיניים. שני משת""פים, לבני ולפיד, משת""פים של נתניהו, של אופיר אקוניס, של בוגי יעלון, שנה שלמה מנהלים משא-ומתן על ריק. פול גז בניוטרל בחדר – שמעתם על החדר הזה? – פול גז בניוטרל, שמאחוריו אין כלום חוץ מלקנות זמן לנתניהו ולבנט לעוד ועוד בנייה בשטחים. מרוב שהם ישבו בחדר הזה – אז מה קורה היום מרוב שציפי לבני ישבה בחדר? היא חוזרת בידיים ריקות. אני חייבת לומר, חברי חברי הכנסת, זה לא באמת משום שהיא לא רוצה, זה משום שהיא נטעה את עצמה בתוך ממשלה שעושה צחוק מההבטחות שלה. איך אמרה לבני? אם לא יהיה תהליך שלום אני אלחם על זה באופוזיציה. ומי שנשאר היום בתוך ממשלת נתניהו, לבני ולפיד – ממשלה שהיא סרבנית משא-ומתן סדרתית – יורק בפרצופם של הבוחרים שאליהם הם התחייבו, לבני ולפיד, שהם יקדמו הסדר, משא-ומתן. מכרו לנו את הישיבה בממשלה בכל מיני הבטחות. עכשיו, בפטרונות – שמעתי את האמירות האלה, שאבו מאזן הוא לא פרטנר. אדוני היושב-ראש, חברי חברי הכנסת, לכולם בקואליציית נתניהו יש אינטרס למרוח את המשא-ומתן, אבל לאף אחד אין באמת אינטרס להגיע להסכם שלום. את כל אחד זה משרת לצורך ההישרדות הפוליטית שלו. את ליברמן ואת בנט. אבל לבני ולפיד? מישהו בממשלה הזאת מקדם או חושב או מייצג את האינטרס הציבורי? בואו נסתכל מי יש לנו שם: בנט שמפנטז על הקמת בית-המקדש, עסוק בלקדם את בית-המקדש ומפנטז על עוד מלחמה, או קונה לאבו מאזן כרטיסים אני לא יודעת לאן, ומזרים מאות מיליונים להתנחלויות. איזו שחיתות לאור היום, חסרת בושה. ומה עושים לבני ולפיד בממשלה הזאת? הם לא יותר מעלה התאנה של הממשלה הזאת; משת""פים של נתניהו ובנט שנותנים לגיטימציה למשא-ומתן חסר תוחלת שהולך לשום מקום. מה הם עושים, חברי חברי הכנסת, לבני ולפיד? נותנים לממשלה הזאת חותמת כשרות להשתלטות של לובי נוער הגבעות על מערכת החינוך, על התקציב. כן, בואו נדבר על התקציב. בזמן שהממשלה הזאת ניהלה משא-ומתן היא העבירה מאות מיליונים באמצעות החטיבה להתיישבות לבנייה בשטחים, והיא בנתה עוד ועוד בתים: 123% של התחלות בנייה בשטחים לעומת 3% של התחלות בנייה במדינת ישראל – זה על-פי נתוני הלשכה המרכזית לסטטיסטיקה. אז הממשלה הזאת מרוקנת לנו את הכיסים, הורסת לנו את העתיד, עלולה להביא אותנו לקיפאון מדיני עכשיו, למין סטטוס קוו, כשאנחנו יודעים איך ההידרדרות וההסלמה יכולות להתחיל ולאן זה יכול להגיע. אני שומעת את הדרישה של הבית היהודי, כמה זה נלעג – גם ליברמן וגם בנט, הבית היהודי וישראל ביתנו – הם דורשים משאל עם פתוח על כל הסכם, אבל כשזה מגיע להשתוללות הכלכלית של העברת כספים להתנחלויות הם עושים הכול, יחד עם חבר הכנסת דוד רותם, כדי למנוע מאזרחי המדינה לדעת מה קורה עם הכסף שלהם. חבר הכנסת דוד רותם, שבפה מלא הודה השבוע בוועדת החוקה כששאלתי אותו: הייתכן, חבר הכנסת רותם, שאתה נגוע בעניינים זרים או בשיקולים זרים או בניגודי עניינים? כן, אמר חבר הכנסת רותם, אני ייצגתי את החטיבה להתיישבות. יושב-ראש ועדת החוקה, שמונע דיון בוועדת החוקה על החטיבה להתיישבות, מודה שהוא מייצג את החטיבה להתיישבות או שהוא ייצג את החטיבה להתיישבות. אדוני היושב-ראש, אני מודה שלא ראיתי פארסה כזאת. זה בעיני לא ראוי, לא ייתכן; אי-אפשר לתת לחבר הכנסת רותם להמשיך לקיים את הדיון על החטיבה להתיישבות. החטיבה להתיישבות זה לא נושא שאנחנו מתעקשים עליו סתם. החטיבה להתיישבות מקבלת את הכסף השחור, את התקציב השחור שלא אושר במליאת הכנסת, כדי להמשיך לתחזק את ההתנחלויות והכיבוש. החטיבה להתיישבות היא הזרוע הביצועית לבנייה של הממשלה בשטחים, וכל הכנסת הזאת לא עומדת על הרגליים האחוריות ולא דורשת שקיפות כשחבר הכנסת רותם מייצג אינטרסים זרים בפעילות שלו כיו""ר ועדת החוקה. חברי חברי הכנסת, אני, יחד עם קבוצה של חברי כנסת, על-פי יוזמתו של חבר הכנסת מיקי רוזנטל, הגשנו תלונה בעניין הזה גם ליועץ המשפטי של הכנסת וגם לוועדת האתיקה, ואני מקווה שהם יקבלו את ההחלטות המתבקשות. אבל כשאני מסתכלת על ההתנהלות של חבר הכנסת רותם אני לא מתפלאת; אני רואה את שר החוץ שלו, שכמו שאמרתי קודם, רק לפני חודשיים אמר שהוא תומך במתווה קרי והיום כבר מתווה קרי לא שווה כלום והוא מעדיף ללכת לבחירות. אז כשאני שומעת את האמירות של יעלון ואחרים, שאבו מאזן הוא לא פרטנר, ובנט שמתנגד לחלוקת ריבונות בירושלים, אני מסתכלת על הממשלה הזאת, שכל התקופה הזאת ניהלה מסע של דחיינות והתבכיינות והתקרבנות – ראש הממשלה שלנו מוכר לנו כבר חמש שנים אותו מופע נודד של פחדנות ואפס עגול במנהיגות. אני מודה, חברי חברי הכנסת, שאני מאוד מודאגת; אני מודאגת מהמצב שנקלענו אליו. אני ממש, דרך אגב, לא מודאגת מההליכה של הפלסטינים לאו""ם. אמר אבו מאזן לא אחת – לא רצינו לשמוע – אמר: לא יהיה משא-ומתן ישיר, נתניהו לא יזמין אותי, אני אשים את המפתחות. ממה התרגשנו? מזה שהפלסטינים פנו ל-15 ארגונים שליד האו""ם וביקשו הכרה באמנה לזכויות הילד, באמנה לזכויות נשים? ממה בדיוק אנחנו מתרגשים? אולי בכלל כדאי לשנות את הפרדיגמה ואת התפיסה שמשא-ומתן זה רק בשיחות ואחר כך הסכם. אולי שיכירו – אני מסיימת, אדוני – אולי שיכירו במדינה פלסטינית באו""ם, ואחר כך כל התוכניות על השולחן. אחר כך נאמץ את התוכניות שעל השולחן ונגיע להסדר. אני חוששת, חברי חברי הכנסת, מהדברים שאמר הנשיא אובמה לקרי לפני כמה ימים: תודיע לי כששני הצדדים יסכימו להתקדם. במילים אחרות: שיחפשו אותי. טוב, חברי חברי הכנסת, זה לא יעשה לנו. תודה.

נוח לה להמשיך להיות בממשלה.

אולי הוא יגיד מה שהוא חושב.",1,
285666,2014-09-04,"הצעות לסדר-היום: החובה לכלול את הערים אשקלון, אשדוד, באר-שבע ועוד בתוכנית הסיוע ליישובי הדרום; הקיצוץ הרוחבי בתקציב יפגע בתקציבים האזרחיים המיועדים לתושבי המדינה בכלל ולתושבי יישובי הדרום בפרט","אדוני היושב-ראש, חברי חברי הכנסת, אני שמחה שכשאני מדברת נמצא כאן באולם שר האוצר. אני חייבת לומר שחלק נכבד מהדברים שלי מיועדים אליו.

ברור, ברור. הבוקר וגם אתמול, חברי חברי הכנסת, שמעתי את השר לפיד אומר שהוא לא ישב בממשלה שתעלה מסים. ואני תהיתי למה זה נשמע לי מוכר. זה נשמע לכם מוכר? זה לא אותו שר אוצר שאמר שהוא לא ישב בממשלה שלא תנהל משא-ומתן מדיני? ומה קרה, חברי חברי הכנסת? שר האוצר יושב בממשלה שמבטיחה לנו אופק מדיני, אבל במקביל מספחת 4,000 דונם לטובת המתנחלים בגוש-עציון; הוא יושב בממשלה שמדברת על אופק מדיני אבל מחרבת כל סיכוי להגיע להסדר מדיני. ואני גם שומעת את שר האוצר אומר שהוא עושה ככל יכולתו למנוע בנייה לא חוקית בשטחים, וזה כשבמשמרת שלך, אדוני השר, התחלות הבנייה בהתנחלויות עלו ב-123% והתקציב בחטיבה להתיישבות תפח פי-שמונה ממה שאושר בתקציב המקורי. ועכשיו, אדוני השר, אני שומעת אותך עומד ואומר שאתה לא תעלה מסים. אז אני חושבת לעצמי, אם ככה זה נראה כשמישהו אומר, אני יושב שם כי אני משנה מבפנים, אז אני מגיעה למסקנה אחת משתיים: או שזו לא בדיוק הצלחה גדולה – כדי לא להגיד כישלון, אדוני השר – או שעוד הפעם אתה מנסה לעבוד על הציבור בעיניים כדי להמשיך ולהיאחז בכיסא ולשרוד פוליטית. אין לי דרך אחרת להסביר את זה, חברי חברי הכנסת. תסתכלו על הממשלה שלנו: גררה אותנו למלחמה חסרת תוחלת בעזה, של 50 ימים, שבהם תושבי הדרום – מה הם שמעו? שכתשנו וניצחנו ושיקמנו את כוח ההרתעה. ועכשיו מסתבר שהסבל של תושבי הדרום בשבועות האחרונים, כמו כל המרורים שהמבצע המיותר הזה האכיל את תושבי ישראל, נכפו עלינו על-ידי הממשלה בלי שום מחשבה מדינית ותכנון לטווח ארוך וללא שום תוצאות. והסכם הפסקת האש שנחתם, אין קשר בינו לבין ההצהרות של ראש הממשלה נתניהו ביציאה למלחמה, ואפשר היה להגיע לאותן הסכמות ואותן הבנות עם הגורמים המתונים ברשות לפני כשלושה חודשים ולחסוך את המלחמה הזאת – בלי מלחמה מיותרת, שאנחנו משלמים עליה מחיר כבד בחיי אדם, אלפי פצועים; מי יודע עוד כמה שנים ייקח להם להשתקם. אנחנו באים היום לכנסת, ומה אנחנו שומעים? ששר האוצר מגיש לנו את החשבון על מבצע ""צוק איתן"". למי הוא מגיש את החשבון – לילדים שלנו? לנכדים שלנו? איך אני יודעת? כי אני רואה מה היה השבוע בממשלה. הממשלה הצביעה על קיצוץ רוחבי של 2 מיליארד שקלים בתקציב כל המשרדים. במה לא נגעו, חברי חברי הכנסת? כמובן שבתקציב הביטחון. לא רק שלא נגעו בתקציב הביטחון, הוסיפו לו 1.5 מיליארד שקלים כדי לממן את מבצע ""צוק איתן"". אבל במה כן קיצצו? בתקציב החינוך, חברי חברי הכנסת. 690 מיליון שקלים נלקחו מתקציב משרד החינוך. ומי תמך בזה? השרים הכי חברתיים, או שמתיימרים להירשם בתולדות הכנסת כשרים הכי חברתיים – שר החינוך, שהסביר לנו: מה זאת אומרת, מה, לא נממן את המלחמה? שר הרווחה; שרת הבריאות. הרי מה זה השטויות האלה? אם יש מלחמה ואם אין מלחמה תקציב הביטחון עולה לנו כל שנה בסכום בלתי נתפס של 770 מיליון שקלים. אני לא מדברת רק על שנת מלחמה; ממש כל שנה משרד הביטחון מבקש ומקבל תוספת של מיליארדים לתקציב שלו. הרי כבר שנים תקציב הביטחון שואב בשיטתיות את תקציבי המשרדים החברתיים. חברי חברי הכנסת, אני רוצה להזהיר את כל מי שאמור להצביע: אם תתקבל הדרישה של משרד הביטחון, כפי שהיא הוצגה אתמול – לפי מה שהתפרסם – בדיון בקבינט, לתוספת של 20 מיליארד שקלים בשנתיים – שימו לב לסכום הזה, 20 מיליארד שקלים בשנתיים – אני אומרת לכם שמדינת ישראל תהפוך לצבא שיש לו מדינה; לא מדינה שיש לה צבא. ומה האבסורד הכי גדול? שהראשונים להיפגע מהקיצוץ הזה יהיו תושבי הדרום. אותם תושבים שכבר שנים סופגים את תוצאות מדיניות הקיפאון המדיני, הם יהיו הראשונים לסבול ממדיניות הייבוש הכלכלי. תושבי הדרום והפריפריה, שגם ככה מקבלים באופן שיטתי פחות שירותים ופחות תשתיות מתושבי המרכז – אותם שירותים ותשתיות יצומצמו עוד יותר עכשיו במסגרת הקיצוץ הרוחבי. הרי אני לא מיתממת, זה ברור שמבצע ""צוק איתן"" עולה כסף וצריך לממן אותו ויש לו תג מחיר. אבל האם הקיצוץ הרוחבי הוא הדרך היחידה לממן אותו? הממשלה שבחרה באופן גורף לקצץ בחוסר הבחנה בכל שירותי המדינה – האם, אדוני שר האוצר – הוא נעלם לי פתאום, אולי לא היה כל כך נעים לשמוע את הביקורת – האם זו הייתה הדרך היחידה להתמודד עם מבצע ""צוק איתן""? כדאי להבהיר, חברי חברי הכנסת: קיצוץ רוחבי הוא לא מדיניות, הוא בריחה מאחריות, כי צעד כזה פוטר את הממשלה מהצורך לקבוע סדרי עדיפויות ולקבל החלטות קשות. ועוד הפעם, הקיצוץ הזה מוכיח, חברי חברי הכנסת, את חוסר היכולת של שר האוצר לפיד לנהל מדיניות תקציבית רצינית. כהרגלו בקודש, שר האוצר שם את האינטרסים הפוליטיים שלו לפני האינטרסים של הציבור. תראו במה מקצצים: בשירותי הרווחה, בתקציב הרפואה הציבורית, בתקציבי השיטור והכבאות, בהשקעות בסיסיות מעודדות צמיחה כמו תקציבי פיתוח, תחבורה ציבורית ותשתיות – גם הן קוצצו עכשיו ברבע מיליארד שקלים. כל הקיצוצים האלה, חברי חברי הכנסת, נעשים על הגב של כלל הציבור בישראל, אבל בעיקר על חשבון השכבות המוחלשות שתלויות יותר מכולם בשאריות מדיניות הרווחה שהייתה פה פעם. ההחלטה הזאת על קיצוץ רוחבי, חברי חברי הכנסת, היא החלטה שגויה לא רק בגלל המקומות שמהם הוא לוקח, אלא מפני שהוא מאפשר לנתניהו ולפיד ממש שוב הפעם לא להסתבך עם המגזרים שמהם כן אפשר וצריך לקחת. למה, למשל, הוא לא לוקח מאותם בעלי הון? למה הוא לא שוקל מאבק אמיתי בפטורים ממס? שימו לב, חברי חברי הכנסת, לנתונים: רק ב-2014 הממשלה חילקה דרך החוק לעידוד השקעות הון מעל 7 מיליארד שקלים, מתוכם מעל 5 מיליארד שקלים למספר קטן של חברות במשק. למי הולכים הפטורים האלה? הפטורים האלה הולכים למי שיש לו פרוטקציות בממשלה. ולמה שר האוצר, למשל, לא מוכן לבטל את ההטבות האדירות והתקצוב המיוחד שנותנים למתנחלים? קרוב למיליארד שקלים הועברו השנה לחטיבה להתיישבות, חברי חברי הכנסת; חטיבה להתיישבות שבונה מאחזים ובנייה בלתי חוקית בשטחים. ולמה שר האוצר לא מוכן לרדת מהתוכנית האווילית שלו, שאין אף כלכלן במדינת ישראל שתומך בה, מע""מ אפס על דירות? ולמה, למשל, הוא לא מוכן לאמץ מס חברות דיפרנציאלי? ולמה, למשל, הוא לא ייקח את אותם 14 מיליון שקלים ממינהלת הזהות היהודית? או לגעת ב-47 מיליון ש""ח שאושרו רק לפני חודש לקירוב התנ""ך לציבור? חברי חברי הכנסת, אין כאן מדיניות, יש כאן בריחה מאחריות, ולכן אני רוצה עוד לנצל את הזמן שיש לי גם להזהיר מפני העלאת מסים: זה צעד לא נכון, זה צעד לא צודק. המשק נמצא היום על סף מיתון, ואם רוצים לאושש אותו, לגרום לו להתאושש, זאת תהיה טעות להקטין את ההכנסה הפנויה של משקי-הבית. במקום זה, צריך להקטין את היקף הפטורים ממס, להגדיל את הגירעון בצורה מתונה ואחראית, כי הרי אנחנו כבר יודעים מה יחכה לנו בתקציב 2015, איך הממשלה תחנוק אותנו בהוצאה האזרחית. לכן, חברי חברי הכנסת, קיצוץ רוחבי בבסיס התקציב, שיופעל אוטומטית גם בשנים הבאות ויפגע במדינת הרווחה, זה לא קיצוץ, זה לא קיצוץ חד-פעמי לטובת ""צוק איתן""; זה צמצום נוסף של ההוצאה האזרחית שקטנה גם ככה ממילא, כי אתם יודעים, קיצוץ בבסיס התקציב מופעל אוטומטית כל שנה, והפגיעה בשירותים צפויה להיות בלתי הפיכה, חברי חברי הכנסת. לסיכום, אני רוצה לומר שההאטה של ההוצאה הציבורית תהפוך את ישראל למדינת עולם שלישי שבה עשירים חוגגים והציבור סובל. היא תוביל לריסוק המגזר הציבורי, לסיכון חייהם של מי שהחיים שלהם תלויים במערכת הבריאות הציבורית; היא תוביל להעמקת העוני. אדוני שר האוצר, המדיניות שאתה וראש הממשלה נתניהו מובילים היום, הופכת את החברה הישראלית מחברה סולידרית לחברה קניבליסטית. היא מרסקת ומדכאת בשיטתיות את כל מנגנוני הערבות החברתית בישראל, את העבודה הסוציאלית, את בתי-הספר הממלכתיים, את מערכת הבריאות הציבורית, השיטור ושירותי החירום. מה שאתם עושים, אתם מעדיפים לשסות את אזרחי ישראל האחד בשני במאבק על מה שנשאר ממדינת הרווחה המתפוררת. חברי חברי הכנסת, בישראל 2014 של ממשלת הליכוד – יש עתיד, אדם לאדם זאב, והזאבים רעבים. תודה רבה.

אדוני היושב-ראש, שר האוצר יושב באולם, למה הוא לא עונה לנו?

אתם עשיתם הסכם עם ה""חמאס"".

למה עשיתם הסכם עם ה""חמאס"" ולא עם אבו מאזן?

לא, כי הוא לא עונה לי לעניין.

חודשיים לא הייתה ביקורת – – –

זה הפרצוף של הממשלה – – –

– – – על הדוכן, וזה מה – – –

אתם קופצים ראש לבריכה בלי מים.

מה זה הדיבורים האלה, מנועי צמיחה?",1,
285878,2014-10-29,שאילתות דחופות,"תודה רבה, אדוני היושב-ראש. אדוני השר, אני שומעת את הדברים שלך לגבי הפרצות בכביש, ובעצם אתה קורא לכל מה שהתרחש כאן ""מניפולציה"", ואני תוהה: מניפולציה מצדו של מי? פתאום אנחנו שומעים שמדובר בפיילוט? אני לא רוצה לחזור על הדברים שציטט עכשיו דב חנין; אני השתתפתי בישיבה בראשותו, בישיבה של ועדת המשנה בכנסת בראשותו של חבר הכנסת מוטי יוגב, והדברים שנשמעו שם מצד המתנחלים גבלו בגזענות איומה. הם לא רוצים לראות לידם פלסטינים באוטובוס. לא עניינים ביטחוניים עמדו לנגד עיניהם – – –

– – – לא עניינים ביטחוניים עמדו לנגד עיניהם ולא שיקולים ביטחוניים. וציטט חבר הכנסת חנין גם את הדברים של נציגי פיקוד מרכז ואחרים. לא הייתה כאן שום בעיה ביטחונית. עכשיו, אני יכולה אולי להבין למה לא נוח למתנחלים שיוצאים באוטובוסים לנסוע, רחמנא ליצלן, עם פלסטינים שיוצאים לעבוד, שמקבלים אישורים כדת וכדין.

אני שואלת, אדוני שר הביטחון: האם מה שאתה קורא לו מניפולציה – ואני קוראת לזה אפרטהייד, אין לי דרך אחרת להגדיר את זה – הוא לא כניעה לדרישות של המתנחלים? ושמענו היום איך נציגי המתנחלים, גם בליכוד ובמקומות אחרים, מתגאים שהם הצליחו להשפיע עליך – –

– – והיום מסבירים לנו שמדובר בפיילוט?

הערבים הם מפגעים בפוטנציה – – –

מדינת חוק – – – מגילת העצמאות, שאין הפרדה.",1,
285954,2014-10-29,"הצעת חוק יסודות התקציב (תיקון – אישור מליאת הכנסת לשינויים בתקציב בסכום העולה על 50% מהסכום המקורי), התשע""ד–2014","תודה רבה, גברתי היושבת-ראש.

תודה רבה. הצעת החוק לתיקון חוק יסודות התקציב, של חבר הכנסת מיקי רוזנטל ושלי, בעצם מבקשת לחייב את מליאת הכנסת לאשר שינויים בתקציב בסכום העולה על 50% מהסכום המקורי שאושר. אנחנו רואים, גברתי, סיטואציה בלתי אפשרית. המליאה, הכנסת, ועדת הכספים, דנה בהצעת התקציב המוצעת, המליאה מצביעה, ואז – מי כמוך יודע, אנחנו חברות בוועדת הכספים – אנחנו מגיעים כל יום לישיבה, או מי שמגיע או כל כמה זמן, ואנחנו רואים שיש שורה של העברות תקציביות שהאוצר מעביר. לכן ההצעה הזו מבקשת להגיד: אם רוצים להעביר מעל 50% מהתקציב המקורי, הדבר הזה יצטרך להגיע שוב למליאת הכנסת. ואחד הדברים שראינו, מעבר להפקרות שבה באים ומעבירים תקציבים ושינויים שונים, זה שהאוצר עושה ככל העולה על רוחו אם לא יגבילו אותו. רק לפני כמה שבועות בעצם ראינו את התקציב חסר האחריות שהציגו נתניהו ולפיד. המספרים פשוט לא מסתדרים, חברי חברי הכנסת, היה מי שאמר. כי כל מי שקורא לעומק מבין מייד שתחזית גביית המסים היא מופרכת, בעיקר בכל מה שקשור – על רקע סימני המיתון; שהתקציב הזה נעדר מנועי צמיחה שיגדילו את התוצר ואחר כך הרי יגדילו אתו את הכנסות המדינה; ובעיקר, חברי חברי הכנסת, שתחזית ההוצאות היא ממש ממש פיקטיבית. וברור, כבר עכשיו אנחנו יודעים שתקציב הביטחון צפוי לגדול השנה הרבה מעבר לתוספת העצומה שכבר ניתנה לו. אני לא מדברת על התוספות שניתנו לו על רקע ""צוק איתן"", אני מדברת על רקע הטענות שמערכת הביטחון אומרת שהתוספת שניתנה לה לא מספקת את הצרכים שלה. חברי חברי הכנסת, השר לפיד ומשרדו מרשים לעצמם להציג תחזית הוצאות והכנסות כל כך מנותקת מהמציאות. אתם יודעים למה הם מרשים לעצמם לעשות את זה? כי הם יודעים שבמהלך השנה הם יוכלו לבוא לוועדת הכספים של הכנסת, יושב-ראש ועדת הכספים הוא שלהם, הוא מהקואליציה, והם יוכלו להגדיל או להקטין באופן משמעותי את ההוצאה הציבורית בסעיפים השונים. זה ייעשה בלי ביקורת ראויה של הכנסת, ללא התחשבות בסדרי העדיפויות שנקבעו בעבודת הכנסת ובתוצאות של דיונים קדחתניים שנלווים מדי שנה לאישור תקציב המדינה. אני יכולה לתת לכם דוגמה רק מאתמול, או מאתמול והיום: האוצר הגיש לוועדת הכספים בקשה, שימו לב, להעברות תקציביות בין המשרדים בגובה של משהו כמו 564 מיליון ש""ח – סיכמנו את הסכומים – וגם כל מיני שינויים פנימיים בתקציבי המשרדים בגובה 88 מיליון ש""ח. עכשיו, אל תתפלאו, תגידו: וואו, אנחנו לא מדברים על איזה בקשה חריגה של האוצר לוועדת הכספים. אנחנו מדברים בסכומים שעוברים בוועדת הכספים על בסיס שבועי. הבעיה היא שזה קורה וזה נובע כי סעיף 11 לחוק יסודות התקציב בעצם מאפשר לממשלה לבצע שינויים בתקציב המדינה, תקציב שנקבע על-ידי הכנסת. עכשיו, אני לא מתנגדת לאפשרות לבצע שינויים בתקציב המדינה. זה גם לא הגיוני, הממשלה צריכה בכל זאת איזו גמישות בניהול התקציב במהלך השנה, היא צריכה להוציא לפועל כל מיני החלטות, כל מיני תוכניות שיש להן משמעות תקציבית. אבל בפועל מה שקורה: הסעיף הזה מאפשר לממשלה לעשות ככל העולה על רוחה. בגלל שאין מגבלות על הסעיף הזה, אנחנו רואים איך משנים את תקציב המדינה; באים, מאשרים תקציב במליאה, ואז מתברר שיש תקציב בשחור שעובר בוועדת הכספים. פעמים רבות אנחנו רואים איך בוועדת הכספים יש כל מיני העברות שהן לטובת צרכים פוליטיים, להגדלת תקציבים לקבוצות לחץ, ואין בינן לבין הגנה על תקציב המדינה ועל האינטרסים של כלל הציבור דבר וחצי דבר. חברי חברי הכנסת, היקף השינויים שנעשים בתקציב מגיע מדי שנה לעשרות מיליארדי שקלים. בשנים מסוימות הוא הגיע אפילו ל-10% מסך התקציב שאושר בתחילת השנה. אנחנו, כמו שאמרתי קודם, מעבירים במליאה תקציב, למשל את תקציב הביטחון, ואחר כך תראו איזה שימושים עושים בהעברות התקציביות כדי להעביר כספים נוספים לתקציב הביטחון. רק בשנת 2014 העבירו כ-5 מיליארד שקלים למערכת הביטחון, שזה הרבה מעבר לתקציב שאושר למערכת הביטחון, ואני חוזרת ואומרת, זה עוד הרבה מעבר לתוספות המיוחדות שהממשלה העבירה למערכת הביטחון בשל מבצע ""צוק איתן""; ושלא לדבר על ההפקרות של העברת התקציב לחטיבה להתיישבות, שהיא הזרוע הביצועית של הממשלה לבנייה בשטחים. שימו לב איך בתקציב המדינה מקצים סכום x לחטיבה להתיישבות, ואיך התקציב הזה גדל במאות אחוזים באמצעות העברות תקציביות בוועדת הכספים. חברי חברי הכנסת, זו שיטה מקוממת. היא מקוממת, כי היא מאפשרת לממשלה לעשות שינויים – לא רק להגדיל תקציבים, היא מאפשרת לממשלה גם לקצץ בתקציבים. בדרך הזאת הממשלה יכולה, למשל, לקצץ בתקציבים חברתיים, ובפועל לשנות את סדרי העדיפויות וסדרי המדיניות שהכנסת קבעה, בלי ביקורת ציבורית שנדרשת ובלי שתהיה לחברי הכנסת בכלל הזדמנות להסתייג או להביע עמדה במליאה. הצעת החוק, חברי חברי הכנסת, שחבר הכנסת מיקי רוזנטל ואני מגישים לכנסת היום, מבקשת, בעצם, שסך השינויים שיהיה אפשר לבצע בתקציב המדינה יוגבל ל-50% מהתקציב המקורי שאושר בתחילת השנה, ואני מדברת על כל תוכנית תקציבית ועבור כל סעיף תקציבי באופן מצטבר – שימו לב: באופן מצטבר, לרבות כל מיני העברות קודמות שבוצעו באותה שנת התקציב. ההצעה שלנו אומרת, בעצם, שאם האוצר ירצה לבצע שינויים תקציביים בשיעור גבוה מזה, דהיינו מעל 50%, זה יצריך את אישור מליאת הכנסת. אתם, חברי חברי הכנסת, תצטרכו להצביע על זה, תצטרכו לקבל תשובות מספיק ברורות ומדויקות לאן הכסף הולך. אם ההצעה שלנו, חברי חברי הכנסת, תתקבל, זה יגביל את האפשרות של משרדי הממשלה, בעיקר משרד האוצר, לפעול באופן מנותק מהמדיניות שמתגבשת בכנסת. הרי זה לא סביר שהכנסת קובעת את תקציב המדינה, מגבשת תקציב, דנה, יורדת לנבכי הפרטים הקטנים, ואז באים נציגי האוצר לוועדת הכספים ובעצם משנים את המדיניות שהכנסת הזאת התוותה. זה גם לא יאפשר לנפח באופן חסר אחריות את תקציב הביטחון, שאין דברים כאלה; אני רוצה שתדעו, כל פעם שבאים לבקש תוספת לתקציב הביטחון, אין בינה לבין ביטחון דבר וחצי דבר. מבקשים תוספות לתקציב הביטחון, תמיד תולים את זה בכל מיני הסברים, רק המערכת כמובן לא מתייעלת. היא מהלכת אימים על שר האוצר, שכל פעם מגיע לוועדת הכספים ומספר לנו איך הוא יושב בקבינט, ואיזה צרכים יש למערכת הביטחון, כשלא נוגעים בכל האתרוגים האלה, של פנסיות, של שנות פרישה, של גיל פרישה, לא עושים התייעלות ולא עושים קיצוצים. ולכן, חברי חברי הכנסת, שיפסיקו להלך עליכם אימים עם תוספות שנדרשות לתקציב הביטחון. אם הדבר הזה יתקבל – ואני מצטערת שוועדת השרים לחקיקה והקואליציה החליטו לדחות את הצעת החוק שלנו, כי מה אכפת להם, כשהם יכולים לצפצף על הכנסת ולבוא לוועדת הכספים ולהיטיב עם כל מיני קבוצות סקטוריאליות ועם כל מיני שותפים קואליציוניים ולפגוע ביישום תוכניות חברתיות שמלכתחילה הוקצה להן תקציב בתחילת השנה, ובאים לוועדת הכספים ומשנים את כל המערכת. חברי חברי הכנסת, אם החוק שלנו יעבור – ואני קוראת לכם לתמוך בו – החוק הזה יחייב את שר האוצר ואת המשרד שלו להגיש מדי שנה הצעת תקציב אחראית, הצעה מוקפדת, שמשקפת באופן אמין את המתוכנן לשנת הכספים הצפויה וגם מסתמכת על המקורות התקציביים הצפויים. ההגבלה שאנחנו מציעים, לשיעור של 50% מהגובה של כל סעיף תקציבי, היא מידתית, היא נועדה להשאיר גמישות בידי הממשלה, והגמישות הזאת תאפשר בעצם לממשלה להתאים תקצוב לתוכניות והוצאות במהלך השנה, וגם להתמודד עם שינויים נקודתיים במציאות שלא היה אפשר לצפות בתחילת השנה. וזה נכון, לא תמיד אפשר לצפות בתחילת השנה מה הצרכים שיהיו. חברי חברי הכנסת, לסיכום, הצעת החוק שלנו היא צעד חשוב ביותר בהשבת השליטה על תקציב המדינה לכנסת, בהגברת השקיפות והביקורת הציבורית על התקצוב בישראל, ובעיקר ביצירת מנגנון שיחייב הצעת תקציב שנתית אחראית ומפוקחת יותר. תודה רבה.",1,
287095,2014-11-26,יוקר המחיה,"אדוני היושב-ראש, אדוני ראש הממשלה, חברי חברי הכנסת, הדיון היום הוא על יוקר המחיה, ועל כך שאי-אפשר להתקיים כאן בכבוד, וזה נובע – או ליתר דיוק, זו תוצאה ישירה של העובדה שכ-10% מהאוכלוסייה בישראל מחזיקים בכ-70% מההון, ומול זה אתם רואים את ממדי העוני חסרי התקדים. יותר ויותר משפחות עובדות מצטרפות כל שנה למעגל העוני. חברי חברי הכנסת, 35% מהילדים בישראל חיים בעוני. ממשלה, חברי חברי הכנסת, שאינה מתקצבת את מסקנות ועדת אלאלוף ומתעלמת מהעוני המשתולל, ממשלה כזו שותפה לפשע הומניטרי, ואדוני ראש הממשלה, זו האחריות הישירה שלך. יש כאן מצב חירום לאומי: 35% מהילדים בישראל חיים בעוני. אבל למה זה קורה? איך הגענו למצב הזה, שלא מתעסקים ביוקר המחיה? זה קורה, אדוני ראש הממשלה, כי אתה נמצא בתחרות על מי יכריז יותר נאמנות לימין הקיצוני. במקום שהממשלה שלך תתחיל לעבוד בשביל האזרחים בישראל, אתה עוסק בענישה קולקטיבית ובחוקי לאום מיותרים. למה? למה בכלל היה צריך את חוק הלאום הזה, אדוני ראש הממשלה? אני רוצה לבשר לך, לא יודעת, אולי לא ידעת, אבל מדינת ישראל היא מדינת הלאום של העם היהודי, והלגיטימציה הבין-לאומית הוענקה לה בכ""ט בנובמבר. זה העיקרון המנחה במגילת העצמאות ובשורה של חוקים. הרי מה, ההצעה שלך עכשיו נועדה להגן על מדינת ישראל כמדינתו של העם היהודי? ממש ממש לא. ההצעה שלך נועדה לדחוף לקדמת הבמה את המילה ""יהודית"" ולדחוק אחורנית את ה""דמוקרטית"". במה אתם מתעסקים? בשאלות של מהות? בשאלות של זהות? האם המדינה צריכה להכריע בשאלות שנויות במחלוקת? בחקיקה? בכוחו של רוב פוליטי? או שצריך לעשות את זה מתוך הסכמה רחבה? בטח שלא ברוב קואליציוני שמבקש לעקוף את הדיון הציבורי הדמוקרטי ולקבוע עובדות שיאלצו כל חוקה שתנוסח בעתיד. חברי חברי הכנסת, במקום שמדינת ישראל תגדיר את עצמה ותהיה מדינת הלאום של העם היהודי ושל אזרחיה, אתה, ראש הממשלה נתניהו, מעדיף אותה רק מדינת הלאום של העם היהודי, שמראש מתעלמת מכל אזרחיה. והתוצאה ברורה, חברי חברי הכנסת, על-פי יוזמות החקיקה הקיצוניות של חברי הכנסת אלקין, שקד ואני לא יודעת, וכל מיני מרעין בישין שהצטרפו אליהם, יהודים אמורים לקבל עדיפות על שאר אזרחי ישראל.

מה המשמעות של זה? נכון, בטח, חבר הכנסת רותם, נכון. מה המשמעות של זה?

שתפגעו בזכויות אדם, בדמוקרטיה, בזכויות המיעוט הערבי בישראל. אנחנו מדברים על 20% מאזרחי המדינה. וגם, חברי חברי הכנסת, אם תתקבל לכאורה הצעה יותר מרוככת של ראש הממשלה, איזו הצעה זו? איזו דמוקרטיה זו שאין בה המילה ""שוויון""? שמדברת על זכויות אישיות? מה, יש דמוקרטיה בלי שוויון? אדוני ראש הממשלה, אתה הולך לעשות כאן דמוקרטיה ליהודים בלבד. אני חייבת לומר לכם, חברי חברי הכנסת, לא שממש יש לי ציפיות מראש הממשלה, בטח לא מדודו רותם ולא מזאב אלקין וגם לא מאיילת שקד, אבל אני שואלת אתכם, לצערי הם לא כאן – –

– – השרים לבני ולפיד, מה אתם עוד מחפשים בממשלה הזאת? אתם מיום ליום הופכים להיות משתפי הפעולה של הממשלה הזאת. אתם מתיימרים להשפיע על הממשלה מבפנים? הרי אמרתם שתפרשו אם הממשלה לא תקדם שלום, ובפועל אתם עדיין נשארים בתוך ממשלה קיצונית שמשקיעה כספים בהתנחלויות, מחריבה את הקשרים עם ארצות-הברית, מנסה להשתלט על מזרח-ירושלים ומאפשרת כל מיני פרובוקציות של חברי כנסת הזויים שעולים להר-הבית, שזורקים גפרור שמבקש להדליק כאן תבערה בעיר הכי רגישה, בסיטואציה הכי רגישה. מה אתם הולכים לעשות כאן? להפוך את הסכסוך, את העימות שיש לנו, מסכסוך לאומי לסכסוך דתי? מה אתם מסבירים לנו, השרים לבני ולפיד? קודם הסברתם לנו שאתם נשארים בממשלה בשביל השלום. טוב, השלום לא ממש הלך כי הממשלה הזאת לא ממש התכוונה ללכת לשלום, ועכשיו אתם מסבירים לנו שאתם נשארים בממשלה כדי להגן על הדמוקרטיה. איזו דמוקרטיה זאת? כל יום הממשלה הקיצונית הזאת מעלה יוזמות חקיקה קיצוניות, גזעניות ואנטי-דמוקרטיות, שמבקשות לפגוע באזרחי ישראל הערבים, שפוגעות בשלטון החוק ובשומרי הסף. וכל פעם, מה אני שומעת? איזה תירוץ אחר שאתם ממציאים. אתם נותנים חותמת כשרות לממשלה הרעה הזאת. אז אולי פשוט תגידו שזה לצורכי הישרדות פוליטית במקום לספר לנו סיפורים: היום זה חוק הלאום ומחר זה חוק אחר. חברי חברי הכנסת, בכל יום שלבני ולפיד נשארים בממשלה, הם ממשיכים לתת לה צינור של חמצן ולגיטימציה בין-לאומית; ממשלה שנוקטת ענישה קולקטיבית, הריסת בתים, שלילת תושבות – מה עוד אתם רוצים לעשות? במקום מוטיבציה לטרור, במקום לעקר מוטיבציה לטרור, אתם גורמים לעוד ועוד אנשים להיכנס למעגל הטרור.

חברי חברי הכנסת, הגיע הזמן שנבוא חשבון עם מנהיגות פחדנית, שאינה מציעה תקווה והורסת כל סיכוי להסדר. אדוני ראש הממשלה, נכשלת בהובלת ישראל למקום בטוח יותר לחיות בו. נכשלת בביטחון, נכשלת בשלום, נכשלת בכל פרמטר אפשרי בסולם הערכים שבו נמדדת מדינה דמוקרטית מתוקנת. אם לא היית עסוק כל כך בלרצות את הימין הקיצוני, ואם היה לך מינימום של אומץ ואחריות לאומית, היית מגלגל את כל ההצעות הקיצוניות האלה וההזויות האלה, כולל ההצעה שלך, מכל המדרגות; היית קורא לסדר את כל המתסיסים שרוצים להבעיר את ירושלים. אבל מה עושה ממשלת ניהול הסכסוך בראשותך? היא ממשיכה להתייחס למציאות הקשה בירושלים כמו אל רסיס בישבן. חברי חברי הכנסת, אדוני ראש הממשלה, אתה לא מציע חזון מדיני, אתה מפגין חוסר אומץ, אתה מוביל אותנו ממבצע למבצע ומתַרחש תרחישים קטסטרופליים של השמדת העם היהודי: איראן, ""חמאס"", ""דאעש"", עוד הפעם איראן, עוד הפעם ""חמאס"", עוד הפעם ""דאעש"". ומה קורה בזמן הזה? הממשלה שלך מפחיתה מסים לעשירים, לא גובה מסים מחברות ענק, מקצצת בקצבאות ובשירותים החברתיים ומשתפת פעולה עם ממסדים ותאגידים מושחתים ותאבי בצע. חברי חברי הכנסת, יוקר המחיה הוא ממש לא גזירת גורל. הוא תוצאה של המדיניות המתמשכת והמכוונת של הממשלה בראשותך, ויוקר המחיה לא ישתפר כל עוד הממשלה שלך עסוקה בצעדים פופוליסטים ומזיקים. במקום לעסוק ביחסי ציבור על חשבון כספי ציבור, הממשלה צריכה לאמץ תוכניות קונקרטיות בתחום המזון, הבנקאות, הדיור, החשמל והמים, בריאות, חינוך, העלאת שכר מינימום כבר אמרנו? העלאת שכר מינימום לרמה שתאפשר מחיה בכבוד. הקצאת דירות לדיור בר-השגה; עדכון סל התרופות ופתיחת מעונות-יום; איפה כל ההבטחות על יום לימודים ארוך, עד 16:00? איפה כל ההבטחות האלה? לאן הן נמוגו? אלה רק חלק מהצעדים שממשלה אחראית שעובדת לטובת האזרחים שלה צריכה לאמץ. חברי חברי הכנסת, לסיום, ההבטחה היחידה שעולה מהתקציב שהממשלה הזו הגישה לנו לכנסת היא לא הורדת יוקר המחיה, אלא שההוצאה האזרחית תמשיך להתכווץ, האי-שוויון ימשיך לגדול, והמשפחות הצעירות ימשיכו לקרוס תחת הנטל הכלכלי. אדוני ראש הממשלה, מנהיגות נמדדת באומץ וביכולת ליצור שינוי למען דור העתיד. ואני אומרת לך, אתה לא מביא שלום, אתה לא מביא ביטחון, אתה לא מצמצם את הפערים החברתיים, אתה לא מטפל ביוקר המחיה ואתה הופך את ישראל לדמוקרטיה ליהודים בלבד. תודה רבה.

– – – להוריד את יוקר המחיה.

באמת, מה עניין שמיטה להר-סיני?

כל הזמן אתם עושים לנו את זה.

מה עניין שמיטה להר-סיני? על מה אתה מדבר בכלל?

אתה מפר את האיזון. אתה מפר את האיזון שאתה – – –

קוראים לזה פרנויה, אדוני ראש הממשלה.

לא זכרת כמה שנים אתה ראש ממשלה?",1,
287361,2014-12-03,"הצעת חוק התפזרות הכנסת התשע-עשרה, התשע""ג–2013","אדוני היושב-ראש, חברי חברי הכנסת, כנסת חצי ריקה, אני חייבת לומר.

לא רוצים להתפזר, הא? פחות משנתיים אחרי שהוקמה הממשלה הגרועה הזאת, חברי חברי הכנסת, שמענו אתמול את ראש הממשלה פונה לציבור, וזה היה המסר שלו, שימו לב, למי שעקב אחריו: נכשלתי, הוא אמר, עכשיו תבחרו בי שוב. ביבי כנראה חושב שאם הוא יאשים אחרים בכישלון שלו, לא ישימו לב שהוא זה שנושא באחריות לביזיון שהיה כאן ב-20 החודשים האחרונים. ביזיון, ממשלת ביזיון, חברי חברי הכנסת. בערב האחרון של ממשלת ביבי השלישית הוא עושה בדיוק את מה שהוא עשה לאורך כל הקריירה הפוליטית שלו: בריחה מאחריות, פחדנות, התקרבנות ובכיינות. ועם זה ביבי הולך לציבור ומבקש אמון? מה הוא חושב, שאזרחי ישראל פראיירים? חברי חברי הכנסת, אני שומעת את הטענה הזאת: אנחנו עומדים בפני בחירות מיותרות; מה, עברו רק 20 חודשים; ונכון, זה עולה הרבה כסף. אני מבינה את הטענה הזו, אני לא יכולה להתעלם ממנה, כי מי הולך כל שנתיים לבחירות, חברי חברי הכנסת? אבל האמת היא שהבחירות שאנחנו הולכים אליהן הן לא רק מוצדקות, הן נחוצות מתמיד. ואנחנו עומדים כאן היום, חברי חברי הכנסת, כדי לומר שנמאס לנו. נמאס לנו מהממשלה הזו, שהביאה חוקי לאום; נמאס לנו מחברי כנסת ושרים הזויים שעולים להר-הבית; נמאס לנו משר החוץ והתוכניות שלו לטרנספר מכאן את הערבים; מכל מיני חוקי נאמנות ומשילות. נמאס לנו מסתימת הפיות, מהאלימות, מההסתה שהייתה כאן, מהגזענות המשתוללת; נמאס לנו מראש ממשלה שהוביל אותנו למלחמת דת, ונמאס לנו מבנייה בירושלים שנועדה לטרפד כל סיכוי להסדר. פשוט נמאס לנו מהממשלה הזו. ולכן מרצ מציעה היום את הצעת החוק לפיזור הכנסת. כשאני מסתכלת על ההתנהלות של ממשלת נתניהו כאן בחודשים האחרונים, אין לי דרך להגדיר אותה אלא כחבורה של תינוקות מגודלים. תינוקות מגודלים שהדבר היחיד שמנחה אותם זה כל מיני קרבות אגו, מי יקבל כותרות, כל מיני משחקי האשמות. איזו ממשלה זו? הגנון של הימין, חברי חברי הכנסת, שבר את כל השיאים. אבל בדיוק בגלל זה אנחנו צריכים להיפטר מהממשלה הזו. הכהונה שלה הייתה אומנם קצרה, קצרה מאוד, אבל אי-אפשר לפטור את השותפים שלה ולהסתפק באמירה שהם לא עשו כלום. זה ממש לא מדויק. שמעתי היום את – אני לא שומעת את עצמי, אדוני.

שמעתי היום את אחד מחברי הכנסת מתראיין ואומר שהממשלה הזו לא עשתה כלום, ואני רוצה לומר שהנזק שממשלת נתניהו-בנט-לפיד הספיקה לעשות כאן ב-20 החודשים האחרונים, חברי חברי הכנסת, הוא הרי בלתי נתפס. תראו מה היה כאן: בריחה מחפירה מהתהליך המדיני שהביאה אותנו למלחמה מיותרת בעזה; אירועים אלימים ברחבי הארץ; בנייה בהתנחלויות; בידוד בין-לאומי חסר תקדים; מיטוט יחסי החוץ עם ארצות-הברית; שיאים בלתי נתפסים בשיעור העוני ופערים כלכליים; שני בני-הזוג עובדים והמשפחות שלהם מתחת לקו העוני; 35% מהילדים בישראל – האם זה נתפס? – חיים בעוני. חברי חברי הכנסת, גזענות הולכת וגואה; פגיעה קשה ומסוכנת בדמוקרטיה ובזכויות האזרח ובזכויות של אזרחי ישראל הערבים. ואולי, חברי חברי הכנסת, אפשר גם ללמוד משהו מהכהונה הקצרה של אחת הממשלות הגרועות בהיסטוריה: כדי לשנות ולהעיף את ראש הממשלה נתניהו, צריך להתחיל בדבר אחד – לפזר את הכנסת ולהחליף את ראש הממשלה. אז גם אם הבחירות האלה חושפות פוליטיקה רקובה ומשחקי כוח עלובים, חברי חברי הכנסת, אנחנו רואים בהן הזדמנות עבור מפלגות המרכז-שמאל שמחויבות לסיום הכיבוש ומחויבות לפתרון שתי המדינות, מחויבות למאבק בגזענות, להגנה על הדמוקרטיה, לסגירת הפערים הכלכליים ולפתרונות ליוקר המחיה, ולראש ממשלה שהוא לא נתניהו. ואם מישהו לא הבין: רק לא ביבי, חברי חברי הכנסת. הממשלה הבאה היא רק לא ביבי. היא ממשלה של כוחות שרוצים כאן לשנות. כי הציבור הישראלי רוצה תהליך מדיני, והוא רוצה שיתוף פעולה יהודי–ערבי, והוא רוצה כלכלה הוגנת יותר, והוא מתנגד לחקיקה האנטי-דמוקרטית ולמינהלת זהות יהודית ולכפייה דתית. הציבור בישראל אומר: כן לדמוקרטיה, כן לשוויון, כן לשלום. אדוני ראש הממשלה, הציבור הישראלי יודע שנכשלת; הוא יודע שנכשלת, ביבי. הציבור הישראלי הוא ממש לא פראייר. ולציבור הישראלי מגיעה תקווה, חברי חברי הכנסת, וגם אם הדרך תהיה ארוכה וקשה, אנחנו לא פוזלים הצדה ולא מתפשרים על האמת שלנו, והשינוי קרוב והוא יבוא אם נמשיך להיאבק על הזכות שלנו לעצב את דמותה של מדינת ישראל. חברי חברי הכנסת, מנהיגות נמדדת באומץ וביכולת לייצר שינוי למען דור העתיד. ממשלה, ממשלת נתניהו, שהובילה אותנו ממבצע למבצע, היא ממשלה ללא מנהיגות, היא ממשלה שאין לה חזון, היא ממשלה שאין לה אופק. ואני מזמינה אתכם, חברי חברי הכנסת, להצביע אתנו, להעביר את נתניהו והממשלה הגרועה שלו לספרי ההיסטוריה, להקים כאן גוש חדש, קואליציה חלופית, גוש מרכז-שמאל שייתן לציבור תקווה. אנחנו לא רוצים יותר לראות את ההתכנסות של הכנסת הזו, איך קואליציה אוטומטית מצביעה בעד חוקים דרקוניים, חוקים גזעניים; איך קואליציה אוטומטית נתנה יד לחוקים שאני מקווה שלא יעברו וייקברו, חוקים שמכתימים את ספר החוקים הישראלי. חברי חברי הכנסת, מרצ הגישה את הצעת האי-אמון שלה – החוק לפיזור הכנסת. מבחינתי, היום זה יום דרמטי, חשוב, שבו אנחנו אומרים לממשלת נתניהו: די, מספיק, לכי הביתה, תתפזרי. נמאס לנו, הספיק לנו ממך. ואנחנו אומרים – חברי חברי הכנסת, שימו לב טוב, שימו לב טוב, תזכרו את המשפט הזה, אני חוזרת עליו שוב ואני אחזור עליו שוב: רק לא ביבי – הספיק לנו ממך. רק לא ביבי. ומי שלא הפנים, בפעם האחרונה: רק לא ביבי, חברי חברי הכנסת. תודה רבה, אדוני.

אדוני, זה עוד לא קרה – – –

אני לא מאמינה. אני לא מאמינה.",1,
287470,2014-12-08,"הצעת חוק התפזרות הכנסת התשע-עשרה, התשע""ה–2014","אדוני היושב-ראש, חברי חברי הכנסת, זאת תחושה מוזרה לעמוד כאן בכנסת, להתפזר אחרי שנה ושמונה חודשים, ועם זאת לחוש: איזה כיף שאנחנו לא צריכים להיות כאן יותר, בהרכב הזה, אני מתכוונת. זו התחושה, וזה קורה בגלל מלחמה מיותרת ועקובה מהרס ודם; זה קורה על כליאת אנשים חפים מפשע – רק עכשיו הצבענו על חוק ההסתננות, אנחנו התנגדנו אבל היה מי שהצביע; זה קורה בגלל העלאת המע""מ, הקיצוץ בקצבאות והעמקת הפערים; בגלל האיום על הדמוקרטיה וחופש הביטוי; על מיליארדים שמעבירים להתנחלויות והסדרים שעושים עם ש""ס ו""מעיין החינוך התורני""; זה קורה בגלל הון, שלטון וגז; בגלל עליית מחירי הדיור; בגלל הקיפאון בשכר; כי מפקירים כאן עניים ודוחקים את הערבים ומגרשים את הזרים; וזה קורה בגלל ההקצנה הדתית, והלאומנות, והגזענות, וחיזוק ה""חמאס"", והתססת ירושלים, והבידוד הבין-לאומי, וקריסת התהליך המדיני, והעיקר, בגלל הניסיון להרוס את התקווה וליבוי הגזענות והשנאה. איזה כיף יהיה להצביע עכשיו על הפלת הממשלה הזאת. כמה רע היא עשתה, הממשלה הזאת, וכמה טוב לראות אותה הולכת הביתה. חברי חברי הכנסת, אנחנו יוצאים היום לקרב חשוב על דמותה של הממשלה הבאה, ואנחנו נעשה הכול כדי שהיא תיראה אחרת. ברוך שפטרנו – בדרך כלל אני לא נוהגת לומר את זה – אבל ברוך שפטרנו, חברי חברי הכנסת, שלום ולא להתראות.",1,
287756,2015-01-05,הצעות לסדר-היום: פינוי משפחות מבתיהן בשכונת גבעת-עמל בתל-אביב,70 מיליון שקל לטובת הרחבת בית-אל.,10,
288120,2015-05-11,הצעת חוק-יסוד: הממשלה (תיקון מס' 3 והוראת שעה לכנסת ה-20),"אדוני היושב-ראש, חברי חברי הכנסת, על זה הילדים היו אומרים: איזה דיון מעפן. אתה יודע למה? כי זה ממש לא משנה – או אולי זה משנה – אם הממשלה, יהיו בה 18 שרים, או 20 שרים, או 22 שרים. נכון, הדרך היא לא ראויה, זה זלזול בחוקי-יסוד, אבל זה ממש לא משנה כמה שרים יהיו, כי זה שרים לענייני כלום, או שצריך להגיד בעברית ""שרים לענייני לא כלום"". שרים מיותרים. ואני שומעת את השר, או סגן השר, אקוניס, עומד כאן על הדוכן ואומר: זה לא לוחות הברית. נכון, זה לא לוחות הברית, וזה גם לא תורה שניתנה למשה מסיני, וזה ממש לא משנה מה יהיה מספר השרים. זה לא הדיון. הדיון שצריך להתקיים כאן היום במליאה הוא לאיזו ממשלה אנחנו הולכים – ממשלה שנותנת שוחד פוליטי, והשרים שלה שותפים לדבר עבירה. כספים קואליציוניים – רק לפני שנתיים אמר בנט: אנחנו לא נתמוך בכספים קואליציוניים. ורק לפני שנה הכנסת הזו, הממשלה הקודמת – הליכוד ויש עתיד בתוכה – שינו חוקי-יסוד, הלכו על משילות, העלו את אחוז החסימה, שינו חוקי-יסוד כדי שתהיה כאן משילות. ובסוף למה הדבר הזה הוביל? לממשלה של 61. איזה פארש. אז מה הצדקנות הזאת? היום הם כולם עולים על הבמה ועותרים לבג""ץ נגד הגדלה והרחבה של הממשלה. באמת, טלו קורה מבין עיניכם. אדוני היושב-ראש, נכון, זה לא בשמים – – –

שמעתי. שמעתי. שמעתי. אתה תפריע לאקוניס, לא לי. אדוני היושב-ראש – – –

אתה יכול לנסות, בלא הצלחה יתרה, אדוני, ואני אסביר לך למה.

כי כשעולים לדוכן צריך לבוא עם טיעונים ענייניים, וכל הטיעונים שנשמעו פה הם טיעונים מבישים, כי זה לא עניין של גודל הממשלה. נכון, זה מגדיל את ההוצאות. זה העניין של המהות. נכון, זה ממש לא משנה אם זה 20 או 22. היינו רוצים 18; היינו רוצים שייתנו כבוד לחוקי-יסוד, היינו רוצים שזה יהיה מהפעם הבאה. אבל זה ממש לא הדיון. זה מחפיר שאנחנו עוסקים בפרוצדורה כשעל סדר-היום כאלה סוגיות מהותיות בחברה הישראלית – הגז, החטיבה להתיישבות, המיליונים, הכסף לחינוך החרדי והחינוך של הציונית הדתית, ומה נשאר לחינוך החופשי והחילוני. תסתכלו על הדברים האלה, תסתכלו מה שקורה כאן; אנשים מפוטרים, עובדי קבלן מפוטרים, תראו את דוח מבקר המדינה, אז אתם רבים על מספר השרים לענייני כלום או לא כלום? תתביישו לכם. תודה רבה.

הוא לא אומר שזה לא חשוב, מה שהוא אומר עלינו.

חבר הכנסת בהלול, ברשותך – למה זה לא קורה?

– – לא מודיע על סיום – – –

אז אדוני יודיע בסוף הישיבה.

כולם כאן במתח, בכוננות – – –",3,
288263,2015-05-12,הצעת חוק-יסוד: הממשלה (תיקון מס' 3 והוראת שעה לכנסת ה-20),"אני, לצערי, יותר מדי שנים באופוזיציה.

אין בעיה. אדוני היושב-ראש, תודה רבה, חברי חברי הכנסת, דובר כאן רבות ביומיים האחרונים על ההסכמים הקואליציוניים שנרקמו ושנחתמו בין סיעות הקואליציה העתידית, והרבה מילים נשפכו, מוצדקות יותר ומוצדקות פחות, על ההסכמים הקואליציוניים, על הכספים הקואליציוניים, דברים שבעיני הם פשוט מחפירים, לא עומדים באמות מידה של ממשל תקין. אפשר לקרוא לזה שוחד בחירות, לא שוחד בחירות אלא שוחד פוליטי, אבל אני רוצה בדברים שלי להתרכז רק בנקודה אחת בהסכמים הקואליציוניים, ואני מתכוונת להסכם שנחתם בין הליכוד לבית היהודי. זה הסכם רחב. אני רוצה לגעת בעיקר בסעיפים 67.1 ו-67.2, ואלה סעיפים שמתייחסים לחטיבה להתיישבות. אדוני, היום סיעת מרצ עתרה לבג""ץ כדי שיורה לבטל את הסעיפים האלה. ביקשנו צו על תנאי, ביקשנו דיון דחוף, ביקשנו צו ביניים, כי העמדה שלנו גורסת שזה פשוט בלתי מתקבל על הדעת שהמשנה ליועץ המשפטי לממשלה מפרסמת בחודש פברואר האחרון מתווה ברור, בעקבות הפנייה שלנו אליה, לגבי אופן התנהלותה של החטיבה להתיישבות, ובאה הממשלה, ואותם גורמים בממשלה שחתמו על ההסכם בין הליכוד לבית היהודי, ופשוט מצפצפים על ההנחיות ועל ההוראות של היועץ המשפטי לממשלה. ולכן העתירה שלנו היא כנגד הליכוד, כנגד הבית היהודי, כנגד החטיבה להתיישבות וכנגד היועץ המשפטי לממשלה, שלא עמד על המשמר ולא הורה לסיעת הבית היהודי והליכוד לבטל את הסעיפים האלה, שסותרים את ההנחיה שלו עצמו. למה הזדעקנו? למה עתרנו לבג""ץ דווקא נגד החטיבה להתיישבות? יש פה כל כך הרבה סוגיות בהסכמים האלה. יש לי מה להגיד על הכספים שניתנים למוסדות של החרדים שלא מלמדים לימודי ליבה; בכלל, רצו לרצות כאן את הציונות הדתית ואת החרדים האשכנזים ואת החרדים הספרדים, ולא נשאר כלום לאנשים החילונים או לתלמידים החופשיים החילונים, שלא נדבר על המערכת של אזרחי ישראל הערבים. אבל למה נזעקנו דווקא על החטיבה להתיישבות? חשבנו למקד את הפוקוס שלנו בחטיבה להתיישבות כי זה הפך להיות אחד הגופים המושחתים במדינת ישראל, גוף שהפך להיות הזרוע הביצועית של הממשלה לבנייה בשטחים. במשך שנים, החטיבה להתיישבות, ששייכת להסתדרות הציונית, שימשה צינור, כלי, גם להעברת כספים, גם לבנייה. לכאורה, המטרות שלה, ראשי החטיבה הסבירו לנו גם בדיונים בוועדת הכספים וגם בוועדת החוקה שהחטיבה פועלת לטובת מדינת ישראל, הנגב והגליל, ואפילו לקחו את מנהיגי ההסתדרות הציונית לסיורים בנגב ובגליל להראות להם איזה פעילות החטיבה הזאת עושה. החטיבה הזאת, אדוני, מתוקצבת כל שנה בסכום x במסגרת התקציב, ואנחנו רואים איך כסף שחור עובר באמצעות העברות תקציביות, שהממשלה מביאה אותן, ותקציב החטיבה גדל בעשרות אחוזים. רק בשנת 2013 תקציב החטיבה גדל לדעתי בכ-1,000%, הגיע לחצי מיליארד שקלים, ב-1,000% יותר ממה שהוקצה לזה בהתחלה. אם המדינה מחליטה שהיא רוצה לתקצב את החטיבה להתיישבות כדי שתבנה בשטחים, אין לי שום בעיה; אולי יש לי בעיה, אבל אני לא יכולה להתמודד עם הפרוצדורה, כי זה נעשה בדרך המלך. אבל מה שנעשה כאן, ללא שקיפות, לאחר מאבק ארוך שלנו לדרישה לשקיפות – ללא שקיפות, מכיוון שהחטיבה אינה רשות שעומדת בקריטריונים שמחילים עליה שקיפות כמו על רשות ציבורית אחרת. דרשנו שקיפות, אז חבר הכנסת לשעבר דוד רותם, ששימש כיושב-ראש ועדת החוקה, תקע את הבקשה שלנו בוועדת החוקה. נאבקנו – יושבת פה סתיו שפיר, וחברי כנסת אחרים – בוועדת הכספים נגד העברת הכספים לחטיבה להתיישבות, וכמובן הממשלה צפצפה עלינו. ובסופו של דבר, לאחר פניות חוזרות ונשנות, בא היועץ המשפטי לממשלה וקבע שהחטיבה להתיישבות אין לה סמכות ביצועית, היא לא יכולה לקבוע מדיניות, אי-אפשר לתקצב אותה בתקציב מיוחד. אפשר להעביר אליה – גג – 30 מיליון שקלים כדי שהיא תוכל לתת משכורות לאנשים שעובדים שם. האם זה חייב את הממשלה, ההנחיות של היועץ המשפטי לממשלה? אנחנו קוראים בהסכם שהוגש לנו לכנסת שתוקם ועדת מנכ""לים שתבחן את ההתנהלות ואת התקציבים. מי זאת ועדת המנכ""לים? זה אנשים פוליטיים. אז מה זה משנה שהיועץ המשפטי קבע לעשות את הדרך הזאת והזאת ולמנוע מהחטיבה לשמש כזרוע הביצועית? אדוני היושב-ראש, הדבר הכי מצחיק בסיפור העצוב הזה הוא שהיום אני קוראת את התגובה של השר שאמור להיות מופקד על החטיבה להתיישבות, השר שהסמכות על החטיבה להתיישבות הועברה לידיו, וזה שר החקלאות והכפר – נדמה לי שזאת ההגדרה המדויקת – השר אורי אריאל, והוא אומר: אני אדם שדוגל בשקיפות; אני אדאג לשקיפות בחטיבה להתיישבות. לא ידעתי אם לצחוק או לבכות. אנחנו מכירים את השיטות של אורי אריאל. שקיפות, שקיפות, שקיפות בחטיבה להתיישבות, והכסף ימשיך לזרום, ואנחנו נראה איך חלוקת המשאבים של המדינה הולכת למטרות שהמדינה לא קובעת אותן מלכתחילה והולכת רק למטרה אחרת, להמשיך ולחזק את הבנייה בשטחים. חברי חברי הכנסת, אני לא ממהרת בשנים האחרונות לעתור לבג""ץ, אנחנו לא ממהרים לעתור לבג""ץ. אנחנו עושים את זה במשורה, מהסיבות שאדוני אומר הרבה פעמים: יש כנסת, יש הפרדת רשויות. אבל יש מצבים שהדעת לא סובלת, שהם לא מתקבלים על הדעת. אם הרשות המחוקקת והרשות המבצעת לא יודעות לשמור על הפרדת רשויות, אנחנו מבקשים סעד בבית-המשפט. אני מקווה שבית-המשפט ייתן צו ברור שיורה למדינה, דהיינו לגורמים בממשלה – או שיורה למדינה, ליועץ המשפטי לממשלה, להנחות את הבית היהודי ואת הליכוד לבטל לאלתר את ההסכם הזה ולהשאיר את המתווה שקבעה המשנה ליועץ המשפטי לממשלה דינה זילבר ביחס להתנהלות החטיבה. אין שום הצדקה שתהיה מפלגה שיהיה לה גוף, בכנסת ישראל, שיבצע את המדיניות שלה. ויש לי גם רעיונות לאן לקחת את הכסף. אני חושבת שזה צריך ללכת בדרך המלך ולא בדרך הקלוקלת, כפי שראינו שעשו את זה הליכוד והבית היהודי. תודה רבה.",1,
288398,2015-05-14,כינון הממשלה והרכבה,"לנו אין חוקה. יש להם חוקה, לנו אין חוקה. למה לנו אין חוקה?

– – – ולחשוב שהיית שר החוץ.

הקואליציה הסירה את הדוברים שלה. הקואליציה הסירה את הדוברים שלה. אדוני היושב-ראש – – –

תודה, אדוני. אדוני היושב-ראש, חברי חברי הכנסת, אני מדברת לכיסא הריק של ראש הממשלה – איזו בושה, איך גררת את כולם. אני רואה כאן את המשפחות של המועמדים לשרים במליאה, עם ילדים קטנים, עם הורים מבוגרים, נרגשים ומתרגשים. ואתה עולה על הדוכן, וגם כשאתה מנצח אתה מתבכיין. כולם אשמים שהשבעת הממשלה נדחתה ואז נדחתה, חוץ ממך. וכל פעם אתה מוצא סיבה. עכשיו בכלל יש בעיה בשיטת הממשל, כאילו הבעיה היא לא במושלים. נשנה את השיטה, אתה אומר, ניתן כוח למפלגה הגדולה, זה קורה ככה בכל המדינות בעולם. יש דבר אחד ששכחת לציין, אדוני ראש הממשלה, במדינות בעולם שזה קורה בהן יש חוקה, יש מגילות זכויות אדם שמגינה על מיעוטים. שם ראשי ממשלה לא מעזים לומר על ציבור אזרחים ""הערבים נוהרים באוטובוסים, בואו להצביע"". שם ראש ממשלה לא מעז להתייחס כך ל-20% מהאוכלוסייה שלו. חברי חברי הכנסת, אומרים שההיסטוריה חוזרת פעמיים, פעם כטרגדיה ופעם כפארסה, והאמת שקשה לי לבחור תחת איזו הגדרה לשים את הקמת הממשלה שלך. מה שקרה כאן בחודשים האחרונים היה אולי מצחיק אם זה לא היה על חשבוננו, ומה שעשית, ראש הממשלה, קנית שלטון בכסף, באמצעות שוחד פוליטי. מי שעושה כאלה הסכמים קואליציוניים אינו ראוי לכהן כראש ממשלה. מי שקיבל 30 מנדטים והיה לו ניצחון אדיר ונאלץ לרפד כך את השותפים הקואליציוניים שלו – – –

אדוני היושב-ראש, ההסכמים שנחתמו בין הליכוד לשאר מפלגות הקואליציה הם שוד לאור היום של כספי ציבור עבור פוליטיקה קטנה וסקטוריאלית, חלוקת ג'ובים וריפוד הכיסים של מקורבים. אני שמחה לעדכן את הכנסת, למי שלא שמע, שהיועץ המשפטי לממשלה קיבל את העמדה של סיעת מרצ ביחס להסכם שנחתם בין הליכוד לבית היהודי בכל מה שנוגע להעברת כספים, 50 מיליון שקלים, לחטיבה להתיישבות. היועץ המשפטי אמר שהסעיף הזה בהסכם הוא לא חוקתי ובעצם קיבל את העמדה של סיעת מרצ שהסעיף הזה צריך להתבטל, ואני מקווה שבדיון בבג""ץ ההסכם הזה יתבטל. אדוני היושב-ראש, היומיים האחרונים היו השיא. אחרי שראש הממשלה השתמש בכל מה שהיה לו כדי לרצות את יהדות התורה, את ש""ס, את הבית היהודי, הוא עשה כל מיני להטוטים באוויר כדי להרגיע את החברים מבית, וכמו שאנחנו רואים היום במליאה, הם ממש ממש לא רגועים. איפה גלעד ארדן, חברי חברי הכנסת? השר גלעד ארדן איננו. שמעתי את ראש הממשלה אומר כאן על הדוכן שהוא רוצה להודות לצחי הנגבי, ואני רואה הודעה של צחי הנגבי שבכלל לא היה סיכום כזה בינו לבין ראש הממשלה. זה ממש ממש מחפיר, אדוני היושב-ראש, הציניות והזלזול בציבור. כל המשחק הזה – תראו מה היה כאן. שמענו כאן את רשימת השרים המיועדים. אני חייבת לומר שחלק גדול מאוד מהשרים המיועדים הם ידידים אישיים שלי, חברים שלי, יש כאן מינויים ראויים, כל המינויים הם ראויים. אני רוצה לציין שניים במיוחד, את המינוי של שר הרווחה חיים כץ, ואני רוצה לברך על מינוי של שרה לשוויון מגדרי – ושלא ייעלבו לי שאר השרים, כולם מינויים ראויים ביותר, אבל אלה שני מינויים שחשבתי שראוי לציין. אבל תראו מה היה כאן, במשחק הזה של פיצול משרדי הממשלה. איזו יצירתיות; היצירתיות הזאת כבר עברה את גבול הטעם הטוב. כמה אנרגיה השקיע ראש הממשלה בפיצול משרד החארטה-ברטה לשניים – לאחד מינה את שר החארטה ולשני מינה את שר הברטה. זאת הממשלה. ואני מרשה לעצמי להשתמש במושג הזה כי ככה הממשלה הזאת מתייחסת לעצמה. במקום לדבר על השקעה של מרץ ולהיטות בדאגה לאזרחי ישראל, אדוני היושב-ראש, ראש הממשלה לא אמר מילה על טיפול ביוקר המחיה – –

– – בעוני, בשביתה המתוכננת בדימונה; הצחיק את המליאה כשהוא אמר: הממשלה שלנו תחתור לשלום. אני הסתכלתי על ההסכמים הקואליציוניים – אין בהם חזון, אין בהם תקווה, אין בהם מילה על התקדמות בתהליך המדיני – –

– – כאילו אם נתעלם מהפיל הזה שנמצא בחדר לא נוכל – – –

אין המילה שלום. הוא אמר עכשיו: נחתור לשלום; איזו בדיחה, איזה קשקוש. אדוני היושב-ראש, מדובר כאן בקרקס. אנחנו באופוזיציה נתאגד למאבק להוצאת הנשמה לממשלה הזו ונעשה הכול כדי לקצר את ימיה. תודה רבה.",1,
289090,2015-06-03,הצעות לסדר-היום: חרם ודה-לגיטימציה נגד ישראל בארגונים בין-לאומיים,"קודם ההצעות המתנגדות ואחר כך השר יכול לעלות.

אנחנו ברעים, היא אמרה – – –

ציניות זה השם השני שלכם. זה מה שאתם.

הליכוד הציני, זה מה שאתם.

– – – אתה בא בטענה אלינו – – –

– – – אתה עומד שם, אתה מטיף לנו מוסר, אני לא מבינה.

– – – שנות ה-30, ה-40, ה-50, ה-60 – – –

גברתי היושבת-ראש, ברכות. הדיון הראשון שלך פה הוא סוער במליאה סוערת. האמת, זה מה שמעניין. דיון משמים – זה לא עושה את העניין. אני רוצה לומר בצורה ברורה, שאינה משתמעת לשתי פנים: חברי ואני מתנגדים לחרם על מדינת ישראל. אנחנו לא יכולים לשאת את המדיניות המתקרבנת שלכם, שלך, השר אקוניס, של השרה שקד, שמציירים כאן שני עולמות, שמי שמעז למתוח ביקורת על מדיניות הכיבוש וההתנחלויות בעצם מסייע לאותם אנטישמים שרק רוצים לחסל את מדינת ישראל. תרגיעו, כי מי שעובדת בשירות החרם זו ממשלת נתניהו. תגיד לי, מי עושה הפרדה באוטובוסים? תגיד לי, מי מדבר או מי מפיץ סרטון על ""הערבים נוהרים באוטובוסים""? מי אומר על ג'יבריל רג'וב ""שישחק סטנגה במוקטעה""? זה כל ההתנהלות שלכם, שמבקשת לחזק את מדיניות הכיבוש ותחזוק ההתנחלויות. היא מובילה אותנו לזה. אתם טומנים את הראש בחול, אתם מתייגים אותנו לטובים ורעים. אנחנו לא עובדים אצלכם, אנחנו לא מקבלים את המדיניות שלכם. אנחנו נגד חרם, אבל אנחנו ניאבק נגד זה שבגללכם יש כאן אי-לגיטימציה בין-לאומית, ואתם תצטרכו להחליט: או מדיניות ההתנחלויות או לגיטימציה בין-לאומית. תודה רבה.",1,
291091,2015-07-22,שאילתות דחופות,"אדוני סגן השר, נדהמתי גם אני מהתשובה שלך – –

בסדר, אני אתן לך עוד סיבות להיות שמח. – – תשובה שהיא כולה תשובה פוליטית, שאומרת: מעולם לא היה כפר ערבי, ובכלל מי שאשם בזה שיש תביעה שלא להרוס 37 מבנים ולא להעיף את הפלסטינים מהמקום שהם נמצאים בו, מי שאשם בזה זה בכלל ארגוני השמאל. נקבת בשמותיהם של כל ארגוני השמאל. הם אלה שיוזמים קמפיין השמצה, כך אתה קורא להם. טוב שאתה לא מאשים אותם ברצח ארלוזורוב, אדוני.

הם אשמים בזה שמתנהל עכשיו דיון בבג""ץ – – –

לא, עכשיו אל תיכנס בדברים שלי. הקשבתי לך בקשב רב, עכשיו תקשיב לי. כי מה שאתה עושה כאן על הדוכן, שעה לפני שמגיע לכאן ראש ממשלת איטליה, הוא יריקה בפרצופן של מדינות אירופה, של ראשי האיחוד האירופי, של נשיא ארצות-הברית, דובר מחלקת המדינה, שאמר, ואני מצטטת, ואלה דברים חריפים, דווקא עכשיו במסגרת היחסים בין ארצות-הברית לישראל – אמר שאתם לא מביאים בחשבון את ההשלכות הבין-לאומיות של ההתגרות הישראלית; כך הוא אמר – התגרות ישראלית. מה אתם רוצים עכשיו? תמונות של דחפורים ישראליים הורסים מבנים, מעיפים אנשים מבתיהם, ילדים מתגלגלים ברחוב – אלה התמונות שמדינת ישראל רוצה עכשיו? אתם לא נותנים תוכניות מתאר, אתם לא מאשרים את תוכניות המתאר שהפלסטינים הגישו כדי לתת מענה לדיון הקודם בבג""ץ. אז אתה עומד כאן על הדוכן ומסביר לנו, שוב אתה מנצל את ההזדמנות, שמי שאשם אלה ארגוני שמאל. אני רוצה לקרוא לך, אדוני, מה אמר שגריר האיחוד האירופי – אני מצטטת מתוך מאמרו של עקיבא אלדר שפורסם לפני יומיים, והוא כותב: על-פי נתוני האיחוד האירופי, אומר השגריר האירופי, חלה בשנים האחרונות עלייה בממדי ההריסות באזור. התופעה נובעת מהשיעור הזעום של היתרי הבנייה שישראל מעניקה לתושבי הכפרים הפלסטיניים הפזורים באזור C. ואם אנשים היו יודעים היכן הם יכולים לבנות, אמר, זה היה מונע בנייה ללא היתר וצווי הריסה. והוא מוסיף, השגריר אנדרסן: כשמתאם הפעולות בשטחים, יואב פולי מרדכי, שותף לדעה שהדרך הנאותה – אני לא יודעת בשם מי אתה מדבר, אדוני, כשאתה עומד כאן על הדוכן – – –

אני מסכמת, אני רק נותנת את הציטוט. – – – אמר שהדרך הנאותה להתגבר על הבעיה היא בהכנת תוכנית-אב ישראלית-פלסטינית לתכנון פיזי, שתאפשר לתושבים הפלסטינים לבנות באופן חוקי ומסודר. ולמרבה הצער, הוסיף השגריר, התוכנית נלקחה בת-ערובה למשברים בין ישראל לפלסטינים. אתם שבויים, בני-ערובה, למדיניות של המתנחלים, שאתה מייצג אותה – –

– – ואתה וראש הממשלה נתניהו נותנים היתר עכשיו להעיף אלפי אנשים מהבתים שלהם, כי המתנחלים לוחצים עליכם.

ואתה מעז לעמוד כאן על הדוכן ולהשמיץ את ארגוני השמאל?

– – – אתה לא מנהל את הדיון במליאה.

אני חוזרת ואומרת. ותפתור את הבעיות – – –

זה עכשיו בבג""ץ. תחכה להחלטה של בג""ץ.

הם דיברו על 3 באוגוסט – – –",1,
291185,2015-07-22,"הצעת חוק למניעת פגיעה במדינת ישראל באמצעות חרם (תיקון – ביטול החוק), התשע""ה–2015","אתה צריך להגן על הדובר – – –

– – – להגן על הדובר – – –

חברי חברי הכנסת, ראיתי שהרוחות התלהטו פה. אני מבקשת באגף הזה להקשיב לי היטב ולהתרכז במה שאני אומרת. אני חושבת שבמדינה דמוקרטית צריך לאפשר לאנשים, לאזרחים, בחירה אישית. ולכן, בניגוד לחבר הכנסת באסל גטאס, אני רוצה לעשות הבחנה בין הכרזות לחרם על מדינה לבין הכרזה על בחירה אישית של אזרחים לנקוט בטקטיקת החרם. אם מחר חבר הכנסת אראל מרגלית יחליט שיש לו בעיה עם ""תנובה"" בגלל מחיר הקוטג', או בגלל 75% – אני לא יודעת מה זה היה – וירצה לקרוא לחרם צרכנים על ""תנובה"", זה לגיטימי, חברים. חרם הוא בחירה אישית, הוא טקטיקת פעולה שבמדינה מתוקנת צריך לאפשר אותה. עכשיו אני רוצה להגיע למה שהיה עם חוק החרם – –

– – ואני רוצה להבהיר – תרשה לי.

אני רוצה להבהיר – רגע – אני רוצה להבהיר את עמדתי בצורה שאינה משתמעת לשתי פנים. אני שייכת לסיעה – חבר הכנסת ילין, זה בשבילך – אני שייכת לסיעה שמתנגדת לחרם אקדמי, תרבותי, כלכלי על מדינת ישראל. מתנגדת. אבל אני נאבקת על זכותם של אזרחים לעשות הבחנה, שהיא הבחנה לגיטימית, בין מה שנקרא מדינת ישראל הריבונית, הלגיטימית, בתחומי הקו הירוק, לבין מה שבעיני – אני יודעת שקשה לך לשמוע – נחשב לכיבוש. ואני רוצה לאפשר לאנשים לא לקבל את ההחלטה של הכנסת, שגם בג""ץ היה לו קשה לפסול אותה – אומנם הוא פסל סעיף. גם אם בג""ץ נתן לה הכשר חוקי, זה עדיין לא עושה את זה הכשר מוסרי. והצעת החוק הזו, שנחקקה ב-2011, מבקשת לייצר רצף בין מדינת ישראל להתנחלויות, בין מדינת ישראל לכיבוש, ומותר לאזרחים במדינה – – –

רגע. מותר לאזרחים במדינה להביע את דעתם בשלל צורות: לעמוד פה על דוכן המליאה, להפגין, ומותר להם גם לנקוט בטקטיקה שהיא טקטיקה של חרם צרכני. בחירה אישית, בחירה לגיטימית. לא יכול להיות שהמחוקק יבחר להעניש אזרחים שמבקשים למחות מחאה פוליטית לגיטימית בחקיקה שהיא חקיקה דרקונית, כשאחר כך מדינת ישראל אומרת: אנחנו מדינה דמוקרטית – –

– – יש בה חופש ביטוי – – –

אני מסבירה לך, חבר הכנסת שמולי, וכדאי שתקשיב היטב למה שאמרתי, ובשבילך אני חוזרת על מה שאמרתי. אנחנו מתנגדים לחרם על מדינת ישראל – מדינת ישראל – כלכלי, תרבותי, אקדמי.

אבל אנחנו מוצאים לעצמנו את הזכות למחות נגד הכיבוש – – –

כי אנחנו מבקשים לבטל את חוק החרם – –

– – כי חרם הוא גם חרם צרכני.

אם אני לא רוצה לקנות מוצרים שמיוצרים בהתנחלויות, לא יכול להיות שהכנסת תעמיד אותי לדין.

אני חברת כנסת – רק שנייה – אני רוצה להגיד לכם את הדבר הבא – לא הקשבתם למה שנאמר.

האיחוד האירופי – תקשיבו – – –

אני מסיימת. האיחוד האירופי, האיחוד האירופי – – –

אני בזה מסיימת. האיחוד האירופי החתים את מדינת ישראל על הסכם ""הורייזן 2020"", ובהסכם הזה – – –

האיחוד האירופי החתים את מדינת ישראל – בצדק, מדינת ישראל היה לה עניין גדול להצטרף להסכם ""הורייזן 2020"". והאיחוד האירופי – וממשלת נתניהו חתמה על זה, הסכימה לעשות הבחנה בין הכסף שילך רק למדינת ישראל בגבולות הקו הירוק ולא בהתנחלויות.

ומי שרוצה שיהיה פה חוק חרם, מבקש להגן על הכיבוש ולא לעשות את החלוקה – –

– – בין מדינת ישראל לבין ההתנחלויות.

כל תועבה שבאה לכנסת היא שלך. כמעט כל תועבה.

חברי חברי הכנסת, הססמה הכי מפורסמת של האנטישמים הפוגרומיסטים ברוסיה הצארית הייתה: הכה ביהודים והצל את המולדת, הצל את אימא רוסיה. עכשיו זה פה הכה בערבים, אחר כך הכה בשמאלנים. הכול כשר בעיניכם. אתה לא עושה את ההבחנה, חבר הכנסת אלקין. אני עמדתי כאן על הדוכן – – –

עמדתי כאן על הדוכן ואמרתי בצורה ברורה את העמדה של הסיעה שלי. אני לא חייבת להסכים עם חבר הכנסת באסל גטאס. מה שאתם רוצים לעשות זה להשתיק כל קול שהוא קול ביקורתי – אני לא שומעת את עצמי.

אדוני היושב-ראש, אמרתי קודם, ואני אומרת לטובת אלה שנכנסו: אנחנו בסיעת מרצ מתנגדים לחרם על מדינת ישראל – חרם אקדמי, כלכלי, תרבותי. אנחנו תומכים בבחירה אישית של אנשים שרוצים להביע את המחאה שלהם – –

– – בחירה צרכנית – כן, אנחנו תומכים בזה, כשמדובר בכיבוש ובהתנחלויות.

ומה שרוצים לעשות כאן, חברי חברי הכנסת, אתם רוצים להחריג את ההתנחלויות מהשיח הפוליטי הלגיטימי. ואני אומרת לכם שמותר לנו להגיד לכם שמי שעושה דה-לגיטימציה למדינת ישראל זו המדיניות של ממשלת ישראל: מדיניות של סרבנות, מדיניות של חוסר רצון להגיע להסדר, מדיניות שמביאה את העולם למקום שאנחנו נמצאים בו. רק היום שמענו על בנקים באירופה שרוצים למשוך את ההשקעה שלהם. למה זה קורה? בגלל מדיניות ניהול הסכסוך של הממשלה שלכם.

אדוני היושב-ראש, אני רוצה להעיר הערה קטנה.

אדוני היושב-ראש, אני רוצה להתייחס לדברים של השר אלקין. שלא יבלבלו אתכם עם מה שקורה בארצות-הברית, ממש שלא יבלבלו אתכם, שלא ייתנו לכם מידע כוזב; החקיקה בארצות-הברית מתייחסת רק לחרם שהוכרז על-ידי מדינות, ומתייחסת לפעילות של תאגידים, ולא יחידים ולא קבוצות פרטיות. ובארצות-הברית עושים שימוש תדיר בחרמות: חרמות חברתיים, ציבוריים.

מי שרוצה להפעיל לחץ על השלטון ולא רוצה לרכוש קוטג' או מי שלא רוצה לרכוש מוצר אחר – –

– – יכול להשתמש בטקטיקת החרם – –

– – ואתה רוצה להשתיק אותנו ולסתום לנו את הפה, וזה לא יעזור לך.",1,
291241,2015-07-22,"הצעת חוק ייצוג הולם של יהודים בני המגזר החרדי בשירות הציבורי (תיקוני חקיקה), התשע""ה–2015","אדוני היושב-ראש, חבר הכנסת גפני העלה כאן לדיון סוגיה מאוד רצינית שמדברת על שילוב של החרדים במשרדי ממשלה, בדירקטוריונים ציבוריים. שקיפות, הייתי אומרת, לבחון כמה חרדים יש – אין בכלל אפשרות לבחון, אם הבנתי נכון. ואני חושבת ששקיפות זה אחד הדברים היותר משמעותיים שממשלה צריכה לאפשר. ומה שראינו כאן קודם, בהצבעה הקודמת, בחוק הקודם, לגבי החטיבה להתיישבות, זה בדיוק ההפך משקיפות.

אדוני היושב-ראש, מה שנעשה כאן קודם – – –

אתה מפריע לי, אתה מגיע לדוכן, אתה רוצה לעלות לדבר במקומי מכאן?

אדוני היושב-ראש, מה שנעשה כאן קודם זה היה הפוך למה שנקרא ייצוג, זה היה הפוך למה שנקרא שקיפות, זה היה צפצוף על מוסד היועץ המשפטי לממשלה. חוק עוקף-בג""ץ שלא רוצה לדעת, רוצה לתת הכשר בחקיקה למהלך של שוד לאור היום, לקביעת מדיניות, להעברת תקציבים לזרוע הביצועית של הממשלה לבנייה בשטחים, באמצעות חקיקה. זה מה שהממשלה והכנסת עשו – נתנו הכשר חוקי.

וכיוון שהסוגיה שהעלית, חבר הכנסת גפני, היא סוגיה חשובה, רצינית, שזקוקה לתמיכה רחבה יותר, אנחנו נבחן אותה, אדוני היושב-ראש. תודה.",1,
291333,2015-07-22,"הצעת חוק-יסוד: הכנסת (תיקון מס' 42) (הפסקת חברות בכנסת של חבר הכנסת המכהן כשר או כסגן שר);: הצעת חוק הפסקת חברות בכנסת של חבר הכנסת המכהן כשר או כסגן שר (תיקוני חקיקה), התשע""ה–2015",אני רוצה להזכיר שאת קיבלת פרס על הכתבות שלך על סוסיא.,10,
291908,2015-09-02,הודעה אישית של חברת הכנסת זהבה גלאון,"אדוני היושב-ראש, עלה על דוכן הנאומים חבר הכנסת יואל חסון, שעושה קריירה בשבועות האחרונים מהסתה נגד מרצ, ובצורה פופוליסטית ומתלהמת הביע כאן אמירות כנגד סיעת מרצ וכנגדי שלא היו מביישות את הבית הפוליטי שלך – אבל אני מודה שאני לא ממש מצליחה להיזכר מה זה בדיוק הבית הפוליטי שלך, אולי מישהו יכול לעזור לנו כאן.

אני ממש לא מוכנה לקבל הטפות מוסר, חברי חברי הכנסת, מאדם שהפעם האחרונה שנתקל במילה אידיאולוגיה הייתה לפני שיצא למסע בין מפלגות; חיפשת אותן. התחלת בליכוד, עברת לקדימה, גמרת במחנ""צ.

אתם יודעים, חשבתי על זה שאם יואל חסון, חברי חברי הכנסת, היה נקלע לאי בודד, הוא היה מקים שתי מפלגות כדי שיוכל לנטוש אחת לטובת השנייה. ואתה עומד כאן ומסביר לנו מה זה אידיאולוגיה?

אתה יודע למה אנחנו מתנגדים לחוק, חבר הכנסת חסון? אנחנו מתנגדים לחוק בגלל סיבות אקזוטיות. מה זה אומר – – –

על זה נאמר, אדוני היושב-ראש, הלך הזרזיר אצל העורב. חברי חברי הכנסת, אנחנו מתנגדים לחוק הזה בגלל סיבות אקזוטיות. קוראים לזה עקרונות, קוראים לזה אידיאולוגיה. אבל כנראה כשלימדו על זה, חבר הכנסת חסון, היית עסוק בלחפש לך ג'וב. איפה זה היה, בליכוד, בקדימה?

תתבייש לך. אתה מעז לעמוד כאן – – –

אני לא שומעת את עצמי, חבר הכנסת טיבי.

אדוני היושב-ראש, זה לא יכול להיות שבהודעה אישית יש הפרעה, בהודעה האישית.

אני מודה לך. חברי חברי הכנסת, למען הסר ספק, לאף אחד אין מונופול, בטח שלא בצד הזה – זה מה שנהייתם, המחנה הציוני – כדי לתת ציונים מי חשוב לו להיאבק בטרור ומי לא. ומה נראה לך, אתה מעז לעמוד כאן ולהגיד שסיעת מרצ מחבקת מחבלים? חצוף שכמוך. איפה היית כשלימדו על אידיאולוגיה – –

– – איזה ג'ובים, באיזה מפלגה חיפשת? השתחלת לרשימה של המחנה הציוני אחרי שעברת את כל המפלגות האפשריות, ואתה בא ללמד אותנו עקרונות של זכויות אדם ואידיאולוגיה? חצוף – – –

כן, חתיכת חצוף. עכשיו אני בהודעה אישית, שלא יפריע לי.

מי אתה? מי אתה, תחפש את החברים שלך. מי אתה?

אדוני היושב-ראש, מה שעשה חבר הכנסת חסון כאן היום על הדוכן, המילה ""חצוף"" קטנה עליו, חברת הכנסת בוקר, ""חצוף"" קטנה עליו. אני רוצה לסיים – – –

אני רוצה לסיים, חברי חברי הכנסת, ולהגיד – כדאי שתבחנו את עצמכם, המחנה הציוני, שאתם עושים קריירה על הסתה נגד מרצ. כדאי שתבחנו את עצמכם לאן הגעתם – – –

מי שרוצה להיאבק בטרור, צריך לחסל את בית-החרושת – –

– – שיוצר מוטיבציה לטרור – – –

חברי חברי הכנסת, מי שרוצה להילחם בטרור צריך לחסל את בית-החרושת שיוצר מוטיבציה לטרור. קוראים לזה הכיבוש, חברי חברי הכנסת. רוצים לחסל את הטרור? תחסלו את הכיבוש. תודה רבה.",1,
291919,2015-09-02,"הודעות הממשלה על הפסקת כהונתו של שר, על העברת שטח פעולה ממשרד למשרד, על צירוף שר לממשלה, על שינוי בחלוקת התפקידים בממשלה ועל שינוי שמות משרדים","אדוני היושב-ראש, חברי חברי הכנסת, זו פתאום התרגשות ככה לחזור למליאה, משביעים חברת כנסת חדשה. ברכות בהזדמנות הזו. אני רוצה לומר שמרצ תצביע נגד מינוי השרים החדשים – אומנם הם לא שרים חדשים, זה סוג של reshuffle בתפקיד – זו עמדה מסורתית שלנו, ואין בה כדי להביע דבר וחצי דבר על המועמדים לתפקידים. אני רוצה לנצל את ההזדמנות, אדוני, שאני עומדת כאן על הדוכן ולהתייחס לסקר שקראתי היום בעיתון ""ישראל היום"", שמתייחס למורי ישראל. תמיד נוהגים לבחון את הידיעות של התלמידים בישראל. אני מודה שנדהמתי מתוצאות הסקר. נתונים כמו מה זה כ""ט בנובמבר – מורים לא ידעו, ועוד שורה של דברים, כך שזה היה די מזעזע לחשוב בכלל שאלה המורים שלנו. אבל הדגש שאני רוצה לשים בדברי הוא על נתון מדהים, חברי חברי הכנסת: 57% מהמורים במדינת ישראל לא ידעו מה זה הקו הירוק. אני מודה שלא האמנתי למראה עיני. אני קראתי שוב את הסקר הזה, ואכן, 57% מהמורים במדינת ישראל, שמלמדים את התלמידים במערכת – שלא לדבר על הקיצוצים החוזרים ונשנים במערכת החינוך ובמערכת ההשכלה הגבוהה – זו בעיני הצלחה פנומנלית של ממשלות ישראל לדורותיהן, שהצליחו לטשטש את הקו הירוק, שהצליחו להביא למצב שמורים בבתי-ספר במדינת ישראל לא יודעים מה זה הקו הירוק. כדי להסיר ספק ולסבר את אוזנם של אותם מורים, אני רוצה להדגיש שהקו הירוק הוא מושג שמתייחס להבחנה בין ישראל הריבונית והלגיטימית, בגבולות הקו הירוק, לבין הכיבוש וההתנחלויות. והעובדה שיש בין המורים במדינת ישראל מספר כזה עצום של מחנכים בכיתות ומורים בכיתות שאמורים ללמד אותם ידע, היסטוריה, אזרחות, שלא יודעים מה המשמעות של הקו הירוק במדינה ששולטת 48 שנים על הגדה המערבית, על השטחים, על יהודה ושומרון – אני חושבת שמדובר בחרפה. זה לא לכבודה של מערכת החינוך, וזה בוודאי לא לכבודם של מי שממנים את אותם מורים שלא יודעים מה זה הקו הירוק. תודה רבה, אדוני.",1,
291996,2015-09-02,"הצעת חוק התקציב לשנות התקציב 2015 ו-2016, התשע""ה–2015;: הצעת חוק התוכנית הכלכלית (תיקוני חקיקה ליישום המדיניות הכלכלית לשנות התקציב 2015 ו-2016), התשע""ה–2015;: הצעת חוק ההתייעלות הכלכלית (תיקוני חקיקה להשגת יעדי התקציב לשנות התקציב 2015 ו-2016), התשע""ה–2015;: הצעת חוק להפחתת הגירעון והגבלת ההוצאה התקציבית (תיקון מס' 15) (שיעור הגירעון בשנות התקציב 2015 ואילך וסכום ההוצאה הממשלתית בשנות התקציב 2015 ו-2016), התשע""ה–2015","זאת הייתה הכוונה, אדוני, שראש הממשלה ישמע אותי.

אדוני היושב-ראש, חברי חברי הכנסת, אני רוצה בפתח דברי לתמוך במאבק של נציגי ההורים של תלמידי בתי-הספר הנוצריים, שמייצגים 33,000 תלמידים שיושבים בבית. זה בלתי מתקבל על הדעת. אנחנו מצטרפים למאבק שלכם ותומכים בו. חברי חברי הכנסת, חבל ששר האוצר יצא מהמליאה, ואני אומרת: ידידי שר האוצר, אני מתכוונת לזה, היכרות רבת שנים והרבה הערכה, ואני מודה שלבי יצא לשר האוצר. שמעתי אותו אומר דברים כאן במליאה, אני מצטטת: אנחנו עושים כאן צעדים דרמטיים, יהיו כאן הזדמנות שווה, שוויון, חמלה, ערבות הדדית, ואני אומרת: האם אנחנו מדברים על אותו תקציב, אדוני? כי אנחנו בחנו את התקציב הזה בקפידה רבה, אני עברתי על התקציב הזה ומצאתי בו הרבה דברים – לא ערבות הדדית, לא חמלה. חברי חברי הכנסת, מצער אותי לומר ששר האוצר כחלון מביא תקציב אנטי-חברתי לכנסת הזו, ממשיך את המדיניות של ממשלת נתניהו הקודמת. תקציב שנכנע – – –

חברת הכנסת מירב בן ארי, תקשיבי לי, אז תשמעי.

– – – תקציב שמשקיע בקבוצות לחץ, בקבוצות אינטרסים. מוכרים את התקציב הזה לאינטרסים צרים. ולמה זה כל כך מתסכל? כי שר האוצר עומד כאן והוא באמת מתכוון לזה, לרפורמות חברתיות ולכל מיני שינויים גרנדיוזיים. אבל בסופו של דבר שר האוצר מדבר על גידול. הוא אמר: כמה שנים לא ראיתם תקציב כזה? באמת הרבה שנים לא ראינו תקציב כזה, כי התקציב הזה הוא ממש לא טוב. הוא אומר – אני מצטטת – אני מרחיב בכל תחום. רק הוא שוכח לומר שהגידול שהתקציב הזה מדבר עליו הוא גידול אוטומטי לפי כל שנה, לפי הגידול באוכלוסייה. על מה אתם מספרים לנו, כשאנחנו בוחנים את הגזירות – ואני מתחילה לדבר עליהן אחת-אחת, תראי כמה הוא אנטי-חברתי. הקיצוץ הראשון שאני רוצה לדבר עליו – מקצצים סכום של 4.3 מיליארד שקלים בתקציבים האזרחיים, בזכאות של צעירים לדמי אבטלה. ועל מה חוסכים את הכסף הזה? הכסף הזה הרי עובר לוועד המקומי בחברון, למינהלת הזהות היהודית. תראו מה עושים עם רפורמת יום הלימודים הארוך, הרפורמה שהייתה צריכה לסייע להורים בכל הארץ.

תראו לאן הולך הכסף הזה: למוסדות דת אורתודוקסיים, לחינוך ממלכתי-דתי, שכבר גם ככה נהנה מתקצוב יתר, ותראו כמה כסף מזרימים לרשויות המקומיות בהתנחלויות, מיליוני שקלים, אבל מייבשים את כל השאר. שאלו קודם את שר האוצר מה עם הטבות המס למקומות כמו ערד, מקומות אחרים – שום דבר, זה אפילו לא הוזכר בדברים של שר האוצר. ואני אומרת לכם, חברי חברי הכנסת, מי שירים היום יד בעד התקציב הזה צריך להתבייש, כי תקציב המדינה הזה, שממשלת נתניהו ושר האוצר שעמד כאן על הדוכן בהרבה פתוס והתרגשות – ואני יודעת שהוא מתכוון לזה, רק הוא לא מביא את מה שהוא מתכוון – כי תקציב זה הצהרות כוונות, כי תקציב משקף את סדרי העדיפויות של הממשלה. חברי חברי הכנסת, מדובר בסדרי עדיפויות מבישים. אנחנו רואים בבירור איך הממשלה הזו מתנערת מהחובה שלה לספק שירותים איכותיים, שירותים שוויוניים לכלל האזרחים, ומשרתת על חשבונם ובמימונם מגזרים סקטוריאליים צרים. תראו עם מה הממשלה הזו לא מתמודדת.

זה חשוב, ואני מסכימה – – –

חברת הכנסת מירב בן ארי – – –

אני רוצה להסביר לך, חברת הכנסת מירב בן ארי, זאת לא חוכמה לתת הטבות לקבוצות מסוימות. הן חשובות, אני לא מתווכחת. מדובר על המקרו, ובמקרו, הממשלה הזו, אין לה אומץ להתמודד עם שלושה ממסדים חזקים: 1. בעלי ההון, שנהנים מפטורים והטבות מס – –

– – 2. הממסד הביטחוני. שר האוצר לא מאמץ את דוח לוקר; דוח לוקר ישכב על המדף, בניגוד למה שאמר לי ראש הממשלה. ושר האוצר גם לא מתעמת עם ממסד המתנחלים. וכשאין אומץ להתמודד עם שלושת הממסדים האלה, זה התקציב שמוגש לנו. תקציב שמקצץ בתקציבי מערכות החינוך וההשכלה הגבוהה לא מאפשר – – –

– – – לא מאפשר באמת לתת חינוך נורמלי לאזרחי ישראל, לתלמידי ישראל. והדבר הכי מדכא, במקום לאמץ את מכלול ההמלצות של ועדת אלאלוף לטיפול בבעיית העוני, תראו את הדבר המביש הזה: הממשלה בוחרת לאמץ שינוי בשיטת החישוב, שלא ישפר בכלום את מצב הכנסתן של משפחות שחיות בעוני. מה הם עושים? מה התרגיל הזה? רק מספר המשפחות שיירשמו ככאלה בדוחות הביטוח הלאומי ובדוחות הבין-לאומיים. זה צעד ציני, זה צעד מכוער שמשקף את רוח הצעת התקציב כולה – מוכרים לנו אשליות. חברי חברי הכנסת, אני רוצה לסיים ולומר, יש לי ביקורת גדולה על התקציב, גם על דוח לוקר, אבל מה מתסכל? ששרים שהצהירו על עצמם כשרים חברתיים בעצם משתפים פעולה עם רוח המפקד הרעה. צר לי לראות איך שר האוצר שהתכוון לטוב מביא רע בסופו של דבר. ולכן – ובזה אני מסיימת, חברי חברי הכנסת – סיעת מרצ הציגה הצעת תקציב אלטרנטיבית, חברתית, צודקת, מאוזנת, שלא מסתכלת רק על קבוצות אינטרסים צרות של הממשלה הזו, אלא על האינטרסים של כלל מדינת ישראל. תודה רבה.",1,
292753,2015-10-26,נאומים בני דקה,"אדוני היושב-ראש, תודה, ראש הממשלה יצחק רבין נרצח לפני 20 שנה בשל דרכו המדינית והפוליטית, בשל חתימתו על הסכם אוסלו ובשל הנכונות שלו לוותר על שטחי ארץ-ישראל, תוך שהוא מסתמך על הקולות של אזרחי ישראל הערבים, על חברי הכנסת הערבים. ראש הממשלה נרצח בשל ההסתה, בשל דרכו הפוליטית, כי היו אנשים בימין שחשבו שאין לראש הממשלה זכות לוותר על שטחי ארץ-ישראל, בעיקר כשהוא נסמך על הקולות של האזרחים הערבים. הדבר המקומם הוא שאנחנו 20 שנה אחרי ושום דבר לא השתנה. ההסתה נמשכת; כבר למדנו שמילים הורגות, וההסתה נמשכת. אין ספק שמבחינתו של הרוצח יגאל עמיר זה היה רצח מושלם ומשתלם: אין הסכם; אנחנו ממשיכים לחיות על הדם, על החרב. וכשראש הממשלה אומר: לנצח נחיה על החרב, יגאל עמיר הצליח. זה היה רצח מושלם ומשתלם. תודה.",1,
293073,2015-11-02,"הצעת חוק העונשין (תיקון מס' 120 והוראת שעה), התשע""ו–2015","ישללו להם? אני שואלת אותך.

– – – של ילדי נוער הגבעות.",1,
293629,2015-11-16,"הצעת חוק מעמדן של ההסתדרות הציונית העולמית ושל הסוכנות היהודית לארץ-ישראל (תיקון מס' 2) (מעמד החטיבה להתיישבות), התשע""ו–2015","אדוני היושב-ראש, אני מצטרפת לדברים שלך. אני רוצה לדבר על הצעת החוק של חבר הכנסת בצלאל סמוטריץ על החטיבה להתיישבות. לא מקרי שיושב כאן במליאה השר אורי אריאל – אל תקום – – –

אז זה די מתקשר, כי גם אתה קשור לעניין הזה. חברי חברי הכנסת – – –

חברי חברי הכנסת, החטיבה להתיישבות היא הזרוע הביצועית של הממשלה לבנייה בשטחים. כולם יודעים את זה. התקציב שלה גדל כל שנה במאות אחוזים. רוב התקציב הזה זורם להתנחלויות, לבנייה. חלק גדול ממנו עובר לפעילות של גרעינים תורניים וישיבות בכל מיני יישובים ברחבי הארץ. לפני כמה חודשים היועץ המשפטי לממשלה, בעצם המשנה ליועץ המשפטי לממשלה דינה זילבר, הודיעה שהגיע הזמן לסגור את החטיבה להתיישבות. מה זאת אומרת לסגור את החטיבה להתיישבות? שני דברים: דבר ראשון זה להפסיק לתקצב את החטיבה; דבר שני זה לגזול ממנה את כל הסמכויות כגוף שמתכנן מדיניות. אם הממשלה מעוניינת להמשיך ולהפעיל אותה, אמרה המשנה ליועץ המשפטי לממשלה, זה יכול להיות רק אחרי שוועדה מיוחדת שתקום תסדיר את כל הבלגן והשחיתות, ורק אם תוחל עליה בסופו של דבר שקיפות, ורק אם היא תפעל כגוף שמבצע מדיניות, אבל בוודאי לא כגוף שקובע ומתכנן אותה. ואז בא חבר הכנסת סמוטריץ לממשלה או לוועדת השרים לחקיקה ומגיש הצעת חוק, והממשלה מאשרת לחבר הכנסת סמוטריץ לעגן בחקיקה ראשית את ההתקשרות בין המדינה לחטיבה להתיישבות, שעליה אמרתי את כל מה שאמרה קודם המשנה ליועץ המשפטי לממשלה. אם זה לא ביזיון של החלטת הממשלה, אני לא יודעת מה המשמעות של ביזיון. בא חבר הכנסת סמוטריץ ומבקש לעגן בחקיקה את מערכת היחסים המושחתת בין המדינה לחטיבה להתיישבות. זה חוק, חברי חברי הכנסת, שנקרא חוק עוקף-יועץ-משפטי-לממשלה, חוק ששולח מסר גם למשרד המשפטים וגם לבית-המשפט העליון שהמערב הפרוע של ההתנחלויות הוא מחוץ לאזור השיפוט שלהם. יש דין ואין דיין; למה שקשור לחטיבה להתיישבות אין דיין, כי השליחים שלה בכנסת מהבית היהודי דואגים לאינטרסים שלה. ולמה פניתי קודם לחבר הכנסת – סליחה, לשר אורי אריאל? כי אם לא מספיקה לנו היוזמה הזאת שבאה לכאן למליאה, בא אתמול חבר הכנסת אורי אריאל לממשלה וביקש מהממשלה להצביע על הרחבת הסמכויות של החטיבה להתיישבות, ולהעביר אותן – לא פחות ולא יותר, אחרי שהיועץ אמר שצריך לסגור אותה – להעביר אותן לאחריות של שר החקלאות אורי אריאל.

התקציב ההתחלתי, חברי חברי הכנסת, שהציע אורי אריאל, יגדל פי-שלושה, ובמסגרת הסמכויות החדשות של אורי אריאל, הסמכויות המורחבות, החטיבה להתיישבות בכלל תהפוך לגוף מתכנן, שיוכל לתכנן הקמת יישובים חדשים. אני בכלל לא מבינה למה יש בממשלת ישראל משרד הבינוי והשיכון. בשביל מה יש השר גלנט, שהוא שר הבינוי והשיכון, אם עושים לו דרך עוקפת לשר אורי אריאל? במסגרת תפקידו כשר החקלאות, אחרי שהוא כבר לא מסרס חתולים, הוא עכשיו מגדיל את תקציב החטיבה להתיישבות והולך לבנות בכלל; תהיה לו אפשרות להיות זרוע ביצועית. אני לא מבינה את זה. איזו סיבה יש להעביר את הסמכויות של החטיבה להתיישבות דווקא לאורי אריאל? ממש ניחשתם נכון, חברי חברי הכנסת – –

– – אין כמו אורי אריאל שיודע לנצל את כספי הציבור – – –

אין כמו אורי אריאל – חבר הכנסת סמוטריץ, אתה אומנם מתחיל, אבל עוד לא הגעת לדרגת אורי אריאל, אני חייבת לומר – –

– – שיודע לנצל את כספי הציבור כדי לרפד את ההתנחלויות, את העמותות התורניות של המתנחלים. ומי באמת מתאים יותר ממנו לנצל לרעה גוף פרוץ כמו החטיבה להתיישבות – גוף פרוץ שאין עליו חובת מכרזים, וחוק חופש המידע לא חל עליו, למרות הניסיונות שלנו להחיל עליו את חוק חופש המידע? אז לאן הגענו, חברי חברי הכנסת?

חברי חברי הכנסת, לאן הגענו?

לא, אי-אפשר. אז תן לי עד שאסיים.

חברי חברי הכנסת, אני קוראת לכם לדחות את ההצעה – –

– – של חבר הכנסת סמוטריץ ולפנות לממשלה לדחות את היוזמה להעביר את הסמכויות של החטיבה להתיישבות לשר אורי אריאל.

אתם עושים כבתוך שלכם. אתם עושים מה שאתם רוצים. אין לכם אלוהים; אולי יש לכם אלוהים – במקרה הזה הוא שלכם. תודה.",1,
294823,2015-12-16,מתי תתחיל המלחמה בעוני?,"אתה חצוף, אתה שתול פה בכנסת.

אתה חצוף. – – – מה עם מועצת יש""ע? – – –

עוד מעט אני עולה לדבר, ואני אטפל – – –

מי שתל אותך פה? אתה השתול.

אל תיתן לי דוגמאות. ראיתי את החברים שלך ממועצת יש""ע, תפסיקו כבר עם ההשתלחות וההסתה.

לא שמעתי את ראש הממשלה מגנה את – – –

תגן על – – – למה אתה לא מגן – – –

אני לא מה מבינה מה עובר עליך, ואני אגיד לך – – –

אתה תלמד אותנו? אתה תלמד אותנו? מי אתה שתלמד אותנו? חצוף.

נחקר? ממתי אנחנו – – – על חקירות שמתקיימות – – –?

התחלת בכלל לדבר על העוני, אבל עכשיו – – –

לא שמעתי אותך מגן על נשיא המדינה ועל ראש הממשלה – – –

כשהפריעו לנו אתה מוכן, אבל כשאנחנו מדברים – – –

ברור, תשתמשו בכוח שלכם – – –

לא ביקשתי שתצנזר, ביקשתי שתאפשר לי הערות ביניים. כשזה לא נוח לכם, לא מתאים לכם הערות ביניים של האופוזיציה?

איזה פתרון. הם לא סופרים – – –

לא, אדוני, אני רוצה לדבר כשראש הממשלה נמצא.

אדוני היושב-ראש, חברי חברי הכנסת, ראש הממשלה, אדוני ראש הממשלה, אני אשמח אם תתייחס לדברי; אדוני ראש הממשלה, בפעם השנייה. עולים כאן חברי כנסת, לכאורה כדי לדבר על דוח העוני, על מדיניות שיש לה בעל-בית. על-פי ארגון ""לתת"", הדוח האלטרנטיבי, 2.6 מיליון ישראלים עניים, מתוך זה קרוב למיליון ילדים. לנתונים האלה יש בעל-בית, ומי שאחראי לנתונים האלה זה אתה, ראש הממשלה; זו המדיניות שלך בעשור האחרון שדרדרה את מדינת ישראל למקום שהיא נמצאת בו. ועולים כאן חברים שלך מהקואליציה, מנותקים. עומד פה מוטי יוגב ומסביר לנו שממש אין הרבה עניים. רק השבוע מעבירים עוד 150 מיליון שקל דרך ועדת הכספים להתנחלויות – אז אם אצלי טוב, אצל כולם טוב. חבורה של מנותקים. עולה חבר הכנסת מיקי זוהר ומלמד אותנו – למה אנחנו לא הגנו עליך כשהסיתו נגדך, אדוני ראש הממשלה. אז קודם כול, יש לי חדשות בשבילך, חבר הכנסת זוהר: כשהסיתו נגד ראש הממשלה ברשת, אני, לפחות, יצאתי נגד זה. אבל לא ראיתי לא אותך ולא את ראש הממשלה מתייצבים לימינו – תרצו, לשמאלו – של נשיא המדינה – –

תרשה לי. – – שסופג איומים, קללות, נאצות, הסתה. איפה אתה, ראש הממשלה? לא שמעתי אותך.

אתה לא היית צריך ללמוד את הלקח הזה ולהבין שלמנהיג ציבור – – –

האם, ראש הממשלה, לא היית צריך ללמוד את הלקח ולהבין שאסור למנהיג ציבור לשמור על זכות השתיקה ולהבליג על הסתה היוצאת מהמחנה שלך נגד מנהיג ציבור?

אבל מה הפלא שאתה לא מגן על נשיא המדינה, אדוני ראש הממשלה, כשהנציגים שלך, נציגי השתולים כאן בכנסת, מנהלים קמפיין הסתה ושרים בממשלה שלך מאמצים אותו. אני רוצה להסב את תשומת לבכם, חברי באופוזיציה, תנועת ""אם תרצו"", שמנהלת את קמפיין ההסתה, הגישה תביעת דיבה לבית-המשפט, כי אמרו עליה, ""אם תרצו"" – כינו אותה בשם תנועה פאשיסטית. כך קראו לה, חבורה של אנשים. בית-המשפט דחה את העתירה הזאת וקבע כי יש בתנועה הזאת, ב""אם תרצו"", שעומד בראשה רונן שובל, החבר של נפתלי בנט – בית-המשפט קבע ש""אם תרצו"", יש בה סממנים פאשיסטיים. ככה ההגדרה של בית-המשפט, אני מצטטת, ולכן הוא דחה את העתירה על תביעת הדיבה. הצעת חוק השתולים של יואב קיש, שאיננו פה עכשיו, היא שיקוף פרלמנטרי של תנועת ""אם תרצו"", ואתם עומדים כאן ומנצלים את הבמה ועושים מסע של דה-לגיטימציה והסתה נגד חיילים ששר הביטחון שלח אותם לקרב להיהרג, שלח אותם לשמור על מאחזים בלתי חוקיים. אני מסיימת, אדוני. מי שעושה את הנזק למדינת ישראל זה לא ""אם תרצו"" ולא ארגוני זכויות אדם, זה המדיניות של ראש הממשלה – –

– – זה הכיבוש שעושה את הדה-לגיטימציה למדינת ישראל. אתם יכולים לא להכניס אותם לבתי-הספר, אתם יכולים להגיד שהם לא ייכנסו למחנות צה""ל – לא תסתמו להם את הפה, לא תסתמו לנו את הפה. בגין היה מתהפך בקבר אם היה רואה את המדיניות שלכם.

זה שראש הממשלה – – – כשאתה מדבר על העוני – – –

אדוני, אף מילה על נשיא המדינה. אף התנערות.

אני לא ראיתי שקראת כשהם מחאו כפיים.",1,
295608,2016-01-04,"הצעת חוק לתיקון פקודת הסטטיסטיקה (מס' 4), התשע""ו–2015","תודה רבה, אדוני היושב-ראש, עמד כאן על הדוכן השר יריב לוין והסביר לנו באותות ובמופתים כמה חשוב – – –

זה היה לפני כמה דקות. הוא עמד כאן – – –

הוא עמד כאן כמה פעמים, אדוני, והקשבתי לו בקשב רב, כי הוא נתן לנו הסברים מנומקים ומלומדים למה הנתונים שמפרסמים בלשכה לסטטיסטיקה לא צריכים להיקרא ממשלתיים אלא לאומיים. כי אם זה ממשלתי, חלילה אפשר יהיה לחשוב שהממשלה עושה מניפולציות בנתונים האלה, והם צריכים להיות לאומיים כי הממשלה הזו מקדשת כל מה שנחשב לאום. חוק הלאום, כבר אמרנו? ספר האזרחות שם את הלאום ומוציא את הדמוקרטיה, ושם את ה""יהודית"" לפני הדמוקרטיה. יש לכם כאן מגמה שמוביל ראש הממשלה, וסוכן המכירות של תעשיית הייאוש של נתניהו הוא השר יריב לוין, שמחפש תירוצים שפלים להסביר למה רודפים את האופוזיציה ולמה רודפים את המיעוטים, ומנמק כאן, ותכף יבוא גם בטח השר אופיר אקוניס ויסביר לנו שההחלטה של ראש הממשלה נתניהו – – –

אני רק רואה אותך מתקרב כולך זורח, אני יכולה כבר לראות איך תסביר לנו שראש הממשלה נתניהו קודם עמד כאן על הדוכן והסית באופן סלקטיבי נגד חברי הכנסת הערבים, שהוא לא מגנה חבר קואליציה שלו שאומר שהרצח בדומא זה לא טרור – חבר הכנסת סמוטריץ, אם לא אמרנו את שמו היום – ועכשיו הוא הסביר לערוץ 2 למה הוא מתנה את העברת 15 מיליארד השקלים שהממשלה הזו החליטה סוף-סוף שהיא מפנה לטובת אזרחי ישראל הערבים, לצמצום פערים; עכשיו הוא מסביר שהאזרחים הערבים במדינת ישראל, 20% מהאוכלוסייה, יצטרכו לעבור לדום ולהתיישר לפי הכללים של אלקין ולוין, ועוד פעם מסבירים לאזרחים הערבים שהם אזרחים על-תנאי, שהם אזרחים סוג ב'. ועומד כאן השר לוין ומסביר לנו בארשת של חשיבות, בקולו השקט והמנומס, שלא מצליח להסתיר את המסר המסוכן – חברים, יש לנו כאן שרים, הם סוכני המכירות. לוין, אקוניס, שאני לא אקפח אותך – אתה, לוין, אלקין והחבורה שלכם, אתם סוכני המכירות של תעשיית הייאוש של נתניהו. כל מה שהוא מוכר לנו זה ייאוש, וייאוש והסתה, והוא מתייצב בליל הפיגוע – למחרת, סליחה – במוצאי הפיגוע המזוויע והנורא בתל-אביב, ומסית נגד אוכלוסייה שלמה, ומנצל את הבמה בדיוק כמו שהוא ניצל אותה כאן היום על הדוכן. ואתה היית להקת החימום שלו קודם, עזרת לו, הסברת לנו למה ארץ-ישראל השלמה ותל-אביב ועפרה ובית-אל הם אותו דבר, טרור הוא אותו דבר. זה לא אותו דבר; דין תל-אביב הוא לא דין עפרה, עפרה זה לא תל-אביב.

אני חושבת. אני אומרת מה אני חושבת.

אני יודעת. בקצב הזה עוד מעט גם לא ייתנו לך את זה.

השר אקוניס, אני התבקשתי לסיים, אז אני רוצה לומר, אתם פתחתם מחלקה חדשה, מחלקה שעוד לא הייתה בכנסת – מחלקת הגינויים. כל יום אתם מצפים מאתנו שנגנה ונתייצב לפי הסטנדרטים שלכם, ונסביר מה שאתם רוצים לשמוע.

מה לא היה טוב, אדוני השר?

אה, אדוני השר. אוה, שבת שלום, אדוני.

לא, אבל יש פה שרים שמפריעים לנואם.

אולי השבת תגן על ראש הממשלה כמו שהגנה עליו?

השר אקוניס לא קובע לך את סדרי הדיון.",1,
297081,2016-02-08,"הצעת חוק חובת גילוי לגבי מי שנתמך על-ידי ישות מדינית זרה (תיקון) (הגברת השקיפות לגבי נתמכים שעיקר מימונם מתרומות של ישויות מדיניות זרות), התשע""ו–2016","איך החוק הזה קשור לשקיפות?

אין קשר בין – – – למה שאת מתארת. את מסיתה מעל הדוכן.

תתביישי לך. זה מה שאת עושה – – –

– – – את מביאה לנו את האור? – – –

אדוני היושב-ראש, חברי חברי הכנסת, עמדה כאן שרת המשפטים – עמדה וברחה, הייתי אומרת – ודיברה – – –

אתה עוד לא שר המשפטים, ויש לי אליך הערכה רבה. – – – עמדה ודיברה בשם השקיפות, נשאה את שם השקיפות לשווא. היא אמרה לנו – ואני מצטטת – מה אתם מייללים, אמרה לנו השרה שקד. ואני אומרת, את מדברת בשם השקיפות? למה לא דיווחת לנו עד רגע זה על זהות התורמים העלומים שלך, השרה שקד, שאחד מהם חשוד בסחר בין-לאומי בסמים ובנשק, בהלבנת הון, בקשרים לפשע מאורגן ולקבוצות טרור, כפי שנחשף בתחקיר ""מולד""? את מדברת כאן ומגדירה את הארגונים, את ארגוני החברה האזרחית, ארגוני זכויות האדם, כסוכנים זרים שלא נאמנים למדינה, ועכשיו הם מחויבים בשקיפות, כאילו הם לא שקופים, כאילו הם לא מדווחים? מה בעצם עשתה כאן השרה איילת שקד? קומדיאנטית. באה לנו לכאן קומדיאנטית, באיזו תת-רמה של טיעונים, לרדוף את ארגוני השמאל. אתם יודעים, פעם, ברוסיה הצארית, כשרצו להאשים בצרות של השלטון, אמרו ""נכה ביהודים ונציל את המולדת"". ועכשיו, אנחנו נכה בשמאל, נכה בארגוני החברה האזרחית, נסיט את כל תשומת הלב מהביצה הממאירה ששם צמחה הצעת החוק הזו; נצוד את ארגוני זכויות האדם, נסתום להם את הפה, נעשה דה-לגיטימציה לשגריר הבכיר לשעבר אלון ליאל. עומדת כאן שרת המשפטים ומעזה לדבר סרה – השרה מדברת סרה – במי שהיה מבכירי השגרירים כאן בארץ ושירת את המדינה בצורה נאמנה? חברי חברי הכנסת – –

– – מה שמוציא את דיבתה של ישראל בעולם – – –

חברי חברי הכנסת, בואו – –

– – בואו נקרא לילד בשמו. זו לא שקיפות, זו רדיפה פוליטית. מי שמבזים את שם ישראל בעולם אלה לא הארגונים. הארגונים הם פטריוטים לחברה הישראלית. מי שמוציאים את דיבת ישראל בעולם היא איילת שקד והחברים המתנחלים שלה. והעולם נגד ישראל לא בגלל הארגונים – בגלל איילת שקד. העולם שונא את ישראל לא בגלל מה שהארגונים מפרסמים. העולם הוא נגד ישראל בגלל הכיבוש. ועד שלא תפנימו את זה שמי שעושה נזק למדינת ישראל אלו לא הארגונים, זה הכיבוש.

עד שלא תפנימו את זה ותמשיכו לרדוף – זה לא יעזור לכם, עונת הציד הזאת תיגמר. מי שלא מבין שהיום הוא רודף את ארגוני השמאל, מחר זה יתהפך עליו.

– – – יישובי השומרון. השרה – – –

אדוני, אנחנו מבקשים לראות בהצעת החוק הזאת שמוגשת עכשיו הצעת אי-אמון בממשלה. תודה.",1,
297366,2016-02-10,שתי מדינות לשני עמים,"גברתי היושבת-ראש, אדוני ראש הממשלה, גל הטרור הנורא שמשתולל כאן בחודשים האחרונים הוא הוכחה של הכישלון והקריסה המוחלטת של הקונספציה שלך שאפשר לנהל את הסכסוך. כבר שנים אתה מנפק לנו מופע נודד של אפס עגול במנהיגות, ופחדנות. ומה הפתרון שאתה מציע לנו כדי להתמודד עם – איך קראת להם? – ""חיות הטרף""? ככה קראת להם באמירה גזענית ומתקרבנת? מה הפתרון שאתה מציע לנו – להקיף את עצמנו בגדרות ומכשולים? זה החזון שלך לשינוי המציאות – חומות וסיפוח של 150,000 פלסטינים שחיים בשטח C? איפה הביטחון? אתה, ראש הממשלה, הלוחם הגיבור בטרור, ראש הממשלה ברצף מאז 2009, ואני שואלת אתכם: איפה הביטחון? מתי מגיע השלב שבו ישראלים ופלסטינים מפסיקים להירצח במשמרת שלכם? מתי מגיע הרגע הזה שבו המחבלים מרכינים את ראשם וחותמים על הסכם כניעה ללא תנאים לממשלת הליכוד? אנחנו, אדוני ראש הממשלה, משלמים מחיר על המדיניות הפחדנית שלך, שהניחה, ככה, שאפשר להמשיך כאן את החיים כרגיל כשמיליוני פלסטינים נמצאים תחת שליטתנו ללא שום זכויות. הממשלה שלך ממשיכה להצהיר שהיא תומכת בפתרון שתי המדינות. אבל אני לא מצאתי, אני מודה, אפילו חבר ממשלה אחד שבאופן אישי תומך בכך. מה שאתה רוצה הוא, בוא נאמר את זה, שנהיה מוקפים בגדר, שהפלסטינים יחיו את החיים שלהם במעין אוטונומיה, וישראל תשלוט על כל השטח מבחינה ביטחונית. זה החזון שלך, אדוני ראש הממשלה. אני חייבת לומר שההתנהלות הדיפלומטית של הממשלה שלך היא כמו של מישהו שמנסה למכור מכונית על בלוקים, הוא לא מצליח במשך עשור, והוא ממשיך לחשוב שהבעיה היא שהוא לא מצלם את האוטו בזווית הנכונה. זו הממשלה שלך. אתה עושה הכול כדי לחרב את הסיכוי שיהיו למדינת ישראל אי-פעם גבולות מוכרים. אתם ממשלת אין גבול: אין גבול למאות המיליונים שאתם שופכים כל שנה כדי לממן את גנבת האדמות והמאחזים הבלתי-חוקיים בשטחים; אין גבול להתפרקות הטוטלית שלכם מאחריות, כשזה מגיע לחברי הכנסת הערבים, שאתם רוצים להעיף מהכנסת. חברי חברי הכנסת, אפשר להסתייג מהפרובוקציה שעשו חברי הכנסת של בל""ד, אבל אפשר במקביל לתמוך בהחזרת הגופות. לא צריך את הסחר-מכר הזה. וכן, אפשר להתנגד נחרצות, ואני קוראת לכל האופוזיציה – לכל האופוזיציה – להתנגד נחרצות להצעות וליוזמות האנטי-דמוקרטיות שלכם, שכל המטרה שלהן היא להעיף את הערבים מהכנסת. ואין גבול למה שאתם מוכנים לעשות כדי למחוק את הקשר בין מה שלומדים בבתי-הספר לבין המציאות. חינוך לאזרחות? – מזמן זרקתם אותו לפח. חינוך לדמוקרטיה? – צונזר על-ידי הקומיסר התורן. חינוך לדיוק היסטורי ועובדתי? – נפטר את אנשי המקצוע ונאיים על המורים כדי שלא יכניסו להם רעיונות לראש. ועכשיו, אדוני ראש הממשלה, אתה גם מקבל רוח גבית מידידי יושב-ראש האופוזיציה; ראש האופוזיציה יצחק הרצוג הודיע לנו שגם הוא מאבד אמון בדיאלוג עם הפלסטינים – –

– – גם הוא מוותר על פתרון שתי המדינות – –

– – גם הוא אומר שהשלום לא ישים כרגע – –

– – והכול לטובת מהלכים חד-צדדיים.

אני קראתי את התוכנית המדינית החדשה – –

– – שהוצגה בוועידת מפלגת העבודה. אני לא – מה שחולק שם, מה שהועבר לעיוננו.

אני לא מסכימה עם הרבה חלקים בה, אבל אני שואלת גם אותך: אתה מאמין שאפשר לקדם מהלך של הוצאת 28 כפרים ערבים מירושלים המזרחית ללא תיאום והסכמה עם הצד הפלסטיני? מה, אתם לא קולטים שמהלך כזה יתפרש בעולם כהנצחת הסיפוח לישראל של שאר חלקי העיר המזרחית, כולל האגן הקדוש?

מה אתה מצפה שהם יעשו, אותם אנשים שימצאו את עצמם מחוץ לגדר – –

– – שיצטרפו לג'יהאד, לאסלאמיסטים למיניהם, ל""חמאס""? זה השכל שלכם? ולמה זה כל כך מתסכל?

אני אומרת את זה לחברי הטובים באופוזיציה: למה זה כל כך מתסכל? הרי גם חבר הכנסת הרצוג וגם אתה יודעים שאין שום סיכוי שראש הממשלה הזה יאמץ את התוכנית שלכם. אז אני אומרת לך, אני אומרת את זה, באמת, אתה ידיד טוב שלי – –

– – כמו שאתה מתנהל לאחרונה, גם לא נראה לי שיהיה לך סיכוי להגיע לעמדת ביצוע כדי ליישם את התוכנית הזאת שאתה מציע – –

– – שגורמת לדה-לגיטימציה של פתרון שתי המדינות. חברי חברות וחברי הכנסת, בפרפראזה על איינשטיין, כנראה יש שלושה דברים שהם אין-סופיים בעולם: היקום, הפסיביות של ראש הממשלה נתניהו, ועכשיו גם הבור המנהיגותי, חברי חבר הכנסת הרצוג, שאתה מייצר במחנה השמאל. וחבל, ממש ממש חבל. אבל הטענה הראשית שלי מופנית – – –

הטענה הראשית שלי מופנית לראש הממשלה – –

– – שהוא חסר אחריות, שמגלה אפס יוזמה ואומץ כדי לשנות את המציאות המדינית, שמוכן לזרוק לפח את חלום המדינה שלנו, והכול בשביל ההישרדות הפוליטית שלו. רק בשבוע שעבר הממשלה שלך, אדוני ראש הממשלה, הפנתה אצבע משולשת ליוזמה הצרפתית לכינוס ועידה בין-לאומית על בסיס יוזמת הליגה הערבית.

אם באמת באמת היית מעוניין להוכיח שאתה מחויב לפתרון שתי המדינות, יש אין-ספור צעדים שהיית יכול לעשות בלי לסכן במאומה את ביטחון ישראל ולהתקדם לקראת מציאות של שתי מדינות בשטח: למשל, להציע תוכנית וצעדים קונקרטיים לקראת סיום הכיבוש; למשל, להכיר במדינה פלסטינית באו""ם, ולהתחיל במשא-ומתן בין שתי המדינות להסדר קבע; לחדש את ההידברות עם אבו מאזן, בלי לדרוש ממנו כל פעם מחדש כתנאי מקדים הכרה במדינת ישראל כמדינתו של העם היהודי – אנחנו צריכים שהוא יכיר בנו? או לפנות את המאחזים הבלתי-חוקיים במקום להכשיר אותם; להקפיא את הבנייה בהתנחלויות – יש אין-ספור צעדים שהיית יכול לעשות בלי לסכן את ביטחון מדינת ישראל. אבל מה אתה מציע לנו? כל האפשרויות האלה, אתה אפילו לא מאמץ אותן. אתה נאמן לעמדה שלך שלנצח תאכל חרב. זה מה שאתה מציע לנו, בזה אתה מאמין. ופשוט הגיע הזמן, אני אומרת את זה לכולכם, שתפסיקו כבר עם ההזיה הזאת, שאפשר להחזיק עם שלם, מיליונים, בלי זכויות וריבונות ולחשוב שהייאוש של האנשים האלה לא יהפוך לשנאה ואלימות מחרידות. חברי חברי הכנסת, אי-אפשר לנצח עם שלם שאין לו מה להפסיד. תפנימו את זה, פשוט אי-אפשר. עכשיו, אנחנו לא משלים את עצמנו, הרי זה לא יהיה קל, אבל זה ממש לא אומר שאנחנו מרימים ידיים. אני לא חושבת שמחר רק נשב בוועידה בין-לאומית, חדי-קרן יתרוצצו באחו ויהיה כאן מדהים. ממש לא. אנחנו לא מרימים ידיים. אנחנו לא אומרים שפתרון שתי המדינות על-פי עקרון החלטת החלוקה מ-29 בנובמבר 1947 להקמת מדינה פלסטינית לצד מדינת ישראל הוא בלתי אפשרי. כן, זה קשה, זה הופך להיות קשה מיום ליום. וזה לא אומר שמי שעדיין מאמין בפתרון שתי המדינות הוא לא פרגמטי, הוא לא קורא את המציאות – זה עדיין הפתרון הריאלי ביותר למצבנו. ולכן, חברי חברי הכנסת, אנחנו לא מאבדים תקווה, אנחנו מציעים שינוי אמיתי, זהיר ומפוכח. אנחנו מציעים תוכנית פעולה עם חזון ועם מטרה ברורה: מדינת ישראל דמוקרטית ומתקדמת, עם גבולות מוכרים, עם תמיכה אזורית חזקה ועם לגיטימציה בין-לאומית מחודשת ומדינה פלסטינית לצדה. חברי חברי הכנסת, זה בידיים שלנו.",1,
297467,2016-02-15,"הצעת חוק שירות ביטחון (הוראת שעה) (הצבת יוצאי צבא בשירות בתי-הסוהר) (תיקון מס' 7), התשע""ו–2016","אולי אני אדבר. תסמני בבקשה.

גברתי היושבת-ראש, אני מתכוונת להצביע נגד הצעת החוק, ואני תומכת בנימוקים שנימקו שתי חברותי, מיכל רוזין ותמר זנדברג, קודם לכן. אני רוצה לנצל את שהותו של שר הביטחון במליאה ולשאול: אדוני השר, נודע לי שבביקור האחרון של מזכיר המדינה האמריקני קרי באזור, הוא נפגש עם ראש הממשלה. הביקור, ממה שסוקר, נאמר שהוא נועד לעיצוב מחדש של רגיעה ביטחונית. ובעצם, אם אני מבינה נכון, הוא נועד למטרה שונה: הוא נועד לבחון את גבולות הגמישות הישראלית לקראת הפלסטינים בסוגיות כלכליות בעלות השלכות מדיניות מהותיות. אני רוצה לגעת בנקודה מאוד מאוד ספציפית; אנחנו מדברים על אזור דרום הר-חברון, שמתקיים בו מצב שיש שני שטחים שמוגדרים אזור A, והם מופרדים זה מזה במסדרון צר המוגדר אזור C – ברוחב של איזה כביש דו-מסלולי. עכשיו, מזכיר המדינה קרי שאל את נתניהו: האם ממשלת ישראל תיאות, כמחווה כלכלית כלפי הרשות הפלסטינית, לחבר את שני האזורים האלה במעבר. אם זה היה קורה זה היה מאפשר לפלסטינים גישה למרחב בגודל של כ-10,000 דונם של קרקע חקלאית מניבה, שבעצם נותרה בלתי מעובדת כי אין אפשרות גישה אליה, כי מכל העברים שלה היא אזור C. האמריקנים ראו בכך מחווה הגיונית לאור ההתחייבות של נתניהו לשפר את המצב הכלכלי הפלסטיני במסגרת המאמצים להשיג רגיעה. וראש הממשלה נתניהו – אני שואלת האם זה היה גם בהתייעצות אתך, אדוני – ראש הממשלה נתניהו בעצם סירב לבקשתו של מזכיר המדינה, והוא חזר לוושינגטון עם הכרעה ברורה, בעצם, שאין סיכוי לשינוי כלשהו במצב המדיני הפלסטיני, כי נתניהו לא יהיה מוכן לספוג את המחיר הפוליטי של המהלך הזה. על בסיס זה אנחנו מבינים שהנשיא אובמה הגיע למסקנה שאין מה להשקיע כאן באזור. אומנם סגן הנשיא ביידן מגיע לארץ, זה קשור לדברים אחרים. האם תוכל, אדוני שר הביטחון, בהזדמנות זו, לאשר את השאלה ששאלתי? תודה.",3,
299917,2016-05-30,שעת שאלות לשר החינוך והתפוצות,"אתה רוצה לפתח את הנקודה הזאת, אדוני השר?

אוקיי. אדוני השר, השאלה שלי נוגעת לספר האזרחות. אתה יודע שאני חושבת שצריך לפסול אותו, אבל בינתיים אני רוצה להתייחס לסוגיה אחת שחשף בעיתון ""הארץ"" עורך-הדין מייק בלס. יש בספר האזרחות פרק שנקרא ""אתגר החיים המשותפים בחברה הישראלית"", ומצורפת אליו מפה שנושאת את הכיתוב הבא – אני מצטטת: ""פריסת היישובים הערביים במדינת ישראל, 2015"". המפה הזו, אדוני השר, מציגה מצג שקרי לתלמידי בתי-הספר ומנסה, על-פי הבנתי, להשפיע באופן מגמתי על תפיסת עולמם. עכשיו, אני רוצה לפרט לחברי הכנסת: על המפה אומנם מסומן באיזה טשטוש הקו הירוק, שזה כשלעצמו די נדיר במפות של משרד החינוך, אבל הוא לא מופיע במקראה ואין לו שום הסבר – סתם איזה קו שמסורטט על המפה. עכשיו, שימו לב מה רואים התלמידים שמתבוננים במפה: מבחינתם נוצר הרושם – וכנראה זה לא במקרה – ששמונה הערים הפלסטיניות הגדולות שמעבר לקו הירוק הן למעשה ערים ערביות בתוך מדינת ישראל; ג'נין, שכם, טול-כרם, קלקיליה, רמאללה, יריחו, בית-לחם וחברון מוצגות בדיוק כמו הערים הערביות בתוך מדינת ישראל, ואין שום הסבר במפה או בטקסט המלווה אותה שזה לא המצב. בנוסף, שימו לב, באותה מפה מסומנת העיר אום-אלפחם כנמצאת בכלל מעבר לקו הירוק. מה זה, אדוני השר – –

– – מתנת כניסה לליברמן לממשלה? מה, אנחנו עכשיו מסבירים לאזרחי ישראל שאום-אלפחם זה מעבר לקו? מה אתה מתכוון לעשות בעניין הזה, אדוני השר? תודה.

אני מציעה שתתייחס לשאלה שלי.

אני מציעה שתתייחס לשאלות שאני שואלת – – –",1,
300004,2016-06-01,ישיבה מיוחדת לציון יום ירושלים,"אדוני היושב-ראש, מכובדי כולם, במוזיאון ישראל, לא הרחק מכאן, מונח דגם מורכב ומפורט של ירושלים. הדגם הזה הורכב במשך שנים בזהירות ובקפידה והושלם רק ב-1966. הוא מציג את ירושלים של ימי בית שני, של שנת 66 לספירה, 1,900 שנים לפני בניית הדגם, ארבע שנים לפני שירושלים ההיא חרבה. בשבילי הדגם הזה מקפל חלק חשוב מהסיפור על ירושלים. אפילו דגם של העיר הזאת אי-אפשר היה לבנות כאן בלי שיתקיימו בתוכו כמה תקופות שונות במקביל, זו לצד זו. ירושלים, כמו הדגם שלה, היא קשר גורדי של זמנים, עמים ותקופות. ההווה כאן מוצף בהיסטוריה, אבל עמוס גם בחלומות על עתיד. זאת עיר מדהימה, אין עיר דומה לה. אבל בהווה, בחיי היום-יום, חברי חברי הכנסת, עיר הבירה שלנו משוסעת ומחולקת, עיר של אלימות ופחד, שבה כל ילד שלישי הוא ילד עני, שרצחו בה נערה במצעד הגאווה, שרפו בה את בית-הספר הדו-לשוני, וצועדים בה בריונים משולהבים שתוקפים פלסטינים, ופלסטינים בטרור של יחידים שדוקרים אזרחים ישראלים. עיר שנשפך בה דם מיותר של יהודים וערבים. עיר שמצעד הדגלים מתוכנן לעבור בה בכוונה ברובע המוסלמי עם תחילת הרמדאן. אני פניתי בעניין הזה לפני כמה ימים לשר לביטחון הפנים, שיורה למשטרה לקבוע לאלתר מסלול חלופי לצעדת הדגלים. בינתיים הם שינו את המועדים, זה לא רלוונטי, אבל לא עלה בדעתי, חברי חברי הכנסת, שהשר עצמו מתכוון להשתתף במצעד המתריס. אני פונה לשר לביטחון הפנים גלעד ארדן: אתה אמון על אכיפת החוק, ובמו-ידיך אתה משליך גץ שעלול להצית כאן תבערה. ואני פונה אל ראש הממשלה: מה עשית, אדוני ראש הממשלה, חוץ מלשחק עם החברים שלך בממשלה במי מתחנף יותר לימין הקיצוני והמתנחלי? רק הבוקר השר אורי אריאל עלה להר-הבית. הרי שנים שתושבי העיר הזאת חיים ללא ביטחון, ללא אופק מדיני – – –

שנים תושבי העיר הזאת חיים ללא ביטחון, ללא אופק מדיני וללא שלום, ועם פערים כלכליים שרק הולכים ונפערים. ואתה, ראש הממשלה, הכרזת כאן מעל הדוכן: ירושלים הייתה שלנו, תהיה שלנו, בירתנו המאוחדת. אתה מכריז בכל הזדמנות שירושלים תהיה שלמה, ומכתיב את גבולות הקבע של העיר בבנייה של מובלעות יהודיות בלב שכונות פלסטיניות.

הרי אתה יודע שבסוף כל זה יתפוצץ לנו בפרצוף, כי ירושלים היא עיר מעורבת, מסובכת ומורכבת, ואין בה פתרונות פשוטים. אי-אפשר לכסות את העיניים ולקוות שהכול יהיה בסדר. גם ראש הממשלה יודע שאין ולא יהיה הסדר קבע עם הפלסטינים – ואפשר עד מחר לשלם מס שפתיים ולדבר על פתרון שתי המדינות – לא יהיה פתרון בלי שירושלים תהיה בירתן של שתי מדינות עם מרחב אורבני משותף. פשרה קוראים לזה, אדוני ראש הממשלה. אבל גם אם אתם לא מסכימים אתי, וגם אם הפתרון שלכם הוא אחר לגמרי, ברור שירושלים צריכה להיות קודם כול עיר שאף אחד לא נדקר ברחובות שלה, שאוספים בה את הזבל בכל השכונות, ושבכל חלקיה יש צנרת, ביוב ומים. העיר הזאת חיה, שוקקת, וצריכה מנהיגים שמתייחסים אליה כאל יותר מסמל, גם פשוט כאל עיר; אנשים חיים כאן, והם חיים את הכישלונות של הממשלה שלנו, ואת היעדר הפתרון. מגיע להם יותר, מגיע לירושלים דגם חדש יותר. תודה רבה.

חזן מתהפך בקבר אתה יודע כמה שנים, חבר הכנסת השר אלקין?",1,
300572,2016-06-15,"הצעת חוק המאבק בטרור, התשע""ו–2016","אדוני היושב-ראש, אומרים זֱהבה. זה כאילו חטף-סגול לפני קמץ; מתקצר.

תודה, אדוני. אני חושבת שאין מחלוקת בין כל חלקי הבית כמה חשוב להיאבק בטרור – נגד פגיעה באזרחים חפים מפשע. נראה לי שהדבר הזה הוא מוסכמה כוללת של חברי כנסת מכל סיעות הבית. אני רוצה לנצל את ההזדמנות ולומר שמחריד בעיני שיש מי שחושב או מי שאומר או מי שטוען שטרור אסלאמי באורלנדו משמש לטעון שאסלאם הוא הסיבה היחידה לטרור, ומי שמעז להצביע על הקשר בין המובן מאליו – בין, נניח, שליטה ישראלית של 49 שנים בשטחים, בין כיבוש השטחים לבין טרור, מוקע מייד כמי שמצדיק טרור. כאילו שאנשי שמאל כאן שמחים מהפיגועים האיומים האלה, וכאילו שפחות אכפת לנו מהמדינה ומהאנשים שחיים בה. ומי שטוען, כמו ראש הממשלה נתניהו, שהטרור באיסטנבול, בבריסל או בפריז או באורלנדו הוא תוצאה של אסלאם רדיקלי, מבקש להסיט מעצמו אחריות ל-49 שנות כיבוש. חברי חברי הכנסת, צריך לגדוע את המוטיבציה לטרור, אמרה בצדק חברתי חברת הכנסת מיכל רוזין. ומי שמתדלק את בית-החרושת שמייצר מוטיבציה לטרור זה הכיבוש. 49 שנים של כיבוש. וזו הזיה לחשוב, הזיה לחשוב – אנחנו רואים כאן את טרור היחידים – שמעתי את חבר הכנסת בני בגין אומר שישנה ירידה ברשימה או בסטטיסטיקה של טרור היחידים; זו הזיה לחשוב שנמשיך לשלוט על עם אחר כל כך הרבה שנים והכול ימשיך להתנהל על מי מנוחות. ואין בדברים שלי כהוא זה כדי, חלילה, להצדיק טרור. אבל גם כשנלחמים בטרור צריך שהמאבק הזה יהיה אפקטיבי, ואסור להקריב ערכים בסיסיים של מה שאנחנו רוצים להחשיב או להיחשב למדינת חוק, מדינה ששומרת על זכויות אדם בסיסיות. אמר בזמנו נשיא בית-המשפט העליון לשעבר השופט אהרן ברק – הוא אמר משפט שאני נוהגת לצטט לעתים קרובות. הוא אמר: גם את המלחמה בטרור צריך לנהל כשיד אחת קשורה מאחור. מה זה ""יד אחת קשורה מאחור""? בואו נפרוט את ההצעה שמונחת לפנינו. עשו אותה בפירוט רב שני חברי שדיברו קודם לכן, שישבו בישיבות הוועדה שעות על גבי שעות, חבר הכנסת אוסאמה סעדי וחברת הכנסת מיכל רוזין. איך אנחנו מתמודדים במדינה דמוקרטית עם האתגר הזה: מצד אחד להיאבק בטרור ומצד שני לשמור על זכויות יסוד? וכשאני מסתכלת על התוצאה הסופית אני אומרת: מרוב שרצו להילחם בטרור, הגדירו סעיפים ועיגנו סמכויות טוטליטריות באופן שמעקר את המאבק בטרור. כי בעצם מה שמבקשים – ושמענו כאן את הדוגמאות – זה להפעיל אמצעים דרקוניים כלפי חשודים בטרור ברגע שלא הגדירו – עמד על זה חברי חבר הכנסת סעדי – מה זה טרור; הגדירו הרבה דברים, אבל לא הגדירו מה זה טרור. לכן אנחנו מקבלים תוצאה של יוזמת חקיקה שלא מאמצת נורמות מידתיות אלא מעגנת בחקיקה את אותם הסדרים דרקוניים של חוקי חירום, חוקי החירום מתקופת המנדט הבריטי. אני מדברת, למשל, על מעצרים מינהליים, הריסות בתים. חשבתי שאחרי 68 שנים מאז קום המדינה אותם הסדרים מתקופת המנדט דינם להתבטל. אנחנו כל שנה כאן מאריכים את חקיקת החירום ואת חוקי החירום. חשבתי שדינם להתבטל. אז באה הצעה ממשלתית ומעגנת בחקיקה את אותם הסדרים. הדבר הזה מקומם, כי בעצם, מה אנחנו רואים? שלוקחים כל מיני הסדרים גורפים כאלה, שיהפכו גם אנשים וגם ארגונים שאין בינם לבין טרור – הרחיבה חברתי – ארגוני מעטפת שונים, שאין דבר בינם לבין טרור, ופתאום, בגלל ההסדרים הגורפים האלה, הם יוגדרו כטרוריסטים. זה לא מתקבל על הדעת.

אל תפריע לי. ראיתי שמיהרת להגיע למקום שהיה בו פיגוע טרור.

ראיתי שמיהרת להגיע למקום שהיה בו פיגוע טרור ולהצטלם על רקע הפיגוע. אז אני לא סובלת ניצול ציני של פיגועי טרור איומים.

אז אל תעיר לי. אל תעיר לי.

אתה, אף אחד לא מינה – – –

אף אחד לא מינה אותך. אף אחד לא מינה אותך לשמור על האזרחים ולהגן עליהם מפני פיגועי טרור.

אדוני היושב-ראש, אני רוצה לתת כמה דוגמאות איך החקיקה הזאת מאפשרת לרשות המבצעת סמכויות דרקוניות לנקוט צעדים פוגעניים רק על סמך חשדות, על סמך חשדות, בלי לתת לחשודים הגנות בסיסיות. גם לחשודים מגיעות הגנות בסיסיות. למשל – אני אתן כמה דוגמאות: מעצר מינהלי וצווי הגבלה על סמך חשדות חסויים; הגדרות רחבות וגורפות למושגים כמו ""ארגון טרור"", ""חבר בארגון טרור"" ו""מעשה טרור"", באופן שמתייג ומסווג אזרחים וארגונים כמעורבים בטרור. אני חושבת, אדוני, שאנחנו מתמודדים כאן בגלל שאנחנו גם באמת בסיטואציה איומה. יש טרור מקומי, ויש טרור בין-לאומי, ואנשים יוצאים לבלות בשרונה או בכל מקום אחר בארץ ולא מבינים מאיפה זה בא להם ומאיפה בא המפגע – או אולי כן צריכים להבין, אבל מי מעלה על דעתו, כשהוא יוצא לבלות ביום חמישי בערב, שהוא ייקלע לאירוע טרור? וצריך להתמודד עם הטרור. אבל אני אומרת שבמקום להתמודד עם הטרור אנחנו מקבלים כאן – ובזה אני מסיימת, אדוני – הצעת חוק מופרכת. במקום לחשוב איך מבטלים את השימוש בחוקי חירום, בעצם מעגנים אותם בחקיקה. אני חושבת שההצעה הזאת תפגע במדינה כמדינת חוק. חוק שהיה אמור להיות חוק מודרני, חוק חדש, בעצם מסתמך על חקיקה ארכאית והיסטרית. אני חושבת שדבר אחד הוא לא יעשה: הוא לא באמת ייתן כלים למאבק בטרור, אדוני. הוא שוב יציב אותנו ברשימת המדינות שמנצלות את היכולת הדמוקרטית לחוקק חוקים אנטי-דמוקרטיים. ואחר כך עומד כאן ראש הממשלה ואומר: אנחנו הדמוקרטיה היחידה במזרח התיכון. הטרור הוא בעיה אסלאמית רדיקלית. הוא בכלל לא קשור למה שמתרחש כאן. זה האסלאמיסטים הרדיקליים האלה, הם כולם טרוריסטים. מה זה קשור לכיבוש? יגיד ראש הממשלה. אז הכול קשור, אדוני. תודה.

בתור מה חברת הכנסת – – –?",1,
300873,2016-06-27,"הצעת חוק לתיקון פקודת מס הכנסה (מס' 216), התשע""ו–2016","אדוני היושב-ראש, תודה רבה, חברי חברי הכנסת, הממשלה, באמצעות ועדת הכספים ועכשיו המליאה, מצאה עוד דרך לצ'פר את ההתנחלויות. רק בשבוע שעבר הממשלה אישרה 82 מיליון שקלים להתנחלויות. בהתחלה ניתן אישור להחלטה להעביר 72 מיליון שקלים על רקע מה שהם הגדירו – אני מצטטת – מציאות ביטחונית ייחודית שחווים היישובים הישראליים ביהודה ושומרון. אחר כך השר כץ הודיע בדיון על תוספת של 10 מיליון שקלים נוספים, כששימו לב – הכסף הזה מצטרף ל-340 מיליון שקלים שהובטחו בהסכם הקואליציוני בין הבית היהודי לליכוד במסגרת הרכבת הממשלה. עכשיו אני רוצה להסב את תשומת לבכם, אדוני היושב-ראש, מה קרה כאן, למה פתאום מגיע חבר הכנסת גפני ומסביר לנו שבעצם כנסת ישראל הולכת לעשות מה שנקרא סיפוח זוחל – להחיל את החוק להטבות מס לעידוד השקעות הון, שעד היום לא חל על השטחים. עד היום הוענקו מענקים לעידוד השקעות הון למפעלי תעשייה בשטחים מתוקף הסדר מינהלי שנקבע בהחלטות ממשלה, אבל בכל מה שנוגע להטבות מס למפעלים ידיה של הממשלה היו כבולות, כי יש לזה השלכות מדיניות. אבל הממשלה הזו מצפצפת על הכול. היא מגיעה היום למליאה ואומרת בעצם לציבור הרחב בישראל שהיא מתעדפת את ההתנחלויות על חשבון הפריפריה, וגם על חשבון הציבור הרחב, לא רק בפריפריה. אני חושבת שאנחנו מדברים על רמות חדשות של ציניות, כשחוק שנועד מלכתחילה – החוק לעידוד השקעות הון, והטבות המס דרכו, נועדו מלכתחילה לצ'פר מפעלים בפריפריה, במקומות המרוחקים, ובעצם זו עוד שיטה שעכשיו מצאה הממשלה לרפד בכסף נוסף גם את ההתנחלויות. עכשיו, שימו לב מה קורה כאן – אנחנו בעצם עדים לזה שממשלת נתניהו עושה צעד נוסף בכיוון של החלת החוק הישראלי באופן מלא על שטחי יהודה ושומרון. המדיניות הזאת, מדיניות הסיפוח הזוחל, כמו שאני קוראת לה, עולה לנו גם במחירים מדיניים, גם במחירים כלכליים הולכים וגוברים. המשמעות של זה – להפוך את מדינת ישראל למדינה מוקצה בעולם. כשנתניהו הולך להיפגש עכשיו עם קרי, והוא מסביר לו למה לרכך את הדוח של הקוורטט על הבנייה בהתנחלויות, ממשלת ישראל מסבירה לו שכנסת ישראל עכשיו מעבירה חוק שמפלה לטובה את ציבור המתנחלים מול הציבור הלא-מתנחלי. רק בימים האחרונים שוב ושוב מתפרסמים הנתונים של העוני בישראל שמרקיע שחקים, שמעמד הביניים מתקשה לגמור את החודש. ממשלת נתניהו עושה עוד ועוד מאמץ איך היא מעודדת להעביר הטבות ומענקים דווקא להתנחלויות. אני חושבת שהדבר הזה צריך להדליק נורה אדומה. חברי חברי הכנסת, הטענות ששמענו מנציגי הממשלה, שבחוק לעידוד השקעות הון יש אפליה לרעה כנגד המתנחלים – הטענות האלה, לא רק שהן משוללות יסוד, הן גם, בעיני, חושפות עזות מצח. הממשלה, ציינתי בפתח דברי, מרעיפה תקציבים ממשלתיים, בין באופן גלוי ובין באופן סמוי באמצעות כל מיני העברות דרך ועדת הכספים, העברות תקציביות הרחק מעיני הציבור. ועכשיו מה באים ואומרים? ניקח את החוק שחוקק בזמנו – שדרך אגב, אין בו שקיפות. חבר הכנסת מיקי זוהר ואני הגשנו הצעת חוק לתיקון החוק לעידוד השקעות הון כדי להחיל עליו שקיפות. באה הממשלה שחוקקה את החוק הזה, שבזמנו נתן הטבות למפעלים כמו ""אינטל"" ו""טבע"" להקים מפעלים בדרום ובצפון לצורכי הפריפריה – אז אמרו: בואו נצ'פר את המפעלים האלה, ניתן להם הטבות מס, ניתן להם פטור. דרך אגב, הפטור הזה שניתן להם, שהייתה לו הצדקה בזמנו, הצדקה משמעותית, הפך להיות פטור גורף. אם מפעל כמו ""טבע"" משלם 0.3% מס, ו""אינטל"" ומפעלים אחרים, ואומרים לנו: אם תתקנו את זה, אז בכלל – מהלכים עלינו אימים – המפעלים האלה יעתיקו את הפעילות שלהם למדינות אחרות או למקומות אחרים. אז חוק שנועד במקור לסייע לפריפריה, ממשלת ישראל מבקשת להחיל אותו עכשיו על יהודה ושומרון. זו לא פריפריה, זו לא מדינת ישראל הריבונית; זה שימוש, הייתי אומרת, נועז, בצורה זוחלת להחיל ולספח את ההתנחלויות לתוך מדינת ישראל באמצעות חקיקה שהיא חקיקה ראשית. הדבר הזה הוא מסוכן – חברי חברי הכנסת, אני קוראת לכם לשים לב. הדבר הזה הוא מסוכן, כי בכנסת הזו כל יומיים אנחנו עדים לעוד ועוד הצעות חוק שמבקשות להכיל את מה שנקרא ""האזור"" – שזה השטחים – מבקשות להכיל אותו בתוך החקיקה הישראלית הראשית. לא נראה לי שלזה התכוון המחוקק. אני חושבת שהדבר הזה הוא לא קביל, הוא לא מתקבל על הדעת, ואני קוראת לכנסת להתנגד להצעת החוק הזאת. תודה, אדוני.

לא, הוא קיבל הבטחת הכנסה – – –",1,"The speech strongly opposes the settlement policy in Judea and Samaria, highlighting its negative implications for both the public and the peace process."
301003,2016-06-27,"הצעת חוק איסור הפליה במוצרים, בשירותים ובכניסה למקומות בידור ולמקומות ציבוריים (תיקון מס' 4) (איסור הפליה מחמת מקום מגורים), התשע""ו–2016","תודה רבה, גברתי היושבת-ראש, אני שומעת את חברת הכנסת מועלם, חברתי, עומדת על הדוכן ומסבירה לנו איזו אפליה יש וכורכת בכריכה אחת את הערבים, את הפריפריה, את המתיישבים ואת ועד מתיישבי השומרון, אותו ועד שנהנה מכספים של המדינה ומפרסם סרטונים על השמאלנים התלויים על העצים. לבי יוצא אלייך, איך יכול להיות שכנסת ישראל תאפשר אפליה, היעלה על הדעת? רק דבר אחד לא אמרת, מה מובלע בהצעת החוק הלכאורה צרכנית, הנוגעת ללב, המתחשבת באלה שגרים כאן וכאן ולא מביאים להם את המוצרים. במובלע מסתתר כאן מהלך מתוחכם, שאתם עושים כבר שנים, וזה סיפוח זוחל – בחקיקה הישראלית הראשית – של השטחים. לפני כמה שעות עברה כאן הצעת חוק מתן הטבות במסגרת החוק לעידוד השקעות הון, גם על ההתנחלויות. אז בחקיקה ראשית מספחים את ההתנחלויות, ועכשיו רוצים להביא את חוק הנורמות, שבכלל כל ההתנחלויות יהפכו חלק ממדינת ישראל, ועכשיו האפליה, והסיפור קורע הלב הזה, שעמדת כאן וסיפרת עליו, ולבנו יצא אלייך, כי מי רוצה שיפלו אנשים?

אבל מה לעשות? יש מחיר. יש מדינת ישראל הריבונית, הלגיטימית, ויש מי שבחר לגור במקום אחר. אל תחילו עליו חקיקה ראשית, יש מחיר. ועכשיו, זה שאת כורכת באותה הצעה – דחפת את הערבים, דחפת את הפריפריה, ועל הדרך הגנבת גם את המתנחלים.

הגנבת אותם בחקיקה ראשית באמתלה של אפליה. האפליה היחידה שאני מכירה – האפליה היחידה היא של הציבור שחמסתם את האדמות שלו, של הציבור שהוא נתין שלכם. זאת האפליה היחידה שאני מכירה. אז יש לי אלייך הרבה הערכה. סימפתיה בחוק הזה – לא.

האמת שחשבתי עליך הרבה דברים, נאיבי לא חשבתי שאתה.",1,
301564,2016-07-11,"הצעת חוק חובת גילוי לגבי מי שנתמך על-ידי ישות מדינית זרה (תיקון), התשע""ו–2016","בושה שאתה עומד על הדוכן ואתה מציג את החוק המחפיר הזה.

לא, אני עשר. לא סגרנו על שבע.

אדוני היושב-ראש, חברי חברי הכנסת, בימים האחרונים, בכל פעם שאני עולה על הדוכן אני רוצה להגיד: איזה חוק מחפיר, וזה החוק הכי נורא שהכנסת חוקקה, ואין בושה ואתם כבר עושים את זה מהמקפצה, ואני מודה שכבר נגמר לי מילון המושגים כדי לתאר את עוצמת החרפה, את עוצמת הבושה. אני כבר לא יודעת איך לתאר. כל יום חוק אחר: פעם זה חוק ההדחה, ופעם זה חוק V15, והיום הזה חוק השקיפות, או איך שלא קוראים לו. זו לא שקיפות, אדוני היושב-ראש. זה חוק שהמטרה שלו היא מטרה פוליטית. זה חוק שנחקק כאחד החוקים במסגרת כל החוקים האנטי-דמוקרטיים בעונת הציד, בקדנציה הזאת של אחרי הבחירות, עונת הציד של ארגוני זכויות האדם, יוזמה שבאה לסתום את הפה לכל מי שמבקש לבקר את מדיניות הממשלה הזאת, את מדיניות השלטון, לכל מי שמבקר את העובדה שישראל שולטת חמישה עשורים על מיליוני בני-אדם, שישראל ממשיכה בכיבוש קרוב לחמישה עשורים. זה החוק, זו לא שקיפות, זו רדיפה פוליטית. במקומות אחרים היו קוראים לזה מקארתיזם, ויש כאן ממשלה או קואליציה שמשתמשת בכוח הקואליציוני שלה. אמרנו את זה היום בהקשר הזה לחבר הכנסת קיש, על היוזמה ההזויה שלו להגביל את זכותם של חברי כנסת לעתור לבג""ץ. זו לא זכותם של חברי הכנסת – זו שוב הצעה שבאה להלך אימים על בג""ץ. יש לכם כאן סריה של חוקים שכל אחד מתחרה בשני. עולה על כולם חבר הכנסת סמוטריץ, שלא נמצא עכשיו במליאה, באמת, בהצעה המחפירה והמשפילה שלו – שאומנם הוצאה בסופו של דבר מהגרסה הסופית בעקבות הפעילות החשובה של חברי אופוזיציה בוועדת החוקה – לתייג, לסמן את הארגונים. זה מה שרצית, לסמן את ארגוני השמאל שמקבלים מימון ממה שנקרא ישות מדינית זרה. ישות מדינית זרה – מדינות ידידותיות, כך קוראים להן; ישות מדינית זרה. לא ראיתי שאתם מבקשים להחיל את החוק הזה על תורמים מהימין, תורמים מפוקפקים, שתורמים לראש הממשלה, שתורמים לחיזוק כל מיני גושים בהתנחלויות שלכם, במאחזים הבלתי-חוקיים שאתם מקימים, באלע""ד, בעמותת אלע""ד במזרח-ירושלים. פניתי לרשם העמותות כדי לדעת מי התורמים של אותם גופים וארגונים של הימין, ויש חיסיון על התורמים האלה. איך אתם מסבירים את זה שכשמדובר בתורמים של הימין מגורמים פרטיים, שהכוח שלהם והאינטרסים שלהם לא פחות משמעותיים וחזקים לעתים משל מדינות – איך אתם מסבירים שעל זה יש חיסיון, וכשמדובר על עמותות שרובן הגדול זה עמותות שמאל, אתם מבקשים להטיל עליהן מגבלות, בעצם למנוע את הפעילות שלהן, לחסל אותן. זה מה שאתם רוצים. אתם רוצים לחסל אותן – ואתם לא רוצים להראות מהו המימון הפרטי המפוקפק והמוסתר של אותם תורמים שלכם בימין; זה לא מתאים לכם. ואתם מביאים לכאן חוקים – אומנם עכשיו שיניתם אותם טיפה בממד של ההשפלה שבהם, אבל אתם מביאים חוקים שתפורים באופן אקסקלוסיבי למידותיהם של ארגוני השמאל. אתם אומרים, אני שמעתי: ברגע שיהיו חוקים כאלה – שמעתי את אחד השרים, אולי הייתה זו איילת שקד, אני לא זוכרת מי מהם – אמרו: ההצעה הזאת בעצם נועדה למנוע את ביזוי שם ישראל בעולם. ואני אומרת לכם: את ביזוי שם ישראל בעולם? הרי ההצעה הזאת תשיג בדיוק את ההפך. ההצעה הזאת מוציאה שם רע לישראל בעולם. האם העולם מבקר את מדינת ישראל בגלל הארגונים? העולם מבקר את מדינת ישראל בגלל המדיניות שלה, בגלל סמוטריץ, בגלל השר אורי אריאל שיושב פה, בגלל המתנחלים, באופן שהם פוגעים – – –

כן. אתה יודע מה? זה יכול להיות מעניין לשם שינוי.

העולם מבקר את ישראל בגללך, השר אורי אריאל, בגלל החברים שלך. העולם לא שונא את ישראל, העולם לא רודף את ישראל, תוציאו לכם את זה מהראש; העולם שונא את הכיבוש, את ההזיה הזאת שאפשר כל כך הרבה שנים לשלוט על מיליוני בני-אדם. הוא לא שונא את ישראל; העולם שונא את המדיניות של הממשלה שלכם, את האופן שבו אתם מתנהלים. ואז אתם באים למליאה ומסבירים לנו באותות ובמופתים – שמעתי את יושב-ראש ועדת החוקה חבר הכנסת ניסן סלומינסקי עומד כאן על הדוכן ולא פחות ולא יותר מסביר לנו כמה ההצעה הזאת היא הדמוקרטיה במיטבה, בשיאה, התגלמות הדמוקרטיה. חברי חברי הכנסת, זו הדמוקרטיה במירָעָה. אבל, היו כבר חוקים רעים, היה חוק האזרחות והיו חוקים אחרים. אתם יודעים מה ההבדל בין החוק הזה לחוקים אחרים? שיו""ר ועדת החוקה והממשלה הזאת מרשים לעצמה לעשות את זה מהמקפצה. זה ההבדל. עד עכשיו לא הרשיתם לעצמכם לעשות את זה מהמקפצה, ואתם עושים את זה, מצפצפים על כולם; מצפצפים על העולם, מצפצפים על השגרירויות, מצפצפים על כולם. אתם חשים שבכוח הקואליציוני שלכם, בעריצות הרוב שלכם, שאתם מסוגלים לארגן כאן קואליציה מחפירה ומבישה, אתם יכולים לחוקק חוקים שהם חוקים שנועדו לצוד את ארגוני זכויות האדם. אין דרך אחרת להגדיר את זה. תסתכלו רגע על המליאה, חברי חברי הכנסת: אז נמצא כאן השר אורי אריאל; עכשיו זה מתוקף תפקידו, הוא תורן. אתם אפילו לא טורחים, הקואליציה הזאת שלכם, לשבת כאן, לדבר על החוק, להתווכח על החוק; אתם משאירים את הקרב הזה לאופוזיציה. אתם צוחקים עלינו – מה זה משנה בכלל מה נגיד? אתם מחוקקים ומחוקקים. הכנסת הזאת היום הפכה להיות הגורם שהכי פוגע בזכויות האדם. במקום להיות זו שמגינה ומבצרת את ההגנה על זכויות האדם, הכנסת הזאת היא הגורם הכי פוגעני היום בזכויות המיעוט, פוגעת בדמוקרטיה, לא מאפשרת פתחון פה לארגונים, סותמת את הפה לכל מי שמעז להגיד משהו על השלטון, גם לארגונים. עושים דה-לגיטימציה לארגונים. לצערי, חברי חברי הכנסת, פטור בלא כלום אי-אפשר. אני לא יכולה להסתפק בזה שאני מותחת ביקורת רק על הממשלה שמחוקקת כאן באמת חוקים מחפירים, ואני רוצה להגיד כמה מילים גם לחלק מחברי באופוזיציה. לא יכול להיות שיש גורמים באופוזיציה שבאופן קבוע מצטרפים למסע הדה-לגיטימציה נגד ארגוני זכויות האדם. אני אומרת את זה גם כנגד יושב-ראש יש עתיד, שמרשה לעצמו באופן קבוע לדרוך על ""שוברים שתיקה"", לדרוך על ארגונים שעושים עבודה חשובה במאבק מול מדיניות הממשלה. לא חייבים להסכים עם כל מה שהארגונים אומרים, לא חייבים להסכים עם כל מה שהארגונים עושים, אבל המהלך הזה של מסע דה-לגיטימציה באופן קבוע נגד ארגוני השמאל לצורך צרכים פוליטיים של היבדלות, לצורך היכולת לקושש עוד מנדטים על חשבון הרמיסה של ארגונים ודה-לגיטימציה לשמאל, בעיני זה חמור לא פחות ממה שעושה הממשלה הזאת, וכמו שאמרתי קודם, מרשה לעצמה לעשות את זה מעל המקפצה. תודה, אדוני.",1,The speech strongly criticizes the government's policies regarding settlements and emphasizes the negative impact of such actions on human rights and democracy.
303544,2016-11-01,נאומים בני דקה,"תודה רבה, אדוני היושב-ראש. היום הכנסת ציינה בוועדות ובאודיטוריום את יום החקלאות. הדבר המרכזי שעלה זה שאין מדיניות בנוגע לחקלאות; החקלאות גוססת, ורווחי החקלאים נשחקו בשנים האחרונות. אני רוצה לקרוא, אדוני, את דבריה של אירית שביט. היא כתבה לי ככה: אני גרה עם משפחתי באזור היפה ביותר בארץ, פתחת-ניצנה, הנמצא 2 קילומטר מגבול מצרים. אנחנו מתגוררים במושב כמהין ומתפרנסים מגידול תבלינים טריים, גם לייצוא וגם לשוק המקומי. זה לא סוד שהחקלאות בארץ נמצאת בצומת דרכים קשה, ואחד הגורמים שמקשים עלינו במיוחד הוא מחיר המים הגבוה שאנחנו נדרשים לשלם, העומד על 2.5 שקלים לקוב, ועוד רוצים להעלות לנו ל-3 שקלים. אנחנו לא יכולים לעמוד בעלויות מהסוג הזה. כמעט בלתי אפשרי לקיים חקלאות עם מחירי מים כל כך גבוהים. רוב אזורי הארץ, מוסיפה אירית שביט, אינם משלמים מחיר מופקע שכזה, והגיע הזמן לעשות סדר בעניין. אני וכל חברי החקלאים בפתחת-ניצנה קוראים כאן היום: הורידו לנו את עלות המים במיידי כדי שנוכל לקיים את מה שאנחנו אוהבים לעשות – חקלאות. תודה רבה.",5,
303581,2016-11-01,הצעות לסדר-היום: ציון יום החקלאות וההתיישבות,אם תדאגו לחקלאים כמו שאתם דואגים – – –,8,
304101,2016-11-13,"ישיבה מיוחדת לזכרו של ראש הממשלה ושר הביטחון יצחק רבין, זיכרונו לברכה, במלאות עשרים-ואחת שנים להירצחו","אדוני היושב-ראש, משפחת רבין היקרה, חברי חברי הכנסת, מכובדי כולם, קראתי אתמול שראש הממשלה אומר שיש ניסיונות מתמשכים לעוות את האמת ההיסטורית ולייחס לו, כך הוא כתב, את ההסתה שקדמה לרצח רבין. אז תן לי לומר לך משהו, אדוני ראש הממשלה: עם כל הכבוד, אתה לא הקורבן של רצח רבין. ולא יעזור נפתלי בנט, שר החינוך, שעולה כאן על הדוכן, מגלגל עיניים ואומר לראש האופוזיציה כאילו הוא הסית – ככה הוא אמר – ובעצם בדברים האלה שלו נותן הכשר להסתה. אתה, אדוני ראש הממשלה, יכול לספר עד כמה היית נגד הרצח. ומובן שהיית נגד הרצח, ומובן שלא אתה לחצת על ההדק. אבל אין אף אחד בעולם שהרוויח מרצח רבין כמוך, כי זה היה רצח מושלם ומשתלם. אתה חייב את הקיום הפוליטי שלך לרצח, וכל אזרח במדינה יודע את זה.

חברי חברי הכנסת, שלושה ימים לפני הרצח ראש הממשלה המנוח יצחק רבין סיפר למה הוא סירב לפגישה אתך. אני מצטטת: ""זאת תהיה איוולת מצדי לשחק בצביעות של יושב-ראש הליכוד"", הוא אמר, ""הוא ישב שם ונאם תחת תמונות הגסטפו, ואני אינני מאמין לו"". ואני אומרת, אדוני ראש הממשלה: זה הרי לא חדש שאתה מגנה את המעשים שלך בדיעבד ואז מבקש שימחאו לך כפיים. זה הרי לא חדש. אנחנו שמענו את זה רק לאחרונה, כשאתה התנצלת על ההסתה נגד הערבים שנוהרים לקלפיות.

ואני לא מוכנה למחוא כפיים לגינוי המגומגם שלך לאלימות דקה אחרי שעלית על המרפסת לנאום ואנשים למטה צעקו ""בדם ואש את רבין נגרש"". אתה שכללת לאמנות את הלגיטימציה שבהעלמת עין, וזה, לצערנו, הסתיים ברצח. חברי חברי הכנסת, ראש הממשלה יצחק רבין נרצח בשל דרכו המדינית ועל רקע פוליטי, בשל החתימה שלו על הסכם אוסלו והחתירה שלו להביא לסיום הכיבוש ולהסכם שלום, הסכם שלום עם הפלסטינים, וגם בשל היותו ראש הממשלה הראשון שחתם על הסכם קואליציוני עם הסיעות הערביות. וראש הממשלה רבין האמין בשיתוף פעולה עם אזרחי ישראל הערבים. הוא לא הסית נגדם. ואנחנו לא שכחנו, ויש מי שמנסה להשכיח, שהיו גורמים פוליטיים לאומניים ורבנים פונדמנטליסטים קיצוניים שחשבו שממשלה נבחרת וכנסת ריבונית שנסמכת על קולות של בוחרים ערבים אינה לגיטימית ואין לה מנדט לוויתורים על שטחי ארץ-ישראל. זאת הייתה הכנסת אז, ואלה היו הקולות שנשמעו אז. אין לי ספק, אדוני ראש הממשלה, שאתה לא רצית ברצח. אין לי ספק בזה. זה לרגע לא עולה בדעתי. אבל שוחררו כאן שדים מהבקבוק, ו-21 שנים אחרי הרצח, לצערי, הוכחת שאין לך שום בעיה לשחרר את הכוחות האלה שוב, כי ההסתה ממשיכה גם היום במשמרת שלך. והרבנים שהסיתו אז, שהוציאו פסק-דין רודף ואת ה""פולסא דנורא"", אותם רבנים ממשיכים להסית גם היום. לא מיצו אתם את הדין, לא עצרו אותם, והם ממשיכים לפרסם פסקי הלכה לחסידים שלהם ולעשות דין לעצמם. והיישר ממסדרונות הממשלה וכאן מהכנסת מסיתים נגד שלטון החוק, נגד שופטי העליון, נגד ארגוני החברה האזרחית שמותחים ביקורת על מדיניות הממשלה בהתנחלויות, נגד עיתונאים, נגד אזרחי ישראל הערבים ונגד השמאל. ומי שמסמן עיתונאית – אני מצטטת: כ""רודפת חיילים"", מי שטוען שעיתון ""הארץ"" פועל ממניעים נאציים, למד מהרצח רק איך לשכלל את ההסתה. אני אומרת, ובזה אני מסיימת: רבותי וגבירותי, חברי חברי הכנסת, עברו 21 שנים, אדוני ראש הממשלה. אני מציעה שתפסיק להתקרבן ותתחיל לקחת אחריות על מה שאתה אומר ועל מה שאומרים החברים שלך. תודה רבה.",1,
304321,2016-11-16,"הצעת חוק ההסדרה, התשע''ו–2016","זה המתנחלים, אתם קובעים מה יהיה פה.",10,
305729,2016-12-21,"הצעת חוק התקציב לשנות הכספים 2017 ו-2018, התשע""ז–2016;: הצעת חוק התוכנית הכלכלית (תיקוני חקיקה ליישום המדיניות הכלכלית לשנות התקציב 2017 ו-2018), התשע""ז–2016;: הצעת חוק ההתייעלות הכלכלית (תיקוני חקיקה להשגת יעדי התקציב לשנות התקציב 2017 ו-2018), התשע""ז–2016","אדוני היושב-ראש, אדוני השר, חברי חברי הכנסת, אני מבינה ששנת 1999 נחרתה כנראה בזיכרונו של ראש הממשלה נתניהו כשנה ממש טראומטית. אני מדברת על 1999. בשנה הזאת בדיוק גירשו אותו מהמעון שלו ברחוב בלפור לקיטון צנוע ב""שרתון פלאזה"", והוא בקושי הספיק לארוז את כל 700 המתנות שהוא לקח אתו, ותאמינו לי, בטח לא היה לו קל לשכנע את המלון לאחסן את כל המתנות האלה. וסיפרו לי מקורבים יודעי דבר שראש הממשלה ממש נאלץ לישון על העוקם, בין כתר מזהב למגש של כסף פשוט. אני מתארת לעצמי, חברי חברי הכנסת, איזה ימים קשים עברו עליו אז, על ראש הממשלה. והייתם חושבים שאדם כזה, שיודע איך זה לאבד בית, יגלה קצת יותר רגישות, למשל, למחוסרי דיור, שנאלצים להמתין שנים על שנים כדי לזכות בדירה מתפוררת, אבל איכשהו – אתם יודעים מה, גם לא ממש מפתיע – עיקר הרחמים של ראש הממשלה מופנים חודשים ארוכים אך ורק ל-40 משפחות בעמונה, שכמו שראינו אתמול בתחקיר המצוין של ""המקור"", מדובר בחבורה של גנבים בחסות המדינה, שחמסו וגזלו אדמות פרטיות של פלסטינים וצפצפו על כולנו. מספיק היה לראות אתמול את הפרצוף הזחוח של פנחס ולרשטיין כדי להבין איזו גנבה זו הייתה, איזה גזל, ואיך מכשירים את הגזל. ועכשיו המדינה הולכת לתת להם עוד פעם פרס על חשבוננו – 140 מיליון שקל ועוד מיליון לכל משפחה. ואליהם, אל הקבוצה הזאת, ראש הממשלה מפנה את כל האמפתיה שלו, הוא מבין אותם, הוא הרי נאלץ לישון ב""שרתון פלאזה"", העבירו אותו מהדירה שלו, איזה קשה היה לו ב""שרתון פלאזה"" בין מגש הכסף למגש הפשוט. חברי חברי – – –

חברי חברי הכנסת, איזו אמפתיה עקומה. ראש ממשלה – אבל זה לא מפתיע –שדורש מאות-מיליוני שקלים, שעכשיו ירכשו לו מטוס לשימושו הפרטי, בזמן שהציבור סופג עוד ועוד קיצוצים בשירותים החברתיים, הוא ראש ממשלה שאינו ראוי לכהן בתפקידו, וצריך לשלוח אותו הביתה, אבל אולי הפעם, אם אפשר, ממש ממש הביתה, ולא ל""שרתון פלאזה"". וכשראש הממשלה, חברי חברי הכנסת, כל כך מנותק מהציבור, ככה גם נראה התקציב שלו, ככה גם נראה התקציב שהממשלה מביאה. במקום לקחת את כספי המסים שלנו ולהשקיע אותם בחינוך, בדיור ציבורי, בבריאות וברווחה, שופכים את הכסף הזה עוד פעם על מי? על מתנחלים בשטחים. שוב אותה משוואה: פחות לאופקים, יותר לתפוח ויצהר; פחות לחקלאות ויותר לאוטוסטרדות ריקות בלב אזורים פלסטיניים. וזה הסיפור של כל התקציב הזה. ואני רוצה להגיד לכם, אני יודעת ששר האוצר משה כחלון יעלה כאן בהמשך – אני מכירה אותו מצוין, ואני בטוחה שיש לו כוונות טובות, ואני באמת מאמינה שהוא רוצה שיהיה כאן טוב יותר. אבל כשכל הכסף בקופה זורם בנתיב חד-סטרי לשלושה קרוונים וברוש בלב קרקע פלסטינית פרטית, תקציב המדינה הופך להיות בן-ערובה של הבנטים ושל הסמוטריצים. זה המקום שבו אנחנו עומדים היום – תקציב מדינה שהולך לשטחים. אני רוצה, חברי חברי הכנסת, כדי לסבר את האוזן, לתת כמה דוגמאות – בדיוק סמוטריץ נכנס. אני רוצה שתדעו שההשקעה הממשלתית הכוללת בתושב יהודה ושומרון גבוהה ב-70%, שימו לב לנתון הזה, מהשקעה ממוצעת בשאר חלקי הארץ. ובואו ניקח עוד דוגמה – –

– – המדינה משקיעה בתלמיד בהתנחלות בממוצע כ-13,000 שקלים, שזה פי-שניים מהממוצע הארצי. ועוד לא אמרנו כלום על הבנייה הציבורית לנפש בהתנחלויות, שהיא גבוהה פי-שניים מאשר בדרום ופי-שלושה מאשר במרכז ובצפון. מה נדבר על הרשויות המקומיות ביהודה ושומרון שמקבלות פי-שלושה ממענקי איזון לתושב ממוצע בשאר הארץ? הזכרתי קודם את חבר הכנסת סמוטריץ, שנכנס השבוע בישיבה של ועדת הכספים של הכנסת – שימו לב, מי שלא ידע, כשביטלו את עיר העולים והקימו קרן ארנונה ממשלתית מה הצליח חבר הכנסת סמוטריץ לעשות? הוא הצליח להכניס לחוק את המילים: ""לרבות יהודה ושומרון"". סיפוח דה-פקטו – – –

אני לא אמרתי שלא מגיע, אני רק אומרת שבחקיקה הישראלית, שמקסימום מגדירה את השטחים כאזור, עשית ""נה"" בעין; לא מספיק שפי-שלושה ופי-20 ופי-70 – ""נה"" בעין, שגם יהיה כתוב שזה אזור יהודה ושומרון. כי כשבכיתה ממוצעת בישראל, חברי חברי הכנסת, יש כ-30 תלמידים או יותר, 30.4, אם אפשר לומר את זה באופן הזה, כמה תלמידים יש בכיתה ממוצעת בהתנחלות? 21.7 תלמידים. הנתונים האלה, חברי חברי הכנסת – – –

אני לא שומעת, אני נואמת. הדבר הזה, חברי חברי הכנסת – –

– – הנתונים האלה מלמדים אותנו יותר מכול על תפיסת העולם המעוותת, המנותקת ובמידה רבה גם האכזרית של ממשלת נתניהו. עכשיו הוא יצא, הוא בטח דואג לעוד משהו להתנחלויות. בזמן שיותר ויותר מאזרחי ישראל מתקשים לגמור את החודש, חברי חברי הכנסת, וכששיעורי העוני בישראל מרחיקים שחקים, כל מה שמעניין את הממשלה הזאת זה ההתנחלויות וההתנחלויות וההתנחלויות, ואחריהם המבול. עמונה כבר אמרנו, אז: עמונה ועמונה ועמונה. אבל מה זה מפתיע, חברי חברי הכנסת, כשראש ממשלה בישראל, שכל האמפתיה שלו, הרגישות שלו, מופנית לתושבי עמונה, והוא מסביר לנו שהוא מבין כמה זה קשה להתפנות מהבית כי הוא התפנה ל""שרתון פלאזה"". כמו שאמרתי קודם, אני מניחה כמה קשה היה להם לארוז את כל 700 המתנות שהם קיבלו בכל מיני ארגזי קרטון ולצופף את זה בחדר הזה ב""שרתון פלאזה"". איך הוא ישן, אני תוהה, ככה? על העוקם? או ככה? זה ראש ממשלה שמבין מה זה להתפנות מהבית. זה הפרצוף של הממשלה הזאת, כפרצוף התקציב הזה. תודה רבה, אדוני היושב-ראש.",1,
306998,2017-01-25,הצעה לסדר-היום: הצורך בהקמת ועדת חקירה בנושא: האירועים בהפגנות בכפר אום-אלחיראן בנגב,"איך ב-07:00 בבוקר כבר ידעתם שהוא מחבל – – –

– – – ותקפו את הדיון באג'נדה של משטרת ישראל – – –

– – – זו הסתה אחת גדולה – – –

למה לא עושים בעמונה – – –

חוק ההסדרה לא – – – של הערבים – – –",1,
308421,2017-03-06,"הצעת חוק הכניסה לישראל (תיקון מס' 28), התשע""ז–2017","תודה, אדוני היושב-ראש. אדוני השר, שמעתי את הנימוקים שלך, את ההסברים שלך ואת ההסברים של יושב-ראש ועדת הפנים. אני חושבת שמדובר באחת ההצעות הכי הזויות שאני מכירה. אני רוצה לנמק.

אתה עוד לא דיברת, שמעתי אותך בהקשר אחר.

לא. עכשיו אני אנמק, וגם למה אני לא תומכת בחוק הזה.

לא. אני אסביר למה אני לא תומכת בחוק הזה.

אני מוכנה להסביר לך באופן פרטי, אדוני השר. אני רוצה לומר בצורה שאינה משתמעת לשני פנים: אני עומדת בראש מרצ. מרצ מתנגדת לתנועת ה-BDS, דהיינו לתנועה שקוראת לחרם על מדינת ישראל. תנועת ה-BDS חותרת תחת עצם קיומה של מדינת ישראל כבית לאומי לעם היהודי, ולכן אנחנו מתנגדים לזה, ואנחנו לא צריכים לעמוד כאן ולהצטדק שאנחנו נגד חרם. אנחנו חושבים שההצעה הזאת אווילית, לא חכמה. למה? כי הרי אנחנו לא חושבים שצריך להחרים את מדינת ישראל. אנחנו חושבים שמה שעושה נזק למדינת ישראל ומה שעושה לה דה-לגיטימציה זו מדיניות ההתנחלויות והכיבוש. ומה שמביא את תנועת החרם זה השליטה של ישראל 50 שנה בשטחים, של אלפי – למה אלפי, מיליוני אנשים שחיים תחת השליטה שלנו, בלי זכויות אדם בסיסיות, בסיסיות, וזה מביא לדה-לגיטימציה למדינת ישראל. מה אומרת ההצעה הזאת? מי שמבקר ביקורת לגיטימית – – –

רגע, אני אגיע לזה, כי ההבחנה שאתה ניסית לייצר, חבר הכנסת אמסלם, או שניסית לטשטש את ההבחנה בין מדינת ישראל בגבולות הקו הירוק, מדינת ישראל הריבונית, הלגיטימית, הדמוקרטית, לשטחים, ליהודה ושומרון, ואתה הופך אותם למקשה אחת. איך אני יודעת? כי חוק החרם הפך אותם למקשה אחת. בא האיחוד האירופי וחתם עם ישראל על הסכם 2020 ואמר: אני מבחין בין מדינת ישראל בגבולות הקו הירוק, וההסכם הזה לא יחול על מעבר לקו הירוק. אתם מנסים לטשטש את הגבול, אתם מנסים לייצר רקמה אחת בין נתיבות, תל-אביב, קדומים ונוקדים. זה מה שאתם מנסים לייצר. ואז מי שמותח ביקורת על מדיניות הכיבוש, אתם אומרים לו: אתה לא תיכנס למדינת ישראל. למה? כי מדינת ישראל היא הגדולה, מדינת ישראל רבתי. זה נראה לכם סביר? ואתה, אדוני השר, משתף עם זה פעולה? אנחנו תומכים במאבק שלך נגד תנועת ה-BDS. אנחנו מתנגדים ליוזמות שבאות להגיד: סותמים את הפה לכל מי שמבקר ביקורת לגיטימית את מדיניות השלטון הישראלי.

לא, אני לא מנסה לטשטש. חבר הכנסת אמסלם, אני עושה הבחנה ברורה – –

– – בין חרם על מדינת ישראל כמדינה, שאני מתנגדת לזה. אני חיה פה, הילדים שלי, עיסאווי חי פה, הילדים שלי נלחמו פה, החיים פה, החברים שלנו נהרגו פה. מדינת ישראל היא גם שלנו. אנחנו לא מוכנים שתהפכו את מדינת ישראל לישראל רבתי, דהיינו, כמו שאמרתי, עם נוקדים ועפרה ובית-אל ואני לא יודעת מה. לכן העולם מאבד סבלנות למדיניות הזאת, הוא פחות טולרנטי למדיניות הכיבוש וההתנחלויות. אז מה אתם אומרים? נאסור על אנשים שמותחים ביקורת על מדינת ישראל – על מדיניות הכיבוש, לא על המדינה, על המדיניות של ממשלת ישראל, של ההחלטות של ממשלת ישראל. השתגעתם? השתגעתם? אני שואלת.

זה לא משהו אחר, זה הא בהא תליא, חבר הכנסת אמסלם. כי כשאני עומדת כאן – אני, אני – –

רגע. – – אני עומדת כאן ואני אומרת לך: אני לא קונה מוצרים שמיוצרים בהתנחלויות; כשאני הולכת לסופר אני בודקת מה כתוב. לא תמיד אני רואה. למה אני עושה את זה? כי אני מתנגדת התנגדות לגיטימית, פסיבית, למדיניות ההתנחלויות והכיבוש. אני לא מבקשת להחרים את מדינת ישראל, אני מבקשת להיאבק מאבק לגיטימי. אז אתה אומר שמי שאומר את זה לא יוכל לקבל רישיון כניסה לישראל? מה קרה לכם?",1,
309660,2017-04-26,"הצעת חוק השידור הציבורי הישראלי (תיקון מס' 6), התשע""ז–2016","תודה רבה, גברתי היושבת-ראש. חברי עיסאווי פריג' סיפר לי קודם, כששתינו תה מאחורי המליאה, שכל יום כזה, שהכנסת מתכנסת, עולה למשלם המסים הישראלי יותר מ-300,000 שקל. ואני באמת תוהה אם היה צריך לכנס אותנו על חוק קמיניץ בדחיפות כזו בפגרה, ואם היה צריך לכנס אותנו היום לדיון בחוק תאגיד השידור הציבורי – אחת השערוריות היותר-גדולות שאנחנו עדים להן. אני רוצה לדבר על זה בקצרה, כי דיברתי גם אתמול. אני רוצה לדבר על הדברים של גיל עומר בוועדה אתמול – וחברי עיסאווי, היית בה – שפוליטיקאים ניסו למנות מקורבים בתאגיד השידור, וכשזה לא הסתייע בידם, ראש הממשלה ואני לא יודעת מי עוד החליטו שהם מחסלים את התאגיד, אותו תאגיד שהם הקימו במו-ידיהם אחרי שהם החליטו לחסל את רשות השידור. עכשיו, אני רוצה לומר משהו על רשות השידור. רשות השידור הפכה ברבות השנים לגוף עם הנהלה מסואבת, בעייתית, המקבלת הוראות ישר מלשכת ראש הממשלה, אבל יש שם אנשים מצוינים, אנשים שעשו עבודה נאמנה כל השנים; עיתונאים ועובדים שונים שמצאו את עצמם פשוט מושלכים בצד הדרך, מושפלים, כשהחליטו להקים את התאגיד החדש. מרצ הצביעה בזמנו נגד סגירת רשות השידור; ליתר דיוק, נגד חוק התאגיד. חשבנו שהיה צריך לעשות שידוד מערכות ורפורמה מקיפה ברשות השידור, אבל ראש הממשלה – אצה לו הדרך, הוא החליט לחסל ולסגור, והקים את התאגיד. ועכשיו, כשעיתונאית אחת לא באה לו טוב בעין, או כשיש שם מנהלים – שהם מנהלים מקצועיים – שסירבו להכניס מקורבים של פוליטיקאים, אז הם מחליטים שהם מחסלים את התאגיד. והדחייה הזאת, שאנחנו נדרשים לה עכשיו, נועדה כל-כולה כדי לבנות תאגיד שידור, בכלל מין יצור כלאיים כזה, שחטיבת החדשות היא לא חלק ממנו – מה זה? זה ברווז צולע, איזה מין דבר זה? הכול כי ראש הממשלה רוצה שליטה מלאה וריכוזית בתקשורת בישראל, והוא מחסל אותה לאט-לאט, ופוגע בה ומתיש אותה, בדיוק כמו שהוא מתיש ופוגע בשומרי הסף, בין אם זה פרקליטות או להב 433 או בית-המשפט העליון. כל שומרי הסף הם תחת עינו של ראש הממשלה, והוא רוצה לחסל אותם אחד-אחד, ואותו דבר גם את התקשורת החופשית בישראל. ממה שהיה נהוג לקרוא לו ""כלב השמירה של הדמוקרטיה"" הוא רוצה להפוך אותה לפודל שלו. זה מה שרוצה ראש הממשלה. ולכן, בנסיבות האלה, צר לי שלא פתרו את הבעיה של כל עובדי רשות השידור. יש שם אנשים, זוגות עם ילדים, שעובדים, שלא יודעים מה ילד יום. הרבה מאוד אנשים שהזכויות שלהם נפגעות ומקבלים סכומים זעומים, אבל המהלך שראש הממשלה עושה עכשיו לגבי התאגיד זה מהלך שאנחנו, חברי בסיעת במרצ, לא ניתן לו יד. חברי עיסאווי פריג' ישב אתמול בוועדה והגיש שורה של הסתייגויות. אני אומרת לכם שכל מהלך כזה של ראש הממשלה, שמבקש לכרסם בעוד כלי תקשורת ועוד כלי תקשורת, ולהפוך את כל כלי התקשורת בעצם לכפופים למרותו – למה הדבר הזה גורם? הדבר הזה יוצר תקשורת שאחר כך חוששת לומר את מה שיש לה לומר. תסתכלו כמה נותרו בתקשורת אנשים ותחקירים; או שהם כולם קשורים בדרך כזו או אחרת לגורמים שמקורבים לראש הממשלה, או שכבר התקשורת מצנזרת את עצמה. היא חרדה, כי היא יודעת שאם היא תמתח ביקורת אז היא לא תהיה. חברי חברי הכנסת, אני קוראת לכם לא לתת יד ליוזמה של הממשלה לחסל את תאגיד השידור הציבורי אחרי שהיא חיסלה את רשות השידור. הייתי אומרת, כמו שאמרתי קודם – אני לא נוהגת לחזור יומיים, יום אחרי יום, על אותו משפט, אבל חשבתי שזה ראוי בהקשר הזה – ראש הממשלה עושה בתאגיד השידור וברשות השידור מעשה מגונה. חברי חברי הכנסת, אני רוצה לנצל את הזמן שנותר לי ולדבר על הפארסה שהתגלתה אתמול לנגד עינינו בהתנהלות של ראש הממשלה לגבי הביקור שר החוץ הגרמני בישראל. הייתי אומרת: אפס – כזה אפס ענק – קיבל ראש הממשלה אתמול בדיפלומטיה. והדבר שכל כך מקומם, שהוא היה מוכן לשעבד – להקריב – את יחסי החוץ של מדינת ישראל עם המדינה, הייתי אומרת, הכי ידידותית לישראל באירופה, הוא היה מוכן להקריב אותם על מזבח האינטרסים הפוליטיים הצרים שלו. כל הרדיפה הזאת נגד ""בצלם"" ונגד ""שוברים שתיקה"", כל-כולה מקורה במאבק על לבו של הימין הקיצוני והמתנחלי, מי יצהיר יותר נאמנות לימין הקיצוני. זה חלק מהקרב הזה. וכשיש קרב כזה בינו לבין בנט וגורמים אחרים, אז צריך לסמן אויבים, צריך לסמן בוגדים, אז כל ביקורת על המדיניות של ממשלת ישראל בכלל נתפסת כבוגדנות, כחתרנות. כל מי שמבקר ביקורת לגיטימית את מדיניות ההתנחלויות והכיבוש נחשב לגיס חמישי, ועוד הם מעזים, בממשלה הזאת, גם ראש הממשלה וגם סגנית שר החוץ חוטובלי, לסמן, לתת ציונים. אתמול שר החוץ הגרמני נפגש עם חמישה ארגונים, כולל ""שלום עכשיו"", אז ""שלום עכשיו"" קיבלו את אות הברכה, או אני לא יודעת איך לומר את זה – נגדם אין לראש הממשלה – לא שהוא בעדם, אבל נגדם אין לו כלום, אבל העובדה ששר החוץ הגרמני נפגש עם ""שוברים שתיקה"" ו""בצלם"" – הוא הציב לו אולטימטום, הייתי אומרת אקדח לרקה, דבר שלא עושים במדיניות חוץ. ראש ממשלה לא יכול להרשות לעצמו לקלקל באופן הזה את יחסי ישראל–גרמניה, אחרי שהוא עשה את זה עם אובמה בזמנו. אני חושבת שאנחנו עדים כאן לא רק לעובדה שראש הממשלה פגע ביחסי ישראל–גרמניה, אלא לעובדה שהוא מנסה לטשטש מציאות, והמציאות היא כזו: מי שעושה דה-לגיטימציה לישראל בעולם זה לא ""שוברים שתיקה"" ולא ב""צלם"", זה המדיניות של ממשלת ישראל, של המשך הבנייה בהתנחלויות, של המשך השליטה על עם אחר, על מיליוני בני-אדם. אנחנו ביוני הקרוב נציין 50 שנות כיבוש של שלטון ישראל בשטחים. זה מה שעושה נזק בעולם, זה מה שעושה דה-לגיטימציה בעולם. אז מנסים לסמן ארגונים – בהתחלה מחוקקים נגדם חוקים: חוק החרם, וחוק השקיפות, וחוק שירות לאומי, ורודפים אותם, ושרים, כולל יאיר לפיד, יושב-ראש יש עתיד, כולם עושים סיבוב על הגב של ""שוברים שתיקה"" ו""בצלם"". אני שמעתי כאן לפני כן את חבר הכנסת מאיר כהן. בכל הכבוד לבנים של מאיר כהן ששירתו בצבא, וגם הבנים שלי שירתו בצבא, החיילים והקצינים של ""שוברים שתיקה"" שירתו בצבא לא פחות מהבנים שלו ולא פחות מהבנים שלי, והם פטריוטים ישראלים לא פחות מהם, והם היו שם, והם היו בקרב, והם נאבקים על מוסריותו של צה""ל. הם מעלים דברים שהם ראו במו-עיניהם, דברים שהם חושבים שדגל שחור מתנוסס מעליהם. וכשהשלטונות מטים עין הצדה, ולא רוצים לברר, ולא רוצים להתמודד עם המציאות הבאמת-באמת מורכבת בשטחים, אז מסמנים אותם כבוגדים ומעניקים להם ציונים, ורודפים את ""בצלם"", ארגון שמתעד באופן סיסטמטי כבר 28 שנים הפרות של זכויות האדם בשטחים, שנעשות בשמנו ומטעמנו, כדי להניף את אותו דגל שחור על מה מותר ומה אסור – אז מסמנים אותם כבוגדים. כל מי שמבקש למתוח ביקורת על מדיניות הכיבוש וההתנחלויות, ישר מתויג, ישר הם בוגדים, ישר הם שמאלנים, צריך לרדוף אותם. חברי חברי הכנסת, זה דבר שהוא בלתי מתקבל על הדעת – ואני אומרת את זה בדיון בהקשר של חוק התקשורת; אנחנו מדברים על תקשורת שהרבה פעמים היא חלק מאותה תעשיית הכחשה והדחקה של מה שקורה שם בשמנו ומטעמנו, ואנחנו רואים בצורה ברורה, בצורה שיטתית, איך ""בצלם"" הופך להיות תקשורת אלטרנטיבית, כי כשצלם של ""בצלם"" צילם את אלאור אזריה יורה למוות, עושה וידוא הריגה למחבל מדמם – כן, הוא היה מחבל מדמם – אז הוא פרסם את זה ולא אף אחד אחר. כלי תקשורת כבר לא רוצים לדעת מה קורה שם. ""בצלם"" הציב את המראה הזאת, של מה שקורה שם, כי אנחנו עוצמים עיניים, אנחנו לא רוצים לדעת. במקום זה אנחנו רואים איך מירי רגב ובנט הודיעו שהם מקצים 10 מיליון שקלים לחגיגות שחרור – שחרור גוש-עציון, ירושלים ואני לא יודעת מה. התעשייה הזאת של ההדחקה וההכחשה היא תעשייה מאורגנת, שהממשלה משלמת עליה – אנחנו בעצם, ליתר דיוק, משלמים את המחיר – הכול כדי שלא נשאל ולא נבקש לדעת מה קורה שם, מה קורה עם הביורוקרטיה הזאת, שיוצרת שתי מערכות דין נפרדות, אחת למתנחלים בשטחים ואחת לפלסטינים; מה קורה עם היתרי תנועה, עם חופש תנועה, עם ביקורים, עם אישורים; מה קורה עם מציאות היום-יום של אנשים שמה שהם רוצים זה סממני ריבונות ודגל ומדינה, ואנחנו ממשיכים לשלוט וממשיכים לבנות כאילו אין מחר, כאילו אין עולם. יש לי הרבה פעמים הרגשה, גברתי, שפה מתנהלים כאילו הם על הטיטניק – הם נוסעים והם נוסעים והם נוסעים, והם לא רואים את הקרחון שבא ומתנגש עוד רגע מולם. ועל זה אני מבקשת להתריע. אני מבקשת לומר בצורה מאוד ברורה שכשאנחנו רואים – על ההתנהלות הבאמת-חסרת אחריות אתמול של ראש הממשלה, לקלקל את היחסים עם שר החוץ של גרמניה, ובכלל עם גרמניה, בשביל איזה רווח פוליטי קטן ואינטרסים פוליטיים מול בנט ומול הימין, כל אזרחי מדינת ישראל נאלצים לשלם את המחיר. זו מדיניות חוץ? זו ממשלה רצינית? לאן מובילים אותנו? מה האופק? מה העתיד שהממשלה הזאת מציעה לאזרחי ישראל? לאן אנחנו הולכים? כמה שנים נמשיך לשלוט על עם אחר? ואחר כך יש פיגועים, ויש טרור, ואומרים: מאיפה זה בא? וכל פעם מתעוררים. כמה אנחנו נמשיך עם ההזיה הזאת, כשהאנשים האלה חיים בייאוש ובחוסר תקווה – כמה נמשיך עם זה? חברי חברי הכנסת, הדבר הזה חייב להיפסק, והדבר הזה ייפסק כשייגמר – או כשיסגרו את בית-החרושת שמייצר מוטיבציה לטרור, את אותו בית-חרושת שאנחנו רוצים שהוא לא יהיה, וכשנפסיק לשלוט בשטחים, וכשננהל משא-ומתן, וכשיפסיק ראש הממשלה נתניהו עם האמירות הדמגוגיות האלה שלו – זה היה בבר-אילן: אנחנו תומכים בפתרון שתי המדינות, הוא אמר; מס שפתיים בשביל העולם. תומכים בפתרון שתי המדינות, אבל מה שהוא עשה בפועל – הוא ניהל את הסכסוך. ומה קרה לו? הוא חטף את זה בפרצוף בבומבה ישירה: הוא גילה שהסכסוך מנהל אותו. זה העתיד שאנחנו רוצים כאן? שהסכסוך מנהל אותנו, וכל מה שהממשלה הזאת עושה זה הסתה ורדיפה, בין אם זה נגד אזרחי ישראל הערבים, בין אם זה נגד שומרי הסף, בין אם זה נגד הפלסטינים, נגד השמאלנים, כל מי שלא בא לו טוב בעין – ועכשיו זה נגד התקשורת. במקום לחזק את התקשורת, לעודד תחקירים ועשייה – ויש לנו כאן פאר היוצרים והעיתונאים המצוינים – אז ראש הממשלה רודף אותם, וחומס אותם, ומבזבז מיליונים של כספי ציבור בשביל איזו מדיניות קטנה ועלובה של רצון ריכוזי לשלוט בתקשורת, לרמוס אותה עד דק. חברי חברי הכנסת, במקום שראש הממשלה דורך – לא צומח דשא. והתפקיד שלנו – התפקיד שלנו – וזו המחויבות שלנו – הוא להתקומם ולהגיד לו: עד כאן, אי-אפשר יותר, כשמטרטרים מדינה שלמה חודשים, חודשים, על תאגיד השידור הציבורי. ואנשים לא מבינים מה קורה פה, הרי רק לפני שנתיים ראש הממשלה אמר על עובדי רשות השידור שהם יותר גרועים מה""חמאס"", ופתאום לפני חודשיים ראש הממשלה נפגש עם עובדי רשות השידור, והוא אומר שלבו נכמר עליהם. ממתי הוא גילה שיש לו לב, אני שואלת, גברתי היושבת-ראש? לב יש לו? זה לב מאבן, ציני, מניפולטיבי – נפגש עם אנשי רשות השידור כדי לנסות לרסק את התאגיד. אנחנו שומעים את האמירות האלה מהתאגיד, מראשי התאגיד, שניסו להכניס להם אנשים, מינויים פוליטיים. אמרה מירי רגב: מה שווה תאגיד השידור אם אנחנו לא יכולים לדאוג שהאנשים שלנו יהיו שם? ויושב-ראש הקואליציה דוד ביטן אמר: מישהו שמאלני, ראינו בדף הפייסבוק שלו. מה עוד תעשו כאן? משטרת מחשבות תעשו כאן, אחרי שאתם מפשפשים מה אנשים אומרים ומה אנשים חושבים? כל דבר שקורה כאן, שהוא לא לרוחו של ראש הממשלה, מנסים לחסל אותו, ורודפים אותו, ורודפים אותו, וכותשים אותו עד דק, עד שיאמר ""מודה אני"". אבל יש כאן קבוצה של אנשים שהחליטה להיאבק, והחליטה לא להסכים למניפולציה הזולה והשקרית של ראש הממשלה. אז בהתחלה זה היה כי הם שמאלנים, ואמרו שהם שמאלנים, ועובדי התאגיד הם שמאלנים, ועכשיו בכלל, הם סתם לא ממש עיתונאים רציניים, וצריך להפקיע מהם את חטיבת החדשות – איפה ראיתם התנהלות כזאת? איפה ראיתם גוף כזה שמורכב כך – תאגיד, אבל חטיבת החדשות היא במקום אחר? אני מודה, חברי חברי הכנסת, שאני עומדת כאן ואני אומרת: איך הגענו לרגע הזה, שאנחנו צריכים להגיד לחברינו את המובן מאליו? והמובן מאליו הוא שבמדינה דמוקרטית תקשורת צריכה להיות חופשית, תקשורת צריכה להיות נושכת, לא כל היום תחת אימת השלטון, רדיפת השלטון. מה מצפים? אתם יודעים, חברי חברי הכנסת, בהתחלה אמרו לנו: יהיו תוכניות כאלה, ואחר כך יהיו תוכניות כאלה. חברי חברי הכנסת, כשתקשורת אומרת לציבור מה לראות, זה מה שרוצה ראש הממשלה, אחר כך היא גם תגיד לו מה לחשוב. וזו סכנה. ואני לא מבינה איך הקואליציה ושרים בכירים בקואליציה וחברי קואליציה לא מתרעמים ולא אומרים לו: עד כאן; מגיעים לפשרות רקובות שלא היו עוברות בשום מקום אחר. ואנחנו נידונים עכשיו להיות כאן ולתמוך בפשרה רקובה שגובשה בכל מיני דילים וכל מיני הסכמות. חברי חברי הכנסת, זו חרפה. אנחנו בסיעת מרצ נצביע נגד ההצעה הזאת. אנחנו מתייצבים כאן היום ולא מבינים למה היו צריכים להזעיק אותנו לכאן, למה היה צריך לבזבז עוד 300,000 שקל כל יום, היום ואתמול. מי חס על כספי ציבור כשאנחנו חומסים את הכסף של ניצולי השואה ומבזבזים את הכסף הזה כאן על עוד כינוס, על קמיניץ, על דחיית התאגיד, ובשבוע הבא על החוק עצמו? תתביישו. תודה רבה, גברתי.

זה שאמרת עליו ""מבכירי"", כבר – – –

– – – מעולם לא חשבנו – – –

אתה לא מאמין במה שאתה אומר.",1,
309723,2017-05-08,"הצעות סיעות המחנה הציוני, הרשימה המשותפת, יש עתיד ומרצ להביע אי-אמון בממשלה בשל:: 1. מחדלי הממשלה בתחום המדיני, הכלכלי, החברתי והאזרחי וניסיונותיה להשתלט על התקשורת בישראל;: 2. אוזלת ידה של הממשלה בתחום המדיני, החברתי והכלכלי;: 3. אוזלת ידה של הממשלה בתחום הכלכלי, הביטחוני, המדיני והחברתי;: 4. מחדלי הממשלה בתחום המדיני, הכלכלי, החברתי והאזרחי וניסיונותיה להשתלט על התקשורת בישראל","תודה, אדוני היושב-ראש, חברי חברי הכנסת, טוב לראות את כולכם, כשהגשנו את הצעת האי-אמון לפני שהכנסת יצאה לפגרה, לא ידענו שניתקל בכמה דברים שאני חושבת שאי-אפשר לעבור עליהם לסדר-היום. אני רוצה לשתף אתכם, חברי, בחוויה – חוויה זה לא המילה, אבל בחוויה איומה, בטראומה איומה – שעברנו, שלושה חברי כנסת מסיעת מרצ: חברי חבר הכנסת עיסאווי פריג', מיכל רוזין ואני, בערב יום הזיכרון. השתתפנו בערב יום הזיכרון שערכו פורום המשפחות השכולות הישראלי-פלסטיני ולוחמים לשלום. הגענו לאירוע בתל אביב, שהיו בו כ-4,000 ישראלים, כדי להשתתף בכאב המשותף ולחבק חברים שלנו שאיבדו את יקיריהם בקרבות בשנים האחרונות, שממשלת ישראל שלחה אותם להילחם, והם עשו את זה, כי הם היו פייטרים, והם נהרגו, והמשפחות שלהם חשבו שהגיע הזמן, שצריך להפסיק להקיז זה את דמו של זה, ורצו להשתתף בכאב המשותף. הגענו, שלושה חברי הכנסת, הגיעו משפחות שכולות, ואחרים, וברגע שהגענו עטו עלינו – עטו זה לא המילה – שעטו לעברנו – קבוצה של 200–300 מפגינים, שפכו עלינו מים, ירקו עלינו, זרקו עלינו מקלות, שכבר לא נדבר על הקללות, ולולא הייתה גדר, ולולא השוטרים הדפו אותם, זה יכול היה להיגמר אחרת. זה היה עם מבט של רצח בעיניים. אני לא רוצה לחזור על הקללות ועל השירים. שלושה חברי כנסת הותקפו. נכון, זה היה יום הזיכרון, אלה היו ימים קשים. לא שמעתי שום מילת גינוי במערכת הפוליטית, לא מפה ולא מפה. שלושה חברי כנסת הותקפו, אני אומרת את זה באחריות. לא ראיתי שעצרו מישהו, לא ראיתי שעיכבו מישהו. והאכזבה הכי גדולה, אני חייבת לומר, אדוני היושב-ראש – ואני שמחה שאתה יושב עכשיו בדיון – האכזבה הכי גדולה שלי הייתה אחרי הטראומה הזאת, כשהיינו בבית, ושמעתי אותך ביום החגיגי הזה אומר – ואני מצטטת: לא כל ימין הוא ימין פאשיסטי, ולא כל שמאל הוא שמאל בוגדני. ואני רוצה להתייחס למילים ""שמאל בוגדני"". מה זה אומר, הדבר הזה? קודם כול, בגידה זו עבירה פלילית. עצם הסימטריה בין לומר ימין פאשיסטי ולומר שמאל בוגדני נותנת לגיטימציה להתרת דם, חברי חברי הכנסת. לומר שיש כאן אנשים שהם בוגדים – חלקם, לא כל השמאל, אמרת; יש שמאל בוגדני. אני מנסה למצוא אותו, מי זה השמאל הבוגדני הזה, ובכלל, אם יש שמאל בוגדני, אז צריך לטפל בו. מה עשו לרבין כשהימין אמר עליו שהוא בוגד? היה מי שהבין את המסר, קרא בין השיטין, וכבר ראינו שמילים הורגות, וראינו שמילים הפכו לאצבע על ההדק. ומה הדבר הנורא? שהייתה על זה על זה ביקורת, אדוני היושב-ראש, ולא שמעתי אותך עד רגע זה מתנצל – –

– – שכינית את השמאל ""בוגדני"" – שיש שמאל בוגדני. אני מנסה לחפש את השמאל הבוגדני. זו התרת דם, אדוני. אני מנסה למצוא מי אלה הבוגדים, בשמאל. אני אומרת מראש: אני עומדת בראש מפלגה שמכנה את עצמה מפלגת שמאל, אז אני תוהה מי אלה הבוגדים, בשמאל, מי שתומך בפתרון שתי המדינות? מי שמאמין שמדיניות הסכסוך של נתניהו מביאה לזה שבסוף הסכסוך מנהל אותנו? מי שחושב שזו הזיה להמשיך לשלוט על עם אחר 50 שנה בלי שזה יתפוצץ לנו בפרצוף – אלה אנשי השמאל. מי שמאמין שהמשך הבנייה בהתנחלויות זה מטען חבלה בכל הסדר עתידי – אלה אנשי השמאל, וגם – כן – מי שחושב שחשוב להציב מראה בפני הציבור הישראלי על האמת שמעבר לחומות הבטון על מה שקורה בשטחים בשמנו ומטעמנו, כמו שעושים בצלם ושוברים שתיקה, אלה אנשי שמאל. ומי שחושב, חברי חברי הכנסת, שמדינת ישראל היא מדינתו של העם היהודי וגם של כל אזרחיה, ושחוק הלאום הזה אומר לדחוף לקדמת הבמה את ה""יהודית"" ולדחוף לאחור את ה""דמוקרטית"" – המשמעות של זה היא שזה אומר לאזרחי ישראל הערבים: תחפשו את החברים שלכם, אבל לא אצלנו, ו""דמוקרטית"" בא אחרי ""יהודית"", לא יחד. מה זה אומר להתנגד לחוק הלאום הזה? זה אומר להיות אנשים שיש להם תפיסת עולם שוחרת שלום ושוחרת שוויון. אלה אנשי שמאל. מי שחושב שבסוף יגידו במקום מדינת ישראל מדינתו של העם היהודי וכל אזרחיה – אנחנו הופכים להיות מדינתו של העם היהודי וכל גזעניה, ומי שחושב, חברי חברי הכנסת, שלא צריך להחיל את החוק הישראלי בשטחים כמו שמבקשים איילת שקד ויריב לוין, במטרה לטשטש את הקו הירוק, שזה סיפוח דה-פקטו או שזה כבר אפרטהייד קלאסי – זה שמאל. אלה הם אנשי השמאל שאני מכירה – אנשים שרוצים לסיים 50 שנות שליטה על עם אחר בשטחים, 50 שנות כיבוש; שרוצים להגיע לפתרון של שתי מדינות וחלוקת הריבונות בירושלים, ולא רוצים לשלם יותר את מחיר הדמים, את מחיר השכול והריקבון המוסרי שהכיבוש בשטחים גורם לנו, של המשך השליטה על עם אחר. אנחנו לא רוצים להיות במצב שאנחנו ממשיכים להקיז זה את דמו של זה וממשיכים לנפק היתרי בנייה והיתרי מעבר והיתרי סחר. זו המדינה הדמוקרטית שקיווינו לה, שהתפללנו לה, ולא התפללנו לוולאג'ה, ולא לשועפאט; התפללנו לירושלים, אבל אנחנו מבינים שצריכה להיות חלוקת ריבונות בירושלים. אלה הם אנשי השמאל שאני מכירה, חברי חברי הכנסת. אני לא מכירה שמאלנים אחרים, אדוני היושב-ראש. מי זה בדיוק השמאל הבוגדני שאתה מתכוון אליו, אני רוצה להבין. ואם לא התכוונת אלינו, אז תסביר, אז תתנצל, אז תפרש, כי אחרת אתה מכניס את כל האנשים האלה, שדיברתי עליהם עכשיו, לסד של קבוצה שיש היתר להתיר את דמה; וראינו שזה כבר קרה. ואני חוזרת ומדגישה: היה מי שפירש היתרים כאלה לפעולה מעשית. אבל אני חייבת לומר, חברי חברי הכנסת, שהביקורת שלי היא לא רק על הדברים של היושב-ראש; בעיקר בעיני גרועה השתיקה של החברים שלך. אתם בקואליציה, לא רק שלא מחיתם, אתם גם נתתם הסכמה שבשתיקה להתרת דם, כששומעים דברים כאלה. אני מבינה שראש הממשלה עסוק אולי בחקירות שלו, הוא לא אמר כלום, ושר החינוך בכלל סטודנט כרגע, אז גם הוא לא אומר כלום. אף אחד מחברי הכנסת של הקואליציה לא חשב שהסיפור הזה עבר את הגבול – לומר שיש שמאל בוגדני, להתיר את דמם של חברי כנסת מהשמאל או של ציבור שלם בשמאל? מה קרה בכלל? למה לגנות? מה עשו, קראו לשמאלנים ""בוגדנים""? אבל אני רוצה לומר שהביקורת שלי לא מופנית רק לצד הזה. הביקורת שלי מופנית גם לצד הזה. מה שמאכזב לא פחות, חברי חברי הכנסת, זה הרפיון הערכי המהדהד של מי שמתיימרים לקרוא לעצמם חלופה שלטונית, ובעצם מתנהגים בפועל כחדלי אישים. לא שמעתי, חוץ מחבר הכנסת אראל מרגלית, מישהו שגינה את ההתלהמות ואת הפגיעה בחברי הכנסת שהשתתפו, כולל דב חנין, בערב השכול הישראלי-פלסטיני. איפה האופוזיציה כשבאמת צריך לגנות? בואו נראה רגע את התמונה: מתנחלים שזורקים כל סוף שבוע אבנים על פלסטינים, על פעילי שמאל, על חיילי צה""ל – הם לא בוגדים. ניסינו להגיע למאחז הבלדים, לנו נתנו צו ""שטח צבאי סגור"", והמתנחלים המשיכו להיכנס פנימה וליידות אבנים על שוטרים, על חיילים, על אנשי . הם לא בוגדים, הרי הם עושים את זה מאהבת ישראל, ומפגיני ימין שמשליכים בקבוקי שתן על הורים שכולים בטקס יום הזיכרון וכמעט מבצעים לינץ', אני אומרת לכם, כמעט מבצעים לינץ' בחברי כנסת, הם לא בוגדים, הם הרי בסך הכול ערוגה שוטה, שלא לומר עשב שוטה. וגם המפגינים שקראו לחסל את הרמטכ""ל, בזמנו, כשהוא דיבר על אלאור אזריה והציב רף מוסרי אחר לצה""ל, הם הרי שיא הציונות, כמעט כמו הח""כים שבונים על אדמה פלסטינית ואז הם רצים לקדם חוק שמסדיר להם את השטח, אותו חוק הסדרה. חברי חברי הכנסת, אנחנו לא מדברים על שדים שנשלחו אלינו מהשאול, יש מי שמפעיל את השדים האלה, יש מי שמשתמש בהסתה כדי להפעיל את כל היצרים הקמאיים האלה, ואין צורך להזהיר איך זה יכול להסתיים, חברי חברי הכנסת, כי ראינו שהגבול נחצה. אין צורך להזכיר שוב, אני חוזרת ומדגישה, איך דברים כבר היו כאן, ואני אומרת את זה לכם, שלא תוכלו לומר: לא ידענו, ידינו נקיות. זה קורה כאן לנגד עינינו. אני רוצה לסיים, חברי חברי הכנסת, ולומר: אם היו לראש הממשלה ולחברי הכנסת – אם היו להם מינימום של אומץ ואחריות, הם היו קמים ומגנים את הקריאות לרצח, לתקיפה, לרדיפה ולהשתקה. ואני אומרת: זכותכם, חברי הכנסת, לתמוך בתפיסת עולם שונה משלנו, אבל אין לכם שום זכות לסתום את הפה. כשקוראים לשמאלנים ""בוגדנים"", וכשאומרים שיש ""שמאל בוגדני"", או כשמכים חברי כנסת – או כמעט זה נגמר אני לא יודעת במה – אני מציעה לכם והגיע הזמן שתגדלו עמוד שדרה ותשימו סוף להשתוללות הזאת. תודה רבה.

אין סימטריה בין לומר ימין פאשיסטי לשמאל בוגדני.

אתה יודע את זה. מי כמוך צריך לדעת שאין סימטריה בין ימין פאשיסטי לשמאל בוגדני. בגידה זו עבירה אחרת, יושבים בכלא עליה, אנשים נרצחו בגלל זה.

אדוני, אני לא זקוקה לתעודת היושר שלך ולהכשר שלך.

אדוני, אני לא זקוקה להכשר שלך – –

– – ואל תחלק ציונים. לא, אתה עושה מעשה שלא ייעשה. אל תחלק את האנשים בשמאל לטובים ורעים, ואל תיתן לי הכשר, עם כל ההערכה והכבוד – –

– – אני לא זקוקה להכשר הזה.

זה לא חופש ביטוי. זה מתן היתר להתרת דם, זה לא חופש ביטוי.

נתת לגיטימציה להתרת דם – – –",1,The speech strongly criticizes the legitimacy of the settlement policies and equates them with oppression and violence against Palestinians.
312455,2017-07-26,הצעת חוק-יסוד: ירושלים בירת ישראל (תיקון מס' 2) (הוראות לעניין שטח תחום ירושלים והרוב הדרוש לשינוין),"גברתי היושבת-ראש, חברי חברי הכנסת, אנחנו נמצאים בתחרות מי יצהיר יותר נאמנות לימין המשיחי, המתנחלי, כמעט, הייתי אומרת, ההזוי. חברי חברי הכנסת, הצעת החוק של חברת הכנסת שולי מועלם, אחרי שהיא לא הצליחה לעלות להר הבית ולהפוך את הסכסוך כאן מסכסוך לאומי לסכסוך דתי, הביאה לנו עכשיו הצעת חוק שמבקשת לסנדל כל סיכוי להסדר עתידי, ואנחנו יודעים שלא יהיה שום הסדר בלי פשרה בירושלים. וכשעמדנו במקומות שעמדנו, לא התפללנו לאל-וואלג'ה ולא התפללנו לשועפאט, ותצטרך להיות פשרה, גם אם אתם רוצים עכשיו לבנות בין ירושלים לצפון הגדה או למזרח הגדה, לבתר את הגדה המערבית, ליצור מצב שלא יהיה אפשר להגיע כאן להסדר. כל מה שאתם רוצים זה לסכל כל סיכוי להסדר. זה שאת אומרת את זה, אני לא מתפלאת, אני יודעת את העמדות שלך, אבל הממשלה תומכת בחוק הזה? חברי הקואליציה תומכים בחוק הזה? מה התחרות הזאת מי יצהיר יותר נאמנות לירושלים? לפני כמה שבועות התקיימה ועידת הארץ לשלום. הופיע בה שר החינוך בנט, שקודם ראינו אותו פה במופע השתלחות – אני לא יודעת אפילו איך להגדיר את זה, אני מודה שאני לא זוכרת פופוליזם כזה כבר הרבה זמן. ואמר בנט בוועידת השלום של הארץ – הוא אמר ככה, אני מצטטת: ירושלים היא מעל הרציונל. ואחר כך הוא הוסיף את המשפט – שאני לא מבינה איך עברנו עליו לסדר-היום – הוא אמר: מוטב ירושלים מאוחדת מהסדר מדיני. אתם מבינים את זה? בנט, מה הוא אמר? מוטב ירושלים מאוחדת מהסדר מדיני. אז מה הפלא שעומדת כאן שולי מועלם ומסבירה לנו באותות ובמופתים על הקשר הרגשי שלנו לירושלים, שהחלק המזרחי שלה – –

– – הוא עיר בזבל. לא מנקים שם, ולא בונים שם – עיר בזבל, ככה הפכו את ירושלים המזרחית. ומסביר לנו בנט שירושלים מאוחדת חשובה יותר מהסדר מדיני. אתם השתגעתם? אם ירושלים הייתה כל כך משגשגת תחת הממשלה שלכם, ולא הופכת למוקד של טרור, ולא הייתם מחליטים החלטות מעוותות – –

– – החלטות מעוותות, לגלגל את האחריות לפתחה של המשטרה, כי לא רוצים לקחת החלטות, כי ראש הממשלה נתניהו חש את בנט נושף בעורפו, ובמקום לקבל החלטות מדיניות הוא קיבל החלטות פוליטיות. חברי חברי הכנסת, לפני 68 שנים – מתאר עמוס עוז – אני רוצה לקרוא לכם את זה – מתאר עמוס עוז בספרו ""סיפור על אהבה וחושך"" – אחד הספרים הכי יפים שנכתבו כאן, במדינת ישראל – מתאר את ההתרגשות והחגיגות ברחובות ירושלים של אז, כשהקהילה הבין-לאומית הכירה במדינת ישראל, וזה היה הרבה לפני הכיבוש. והוא מספר, אני מצטטת: ""מיד ליד ומפה לפה עברו בקבוקי המיץ, הבירה והיין, וזרים התחבקו ברחובות ונישקו זה את זה בדמעות"". סוף ציטוט.

ו-68 שנים אחרי, אנחנו דנים בחוק ירושלים, בעיר מפולגת ומחולקת שנשפך בה דם מיותר, בעיר שבה כל ילד שלישי הוא עני, בעיר שיושבת על חבית של חומר נפץ, של חברת כנסת שרוצה ב-80 חברי כנסת למנוע כל סיכוי להסדר.

אני מסיימת במשפט אחרון, אדוני.

אני רוצה להציע עוד חוקים שנועדו לסנדל את העתיד: לא תוקם קואליציית שמאל אלא ברוב של 80 ח""כים; לא ייחקר רוב ממשלה אלא ברוב של 80 ח""כים; לא יפונה בנט ממשרד החינוך אלא ברוב של 80 ח""כים, ולא יוזכרו המגנומטרים אלא ברוב של 80 ח""כים. תודה, אדוני.",1,
