Id,Date,Topic,Text,Rank,Reasoning
123535,1999-07-19,הצעה לסדר-היום: פרסום בדבר ניסיונם של מיסיונרים להטביל 400 יהודים לנצרות,"אדוני היושב-ראש, אדוני השר, אני חושבת שהגיע הזמן להפסיק את החששות שמא כמה נפשות תועות, רחמנא ליצלן, יוטבלו לנצרות. כל בני-האדם במדינת ישראל, בין שהם יהודים ובין שהם לא-יהודים, הם אנשים ריבונים, אנשים חושבים, ובדרך כלל הייתי אומרת - גם בעלי חוסן נפשי. לכן, אדוני השר, אני מציעה להשאיר בידם את ההחלטה איזו דת נראית להם. כל הסגנון של משטור החיים האישיים, אין לו מקום במדינה מתוקנת, ולכן אני מציעה להסיר את ההצעה מעל סדר-היום.",10,
128955,1999-12-01,הצעות לסדר-היום: חוק השבות,"אדוני היושב-ראש, רבותי השרים, חברי חברי הכנסת, כשחוקק חוק השבות הוא נועד לקבוע את אופיה היהודי של מדינת ישראל כמדינת היהודים, כדי לאפשר ליהודים מכל העולם להגיע אליה. ואמר בצדק חבר הכנסת ריבלין, כי בעיקר אחרי מאורעות השואה מדינת ישראל היתה צריכה לשמש כארץ מקלט לכל מי שרצה להגיע אליה, לכל יהודי בכל מקום בעולם. אבל אני סבורה, כמו רבים מחברי שדיברו כאן היום, שהיום, 50 שנה אחרי כינון המדינה, מדינת ישראל יכולה להרשות לעצמה לבחון מחדש, בעיקר לאור המציאות המשתנה, את מדיניות ההגירה שלה. אני חוזרת על המשפט האחרון שלי: מדיניות ההגירה שלה. כשמישהו מציע לבחון מחדש את חוק השבות, זה כאילו שהוא מציע לשבור איזה טבו, כאילו שהוא מציע לשחוט איזו פרה קדושה, כאילו שמדובר כאן בקודש הקודשים.

אני רוצה לומר, שגם בעניין הזה אפשר לסדוק סדקים ואפשר להתחיל לדבר על חוק השבות.

חבר הכנסת אלון, אני יכולה לא להסכים אתך על הרבה דברים, אבל אני מייחסת לך אינטליגנציה זו או אחרת. תשמע את הנאום שלי ותבין. אם לא - תשאל.

אני רוצה להגיד, שלא כל כך הבנתי את התגובה הזועמת של ראש הממשלה, כשהיה מי שהציע בישיבת הממשלה לבחון את חוק השבות, והוא אמר: כל עוד אני ראש ממשלה זה לא ייבחן. אפשר להודות בגילוי לב שבחוק השבות יש גם אלמנטים גזעניים, כי הוא מבוסס על מוצא והשתייכות לקבוצה.

אתה תאפשר לי לדבר. אם לא תבין את מה שאמרתי תשאל.

אני חוזרת על הדברים. אמרתי שיש בו אלמנטים גזעניים והוא חוק שמפלה בין אלו שרוצים להגר לישראל וגם בין אזרחים יהודים לאזרחים לא יהודים של המדינה. קודם כול, בואו נציין זאת. עוד לא טענתי שצריך לבטל את זה, אבל בואו נציין שזה המצב. היו לזה סיבות, והצדיק זאת חבר הכנסת ריבלין. היו לזה סיבות.

אזרח ישראלי, אזרח ישראלי - - -

לכן, תתפלא לשמוע, חבר הכנסת אלון - - -

לכן, גם מי שחושב שמדינה רשאית - - -

אני לא יכולה לדבר באופן רצוף.

זה היה על חשבון זמנך ולא על חשבון זמני. לכן, גם מי שחושב שמדינה רשאית לקבוע את חוקי ההגירה שלה מתוקף ריבונותה, צריך להצדיק את האפליה שיוצר חוק השבות בין אזרחים. אם מישהו חושב שמדינה צריכה לקבוע את חוקי ההגירה שלה - אין לו ברירה אלא להצדיק.

יש לי עוד שני משפטים. אני טוענת שזו לא פרה קדושה, אפשר להתחיל לבחון את ההשלכות של חוקי ההגירה ואפשר להתחיל לדון בזה. אני מודה, ויכול להיות שזה לא לטעמי, שאני לא רואה שום אופציה שחוק השבות יבוטל. אני מכירה את יחסי הכוחות, וזה לא קשור, לצערי - - -

אני לא סיימתי את דברי, חבר הכנסת אלון.

אני חושבת שאולי צריך להתחיל לדון בחוקי הגירה כמו שהם קיימים במדינות מתוקנות מערביות. הרעיון בחוק השבות - ואמרתי זאת קודם - היה לשמש כארץ מקלט, כמו שאמר חבר הכנסת ריבלין, בעקבות מאורעות השואה. הרעיון הזה היה בעבר; כנראה הוא קיים עוד היום. אבל יכול להיות שכשמדובר בעליית יהודים לישראל - וישראל אינה סלקטיבית כשמדובר בעליית יהודים, ואולי ראוי שהיא תמשיך כך - צריך להתחיל לחשוב גם על יהודים נרדפים. לגבי מי שהוא לא יהודי נרדף אולי צריך להתחיל לחשוב על חוקי הגירה מתוקנים כמו בכל מדינה אחרת. תרשה לי, אדוני היושב-ראש. תראה, ש""ס אמרה בישיבת הממשלה - ואני יודעת שגם שר הפנים, או משרד הפנים, אבל בעיקר ש""ס - שצריך לדון בחוק השבות. אני חושבת שהתביעה לדון בחוק השבות היא תביעה לגיטימית, אלא שהסיבות שלכם היו סיבות לא לגיטימיות.

לא, תאפשר לי. אתה ראית איזו חגיגה היתה פה.

אני חושבת, שהחשש שלכם שקבוצות של יהודים שיעלו, שיתחברו לכאן לקבוצות מיעוט אחרות, והם יכולים לשנות את אופיה של מדינת ישראל, הוא חשש מאוד מאוד רציני. אבל זו לא יכולה להיות סיבה לדון מחדש בחוק השבות. לא זאת הסיבה. יש נורמות מתוקנות של הגירה, וזאת המגמה האמיתית. המגמה האמיתית שלכם היא למנוע נישואי תערובת. זאת המגמה שלכם. אני לא מבינה, למה מצפים? שמשלחות - - -

יש לי ממש עוד שני משפטים. מי שמציע עכשיו למנוע עליית יהודים שנישאו בנישואי תערובת - זה כמו חוקי הרייך השלישי. עד איזה דור נלך אחורה?

עכשיו אתם רוצים שמשפחות תיפרדנה? אתם רוצים שמי שנישא ללא יהודי לא יבוא לארץ?

חברי הכנסת, אפשר להתחיל לדון - - -

חבר הכנסת גפני, אני רוצה לומר לך, שאני לא עובדת אצלך ואני לא מייצגת לא אותך ולא את חבר הכנסת אלון. אני אומרת רק את מה שאני רוצה להשמיע. אני סומכת על האינטליגנציה שלך שתבין מה אמרתי.

זה מה שאמרתי? זה מה שהצגתי? אני סומכת על האינטליגציה שלך להבין את מה שאמרתי.",1,
129675,1999-12-14,יחסי הרשות המחוקקת והרשות השופטת,"גם היא היתה הצעה לא טובה מספיק.

זו החלטה שיש בה קלון. מה אתה מדבר?

- - - בין מה שהוחלט בפעם הקודמת לבין מה שעכשיו הציע האשם מחאמיד?

רגע, גם מלאכים זה לא מה שהיה פעם.

אדוני היושב-ראש, חברי חברי הכנסת - - -

אדוני היושב-ראש, הכנסת קיבלה בשבוע שעבר החלטה אומללה. זה בהחלט היה מחדל מבחינתנו, חברי במרצ, שלא היינו כאן כאשר הכנסת קיבלה את ההחלטה שקראה לבית-המשפט העליון להימנע מלהתערב בנושאים פוליטיים; החלטה שבעיני היא אות קלון למי שתמך בה, ואני מקווה שבית-המשפט יתעלם מהחלטה זו.

אני חייבת להודות, שבאופן אישי - ויסלח לי ידידי, יושב-ראש הכנסת - לא אהבתי את שתי ההחלטות. לא רק שאסור לכנסת להתערב בעצמאותו ובשיקול דעתו של בית-המשפט העליון - הכנסת חייבת לשמור על מעמדו וחוסנו של בית-המשפט, כי זהו חלק מנשמת אפה של הדמוקרטיה. אני לא שומעת את עצמי.

תודה לך. לכן, אדוני היושב-ראש, ההחלטה הקודמת לא הביאה כבוד לכנסת.

חבר הכנסת שטייניץ, עליונות הכנסת מוסכמת על הכול, הכנסת קובעת את כללי המשחק, הכנסת מחוקקת את חוקי-היסוד, ובית-המשפט העליון הוא הפרשן העליון של סמכות הרשויות. לבית-המשפט העליון מותר לבטל חוקי כנסת שסותרים את חוקי-היסוד. לפי שיטתך, גם שטות וגם טעות היא לטעון כפי שנטען כאן גם היום בדיון, שבית-המשפט הפעיל באופן אקטיביסטי את סמכויותיו לאכוף את זכויות האדם, חרף התנגדות חלק מהאוכלוסייה שיושבת כאן היום. אני רוצה להזכיר לכם, שבדרך כלל בית-המשפט החזיר עתירות של רפורמים, החזיר עתירות של ערבים ועתירות של חילונים בחזרה לזירה הפוליטית, כדי שתמצא להן פתרון. ממה נפשך? דיבר לפני חבר הכנסת הלפרט, אני חושבת, על היהדות האורתודוקסית המפנה את זעמה נגד בית-המשפט העליון. אני רוצה להזכיר לכם, שיש לכם בעיות עם שלוש זכויות מרכזיות: זכות ההומוסקסואלים לתנאי עבודה שווים, זכות גרושה לקבל בבית-הדין הרבני חלק שווה מרכוש בני הזוג והכרה בכשירות נשים וזרמים לא אורתודוקסיים של היהדות לשבת במועצות דתיות. ואני שואלת, אם לא בית-המשפט העליון יעמוד למען זכויות האדם, מי יעמוד? האם הכנסת תעמוד? האם אנחנו יכולים לסמוך על כך שהכנסת תעמוד? זכויות האדם, אדוני היושב-ראש, אינן ביטוי של הרוב הדמוקרטי, אלא סייג לכוחו של הרוב המספרי לקפח את היחיד או לקפח את המיעוט. לכן יש חשיבות רבה מאוד לשמור על בית-המשפט העליון כנוטר זכויות האדם. הטענות שהושמעו כאן קודם על-ידי חבר הכנסת גפני, שהנשיא ברק הוא דיקטטור, ובית-המשפט העליון מסרב להכניס את החוק העברי - - -

חבר הכנסת גפני קבל נגד זה שבית-המשפט העליון לא מכניס את החוק העברי לפסיקותיו ולהחלטותיו. אני רוצה לומר לך, שאנחנו משלמים על כך שבתי-הדין הרבניים הכניסו את החוק העברי. אם בוחנים בפרספקטיבה את דבריו של נשיא בית-המשפט העליון, אין לכם בעיה עם הפרקטיקה שלו, אולי יש לכם בעיה עם הרטוריקה שלו. אדוני היושב-ראש, אני מסיימת. אני לא שומעת את עצמי.

החשש של חלק מחברי הבית הזה הוא מאופיו הליברלי וההומני של בית-המשפט. החשש שמובע כאן, כי לא ניתן יהיה עוד להשלים ערכים הלכתיים בתחומי חיים רבים, דווקא בגלל החשש הזה חשובה תרומתו של בג""ץ לביצור הדמוקרטיה וליישום חקיקת הכנסת.",3,
154638,2001-05-09,סלילת כבישים נפרדים לנשים ולגברים במירון,"אדוני היושב-ראש, זו הזדמנות לברך אותך.

אדוני שר הדתות, בעקבות החלטתך על סלילת כבישים נפרדים לנשים ולגברים במירון, ברצוני לשאול: 1. מה היא עלות סלילת הכביש במירון? 2. האם סלילת כבישים מפרידים לנשים ולגברים תמומן מתקציב המדינה? 3. האם מתוכננת סלילת כבישים נוספים בקברי צדיקים? 4. לאור דברי הרב עובדיה יוסף בנושא, האם אתה סבור שסלילת הכבישים הנפרדים תפתור את בעיית הגירושין במדינה?

אדוני היושב-ראש, אני שמעתי בתשובה הרשמית שניתנה על-ידי משרד הדתות לעיתונות, שהסיבה לסלילת הכבישים הנפרדים, או המפרידים, נבעה מכך שהרב עובדיה אמר שהוא מכיר מקרה של זוג שעלה לפני שנה לקבר והתגרש כתוצאה מזה. אדוני היושב-ראש, אני שואלת, האם לא כדאי, שהשר, שבהזדמנות זו אני מברכת אותו עם כניסתו לתפקיד, האם לא כדאי שהשר שמופקד על המשרד שבראשותו, יעסוק בפתרון בעיות שנובעות כתוצאה מהחוק בענייני נישואין וגירושין? האם לא צריך לפתור את בעייתן של העגונות ושל כל אותם אנשים שלא יכולים להינשא נישואים אזרחיים או בכל דרך אחרת? האם לא זאת המטרה של משרד הדתות?

חבר הכנסת מלול, מה זה שייך לגירושין?",3,
156608,2001-06-12,נאומים בני דקה,"גברתי היושבת-ראש, אני מודה שנדהמתי כשנכנסתי לאולם ושמעתי את חבר הכנסת ביבי מהמפד""ל יוצא בשצף קצף נגד הכינוס שהתקיים כאן היום תחת הכותרת ""אהבה שווה, אירועי שבוע הגאווה במדינת ישראל, גאווה 2001"". בשצף קצף הוא התקומם איך לכנסת ישראל הביאו, רחמנא ליצלן, הומואים ולסביות, איך יכול להיות כדבר הזה. אני שואלת, גברתי, איך יכול להיות כדבר הזה, שנבחרי ציבור בכנסת ישראל, הקידמה עוד לא הגיעה אליהם. הם עוד תקועים שם מעבר להרי החושך, תרתי משמע, אם אני יכולה לומר. בורות, שנאה, גזענות, דעות קדומות, סטריאוטופים עדיין נמצאים במוחם הקודח של חברי כנסת שלא מבינים שזה שלא נדבר על זה, זה לא לא יהיה. התופעה קיימת. מדובר באנשים חיים כמונו, אנשים שאוהבים. גברים שאוהבים גברים, נשים שאוהבות נשים, והכול בסדר, וזה לכבודה של הכנסת שאירוע כזה מתקיים כאן.",10,
156744,2001-06-12,"דברי הכנסת: הישיבה המאתיים-ותשע של הכנסת החמש-עשרה: יום שלישי, כ""א בסיוון התשס""א (12 ביוני 2001): ירושלים, הכנסת, שעה 16:02: נאומים בני דקה","גברתי היושבת-ראש, אני מודה שנדהמתי כשנכנסתי לאולם ושמעתי את חבר הכנסת ביבי מהמפד""ל יוצא בשצף קצף נגד הכינוס שהתקיים כאן היום תחת הכותרת ""אהבה שווה, אירועי שבוע הגאווה במדינת ישראל, גאווה 2001"". בשצף קצף הוא התקומם איך לכנסת ישראל הביאו, רחמנא ליצלן, הומואים ולסביות, איך יכול להיות כדבר הזה. אני שואלת, גברתי, איך יכול להיות כדבר הזה, שנבחרי ציבור בכנסת ישראל, הקידמה עוד לא הגיעה אליהם. הם עוד תקועים שם מעבר להרי החושך, תרתי משמע, אם אני יכולה לומר. בורות, שנאה, גזענות, דעות קדומות, סטריאוטופים עדיין נמצאים במוחם הקודח של חברי כנסת שלא מבינים שזה שלא נדבר על זה, זה לא לא יהיה. התופעה קיימת. מדובר באנשים חיים כמונו, אנשים שאוהבים. גברים שאוהבים גברים, נשים שאוהבות נשים, והכול בסדר, וזה לכבודה של הכנסת שאירוע כזה מתקיים כאן.",10,
160215,2001-07-23,"הצעת חוק שירות הקבע בצבא-הגנה לישראל (גמלאות) (תיקון מס' 14): (מענק לבן זוג שנישא), התשס""א–2001: (קריאה ראשונה)","אדוני היושב-ראש, חברי חברי הכנסת, אני עליתי בעיקר כדי לברך את חבר הכנסת כהן על הצעת החוק הנכונה הזאת. חבר הכנסת כהן עקבי במאבקו להשוואת התנאים ולהשוואת הזכויות של אלמנות. אני חושבת שההצעה הזאת באה לתת מענה נכון לאותן נשים שהגורל התאכזר אליהן, וההצעה של חבר הכנסת כהן באה לומר, שהגורל לא יתאכזר אליהן פעמיים. אנחנו יודעים על נשים רבות שחששו להינשא, שמצאו בן זוג שהיו רוצות לחלוק עמו את חייהן, והן חוששות להינשא כי הן עלולות לאבד את קצבת השאירים. זו הצעה נכונה, זו הצעה צודקת. חבר הכנסת כהן, אני חושבת שצריך לתמוך בך, ואתה עושה עבודה נהדרת בעניין הזה. תודה רבה.",5,
174340,2002-05-22,"הצעת חוק זכויות החולה (תיקון – איסור אפליה מחמת נטייה מינית), התשס""ב–2001: (הצעת חברת הכנסת ז' גלאון)","אדוני היושב-ראש, סעיף 4 לחוק זכויות החולה קובע, כי מטפל או מוסד רפואי לא יפלו בין מטופל למטופל מטעמי דת, גזע, מין, לאום, ארץ ומוצא. אני סבורה, שראוי ונכון לכלול בחוק איסור גם מטעמי נטייה מינית. אני שמחה שהממשלה תומכת בחוק. אני קוראת לכנסת לתמוך בחוק. תודה.",8,
176058,2002-06-12,הצעות לסדר-היום רישום נישואין להומואים ולסביות בעיריית תל-אביב,"למה בושה, חבר הכנסת ביבי?

מה פתאום בושה, הבושה היא שחבר כנסת בכנסת ישראל חושב שזאת בושה.

לאן הגענו, שעומד פה חבר כנסת וקורא לזה בושה וגועל נפש?

תפתח את העיניים, חבר הכנסת ביבי.

אתה תדאג ללשכה שלך, אני לא מתערבת לך בלשכה.

אני רוצה לשאול שאלה רצינית את חבר הכנסת יגאל ביבי: האם אתה יכול להתעלם מכך שיש זוגות הומואים ולסביות בקהילה הדתית והחרדית? אתה אומר שהם צריכים לקיים את אהבתם במחשכים, האם זה ימנע את התופעה? מדובר באנשים חיים.

הרי לא תמגר בצורה הזאת את התופעה. יש אנשים שיש להם רגשות, שהם אוהבים, שהם חיים ביחד ורוצים לגור ביחד, אז תעניש אותם?

זה לא אותו דבר, מה אתה משווה?

אתה תדבר ואחר כך אני אגיב על דברי כולכם.

לא, אדוני היושב-ראש. הצעה רגילה זה עשר דקות. אני מבקשת למצות את עשר הדקות, כי אני צריכה לטפל בכולם.

נו, באמת. אדוני היושב-ראש, יש גבול.

אדוני היושב-ראש, יש גבול - - -

אדוני היושב-ראש, אתה לא יכול להרשות לו לדבר כך.

- - - הוא מומחה למדיצינה. הוא מומחה למדיצינה? הוא יכול לומר מי חולה ומי לא?

אדוני היושב-ראש, חברי חברי הכנסת, חברי הכנסת ביבי, הנדל, זאב, אני רוצה שתקשיבו טוב טוב למה שיש לי להגיד לכם. אני נדהמת כל פעם מחדש, אדוני היושב-ראש, איך יוזמה של חברת מועצת עיריית תל-אביב, מיכל עדן, יוזמה ברוכה, נכונה, חשובה, לקיים מרשם נישואין אלטרנטיבי לזוגות הומו-לסבים, יוזמה שהיא ראשונית, חשובה, ברוכה, נכונה, שצריכה לזכות להכרה של הממסד, שצריכה לשמש דוגמה לשאר העיריות בארץ, זוכה כאן לחרפות, לגידופים, להבעת בורות וגישה של שנות האבן. שנות האבן, רבותי, זה מה שאתם מייצגים. תגידו, חברי הכנסת, אם לא תדברו על התופעה הזאת, היא לא תהיה? היא לא קיימת? מה זו התופעה הזאת?

שמעתי אותך. מי שצריך להוקיע אותם זה חברי כנסת כמוך שהופכים את הדת קרדום לחפור בו ומגייסים את הדת ואת הממסד הרבני האורתודוקסי לדברים הכי הכי בזויים.

אדוני היושב-ראש, אפשר לעמוד כאן מעל הדוכן ולהגיד שבע פעמים ""סטייה"" ושבע פעמים ""חולני"". זה לא יהפוך את זה ללא קיים. רבותי חברי הכנסת, בכלל אני לא מבינה, חבר הכנסת זאב, מה בהכשרה הרפואית שלך נותן לך את הזכות לעמוד כאן על הבמה ולחלק אנשים למי חולה ומי בריא? מי שם אותך בכלל לחלק ציונים למי חולה ומי בריא? מי שם אותך להגיד שהדבר הזה גורם לאיידס, ואיידס זו מחלה שהומואים מפיצים?

זה ידוע? אין לכם מושג על מה אתם מדברים.

רבותי, תתחילו לפתוח את העיניים.

אין לך מושג על מה אתה מדבר. כל מה שאתה יודע זה להביא פסוקים ולהשתמש בהם שימוש קלוקל.

אדוני היושב-ראש, מה שהיה כאן מעל הדוכן זה הפגנת בורות, חשכה, סטריאוטיפים ודעות קדומות. מאפשרים לחברי כנסת שמתיימרים לייצג את הדת, את המוסר ואת התורה - לא מבינים על מה הם מדברים. רבותי, מדובר באנשים, גברים ונשים, שבחרו לחיות על-פי הבנתם, והם אנשים אוהבים. אני רוצה להזכיר לבית הזה, שהאנשים האלה אוהבים. אז יש מי שאוהב גברים, ויש מי שאוהב נשים, וזה בסדר.

אז לך. היית צריך לעשות זאת מזמן.

אדוני היושב-ראש, לא סיימתי. אדוני היושב-ראש, ההומואים והלסביות הם חלק אינטגרלי של החברה הישראלית. הם חיים כאן. הם מקיימים חיי משפחה. הם מקיימים משק-בית משותף. הם משלמים מסים. הם משרתים בצבא. הם לוקחים חלק בחובות. חבר הכנסת ביבי, הם שירתו יחד אתך, יחד עם הבנים שלך, ומגיעות להם גם זכויות. הזכות האלמנטרית היא הזכות להינשא. אבל, מה לעשות שאנחנו חיים בחברה שמתיימרת להיות חברה מתוקנת ודמוקרטית, ואנחנו עדיין נתונים למרותו של הממסד הדתי הרבני, הרבני-האורתודוקסי?

חבר הכנסת הנדל, הממסד האורתודוקסי לא מאפשר - - -

תקשיב לי. שמעתי את מה שהיה לך להגיד והתחלחלתי. עכשיו תקשיב לי.

אדוני היושב-ראש, רק במדינת ישראל לאנשים אין הזכות לבחור באיזה אופן להינשא. יש מי שרוצה להשתמש בשירותיו של הממסד הדתי-הרבני - בבקשה. אני חושבת שצריך לאפשר כאן מסלולים אלטרנטיביים.

שמעתי אותך. שב רגע. תעשה לך רוח, ותקשיב.

אדוני היושב-ראש, כיון שאין מסלול נישואים אלטרנטיבי, נוצרה כאן יוזמה חשובה, אני חוזרת ואומרת, של מיכל עדן. זו יוזמה שאומרת: בואו וניתן לאנשים האלה גם זכויות. בואו ונעניק להם מעמד שווה. בואו ונרשום אותם. בואו ונעשה מיפוי. רבותי, אנחנו מדברים על יותר מ=%10 מהאוכלוסייה.

כן. אתם יכולים לטמון את הראש בחול. זו התנהגות של בת-יענה, שמי שטומן את הראש בחול חושב שאין אנשים שחיים ביחד.

חבר הכנסת הנדל, אני רוצה לספר לך, שזה שאתה טומן את הראש בחול ואומר: אין, אין, אתה לא יכול להתעלם מכך שיש אנשים שלא רוצים שיכתיבו להם איך לחיות ולא רוצים שייכנסו להם לחדר המיטות, אבל רוצים להיות מוכרים. הם ממלאים את כל החובות למדינה, והם מבקשים זכויות. הזכויות הן לא על-פי הממסד הדתי האורתודוקסי. אני רוצה להזכיר לך משהו, ואני בטוחה שתסכים אתי.

אבל הוא הלך, אז זה לא נורא.

אדוני היושב-ראש, אני רוצה להגיד משהו שנאמר כאן. על-פי החוק במדינת ישראל, לידועים בציבור יש מעמד ויש זכויות. אבל, רוב ההומואים והלסביות לא נכנסים תחת המושג המשפטי הזה. זוגות הטרוסקסואליים יכולים היום, למשל, לנסוע לקפריסין ולהינשא, אבל זוגות הומואים ולסביות שנישאים בנישואים אזרחיים, שתקפים במדינות אחרות, כאשר הם באים לארץ הם חותמים הסכמים.

עוד שני משפטים. הם חותמים על הסכם לחיים במעמד עורכי-דין. הם מקימים תא משפחתי ויש להם ילדים, והם לא זוכים להכרה. תגידו: זה נורמלי?

זה נורמלי שהם לא זוכים להכרה? אז על מה קמה הצעקה? שיש כאן יוזמה לרישום בעיריית תל-אביב - רישום שאין בו דרישה לתוקף משפטי ואין בו דרישה להכרה של הרבנות?

יש פה רצון להכרה אמיתית, לרישום שיצביע על מספר הזוגות ההומו-לסבים החיים בארץ ובעיקר בתל-אביב, כדי שבבוא הזמן הם יוכלו, ובצדק, לבוא ולתבוע זכויות. אז ממה אתם מפחדים? חבר הכנסת הנדל, ממה נפשך? חבר הכנסת ביבי, מה קורה? מה הפחד?

בזה אני מסיימת. אתה יודע מה היא הבושה?

הבושה היא, שיש בכנסת ישראל חברי כנסת חשוכים כמוך, שמקבלים אפשרות מעל הדוכן להשמיץ, להסית ולפגוע באזרחים - -

- - שמקיימים חובות ולא מקבלים זכויות.

אני מציעה להעביר את זה לוועדה למעמד האשה.

הוועדה לקידום מעמד האשה.",10,
181960,2002-11-05,"הצעת חוק העונשין (תיקון – סחר בבני-אדם למטרות ניצול, כפייה או עבדות), התשס""ב–2002: (הצעת קבוצת חברי הכנסת)","גברתי היושבת-ראש, אני מבקשת מהבית לאשר את הצעת התיקון לחוק העונשין. אומר את זה במשפט אחד: החוק בא למנוע מצב שיהיה סחר בבני-אדם למטרות ניצול, כפייה או עבדות, שימוש בנישואין לצורכי ניצול נשים. החוק זוכה לתמיכת הממשלה, ואני אשמח אם הבית יאשר אותו. תודה.",1,
184865,2003-05-14,"הצעת חוק שיפוט בתי-דין רבניים (נישואין וגירושין) (תיקון - שיפוט אגב גירושין), התשס""ג-2003: [נספחות.] (הצעת חברת הכנסת זהבה גלאון)","אדוני היושב-ראש, הייתי מאוד שמחה אם שר המשפטים היה נוכח באולם ושומע זאת, כי הוא צריך להתייחס.

אדוני היושב-ראש, הצעת החוק שלי באה לעשות תיקון בחוק שיפוט בתי-דין רבניים. כידוע, החוק במדינת ישראל קובע שניתן להינשא ולהתגרש רק על-פי דין תורה, על-פי מה שנקרא חוק בתי-דין רבניים. אדוני היושב-ראש, אני לא שומעת את עצמי.

אדוני היושב-ראש, כאמור, החוק במדינת ישראל קובע, שמשהוגשה תביעת גירושין, קונה בית-הדין הרבני סמכות ייחודית לדון בכל עניין שקשור לגירושין: חזקת ילדים, חלוקת רכוש, מזונות וכו'. למצב המשפטי הזה יש השלכות בלתי מתקבלות על הדעת. אנחנו מכירים סיפורים של מאות ואלפי נשים במדינת ישראל שמוצאות את עצמן מול הבעלים שלהן שמקבלים עצה מעורכי-הדין, וזה נקרא ""מירוץ הסמכויות"". עורכי-הדין שלהם אומרים להם:  רוצו לבתי-הדין הרבניים, תירשמו ראשונים, אתם יודעים שבתי-הדין הרבניים פוסקים לטובת הבעל. וכך מוצאות את עצמן הנשים במדינת ישראל נאלצות להתמודד עם אפליה בבית-הדין הרבני, מכיוון שכנסת ישראל - - - חברת הכנסת איציק, אני לא שומעת את עצמי. אני מודה, זה לא קרה לי.

אדוני היושב-ראש, האפליה הזאת של נשים בבית-הדין הרבני נובעת מכך שכנסת ישראל הפנימה את החוק העברי מלפני 2,000 שנה, חוק שעומד בניגוד גמור לעקרונות היסוד של המדינה. אבל יותר מכול  האפליה הזאת על-ידי הרבנים נובעת גם מהתפיסות החברתיות של אלה שיושבים בדין, אלה שפוסקים לטובת הבעל בכל מה שקשור בחלוקת רכוש. הצעת החוק שלי מתייחסת רק לסוגיות כלכליות בכל נושא הגירושין. אז זה נכון שבתקופה שבה נוצר החוק העברי אף אחד לא שמע על רעיונות כמו חופש דת וחופש מצפון ושוויון בין נשים לגברים, ולפני 2,000 שנה עליונות הגבר על האשה היתה מובנת מאליה.  אבל היום במדינת ישראל, אדוני היושב-ראש? אני מאוד מצטערת ששר המשפטים של שינוי איננו פה. במדינת ישראל של שנות האלפיים, דמוקרטיה שמחויבת לעקרונות החופש והשוויון וזכויות האזרח, האם זה מקרי, אדוני היושב-ראש, ששר המשפטים, יושב-ראש תנועת שינוי - ואני לא רואה כאן אף אחד מחברי הכנסת של שינוי - -

- - ואני אומרת לך, אף אחד, וזה לא מקרי. אה, חן רשף. וזה לא מקרי, ואתה יודע למה, אדוני היושב-ראש? כי שינוי הבטיחה לבוחרים שלה לגרום לכך שיהיו כאן נישואים אזרחיים. אני לא באה להציע נישואים אזרחיים, אני באה להציע תיקון לחוק נישואין וגירושין - תיקון שמדבר על חוק שמבוסס על כפייה דתית, על אפליה גזעית, על שוביניזם גברי, על התערבות גסה ובלתי צודקת של המדינה בחיי הפרט, בחופש המצפון. אז שר המשפטים של מדינת ישראל, שהבטיח נישואים אזרחיים, היום מתנגד לתיקון הזה? היום מתנגד לתיקון הזה? אדוני היושב-ראש, מדינת ישראל חתמה על אמנות בין-לאומיות שקוראות לביטול אפליה נגד נשים. במגילת העצמאות מופיעה התחייבות לשוויון בפני החוק. אני שואלת את שר המשפטים - האם לא הגיע הזמן לשנות את הסתירה הזאת, הבלתי-ניתנת ליישוב, בין אותן תפיסות חברתיות שבהן צמח החוק העברי הקדום לבין התפיסות שעליהן מושתתת מדינת ישראל? הצעת החוק שלי, חברי חברי הכנסת, מבקשת להפקיע מידי בתי-הדין הרבניים את כל הטיפול בסוגיות הכלכליות הכרוכות במשפטים בין בני זוג. אני רוצה להביא לידיעת הבית - רק לאחרונה פסק השופט גרניט, בפסק-דין מהפכני לדעתי, שאשה רשאית להחליט באיזה בית-משפט תידון תביעתה למזונות. ההחלטה הזאת של השופט גרניט צריכה להוות הלכה לכנסת, היתה צריכה להוות הלכה לשר המשפטים. אני מבינה שבקונסטלציה הפוליטית הנוכחית אי-אפשר לשנות את חוק נישואין וגירושין, אבל אי-אפשר לעשות צעד קטן אחד לטובת הנשים? סיעת שינוי - לאן היא בורחת, לאן ברח שר המשפטים? אני רוצה לשמוע איך ממשלת ישראל פועלת - מתנקשת באותן נשים שתלויות במזונות האלה, שתלויות בחלוקת הרכוש, שתלויות לשבט ולחסד בשרירות לבם של אותם רבנים, שאני אומרת, שתפיסת העולם שלהם נובעת מהחוק העברי הקדום, חוק שחוקק לפני 2,000 שנה. אז שר המשפטים יכול לעלות כאן על הבמה ולהתנגד לפעולה, קטנה, שהיא צעד ראשון קטן לביטול המונופול של הרבנות? צעד ראשון קטן לטובת הנשים. אני אשמח לשמוע הסברים. תודה.

מעניין למה שר המשפטים לא משיב.

הביקורת שלי עליו תקפה, שרירה וקיימת.",10,
186402,2003-06-17,"הצעת חוק האזרחות והכניסה לישראל (הוראת שעה), התשס""ג-‏2003 (קריאה ראשונה)","אדוני היושב-ראש, אני מודה שנדהמתי ששר הפנים אברהם פורז, משינוי, מגיש לכנסת חוק שהוא גזעני במוצהר, גזעני במהותו, חוק שמפלה על בסיס אתני, חוק שמבחין בין אדם לאדם. איזה מין דבר זה שאם מחר מישהו מטייבה יינשא לאשה מנורבגיה, הוא יביא אותה לארץ והיא תקבל אזרחות, אבל אם הוא יינשא, רחמנא ליצלן, לאשה מרבת-עמון וגם היא תבוא לארץ, היא לא תוכל לקבל אזרחות? איך בכלל עולה בדעתכם להגיש הצעות חוק מעוּותות כאלה? רק היום, רק בנסיבות כאלה מטורפות של ממשלה, שהייתי אומרת שמפקירה את אזרחיה - רק ממשלה כזאת, שמפקירה את אזרחיה, יכולה להביא למליאה, לכנסת, חוק שהוא חוק גזעני.

חבר הכנסת טיבי, ידעתי שזה מה שיחזיר אותך למליאה.

אדוני היושב-ראש, מעשה הנישואים בא מאהבה, ומאהבה אנשים רוצים להביא את בני או בנות זוגם, והיא יכולה להתגורר ברמאללה והוא יכול להתגורר בשכם. חבר הכנסת טיבי, אני לא יכולה בלי הקשב שלך ושל השר, כמובן. האם ייתכן שאזרחים במדינה לא יוכלו לעשות את מעשה הנישואים, שנובע מאהבה, אלא יצטרכו לחשוב: אומנם אני אוהב את ההיא מרמאללה, אבל אולי עדיף שאנשא לזאת מאום-אל-פחם, כי היא תוכל להיות אזרחית? איזה מין דבר זה? אדוני השר, איפה נשמע כדבר הזה?

אתם, מפלגת שינוי, שדיברה על חשיבות הנישואים האזרחיים מתוך תפיסת עולם שכל איש ואשה רשאים להינשא באופן שהם בוחרים לעצמם, באופן שהם יבחרו את בני זוגם, בנות זוגם - אני לא מדברת על נישואים אזרחיים. אני מדברת על מעשה הנישואים. רק יהודים יכולים להינשא לבחירי לבם או לבחירות לבם ולהביא אותם לארץ והם יזכו לאזרחות? כשמדובר בערבים - איזה שדר אנחנו משדרים? הכול בשם מה? בשם הביטחון. נכון שמדינת ישראל צריכה להגן על שלומה וביטחונה, אבל כמה אפשר לשאת את שם הביטחון לשווא? כמה אפשר לפגוע באזרחי המדינה ולומר להם: אתה אוהב את זאת מרמאללה, אבל אתה תינשא לזאת מאום-אל-פחם? אני חושבת שזה ממש לא לכבודה של הכנסת. כשאלי ישי היה מביא הצעות כאלה, מה ציפינו ממנו? אבל השר פורז משינוי מביא את זה לכנסת ישראל? אדוני השר פורז, לאן נוליך את הבושה?",10,
188715,2003-07-31,"הצעת חוק האזרחות והכניסה לישראל (הוראת שעה), התשס""ג-2003 (קריאה שנייה וקריאה שלישית)","אדוני היושב-ראש, אין מדינה בעולם שמכניסה לספר החוקים שלה  - - -

תוסיף לי ולרן כהן את הזמן של ג'ומס ושל אבו וילן.

למה אין שר במליאה, אדוני היושב-ראש?

אבל למה אדוני לא מקפיד שיהיה פה שר קבוע?

אנחנו רוצים שהשר יקשיב למה שיש לנו להגיד לו.

אם מחר ייכנס מפגע דרך החומה - - -

אדוני היושב-ראש, אדוני השר, חברי חברי הכנסת, אדוני יושב-ראש הוועדה, אני מצטערת שעם סיום המושב בוחרת כנסת ישראל להכתים את ספר החוקים שלה באחד החוקים שמהווים חרפה לכנסת ישראל. חרפה לכנסת ישראל. מה הזדרזה ממשלת ישראל בחקיקה מזורזת, בהפיכת סדרי עולם? מה היה החיפזון להביא חוק שלא יעמוד, בעיני, במבחן בג""ץ? חוק שהוא בלתי חוקתי בעליל, חוק שמפלה בין דם לדם, חוק שחוקק על בסיס אתני, חוק שפוגע בזכויות יסוד בסיסיות של ערך המשפחה, של הזכות לשוויון, של הזכות להתאהב. רבותי, אתם פוגעים בזכות להתאהב. אדוני היושב-ראש, שאלת קודם את חבר הכנסת רן כהן שאלה, ואני רוצה שתשמע אותי. אמרת: זה חל בכלל לגבי אנשים שנישאים להם? אדוני היושב-ראש, אני רוצה לתאר לך סיטואציה – שני אחים מנצרת, אח אחד מתאהב באשה שנולדה ברומא, הוא נישא לה ומביא אותה לארץ. אשתו זו מקבלת אזרחות וילדיו אזרחים ישראלים. אדוני היושב-ראש, אני עומדת על זה שתתרכז בדוגמה שאני נותנת לך.

אני רוצה, אדוני היושב-ראש, שתראה את גודל האבסורד, את גודל העוול; תסלח לי, אדוני היושב-ראש, על הביטוי הלא-פרלמנטרי - את גודל הטמטום. אני חוזרת על הדוגמה: שני אחים מאותו בית ומאותה משפחה נישאים לשתי נשים שונות. אח אחד נישא לאשה מרומא, שמקבלת אזרחות, ואח אחר נישא לאשה משכם, שאינה מקבלת אזרחות, וילדיו אינם אזרחים.

מאה אחוז, יצא המרצע מן השק.

יצא המרצע מן השק, חבר הכנסת חזן. אל תגידו שמדובר בבעיה ביטחונית, תגידו שמדובר בבעיה דמוגרפית.

בשם הביטחון כנסת ישראל מכשירה כל שרץ. אני חוזרת ואומרת, שצורכי ביטחון מכשירים כל עוול. אנחנו נותנים עכשיו לגיטימציה למיסוד העוול כלפי אלפי ילדים, נשים, משפחות. אני חושבת שצריך לעשות הכול כדי להגן על ביטחונה של מדינת ישראל, אבל בחוק הקיים היום יש אפשרות לשר הפנים לבחון כל מקרה ומקרה לגופו, והדברים נעשים בקפידה. ומה אנחנו באים ואומרים? אנחנו עושים החשדה קולקטיבית. אנחנו הופכים את כל האנשים שנישאים להם, אם גברים ואם נשים, למפגעים בפוטנציה. שאל אדוני קודם את חבר הכנסת זחאלקה: אתה בעד המתאבדים? הלוא עולה על הדעת שיש מישהו בעד המתאבדים? אתה בעד הגדר?

אני מדברת על כנסת ישראל עכשיו - -

- - על אותה כנסת שצריכה להרים את ידה ולהכשיר את השרץ. אדוני היושב-ראש, אתה נגד הגדר. אבל אומרים לנו ומסבירים לנו שהגדר חשובה, ומשקיעים בה מיליארדים, כי היא תמנע מפגעים וצריך לעשות כל מאמץ למנוע מפגעים. אבל אם ייכנס המפגע הבודד דרך הגדר, ובאותה מידה, אם יעשו איחוד משפחות וייכנס אותו מפגע בגלל איחוד משפחות, אז בגלל זה אנחנו אומרים עכשיו שהכול לא לגיטימי ואנחנו אומרים לאלפי אנשים, אתם לא יכולים להינשא, אתם לא יכולים להפוך לאזרחים. יש אלפי משפחות שעניינן תלוי ועומד בבג""ץ, כי המדינה לא נותנת להם אפשרות להתאחד. עכשיו יבוא חוק כזה, יחול עליהם רטרואקטיבית; חוק כזה יקרע משפחות, חוק כזה לא יאפשר לאנשים את הזכות הבסיסית לקיים משפחה, לחנך ילדים. איזו מדינה אנחנו רוצים להיות? אדוני היושב-ראש, אני חייבת לומר לך איך כל פעם מחדש בשם ההיסטריה שנוצרת כתוצאה מתקופה קשה - והיתה תקופה קשה של פיגועים קשים, אבל בשם ההיסטריה הזאת אנחנו מרשים לעצמנו לתת יד לחקיקה שהיא עוול. אני חוזרת ואומרת שהיא מיסוד העוול. חקיקה שבסופו של דבר הרי לא תשנה את המצב שקיים היום. המצב הקיים היום ממילא מאפשר לשר לבחון, ממילא מאפשר לשר לראות אחד אחד, אחד אחד. הרי מוציאים את הנשמה לאותם אנשים שנישאים. הרי אנחנו יודעים על טרגדיות איומות של משפחות אומללות בגלל הסיטואציה הזאת. אז באה עכשיו הכנסת ונותנת יד לחוק - כל פעם כשנדמה לי שהנה הגענו לתחתית המדרון המוסרי ולא ניתן להתנוול יותר, לא ניתן, כבר עשינו הכול, כל פעם מתברר, אדוני היושב-ראש, שאין גבול לעומקה של תהום זו ואין גבול, וכנראה אפשר להידרדר. זו תהיה חרפה לכנסת, שאתה עומד בראשה, אדוני היושב-ראש, שהיא מכתימה את ספר החוקים שלה בחוק גזעני, חוק בלתי חוקי. אני מודיעה כאן, מעל דוכן הכנסת, שסיעת מרצ תפנה לבג""ץ אם החוק הזה יתקבל. אתם מעמידים אותנו במצב שאנחנו צריכים לקבל ולבקש סעד מבית-המשפט העליון, כי הכנסת הזאת נותנת יד לחקיקת חוקים גזעניים, בלתי חוקיים, שפוגעים בזכויות אדם. תודה רבה.

זו שעת שאלות לחבר הכנסת טיבי?

מי אומר שאני שייכת לקבוצה שלו, אני מהקבוצה שלך.

יש לנו מכסה, אדוני היושב-ראש. אדוני היושב-ראש, סיעת מרצ מבקשת לראות בהצבעה זו בקריאה השלישית, על-פי סעיף 36(ב), הצבעת אי-אמון בממשלה.

אדוני היושב-ראש, הגשתי בקשה להצבעה אישית.",1,
190815,2003-11-26,הודעה אישית של חברת הכנסת זהבה גלאון,"אדוני היושב-ראש, אני רוצה לשאול את שר המשפטים - מי ברח. אני רוצה להזכיר לשר המשפטים, שהגשתי הצעת חוק שקובעת, שבמקרה של גירושין, כל הנושא של חלוקת רכוש יידון בבית-דין לענייני משפחה. אתה ברחת, אתה והמפלגה שלך ברחתם מהאולם, ואתה מעז להאשים אותי בבריחה על הצבעה. אתה שהבטחת נישואים אזרחיים, בסוגיה הכי קרדינלית לנשים, בנושא גירושין, בגלל הסטטוס-קוו והישיבה עם המפד""ל בממשלה, שמרת על הכיסא שלך, ואתה מעז להטיח האשמות. אתה ברחת, ותתבייש על התשובה שלך על הדוכן עכשיו.",3,
190905,2003-11-26,הצעות לסדר-היום: הפרסומים בדבר נישואים אזרחיים באמצעות הרבנות הראשית,"אולי הוא יסביר: הרי  שינוי אמרה שתתמוך בנישואים אזרחיים, איפה הייתם כאשר הצעתי את ההצעה?",3,"The speaker questions the support for civil marriage, indicating a lack of strong endorsement for the topic."
192573,2003-12-31,"הצעת חוק זכויות החולה: (תיקון - איסור הפליה מחמת נטייה מינית), התשס""ג-2003","אדוני היושב-ראש, מדובר בהצעת חוק שהיא תיקון לחוק זכויות החולה. ההצעה באה לאסור הפליה מחמת נטייה מינית במערכת הבריאות. היום יש מצב קצת לא הגיוני. אני אתן דוגמה אחת כדי לסבר את האוזן. אם אשה ובת-זוגה באות לחדר לידה - אשה צריכה ללדת - והיא מבקשת שבת-זוגה - או בן-זוגה, כיוון שהם לא נשואים - תיכנס או ייכנס לחדר הלידה, היום הוא לא יכול לעשות את זה. היא לא יכולה לעשות את זה, הוא לא יכול לעשות את זה.

לא נותנים. אם אתה לא בן-זוג רשמי, היום - - -

חברת הכנסת כהן, חברת הכנסת כהן - - -

חברת הכנסת כהן, אני רוצה את תשומת לבך. חברת הכנסת כהן, הרי לא עולה בדעתך שהתעוררתי בוקר אחד וחשבתי: איך נעשה שיפור במערכת הבריאות. הרי הדברים האלה באים כתוצאה מפניות חוזרות ונשנות של הרבה מאוד אנשים. למשל, אני אתן לך דוגמה: לאחרונה, באחד הפיגועים האחרונים נפגע אדם, והוא ביקש שיודיעו לבן-זוגו שהוא נפגע, אבל לא הודיעו לבן-זוגו. הוא כבר לא מדבר עם הוריו קרוב לעשר שנים, אבל הודיעו להוריו, כי  ככה זה רשום, וככה החוק. מה שאני מנסה לומר: הדבר הזה חל לא רק על זוגות חד-מיניים. הדבר הזה חל גם על זוגות שבחרו שלא להינשא מטעמים עקרוניים. זה דבר שמצריך תיקון, זה נראה לי הגיוני, ואני קוראת לכנסת לתמוך בזה. תודה.",10,
199837,2004-06-30,"הצעת חוק לתיקון דיני המשפחה (מזונות) (תיקון - הרחבת חובת מזונות), התשס""ג-2003","אדוני היושב-ראש, יש היום איזו אנומליה בכך שזוגות ישראלים ממוצא יהודי או מנועי חיתון מחליטים להינשא בנישואין אזרחיים בקפריסין, בנישואי פרגוואי או בכל מקום אחר. הנישואין האלה מוכרים בארץ, האנשים האלה נרשמים במשרד הפנים כזוג נשוי לכל דבר ועניין, אלא שהגירושין הם בסמכותו הבלעדית של בית-הדין הרבני. עד היום נקבע שאשה שנישאה לבעלה בנישואים אזרחיים אינה זכאית - הדגש הוא ב""אינה זכאית"" - לקבל ממנו מזונות במקרה של פרידה, סכסוך או גירושין. זה מצב מעוּות. אשה שנישאה על-פי ההלכה ועומדת להתגרש מבעלה זכאית לקבל דמי מזונות כל עוד הם נשואים, כל עוד היו נשואים, והחובה של הבעל היא לפרנס את אשתו בהתאם ליכולתו, בהתחשב ברמת החיים וכו'. בעצם, הצעת החוק הזאת באה להרחיב את חובת המזונות. ההצעה הזאת באה לתקן את החוק לתיקון דיני המשפחה (מזונות). ההצעה הזאת באה להבטיח את ביטחונם הכלכלי של מי שנישאו בנישואים אזרחיים. יש כאן מצב מעוּות. נשים שנישאו בנישואים אזרחיים בעצם על-פי החוק היום אינן יכולות לקבל מזונות כשהן מתגרשות. אני רוצה להסב את תשומת לב הכנסת לפסק-דין תקדימי של בית-המשפט העליון שניתן לפני שבועות מספר. לפני כשלושה שבועות קבע בית-המשפט העליון, כי חלה חובת תשלום מזונות לאשה גם אם היא נישאה בנישואין אזרחיים. יותר מזה - המסקנה המעשית מפסק-הדין של בית-המשפט היא, שייתכנו מצבים שבהם גם הגבר יהיה זכאי לדרוש מזונות מהאשה. השיקולים שהנחו את בית-המשפט לקבוע כי החובה למזונות תהיה מעתה הדדית הם מכוח עקרון תום הלב שבדיני החוזים ומשיקולי ההגינות ותחושת הצדק, ולא מתוך ההגדרה של בני-הזוג כנשואים. בית-המשפט קבע קביעה שנראית לי הכי הגיונית, שלא יכול להיות שעם הפירוד בעצם מנותקת המחויבות הכלכלית של בני-הזוג האחד לשני, ובמקום שאחד נזקק לתמיכתו של האחר, הוא זכאי לקבל את התמיכה הזאת. אדוני היושב-ראש, גם לאור השלכות הפסיקה הזאת, חשבתי שהפתרון ההולם לזוגות שלא רוצים להתחתן במסגרת דתית, גם מתוך זה שהם מנועי חיתון - אני מזכירה לכנסת שיש בארץ 250,000 זוגות מנועי חיתון, והם אינם יכולים להינשא בארץ ולכן הם נאלצים להינשא בנישואים אזרחיים. הם נוסעים לקפריסין או למקום אחר, וחשבתי שיהיה נכון שהכנסת תגיד שבמדינה מתוקנת אנשים, שמשום שהם מנועי חיתון -  זה לא בא להכיר בנישואים אזרחיים, זה לא בא למנוע את הבכורה שקיימת כרגע או את המונופול של הנישואים הדתיים. אני לא מצליחה להבין. אני פונה לשר המשפטים, מי שעומד בראש ועדת השרים לענייני חקיקה, וגם לראש הממשלה: אני לא מצליחה להבין איך הכנסת יכולה - אני מניחה שזה רק משיקולים קואליציוניים; בטח מפני שהמפד""ל הטילה וטו על ההצעה הזאת - להתנגד לזה שאני באה ואומרת, שאשה שנישאה בנישואים אזרחיים תהיה זכאית למזונות. זה לא הגיוני שכשאנשים מתגרשים הם יהיו זכאים למזונות, אם גבר ואם אשה? זה לא בא להגיד עכשיו שזה מחליף את הנישואים הדתיים. זה בא מתוך הסכמי ממון, דיני חוזים, ולא מתוקף נישואים. איך ממשלת ישראל בעצם מונעת אפשרות מזוגות שנישאו בנישואים אזרחיים, בבואם להתגרש, לקבל מזונות? איך ממשלת ישראל לא מאמצת את פסיקת בג""ץ שסבר שבהפעלת חובת המזונות צריך לחול עקרון השוויון הנגזר מעקרון תום הלב? איך אתם מרשים לעצמכם להפקיר אלפי נשים שתישארנה ללא מזונות? לא באים לתקן כאן שום חוק. איך אתם מרשים לעצמכם לא להתייחס לכפפה שזרק בג""ץ לכנסת ולהפקירן לרחוב? ממשלה או מפלגה שדיברה על נישואים אזרחיים, כשלא באים להגיד כאן שעכשיו יהיו כאן נישואים אזרחיים אלא רק לאפשר למי שנישא בנישואים אזרחיים את הדבר האלמנטרי, שיהיו לו מזונות כשהם מתגרשים. אני לא מצליחה להבין איך אתם יכולים להסביר שאתם מתנגדים לזה. תודה רבה.",10,
200821,2004-07-19,הודעת הממשלה על מינוי אליעזר זנדברג לשר התשתיות הלאומיות: ועל מינוי חבר הכנסת אילן שלגי לשר המדע והטכנולוגיה במקומו,"אדוני היושב-ראש, חברי חברי הכנסת, אני רוצה בפתח דברי להביע זעזוע עמוק מהרצח  של שופט במדינת ישראל. אני חושבת שנפל דבר. זה מעשה חסר תקדים,  בעיני הוא מסמל פגיעה באושיות המשפט, בשלטון החוק, והייתי אומרת - במרקם העדין של הדמוקרטיה במדינת ישראל. זה עוד לא היה כאן, ולצערי, כל פעם מחדש אנחנו מתוודעים למשהו שעוד לא היה כאן. זה מדאיג, זה מפחיד, ואני מקווה שתהיה חקירה מהירה וממצה ומי שאחראי לרצח הנורא הזה ייתפס ויעמוד לדין במהרה. אדוני היושב-ראש, במעבר חד מדי, לצערי, אני רוצה לומר שסיעת יחד תצביע נגד מינוים של חבר הכנסת שלגי והשר זנדברג - - -

אדוני היושב-ראש, סיעת יחד תצביע נגד מינוים של שלגי וזנדברג, ולא בגלל - כמו שאמר קודמי - לא משום שהם לא בחורים טובים. הדיון אינו על בחורים טובים או מי בחור טוב. אני מודה שבמידה מסוימת לבי לבי על שינוי, אילו מינויים מבוזים אלה. הרי כולם יודעים שכנראה המינויים האלה לא יארכו יותר משבועיים. הכנסת תצא לפגרה ואחרי הפגרה כנראה תיכון כאן ממשלה חדשה. אז מה להיטות היתר הזאת לדרוש עכשיו תיקים ולרוץ לממשלה? ואם תישארו בממשלה, אני מסופקת. אני מודה שלבי לבי עליכם, אתם המפלגה שהיתה, כמו שאמר לי יוסי שריד קודם, השפחה החרופה של הממשלה הזאת. להכשיר כל שרץ הייתם מוכנים, להכשיר את השחיתויות של ראש הממשלה. אתם יושבים בממשלה שמכשירה את השחיתויות של ראש הממשלה. אתם יושבים בממשלה שבה תמורת הכיסאות שלכם והרצון להיות מיניסטרים, בעצם בגדתם בהבטחות הכי בסיסיות שלכם לבוחרים. איפה התמיכה שלכם בנישואים אזרחיים? חברי הכנסת ברונפמן ופינס העלו את חוק נישואים אזרחיים - איפה הייתם? הועלו כאן חוקים גם על-ידי וגם על-ידי חברי כנסת אחרים שבאים לשפר את מעמדם של נשים ופסולי חיתון, כל נפגעי חוק נישואים וגירושים, כל נפגעי המונופול של הרבנות על נישואים - איפה הייתם? הייתם פה והצבעתם נגד, חבר הכנסת בריזון, כן כן.

אני יכולה לספר לך איך הצבעתם נגד חוקים שלי שבאים לסייע לנשים שמתגרשות.

אז על אופיר פינס, אבל על חוקים אחרים - איפה ההבטחה שלכם לבוחרים? ישבתם בממשלה הזאת שנתנה לגיטימציה והכשר לפעולות שנעשו בשטחים, לרבות הקמת הגדר. באיזה שלב נזכר שר המשפטים למחות נגד תוואי הגדר? האם לא הממשלה שהוא חבר בה, וחבר בקבינט, קיבלה החלטות הן על תוואי הגדר והן על פעולות של חיסולים וסיכולים - אותה לשון נקייה? אתם הכשרתם כל שרץ, ועכשיו מתעללים בכם, הייתי אומרת מפרפרים אתכם. איך מתייחסים אליכם? אני רק רואה את איבוד העשתונות של שר המשפטים כשהוא רץ סמוק לחיים מערוץ למשנהו ומנסה להסביר למה אתם שותפים חיוניים לממשלה. אתם המפלגה הכי גזענית שהיתה כאן בכנסת. הכי גזענית, כן, חבר הכנסת בריזון. אתם מוכנים לפסול אנשים רק בשל השתייכותם העדתית - - -

או.קיי. אתם הוצאתם בימים האחרונים את השד העדתי מהבקבוק. אתם מנפנפים בו, תתביישו לכם. זה הסיכוי שלכם להמשיך ולשרוד בממשלה כשאתם מנפנפים בשד העדתי? אני מודה שאני מתמלאת רחמים עליכם בימים אלה. איך הולכים למנות שרים - חברי כנסת ישרי דרך, אנשים הגונים, הולכים להיות שרים, כשהם יודעים מראש שהם יהיו שרים לשבועיים, שרים על-תנאי. אוי לממשלה ואוי לשריה.  תודה רבה.",1,
201031,2004-07-21,"צו האזרחות והכניסה לישראל (הוראת שעה), התשס""ד-2004","אדוני היושב-ראש, חברי חברי הכנסת, לפני כשנה חוקקה כנסת ישראל את אחת החרפות המבישות ביותר, שמכתימות את ספר החוקים. חוק האזרחות תוקן באופן שמטיל מגבלות דרקוניות על חופש הנישואים של אזרחי ישראל הערבים. אדוני היושב-ראש, בכסות של עילה ביטחונית מחשידים, מאשימים ומענישים באופן קולקטיבי את כל אזרחי ישראל הערבים והופכים אוכלוסייה שלמה למפגעים בפוטנציה.

אדוני יודע שאפשר לספור את המקרים האלה מקסימום על שתי ידיים, וזה לא חל על המקרים האלה.

אדוני היושב-ראש, בעצם היום מתברר לנו מה שידענו כבר אז, אבל מתברר לנו שהנימוק הביטחוני שעמד מאחורי חקיקת החוק כהוראת שעה לשנה היה בעצם כסות לעמדה פוליטית גזענית, כסות שנועדה להכשיר את החוק תוך כדי הטלת מורא ופחד.

חבר הכנסת יתום, אם זה נימוק ביטחוני, מה השתנה? בשנה שעברה אמרו לנו שיש סיבות ביטחוניות שבגינן עושים הוראת שעה לשנה. אז אם יש סיבות ביטחוניות להוראת שעה לשנה, למה באים עכשיו ומבקשים להאריך את החוק רק בחצי שנה? למה לא מאריכים אותו בשנתיים, אם יש סכנה ביטחונית? אנחנו הרי יודעים שהחוק הזה מיועד נגד אזרחי ישראל הערבים, כמו שאמרתי קודם, וגם אם יש פלסטינים שמפגעים ומואשמים בטרור, ויש פלסטינים שמפירים זכויות אדם, האם זה נותן לנו אליבי כמדינה להפרה כל כך בוטה של זכויות יסוד? אדוני היושב-ראש, חשבתי שמושכלות יסוד הם שזכויות אדם אינן יכולות להינגף מפני טרור, ודווקא עתות חירום הן העתות שבהן מדינה וחברה דמוקרטיות נמדדות. אבל, רק לפני כמה דקות שמענו את שר המשפטים מכשיר את השרץ של חוק הכניסה לישראל, וגם השרץ הזה לצערי כנראה יוכשר כאן. אני זוכרת שהשר פורז עמד כאן על הדוכן לפני שנה ונתן את כל הנימוקים הביטחוניים למה צריך את החוק הזה. פתאום שמעתי שבישיבת הממשלה הוא הסביר, שהחוק הזה יחוקק לחצי שנה ויקימו ועדה שתנסה לגבש הקלות. למה צריך לגבש הקלות? אם יש שיקולים ביטחוניים כל כך כבדי משקל, למה צריך לגבש הקלות? אדוני היושב-ראש, מה קרה פתאום שהנימוק הביטחוני אינו תקף? אז כמו תמיד, המרצע יוצא מן השק ובסוף מתברר - - -

סגן השר מיכי רצון, זה לא מצחיק. אנחנו יודעים שהנימוק הביטחוני בעצם נועד לטשטש את השיקול האמיתי שמאחורי החוק. בואו נקרא לילד בשמו, זה השיקול הדמוגרפי. תודו שיש כאן כוונה מוצהרת למנוע את גידול האוכלוסייה הערבית בתוך מדינת ישראל, מתוך רצון לשמור על אופיה היהודי של המדינה.

אני רוצה לומר, שאף אחד כמובן אינו חולק על זכותנו, אני מתכוונת לזכותו של העם היהודי למדינה משלו, אבל מטרה ראויה זו, ככל שתהיה, האם המטרה הראויה הזאת יכולה להכשיר את כל האמצעים?

אדוני היושב-ראש, השיקולים הפופוליסטיים הגזעניים האלה לא יוכלו להכשיר את השרץ, כשמדובר כאן בהצעה שהיא בלתי חוקית, שלא תעמוד בשום ביקורת שיפוטית. חבר הכנסת ברונפמן, חברי כנסת אחרים ואני עתרנו לבג""ץ. אני שואלת עד היכן אפשר להוליך את החרפה. אני מקווה שאולי ראש הממשלה ייתן תשובה על שאלה כזאת. אני קוראת לבטל את החוק, לא להאריך את תוקפו בחצי שנה. תודה רבה.

אני סומכת עליה. לא יכול להיות שסגן שר יגיד - - -

בטח שאני אגיד - - - אתה צריך להגיד לו - - -

הוא אמר לה: אל תקפצי - - -

למה לחצי שנה? אתם פוחדים מהאמריקנים?",1,
213227,2005-07-27,"הצעת חוק האזרחות והכניסה לישראל (הוראת שעה) (תיקון), התשס""ה-2005","אם היא מטול-כרם, היא לא באה.

אדוני היושב-ראש, אני מודה שהיום, הצירוף הזה של שני החוקים - החוק הקודם, חוק שאוסר לתבוע פיצויי נזיקין, והחוק הזה, ביחד - שני החוקים האלה, שיעברו כאן, להערכתי, חוק אחד כבר עבר והחוק השני כנראה גם יעבור - הם, בעיני, בסוף המושב, כתם בספר החוקים שחוקקה הכנסת. זו אחת החרפות היותר גדולות. איך הכנסת הזאת הופכת לקבלן ביצוע של הממשלה, בלי לשאול, בלי לערער. כל האגף הזה, שאיננו עכשיו, יבוא אחר כך כנשוך-נחש, מהר מהר מהר - להצביע ולתת גושפנקה לחוק שכבר נאמר כאן קודם על-ידי אחרים לפני שהוא חוק גזעני, חוק שמפלה בין אזרחים, ובעיקר, חוק ששולל זכויות על בסיס של לאום. עכשיו, אני רוצה להגיד לך משהו באופן אישי, אדוני היושב-ראש, באופן אישי ובאופן ציבורי. שמעתי שהשבוע התכנסה סיעת הליכוד בכנסת והחליטה לאפשר, או לתמוך או לחוקק חוק, שבינתיים נפל, של חבר הכנסת אליעזר כהן, שייתן זכות הצבעה ליורדים בחו""ל. לישראלים - - -

נפל, נפל. אני יודעת. אבל רגע. חבר הכנסת אהוד יתום, הרי אתה מכיר אותי, אתה יודע שאני לא באה היום לספר לכנסת ישראל על חוק שנפל, לולא היתה לי נקודה. אנחנו לא מצלמים פה את האחוריים של ההיסטוריה עכשיו, תסלח לי. אבל, סיעת הליכוד חשבה שזה יהיה לגיטימי לתת זכות בחירה להשפיע על מה שיקרה פה במדינה - אני מדברת על גורלה של מדינה - לאנשים שנחשבים אזרחים. מי נחשב אזרח – אזרח הוא גם אדם שירד מהארץ לפני 20, 30 שנה, לא חי כאן, לא משתתף בהכרעות כאן, לא נושא בחובות - -

- - לא משלם מסים, לא שותף בקהילה, אך ברגע שאחד, הוא או רעייתו, אזרח, אז הבן שייוולד לו בארצות-הברית, שמעולם לא ביקר פה, גם הוא יהיה אזרח ויוכל להשפיע על גורל המדינה בהכרעה הפוליטית הכי חשובה במדינת ישראל. ולזה כנסת ישראל כמעט נתנה יד, הפלנו את החוק הזה על חודם של שני קולות. כשמדובר ביהודים, תראו באיזו קלות אפשר להיות אזרח, להשפיע על מה שקורה כאן במדינת ישראל. אך כשמדובר באזרחים, אבל הם לא יהודים, אז מנסים למנוע מהם את הדבר, בעיני, הכי משמעותי, את הזכות לחיי משפחה, את הזכות לאהוב, את הזכות להינשא ואת הזכות להחליט ולבחור היכן לחיות. אמר את זה חבר הכנסת אורון, מזמן אנו כבר לא מדברים על סיבות ביטחוניות. כל הזמן ניסו להצדיק את החוק הזה בכסות של עילה ביטחונית. למה זה היה חמור גם בכסות הזאת של העילה הביטחונית – כי מחשידים ומענישים קולקטיבית את אזרחי ישראל הערבים, כולם נהיו עכשיו מפגעים בפוטנציה, אבל אפילו הכסות הביטחונית הזאת כבר אין בה צורך. אין כבר בושה. כבר בכלל לא מדברים על כסות ביטחונית. אני שומעת את המועצה לביטחון לאומי ואני שומעת שרים בממשלה ואני שומעת חברי כנסת - המרצע יצא מהשק, וכולם אומרים: אנו חוששים פה מהסכנה הדמוגרפית. החוק הזה לא נועד לתכלית ראויה. שמעתי שניסו לעשות פה תיקונים אלה או אחרים, התיקונים האלה הם לעג לרש. כל תיקון לא יהפוך אותו למידתי. החוק הזה היה, החוק הזה נשאר, החוק הזה יישאר לא מידתי, החוק הזה פוגע אנושות בערך השוויון של אזרחי ישראל הערבים. אני מזכירה לכל חברי הכנסת, כל אחד, רוממות השוויון בגרונו, שוויון זה ערך מרכזי, השוויון הוא ערך בעל מעמד חוקתי במדינת ישראל, אבל כשמדובר באזרחים שהם ערבים, הערך הזה כבר לא חל עליהם. אני חושבת שדווקא עתות חירום הן רגעי המבחן לחברה שמנסה להחשיב עצמה דמוקרטית. אני כבר לא בטוחה שאנו יכולים להגדיר את עצמנו באופן הזה, כשאנו באופן כל כך בוטה פוגעים בקבוצה של אזרחים שמהווים חמישית מאזרחי המדינה. אדוני היושב-ראש, אני מודה שכל פעם יש לי התחושה הזאת, שהנה, בחוק הקודם חשבתי שכבר אי-אפשר להתנוול יותר, שכבר הגענו לתחתית המדרון המוסרי. לא עולה על הדעת שום דבר שאפשר לעשות. כל פעם מחדש אני עולה כאן על הדוכן ומגלה שאין גבול לתחתית המדרון המוסרי, אין גבול לתהום הזאת שאנו נמצאים בה. אנחנו לא על ספו של מדרון. התנוולנו, אנחנו מתנוולים, והכנסת הזאת נותנת יד לאחת הנבלות היותר גדולות, שמכתימות את ספר החוקים הישראלי.",1,
214445,2005-11-16,"הצעת חוק מידע גנטי (תיקון - בדיקה גנטית להורות בעת ההיריון), התשס""ה-2004","אדוני היושב-ראש, אני רוצה להעיר הערה לא לגופו של החוק, כי לא נראה לי ששיקולים ענייניים מנחים כאן חלק מהאנשים, ואני רוצה להצביע על האבסורד שבו מתנהלת החקיקה בממשלה הזאת. הנחתי את החוק הזה כאן לפני יותר מחצי שנה. משרד הבריאות ושר הבריאות תמכו. כל המומחים תמכו. בדקו את החוק רבנים, מומחים לרפואה, כולם תמכו בחוק. הממשלה תמכה בחוק, ואז בא חבר הכנסת גפני, שהוא חבר בקואליציה, והטיל וטו על החוק. כולם חושבים שזה חוק נכון. כולם חושבים שזה חוק שבא לתרום לילד, שמעמדו יוסדר, שאפשר לחסוך את זה מהזמן שלאחר הלידה. מדובר בדרך כלל על נשים לא נשואות. החוק נכון. חבר הכנסת גפני הטיל וטו על החוק, והוא אפילו לא בא למליאה להצביע על הווטו שלו. הקואליציה מחזיקה את שר הבריאות ואת החוק הזה כבני-ערובה כבר יותר מחצי שנה, ומתנגדת לחוק הזה כי יש מישהו שהטיל על זה וטו, אף שכולם חושבים שזה חוק ראוי. אני שואלת אתכם, חברי חברי הכנסת, מה אתם עושים? תודה.",5,
216068,2006-02-13,"דוח ועדת החוקה, חוק ומשפט בעניין הצעת חוקה למדינת ישראל","אדוני היושב-ראש, מכובדי, חברי חברי הכנסת, אין ספק שזה יום חג לכנסת. כנסת ישראל התכנסה והיא עוסקת בכינונה של חוקה כמענה לנכות הקשה ביותר של הדמוקרטיה הישראלית, נכות שנובעת מהעדר חוקה. מובן שהסיעה שלי, סיעת מרצ, חושבת שצריך לכונן חוקה ברוח מגילת העצמאות ותומכת בכך שנים. אבל, חברי חברי הכנסת, עם כל הכבוד ועם כל ההערכה - ואני אומרת את זה באמת מתוך הערכה רבה לידידי הטוב, חבר הכנסת מיכאל איתן, ולכל העושים במלאכה ולכל מי שישב על המדוכה במשך שלוש שנים - - -

אני לא השתתפתי בישיבות אבל עקבתי מקרוב. לא במקרה לא השתתפתי, כפי שהדברים יובהרו להלן. אדוני היושב-ראש, מאמץ גדול הושקע במשך קרוב לשלוש שנים לגבש את המסמך הזה שהוגש כאן לכנסת היום, שמכיל חלופות שונות וסותרות, שגובשו מתוך איזה רצון להגיע לפשרה. הן גובשו מתוך איזה רצון להגיע להסכמה רחבה, לכדי הצעה לחוקה. עם כל ההערכה, חברי חברי הכנסת, המסמך הזה - ואתה יודע, חבר הכנסת איתן, שאני עברתי עליו - בעיני אינו בגדר חוקה ראויה. הייעוד המרכזי של חוקה - ואמרו את זה גם קודם לפני - הוא להגן על המיעוט מפני הרוב, למנוע שימוש לרעה בכוח השלטון, ובעיקר להבטיח שהרוב בכנסת לא יוכל לפגוע בחירויות היסוד באמצעות חוקים שרירותיים. חברי חברי הכנסת, חוקה צריכה להיווצר בשעת רצון לערכים דמוקרטיים, וחברה אינה יכולה להתפשר על ערכים בסיסיים כמו ערך השוויון. כשאני בוחנת את ההצעה שגובשה והונחה כאן היום, אני מוצאת שזכותן לשוויון של קבוצות כמו נשים, ערבים, זוגות מעורבים, זוגות חד-מיניים ויהודים לא-אורתודוקסים, זכותן של הקבוצות האלה לשוויון נמחקת מהחוקה המוצעת. ולא זו בלבד, חברי חברי הכנסת, שימו לב שהחוקה המוצעת נותנת גושפנקה חוקתית לרמיסתן של אותן זכויות. דובר כאן קודם על אותם 11 חוקי-יסוד שנחקקו, שמשמשים כבסיס לחוקה המוצעת. אני אומרת לכם, חברי חברי הכנסת, התווית ""חוקה"" גדולה על אותם 11 חוקי-יסוד. ולא רק זאת, החלופות השונות שהוצעו לתיקונים אינן מבטלות - ואני אגע רק בדוגמה אחת - למשל את סעיף שמירת הדינים, שמחסן את כל החקיקה הקודמת להן, שנחקקה לפני 1992, מפני ביקורת שיפוטית. אני רוצה לתת דוגמה אחת. חברי חברי הכנסת, אני מדברת, למשל, על כל מה שקשור לדיני המעמד האישי, על חוק בתי-דין רבניים, אותו חוק שכופה עלי, עלינו, להינשא ולהתגרש ברבנות בטקסים דתיים, על-פי הלכות דתיות שרואות באשה את קניין הגבר. היום אנחנו נדרשים להתמודד עם שתי בעיות. הבעיה הראשונה, שאותם 11 חוקי-יסוד שמהווים תשתית לחוקה, מגוננים על אותה חקיקה בלתי דמוקרטית, על אותו חוק בתי-דין רבניים. והבעיה השנייה היא, שכשבחנתי את החלופות שמוצעות כאן, לא רק שהן לא מבטלות את החקיקה הקיימת, אלא הן גם מעניקות חסינות עתידית. אז אני שואלת אתכם, חברי חברי הכנסת, על איזו מהפכה חוקתית בדיוק אנחנו מדברים? לא רק שהאלטרנטיבות שמוצעות כאן אינן מועילות - להיפך, אדוני היושב-ראש, הן מזיקות ומחמירות ומרעות את המצב הקיים, כשהדגש שלי בדיון הזה הוא בנקודה אחת בלבד. אני מדברת עכשיו רק על קבוצת הנשים. יכולתי לגעת בשורה של נושאים ושל דוגמאות.

אני יודעת, אדוני היושב-ראש.

אדוני היושב-ראש, שמעתי את כל הדוברים כאן שעלו ודיברו לפני על הצורך בפשרה, על הצורך בהסכמה רחבה, כי אנחנו יודעים שקיים מתח בחברה הישראלית בין קבוצות שונות, בין הישות האזרחית לזהות התרבותית, הלאומית, הדתית של קבוצות ושל חלקים בחברה. אבל, חברי חברי הכנסת, אני שמעתי את הדוברים כאן ואני קראתי את המסמך. לא מדובר כאן בכלל בפשרה, כפי שמנסים להציג את זה. אל תטעו, חברי חברי הכנסת, זאת לא פשרה, זאת כניעה של ממש, אין לי דרך אחרת להגדיר את זה. זאת כניעה, זאת הקרבה.

אדוני היושב-ראש, אדוני יושב-ראש ועדת החוקה, חוק ומשפט, אני מצטערת קצת להשבית את השמחה, אבל מה לעשות שאני רואה בחלופות שהוצגו הקרבה של זכויות האדם במדינת ישראל; הקרבה של אותן קבוצות שזקוקות להגנה, שזקוקות להגנה מפני הרוב במדינת ישראל. בכלל, יש כאן איזו מלה כל כך שובת לב, מלת קסם - הסכמה רחבה. כולם מדברים על הסכמה רחבה. אומרים, הסכמה רחבה, כבר כולם נמסים. הקבוצות המקופחות, כמו קבוצת הנשים, זקוקות להגנה של חוקה. מה שמוצע כאן כרגע זה התבטלות, או אולי כניעה, של אותם מנסחי החוקה בפני החוגים הדתיים-החרדיים. הייתי אומרת שזאת פגיעה קשה באותה קבוצה של אזרחים במדינת ישראל, שלמשל אינה רוצה להינשא בנישואים דתיים. אני חושבת וסבורה שיהיו כאן נישואים דתיים, שמי שירצה להינשא על-פי הדין הדתי יוכל, אבל תהיינה חלופות. חברי חברי הכנסת, היום אולי יש עוד סיכוי – אני מאמינה, אני רוצה לקוות - שיתגבש כאן רוב בכנסת שאולי יבטל את חוק בתי-הדין הרבניים ויבטל את הפליית הנשים שכרוכה בו, ואולי בכלל נגיע למצב שנוכל להפריד את הדת מהמדינה ונוכל לכונן נישואים אזרחיים ונוכל להציע חלופות של נישואים רפורמיים וקונסרבטיביים בצד הנישואים הדתיים. אבל, חברי חברי הכנסת, אם תתקבל ה""חוקה"" שמחסנת את המונופול הדתי בתחום המעמד האישי מפני התערבות של בית-המשפט, לא תהיה תקומה לערכי השוויון ולחופש הדת והמצפון, אותם ערכים שהוכרזו במגילת העצמאות. חברי חברי הכנסת, הצעה כזאת לחוקה - אני  מצטערת, אין לי דרך לומר את זה - הולמת יותר מדינות תיאוקרטיות, ולא מדינות שמתיימרות להיקרא דמוקרטיות. חבר הכנסת איתן, מבקשים מאתנו להצביע היום על המסמך הזה שהוגש להמשך דיון בכנסת הבאה כמקשה אחת. בכלל לא מאפשרים לנו לבחור, להכריע ולהצביע על חלופות, שלא לדבר על כך שאף חלופה אינה ראויה בעיני בנקודה שנגעתי בה. ולכן, חברי חברי הכנסת, אני רוצה לסיים ולומר, שההצעה המוצעת נובעת, לטעמי, מפשרה שמוטב שלא היתה. נוכח יחסי הכוחות הפוליטיים ששוררים במדינה ובכנסת, אני חוששת שלא רק שהחקיקה לא תבצר את ההגנה השברירית על זכויות האדם בישראל, אלא להיפך, היא תפרוץ בה פרצות גדולות ומסוכנות שיעמיקו את הריקבון שבפשרה. ולכן מוטב אולי שיותירו אותנו ללא חוקה, מאשר שיעשו ניסיונות לשאת את שם החוקה לשווא. תודה.",10,
216091,2006-02-13,"דוח ועדת החוקה, חוק ומשפט בעניין הצעת חוקה למדינת ישראל","סיעת מרצ תומכת בכינונה של חוקה למדינת ישראל, אך אינה תומכת בנוסח שגובש בוועדת החוקה. על אף הנכות הקשה של הדמוקרטיה הישראלית בהעדר חוקה, הצעת החוקה שהונחה לוקה בחסר, בעיקר באי-הצגת אלטרנטיבה שוויונית בנושאים המרכזיים. החוקה המוצעת לא רק שהיא מעגנת את סעיף שמירת הדינים שמחייב נישואין וגירושין דרך הרבנות בטקס דתי על-פי הלכות דתיות אשר רואות באשה את קניינו של הגבר, ולא רק שהיא לא מבטלת את החקיקה הקיימת, היא גם מעניקה חסינות לחקיקה עתידית שלא תוכל לעמוד בפני ביקורת שיפוטית. לכן סיעת מרצ אינה תומכת בנוסח שהוצע.",1,
219048,2006-07-10,"צו האזרחות והכניסה לישראל (הוראת שעה): (הארכת תוקף החוק), התשס""ו-2006","למה לא יכולתם להכריז על הקפאת החוק עד שתסיימו את הכנת החוק החדש - - -

- - -  נהנינו, לשם שינוי.

אדוני היושב-ראש, ושוב באה הממשלה ובכסות ביטחונית הופכת את כל הערבים במדינת ישראל, אזרחי ישראל הערבים, למפגעים בפוטנציה, וגורמת לכך שבמדינת ישראל יש אזרחים סוג א' ואזרחים סוג ב'. וזה לאחר שבית-המשפט העליון קבע שהחוק הזה הוא בלתי מידתי ופוגע בזכויות יסוד.

לא, הוא לא קבע שהוא מידתי.

החוק לא נפסל מסיבות אחרות. החוק לא נפסל כי שופטי בג""ץ, כמו תמיד, לצערי, לקו בעיוורון וקנו את הטיעון הביטחוני. אני חוזרת ואומרת, שבכסות של טיעונים ביטחוניים נותנים הכשר לחוקים דמוגרפיים. מה שהכנסת הזאת מבקשת לעשות עכשיו, בהארכת הוראת השעה, הוא לעגן מחדש את האפליה ואת הגזענות, עם ההכשר של בג""ץ. חבר הכנסת סער, העובדה שהכנסת כנראה תעשה את זה גם הפעם לא עושה את העוול צודק יותר, אבל היא עושה אותו חוקי יותר. אני חושבת שכנסת שמכתימה את ספר החוקים שלה בחוקים גזעניים צריכה להתבייש. ודאי לאחר פסיקת בג""ץ, ודאי לאחר עמדת שופטי הרוב ושופטי המיעוט. עומד השר על הדוכן ומסביר לנו שממשלת ישראל עומדת לחוקק חוק, ועכשיו באים ומבקשים – איזו טובה עושים לנו – להאריך את הוראת השעה רק בחצי שנה, ולא בשנה שלמה. אני רוצה לומר לכנסת, שהייתי מצפה שהשר יגיד מעל הדוכן: קראנו בעיון את דעת שופטי המיעוט, ועד שנחוקק את החוק הזה אנחנו מכריזים על הפסקה, על פסק זמן, לא מאריכים אותו, לא בממשלה ולא בכנסת, ופותרים לפחות את הבעיה של אותן 1,600 משפחות שנישאו לפני החלת החוק, לפני שהחוק נכנס לתוקפו, שעניינן נותר תלוי ועומד, באוויר. לפחות בואו נפתור את הבעיה של האנשים האלה. שוב פועלים כאן כמו רובוטים, וגם לא מוסרים מידע מדויק – גם לכנסת וגם לבית-המשפט – על מספר האנשים שמדובר בהם, על מספר הבקשות לאיחוד משפחות. משרד הפנים טוען כל פעם שיש לו נתונים כאלה ואחרים, וכששואלים על הפער בין הנתונים הוא אומר: זה ממוחשב וזה לא ממוחשב. אדוני השר, אני מודה שנדהמתי כששמעתי כאן את חבר הכנסת הנדל עומד על הבמה ומסביר שהוא שמע במסגדים, בערבית המעטה שהוא מבין, קריאה להינשא כדי לפגוע בביטחונה של ישראל. תהיתי אם לארגון שעמדת בראשו היה מידע על כך, ואולי יש כאן בכלל קונספירציה: עומדים, נישאים, מתחתנים ומגיעים כדי לפגוע בביטחונה של מדינת ישראל. זה נראה לי מרחיק לכת.

אדוני היושב-ראש, אני רוצה לסיים באמירה, שאם הכנסת תצביע שוב בעד הארכת הוראת השעה, זה יהיה אחד מימי חרפתה - לצערי שוב ושוב.

אדוני היושב-ראש, אני מבקשת - - -

אדוני היושב-ראש, בשם סיעות מרצ, בל""ד, חד""ש ותע""ל-רע""ם, אנחנו מבקשים לראות בהצבעה על החוק הזה, על הוראת השעה, הצבעת אי-אמון.

אדוני היושב-ראש, אתה לא יכול. אני רוצה מכתב עכשיו מראש הממשלה.

אדוני היושב-ראש, מכתב מראש הממשלה.

או מכתב מראש הממשלה או הצבעה ביום שני, אדוני שר הפנים.

זה לא צריך להיות מוגש בכתב, אדוני. אדוני, כיוון שיש לי כבר ניסיון בזה, ולא בפעם הראשונה - - -

אני מבקשת חוות דעת  של היועצת המשפטית של הכנסת. לא, אדוני - - -

זה לא צריך להיות  מוגש בכתב.

מדובר בקריאה ראשונה. מעולם לא הוגש מכתב בקריאה ראשונה. בהוראת שעה - ודאי שאין צורך.

יוסי ביילין מועמד מטעמנו.

חבר הכנסת יוסי ביילין שומע על זה והוא מוכן ומסכים, וברגע זה הוא יגיש לך, אדוני, בכתב.

אתה לא יכול לגשת להצבעה. חבר הכנסת ביילין מגיש מכתב ברגע זה.

חבר הכנסת ביילין מגיש לך עכשיו מכתב.

אדוני, אתה עוד לא מייצג את הממשלה. בכל הכבוד, מדובר בראש ממשלה.

לא, אתה לא יכול. אדוני, בכל הכבוד, רק ראש ממשלה יכול לבקש.

אז אני מבקשת שתביא את היועצת המשפטית של הכנסת, שהיא תקבע אם זה שטותי או לא. עם כל הכבוד לשר, אני מבקשת חוות דעת של היועצת המשפטית של הכנסת. זה מעמד חדש.

אדוני, אין בתקנון שר מבקש. אני מבקשת חוות דעת של היועצת המשפטית של הכנסת. היא יושבת פה ואני מבקשת את חוות דעתה.",1,
238132,2008-07-01,שעת שאלות,"גברתי היושבת-ראש, קודם כול, ברכות על היוזמה. הגשתי שאילתא. האם אני שואלת כל שאלה לחוד? מה הפרוצדורה?

אדוני השר, השאילתא שאני שואלת – התזמון שלה יצא מדהים עם הנושא הבא על סדר-היום. השאילתא שלי מתייחסת לחוק האזרחות, שאת תוקפו הכנסת מתבקשת להאריך בעוד שנה. הדבר שהטריד אותי ביחס לחוק הזה, ולכן ביקשתי לדעת, בעיקר בנוגע לוועדה ההומניטרית שהוקמה במשרד הפנים לאחר הארכת תוקפו של החוק בשנה שעברה. אני רוצה להזכיר, מדובר בחוק שמונע איחוד משפחות בין ישראלים לפלסטינים, ובהוראת בג""ץ הכנסת התבקשה לשפצר את החוק, או לשדרג את החוק, והוחלט בכנסת שיקימו ועדה הומניטרית, שאם אתה שואל אותי, אדוני, בינה לבין הומניטרית אין דבר וחצי דבר. ולכן שאלתי כמה שאלות – על המועד שבו הוקמה הוועדה, מי החברים בה, כמה פעמים היא התכנסה. בעיקר מעניין אותי לדעת כמה פניות היו אל הוועדה, בעיקר ההתפלגות בין מזרח-ירושלמים ואחרים, כמה פניות אישרה הוועדה, כמה מהפניות שהתקבלו בוועדה הן פניות שהתהליך שבגינן הוגשו הבקשות בכלל החל לפני הקמת הוועדה. בקיצור, יש לך  כאן שורה ארוכה של שאלות, ואני לא אמשיך. אני אשמח בעיקר לקבל תשובות. אדוני, תודה.",1,"The speech expresses strong opposition to the citizenship law that prevents family reunification between Israelis and Palestinians, indicating a lack of support for civil marriages."
238175,2008-07-01,"בקשת הממשלה להאריך את תוקפו של חוק האזרחות והכניסה לישראל (הוראת שעה), התשס""ג–2003","אדוני היושב-ראש, חברי חברי הכנסת, זו הפעם השמינית שהממשלה מבקשת להאריך בשנה נוספת את הוראת השעה בהתאם לסעיף 5 בחוק האזרחות. אני רוצה לומר שיש לי הערכה רבה לשר שטרית. גם אם הוא לא שומע, אני אומרת לו את זה. אדוני השר, יש לך חלוקת קשב, בסדר.

עומד השר כאן על הדוכן, מסביר לנו באותות ובמופתים ומנסה לשכנע את הכנסת, כי הכנסת צריכה לקבל החלטה, למה לתמוך בהארכת הוראת השעה, והוא אומר שגברה המעורבות של אנשים שניצלו את מעמדם בפיגועים ביטחוניים. אני רוצה לומר לכם שאפילו אם יש מפגע אחד זה איום ונורא. אני אומרת לו וקוראת לשר בהערת ביניים: אוקיי. אדוני השר, מה הנתונים? הוא אומר: אני שוכנעתי על-ידי גורמי הביטחון, והנתונים מורים על כך. אנחנו כנסת ישראל. מה? אנחנו מקבלים החלטות על סמך עיניו היפות של השר שטרית ורהיטות דיבורו או העובדה שהוא מנסה לשכנע את הכנסת? הכנסת לא צריכה נתונים על כך שגברה המעורבות בטרור ובפיגועים. חובתו של שר הפנים לתת דיווח לכנסת במה דברים אמורים. חברי חברי הכנסת, אני רוצה להעיר שתי הערות: אחת – למהות נגד החוק, ואחת – לפרוצדורה. אדוני היושב-ראש, אני רוצה לבקש ממך, כמנהל הישיבה, לבקש את חוות-דעתה של היועצת המשפטית של הכנסת. אני טוענת שהמליאה אינה יכולה להצביע היום. אדוני היושב-ראש, זה מאוד מהותי. המליאה אינה יכולה להצביע היום על הארכת תוקפו של חוק האזרחות. בתשובת המדינה לבג""ץ נמסר שכיוון שכבר מדובר בכל כך הרבה פעמים, מי שצריך לדון בחוק הזה זה ועדת הפנים, בדומה לנוהל שהיה לגבי חוק טל. אני חושבת שצריך לבקש את חוות דעתה של היועצת המשפטית של הכנסת. הכנסת לא יכולה היום להצביע על הארכת הוראת השעה. חברי חברי הכנסת, אני עתרתי שוב לבג""ץ, באמצעות עורכת-הדין דפנה הולץ-לכנר, נגד החוק, מכיוון שהתיקונים לחוק לא עמדו בקריטריונים שבג""ץ חייב בהם את המדינה בעתירה הראשונה. הוקמה כאן ועדה הומניטרית שבינה ובין הומניטרי אין דבר וחצי דבר, היא עלה תאנה לעניינים הומניטריים. בג""ץ הוציא – בהרכב של שבעה שופטים פה-אחד – צו על-תנאי שמורה למדינה לנמק בתוך 60 יום מדוע לא יבוטל החוק הזה. 60 הימים האלה עומדים לפוג בעוד חמישה ימים, דהיינו, בשבוע הראשון של יולי. אדוני היושב-ראש, הנתונים שאני מוסרת הם מאוד חשובים. תוקפה של הוראת השעה עומד לפוג בסוף יולי. מה מיהרה הממשלה להזדרז לבוא לכנסת בשבוע הזה? בעוד חמישה ימים תם המועד שניתן למדינה. יכול להיות שהמדינה תיתן את התשובה שלה בעוד חמישה ימים, ובג""ץ יקבע לאלתר שהחוק הזה הוא לא חוקתי. יכול להיות, הלוואי, אני מייחלת לזה. מה מיהרתם? אני רוצה לטעון שתי טענות, אדוני. החוק הזה מכתים את ספר החוקים ופוגע בזכותם של בני-זוג וילדים שהם אזרחי ישראל לחיי משפחה ולשוויון. הכול כבר נאמר.

לא נראה לי שמישהו התקומם פה, אדוני. כנסת ישראל היום, הכנסת הזאת, המליאה, אינה יכולה להצביע על הארכת הוראת השעה. בזמן שאנחנו יושבים במליאה וחברי הכנסת עולים על הדוכן, אני מבקשת את חוות דעתה של היועצת המשפטית לכנסת, האם החוק הזה צריך לחזור עכשיו לוועדת הפנים, כדי שיתקיים בו דיון על-פי הקריטריונים שנקבעו בחוק טל, כאשר מדובר בהארכה של הוראת שעה שמונה פעמים.

בדיוק. חברי חברי הכנסת, אני רוצה להודות ליושב-ראש על שקיבל את בקשתי. אני רוצה לומר שיש חשש מניצול לרעה, כמו שאמר השר, וכדי למנוע את זה צריך לחזור למודל הקודם של בדיקה פרטנית, בדיקה ביטחונית פרטנית, ולא לקבוע באופן קולקטיבי שכל אזרחי ישראל הערבים שנישאים לבני-זוג פלסטינים הופכים אותם למפגעים בפוטנציה. זה דבר שהכנסת לא יכולה לקבל.",1,
260667,2011-06-15,שאילתות דחופות,"אדוני, תודה רבה. אדוני השר, ברצוני לשאול: 1. כמה דיינים יתמנו לכהונה קבועה בבית-הדין הגדול? האם צפוי מינוי דיינים במינוי זמני? 2. האם הדיינים נבחרים לפי קריטריונים מקצועיים או שזה לפי חלוקה מגזרית – חרדים, ספרדים, אשכנזים? 3. כיצד מתייחסת הוועדה למינוי דיינים למועמדים שאינם מתחייבים להחיל את חוק יחסי ממון בבית-הדין ולמועמדים שהוגשו נגדם תלונות בנציבות תלונות הציבור?

אדוני השר, תשעה מבין 12 הדיינים שמונו עד כה סרים למרותם של הרבנים החרדים הליטאיים. המינוי שלהם היה מתוך שיקול פוליטי סקטוריאלי. אני מודה שאני לא רגועה בעקבות התשובה שלך שהדיינים האחרים שאמורים להתמנות במינוי קבוע ולא זמני יהיו דיינים שנבחרים רק על-פי קריטריונים ושמחויבים לחוק יחסי ממון. אנחנו יודעים שלפחות לגבי חלק מהדיינים המועמדים שזוכים לתמיכה – לפחות על-פי מה שנמסר, מדובר בדיינים שהפסיקות שלהם הן פסיקות שמסתמכות על הלכות מהמאה ה-16, ושוללות לחלוטין את חוק יחסי ממון, חוק שהכנסת חוקקה. אני מודה שלא נרגעתי. הדבר שהכי מטריד אותי הוא, שכיוון שבוחרים רק גברים דיינים ואין נשים דיינות, ודנים בפסיקות שקשורות ל-50% מהאוכלוסייה הזאת, אני חוששת שהדבר הזה יביא לאובדן גדול מאוד של אמון הציבור במערכת בתי-הדין הרבניים, שמאפשרת היום סחטנות גט כנגד נשים, כנגד נשים מסורבות גט.

אדוני, יש מה שנקרא מירוץ סמכויות.

אם, לצורך העניין, הגבר רץ ראשון לבית-הדין הרבני – עכשיו, אולי צריך להזכיר שבית-הדין הרבני הגדול הוא ערכאת הערעור האחרונה שעומדת בפני נשים. אם הרבנים שיושבים בבית-הדין הזה הם רבנים ששייכים לזרם החרדי-ליטאי בעיקר, והדברים נעשים מתוך שיקולים כלשהם בין הדיינים שיושבים שם – אנחנו דנים נשים להיות נתונות לפסיקות של הלכות שהן הלכות שרואות באשה קניין הגבר. אני לא רוצה לחשוב מה קורה עם הנשים האלה, מה יקרה עם הנשים האלה.",1,
262181,2011-07-25,"בקשת הממשלה להאריך בצו את תוקפו של חוק האזרחות והכניסה לישראל (הוראת שעה), התשס""ג–2003","אדוני היושב-ראש, חברי חברי הכנסת, שמעתי את שר הפנים. אדוני שר הפנים אלי ישי, עולה על הדוכן, אני לא יודעת, מ-2003, אני כבר לא יכולה לספור כמה פעמים – 10, 11 פעמים – ומנמק למה הכנסת צריכה להאריך את הוראת השעה שמבקשת למנוע איחוד משפחות בין אזרחי ישראל הערבים לקרובי משפחתם או לבני-זוגם הפלסטינים. כל פעם מחדש משנים את התירוץ כדי להכשיר את השרץ, חברי חברי הכנסת. אני שומעת את הדברים, והדבר שצץ ומבצבץ זו הגזענות בכסות הפחד. ממשלת ישראל עוסקת במסע של הפחדה נגד האזרחים. מפחידים אותנו מארגוני זכויות אדם, מפחידים מפני ערבים אזרחי ישראל, בכסות ההפחדה מעלים את מחיר ה""קוטג'"" והדיור, בכסות ההפחדה מחוקקים חוקים כמו חוק החרם, שרק עושים דה-לגיטימציה למדינת ישראל בעולם, ועכשיו גם מאריכים את הוראת השעה שמונעת איחוד משפחות מערבים אזרחי ישראל. חברי חברי הכנסת, זו הפעם העשירית, במסווה של חקיקה זמנית – אני לא שומעת את עצמי – – –

חברי חברי הכנסת, זו הפעם העשירית, שבמסווה של חקיקה זמנית, שרי הממשלה הם חותמת גומי להפיכת הוראת שעה זמנית לנורמה קבועה וגזענית. אני קוראת לכם, חברי חברי הכנסת: אל תהיו גם אתם חותמת גומי. הרי אתם יודעים, שמזה 60 שנה או יותר מתקיימת אפליה מכוונת וממוסדת כלפי אזרחי ישראל הערבים, שהשיא שלה בא לידי ביטוי בחקיקה הגזענית והמפלה הזאת שהיום אתם עומדים להצביע עליה; חקיקה שמטילה מגבלות דרקוניות על חופש הנישואים של אזרחי ישראל הערבים, מביאה לפירוקן של משפחות שלמות וקורעת אלפי ילדים מהוריהם.

איך ניתן להשלים עם כך, חבר הכנסת חסון, שהחוק במדינת ישראל מפלה אזרחים בשל ההשתייכות האתנית והלאומית שלהם? רק התירוץ משתנה כל פעם כדי להכשיר את השרץ. התירוץ הזה שהם יכולים להתחתן אבל שילכו לגור שם. זה נראה סביר שאנחנו, במדינה מתוקנת, כל פעם אנחנו מוכנים להיתלות בטיעון של הסיכון הביטחוני? כל פעם אומרים: המצב הביטחוני יכול להידרדר. עכשיו הטענה החדשה היא שלקראת ספטמבר המצב הביטחוני יכול להתערער. אדוני היושב-ראש, אני רוצה לעדכן אותו ואת חברי הכנסת: כשהחוק עבר לפני כמה שנים שוב, ב-2007, עתרתי לבג""ץ – הייתי גם בין העותרות הראשונות – ביחד עם ארגוני זכויות אדם אחרים, בג""ץ שנקרא ""בג""ץ גלאון ואחרים"". ובדיון שהיה בבית-המשפט לפני כשנה או שנתיים, אני לא זוכרת, פרקליטות המדינה כל פעם היתה צריכה להצדיק את החוק הגזעני והמפלה הזה – אז בדיון הקודם פרקליטות המדינה שלפה את השד הדמוגרפי מהבקבוק. אתם מכירים את האיומים האלה, שאם החוק הזה יבוטל תהיה כאן הצפה של אלפי פלסטינים, שיהיו סיכון ביטחוני. מין האשמה קולקטיבית שהופכת את כל אזרחי ישראל הערבים למפגעים בפוטנציה. שימו לב, חברי חברי הכנסת – רק עוד משפט אחד, ברשותך, אדוני – השופטת אילה פרוקצ'יה, שפרשה מבית-המשפט העליון לאחרונה, כשהיא דנה בחוק הזה בפעם הקודמת, בדיון הקודם, השוותה את החוק לפסק-הדין האמריקני הידוע לשמצה – פסק-דין שאישר במלחמת העולם השנייה להכניס אזרחים אמריקנים ממוצא יפני למחנה הסגר. הסנקציה הזאת הוטלה על קהילה שלמה על סמך החשדה כללית בבגידה. השופטת פרוקצ'יה השתמשה בדוגמה הזאת לרמז לכך שהחוק הזה עומד על בסיס גזעני. אני אומרת לכם, חברי חברי הכנסת, אנחנו חייבים – חייבים – לבטל את הנורמה הזאת. אין קבוע כמו הזמני. הוראת שעה שבמשך תשע השנים האחרונות מוארכת עשר פעמים מפסיקה להיות זמנית והופכת להיות נורמה קבועה – וגזענית. אני קוראת לכם – אל תצביעו בעד החוק הזה.

– – – שבו בחנו בחינה פרטנית כל בן-אדם שביקש בקשה שכללה תושבות – – – אז מה? לזה צריך לחזור.

בסיסי זה הזכות לחיי משפחה.

זכויות אדם זה ביטחון, דמוקרטיה זה ביטחון. כמה זמן?

לא, זכויות אדם זה ביטחון.

חבר הכנסת אלדד, אין לך מונופול – – –

חבר הכנסת אלדד, אין לך מונופול על הזכות – – –

אתה צריך לצאת מיהודה ושומרון.

אתה צריך לצאת מיהודה ושומרון ואתה צריך לצאת מיהודה ושומרון.

אתה מייצג את חברי הכנסת הלא-שפויים כאן.

איך אתה יכול לתמוך בהוראת השעה הזאת?

אתה היית שר הפנים, היתה לך האפשרות לעשות את זה.

אתה היית שר הפנים, היתה לכם אפשרות לעשות תהליך מדורג.

העתירה שלי עדיין תלויה ועומדת.

לא, זו עתירה חדשה, היתה עתירה ב-2003, וזו עתירה ב-2007.

זה מתאים לאריה אלדד, כשהוא מדבר על המדינה הוא מתלהם – – –",1,
263995,2011-11-21,"הצעת חוק נציגי לשכת עורכי-הדין לוועדות המינויים לנושאי משרה שיפוטית (תיקוני חקיקה), התשע""ב–2011","אדוני היושב-ראש, העיניים נשואות לוועדה לבחירת שופטים, לדילים הנרקמים בוועדה. הצעת החוק שמונחת כאן מחייבת דילים, מחייבת שני-שלישים מחברי הלשכה. זה מחייב דילים. אבל במסגרת הדילים לגבי הוועדה לבחירת שופטים, איכשהו נדחק לקרן זווית הדיל המפוקפק שמונע משיקולים ומאינטרסים פוליטיים – הדיל שמוכר נשים בוועדה לבחירת דיינים. אדוני היושב-ראש, אנחנו כל כך עסוקים בוועדה לבחירת שופטים. בצדק חברי התריעו – – –

אני מודה לך, אדוני. אדוני היושב-ראש, במסגרת הדיל המפוקפק – והייתי אומרת, השוביניזם – מכרו את הוועדה לבחירת דיינים – – –

אדוני, בפעם הראשונה מזה למעלה מעשור לא תכהן אשה בוועדה לבחירת דיינים. אני כבר לא מדברת על זה שנשים לא נבחרות לכהן כדיינות. איך זה יכול להיות שהפקירו את הוועדה לבחירת דיינים רק לסקטור החרדי, רק לרבנים חרדים, גם לא הציונות הדתית?

גם וגם, אבל זאת התוצאה – נכון, אדוני, אתה צודק – אבל זאת התוצאה של הדיל המפוקפק של שר המשפטים נאמן וקבלני הביצוע שלו כאן בכנסת, חברי הכנסת יוזמי הצעת החוק. זה מה שיביא לכך ש-51% מהנשים באוכלוסייה תהיינה נתונות בידיהם של רבנים ריאקציונרים קיצונים, דבר שיגביר את הסחטנות לגבי נשים מסורבות גט, דבר שיביא לכך שנשים שמחויבות על-פי דין להינשא ולהתגרש בבתי-הדין הרבניים, שכבר מבקר המדינה לפני שנתיים כתב על עינוי הדין באותם בתי-דין רבניים, בתי-דין שיושבים שם רבנים שהתפיסה שלהם מבוססת על עמדות אנכרוניסטיות מלפני 3,000 שנה, שרואים באשה קניין הגבר, ולכן אפשר לסחוט אותן ולסחוט את הרכוש שלהן ולא לתת להן גט. וזאת תהיה התוצאה, חבר הכנסת אילטוב. אתה והמפלגה שלך וחברי הכנסת שהיום יתמכו בהצעת החוק, לא רק יובילו לכך שינסו להכתיב מי יהיו השופטים בבית-המשפט העליון; אתם תגרמו לכך ש-51% מהאוכלוסייה במדינת ישראל, נשים, תמשכנה להיות נידונות לסחטנות של רבנים קיצוניים, ואתם אלו שאחראים לכך. תזכרו את זה היום.",1,
266450,2012-01-23,"בקשת הממשלה להאריך בצו את תוקפו של חוק האזרחות והכניסה לישראל (הוראת שעה), התשס""ג–2003","אדוני היושב-ראש, חברי חברי הכנסת, אני כבר לא יכולה לספור את הפעמים שבהן כנסת ישראל הולכת לתת שוב לגיטימציה, באופן רטרואקטיבי, לחקיקה גזענית, מפלה ובלתי מתקבלת על הדעת. כל פעם שנדמה, אדוני היושב-ראש, שהגענו לתחתית המדרון המוסרי ולא ניתן להתנוול יותר, מתברר שאין גבול לעומקה של התהום הזאת. והתהום היא עמוקה שבעתיים, אדוני היושב-ראש, לא בגלל הכנסת – מהכנסת, לצערי, כבר אין לי ציפיות – היא עמוקה שבעתיים בגלל הרוח הגבית שהכנסת הזאת מקבלת מפסיקת בג""ץ, פסיקה שמשמעה שתש כוחו של בג""ץ להיאבק בגזענות. וזו תוצאה של הקמפיין הפוליטי של הכנסת הזאת, שבמשך שנתיים-שלוש פועלת כדי לרסק את בית-המשפט, כדי לפגוע בעומדת בראשו, כדי לקעקע אותו, כדי לאיים על בג""ץ. זו התוצאה. חברי חברי הכנסת, בבג""ץ יושבים שופטים. והשופטים יושבים בקרב עמם. אמרתי את זה לא אחת, ואני אומרת גם כאן: שופטים אינם מלאכים, וגם מלאכים זה לא מה שהיה פעם. השופטים שיושבים בבית-המשפט הגבוה לצדק נחלקו ביניהם – אני רוצה לומר את שמותיהם – נחלקו ביניהם לגבי ההחלטה על חוק האזרחות. אני עתרתי לבג""ץ ביחד עם קבוצה של חברי כנסת נגד החוק הזה, אדוני היושב-ראש. לצערי בג""ץ בעצם נתן לגיטימציה לטרנספר דה-פקטו של אזרחי ישראל הערבים. בג""ץ בעצם מגרש מפה את האנשים, וכנסת ישראל נותנת לזה הכשר בחקיקה הנוספת שלה. אומרים לאנשים: אתם רוצים להינשא לבני-זוגכן או לבנות-זוגכם – קחו את עצמכם מכאן ותעברו לגור במדינה אחרת. תוך כדי זה שאני מדברת, אדוני, אני מחפשת את הרשימה של שופטי הרוב ושופטי המיעוט, אבל אני לא מוצאת את זה כאן בדפים שלי. בכל אופן, אדוני היושב-ראש, שופטי המיעוט סברו שמדובר באפליה ושהשינויים בחוק אינם ממתנים את הפגיעה בזכות לשוויון, כי החוק שמובא כאן היום קובע שלא יתאפשר איחוד משפחות לישראלים עם בני-זוג פלסטינים אם גילו של בן-הזוג הפלסטיני הוא 36 ומעלה, או שגילה של בת-הזוג הפלסטינית הוא 26 ומעלה. הרי זה בלוף, חברי חברי הכנסת. אתם יודעים שהחוק הזה נועד לפגוע באזרחים בגלל ההשתייכות האתנית והלאומית שלהם. החוק הזה בעצם – בכסות של מה שנקרא, אני מכניסה את המלה למירכאות: ""צורכי ביטחון"", אותה מילת קסם שמהלכת אימים – לכאורה בכסות של צורכי ביטחון, נותנים יד לפרקטיקה פסולה של פגיעה בזכות הבסיסית לשוויון, בזכות לחיי משפחה; לסיטואציה שבה אלפי ילדים נקרעים מהוריהם, אלפי ילדים נותרים לחיות כאן בארץ ללא זכויות, ללא מעמד, ללא ביטוח, ללא בריאות. מה בדיוק אנחנו משיגים בזה?

אדוני היושב-ראש, אני מסיימת. אנחנו כאן בכנסת הולכים להצביע. אני קוראת לכם, חברי חברי הכנסת, לא לתמוך בחוק הזה. היתה לבג""ץ הזדמנות נדירה לפסול את החוק, אבל לצערי גם בג""ץ מסתכל לכנסת, וההחלטה שלו היא תוצאה של מסע ההפחדה הזה. חברי חברי הכנסת, תצביעו נגד החוק. אולי השופטים שישבו בבג""ץ בפעם הבאה יחשבו אחרת. לצערי, אני לא בונה על זה. תודה.",1,"The speaker strongly opposes any legislation that discriminates based on ethnicity and highlights the negative impact on family unity, which aligns with the principles of civil marriage."
269380,2012-05-16,"הצעת חוק הנישואין והגירושין, התשע""ב–2011","תודה רבה, גברתי היושבת-ראש. אנחנו נרצה – – –

גברתי היושבת-ראש, אני רוצה להודות לחברי ניצן הורוביץ ואילן גילאון ולחברי סיעת מרצ לדורותיהם שמנסים לקדם את הצעת החוק להנהגת נישואים אזרחיים בישראל, נישואים אזרחיים לכולם, ללא הבדל דת, מוצא, מגדר, מין. אני לא יכולה לדבר ככה.

אמרתי, ללא הבדל מוצא, מגדר, מין, נטייה מינית. אבל אני לא שומעת את עצמי.

אוקיי, אני רוצה להודות לחבר הכנסת בר-און – – –

אני רוצה להודות לחבר הכנסת בר-און על ההבחנה. חברי חברי הכנסת, אני חושבת שהתשובה של שר המשפטים היום על הדוכן היא תשובה מזלזלת, מחפירה. לא יכול להיות שהשר נאמן יעמוד כאן על הבמה ויאמר שהממשלה מתנגדת. שימו לב מה קורה כאן. אנחנו מדברים על כך שכנסת ישראל אימצה, אימצה, הפנימה את הדין העברי, שמבוסס על איזה תפיסות אנכרוניסטיות, שוביניסטיות, גזעניות, מפלות, שמלפני 3,000 שנה.

אל תגיד לי שזה לא נכון. הדין הדתי – – –

אבל אתה מפריע לי בפעם השנייה, חבר הכנסת בר-און.

תאמין לי שאני מסתדרת גם בלעדיך, תאמין לי שאני מסתדרת. הדין הדתי הופנם לתוך החוק ואנחנו מחויבים להינשא ולהתגרש רק ברבנות, ומי שמחייב אותנו להינשא או להתגרש אלה רבנים חשוכים שעדיין רואים באשה קניין הגבר ולא מאפשרים לנו, כמו בכל מדינה מתקדמת, בצד הנישואים האורתודוקסיים גם נישואים אזרחיים, גם נישואים רפורמיים, גם נישואים קונסרבטיביים וגם נישואים של בני-זוג מאותו מין. זה מחפיר שבמדינת ישראל של סוף 2012 עדיין אנחנו נזקקים לחסדי הרבנות, עדיין אנחנו נישאים ומתגרשים על-פי הדין הדתי. גברתי היושבת-ראש, אנחנו בסיעת מרצ נמשיך להיאבק בנושא הזה. אנחנו חושבים שהדרישה שלנו להנהגת נישואים אזרחיים בישראל היא חלק מדרישה כוללת יותר, כוללת יותר להפרדת הדת מפוליטיקה, להפרדת הדת מהמדינה. אבל כשאני רואה את הרכב הקואליציה ואני יודעת שהשר נאמן אמר שהוא מחויב – – –

גברתי, כיוון שהשר נאמן אמר שהוא מחויב להקים כאן מדינת הלכה, אז מה הפלא שזו התשובה. תודה רבה.",10,
270336,2012-06-18,"הצעת חוק גיל הנישואין (תיקון מס' 6) (העלאת גיל הנישואין המותר), התשע""ב–2012","אדוני היושב-ראש, נורא נורא קר במליאה שאתה מנהל.

אדוני המזכיר, המיזוג נורא חזק.

אדוני היושב-ראש, חברי חברי הכנסת, אני רוצה לברך את סגנית השר גילה גמליאל – לצערי, היא איננה – ואת חבר הכנסת יריב לוין שהציג את החוק, על ההחלטה של הממשלה, בעצם על העשייה שלהם להביא להחלטה של הממשלה לתמוך בהעלאת גיל הנישואין. אני רוצה לומר, אנחנו היום מעלים את גיל הנישואים מגיל 17 ל-18, אמרו את זה כבר קודם, ומיישרים קו עם המדינות המתוקנות בעולם, וגם מדינת ישראל מיישרת קו עם העובדה שהיא חתמה על אמנות בין-לאומיות, כולל אשררה את האמנה בדבר זכויות הילד שאומרת שלא ניתן יהיה להינשא לפני גיל שמונָה-עשרה. כשאנחנו מדברים על העלאת גיל הנישואים אני רוצה להסב את תשומת לבכם שאנחנו בעיקר מדברים על השאת קטינות. התופעה הזאת של נישואים מתחת לגיל שמונָה-עשרה מתייחסת בעיקר לקטינות שזכויות האדם שלהן מופרות, והיום כשהכנסת תתמוך בהצעה הזאת להעלאת גיל הנישואים לשמונָה-עשרה – –

אני ספרתי. – – הכנסת בעצם משדרת שהיא מגינה על זכויות האדם של קטינות במדינת ישראל; כי כשאומרים – ואמרו גם בוועדה, היה מי שטען בוועדה – על מה אתם מדברים, יש כאן רצון חופשי אמיתי, כשבחורה בת 17 רוצה להינשא, אז מה, אתם תהיו אלה שתחליטו עבורה, אתם תהיו אלה שתקבעו לה? אני רוצה לומר לכם שאין דבר כזה בגיל כזה שנקרא ""רצון חופשי אמיתי"". אנחנו יודעים על מערכת של לחצים בין שהיא גלויה ובין שהיא סמויה. אנחנו יודעים על מערכת של מסרים שמועברת לאותן נשים צעירות. אנחנו כאן מתייחסים לנשים כאילו הן נישאות רק בגיל 17. אני רוצה לומר לכם שאנחנו יודעים על עדות מסוימות שמשיאות קטינות גם בנות 15-14, והעובדה שהם לא רוצים שיעלו את הגיל ל-17, כי הם מחכים שנה-שנתיים עד שרושמים את הילדים שנולדים במרשם האוכלוסין, כי עד אז, בשנתיים האלה, הילדים הרי בכלל לא מקבלים הגנה – לא ביטוח בריאות וכל הדברים האלה. זה נורא, זאת פגיעה איומה. לא רק שנערות בגיל הזה אינן כשירות לקבל החלטה חופשית אמיתית על נישואין, הן בוודאי לא כשירות לעשות את שני הדברים האלה ביחד – גם להינשא וגם ללדת ילדים. כל התפיסה הזאת שאשה, התפקיד שלה בחיים זה להינשא, ללדת, לשבת בבית, לגדל ילדים – זאת תפיסה מעוותת, שאני חושבת שהיום הכנסת אומרת שהגיע זמנה – איך אומרים – –

– – לחלוף מהעולם. אני מודה לך, אדוני. אני רוצה להודות לכל הנושאים במלאכה. אני רוצה רק לציין עוד משפט אחד, אדוני, ברשותך: הצעת החוק הזאת לראשונה הוגשה לכנסת כבר בכנסת החמש-עשרה על-ידי חברת הכנסת אתי לבני. אנחנו ניסינו במהלך הכנסות שאחרי זה להעביר את הצעת החוק, וטוב שהגיעה חברת הכנסת גילה גמליאל. בטח שכחת משהו, אז טוב שחזרת ואת שומעת. כולנו כאן החמאנו לך וליושב-ראש ועדת הכנסת על המהלך. אני מודה לכל חברי חברי הכנסת על התמיכה בחוק. תודה רבה.

איך זה שהוא תמיד אחרון לדבר?",5,
272860,2013-03-05,ציון יום האישה הבין-לאומי,"גם ככה זה לא ביג דיל – – –

אדוני היושב-ראש, חברי חברי הכנסת, חברתי חברת הכנסת מיכל רוזין, ראיתי אותך, קלטתי אותך. אני רוצה להודות לך על היוזמה היום. אני רוצה להודות לשרה לימור לבנת על המחויבות שלה רבת השנים. זה לא מובן מאליו, זה לא תמיד קל, מה שנראה לנו כל כך הגיוני, שבאים לכנסת, מייצגים עמדות פמיניסטיות. אז תודה בהזדמנות הזאת. ואני רוצה להודות לכל חברותי חברות הכנסת וחברי חברי הכנסת שנותרו באולם לציין את יום האישה הבין-לאומי. אני מודה שלפני שעליתי לדוכן די התחבטתי על מה לדבר, כי בסך הכול, בואו נאמר, בשלושת העשורים האחרונים נחקקו באמת המון המון חוקים שוויוניים, חוקים מגדריים, ונעשתה כברת דרך מאוד משמעותית ביחס לנשים – להגנה על נשים, לקידומן של נשים, לייצוגן של נשים. ואחרי שאמרתי את כל זה, אנחנו רואים שנשים עדיין ממשיכות להירצח בשל היותן נשים, מותקפות, מוטרדות, מרוויחות שליש משכר גברים במגזר הציבורי בשל היותן נשים, שקופות, בתחתית שוק התעסוקה, לא מגיעות לתקרת הזכוכית, כמו שאמרה חברת הכנסת בירן, רק בשל היותן נשים. אומנם הנחתום בדרך כלל אינו מעיד על עיסתו, אבל תרשו לי בהזדמנות הזו לקחת לעצמי את הזכות או את החירות לומר שאני חושבת שבכנסות האחרונות, או בתקופה שהייתי בכנסת, אני חושבת שחוקקתי הכי הרבה חוקים הנוגעים לנשים, שבאים להיטיב עם נשים, בשורה של תחומים: בתחומי רווחה, חברה, תרבות, אלימות. אני כבר לא – תקצר היריעה מלפרוס את החוקים שנחקקו בכנסת הזו. וחברת הכנסת מיכאלי, היינו מעטות והצלחנו לקדם כאן שורה של יוזמות והצעות פורצות דרך ביחס למעמדן וכבודן של נשים בחברה הישראלית. לא מספיק, בוודאי שלא, אבל באמת נעשתה כברת דרך מאוד משמעותית. את כל הדברים האלה אני אומרת כי כשהתחבטתי על מה לדבר היום כאן על הדוכן חשבתי מה הטעם לדבר שוב על החוקים שנחקקו ואילו חוקים עוד צריכים להיחקק – כולם חוקים חשובים מכל התחומים האפשריים, מכל הדיסציפלינות האפשריות. יש רק חוק אחד, רק חוק אחד, שנוגע לנשים, והוא חוק פוליטי, ואותו הכנסת אינה רוצה לחוקק. רק חוק אחד, ואני מדברת על חוק נישואים וגירושים, החוק המסדיר את ענייני הנישואים והגירושים במדינת ישראל, חוק שנחקק בשנת 1953, שקובע שנישואים וגירושים בישראל יהיו בשיפוטם הייחודי של בתי-הדין הרבניים ועל-פי דין תורה ולפי חוקי המשפט העברי. אני מודה שאני מכבדת את זה. מי שרוצה להינשא, להתגרש, על-פי הדין הדתי, על-פי האורתודוקסיה השלטת, זה ממש בסדר, אני מכבדת את זה, אבל האם זו החלופה היחידה שהיום כנסת ישראל, ממשלת ישראל המתכוננת – זו החלופה היחידה שכנסת ישראל יכולה להציע היום לציבור במדינת ישראל, ציבור שהוא ברובו חילוני, ציבור שרוצה בחירה בנישואים, חלופות בנישואים, בין אם זה נישואים אזרחיים, בין אם זה נישואים על-פי זרמים אחרים, רפורמיים או קונסרבטיביים? נישואים שלא יוגבלו, לא מטעמי דת – לאפשר לאנשים ליהנות מזכויות שוות גם במעשה הנישואים, גם בתקופת הנישואים וגם בזמן התרתם? איך זה יכול להיות שכל השנים האלה אנחנו מחוקקים כאן חוקים ורק את החוק הזה, שהוא חוק פוליטי, שנחקק כתוצאה מלחצים פוליטיים, כדי לרצות ולהשביע את רצונן אז של המפלגות הדתיות בישראל – איך זה יכול להיות שהיום, כשאנחנו מדברים על מדינת ישראל, ויוצאים מאיזו נקודת הנחה, מאיזו נקודת מוצא שמדינת ישראל צריכה להיות מדינה דמוקרטית, מערבית, שמחויבת לעקרונות החופש והמצפון וזכויות האזרח, במדינה כזאת, שהחוקים שלה לא מפלים בין האזרחים שלה, לא בשל הבדל דת, גזע, לאום, אמונה, בעצם מגבילים את חופש הדת והמצפון של האזרחים שלה, מדינה שמתערבת בחיי הפרט של האזרחים שלה? חברי חברי הכנסת, אנחנו חוקקנו חוקים שוויוניים, דיברנו על עקרונות ועל רוח מגילת העצמאות ואימצנו חלקים מאמנת זכויות האדם הבין-לאומית, ועדיין החוק בישראל, אדוני היושב-ראש, החוק שעוסק בנישואים וגירושים, הוא מבוסס על כפייה דתית, אפליה גזעית, שוביניזם גברי והתערבות גסה ובלתי מוצדקת של המדינה בחיי הפרט ובחופש המצפון. אנחנו בישראל של 2013, אדוני, איך זה יכול להיות שהדבר הזה נמשך? איך זה יכול להיות שחוק שנחקק ב-1953, כתוצאה מכך שמשה שרת היה צריך להגיע להסדרים פוליטיים, עדיין במדינת ישראל מאמצים את הדין הדתי כולו, בשלמותו, כחוק של הכנסת הזאת? ובעצם אנחנו, חברי חברי הכנסת, מכובדי היושב-ראש לשעבר ומכובדי היושב-ראש – המחוקק הפקיע מעצמו את הסמכות להתערב בשיפוט ובמשפט הדתי וגם במעמד האישי וגם בדיני נישואים וגירושים, ובעצם נוצרה כאן איזו מערכת משפט מקבילה, בעצם מנוגדת לכל מה שקשור למעמד האישי מלידה ועד פטירה, נישואים וגירושים. היום היהודים במדינת ישראל נתונים לשיפוט בבתי-דין רבניים. שמענו אתמול, היה כנס שארגנו חברי הכנסת ניצן הורוביץ, יעל גרמן ומיכל רוזין – שמענו סיפורים באמת מקוממים על דרך חתחתים שצריכים לעבור זוגות – – –

אתה יודע, אני בשוונג שלי. אני מייד אסכם, אדוני. אני אחתור לסיום. אוקיי. אדוני, שמענו אתמול סיפורים מקוממים של אנשים שהופכים אותם למנועי חיתון, אבל אני לא מדברת רק על מנועי חיתון, אני מדברת על אנשים תבוניים, רציונליים, שרוצים מבחירה חופשית להינשא, לא בנישואים אורתודוקסיים, ובעצם מה שנחתם בזמנו במסגרת תן וקח פוליטי עם המפלגות הדתיות ממשיך גם להיות נכון היום. אני חושבת שיש כאן הזדמנות, אדוני היושב-ראש, לבטל את החוק האנכרוניסטי מלפני 3,000 שנה; חוק שמבוסס על-פי תפיסות החברה שבה הוא נוצר, חוק שרואה באישה רכוש, קניין הגבר. אבל מדינת ישראל הדמוקרטית, הנאורה, שמחוקקת חוקים שוויוניים מגדריים לזכויות נשים, לקידום נשים, להגנתן של נשים – האם זה ראוי?

אני מסיימת בשאלה, אדוני. האם זה ראוי שאותה כנסת תאפשר את החוקים האלה? ואני קוראת לכנסת ישראל לא להסתפק בפשרות, לא בברית זוגיות ולא בברית כזאת או אחרת; חוק נישואים וגירושים מתוקן, ראוי – כך ראוי לכבודה של כנסת ישראל. תודה רבה.",10,
273229,2013-04-22,"בקשת הממשלה להאריך בצו את תוקפו של חוק האזרחות והכניסה לישראל (הוראת שעה), התשס""ג–2003","אדוני השר, אדוני היושב-ראש לשעבר, חברי חברי הכנסת, השר גדעון סער היה בשנת 2003 מזכיר הממשלה.

ו-2. בשנת 2003 הוא הביא את אחת התועבות שמכתימה את ספר החוקים הישראלי עד היום, וזה חוק האזרחות שמונע איחוד משפחות. הוראת שעה, חברי חברי הכנסת, שהפכה לנורמה קבועה וגזענית; אין דרך אחרת להגדיר אותה או לייפות אותה. רק מה, כל פעם התירוץ להכשרת השרץ משתנה. פעם זה סיכון ביטחוני, פעם זה השד הדמוגרפי. כל פעם לפי העניין. תלוי בממשלה, תלוי מה מתאים לממשלה. אני אומרת את זה כמי שעתרה פעמיים נגד החוק הזה, וכל פעם שמעתי בבג""ץ טיעונים אחרים, וכל פעם הטיעונים השתנו. כשהיה כאן שקט ביטחוני באה פרקליטות המדינה ואמרה לבג""ץ: לא, אין כאן בעיה באמת ביטחונית. עכשיו, לא היו להם מספיק נתונים להראות אז הם אמרו: יש כאן בעיה דמוגרפית. ככה. אני מצטטת. יש בעיה דמוגרפית. שלפו את השד הדמוגרפי מהבקבוק והילכו אימים על בית-המשפט, איך עכשיו מאות אלפי פלסטינים יציפו את מדינת ישראל. חברי חברי הכנסת, שמעתי כאן עכשיו את השר סער עומד על הדוכן ואומר: יש כאן מציאות ביטחונית מסוכנת. עכשיו, אף אחד לא חולק על זה שיש בעיה עם עזה ויש בעיה עם ה""חמאס"", אבל אתם בחוק הזה יצרתם מצב שעל-פי נתוני ""רופאים לזכויות אדם"" יש היום כ-25,000 משפחות חסרות מעמד; מצב אבסורדי שאחד מבני-הזוג הוא בעל מעמד ובן-הזוג השני הוא חסר מעמד, חסר ביטוח רפואי, חסר זכות בסיסית לחינוך. אנשים כלואים בביתם, לא יוצאים. אל תפריע לי, חבר הכנסת רותם, עמדתך ידועה. חבר הכנסת סער, אמרת מציאות ביטחונית. לא זכור לי שמסרת כאן נתונים. הסברת לנו שהחוק תוקן פעמיים. בעקבות העתירה לבג""ץ הוקמה ועדת חריגים למקרים הומניטריים. אמר בצדק חבר הכנסת ריבלין: יש איסור גורף. יש לך אפשרות לעשות החרגה, כמו שאמרו כאן. כמה מקרים חריגים אישרתם, אדוני השר, בדיוק? לא שמעתי אותך עומד על הדוכן ומוסר לנו נתונים. מה היה רע במצב הקודם, טרם חקיקת החוק, כשלשר הפנים היה שיקול דעת? הרי זה לא שעכשיו כל ערבי ישראלי או ערבייה ישראלית שהתחתנו עם פלסטינים קיבלו באופן אוטומטי – – –

אתה תעלה בסוף הדיון. – – – קיבלו איחוד משפחות אוטומטית. באו, נרשמו, זה היה תהליך מדורג. זה היה תהליך מדורג. אנשים נבדקו. זה היה תהליך מדורג שארך ארבע שנים. מה אתם אומרים בזה שאתם באים כאן עכשיו לדוכן ואתם אומרים: בואו נפקיע את שיקול הדעת משר הפנים לבדוק באופן פרטני כמו שהיה אז? מה אתם אומרים? ברגע שאתם לא עושים בדיקה פרטנית, אתם אומרים בעצם שכל פלסטיני, או כל אזרח ערבי ישראלי שמבקש איחוד עם פלסטיני – בעצם האיחוד עם אותו פלסטיני או פלסטינית אומר שאותו פלסטיני הוא מפגע בפוטנציה. אתם עושים כאן איזושהי אמירה קולקטיבית שכל הפלסטינים הם בכלל מחבלים בפוטנציה. איך בכלל אפשר להעלות על הדעת שיש מישהו שגר בטייבה או באום-אלפחם שהתחתן עם פלסטינית, אני לא יודעת מאיפה, וברור שהיא מחבלת? זו התפיסה שלכם. זו תפיסה של ממשלה שהולכת – –

– – שרוצה ללכת להסדר. ולכן, אדוני היושב-ראש, אני מציעה להקשיב בקשב רב לדבריו של יושב-ראש הכנסת – יושב-ראש הכנסת זה תואר שנשאר כל הזמן, לא? איך? זה כמו שגריר?

חבר הכנסת ריבלין, מכובדי, בשבילנו אתה היושב-ראש.

אדוני, אם שגריר זה תואר לכל החיים, אז יושב-ראש כנסת זה לא תואר לכל החיים? אוקיי. אני מציעה לשר סער לשקול ברצינות רבה את דבריו של חבר הכנסת רובי ריבלין. אני חושבת שהדברים האלה ראויים לחשיבה. ואי-אפשר שכל פעם יבואו – עשר פעמים. אני חושבת שזו הפעם ה-11 שמאריכים – –

– – את הוראת השעה. זה ממש לא לכבודה של הכנסת שהכתם הזה עדיין ממשיך להכתים את ספר החוקים. תודה רבה.

לא, לא, הערה. את לא אומרת: אדוני היושב-ראש, אני יכולה להתחיל? כשאת מתחילה עוד פעם את אומרת: אדוני היושב-ראש, חברי חברי הכנסת.

איך אתם – – – בית-המשפט – – –

לא, אמרתי מה היה רע – – –

מתי זה היה? הנסיבות – – –

כמה מקרים הומניטריים – – –

כמה מקרים הומניטריים משרד הפנים אישר? תיתן תשובה.",1,
274256,2013-05-22,הסמכת ועדת הכנסת לבחירת נציגי הכנסת באספה הבוחרת לפי חוק הרבנות הראשית,"אדוני היושב-ראש, חברי חברי הכנסת, הצעה תמוהה מובאת לכאן היום למליאה לשנות מנהג, הייתי אומרת, שהכנסת נהגה בו. מתי בפעם האחרונה עשו את זה? בשנת 1986. נכון, החוק מאפשר שני מסלולי בחירה: בחירה במליאה בהצבעה חשאית, כפי שקובע התקנון, ובחירה בוועדת הכנסת. בפעם האחרונה שהכנסת בחרה את נציגיה – בשנת 1986, כמעט קרוב לשני עשורים. מה קרה עכשיו, אדוני היושב-ראש, שפתאום ועדת הכנסת עומדת לבחור את הנציגים בוועדת הכנסת?

חברי חברי הכנסת, יותר קל לעשות קומבינות ודילים בוועדת הכנסת. זו ועדה קטנה. מביאים רשימה סגורה, לא מאפשרים לכל חברי הכנסת לקחת חלק ולהשתתף בתהליך. אם זה היה תלוי בי הייתי מפרקת מזמן את הרבנות הראשית, ולא היינו בוחרים גם את הרבנים שמוצעים לבחירה. זו העמדה העקרונית שלי. אבל אני רוצה להגיד משהו הרבה יותר משמעותי. מה שהקואליציה מרשה לעצמה לעשות באמצעות הכוח הקואליציוני שלה, להעביר החלטה שהחליטו בכנסת במשך קרוב לשני עשורים, שכל חברי הכנסת משתתפים בהצבעה חשאית בבחירה, מעבירים את זה לוועדת הכנסת. כי אפשר לעשות קומבינות, ככה קוראים לזה: קומבינות. אתם תתמכו בנו ואנחנו נתמוך בכם אחר כך לרבנים, ואתם תתמכו בנו לדיינים, ואתם תתמכו בנו לקאדים ולשופטים. זה ממש לא לכבודה של הכנסת. זה פוגע במעמדה של הכנסת, זה מוזיל מסמכותם של חברי הכנסת. אולי במקום להעביר את זה לדיון בוועדת הכנסת היה צריך לעשות דיון אם בכלל צריך את הרבנות הראשית. תודה רבה.",1,
277969,2013-11-04,"הצעת חוק גיל הנישואין (תיקון מס' 6), התשע""ד–2013","מה, מה זה עושה למדינת ישראל? אי-אפשר לשמוע את זה – – –

איך זה קשור לגיל הנישואים?

זה ערכים יהודיים לכבד – – –

איננו וגם לא יהיה. זה – – – יעני, נוכח.

מי לקח אותה בשבי? מי לקח אותה בשבי?

עכשיו הבנתי. זה לא אומר שאני מסכימה אתך. עכשיו הבנתי את צרות המוחין שלך, את ההסתה שאתה עושה כאן ואת חוסר הקשר במה שאתה מדבר. יד ימין שלך לא יודעת מה יד שמאל שלך אומרת ומה שהפה שלך אומר. די. אי-אפשר לשמוע את זה יותר. די, אי-אפשר לשמוע את זה יותר, הסתה זולה, פרועה.

אדוני היושב-ראש, חברי חברי הכנסת, אני רוצה, ברשותך, לברך את חברי לכנסת שחתומים על הצעת החוק הזאת להעלאת גיל הנישואין ל-18. זו הצעת חוק שהעלתה בזמנה חברת הכנסת לשעבר אתי לבני בכנסת החמש-עשרה. אני מנסה לקדם את הצעת החוק הזאת מהכנסת השש-עשרה, וזה לזכותה של הכנסת שהיום סוף-סוף תובא ההצעה הזאת להצבעה, והיא תעבור; והיא תפיל, הכנסת הזאת תפיל גם את ההסתייגות – אני אומרת בצער – של חברי הכנסת החרדים. זה היה ממש מחפיר לשמוע דברים שנאמרו כאן מעל הדוכן, דברים שבאים להגן? זה מה שאתם עושים, להגן על הזכות של נשים להינשא – נשים? קטינות – בגיל 16?

אני הקשבתי. אני לא מתייחסת רק אליך, חבר הכנסת. אני שמעתי שאתה אמרת שאתה מתנגד, אני שמעתי אותך. אבל אני מדברת על שאר חבריך. חברי הכנסת, יש כאן חופש בחירה? נערה בת 14, 15 – אתם יודעים, הרי, שיש עדות שבהן משיאים נערות בנות 14 ו-15 ורושמים אותן רק בגיל 17 במשרד הפנים; הרי אתם יודעים מה קורה בעדות מסוימות ובקבוצות מסוימות. זה חופש בחירה? זו זכות בחירה של נערה בת 15? היא בכלל מסוגלת לבחור אם להינשא כשבאים ומעמידים אותה לקיר ואומרים לה שהיא צריכה להינשא? השתגעתם? זה מה שאתם רוצים, שמדינת ישראל ככה תיחשב, כמדינה שחתומה על אמנות בין-לאומיות שבאות לבקש להגן על זכויות של קטינות וקטינים? אם אנחנו רוצים להידמות לנאורות שבמדינת אנחנו צריכים להתאים את עצמנו לסטנדרטים בין-לאומיים, והסטנדרטים האלה קובעים שקטינות וקטינים זכאים לזכות לחינוך עד גיל 18, ולעבור את מערכת החינוך, ולא להינשא בגיל 16, ולא בגיל 17, אלא להתפתח ולחיות ולקיים חיים של אנשים מתוקנים בגירים. הרי מה הנתונים מלמדים? שהנערות האלה סובלות אחר כך מעוני ואלימות, ובסופו של דבר גם מתגרשות, כי כופים עליהן, כי יש כאן אנשים לא מפותחים, עדיין לא מפותחים. כששמעתי את דברי ההסתה של נסים זאב ואייכלר והאחרים שמשווים את ""נשות הכותל"" לגיל הנישואין – כן, אתה יודע מה, חבר הכנסת אייכלר? יש משהו אחד דומה. זו אותה תפיסה שמבקשת להדיר נשים מהמרחב הציבורי.

נשים צריכות להיות בבית, כבודה בת מלך פנימה. בנות 17-16, הן כבר תהיינה נשואות בבית. ואחר כך הן גם לא תלכנה להתפלל בכותל, לממש את זכות הבחירה לפולחן, לשוויון ולכל דבר אחר. לכן, חברי חברי הכנסת, אני חושבת שהיום זה יום חשוב לכנסת – – –

תודה רבה לך, חבר הכנסת דרעי. גם אני מעריכה אותך, חבר הכנסת דרעי.

אל תתווכח אתי בכלל, זה חברי כנסת מהסיעה שלך, עומדים לי פה ומצדיקים את זכותן של נשים להינשא בגיל 12.

זה היה דור אחר וזמנים אחרים. תאפשר לי, חבר הכנסת דרעי, ותעשה את ההבחנה בין נורמות שהיו בדור אחר, בזמנים אחרים, לבין מדינת ישראל 2013, מדינה מתוקנת.

לכן, חברי חברי הכנסת – אני מסיימת, אדוני – החוק הזה הוא לכבודה של הכנסת ולכבודם של חברי הכנסת המציעים, ואני רוצה להודות ליושב-ראש ועדת החוקה, שקידמת את היוזמה הזאת והבאת את זה להצבעה היום. חיכינו לזה הרבה שנים, יותר מעשור. תודה רבה.",1,
279334,2013-12-17,נאומים בני דקה,"אדוני היושב-ראש, אני רוצה לנצל את עמידתי כאן ולמחות על כך שאתה מאפשר לוועדת הכספים להתכנס עכשיו. אין שום מצב חירום, אין שום העברה שנדרשת עכשיו ומייד, דחוף-דחוף. אני ממש לא מבינה את שיטת העבודה הזאת. הכול נובע מזה שהקואליציה לא מסתדרת בינה לבין עצמה: יש עתיד רבה עם הבית היהודי, הבית היהודי עם יש עתיד, ואנחנו צריכים עכשיו להפסיק את הדיון במליאה וללכת לדיון בוועדת הכספים? אני לא מבינה את שיקול הדעת הזה. הערה נוספת, אדוני היושב-ראש, שהתכוונתי לומר מלכתחילה. אני מצטרפת כאן לחברי ופונה לראש הממשלה ומבקשת ממנו להפסיק לשמור על זכות השתיקה. כמה זמן עוד תשמור על זכות השתיקה, אדוני? אתה הרי יודע לדבר נהדר, בעיקר אתה מדבר נהדר באנגלית כשאתה מסביר לציבור בחו""ל איזה זכויות מדהימות יש כאן לקהילת הלהט""בים. איזה זכויות מדהימות. אבל כשזה מגיע לכאן, לכנסת ישראל, לא שמענו מה דעתך. מה דעתך על מתן זכויות לקהילה? מה עם נישואים אזרחיים? מה עם, למשל, חופשת לידה לבני-זוג מאותו מין? מה עם הלוואות לדיור לבני-זוג מאותו מין? ואיסור על אפליית תלמידים, החזר הוצאות כספיות למי שנישא בחו""ל. משום מה שמענו את כולם – שמענו את הבית היהודי, שמענו את יש עתיד, אחד עושה מניפולציה על גבו של השני, וכנסת ישראל משלמת את המחיר, והקהילה הגאה בוודאי משלמת את המחיר. ורק ראש הממשלה שותק? פתאום הוא שומר על זכות השתיקה? אז אני קוראת לו ומצטרפת לקריאה של קהילת הלהט""בים: אדוני ראש הממשלה ביבי נתניהו, הגיע הזמן שתצא מהארון. תודה רבה.",10,
279737,2013-12-25,"הצעת חוק לתיקון פקודת מס הכנסה (מתן נקודות זיכוי בגין ילדים לבני-זוג מאותו המין), התשע""ד–2013","אדוני, זו לא שאלה קנטרנית – – –

אדוני היושב-ראש, זו לא שאלה קנטרנית, זו שאלה מהותית, ולא קיבלנו תשובה עליה.

אדוני, אני רוצה לשאול: האם ייתכן שסיעת הבית היהודי, שהיא סיעה מכובדת, לא אומרת אמת לגבי ההסכמים שלה עם יש עתיד? אני רוצה לקבל הבהרה. אנחנו רואים גם את ההתייעצות כרגע. אנחנו רוצים לדעת. אנחנו שמענו מה אמרה חברת הכנסת איילת שקד, ושמענו מה אמרה חברת הכנסת עדי קול. לא יכול להיות שיעשו מאתנו צחוק. עושים צחוק מהחוק. פשוט משתמשים בנו כתפאורה לאיזה הסכם מפוקפק על הגב של הקהילה הלהט""בית. אנחנו רוצים תשובה.

אם יש הסכם, כתוב או לא כתוב.

אדוני היושב-ראש, שאלתי שאלה קצרה, פשוטה, שמתבססת על דבריה של יושבת-ראש סיעת הבית היהודי, חברת הכנסת איילת שקד, שאמרה שיש הסכם. עמד השר על הדוכן, ובלי להניד עפעף פשוט לא ענה על השאלה שלי. אדוני, מה הכנסת צריכה להבין מזה? שר האוצר מצפצף עלינו? אני לא מבינה את זה.",1,
279773,2013-12-25,הצעת חוק-יסוד: חופש הדת והמצפון,"אדוני היושב-ראש, תודה רבה, חברי חברי הכנסת, הצעת החוק שאני מתכבדת להציג בפניכם היום היא הצעת חוק-יסוד: חופש הדת והמצפון, וההצעה בעצם מבקשת לתת עיגון חוקתי, הייתי אומרת, לנישואים אזרחיים וגירושים אזרחיים, להפרדת הדת מהמדינה. ראינו רק לפני כשעה את הספין המכוער של יש עתיד, איך הם ניסו להרוויח כמה נקודות על גבה של הקהילה הלהט""בית באמצעות איזו פשרה מפוקפקת או עקומה עם הבית היהודי על הטבות מס או על נקודות מס. הצעת החוק שאני מתכבדת להציג כאן היום בעצם מבקשת לתת מעמד חוקי, לגיטימי, לבני-זוג מאותו המין, ולא מתפשרת על כל מיני עסקאות פוליטיות מפוקפקות – היה הסכם, חברים, או לא היה הסכם? שמעתם את שר האוצר עונה אם היה הסכם או לא היה הסכם בין יש עתיד לבית היהודי? לא שמענו. מה זה אומר, כשהבית היהודי אמר שהיה הסכם? ולכן, חברי חברי הכנסת, כדי למנוע את הפארסה הזאת, כדי להגיע למצב שיהיה אפשר להפריד כאן את הדת מהמדינה, ולבטל את המונופול הדתי של הרבנות הראשית, כדי להבטיח את האופי הדמוקרטי של מדינת ישראל, צריך לתת מעמד שווה לזרמים השונים ביהדות, צריך לאפשר לכל אדם להינשא ולהתגרש על-פי אמונתו, על-פי מצפונו, וההצעה שאני מגישה לכם כאן היום מבקשת בעצם לאפשר פלורליזם בחינוך וקבורה אזרחית, ולקבוע שהמדינה תממן באופן שוויוני את כל הזרמים ואת כל הדתות. חברי חברי הכנסת, הצעת החוק שלי מדברת על חופש דת וחופש מדת; על איסור הפליה מטעמי דת; על חופש מכפייה דתית; על מניעת פגיעה ברגשות הדתיים; על הזכות לגירושין ונישואין; על הזכות לחינוך ילדים קטינים; על הזכות לקבורה; על מימון שירותי דת; על פגיעה בזכויות בכלל ועל תחולה על רשויות השלטון. אני בחרתי לפרט לכם את האופן הזה, שבו ההצעה מוגשת. אני רוצה להזכיר לכם, אני זוכרת קבוצה של מפלגות שלפני הבחירות נתנו לציבור התחייבות על נישואים אזרחיים. וכשאנחנו רואים איפה ההתחייבות הזאת עומדת, פתאום אנחנו רואים שמגישים בכנסת הזאת כל מיני הצעות, רק לא קוראים להן נישואים אזרחיים. מי שרוצה באמת להבטיח את הזכויות האזרחיות של אזרחי ישראל, מי שרוצה להבטיח את הזכויות של קהילת הלהט""בים, זה רק מי שמחויב לחוקה, לדמוקרטיה, ולא לכל מיני פוליטיקות קטנוניות ולעסקאות מפוקפקות. אם הקואליציה היום מצביעה נגד הצעת החוק שלי, זה אומר שאנחנו רואים כאן פוליטיקה קטנונית, שלא מאפשרת לכל אדם לנהל את חייו האישיים לפי תפיסת עולמו; שלא מאפשרת להגן על חופש הדת ועל חופש מדת של אזרחי המדינה. יש כאן הזדמנות, חברי חברי הכנסת, אם החוק הזה יעבור, אם המעמד הזה יעוגן בחקיקת-יסוד, שלא נצטרך להתווכח יותר על הטבות מס; שיהיה אפשר לתת זכויות מלאות לקהילה הלהט""בית; שיהיה אפשר להפריד את הדת מהמדינה ולבטל את המונופול של הרבנות הראשית; שיהיה אפשר לתת לאזרחי ישראל להתקיים כדמוקרטיה לאורך זמן; לאפשר זכויות מלאות לנשים, לקבוצות אחרות בחברה הישראלית. אבל למה אנחנו עדים, חברי חברי הכנסת? היינו עדים קודם למופע, הייתי אומרת, פארסה; שאל חברי חבר הכנסת ניצן הורוביץ את שר האוצר לפיד, אם החוק שהוגש כאן היום על-ידי חברת הכנסת עדי קול יקודם כחוק לקריאה ראשונה, שנייה ושלישית. האם שמענו תשובה על כך? האם הייתה התחייבות שהחוק הזה, שהכנסת הצביעה עליו בקריאה טרומית, יגיע כחוק לקריאה שנייה ושלישית? והאם כששאלתי את שר האוצר לפיד אם יש הסכם עם הבית היהודי אחרי שחברת הכנסת איילת שקד, יושבת-ראש סיעת הבית היהודי, הודיעה שנחתם הסכם כתוב עם יש עתיד, האם שר האוצר ענה? אדוני היושב-ראש, האם העובדה שלא מדובר בתקציב המדינה שמחייב ממשלה או שרים בממשלה להודיע האם נחתמו הסכמים – האם זה לא מעלה שאלה ששר יכול לעמוד כאן, הגם שלא מדובר בתקציב המדינה, ולומר לא-אמת לכנסת ולהתחמק מתשובה לכנסת? אדוני היושב-ראש לשעבר, האם זה מתקבל על הדעת ששר בממשלת ישראל, אי-אפשר לחייב אותו לומר אמת לכנסת?

אדוני היושב-ראש, על בסיס הצעת החוק שלי חופש הדת והמצפון צריך להינתן לכל אזרחי ישראל, ואני תומכת בחופש הפולחן של יהודים בהר-הבית, אבל אני עושה הבחנה בין הזכות למימוש הזכות.

מי שמבקש בימים האלה להתפלל בהר-הבית מבקש לייצר פרובוקציה שתצית כאן את כל האזור.

האם אני תומכת בזכות שלך? כן. האם אני חושבת – – –

– – – האם יש תבונה פוליטית בעלייה היום להר-הבית כדי להצית כאן את כל האזור? התשובה היא לא.

לא, ממש לא. אל תחלק לי לציונים.

הצעת החוק שלנו, של סיעת מרצ, מבקשת לתת מעמד של חוק-יסוד לדבר הכי בסיסי בדמוקרטיה: לזכות לבחור באיזה אופן אנשים במדינה דמוקרטית – שמבקשת להתיימר להיראות דמוקרטית מתוקנת – יוכלו להינשא, יוכלו להתגרש. דרך אגב, אני בעד להשאיר את הנישואים האורתודוקסיים על כנם, על מקומם; אני רק מבקשת לאפשר חלופות לנישואים – שבצד הנישואים האורתודוקסיים יהיו נישואים אזרחיים, יהיו נישואים רפורמיים, יהיו נישואים קונסרבטיביים, שכל קהילה תוכל לבחור לעצמה את האופן שבו היא מבקשת לממש את הזכות הבסיסית לנישואים, לא על-ידי כפייה של מונופול אחד, של הרבנות הראשית, על החיים שלנו כאן. הדבר הזה מתייחס לזכויות של כל בני-האדם במדינת ישראל, לזכויות של הקהילה הגאה, הקהילה הלהט""בית. יותר קל להתעסק בכל מיני הטבות מס. אני לא מזלזלת בהטבות מס, אבל יותר קל להתעסק בצ'ופצ'יק של הקומקום במקום להתעסק בבעיה כולה; במקום להתייחס לבעיה כולה, שתאפשר לנו כאן, אזרחי המדינה, לחיות על-פי צו מצפוננו. לכן, חברי חברי הכנסת, אני רוצה לומר כמה דברים ולסיים. מה שראינו קודם, בהצעת החוק שהייתה כאן, זו פארסה, זה איך מבקשים לעשות ספין על גבו של הציבור – על גבו של הציבור – כאילו מנסים להיטיב עם זכויות הקהילה הגאה. אני רוצה להודיע כאן – אמרנו את זה גם בהנהלת האופוזיציה – סיעת מרצ מחויבת לזכויות הקהילה הגאה, אבל סיעת מרצ היא לא בכיס של אף אחד, ואם מישהו חושב שהוא יכול להפעיל לחצים בתוך הקואליציה – בעיקר אני מדברת על סיעת יש עתיד – ולהסתמך על הקולות של מרצ כי מישהו חושב שאנחנו בכיס שלכם באופן אוטומטי, אז אני אומרת לכם, חברי חברי הכנסת, אל תבנו עלינו. המחויבות שלנו לקהילה הלהט""בית נבנתה במשך שנים; יש לנו חבר כנסת הומו גאה מוצהר שמחויב ונאבק על זכויות הקהילה הלהט""בית עוד לפני שהגעתם לכאן, ושמישהו מכם העז להטיף מוסר לאגף הזה? מה אתם עשיתם בשביל זכויות הקהילה הגאה? אז תתביישו לכם לפני שאתם בכלל שואלים את השאלה הזאת.",10,"The speech strongly advocates for civil marriage and divorce, emphasizing the need for legal recognition and equality for all couples, including same-sex couples."
279862,2013-12-30,הודעת הממשלה על העברת שטחי פעולה ממשרד למשרד: ועל העברת סמכויות משר לשר,"אדוני היושב-ראש, חברי חברי הכנסת, אנחנו נתמוך. שכנע אותנו השר בהודעה שלו – אנחנו נתמוך. אבל אני רוצה להתייחס לכותרת שאני רואה עכשיו באתר ynet, חברי חברי הכנסת, והכותרת אומרת כך: לא מחכים לכנסת. רשות המסים מעניקה נקודות זיכוי לזוגות חד-מיניים. אני מברכת על כך, דרך אגב. אני תומכת בכך. אבל מה – – –

כנראה לא תהיה כל כך מהר. כנראה לא תהיה כל כך מהר שר האוצר, אדוני. אבל אני שואלת: האם רשות המסים לא כפופה למשרד האוצר, אדוני השר? אז מה עשיתם לנו את החגיגה הזאת בכנסת בשבוע שעבר?

עשיתם צחוק מהכנסת. האם שר האוצר לא ידע שרשות המסים הולכת לתת הטבות? אני תומכת בזה.

למען הסר ספק, אני מברכת על זה אפילו. אבל לא עשיתם צחוק מהכנסת? לא עשיתם צחוק מהחוק כשהבאתם לכאן הצעת חוק כשידעתם מראש שהיא לא תעבור כחוק, כשחתמתם על הסכם בין סיעות הקואליציה, כפי שאמרה יושבת-ראש סיעת הבית היהודי שיש הסכם? עשיתם צחוק מאתנו. זה ביזיון לחקיקה; זה ביזיון לכבודה של הכנסת. אבל אולי אם הזוגות החד-מיניים, בני-זוג מאותו המין, ייהנו מזה בסופו של דבר, אז אולי הפעם הזאת נעביר לכם. בפעם הבאה זה לא יעבור. תודה.

יכול להיות שזה בגלל ההסכם עם יהדות התורה?

איתן כבל וניצן הורוביץ זה אותו דבר?",8,
282899,2014-03-19,"צו האזרחות והכניסה לישראל (הוראת שעה) (הארכת תוקף החוק), התשע""ד–2014","אדוני היושב-ראש, חברי חברי הכנסת, כל שנה עומד כאן שר הפנים, גדעון סער, עוד החל מתפקידו, למיטב זיכרוני, כמזכיר הממשלה, נותן יד לחוק המביש, המחפיר, שקורע משפחות, בני-זוג, ילדים. הצעת החוק מוגשת כהוראת שעה; להערכתי, היא כבר מוארכת בפעם ה-15, או ה-12, אני אפילו לא זוכרת כמה פעמים – –

לא, לא, אני אגיד לך למה, כי פעם הארכתם את זה בחצי שנה ואחר כך בעוד חצי שנה. זה לא אחת לשנה.

אדוני, אתה מפריע לי. – – וכל פעם הגעתם לכאן, ובכסות של טיעונים ביטחוניים אתם משתמשים בהפחדה כדי לעשות מהלך, שאין דרך אחרת להגדיר אותו – במסווה של חקיקה והוראת שעה אתם נותנים יד לנורמה קבועה וגזענית של חקיקה שמטילה מגבלות דרקוניות על חופש הנישואים. מה אתם מבקשים לעשות? לגרום לילדים שלא יהיה להם ביטוח בריאות, לגרום לילדים שלא יוכלו ללכת למערכת החינוך? ילדים להורים שנישאו, שלא יכולים לממש את הנישואים שלהם כאן, במדינת ישראל, כי אתם מתייחסים לכל הערבים הישראלים כאיום קולקטיבי, או כל הפלסטינים הם מחבלים בפוטנציה? כל מי שהתחתנו אתו הוא מחבל בפוטנציה. זאת ההתייחסות שלכם. חברי חברי הכנסת, אני שומעת את שר הפנים עומד כאן מעל הדוכן ואומר: קיבלתי חוות דעת עדכנית של השב""כ, וכל פעם אנחנו שומעים את חוות הדעת העדכניות האלה. אז פעם זה טיעון ביטחוני, ופעם זה טיעון דמוגרפי, וכל פעם הטיעון הזה משתנה, בהתאם לצורך של הממשלה שבשלטון. חברי חברי הכנסת, זו הצעת חוק מחפירה. זו הצעת חוק שאין לה מקום. עומד כאן השר על הדוכן ומסביר איך הוא אישר 30% מהבקשות על בסיס הומניטרי. 30% מכמה? כמה בקשות הוגשו, כמה בקשות בכלל לא הוגשו, כי אי-אפשר להתמודד עם המצב הבלתי-אפשרי הזה? חברי חברי הכנסת, אני קוראת לכם להתנגד לחוק הזה. זה חוק מחפיר, זה חוק שאין לו מקום בספר החוקים. גם ככה אני רוצה לסיים ולומר: לשר הפנים יש שיקול דעת מאוד מאוד רחב, גם לפני חקיקת החוק הייתה לו אפשרות לאשר איחוד משפחות בתהליך מדורג, אחרי בדיקה מאוד מאוד פרטנית ומדוקדקת של מצבם של בני-הזוג שמבקשים להתאחד. במקום זה, גוזרים על משפחות שלמות מגבלות דרקוניות, שהייתי אומרת שהן מוציאות שם רע בעולם למדינת ישראל, שמתיימרת להיראות מדינה דמוקרטית, מתוקנת, שמאפשרת לממש את הזכות של כל אדם לשאת את בחיר או בחירת לבו. אני קוראת לכם להתנגד לחוק הזה. תודה.

היום היא לא הייתה לוקחת אותך.

אתה מדבר בשם הציבור? מי שם אותך לדבר בשם הציבור?",1,
289343,2015-06-15,"בקשת הממשלה להאריך בצו את תוקפו של חוק האזרחות והכניסה לישראל (הוראת שעה), התשס""ג–2003","גברתי היושבת-ראש, תודה רבה, חברי חברי הכנסת, אין קבוע כמו הזמני. הוראת שעה היא דבר זמני. אני מעריכה שהכנסת הזו כבר עשר פעמים, לדעתי יותר, מאריכה את תוקף הוראת השעה שמבקשת למנוע איחוד משפחות בין אזרחים ערבים, אזרחיות ערביות, תושבי מדינת ישראל, לבין מי שהם בחרו לחיות אתם את חייהם, בגדול, מהרשות הפלסטינית. מה שהכנסת הזו הולכת עכשיו – ושוב, בפעם העשירית או יותר מזה – זה להיות חותמת גומי ולהכשיר את השרץ של אחת החרפות שמכתימות את ספר החוקים הישראלי, וזה חוק איחוד משפחות. אני עתרתי בעבר פעמיים ביחד עם ארגוני זכויות אדם נגד החוק הזה. כל פעם התירוץ משתנה. כשהביאו את החוק הזה לראשונה, לא היה נעים לדבר על טעמים ביטחוניים; עמד השר סילבן שלום ואמר כאן: יש טעמים ביטחוניים. בפעמים הקודמות דיברו על שיקולים דמוגרפיים. פתאום כל אזרח ערבי בישראל הופך למפגע בפוטנציה – זה מה שאומרת כנסת ישראל, ממשלת ישראל, כשהיא באה לאשר את הוראת השעה הזו, את השרץ המתועב הזה, שמכניס לספר החוקים חוק – לדעתי, כבר אפשר לקרוא לזה חוק, לא הוראת שעה – חוק שקורע אלפי ילדים מהוריהם, לא מאפשר נישואים, רק על רקע אתני לאומי, כי מדובר על אזרחים ערבים במדינת ישראל. אין חוק כזה בספר החוקים, אין חוק כזה שמטיל מגבלות דרקוניות על האפשרות להינשא, על האפשרות לחיות חיים; אמר חברי עיסאווי פריג', על הזכות להתאהב. האם זה מתקבל על הדעת שכשאזרח יהודי במדינת ישראל מתאהב באישה או בוחר את בחירת לבו מאיזה מדינה באירופה, ויכול לעשות אתה איחוד משפחות ולהביא אותה לארץ ולחיות אתה את חייו, וכשאזרח ערבי מטייבה או, לא יודעת, מקלנסואה, נישא למישהי מטול-כרם, הוא לא יכול לחיות אתה? אלפי ילדים במדינת ישראל ללא מעמד כתוצאה מקריעת משפחות, כתוצאה מזה שאנשים נאלצים להיפרד. עכשיו גם נעלמה כבר הבושה, גברתי, ובזה אני רוצה לסיים. תמיד אמרו: יש חשש לסיכון ביטחוני. אני לא מזלזלת לרגע בסיכון ביטחוני, אבל כשעומד כאן שר הפנים ובריש גלי עומד על הבמה ואומר: השיקול שלנו הוא טעמים ביטחוניים – אני חושבת שזה מחפיר. אני קוראת לכם, חברי באופוזיציה, להתנגד להצעת החוק הזאת.",1,
290315,2015-07-06,"הצעות סיעות המחנה הציוני, הרשימה המשותפת, יש עתיד ומרצ להביע אי-אמון בממשלה בשל:: 1. שנה אחרי ""צוק איתן"", המצב הביטחוני בדרום על סף קריסה והקיפאון המדיני נמשך;: 2. אוזלת ידה של המשטרה בטיפול בפשיעה, באלימות ובנשק בלתי חוקי בחברה הערבית;: 3. אוזלת היד של הממשלה בהתמודדות עם המצב הביטחוני בדרום, ביו""ש, בירושלים וברמת-הגולן והפגיעה בביטחון האישי של אזרחי ישראל;: 4. אובדן הדרך של הממשלה בתחום המדיני, החברתי והכלכלי","אדוני היושב-ראש, אני אנמק את אובדן הדרך של הממשלה במישור האזרחי, החברתי והכלכלי, אבל בראש ובראשונה האזרחי, בעקבות ישיבת הממשלה אתמול וההחלטות שלה בנושאים שקשורים – בגדול, אני אקרא לזה – לסוגיות של דת ומדינה. אני רוצה לומר שהגיע הזמן להגיד די למונופול של היהדות האורתודוקסית ודי לחטיפת היהדות בישראל על-ידי קבוצה קיצונית שהפכה אותה למנגנון פוליטי. ואני אומרת לכם שבאופן הזה ממאיסים את היהדות על היהודים, והגיע הזמן שהציבור בישראל, שרוצה מדינה חופשית ודמוקרטית, יתאחד ויגיד בקול גדול: צאו לנו מהצלחת, צאו לנו מהחופה, אל תתערבו לנו בגירושין ותנו לנו להתגייר. אני אומרת לכם, חברי חברי הכנסת, זה ממש לא משנה אם מי שישלוט ברבנות יהיו החרדים או הדתיים הלאומיים – את המונופול של הרבנות ואת השליטה שלה על החיים שלנו צריך לא רק לא להדק אלא לפרק לחלוטין. כי כשאנחנו מסתכלים על החלטת הממשלה אתמול לבטל את רפורמת הגיור, להעביר את בתי-הדין הרבניים מפיקוח אזרחי של משרד המשפטים למשרד הדתות – משרד הדתות, עם כל ההערכה והחיבה לשר דוד אזולאי, המשרד הזה פועל מתוך תפיסה מגזרית שתפגע בעגונות ובמסורבות הגט ובנשים שנאלצות להתגרש דרך הרבנות – ולקדם חוק כשרות שנראה כאילו נלקח היישר מרחובות טהרן – זו החלטה מקוממת, זו החלטה מסוכנת. חברי חברי הכנסת, כמו במקרה של הגז, גם כאן מונופול דורסני ותאב כוח מקבל מהממשלה על מגש של כסף שליטה בחיים של כולנו, בניגוד לטובתו ולרצונו של רוב הציבור. אתמול ביטל ראש הממשלה נתניהו, על-פי הדרישה של ש""ס ויהדות התורה, את רפורמת הגיור שהממשלה שלו אישרה בקדנציה הקודמת, רפורמה שנועדה לאפשר לרבני ערים להקים בתי-דין לגיור. צריך לומר שהגיור שהיה מקובל עד אז משקף את הפירוש החמור ביותר של ההלכה וממש לא משקף את אורחות חייהם של רוב אזרחי ישראל. היוזמה של חבר הכנסת לשעבר אלעזר שטרן לערוך גיור בידי רבני ערים, מבחינתי הייתה צעד קטן כלפי מי שהיה מוכן לתת אמון בגיור הממלכתי. אני רוצה להזכיר לכם, חברי חברי הכנסת, שבית-המשפט העליון קבע בזמנו שאף שמושג הגיור הוא דתי במהותו, הרבנות הראשית לא צריכה להיות הגורם שמופקד על הפרשנות שלו ועל היישום שלו בכל מה שנוגע לרשויות המדינה האזרחית. ולמרות זאת, בעקבות החלטת הממשלה אתמול, הרבנות שטוענת שהשליטה שלה בגיור – היא אומרת – היא חיונית לאחדות העם, אותה רבנות תמשיך לקבוע מי יקבל אשרת כניסה לעם היהודי. ההחלטה הזאת, חברי חברי הכנסת, היא רק אחת משרשרת החלטות בענייני דת ומדינה שהתקבלו אתמול, שבכולן, בכל ההחלטות האלה, ראש הממשלה נתניהו הבהיר באופן ברור שההחלטות האלה נועדו להישרדות הפוליטית שלו, וההישרדות הפוליטית שלו הרבה יותר חשובה מהאינטרס הלאומי. שימו לב שהמהלכים האלה שהממשלה מתכוונת לקדם לא רק יהפכו את הגיור לבלתי אפשרי למאות או מאות-אלפי ישראלים שימשיכו להיחשב כאזרחים סוג ב', הם גם ימחקו את החוק של מרצ ואחרים להבטחת ייצוג בוועדה למינוי דיינים, יחסלו את ההתחשבות בזכויות אדם ובעיקר בזכויות נשים בהליכי גירושין ובכל סוגיה שמגיעה לבתי-הדין הרבניים. הם יהפכו את כל מי שמבקש להחזיק עסק כשר מבלי לשלם שוחד לרבנות – הם יהפכו אותו לעבריין לכל דבר, ויהדקו את השליטה של הרבנות בחיי כולנו. זה מדהים שלש""ס ויהדות התורה יש בממשלה הזאת ביחד 13 חברי כנסת, 13 מנדטים, ושאר הקואליציה מאפשרת להם לממש את הגחמות שלהם במסגרת ההסכמים הקואליציוניים בכל מה שקשור לענייני דת; ואני מדברת על הקשחת מונופול הרבנות על הכשרות, הידוק שליטת הרב הראשי על הליכי הגיור בישראל והעברת בתי-הדין הרבניים ממשרד המשפטים למשרד הדתות שבשליטת ש""ס. בואו נגיד גם משהו על העברת בתי-הדין הרבניים: שנים הם היו בידי משרד המשפטים, שנים היה שם קיפאון, כי משרד המשפטים נכשל בכל דרך אפשרית להביא למינוי דיינים ולשפר את המערכת. כשרואים מה היה שם ברבות השנים, במקום שהממשלה תפגין אחריות ותטלטל את כל המערכות האלה ותשקם את העסקה הישנה הרעה שבה שלטון מוסר את ניהול שירותי הדת לידי המפלגות החרדיות כדי שיהיה לו איזה שקט פוליטי או שקט תעשייתי, הממשלה הזו החליטה אתמול שלוש החלטות, והמשותף לשלוש ההחלטות האלה, גם בעניין הכשרות, גם בעניין הגיור ובעניין בתי-הדין, הוא שאין להן שום הצדקה עניינית חוץ מהישרדות פוליטית. צריך לומר, חברי חברי הכנסת, וכדאי שנגיד את זה: אנחנו נמצאים בעימות בין שתי השקפות של היהדות, שתי השקפות של היהדות על דמות המדינה היהודית, מי שרוצה כאן מדינה יהודית. השקפה אחת רוצה כאן ישראל נאורה, מודרנית, ליברלית ודמוקרטית, שמוכנה גם להפרדת הדת מהמדינה; והשקפה שנייה רוצה כאן ישראל קנאית, חרד""לית, גזענית, לאומנית ומסיתה נגד כל מי שהוא אחר. יש כאן קרב אמיתי, והוא לא רק בין שמאל לימין אלא בין כל מי שמבקשים לקיים פה דמוקרטיה לבין מי שמבקשים לפרק אותה ולהקים תחתיה ממלכה משיחית, סוג של תיאוקרטיה חומייניסטית ליהודים בלבד. שימו לב מה קורה – הפלורליזם מאיים על הקנאים האלה. הקביעה הרדיקלית הזו שכל בני-האדם שווים מנוגדת ניגוד חריף לתפיסת העליונות הגזענית. הטענה שנשים וגברים שווים – – –

– – – שגברים וגברים שווים ושנשים ונשים שוות, היא דבר כפירה בציווי הגירוש והרדיפה שעל-פיו הם חיים.

מה שקורה כאן, שברבות השנים דין שמים החליף את דין מלכות ביחס לבני-זוג מאותו מין, ללא-יהודים בישראל, כלפי כל מי שרוצה לקיים כאן חיים נורמליים מחוץ לאורתודוקסיה.

חברי חברי הכנסת, ועל זה נאמר, ועל זה נאמר – – –

חברי חברי הכנסת, ועל זה נאמר: מה עניין שמיטה להר-סיני?

ברור, חברי חברי הכנסת, שתנאי ראשון ובל יעבור לקיומה של יהדות חופשית הוא מתן מעמד שווה לחלוטין – הדגש הוא: לחלוטין – לזרמים הלא-אורתודוקסיים, הפרדה מלאה של דת ומדינה, כמו שאנחנו מציעים, וניתוק המונופול הכופה והבלתי-רצוי של הרבנות החרדית על האופן שבו יהודים בישראל מנהלים את החיים שלהם: למשל, החלת נישואין אזרחיים בישראל שיאפשרו גם למנועי חיתון וגם לזוגות חד-מיניים להינשא; למשל, הכרה בגיורים רפורמיים ולא רק בגיורים אורתודוקסיים, גיורים קיצוניים שמתעללים בכל מי שלא מקבל עליו את עול ההלכה. קבלה כזאת תאפשר ליישם במדינת ישראל את היהדות שאנחנו כן רוצים בה. יהדות חופשית צריכה לאפשר שוויון זכויות מלא בין נשים לגברים בישראל, ולא להדיר נשים, כפי שעושה היהדות הרשמית – פוסלת אותן ממתן עדות בבתי-דין רבניים, מנציחה את הסבל של מסורבות גט, משפילה נשים בפני דיינים ולא מאפשרת להן לקחת חלק פעיל כדיינות באותה מערכת משפט שהן, הנשים, חייבות לעבור דרכה. חברי חברי הכנסת, לסיום, מדינת ישראל מתגאה בזה שהיא יהודית ודמוקרטית, אבל בשנים האחרונות היא הופכת להיות הרבה יותר אורתודוקסית והרבה פחות דמוקרטית. וזו שעתה, חברי חברי הכנסת, של הממלכה בישראל לקום ולדרוש דין אחד – דין מלכות האדם ולא דין שמים. תודה, אדוני.

אבל, אדוני, ראינו מה היה כאן בשנים האחרונות.

אדוני השר, זה לא רק עניין – –

– – שמעבירים את בתי-הדין הרבניים ממשרד המשפטים למשרד – – –",10,
290499,2015-07-08,"הצעת חוק נישואין וגירושין, התשע""ה–2015","אדוני היושב-ראש, חברי חברי הכנסת, אני עומדת לנמק את הצעת החוק של סיעת מרצ על נישואים אזרחיים, אבל אני לא יכולה שלא להתייחס לבריחה המחפירה של ישראל ביתנו מהצעת החוק של יש עתיד לברית הזוגיות. אני, זה לא סוד, תומכת – – –

– – המורחבת יותר. ואני – – –

זה הרמדאן של ישראל ביתנו. בושה וחרפה. יושב-ראש ישראל ביתנו אביגדור ליברמן, מי שדיבר בשם מנועי החיתון, עשה משברים קואליציוניים על מנועי חיתון, בורח מהמליאה בהצבעה של יש עתיד. ואין ספק שהוא יברח גם בהצבעה על הצעת החוק של סיעת מרצ לנישואים אזרחיים. איזו בושה. אני תוהה, חברי חברי הכנסת, אני רוצה להפריח באוויר השערה למה ישראל ביתנו לא היו בהצבעה הקודמת ולמה הם לא יהיו עכשיו. יכול להיות שזה קשור, חברתי חברת הכנסת גרמן, לעסקה סיבובית שקשורה לבחירות לוועדה לבחירת שופטים? יכול להיות שיש בזה משהו, שביקשו מהם לא להצביע בעד ההצעה הזאת שלכם תמורת אולי תמיכה בנציג מהאופוזיציה, דהיינו מישהו מישראל ביתנו, בוועדה לבחירת שופטים? הייתכן שיש רגליים לסברה הזאת? לא יכול להיות, נכון?

לא יעלה על הדעת, חברת הכנסת גרמן.

את צודקת, זה נכון. חברי חברי הכנסת, לפני כמה ימים, או לפני שבועיים, בערך, בית-המשפט העליון בארצות-הברית פסק פסיקה היסטורית, הכיר בנישואים חד-מיניים. בפסיקתו ציין העליון האמריקני שהחוקה האמריקנית מבטיחה לאזרחים שלה הגנה שוויונית תחת החוק, ומונעת ממדינות לאסור נישואים בין בני-זוג מאותו המין. בעקבות ההחלטה החשובה הזאת של בית-המשפט העליון האמריקני, נישואים גאים יהפכו לחוקיים בכל 50 המדינות בארצות-הברית. ואני נדרשת לזה כי בעקבות ההחלטה הזאת נשיא ארצות-הברית ברק אובמה בירך בטוויטר את בית-המשפט העליון על הפסיקה ואמר שמדובר בצעד גדול בדרך לשוויון זכויות. ואצלנו, חברי חברי הכנסת, מדינת ישראל מתגאה בכך, ויש פה אנשים שרוממו את הדבר הזה בגרונם, שהיא יהודית ודמוקרטית. אבל שימו לב מה קורה פה: בשנים האחרונות היא הופכת להיות הרבה יותר אורתודוקסית והרבה פחות דמוקרטית. וכל הדבר הזה נובע מהחטא הקדמון שכנסת ישראל חוקקה בשנת 1953, או אימצה לתוך החוק שלה את החוק הדתי שנחקק – אגיד את זה כך – לפני 3,000 שנה, חוק שמתבסס על תפיסות גזעניות, על כפייה דתית, על קיפוח נשים. חברי חברי הכנסת, בואו נקרא לילד בשמו: על-פי הדין הדתי הנשים הופכות להיות קניין, לרכוש בעליהן. הרי זה לא מתקבל על הדעת שכנסת ישראל – –

– – מחוקקת חוקים שוויוניים, מתנגדת לאפליה מגדרית, מדברת על שוויון מגדרי, ובה בעת מותירה בספר החוקים שלה חוק שבעצם מפלה בין נשים וגברים, חוק גזעני, מסוכן, אנטי-דמוקרטי, שמקפח את הזכויות הבסיסיות של אזרחים בגלל המוצא האתני שלהם, בגלל המגדר שלהם ובגלל הנטייה המינית שלהם. עכשיו אני רוצה לומר לך, ידידי חבר הכנסת פרוש, שים לב טוב: אני לא מתנגדת לנישואים אורתודוקסיים; אני מכבדת את העובדה שבמדינה מתוקנת יש קהל שזקוק לנישואים האורתודוקסיים. אני רק לא מקבלת את זה שאין בחירה בנישואים ושיש מונופול של הרבנות על הנישואים בישראל, ושאין אפשרות במדינת ישראל לבחור בחלופות לנישואים – נישואים רפורמיים, נישואים קונסרבטיביים ונישואים אזרחיים, שיאפשרו לכל איש ואיש, לכל אישה ואישה ולכל איש ואישה להינשא למי שהם בוחרים ולקבל לזה גושפנקה רשמית של המדינה. ומכיוון שהדבר הזה לא נעשה כאן במדינת ישראל, אף שבית-המשפט העליון כבר אמר שהזכות הזאת להינשא ולהתגרש צריכה להיות חלק מסל השירותים הבסיסיים שניתנים לכל אדם, למרות הדבר הזה, עדיין במדינת ישראל, במדינה שבה שני-שלישים מהציבור הישראלי, בכל סקר שתעשו, שני-שלישים מהציבור הישראלי תומכים במתן אפשרות לנישואים אזרחיים, זה לא קורה. ולמה זה לא קורה? איך אתם מסבירים את זה שישראל נמצאת באותה קבוצה של מדינות כמו לבנון או סעודיה וסוריה, שמכירות רק במונופול של הנישואים הדתיים השמרניים? למה מדינת ישראל, אני שואלת אתכם, שוללת מישראלים להינשא על-פי צו מצפונם – מחסרי דת, מזוגות בני אותו מין, מזוגות שהממסד הרבני לא מכיר בהם, מה שאנחנו קוראים ""מנועי חיתון"", מזוגות מעורבי דת, מרפורמים, מקונסרבטיבים, או סתם, סתם יהודים שלא רוצים לעבור דרך השירותים של הרבנות? למה המדינה שולחת אלפי זוגות ישראלים למדינות אחרות רק כדי לממש את הזכות שלהם להינשא שלא על-ידי רב אורתודוקסי? שלא לדבר על הזכות להינשא מבלי לעבור בחינת יהדות משפילה. אתם יודעים מה קורה לזוגות שהרבנות חושבת שהם ספק-יהודים, איזה בדיקות משפילות הם נאלצים לעבור על-ידי רבנים בבתי-הדין הרבניים? חברי חברי הכנסת, אנחנו במרצ מעלים בכל מושב את החוק לנישואים אזרחיים. לצערי, כל פעם מחדש החוק הזה נופל. אנחנו מעלים אותו שוב הפעם, כי אנחנו מאמינים במאבק רחב, רחב יותר על חופש הדת והמצפון, מאבק על הפרדת הדת מהמדינה. אנחנו לא מסתפקים רק בברית זוגיות אזרחית. אנחנו חושבים שרק הפרדה מוחלטת של הדת מהמדינה וביטול המונופול של הרבנות הראשית על נישואים וגירושים יאפשרו למדינת ישראל להתקיים כדמוקרטיה לאורך זמן, יבטיחו שוויון אמיתי בין נשים לגברים, ללהט""בים, ללא-יהודים בישראל. ולכן אנחנו לא יכולים להשלים עם זה שיש כאן שליטה, שיש כאן מונופול של הרבנות הראשית על הנישואים. אני חוזרת ואומרת, אני תומכת בהישארותו של הממסד הדתי האורתודוקסי כדי לתת שירותים לאנשים שנזקקים לו. אני נגד כל ההצעות לבטל את זה. אני מכבדת אנשים שנזקקים לממסד הדתי האורתודוקסי, לרבנות, לצורך העניין. אני לא רוצה שיתערבו לנו בחופה, אני לא רוצה שיגידו לנו איך להינשא ואיך להתגרש, ואני לא רוצה שכנסת ישראל, בגלל דילים פוליטיים כאלה או אחרים, בעצם תפיל הצעה שהיא הצעה נכונה, שהיא הצעה מכבדת שתשמור על כבוד האדם. וכיוון שאני לא רואה בספסלי האופוזיציה של ישראל ביתנו את חברי הכנסת, את ששת חברי הכנסת של ישראל ביתנו, שרוממות מנועי החיתון בגרונם, שעשו על זה משבר קואליציוני – ומכיוון שהם לא היו בהצבעה על ההצעה של יש עתיד על ברית הזוגיות, סביר להניח שהם לא יהיו כאן –  השאלה, חברי חברי הכנסת, באיזה מחיר, ומה המחיר שנתנו לישראל ביתנו. או אני אנסח את זה ככה: מה שילמו לישראל ביתנו כדי שהיא לא תהיה בהצבעות אזרחיות על חוקים או על מאבק שהם מנהלים? מה קרה כאן, חברי חברי הכנסת? למי הפתרון? מי יכול להעלות על הדעת איך ישראל ביתנו לא הופיעה?

מה? מה אתה חושב, חבר הכנסת מיקי לוי?

אתה מאמין לי? אני מפריחה השערה באוויר. איך זה ייתכן שליברמן פוצץ ממשלות כמעט – מנועי חיתון, גיור, נישואים. איך זה יכול להיות? מה אתה חושב? איך זה יכול להיות שהוא לא באולם? מה קרה? חבר הכנסת לוי, אתה אדם בקי, ישבת בממשלה בפעם הקודמת עם ליברמן, ראיתם מה הוא עשה לכם בממשלה כשלא טיפלו במנועי החיתון. ליברמן ברח. מה זה אומר שליברמן ברח? אולי זה קשור – אני מעלה שוב את ההשערה הזאת, ובזה אני מסיימת – – –

אולי פוטין. אה, ואני חשבתי שזה קשור לוועדה לבחירת שופטים. יש מצב שיש דיל? לא להצביע לנישואים אזרחיים ולברית הזוגיות תמורת הוועדה לבחירת שופטים? תודה רבה.",10,"The speaker strongly advocates for civil marriage in Israel, emphasizing the need for choice and equality in marriage laws."
293283,2015-11-04,"הצעת חוק הורים וילדיהם, התשע""ה–2015","חברי חברי הכנסת, די מדהים – אני לא שומעת את עצמי.

די מדהים לשמוע, באמת, חברתי חברת הכנסת השרה גילה גמליאל, השרה לשוויון – – –

חברי חברי הכנסת, די מדהים לשמוע את מי שממונה על המשרד לשוויון חברתי, שוויון מגדרי, מדברת כאן בשם עקרון השוויון ונותנת לגיטימציה לפגיעה בילדים. אף אחד לא נגד אבות.

נותנת לגיטימציה, ביחד עם יואב קיש, לפגיעה בילדים.

– – שבהצעת החוק הזו אתם נותנים לגיטימציה לא רק למתקפה נגד נשים – ואנחנו לא נגד גברים, ואנחנו בעד עולם אידיאלי שגברים ונשים שותפים בחלוקת הנטל בגידול הילדים. אבל מי כמוכם יודע שאין שוויון במעשה הנישואים. נשים מאוימות, נסחטות, מוותרות על רכוש, מוותרות על מזונות, מוותרות על זכויות כשהן באות לבתי-דין רבניים. והדבר היחיד שנותר, בגלל טובת הילד, זה חזקת הגיל הרך. בגלל טובת הילד. אני שואלת אתכם: אתם רוצים שבית-משפט יפסוק שתינוק יונק עובר עכשיו לרשות האב? זה נשמע לך הגיוני? באמת. באמת.

חבר הכנסת קיש, אתה מייצג כאן חבורה של גברים, שאין לי ספק – – –

חבר הכנסת חזן, תפסיק להתערב כשאני מדברת. תפסיק להתערב.

אתה מייצג כאן חבורה של גברים, שחלקם, אין לי ספק, רוצים להיות מעורבים, רוצים להיות פעילים בגידול הילדים. אין על זה ויכוח בכלל, אין על זה ספק.

לא, ממש לא, כי מה שאתה מציע עכשיו זה לפגוע גם בנשים, גם בילדים.

בשם עקרון השוויון אתה משתמש בשופטת – – –

אתה משתמש בוועדת שניט, שלא קבעה שיהיה חוק כזה; ועדת שניט הגישה המלצות. השופטת סביונה רוטלוי, שישבה בוועדה, נגד הצעת החוק שלך. כתבה מאמר נגד הצעת החוק שלך.

אתה לא מייצר הגנות לילדים.

אתה רוצה לשנות את החוק? תשנה את החוק מ-1953, חוק נישואין וגירושין. אתה מתעלם לחלוטין מהעובדה שאין שוויון היום בין נשים לגברים. אין שוויון. אם אתה תיקח להן – – –

אתה תילחם על שוויון, מה זאת אומרת.

תילחם על שוויון. אם אני אסמוך עליך – נצטרך לדאוג שאתם בעריצות הרוב, בכוח שלכם, מכריחים את חברי הקואליציה עכשיו להצביע בעד החוק הזה.

אתם רוצים עכשיו להביא למצב שילדים יהיו בסיכון. סיכון הילדים זה עליך, על הראש שלך. מה שאתם תעשו עכשיו – – –

כן, ילדים בסיכון זה עליך, זה על הראש שלך. זה מה שיהיה כאן.",1,
298826,2016-03-16,"הצעת חוק שירותי הדת היהודיים (תיקון – הסדרת ייעוד השימוש במקווה טהרה), התשע""ו–2016","אתה יכול לפתח את הנקודה הזאת?

אדוני היושב-ראש, תודה. על זה נאמר, חבר הכנסת גפני: טובל ושרץ בידו. הרי מה אתם מבלבלים את המוח? אני שומעת את שר הדתות מעלה את המקוואות על ראש שמחתנו – הרי הדיון הוא על המקוואות? אתם מביאים פה חוק עוקף-בג""ץ, כי לא המקוואות מעניינים אתכם. מה שמעניין אתכם זו דריסת הרגל – איך קראת לזה, שר הדתות? ""האנשים האלה"", לא נקבת בשמם: הרפורמים, הקונסרבטיבים. אתם מפחדים שתיפרץ כאן פרצה. רחמנא ליצלן, נשים בכותל, תהיה להן רחבה שוויונית, רחמנא ליצלן, נשים שרוצות לטבול במקווה, נשים שעברו גיור, הן ייכנסו למקוואות? אני מודה מראש, אדוני שר הדתות, אני לא טובלת, ויש כאן הרבה שלא טובלים, ולא עולה בדעתי לטבול.

מה שאתם מנהלים – אתם לא מנהלים עכשיו קרב על המקוואות. ממתי המקוואות הם בראש שמחתכם? אתם מנהלים קרב בריוני, סחטני, על קיומה של הממשלה הזו נגד ""האנשים האלה"", הוא קרא להם. יש להם שם, קוראים להם רפורמים, קוראים להם קונסרבטיבים. על מה השר ליצמן אמר שהוא יפרק את הממשלה? אם יאשרו רחבה שוויונית. לא על מספר המיטות בבתי-החולים, לא על תקציב למערכת הבריאות. ""האנשים האלה"", וואו, ""האנשים האלה"", שאפילו אנחנו לא קוראים להם בשמם.

תירגע, שמעתי אותך, חבר הכנסת מוזס, תירגע.

שמעתי אותך – – – אתה רוצה שיהיה לכם מונופול על היהדות.

– – – ""יהדות מזויפת"" אמרת עליהם. – – – שיהיה לכם מונופול על היהדות? מי שם אתכם – – –

אדוני היושב-ראש, יש כאן אנשים שמרגישים שהם השליחים של אלוהים עלי אדמות. בכל הכבוד לכם, אין לכם מונופול על היהדות – –

– – ואתם לא תגידו כאן על שופטי בג""ץ, על האנשים האלה, שהם לא מבינים. ולא יכול להיות שהכנסת הזאת תיתן יד לחוק עוקף-בג""ץ. מה המשמעות של זה? לא רק שההצעה הזאת היא בלתי חוקתית, כי היא גם פוגעת בעקרון השוויון, היא גם פוגעת בחופש הדת. ההצעה הזאת – – –

עוד פעם אתה מזמזם לי באוזן? ההצעה הזאת, חברי חברי הכנסת – – –

ההצעה הזאת, חברי חברי הכנסת, אם היא תעבור היום, היא תקבע פעם ראשונה בחקיקה, שכניסה למקומות ציבוריים – היא תאפשר לכל בן-אדם להיכנס למקומות ציבוריים, יהיה רק גוף אחד שאי-אפשר יהיה להיכנס אליו, וזה המקוואות.

רגע, אדוני, תרשה לי, נשארו לי עוד שתי – – –

אבל כל שנייה מפריעים לי. תן לי לסיים.

אדוני היושב-ראש, תן לי לסיים. אל תפחידו – זה שאתם מצליחים להפחיד את הקואליציה בשלמות שלה – אתם חוששים מזה – –

– – שיש כאן קבוצה של בני-אדם שרוצה להינשא ולהתגרש כמו שהיא רוצה, שרוצה לחיות את חייה באופן שוויוני.",10,
302442,2016-07-25,"הצעת חוק שירותי הדת היהודיים (תיקון מס' 21), התשע""ו–2016","חברי חברי הכנסת, ידידי חבר הכנסת גפני – מה קורה לכם? תגידו, מה קורה לכם? איזה קרבות אתם מנהלים? על מה? על מה אתם מנהלים את הקרבות – – –

אני אשתדל, אדוני שר הבריאות. הבעיה שאתם לא מחדשים, אתם תקועים באותו מקום, כל הזמן, לא נפתחים לכלום, לא – – –

אל תיכנס בדברי, אל תיכנס בדברי, תשמע מה שיש לי להגיד. ומה שיש לי להגיד הוא הרבה יותר גדול מחוק המקוואות, כי הסיפור כאן זה לא המקוואות. אומנם הנשים האלה שמבקשות להתגייר ולטבול במקווה תשלמנה את המחיר, כי חוקקתם חוק רקוב שמאפשר למועצה דתית שיקול דעת מי תטבול ומי לא. אני חייבת להודות שגם אני, כמו חברתי תמר זנדברג, מעולם לא טבלתי ולא מתכוונת לטבול. אבל החוק הזה קשור לא רק לטובלות, זה הרבה מעבר לטובלות – החוק הזה הוא הקרב על פניה ודמותה של החברה הישראלית, ואתם חשים מאוימים. ממה? כי מישהו מנסה לערער לכם את המונופול על הרבנות, על האורתודוקסיה – על חיים פלורליסטיים ושוויוניים כאן. ואיך אמר כאן השר דוד אזולאי לפני כמה זמן? ""האנשים האלה"". כנגד מי אתם נלחמים? מי זה ""האנשים האלה""? רק היום ישב ראש הממשלה בוועדה לביקורת המדינה והסביר איך באמצעים אלקטרוניים חדישים הוא מתקשר עם ""האנשים האלה"". עם ""האנשים האלה"". אתם מנהלים פה קרב מאסף, שתדעו את זה. יש לכם היום אומנם רוב קואליציוני ואתם תעבירו את החוק הנורא הזה – זה חוק נורא כי זה חוק מפלה. שלא לדבר על זה שזה חוק עוקף-בג""ץ. זה חוק מפלה. נשים רפורמיות וקונסרבטיביות אינן רשאיות לטבול כמו אורתודוקסיות? לא.

באמת, אל תיתמם, חבר הכנסת גפני. אני מכירה אותך איזה יום-יומיים – – –

בסדר, רשאיות, במקווה, לא כמו כולן, ואם יהיה שיקול דעת – – –

בסדר, מאה אחוז, אני ממש מתרגשת, ציפור נפשי מה-זה יוצאת אליך, חבר הכנסת גפני. הן רשאיות, מה אתה אומר? זה לא קרב על המקוואות, זה קרב על הזכות של נשים להתפלל בכותל, זה קרב על נישואים אזרחיים, זה קרב על שירותים פלורליסטיים לחברה מתוקנת. ואתם פועלים נגד הקדמה, ועכשיו זה המקוואות, ואחר כך זה לימודי הליבה. מה יש לכם נגד זה שהאנשים יתקדמו ויתפתחו? מה יש לכם נגד זה? מה מפריע לכם שהם ילמדו? איך אתם רוצים להשאיר אותם מסוגרים בתוך הקבוצה שלכם במקום לדאוג שהם ישתלבו בשוק העבודה והם לא יהיו נתונים לבורות ובערות? למה? מה יש לכם? מה מאיים עליכם? יושב השר ליצמן, שעושה רפורמות חשובות במשרד הבריאות, ואתה, אדוני, אני חברה בוועדה שלך ומעריכה את המאבקים שלך – אז מה מוציא אתכם? מה יוצאים לכם השדים האלה, זה קופץ לכם – אתם שומעים ""רפורמים"", ""גיורים רפורמיים""? רחמנא ליצלן, מה קרה כאן? אוי-אוי-אוי, משתלטים עלינו, הרפורמים נוהרים בהמוניהם. מה קורה לכם, אדוני שר הבריאות וחברי חבר הכנסת גפני? – אני מקווה שזה לא עושה לך נזק; אין לכם פריימריז, אז זה פחות בעיה שאני אומרת לך ""חברי"" – אתם לא רוצים להתקדם עם הזמן. אתם מעדיפים שהאנשים שלכם יישארו בחדר שלהם, בישיבה שלהם, בכולל שלהם. מה יקרה אם הם ילמדו מתמטיקה, אנגלית, אזרחות? מה יקרה להם? הרי אתם רוצים שהם ישתלבו בשוק התעסוקה, אתם מחוקקים חוקים לייצוג הולם, אז איך זה בדיוק יקרה כשאת הדברים האלמנטריים הם לא ידעו? סיפר לי השבוע חבר שלי, שהוא פרופסור באוניברסיטה, שהוא הקים מכללה, והם עושים מכינה, הם רוצים לעודד חרדים ללמוד במכינה. אז הם עושים מכינה. אז הוא אמר שהוא בא לשיעור הראשון, ומלמדים חברים חרדים שנרשמו למכינה חילוק. במכינה, חילוק. לא יודעים חילוק. חברי חברי הכנסת, זו אחריות שלכם. חילוק מלמדים אותם בהכנה, במכינה, למכללה? זה מה שאתם רוצים שהם לא ידעו? חילוק?

מרוב שאתה יודע חילוק אתה תחלק פה את כולם.

השר ליצמן, אני לא מתכוונת – – –

השר ליצמן, אתה רוצה ליהנות עם יאיר לפיד? moi ? קוראים לי זהבה גלאון, תעשה את זה עם יאיר לפיד.

אתה למדת, אני אומרת לך – – –

בסדר, אני לא נכנסת לשאלה מי למד יותר. אנחנו רואים אנשים שלומדים תורה ולומדים מדעים ולומדים יהדות, והם חרדים לא פחות ממך והם תלמידי חכמים. אבל ממה אתם חוששים? שהאנשים שלכם פה, שאתם שולטים עליהם, אתם רוצים להשאיר אותם במקום שלהם, שלא יתקדמו. ואותו הדבר על המקוואות, אדוני. אתם גורמים עוול לנשים רבות שרוצות להתגייר ולממש את הזכות הבסיסית שלהן לטבול במקווה, כי זו זכות שהמדינה מעניקה במסגרת שירותי הדת, ואתם רוצים למנוע את זה מהן.

אתם רוצים למנוע את זה מהן כי יש לכם כוח קואליציוני. אדוני שר הבריאות, אתם רוצים להשאיר את האנשים שלכם במצב כמו שהוא, בגטאות, בלי יכולת להתפתח, בלי יכולת להתקדם. אבל תגידו את האמת, הסיפור הגדול הוא לא המקוואות, הסיפור הגדול הוא שאתם נבהלים מהרפורמים ומהקונסרבטיבים, ואתם חושבים שאם תנסו לדחוק אותם ולדחוק אותם זה לא יקרה ולא תהיה קדמה ולא תהיה נאורות ולא תהיה פתיחות. אז אני אומרת לכם שאתם טועים, כי עכשיו אתם תצליחו, יש לכם רוב בכנסת, אבל אני אומרת לכם שאתם טועים, כי בטווח הארוך זה יתפרץ, זה לא יישאר ככה. כמה זמן תחזיקו אותם סמוכים על שולחנכם, סמוכים על שולחן המדינה? כי אתם רוצים להחזיק אותם בכוח, שלא ילמדו, שלא ידעו. למה? למה לא להתקדם עם רוח הזמן? ודבר אחרון שאני רוצה להגיד בהקשר הזה, אדוני השר ליצמן, יאיר לפיד העביר את החוק הזה – או פירון, אני לא זוכרת – את חוק לימודי הליבה. אחד משרי יש עתיד. הוא כבר העביר את זה, למה אתם לא מחליקים את זה? למה אתם לא בולעים את זה? למה אתם לא ממשיכים לקלל אותו ולהגיד ""זה הוא העביר את לימודי הליבה"", אבל למה כבר לא לנצל את ההזדמנות ולתת לאנשים ללמוד? הוא כבר העביר את זה. אז אתם עכשיו כופים על השר בנט, שמדבר על חמש יחידות במתמטיקה וחמש יחידות באנגלית – חוץ מהחרדים? החרדים נידונים לבורות ובערות, זה מה שאתם רוצים? כולם לימודי מתמטיקה ואנגלית חמש יחידות – למה? כי אתם מטילים טרור במסגרת קואליציונית; כי העסקנים שלכם מטילים טרור, והרבנים שלכם רוצים את האנשים קרוב אליהם, לא מפותחים, לא מתקדמים ולא חכמים. צר לי שזה הדבר. תודה רבה.",10,
303676,2016-11-02,"הצעת חוק החזר הוצאות כספיות בגין עריכת נישואין אזרחיים בחוץ-לארץ למי שאינם רשאים להינשא על-פי הדין הדתי, התשע""ה–2015","גברתי היושבת-ראש, אני הנחתי את הצעת החוק הזאת, להחזר הוצאות כספיות, כבר בכנסת השבע-עשרה, כשפנה אלי זוג שנסע להינשא בקפריסין ואמר בצדק: יש כאן מונופול של הרבנות, אין אפשרות להינשא בנישואים אזרחיים. אחד מהם היה מה שנקרא מנוע חיתון, השנייה הייתה מישהי שהמצפון שלה וההכרה שלה לא אפשרו לה להינשא באמצעות הממסד האורתודוקסי הדתי. הם פנו אלי, סיפרו לי שהם נסעו להינשא בקפריסין, וביקשו החזר הוצאות. טוב, מובן שאין חוק שמאפשר החזר הוצאות. פנינו לבג""ץ, ובג""ץ אמר בצדק: הדבר הזה צריך להיות מופנה למחוקק. ולכן, אני רוצה להודות לחברותי קסניה סבטלובה ומרב מיכאלי שהעלו את ההצעה הזאת. אנחנו מנסים לקדם אותה מאז הכנסת השמונה-עשרה. לא יכול להיות שבמדינה מתוקנת אין בחירה בנישואין. איך זה יכול להיות? אני לא מתנגדת ליכולת להינשא באמצעות הממסד האורתודוקסי; מי שמאמין בזה שילך לשם, זה בסדר גמור, אבל למה המונופול הזה? למה לא מאפשרים למי שחפץ בנישואים אזרחיים או בנישואים רפורמיים או קונסרבטיביים להינשא כאוות נפשו? ואם הם לא יכולים לעשות את זה בארץ והם בוחרים לעשות את הזה בקפריסין או בפראג או בקנדה או במקום אחר, תתכבד המדינה, שיש לה אחריות כלפי אזרחיה, ותממן את ההוצאות הכספיות שנגרמו להם בגין המהלך הזה, שלא מאפשר להם, בניגוד לזכות אדם בסיסית, שאנשים יוכלו להינשא עם בחירי לבם או עם בחירות לבן, איש ואישה, אישה ואיש, אישה ואישה או איש ואיש – מדינה מתוקנת צריכה לאפשר לאנשים לממש את הזכות שלהם לאהוב. ולכן, חברי חברי הכנסת, אני קוראת לכם עכשיו לא לתמוך בנישואים אזרחיים, אני קוראת לכם לתמוך במתן החזר על נישואים שלא בוצעו בארץ. לאט-לאט אני מקווה שיתבטל המונופול הזה של הרבנות, שישראל תהפוך למדינה מתוקנת שתאפשר גם בחירה בנישואים. אבל תעזרו לזוגות האלה; הם אזרחי המדינה, הם נסעו להינשא בחו""ל, למה שהמדינה לא תיקח על זה אחריות? תודה רבה.",10,
308713,2017-03-08,"הצעת חוק יסודות המשפט (תיקון – עקרונות המשפט העברי), התשע""ו–2016","אדוני היושב-ראש, חברי חברי הכנסת, אני מבקשת להתנגד להצעת החוק של חבר הכנסת סלומינסקי. לא יכול להיות שכנסת ישראל שמחוקקת חוקים שוויוניים ולא מפלים תכניס לתוך החוקים שלה, לתוך ספר החוקים שלה, את המשפט העברי העתיק. אני חושבת שזה עוד שלב, עוד שלב בדרך להפיכתה של מדינת ישראל למדינת הלכה ולא מדינה דמוקרטית. יש כאן שורה של חוקים שמבקשים לשים בקדמת הבמה את ה""יהודית"" על חשבון ה""דמוקרטית"".

עכשיו אני רוצה להגיד, אין ספק – – –

אין ספק שבמשפט העברי – – –

אין ספק שבמשפט העברי יש עקרונות של צדק, אני לא מתווכחת על זה.

אבל המשפט העברי מכיל בתוכו – –

– – מפלים, גזעניים, שרואים באישה קניין הגבר. לא יכול להיות שהכנסת מחוקקת כאן חוקים של שוויון מגדרי – –

– – ואתם אומרים לנו: נכניס את החוקים המפלים האלה כלפי נשים, כלפי מיעוטים. אנחנו נכניס אותם עכשיו – כלפי לא יהודים.

אתה יכול פעם אחת לא להיכנס לי בדברים כשאני מדברת? אחר כך אתה מתפלא למה אומרים שאתה עלוב, עלוקה וקרצייה? אי-אפשר כבר לשמוע אותך. אי-אפשר כבר לשמוע אותך. די.

אי-אפשר לשמוע אותך יותר. בכל הצעה שכל אחד עולה אתה מפריע לכל אחד. די כבר.

אדוני היושב-ראש, אנחנו עדים לפיחות זוחל במעמדו של החוק הישראלי. אנחנו כנסת ישראל, אנחנו צריכים לאמץ חוקים שוויוניים, אנחנו מחוקקים כאן חוקים שוויוניים. לא יכול להיות שאותה כנסת שמחוקקת חוקים שוויוניים תיתן יד עכשיו להחלת החוק העברי הקדום, החוק למשל שמאפשר נישואים וגירושים במדינת ישראל 1950 – – –

אדוני היושב-ראש, אנחנו מחוקקים כאן חוקים שוויוניים, ואנחנו עדים באופן סיסטמטי לניסיונות של הבית הזה לשים את ה""יהודית"" על חשבון ה""דמוקרטית"". כשמדינת ישראל מתייחסת לעצמה כיהודית ודמוקרטית או כמדינתו של העם היהודי ושל כל אזרחיה, חוק כזה שמבקש – –

– – להחיל את המשפט העברי לתוך החוק הישראלי – – –

אדוני, אני מודה לך, אני לא יכולה.",1,
309413,2017-03-22,"הצעת חוק בתי-דין רבניים (קיום פסקי-דין של גירושין) (תיקון מס' 8), התשע""ז–2017","אתה מערבב מין בשאינו מינו.

הדרך לגיהינום רצופה כוונות טובות. אלעזר, זה מה שאתה עושה.

אני אתך בעניין הזה. מה עניין שמיטה להר סיני? תסביר לי.

אנחנו לא נגיד שבית-הדין מתקדם, אלעזר – – –

– – – לשפוך את התינוק עם המים.

אלעזר, כמו שאומרים אצלנו – – –

למה מגיע לו פרס ישראל, אתה יכול להגיד לי?

– – – שאתה אומר עכשיו זה יותר חמור – – –

גברתי היושבת-ראש, חברי חברי הכנסת, הדברים שלי מופנים אל חברי הכנסת שולי מועלם, אלעזר שטרן וחברי ממרצ, וכמובן כל השאר. לצערי, היום אני בת-פלוגתא של חברותי הטובות מיכל רוזין ותמר זנדברג. אני חושבת שהסנקציה של לשבת בכלא, שהיא סנקציה קשה, של שלילת חירות, היא לא הסנקציה הכי קשה שאפשר להטיל על סרבני גט. כי מי שחירותו נשללת – והן בכלא, ואומנם הן מחוץ לכלא, אבל הן בכלא כי הן מסורבות גט – אלה אותן חמש נשים שכרגע מדובר בהן, שבני-הזוג שלהן לא סופרים את עצם ישיבתם בכלא. זה לא עונש עבורם. אומנם חירותם נשללת. אז עומדת שאלה נכונה על הפרק, חבר הכנסת שטרן: האם אנחנו צריכים להפוך את הכלא למושבת עונשין? לא. זה צריך להיעשות במשורה, אבל זה צריך להיעשות באופן מדויק. וכשגבר, סרבן גט, ששייך לעדה החרדית או לעדה החרד""לית או לכל עדה אחרת, יצטרך לבוא לבית-המשפט כשהוא לובש מדי אסיר כתומים – כשהוא ירצה לערער – וכשתישללנה ממנו זכויות שהן זכויות בדין, אז הוא יחשוב פעם שנייה על אשתו שבכלא – אומנם היא מחוץ לכלא. אני רוצה לומר את הדבר הזה: אני שותפה למאבק הכולל שלך לביטול מעמדם וסמכויותיהם של בתי-הדין הרבניים. בצדק סקרת, בצדק, את ההתעללות בנשים, את הסחטנות כלפי נשים כדי שהן תוותרנה על מזונות ורכוש. הן מוכנות לעשות את זה רק כדי לקבל את הגט המיוחל. זה מאבק ארוך, וזה מאבק שצריך להתמיד בו; זה לא עומד בסתירה למאבק נקודתי, ליוזמה שהביאה לכאן חברת הכנסת שולי מועלם-רפאלי, מפני שלהציל נפש אחת זה עולם ומלואו. והיום, אותן חמש נשים שנמצאות מחוץ לכלא – ואני חוזרת ומדגישה: הן בכלא. אותן חמש נשים – כשהן תדענה, וכשבני-הזוג שלהם שבכלא, שדואגים לכל מחסורם שם – נכון, זו שלילת חירות – כשהם ידעו שיפגעו בזכויות שחשובות להם, חשובות להם מעצם הישיבה מחוץ לכלא, הם יחשבו פעמיים לפני שהם עושים את הדבר הזה. זה לא מתקבל על הדעת שאנחנו נותנים להם פריבילגיות, הטבות, אף שהם בכלא. ואני חוזרת ומדגישה – חשוב לי להגיד את זה: אני לא רואה בכלא מושבת עונשין, אבל לא יכול להיות שהם יחזיקו את הנשים האלה שלהם בנות-ערובה, עם הילדים שלהם, אומללות לכל החיים. הן משלמות את המחיר של גברים חצופים – אותו דוקטור לפיזיקה, שיש לו ממון ויש לו כסף ויש לו עורכי-דין – והנשים זרוקות ברחוב, ואין להן רכוש ואין להן סיוע. אז האם לא, אתם אומרים, אפילו בשביל נפש אחת בישראל שאנחנו נציל? להציל נפש אחת בישראל זה להציל עולם ומלואו. אז אל תספר לי עכשיו, חבר הכנסת שטרן, שצריך להיאבק במונופול של בתי-הדין הרבניים. אני שותפה למאבק הזה שלך, אבל בוא נחשוב על הנשים שכרגע עניינן עומד על הפרק. אני קוראת לכם לתמוך בהצעה. כן, חבר הכנסת בגין.

גברתי, אני חושבת שהייתה כאן הערה מאוד חשובה של חבר הכנסת בגין. למי שלא שמע: שלילת החירות של אותם אסירים בעצם נמצאת בידם, ולכן הוא רואה בזה פגיעה קשה. אין על זה חולק. ברגע שהם יחליטו שהם מוכנים לתת גט לבנות-זוגם, לנשים שלהם – – –

בניגוד לאסיר פלילי. עכשיו, הם בכלא, אבל יש להם פריבילגיות שאין לאסירים. חברת הכנסת סויד, יש להם פריבילגיות שאין לאחרים: הם אינם מסתובבים בבגדי אסיר כתומים, לא שוללים מהם זכויות, ולכן זו הערה חשובה. כלא זה שלילת חירות קשה, אבל הנשים שנמצאות מחוץ לכלא, שלילת חירותן קשה לא פחות, ובמאזן הזה של פגיעה בזכויות – הרי אתה לא רוצה לתקן עוול בעוול, אבל שאתה עושה את המאזן הזה של שלילת זכויות, אני חושבת שהדרישה לפגוע באותם גברים גוברת. אני רוצה להודות לכם, חברי חברי הכנסת.",1,
311374,2017-07-05,"הצעת חוק שיפוט בענייני התרת נישואין (מקרים מיוחדים וסמכות בין-לאומית) (תיקון – התרת נישואין אזרחיים), התשע""ה–2015","אדוני היושב-ראש, חברי חברי הכנסת, הצעת החוק שאני מגישה עכשיו היא של חברות הכנסת מרב מיכאלי, מיכל רוזין, תמר זנדברג ושלי. ההצעה הזאת נכתבה על ידי ארגון ""מבוי סתום"", במטרה לתקן איזשהו אבסורד – –

תודה, אדוני. – – במטרה לתקן איזשהו אבסורד שהוא בלתי מתקבל על הדעת. היום עשרות אלפי זוגות במדינת ישראל, אולי יותר – יש מי שטוען מאות אלפים של זוגות במדינת ישראל – לא רוצים להתחתן באמצעות הרבנות, לא רוצים את המונופול של הרבנות על הנישואים. נוסעים לחו""ל, לקפריסין, למדינות אחרות, היום גם לפראג, ונישאים בנישואים אזרחיים. וכשמתחתנים, כל הרומנטיקה עובדת, וחושבים שהחיים נהדרים, וחוזרים לארץ, ונרשמים כנשואים, אבל לפעמים החיים הם מורכבים, וזוגות שמצאו את עצמם נישאים – – – אני לא שומעת את עצמי.

חברי חברי הכנסת, הרבה מאוד זוגות נוסעים לחו""ל להינשא בנישואים אזרחיים, וכשהחיים מתפרקים – וזה קורה, כי החיים הם מורכבים – הם מבקשים להתיר את הנישואים שלהם. עכשיו, הם ידעו כשהם הגיעו לארץ, הם נישאו בנישואים אזרחיים – אלה נישואים שהוכרו לצורכי משכנתה, רישום וכו' – הם רוצים להתגרש בערכאה אזרחית, והם מוצאים את עצמם ניצבים בפני מונופול של הרבנות. אין שם קידושין, אלה נישואים שלא מוכרים על ידי ההלכה, והמונופול של הרבנות מחייב אותם להתגרש, אף על פי שהם נישאו בנישואים אזרחיים, בדרך של גירושים ברבנות. עכשיו, זה דבר שהוא בלתי מתקבל על הדעת, אבל מה שעוד יותר בלתי מתקבל על הדעת – שזוגות מספרים שהם מגיעים בפני הרבנות, והרבנות אומרת להם את הדבר הבא: אתם רוצים להתגרש? לא נישאתם על פי ההלכה, תינשאו עכשיו, אנחנו מסדרים לכם איזה הליך נישואין כזה על פי ההלכה, כדי שנוכל לגרש אתכם. זה דבר שהוא לא נורמלי, חברי חברי הכנסת. שני שלישים מהציבור בישראל תומכים בנישואים אזרחיים, אז אנחנו מבינים שאין במדינת ישראל נישואים וגירושים אזרחיים, אנחנו יודעים שיש קואליציות עם החרדים והדתיים, ועדיין מתחתנים ונישאים על פי הדין הדתי – 1953, שהוכנס לתוך החוק הישראלי, על פי חוק שבעצם מקדש את ההלכה שאישה היא קניין, היא רכוש הגבר, חוק שוביניסטי, גזעני, הייתי אומרת. אבל זוגות שלא רוצים להינשא בדרך הזאת, אז כשהם באים להתגרש הם מוצאים את עצמם בפני סיטואציה שהם צריכים להתגרש בנישואים דתיים? אני רוצה לספר לכם, אני פניתי למשרד הדתות ושאלתי שאילתה – רציתי לדעת כמה אנשים נישאו בנישואים אזרחיים וכמה ביקשו להתגרש וחייבו אותם להתגרש ברבנות. לקח למשרד הדתות תשעה חודשים, ובסוף הם ענו לי על השאילתה וכתבו: אין לנו נתונים. זה נראה לכם סביר? הרבנות הזאת מדקדקת, יש לה פרטים על כל אחד, מי התגרש, מי התחתן. רק לפני שבוע ראיתי שני עמודים בידיעות אחרונות ובעיתונים אחרים, פרטים על מספר המתגרשים במדינת ישראל על פי חלוקה יישובית. יש להם נתונים, הם לא רוצים לתת את הנתונים האלה, הם רוצים לחייב זוגות ישראלים שמצביעים ברגליים, ולא מתחתנים באמצעותם – הם רוצים לחייב אותם – אפילו שאין כאן קידושים, מדובר בהתרת נישואים. ולכן הצעת החוק שלנו אומרת שבני זוג שנישאו בערכאה אזרחית יוכלו להתגרש בערכאה אזרחית, דהיינו באמצעות בית-המשפט לענייני משפחה. אנחנו הרי יודעים מה הולך ברבנות: זה מריבות על כסף, ועל רכוש, ועל מזונות, ואז סוחטים נשים ואומרים להן: אתן רוצות לקבל את הגט המיוחל? אז תוותרנה, ותוותרנה – למה הם צריכים להגיע לבית-הדין הרבני אם הם נישאו בנישואים אזרחיים? חברי חברי הכנסת, בשנת 2006 היה בג""ץ שנקרא בג""ץ בני נוח, ובעצם הייתי אומר שבג""ץ זרק את הכפפה למחוקק ואמר: זה בלתי מתקבל על הדעת, הרי ההלכה לא מכירה בנישואים האלה, אין קידושים, אז איך עושים גטין? איך עושים גט במצב שההלכה אומרת שאין נישואים? שהרבנות מחייבת את בני הזוג האלה להתחתן כדי שיוכלו לגרש אותם? תשמעו, אנחנו השתגענו, אנחנו השתגענו, שאנחנו נותנים כוח כזה למונופול הממסדי הרבני, שאין חלופות לנישואים במדינת ישראל. במקום שיכירו בנישואים אזרחיים, רפורמיים וקונסרבטיביים, ודיברנו קודם על הרפורמים, אז אנחנו מחייבים זוגות שבחרו שלא להינשא מה שנקרא על פי ההלכה, כדת וכדין – אנחנו מחייבים אותם להתגרש ברבנות? נראה לכם סביר? הם נסעו לחו""ל – לא רק שהמדינה לא מממנת את הנישואים האזרחיים בחו""ל, המדינה מחייבת אותם להתגרש בדרך הזאת? זה נשמע לי אבסורד, בלתי מתקבל על הדעת, חברי חברי הכנסת. ""מבוי סתום"" זה ארגון שעוסק בסוגיות האלה, והוא ניסח עבורנו את הצעת החוק הזאת, שמבקשת להתיר נישואים באמצעות בית-המשפט לענייני משפחה. אני קוראת לכם, חברי חברי הכנסת, תנו כבוד למצפון של אנשים, אנשים שצו מצפונם הביא אותם לקיים טקס נישואים שלא באמצעות הרבנות – תאפשרו להם – תכבדו אותם – גם להתגרש שלא באמצעות הרבנות. תודה רבה.

אדוני היושב-ראש, מה הפלא שהקואליציה הזאת מתנגדת להצעת חוק להתרת נישואין בבתי-משפט לענייני משפחה, כשאנחנו שומעים עכשיו את המשנה של סגנית השר חוטובולי, שמסבירה לנו על התנ""ך. את הסברת לנו על התנ""ך?

מה את חושבת, שיש לך מונופול על מורשת ישראל ועל ערכי התרבות? מה שאת מסבירה לנו זה אמונות טפלות, זה מה שאתם מכניסים לילדים בבתי-הספר. תגידי לי איפה שמעת – – –

תגידי לי איפה שמעת אותי מדברת על זה.

– – כשבבתי-הספר אומרים לתלמידים שחמץ – – –

אדוני היושב-ראש, אני רוצה לתת כאן מקבץ דוגמאות שעלו מפי תלמידים בוועדת החינוך של הכנסת, שהשבוע ניהל אותה חבר הכנסת מרגי – תלמידים שהגיעו ממקומות שונים ברחבי הארץ סיפרו – ילדים בני 13, 15 ו-16 – מה מלמדים אותם, מה זו הזהות היהודית – –

– – מה הזהות היהודית שמלמדים אותם – עוד פעם אני אגיד לך – – –

– – חמץ בפה זה שורף, אמרו להם. חמץ בפה זה שורף.

בכיתה ז' אמרו להם שלקרוא ספר תפילה זה טוב – –

– – כי זה יביא לזיווג נכון. בכיתה ז'. ואם תעשו הפרשת חלה יהיה לכם זיווג מצוין.

ומכנסיים קצרים מדי – אתם לא יכולים ללכת עם מכנסיים קצרים מדי.

אדוני היושב-ראש, בגן ילדים – – –

חברת הכנסת רוזין, אני אוכלת אותם בלי מלח גם ככה. תודה.

אדוני היושב-ראש, בגן ילדים באו בנות שירות לאומי מטעם מינהלת הזהות היהודית ואמרו לילדות ללבוש חצאיות, כי לא הולכים עם מכנסיים. את זה סיפרו. וילדים שלא רצו ללכת לקברי צדיקים בבית-ספר בחיפה, אמרו להם שיורידו להם בציון, אמרו להורים שלהם. אנחנו בעד פרקי אבות, ואנחנו בעד מורשת ישראל, ואין לכם מונופול על היהדות – –

– – אין לכם סמכות לקבוע שהיהדות היא יהדות מעוותת ואמונות טפלות. זה מה שהבאת פה היום.",10,
