Id,Date,Topic,Text,Rank,Reasoning
273047,2013-03-18,כינון הממשלה והרכבה,"חבל, יש מסורת שגפני אחרי, למה לקלקל?

אדוני היושב-ראש, הרבה אתה עובד היום, לא קל. הברית המפורסמת לפיד–בנט, שסנוורה את התקשורת עם הפוליטיקה החדשה, מתגלה – לצערי, רבותי, אני מתנצלת, אני מקווה שלא תתרגזו פה, החברים שיושבים וצועקים – אבל מתגלה באמת כהתגלמות הפוליטיקה הישנה והעבשה.

המילים אולי חדשות, אבל המעשים והתוצאות ישנות-ישנות.

הנה מה שבהסכמים הקודמים הוגדר כשמירה על הסטטוס-קוו – נקרא לו ""הפוליטיקה החדשה"" – זכות וטו של הבית היהודי על כל החלטה בנושאי דת. כלומר, דתיים ימשיכו להחליט על חילונים וחילוניות, מיהי יהודייה ומיהו יהודי ואיך. למעשה, אנחנו אפילו מתהדרות ב""מינהלת זהות יהודית"" – לאן הגיעה הדת היהודית, שהמדינה עושה לה מינהלת לזהות יהודית. באמת, הנביאים היו אוהבים את זה. כך יחליטו הדתיים של מי הכותל, של מי השבת, איך אנחנו מתחתנות ומתחתנים, איך אנחנו נקברות ונקברים. גברים ימשיכו להחליט על נשים – איפה הן יתפללו, האם הן יתפללו, האם הן יתגרשו ובאילו תנאים. אצל המפלגות החרדיות קראו לזה סטטוס-קוו, עכשיו קוראים לזה: אחי, באנו לשנות. אבל זה אותו הסטטוס-קוו הישן והרע. גם לשאלה ""איפה הכסף?"" בהקשרים שהועלו במהלך הקמפיין, התשובה לא עומדת להשתנות. להפך: יותר ישיבות יקבלו יותר כסף, רק שעכשיו אלה תהיינה לא רק ישיבות ומוסדות של כיפות שחורות אלא כיפות ומוסדות של כיפות סרוגות, וכיפות סרוגות מתנחלות בשטחים שאינם שטחי מדינת ישראל. כסף רב ביותר. המון המון המון כסף שמונע הסכם שלום ומונע חיים של שקט וביטחון במדינת ישראל. ואם כבר ביטחון – בהסכמים הקואליציוניים אין מילה אחת על שלום. יש משא-ומתן, גם לא הרבה משא-ומתן, אבל אף מילה על שלום. בהסכמים הקואליציוניים, לעומת זאת, כתובים הרבה סעיפים שמחלישים את הדמוקרטיה הישראלית בכלל ואת הבית הזה בפרט, ובכך פוגעים בביטחון האישי של כל אזרחית ואזרח בישראל, כי הם מסכנים את זכויות האזרח, האדם והפרט של כל אחת ואחד מאתנו. הטרנד של מנהיגי מפלגות לא נבחרים גולש אל הממשלה שמנסה לבצר את עצמה כך שאי-אפשר להחליף אותה. אחד מהסעיפים המדאיגים האלה הוא הסעיף שקובע שהקבינט המדיני-ביטחוני יהיה בעל סמכויות אופרטיביות לקבלת החלטות ללא אישור הממשלה בכפוף לקבוע בדין. עכשיו, בדין, שזה חוק הממשלה וחוק-יסוד: הממשלה, קבוע כבר מעמדו של הקבינט המדיני-ביטחוני בדיוק ככזה, אז למה צריך להוסיף סעיף מיוחד בהסכם הקואליציוני, שלא היה בהסכמים קודמים, שמאפשר לקבינט המדיני-ביטחוני לפעול ללא אישור הממשלה? מה משמעותו של הסעיף הזה? האם מסתתרת מאחוריו איזו הסכמה בעל-פה שלא נחשפה בפנינו ובפני הציבור? אולי כדאי לספר על הסעיף הזה לנשיא אובמה בביקורו הקרוב? מה נראה לכם? ראש הממשלה החדש-ישן בחר לפתוח את הכהונה הנוכחית שוב באיומים ובהפחדות, כרגיל. עד כדי כך שהוא הודיע שאין לעם היהודי קיום ללא מדינת ישראל. בכל הכבוד, אדוני ראש הממשלה, שלא טורח להיות כאן עכשיו, אין לך שום זכות למחוק ככה באחת את ההיסטוריה המפוארת של העם היהודי, ובעיקר לא את כל היהודיות והיהודים שחיות ומשגשגות בחלקים אחרים של העולם. ממשלה של רוב גברים, אשכנזים, עם מיעוט מזרחי, מיעוט קטנטן לפריפריה, מיעוט נשים שאין להן זכר בהסכמים הקואליציוניים, ואפס ייצוג לאזרחיות ולאזרחים הערביות והערבים, שאותם שר האוצר המיועד מכנה בכינוי גנאי. בשנה האחרונה הייתה עלייה גדולה בהתבטאויות גזעניות של נבחרי ציבור; לצערי, גם של נבחרות ציבור. וכמו שמתחילה הקדנציה הזאת, אז הפוליטיקה של הממשלה החדשה, חדשה או ישנה, היא פוליטיקה לא טובה.",1,
274031,2013-05-13,"המלצת ועדת הפנים והגנת הסביבה להיענות לבקשת הממשלה להאריך את תוקפו של חוק הליכי תכנון ובנייה להאצת הבנייה למגורים (הוראת שעה), התשע""א–2011","חברי וחברותי חברות הכנסת, באמת זה מצחיק. עולים פה חברי אחד אחרי השני ונותנים את הנתונים שידועים לכל קורא וקוראת עיתונים, באמת, בבחינת מה שמכונה common knowledge. הווד""לים לא הוסיפו יחידות דירות, ודאי לא יחידות דיור בנות-השגה לציבור שזקוק או זקוקה לכך. אז למה בעצם? בואו, חברי חברי הקואליציה, בואו, מחשבה עצמאית רגע. למה? אני באמת לא מצליחה להבין למה, אלא אם כן אתם רוצות ורוצים לתת טובות הנאה לקבלנים. בואו רגע נדבר מבחינת השפה, בסדר? תכנון איננו חסמים, מה גם שאנחנו יודעות ויודעים מניסיוננו עם הווד""לים שהפקק לא נמצא בתכנון; הפקק נמצא בהוצאה לפעול של תשתיות. כמו שהסביר יושב-ראש ועדת הכלכלה אבישי ברוורמן, הפקק נמצא בכל מיני מקומות אחרים, זה מה שמעכב. התכנון דווקא מתנהל בסדר גמור – וצריך, אגב. תכנון צריך לקחת הרבה זמן. בישראל אנחנו מרבות ומרבים להתלונן שאין לנו תכנון לטווח ארוך, שאנחנו לוקות ולוקים בחוסר הסתכלות לטווח אחרון ולא לוקחות בחשבון דברים לטווח ארוך, והנה, מה שכבר יש, אנחנו באים עם החוק הזה לחרב גם את זה. אני לא יודעת אם יצא לכם לאחרונה לבוא לשכונה החדשה בפתח-תקווה, ממש נבנתה באדיבות הווד""לים עוד משנות ה-90. שכונה חדשה, מהממת, יפה – אין חניה; בפתח-תקווה, ולא במרכז עיר. ראש הממשלה בנימין נתניהו אמר בקדנציה הראשונה שלו, טבע את המונח המצוין: יש לנו ארץ נהדרת. חבל שאנחנו הולכות והולכים ומכסות ומכסים את הארץ הזאת ואת כל השטחים הפתוחים המעטים שנשארו בה בבטון, בטון ובטון, שלא באמת מועיל לאף אחד ואף אחת. חברי וחברותי בקואליציה, אני באמת מפצירה בכם: בואו נחשוב על זה מחדש. אין תועלת בחוק הזה. חבל להמשיך ולאפשר את הנזק שהוא גורם. תודה רבה.

אז מעולה, תמשכו את ההצעה של הווד""לים אם אתם יכולים לפתור את זה בוועדה הזאת.",1,
275511,2013-06-24,"הצעת חוק להסדרת התיישבות בדואים בנגב, התשע""ג–2013","אדוני היושב-ראש, קודם כול תודה רבה לך. איך להגיד? לפעמים זה נורא ברור ופשוט. אילו ממשלת ישראל הייתה באה לסיפור הזה בידיים נקיות, היא הייתה קודם כול, בתור שלב ראשון וצעד בונה אמון בסיסי ואלמנטרי, מפסיקה את ההריסות. מפסיקה את הריסות הבתים השיטתיות, האכזריות, השרירותיות, השערורייתיות. בתור צעד ראשון, בשביל להודיע שבאמת מדובר בכוונה טובה, לטובת האוכלוסייה הרלוונטית, הייתה באה למשא-ומתן אתם ומפסיקה את ההריסות בדרך להסדר. אבל הממשלה הזאת, למרבה הצער, בדיוק כמו הממשלה הקודמת, מאמינה בחד-צדדיות, כמו עכשיו עם המכונה ""שוויון בנטל"", בכפייה. לממשלה הזאת קשה כנראה להפנים שמדובר באזרחיות ואזרחים של מדינת ישראל כמו כל אחד ואחת מאתנו. זה פשוט מדהים. ישראל מקדמת דנא עסקה בהכחשה ובהתעלמות מהציבור הזה. כנראה קיוו שהם פשוט ייעלמו ויתאיידו. לא סימנו אותם במפות, לא חיברו אותם לתשתיות, אבל הם, מה לעשות, ככל שעינו אותם כן ירבו וכן יפרצו. עכשיו באים להשית עליהם בחוק סידור שהוא מפלה בחוק. הוא מסדיר קריטריונים תכנוניים ייחודיים רק לאוכלוסייה הבדואית, בשונה ממה שיש לכל אזרח ואזרחית אחר במדינת ישראל. הולכים לעקור חלקים עצומים מהם מבתיהם במדינה שהמילה ""עקור"", ""עקורה"", ""עקורים"" היא טראומה טרייה, טרייה, שיש לי כבוד ובאמת הבנה ואמפתיה גדולה אליה. אבל כשמדובר בערביות וערבים פתאום אין בעיה לעקור? חברי וחברותי בממשלה, מדובר בחוק שהוא הפליה. הוא הפליה נגד אזרחיות ואזרחים במדינת ישראל. אפשר להגיע אתם להסכם. אפילו השר לשעבר בגין אומר שהמרחק בין מה שהחוק הזה רוצה לעשות לבין התוכנית שהם עצמם מציעות ומציעים הוא לא מאוד גדול. אפשר לגשר עליו ברצון טוב מתוך הבנה שמדובר באזרחיות ואזרחים שצריך לדבר אתם. אני מפצירה בכן ובכם לחשוב על זה שוב ולעשות את הדבר הנכון, השוויוני, שמגיע לכל אזרח ואזרחית במדינה הזאת. תודה.

לא, זה ממש לא נכון. אדוני היושב-ראש, זה ממש לא נכון.",1,
276753,2013-07-23,"הצעת חוק התקציב לשנות הכספים 2013 ו-2014, התשע""ג–2013","לא לא, ניסן, אל תסיים. לא, ניסן, נו, לא.

רגע, רגע. לא, לא, לא אבל – – –

אבל כשלקחנו וקיצצנו בוועדת הכספים מעשר שעות לכיתה א' לחמש שעות לכיתה א', זה לא לקצץ מהתוספת, זה לקצץ ממה שכבר היה.

הממשלה לא יכולה לשאת אותיות מתות בתקציב.

עדיף שלא תעשו יותר. לפי מה שעשיתם עד עכשיו, עדיף שלא תעשו יותר.

בספרד וביוון יש פחות עניים מאשר בישראל.

ומי שאין לו מקומות עבודה?

אפשר להזמין פופקורן לסרט שאתה חי בו?

אילן, גם לא כולם בריאים – – –

אבל מקריאים לך באותו פתוס?

הם הקריאו לך את אותו פתוס?

""הקאמרי"" הוא לא במה מספיק – – –

וחיכית שמישהו אחר ידאג להם.

לעמר – – – יש דקות למכור. הוא הלך.

נהניתם – ספרו לחבריכם. זה מה שאתה אומר. כן, מצחיק, נחמד.

ולחברותיכם כמובן. אדוני היושב-ראש, חברותי וחברי חברות הכנסת, אני רוצה לפתוח בברכה. אירוע גדול ומרגש קרה הלילה. נולד יורש עצר חדש. מזל טוב. אנחנו הרי יודעות ויודעים כמה מרגש וגדול האירוע הזה, כי גם אצלנו נולד יורש עצר חדש, מונרך. האיש, אי-אפשר להחליף אותו על כיסאו, האיש שממנה את חצרו, האיש שחבריו ונתיניו משחקים לפניו. מה זה יורש? מלך. לא בכדי בקדנציה הזאת הקואליציה לא מדברת על המדינה; היא מדברת על הממלכה. הממלכה היא הנחלה של המלך, איפה שמנהל המלך, כי הפוליטיקאים החדשים חשים את עצמם נקיים יותר, ראויים יותר, יודעים יותר. אלא שהפוליטיקאים החדשים כמוהם כבגדי המלך החדשים, והתקציב החדש שלהם צועק בקולי קולות: המלך הוא עירום. תקציב, אמר בצדק יושב-ראש ועדת הכספים, הוא הצהרה על ערכים. אני אגדיל ואומר בציטוט של גלוריה סטיינם, הפמיניסטית האמריקאית הגדולה: התקציב הוא למעשה הצהרת הערכים היחידה שאנחנו עושות ועושים. אז הצהרת הערכים שנמצאת בתקציב הזה היא: אחי העבדים, תודה שהבאתם אותי עד הלום. עכשיו, חפשו את החברים שלכם. כשהייתי רק מועמד וראיתי אתכם מפגינות ומפגינים, הייתי הראשון לזהות את המצוקה שלכם. ראיתי איך חצי מיליון מכם יצאו לרחובות שבוע אחרי שבוע, בדם לבכם, במצוקה אמיתית, בתסכול נוראי, ברגע של השראה ציבורית של ביחד, נגד חוסר הביטחון הקיומי היומיומי הנורא שבו הציבור בישראל חי וחיה, והייתי צריך אתכם בשביל שתצביעו לי. מה לא אמרתי לכם? מה לא הבטחתי לכם? קראתי לכם: אחי העבדים. אמרתי לכם שאתם צודקים – שאתם צודקים משום שהפכתם לעבדים. אמרתי לכם שאתם עבדים למשכנתה, עבדים לשכר הדירה, עבדים למחירי המזון, עבדים למחירי הדלק. אבל עכשיו אני כבר שר אוצר, ועכשיו כשאתם מפגינים אני אומר לכם שאתם מפגינים נגד עצמכם. עכשיו אני אומר לכם שהמחאה בכלל לא הייתה על הקוטג' והדיור אלא על הוגנות, ואני אומר לכם עכשיו שאני הפכתי את כולכם לשווים – שווים לפני המלך. אני מצטערת על הנימה הצינית, אבל, חברות וחברים, זאת לא ציניות; זה סרקזם. הציניות היא של שר האוצר; שר האוצר שהגיש תקציב שפוגע פגיעה אנושה במעמד הביניים ואומר שזה תקציב שדואג למעמד הביניים, ולנו כאן הוא אומר שהוא שמח שגילינו את מעמד הביניים, כי טוב שהוא בא לגלות לנו שיש מעמד ביניים. הציניות היא של שר האוצר שמקצץ בקצבאות הילדים, מעלה מס הכנסה, מעלה את המע""מ, לא נוגע ברווחי הון, לא נוגע בירושות, ובאותה נשימה ממשיך להגיד שזה תקציב למען האדם העובד. גם בדיבידנדים, אגב, הוא לא נוגע. גם את זה צריך להגיד; ציניות של תקציב שיוסיף 90,000 עניות ועניים, ימשיך להחריף את הפערים, ובאותה נשימה הוא אומר שזה תקציב שמשנה סדרי עולם. הציניות היא של שר האוצר שעוד בזמן הקמפיין שלו אמר שהוא לא בא בשביל לשבת באופוזיציה, אבל עכשיו הוא אומר: קל לבקר, אבל אתם במקומי, מה הייתם עושים? אתם הייתם נתקלים בחיים. באמת, אדוני שר האוצר? זה נקרא להיתקל בחיים? אתה יכול להגיד את זה רק משום שמעולם, למזלך, לא היית צריך לחיות משכר מינימום או מפחות ממנו; כי מעולם לא היית צריך לבדוק כמה בכלל יש לך מקצבאות הילדות והילדים; כי מעולם לא היית מחוסר עבודה, טפו-טפו; כי מעולם לא דרשו ממך שוויון בנטל; מעולם לא קראו לך ""זועביז"". אבל אתה, אדוני שר האוצר, לא היססת לקרוא לאחרות ואחרים ""זועביז"". לא היססת לצאת במלחמת חורמה דורסנית נגד אחיך החרדים, ואולי היססת, אבל בסופו של דבר רמסת את אחיך העבדים בתקציב שיעשה את החיים שלהן ושלהם הרבה יותר קשים. אבל בואו נרד קצת משר האוצר. אחרי הכול הוא לא לבד בסיפור הזה. בואו ונבדוק מה היה לנו כאן במושב הראשון של הכנסת, מה הביאה לנו הממשלה הזאת בחצי השנה הראשונה שלה. אבל מי סופרת? צריך להגיד שזה מרשים – – –

ארבעה חודשים. כבודו צודק. חצי שנה רק מאז הבחירות; ארבעה חודשים לממשלה. תודה לשר הפנים על התיקון.

מר ליצמן, אני מכוונת לדעת גדול, ובאמת המשפט הבא שלי הוא להגיד: רק ארבעה חודשים, וכמה הרס. באמת שזה מאוד מרשים. חוץ מהתקציב, יש לנו את השוויון בנטל – מלחמת עולם בחברה הישראלית; חכו חכו, יש לנו את חוק המשילות. גם הוא, אנחנו הצלחנו לעכב אותו בוועדת החוקה, אבל חכו חכו, הוא עוד כנראה השבוע מגיע בכל זאת. זה חוק סיכון הדמוקרטיה. יש לנו במסגרתו את העלאת אחוז החסימה. איום על ה""זועביז"" כבר אמרנו? יש לנו את חוק הלאום שעומד בפתח וממתין; חוק-יסוד: משאל העם דופק בדלת; יש לנו יוזמה לתגמל רק יהודים בקרקעות – ואגב קרקעות, בואו נדבר רגע על קרקעות. דיור אנחנו כבר אמרנו? את חוק הווד""לים החוזר על עצמו, זה שלא הוכיח את עצמו בסיבובים הקודמים, שלא הביא לא ליותר בנייה ולא להורדת מחירי הדיור, אבל חוזר, ובגדול, בשביל שהמדינה שוב תעקוף את עצמה ותסדר עוד תנאים מקלים לעוד קבלנים – את זה כבר אמרנו? אני רוצה לנצל את ההזדמנות הזאת – – –

תהיו טובים אלי. תודה. סליחה. אני רוצה לנצל את ההזדמנות הזאת שאני מדברת אתכם על קרקעות, לספר לכם שהיום השתתפתי בשדולה החקלאית, ובה דיברו על מצוקת הבנייה בקיבוצים. את יושבת שם ואת רואה את כל הקיבוצניקים – והיו כמעט רק קיבוצניקים, לא היו כמעט בכלל קיבוצניקיות – עם המצוקה שהיא מצוקה באמת אמיתית, כי כל כך הרבה זמן הם לא מקבלים היתרי בנייה. יושבים פה חברי חברי הכנסת הערבים, שמכירים את המצוקה הזאת כל כך מקרוב – מצוקת היתרי הבנייה במדינת ישראל – ויושבים פה אנשים שמכירים את שכונות המצוקה במדינת ישראל ומכירים את מצוקת היתרי הבנייה כל כך מקרוב. ובדואים כבר אמרנו? אז את מבינה על מה אנחנו מדברות ומדברים; לא על פתרונות טכניים. אנחנו מדברות על מדיניות שבה אם ייתנו היתרי בנייה בקיבוצים, מי תלך לגור בהתנחלויות? אם ייתנו היתרי בנייה במקומות שהם-הם ההתיישבות המקורית, ההתיישבות החקלאית, מי תקנה בית מעבר לקו הירוק? בשביל לאפשר את ההתיישבות, כמו שקוראים לה עכשיו, מעבר לקו הירוק, צריך היה לחסום את ההתיישבות בתוך הקו הירוק. החסימה הזאת לא עומדת להשתחרר עם הממשלה הזאת, חברות וחברים. הרשימה החלקית הזאת שמניתי היא רק מה שאנחנו יודעות ויודעים עד עכשיו, אבל הרי הממשלה הזאת רק התחילה, היא רק באה זה מקרוב. כמו שאמרתי קודם לשר האוצר, שאמר: אנחנו נעשה יותר. אמרתי: עדיף שלא. לא יודעת איזה דברים גרועים יותר עוד יגיעו עם הרצף המרשים הזה. אבל אני רוצה שוב לחזור ולחבר את החוקים הרעים האלה אל התקציב, ולהגיד שיש עוד הצהרה שמסתתרת מאחורי התקציב הזה, משום שמסתבר שהתקציב איננו רק התקציב. התקציב, מסתבר, הוא בן-ערובה, והוא מוחזק כשוט בידיה של כל אחת מחברות הקואליציה הבכירות בשביל להשיג בכלל דבר אחר. האח, שר המסחר והכלכלה, מר נפתלי בנט, מאיים שאם לא יעבור חוק-יסוד: משאל העם שלו, לא יאושר התקציב; ליברמן מאיים שאם לא יעבור – – –

הדוד? הדוד. תודה, מר ליצמן. הדוד ליברמן מאיים שאם לא יתקבל חוק המשילות שלו לא יהיה תקציב. אגב, בחוק המשילות, חלק ממה שרוצים להשיג, לפחות על פניו, ממה שהם אומרים, זה מצב שבו המפלגות הקטנות לא תוכלנה לסחוט. והנה שלוש מפלגות בינוניות מרשימות סוחטות זו את זו, ואולי גם את ראש הממשלה, אבל בסוף הרי אותנו, עם כל הכבוד. כל אחת סוחטת את מה שהיא רוצה: משאל עם, משילות, וכמובן יש עתיד – את השוויון בנטל. על השוויון בנטל אמרנו כבר אתמול בלילה: שוויון זה ממש ממש ממש לא.

איזו מפלגה? הליכוד? זהו, צריך להגיד. יש לנו כך: אם מסתכלים או מסתכלות על הממשלה הזאת אז מה יש לנו? יש לנו בנט נגד השלום, נגד הסכם; יש עתיד נגד החרדים באופן מובהק; ליברמן נגד הערבים – זה תמיד היה. אז את שואלת את עצמך: ונתניהו? ומה עם נתניהו? מה, אז הוא האבא הגדול? הוא מעל כולם? הוא מתחת לכולם? איפה נתניהו? על פניו, לפיד רוצה להיות היורש של נתניהו. מבחינה כלכלית הוא עושה צעדים מאוד מרשימים בתחום. צריך להגיד שגם מבחינה מדינית עד עכשיו הוא לא עשה איזה צעדים שונים – –

– – בעקבותיו של נתניהו. אל תיעלב, איציק כהן, יקירי.

לא, באותה מדיניות קפיטליסטית ישנה וטובה. הוא ממשיך באותה מדיניות היפר-קפיטליסטית, ניאו-ליברלית ישנה ולא טובה, שאותה התווה ראש הממשלה – – –

רק בפייסבוק. אפרופו זה, הפוליטיקה החדשה, צריך להגיד, מביאה מינוי כלכלי קפיטליסטי ישן מהזן הבאמת-בעייתי במיוחד, אבל פוליטיקה חדשה. בקיצור, אני תוהה איפה נתניהו. אני חושבת שאפשר לראות איפה נתניהו. איך להגיד? השלם הוא סכום חלקיו? קטן מסכום חלקיו? גדול מסכום חלקיו? לא בטוח מה עדיף במקרה הזה. אף אחד לא בעד שום דבר, לא במה שהם אומרים; במה שהם עושים. הם לא בעד שום דבר. האמת היא שזה לא נכון – בעד ההתנחלויות על חשבון מדינת ישראל. זה דווקא כן, לצערי. עכשיו הבטיחו לנו – זה לסיכום – ארבעה חודשים. על פניו, השלום בחלון. המורה לערבית שלי היה אומר: א-סאלם בּא-שֻבּאכּ. נוקש. אני מקווה שאף אחת לא עוצרת את הנשימה, שלא תאבד חלילה את ההכרה. אבל מפלגת העבודה, שיש לי העונג להיות חברה בה, חוזרת ואומרת שכל התקדמות מדינית תזכה לגיבוי מלא מצדה. אדרבה ואדרבה, יתכבדו רבותי והתקדמו נא התקדמות מדינית לטובת כולנו. שר הפנים רוצה לשתף באיזה דבר? רוצה לספר לנו? לנצל את ההזדמנות הזאת ולתת איזו מילה על התקדמות מדינית?

אז אדרבה, נהיה מוכנות לשקול את מועמדותך אם תחליף כמה מדעותיך, שר הפנים.

א. על מנת להניח את דעתך, אדוני מר ליצמן, חבר הכנסת ליצמן ידידי הטוב, באמת, זמן האיכות שבילינו בשבועיים האחרונים בוועדות לא יסולא בפז מבחינתי, בית-ספר ממש. תנוח דעתך, אני ממש ממש לא מקווה שהבית היהודי יפרשו מהממשלה. אני חושבת שזאת ממשלה שרק התחילה את דרכה. אני רוצה לראות שהיא – אני מעדיפה שהימין יביא שלום, אדרבה.

נכון, זה מה שאני אומרת. יש לך תחושה נכונה.

עדיין יש לי עונג להימנות עליה, בשלב זה בוודאי.

אני רק אגיד משפט סיום, כי אי-אפשר ככה ב-fade out לסיים. מן הראוי לסיים. חוק המשילות גורם לי לדבר במונחי מושלים. יש לנו מושל, ועוד מושל, ועוד מושל – כולם מושלים, וקצת פחות מדי התייחסות לאזרחיות ולאזרחים, שהם אזרחיות ואזרחים ולא נתינות ונתינים. אני חושבת שבסיום המושב הראשון כדאי להזכיר את זה לממשלה. תודה רבה.",3,
277270,2013-07-31,הצעת חוק-יסוד: משאל עם: הצעת חוק-יסוד: משאל עם,"למה סדר הדוברים לא מופיע? לא כתוב סדר הדוברים.

אדוני היושב-ראש, שוב אני נאלצת להסכים עם חברי משה גפני.

שוב אני נאלצת להסכים עם חברי משה גפני, הדיון הוא לא במשאל עם, משאל העם הוא רק כלי, כי בתנאים נורמליים, בדיון שהוא באמת דיון, שיש בו באמת דיאלוג, אז כמו שאפשר היה לכנס את כל סיעות הבית בשביל לחשוב באמת האם זקוקים אנחנו לשינויים בשיטה, האם צריך שינויים באחוז החסימה או כל מיני דברים כאלה, ואפשר לדבר על זה, אותו הדבר אפשר לחשוב, אולי במקרה בסוגיה הזאת, שהפכה להיות איזה מין עניין כואב במיוחד, וטראומטי במיוחד, בחיי הציבוריות הישראלית, אולי מתאים במקרה הזה, גם אם זה חורג משיטת המשטר שלנו, וגם אם זה טומן בחובו הרבה מאוד בעיות, אפשר היה לדון, אולי נכון במקרה הזה לעשות משאל עם. אבל זה ממש ממש ממש לא העניין, חברות וחברים, והרי אנחנו הרי יודעות ויודעים מה הוא. העניין הוא שהבית היהודי, מפלגת הבית היהודי, ועוד חברות וחברים שלהם, פשוט לא רוצות ולא רוצים להגיע להסכם עם שכנינו הפלסטיניות והפלסטינים, בכל מחיר. פשוט לא רוצות לאפשר את הסיכוי להגיע להסכם. וחוק משאל העם, ועכשיו השדרוג שלו כחוק-יסוד: משאל עם, נועד לסכל את האפשרות להגיע להסכם, דבר שנוגד את האינטרס הישראלי במובן העמוק ביותר, ועלול לגרום למדינת ישראל נזק גדול ביותר. על זה מדובר. עכשיו, האירוע שקרה עם חברת הכנסת שנמנעה, חזרה בה, התנצלה, נענשה – ביש עתיד, הוא באמת הדובדבן על הקצפת של הכוחנות, הדורסנות והאטימות שבה מתנהל כל הדיון מצד יש עתיד – –

– – מצד מפלגת – מציע פה עמיתי ""מפלגת קול אחד"", אבל מפלגה שקוראים לה ""יש עתיד"",  ומפלגת ליברמן מצד שני.

המפלגות הלא-דמוקרטיות בקואליציה ובכנסת הזאת מביאות את החוקים הקשים ביותר – – –

זהו, שלא כל אחת, ממש לא כל אחת, ומישהו – אמר פה חבר הכנסת פרוש כבר קודם, מדובר בחברת כנסת, ולא בכדי האירוע המרחיק-לכת הזה קרה לחברת כנסת ולא לחבר כנסת. אבל לשמחתי לפחות אין לנו כרגע למה להשוות – –

– – כשזה יתחיל להצטבר נוכל להשוות. חברות וחברים, הדרך לא פחות חשובה מהתוכן של הדברים. המופע הזה מבהיר לנו במה מדובר. מדובר במופעים כוחניים, דורסניים ומזיקים למדינת ישראל, לחברה הישראלית, לפרלמנט הישראלי, – כן, מסתבר גם שלכל אחד ואחת מאתנו. תודה רבה.

לא מפריע לו בדגל, מפריע לו בעוזרת; בעוזרת מפריע לו.

הבעיה זה עם העוזרת, אתה לא מבין, עפו?

ערבי עם עוזרת, לאן הגענו?",1,
277344,2013-08-28,"הצעות לסדר-היום: רשימת היישובים במפת העדיפות הלאומית שאושרה בישיבת הממשלה: מספר שיא של התנחלויות, ביניהן מבודדות, בתוכה, בעוד ערים כמו קריית-גת וקריית-מלאכי נותרו מחוצה לה","הייתה אמירה לקונית, שיום אחד יהיה נגיד ונודיע לכם, ביי.

היא לא הייתה עניינית, היא פשוט הייתה לא לעניין. ברור שיום אחד יהיה נגיד – או נגידה, אלא אם כן – – –

אם זה היה רק מקרה אחד אז אף אחד לא היה מדבר.

זה קרה גם לגבי המועמד שהחליף אותו וגם לגבי המועמד שבא אחריו; וגם – למה התחילו את זה חצי שנה אחרי ההודעה ולא בזמן, למשל?

אם אתה מאמין בגבולותיה הנוכחיים אז למה אנחנו לא מוציאות את כל המתיישבים שלנו – – –

זה לא הגבול. זה לא הגבול שלנו.

לגבי הגבול ברמת-הגולן. ברמת-הגולן באמת נקבע גבול של מדינת ישראל, שלא כמו – – –

ולכן, אם אתה מקבל את גבולותיה הנוכחיים של מדינת ישראל, הם לא כוללים את יהודה ושומרון. כדאי להזכיר את זה מדי פעם.

הכול בסדר, אבל אי-אפשר להגיד ""גבולותיה של ישראל"".",3,
278353,2013-11-13,הצעות לסדר-היום: אישור הממשלה להקמת יישובים יהודיים חדשים בנגב,"אדוני היושב-ראש, פירטה פה חברתי מיכל רוזין את תולדות העברת השבט הבדואי הזה מהאדמות שעליהן הוא ישב עם קום המדינה למקום אחר ואחר כך למקום שבו הוא יושב היום. ועכשיו מבקשת – ממשלת ישראל לא מבקשת, אלא החליטה שהיא הולכת להעביר אותו שוב למקום אחר בשביל לבנות יישוב יהודי. השר גלעד ארדן, אני לא רוצה להפריע פשוט. מה הדבר המדהים? שזה לא נראה לממשלה לא סביר להחליט להקים יישוב יהודי דווקא שם, במקום שכבר יושבים אנשים. יושבים, יושבות בני-בנות-אדם, יש להם יישוב שם עשרות שנים. ממשלת ישראל – אומנם ממשלה אחרת, אבל ממשלת ישראל – שמה אותם שם. איך זה לא נראה לאף אחד לא סביר לעקור? ושוב אני אגיד – כבר אמרתי מעל הדוכן הזה: עקירה של יישובים, עקירה של תושבות ותושבים במדינת ישראל זאת טראומה טרייה, חדשה, שאפשר לגמרי להבין אותה ולכאוב אותה. אבל כשמדובר בערביות ובערבים זה לא רלוונטי? למה אי-אפשר, אגב, אם רוצות ורוצים להקים שם יישוב, למה אי-אפשר לעשות יישוב משותף? למה אי-אפשר לקחת את היישוב הזה, אלחיראן, להרחיב אותו, לפתח אותו, להזמין אליו את כל התושבים והתושבות היהודיות הדתיות שרוצָה לגור שם – –

– – ליד יער יתיר, במקום הזה שאני בטוחה שהוא נהדר ונפלא. למה זאת לא אופציה? למה צריך לעקור את התושבים ולשים במקומם, עליהם, על המקום שלהם, על הפצע, תושבות ותושבים יהודים? באמת, צריך להתחיל להבין: מדינת ישראל לא יכולה להמשיך לנהוג באותה דרך של עוול מתמשך. מתחילת ימיה מדינת ישראל סירבה להכיר בבדואיות ובבדואים, לא סימנה אותם במפות שלה, לא הכירה באדמות שלהם, לא חיברה אותם לתשתיות, לא אפשרה להם להפוך להיות חלק מהמדינה ומהחברה הזאת, להיות חלק מהחברה המתוקנת. ואחר כך באות ובאים אליהם בטענות שהם לא מתנהלים כמו שצריך, לא פועלים כמו שצריך, הערכים שלהם לא כמו שצריך. אין להם חשמל, אבל מצפים שיהיו להם ערכים של שוויון וצדק כמו לכל מיטב המדינות המתוקנות.

מדינת ישראל שמה אותם ספציפית, את השבט הספציפי הזה – – –

מדינת ישראל, את השבט הספציפי הזה שמה במקום הזה.

הם לא פלשו לשטח הזה, הם קיבלו אותו מהממשלה.

ורוב השבטים הבדואיים היו לפני קום המדינה במקום שבו הם נמצאים.

זה שמדינת ישראל טמנה את הראש בחול וסימנה אותם – –

אני קוראת לממשלת ישראל לשקול מחדש לפחות את האפשרות לבנות במקום הזה יישוב שיאפשר גם לשבט שחי שם היום לחיות בו, אדרבה, ברווחה יתרה. תודה רבה.",1,
279350,2013-12-17,נאומים בני דקה,"חברי וחברותי, בשעה זאת ממש מחוץ למשכן הכנסת מפגינות ומפגינים חברים וחברות הקהילה הלהט""בית במחאה על כך שהם עדיין לא מקבלות או מקבלים במדינת ישראל שוויון זכויות אזרחי כמו שמגיע לכל אזרח ואזרחית הטרוסקסואלית. אנחנו תוהות ותוהים כאן היום, ראש הממשלה מר בנימין נתניהו – איפה אתה בסיפור הזה? אני יודעת שבחו""ל אתה אוהב להגיד שאזרחי ישראל מגלים אהדה מעצם טיבם כלפי התקדמות כנה ואמיתית של רפורמות דמוקרטיות; ולנו, אתה אומר באנגלית, יש קשר טבעי עם מדינות שבהן זכויות נשים, זכויות הומואים ולסביות או זכויות של מיעוטים זוכות לכבוד הראוי להן. אז איפה אתה? לגבי אוכלוסיית המסתננים, נגיד, אנחנו יודעות בדיוק מה דעתך. היום הם העזו להפגין ו-200 מהם נעצרו מייד, וזה מצבם כרגע. גם לגבי אוכלוסיית העניות והעניים אנחנו יודעות מצוין מה מצבך. הנה, היום חל יום המאבק בעוני. העוני בישראל הולך וגדל, והמדיניות הולכת ומגדילה אותו. אפשר לחשוב באמת על אוכלוסיות רבות נוספות, למשל אוכלוסיית המתגוררות מעבר לקווי 67' של מדינת ישראל, גבולה הרשמי של ישראל מפעם. הם קיבלו היום 88 מיליון שקלים לחטיבה להתיישבות בוועדת הכספים. אבל הקהילה הלהט""בית, אדוני ראש הממשלה, זאת שיש בה הומוסקסואלים, לסביות, טרנסג'נדרים וטרנסג'נדריות, טרנסקסואלים, ביסקסואלים וגם הדבר הכללי הזה שאנחנו קוראות לו ""קוויר"" – מה דעתך בקשר אליהם? למה, אדוני ראש הממשלה, תמשיך ותמנע מהם זכויות אזרח ואזרחית?",1,
279552,2013-12-23,"הצעות סיעות העבודה, יהדות התורה – מרצ, ש""ס ובל""ד–רע""ם-תע""ל-מד""ע–חד""ש להביע אי-אמון בממשלה בשל:: 1. כישלונה בתחום החברתי-כלכלי;: 2. פגיעתה בדמוקרטיה;: 3. הרעבת 817,000 ילדים, שהם שליש מאוכלוסיית הילדים במדינה, והפניית עורף לשוועת הקשישים הרעבים ולחצי מיליון המשפחות שמתחת לקו העוני;: 4. כישלונה בתחום המדיני והכלכלי-חברתי","תודה, אדוני, בהמשך לדיון הער שהתנהל פה על בתים של אזרחיות ואזרחים בישראל, בואו נדבר באמת על הבעיה החברתית הכלכלית מספר אחת שלנו היום במדינת ישראל, של הציבור בישראל, שהיא בעיית הדיור; הדיור, והדיור הציבורי בפרט, כשהעוני בישראל משגשג כל כך יפה. אז בישראל אחת הסיבות המרכזיות, אם לא הסיבה המרכזית, למצוקת הדיור היא קצב בנייה אטי להחריד באזורי הביקוש. גם שנתיים וחצי אחרי המחאה החברתית הנתונים רחוקים מלעודד; רק לפני כמה חודשים הלשכה המרכזית לסטטיסטיקה פרסמה דוח שמראה שמספר התחלות הבנייה בישראל ברבעון הראשון של 2013 צנח ב-3.4% לעומת הרבעון האחרון של 2012. לעומת זאת, באותו זמן, באזור יהודה ושומרון אין חסמים, אין בעיות עם קבלנים, אין מעצורים תכנוניים – שמח. מספר התחלות הבנייה זינק בלא פחות מ-176%, זה אפילו בלי לכלול את הבנייה הבלתי-חוקית. ולהוסיף על זה, רק לפני חודש התפרסם מכרז של משרד השיכון ל-24,000 דירות, במיוחד בהתנחלויות שנמצאות מחוץ לגושי ההתיישבות ולא ייכללו בשטח ישראל בשום הסכם, בשום סוג של תוואי. אדוני סגן השר, היום קיימים בגדה המערבית יותר מ-100 מאחזים בלתי חוקיים. מדובר באלפי אזרחים שמתגוררות ומתגוררים ביישובים שקמו תוך הפרת החוק הישראלי, בלי החלטת ממשלה כמתחייב, בלי אישור של רשויות התכנון המוסמכות, תוך שהם פולשים, ולצערי גם פולשות, לקרקעות שאינן שייכות להם. ובכל זאת, הן זוכות וזוכים לתמיכה כספית שוטפת ונדיבה במיוחד מהמדינה – מקניית המבנים שבהם הם גרים, דרך סלילת כבישים במיליארדים ועד בניית מוסדות חינוך עם כיתות קטנות וצוותי הוראה איכותיים. מדובר באמת במפרי חוק, ובכל זאת הם זוכים ממשרד השיכון ומשאר משרדי הממשלה לתנאים שכולנו יכולנו רק לחלום עליהם. שם מדינת הרווחה האמיתית. הקמה של כל מאחז כזה עולה כ-50 מיליון שקל למדינה, והתחזוקה שלו עוד כמה עשרות מיליונים בשנה. כל מי שבוחר להתגורר מעבר לקו הירוק זוכה מהממשלה בשורה ארוכה של הטבות – חברים – – –

תודה, אדוני היושב-ראש. כל מי שבוחר ובוחרת להתגורר מעבר לקו הירוק זוכָה מהממשלה בשורה ארוכה ארוכה של הטבות, בין היתר בתחום הדיור. הנה דוגמה לחלק: הלוואה של 97,200 שקלים מהמדינה בתנאים נוחים להפליא; מימון של 50% מעלויות הפיתוח של פרויקט הבנייה; פטור ממכרז על הקרקע; הנחה של 69% על ערך הקרקע, ועוד ועוד. ההטבות המופלגות האלה פירושן אובדן הכנסות למדינה – אובדן מסיבי של הכנסות למדינה – וצמצום דרסטי של היכולת שלה לסייע בתחום הדיור למי שבאמת צריכות וצריכים את זה, בתוך גבולות ישראל. כי במקביל לכל היופי הזה, ביהודה ושומרון, קיימת בישראל קבוצה גדלה והולכת של אנשים ונשים שומרות חוק, שממתינות וממתינים יותר מעשור לדיור ציבורי; קבוצה הולכת וגדלה בהתאמה לממדי העוני שהממשלה מגדלת בהצלחה כל כך רבה. החטא היחידי שלהם – שהם חיות וחיים בתוך גבולות המדינה. רשימת ההמתנה הזאת הגיעה השנה לשיאים היסטוריים, והיא מכילה היום עשרות אלפי ישראליות וישראלים – חברים?

אני ממש מתנצלת, אבל – אני ממש מתנצלת, זה הפרעת קשב.

אני בטוחה, באמת. זה בנושא. אני אומרת שרשימת ההמתנה לדיור הציבורי הגיעה השנה לשיאים היסטוריים. היא מכילה עשרות אלפי ישראליות וישראלים שעוד רגע מושלכות ומושלכים, ואגב, תוך כדי שאנחנו מדברות יש להניח שחלק מהם מושלכות ומושלכים לרחוב, עם המשפחות, עם הילדות והילדים שלהם. בעוד שהממוצע במערב עומד על 51.3 דירות דיור ציבורי על כל 1,000 אזרחיות ואזרחים, בישראל, שים לב, אדוני היושב-ראש – אוי, התחלפת. היי, אדוני היושב-ראש – בישראל הממוצע עומד על 0.039 דירות לכל 1,000 אזרחים. זה נתון ששם אותנו בגאון עם מדינות העולם השלישי הגרועות ביותר שיש.

כן. תתפלא. אני אחזור על זה עוד פעם, לפרוטוקול: בעוד שהממוצע במערב הוא 51.3 דירות דיור ציבורי על כל 1,000 אזרחיות ואזרחים, בישראל הוא עומד על 0.039 דירה על כל 1,000 אזרחיות ואזרחים. זה באמת נתון בלתי נתפס, לא בכדי אתה מבקש ממני לחזור עליו.

אז כסף למאחזים יש, ברוך השם; כסף לדיור ציבורי אין בכלל. כלומר, מדינת ישראל, ומשרד השיכון בראשה, כשהם מזרימים ביד נדיבה תקציבים גדולים לאזרחים מפרי חוק, ובאותו זמן מסלקים אלפי משפחות לחיות ברחוב תחת התירוץ השקרי שאין לה כסף, כאמור – משקרת. יש לה כסף. היא פשוט בוחרת לתת אותו פרוס על שטיח אדום לפורעי חוק ומענישה כאלה שעובדות ועובדים, ולפעמים גם שני בני-הזוג באותה משפחה, ובכל זאת חיות בעוני מרוד ובחוסר קורת גג. לכן, אדוני היושב-ראש, הממשלה הזאת צריכה ללכת.

אני שומעת אותם בוועדות רצוף, מה זה – – –

זה ממש לא נכון. ממש לא נכון.

גם אתה רואה את עצמך כיהודי. זה לא עושה אותך – – –. מה זה קשור?",1,
282874,2014-03-19,שנה לממשלה כושלת,"תודה רבה לך, אדוני. אני מאוד מתנצלת. זה פשוט הבלגנים שקורים בתוך הקואליציה עם חוק הגיור. הם מתזזים את כולנו מוועדה לוועדה, מחדר לחדר. אדוני ראש הממשלה, טוב לראות אותך כאן. אדוני היושב-ראש, חברותי וחברי, אני עומדת על הדוכן כאן היום כאשת בשורה. במלאות שנה לממשלת ביבי-בנט-לפיד נמצאו האשמים בכישלונה המהדהד של הממשלה. שר האוצר מצא אותם: בית-המשפט העליון ואגף התקציבים. הם האשמים. הם ביצעו השתלטות – ויש כאלה שיגידו השתלטות עוינת – תחילה על השיח הפוליטי ולאחר מכן על עולם קבלת ההחלטות. ככה, בהבל פה, לאור הזרקורים, שר האוצר מקיא על השדרה המרכזית של אנשי משרדו ועל בית-המשפט העליון. ככה זה כששר האוצר וראש הממשלה – כל אחד מהם בנפרד – בטוח שהמדינה זה הוא. ברוכות וברוכים הבאים לעידן המשילות. מינימום תועלת במקסימום נזק. זה הסיפור של הממשלה הזאת, חברות וחברים. ממשלה שעושה מינימום תועלת במקסימום נזק, ואז מתנערת מאחריות וזורקת את האשמה על אחרות ואחרים. ממשלת ""לא אשמים"" חוגגת שנה של החלטות רעות, שנה של הבטחות שלא התממשו, שנה של הישגים כושלים. קחו למשל דוגמה יוצאת מן הכלל – יוקר המחיה. אז בשנתה הראשונה הממשלה הצליחה להביא לעליית מחירי המים, לעליית מחירי החשמל, לעליית מחירם של 76% מהמוצרים בסופר – חלב עמיד התייקר ב-10%, לחם בלא פחות מ-8%. המע""מ עלה ב-1%. אבל השמנת המתוקה הוזלה במסיבת עיתונאים מפוארת. מינימום תועלת במקסימום נזק. אבל מי אשם? לפי הפוסטים של שר הכלכלה והפייסבוק נפתלי בנט, שכצעד ראשון השליך משם משרדו את המילים ""תעשייה"" ו""תעסוקה"" כי תעשייה ותעסוקה זה כנראה לשמאלנים חלשלושים – אז לפי שר הכלכלה, אשמה כנראה איראן, כי מתוך 180 פוסטים שהוא העלה בשנה האחרונה, שישה עסקו בדת, 100 ומשהו בענייני איראן ופלסטינים ורק 20% בכלכלה. קחו למשל דוגמה אחרת יוצאת מן הכלל – העוני. בתקציב המדינה שהעבירה הממשלה היא טענה בתוקף שיש גירעון של 40 מיליארד שקל וחייבים, פשוט חייבים, להעלות את המע""מ ולקצץ בקצבאות הילדות והילדים. ישבנו ימים ולילות רצופים בוועדת הכספים בניסיון להסביר לנציגיו של נתניהו ולפיד שבקיצוץ הזה, לפי הביטוח הלאומי, הם מורידים עוד 90,000 אנשים, ילדות, ילדים ונשים אל מתחת לקו העוני. שום דבר לא עזר. אתם, אדוני ראש הממשלה, הורדתם אותם מתחת לקו העוני. שלושה חודשים אחר כך הקמתם ועדה למלחמה בעוני. ובוועדה למלחמה בעוני נמצאו האשמים. האשמים הם המספרים. המספרים אשמים. אם רק ישנו את שיטת המדידה של העוני יתברר שבכלל בעצם אין כל כך הרבה עוני. אבל בשביל להיות על הצד הבטוח, הוועדה למלחמה בעוני לא מקבלת עניות ועניים להופיע בפניה ולא כותבת פרוטוקולים מלאים. גם אין לה תקציב. למעשה, שר האוצר גם מאשים את העניות ואת העניים בצרות של עצמם. הוא מתרברב שהוא יוציא את המדינה מתרבות של קצבאות לעבודה; בהתעלם מהעובדה שבשנה האחרונה רק התרבו המשפחות שהעבודה לא מוציאה מהעוני. כמו שכולנו יודעות ויודעים, בהמשך התגלה שבעצם הגירעון לא כזה גדול. אבל את הקיצוץ בקצבאות לא ביטלו – לא החזירו את הקצבאות שהורידו 90,000 נשים וילדים, גברים וילדות אל מתחת לקו העוני. מינימום תועלת במקסימום נזק – ככה זה בעידן המשילות. ממשלת ""לא אשמים"" חוגגת שנה של החלטות שלא רואות את האזרח ממטר, אלא רק את עצמה. שנה של סדרי עדיפויות מעוותים, שנה של עבודה בעיניים. קחו למשל עוד דוגמה יוצאת מן הכלל – משבר הדיור. בשנתה הראשונה העבירה הממשלה הזאת שלל חוקי תכנון ובנייה שאמורים לקצר את ההליכים, להגדיל את ההיצע ולהוריד את המחירים. האומנם? אז זהו, שלא ממש. אלה חוקים עוקפי ועדת תכנון, עוקפי חוקי תכנון, עוקפי איכות חיים והיגיון תכנוני; חוקים שעושים נזק לשטחים ירוקים, לנהלים ראויים לזכות הציבור להישמע ולהתנגד, אבל הם חוקים שלא מביאים אפילו דירה אחת נוספת להשכרה. הם לא מוסיפים דירה אחת לדיור הציבורי שנחוץ למאות אלפים כמו אוויר לנשימה. ים של חוקים ורפורמות – ומחירי הדירות ממשיכים לעלות. מינימום תועלת במקסימום נזק. אבל אל דאגה, נמצאו אשמים גם במשבר הדיור: הקואליציה מאשימה את נגידת בנק ישראל קרנית פלוג. היא זו שלא הצליחה להוריד את מחירי הדיור. כאילו כבר הספקנו לשכוח את הפארסה שהממשלה העבירה אותנו לפני שהיא מינתה את קרנית פלוג. גם אשמה וגם מעזה לצאת נגד הצעד האמיץ, החדש, של שר האוצר או שר הבינוי? מע""מ 0% על דירה חדשה לזוג עם לפחות ילדה או ילד ויש להם עבודה ושירתו בצבא או בשירות לאומי. אכן צעד אמיץ מאוד, כי הוא יביא לעוד עלייה במחירי הדיור. זה גם צעד שערורייתי של אי-שוויון. למה דווקא מי שיקנו דירה ראשונה עכשיו יזכו למתנה השמנה והיפה הזאת, על חשבון כל שאר משלמות ומשלמי המסים? זה גם צעד מפלה מאוד, לא זמין לחרדיות ולחרדים, לערביות ולערבים שלא שירתו כי המדינה לא גייסה אותם ולא אפשרה להם לעשות שירות לאומי; וכמובן, למי שאין לה כסף לקנות דירה, גם לא בהנחה של 18%. מינימום תועלת במקסימום נזק. ככה זה בעידן המשילות. חברות וחברים, ממשלת ""לא אשמים"" חוגגת שנה של הישגים מפוקפקים. שנה של ברית אחים, שנה של שקרים. קחו למשל המצאה ממש יוצאת מן הכלל: חוק השוויון בנטל. בחבילה אחת גם מלחמת תרבות, שיסוי והסתה, הפרד ומשול, וגם אי-שוויון עוצר נשימה מכל הצדדים. גם הופכים את צה""ל לצבא שמורכב ממיליציות בדמות גדודים חרדיים סטריליים מנשים, גם לא מגדילים את מספר החרדים המתגייסים כי כבר היום הם מתגייסים במספרים כאלה שהיו מגיעים למכסות בחוק במו עצמם. מקסימום נזק במינימום תועלת. עידן המשילות – אבל ליאיר לפיד יש יום-יום חג. הציונות חזרה, ואל תטרידו אותו עם עובדות או עם המציאות. הוא הרי סופר, הוא כותב את הסרט של חייו. הבעיה היא שזה סרט האימה של כולנו. אגב, לא ברור למה כולם מדברות ומדברים כל כך על משבר הדיור. אחרי הכול, יש בממשלה הזאת שר אחד שהוא באמת מצטיין, חרוץ, בלתי נלאה, שאיננו נח, והוא באמת מקיים הבטחות. שר השיכון והבינוי עובד במרץ. יש עלייה של 123% בהתחלות בנייה – בהתנחלויות. מאז כניסתו של אורי אריאל למשרד השיכון יש האצה משמעותית בבנייה: 2,534 יחידות דיור התחילו להיבנות ב-2013, לעומת 1,133 בשנת 2012, ואלה רק בניות עם היתרים. במאחזים נמשכת גם בנייה בלתי חוקית באופן מסיבי לכל אורך ורוחב הגדה. בנובמבר 2013 לבדו פורסמו מכרזים לבניית 24,000 יחידות דיור. מתחילת המשא-ומתן באוגוסט פרסמה הממשלה – כן, כן, הממשלה – מכרזים לבניית 5,349 יחידות דיור בהתנחלויות; יותר מ-1,000 יחידות דיור בחודש. רק הבוקר, מזל טוב, אושרו 180 יחידות דיור בירושלים מעבר לקו הירוק. כן, כן, חברות וחברים, במדינת הרווחה של ההתנחלויות הכול בסדר, תודה. יש כסף לדירות, לבתים, לתשתיות, לכבישים, בזמן שבקיבוצים – – –

– – – בקיבוצים, במושבים וביישובים הערביים – –

– – הממשלה לא מאפשרת לאף אחד או אחת לבנות מרפסת. בזמן שלא מאפשרות לאחרות ולאחרים לבנות שום דבר אחר, בשטחים – בנייה נפלאה. כמו שאמרנו: מקסימום נזק. ממשלה של ""לא אשמים"" בת שנה. שנה של הרס הדמוקרטיה, שנה שמסכנת לנו את העתיד. וזה מביא אותנו כמובן אל הנזק הגדול מכולם – האשליה המסוכנת הקרויה ""משא-ומתן"". אדוני, ראש הממשלה – – –

זה גרוע. זה מה שהבנתי ולכן עצרתי.

הדבר היחידי שאנחנו שומעות ממך, אדוני ראש הממשלה, הוא זריקת האשמה על מישהו אחר. ואיזה יופי לזרוק את האשמה על מישהו יותר מאשר שותפך למשא-ומתן, המנהיג הפלסטיני אבו מאזן. הרי מבחינתך ברור שהוא לא פרטנר, כי הוא לא מוכן להכיר במדינה יהודית, כי הוא לא גינה את הירי על עזה. הוא, אגב, גם לא שירת בצה""ל ולא עשה שירות לאומי. אבל מה אתה, אדוני, עשית בשביל להשיג הסכם עם שכנינו הפלסטינים ולפתור את הסכסוך שמכלה את מדינת ישראל? מה אתה עושה ועשית כדי להבטיח את קיומה של מדינת ישראל כמדינה יהודית ודמוקרטית? אתה, כשאתה מפחיד, מזהיר ומאיים מפני האיום האיראני, אתה לא חוסך במאמצים ומיליארדים כדי להתגונן מפניו. אבל כשאתה מפחיד, מזהיר ומאיים מפני איום החרם שעלול להיות מושת על מדינת ישראל – ומי כמוך יודע כמה נזק הוא יכול להביא – אתה לא נוקף אצבע כדי לעשות את מה שצריך כדי למנוע אותו. אתה חוזר על הפזמון הישן והשחוק, שכבר לא מעניין אף אחד, לזרוק את האשמה על מישהו אחר – –

– – אבו מאזן אשם, אובמה אשם, וגם הרצפה הרי עקומה. בבקשה, בבקשה, עוד קצת.

מינימום תועלת, מקסימום נזק. אז עבאס הוא לא פרטנר, אדוני ראש הממשלה, אבל ישראל היא כן פרטנר? ישראל, ששר הכלכלה שלה קורא לפלסטינים ""רסיס בישבן"", ששר הביטחון שלה מודיע שלא יהיה הסדר בדורנו? ואתה, אדוני ראש הממשלה, כן פרטנר? אתה, שאחרי תשע שנים כראש ממשלה לא הצגת מעולם אף תוכנית מדינית אחת, שחוץ מחצי אמירה על שתי מדינות לשני עמים לא שמענו ממך שום דבר – אז אולי תתחיל מזה שתהיה מדיניות לממשלה? האמת, אדוני ראש הממשלה, אני חושבת שאתה כבר מבין. אני חושבת שאתה כבר יודע מה צריך להיות ומה הולך להיות. אני יודעת שאתה מעדיף ביטויים באנגלית, הרי ראיתי אותך באיפא""ק. ישבתי באולם כשעמדת שם משולהב ושיכור במה, מדבר באנגלית המפורסמת שלך דיבור שנאה שלא היה מבייש את הקיצונים באויבינו ומקבל עליו תשואות אמריקניות באמת מהממות. אז תן לי לתת לך את זה באנגלית: אנחנו ב-bottom of the ninth inning"""".

השאלה היא רק אם כשאתה תתמודד עם מה שאתה כבר מבין, לא יהיה מאוחר מדי. ושאלה אחרונה, אדוני ראש הממשלה: איראן, האיום הגדול באמת שבו אתה באמת משקיע את מיטב מרצך ואת מיטב שליחותך ההיסטורית – בגללו אתה לא מטפל בדיור חמש שנים, אתה לא מטפל בעוני, אתה לא מטפל ביוקר המחיה כי איראן היא האיום הקיומי הגדול שלנו. בנושא איראן: איראן קרובה היום פחות לפצצה או יותר, אדוני?

שכחתי באמת למנות את המסתננים בין האשמים.

אתה צודק, שכחתי למנות את המסתננים בין האשמים.",2,The speech criticizes the government's actions regarding settlement policies and implies a negative view towards the impact of these policies on various social issues.
283251,2014-05-19,"הצעות סיעות העבודה, יהדות התורה – מרצ, רע""ם-תע""ל-מד""ע–חד""ש–בל""ד וש""ס להביע אי-אמון בממשלה בשל:: 1. אוזלת ידה בניהול סוגיות לאומיות;: 2. כישלונה בכל התחומים – החברתי, הכלכלי והמדיני;: 3. העלייה בפשעי השנאה נגד ערבים וכישלונה בטיפול בתחומי הכלכלה, החברה, התכנון, הבנייה והשיכון;: 4. חטיבת ישראל של בנק ישראל מגלה: המדינה מפנה עורפה להורים לילדים עד גיל תשע, לא חסה ולא חומלת, סיועה מחטיא את מטרתו ונטל ההוצאות הולך ומחריף","תודה רבה, אדוני. ובכן, ברכות – קודם כול ברכות, חברים וחברות: יש לנו מועד לבחירת נשיא. תתחדש, יושב-ראש הכנסת, כל הכבוד על קביעת התאריך. בזאת נשמנו לרווחה, ופארסת הניסיון הנואל של ראש הממשלה לבטל כלאחר יד, כאן ועכשיו, לצרכיו הפוליטיים המקומיים, שבהם הוא כנראה באמת לקח הרבה הרבה יותר מדי ללב את אותה כתבה ב""TIME"" שקראה לו ""קינג ביבי"", כנראה באמת הפנים אותה עמוק מדי, וניסה מעכשיו, כאן, פשוט לבטל את נשיאות המדינה. לשמחתנו, הפארסה הזאת מאחורינו, ואנחנו כאמור יכולות לנשום לרווחה, רק בשביל להיווכח – יושב פה שר הביטחון, ידידי – שפארסת תקציב הביטחון רחוקה עוד מלהיות מאחורינו. ראש הממשלה נהנה כנראה מסוג של ישחקו הנערים לפני, הפרד ומשול, בין שר האוצר לשר הביטחון; מאפשר להם להטיח בוץ זה בזה, או לפחות לפקידי משרדיהם – אלה באלה. בינתיים עומד תקציב הביטחון, ולא חשוב אם אתם נמנות ונמנים עם אלה שסבורות שהוא מנופח מדי, גדול מדי ובלתי מוצדק, או אם אתם נמנות ונמנים עם אלה שסבורות שגם ככה זה לא מספיק וביטחוננו בסכנה בכל יום שלא נוספת תוספת נכבדה לתקציב הביטחון. כך או כך, העובדה שהדיון הזה מתנהל באופן שהוא מתנהל, בתקופה, אמצע השנה, כשהצבא מודיע שהוא מקפיא את האימונים שלו, היא באמת פארסה שמעמידה את ראש הממשלה שלנו שוב ושוב בסימן שאלה גדול, בשאלה אם באמת הוא יכול וראוי להיות ראש ממשלה למדינה הזאת, שכמו שהוא עצמו חוזר ואומר, היא המדינה המסובכת ביותר לניהול, ולהיות ראש הממשלה שלה זה באמת התפקיד הקשה ביותר בעולם. ואכן נשאלת השאלה האם בנימין נתניהו הוא האיש שמסוגל למלא את התפקיד הזה. ובכן, הנה עוד שבוע עבר, ובנימין נתניהו ראש הממשלה לא עשה שום דבר, גם לא כדי להתמודד עם הסוגיה המכונה ""תג מחיר""; הסוגיה הכואבת והמסוכנת הזאת, שבה יהודים מפגינים ומפעילים גזענות, אלימות, שנאה, על אזרחיות ואזרחים ערבים תושבי המדינה. זה ממש חומר נפץ שמחכה להתפוצץ, וראשי אכיפת החוק איכשהו ממשיכים בחייהם כאילו לא קורה שום דבר: עדיין היועץ המשפטי לממשלה לא עשה דבר, עדיין המשטרה לא שינתה ממנהגה. אה, כן, הבוקר התבשרנו שתיפתח תחנת משטרה ביצהר. אין מה לומר, הראינו להם מה זה. כי תחנת מחוז ש""י עושה עבודה כל כך טובה בלמנוע ולהשתלט על אלימות המכונים בטעות ""נערי הגבעות"", שהם צעירי המתנחלים, שבאמת מרשים לעצמם להשתמש באלימות קשה ביותר. אז נפתחה תחנת משטרה ביצהר. הנה, עוד ממסד שלטוני באדמה שאיננה אדמת מדינת ישראל, שהחוק הישראלי איננו חל עליה, אבל מדינת ישראל מרשה לעצמה לעשות שם כבתוך שלה. אז ""תג מחיר"" עדיין כאן – – –

סליחה? חל החוק הישראלי? אדוני סיפח את השטחים בלי שידעתי? כי היום הייתי בוועדת חוקה, ולא הודיעו על זה.

אה, אבל בואו – הסיפור של ההתנחלויות הרי לא מתחיל ונגמר בעניינים ביטחוניים ובעניינים מדיניים, גם עניינים כלכליים ותקציביים על הפרק. למשל, גיליתי הבוקר שהעברות – או יותר נכון, מלחמות, מלחמות ראויות, על העברות להתנחלויות – מונעות שיפוץ 2,000 יחידות דיור ציבורי. דיור ציבורי – אנחנו חוזרות ואומרות כאן לא פעם ולא פעמיים ולא 200 פעם ולא 2,000 פעם – הדבר הבסיסי הזה, זכות היסוד של קורת גג לאלה שאין להן ואין להם איפה לגור, שמתגלגלות ברחובות, במבנים נטושים, שנאלצות למצוא את עצמן פולשות לדירות לא להן, כי פשוט אין איפה לשים את הילדות והילדים שלהם – 2,000 יחידות דיור ציבורי שזקוקות לשיפוץ, שכל 2,000 הדירות האלה ייגמרו ב-3 מיליון שקל, תקועות ואי-אפשר לשפץ אותן כי לא מעבירים כסף להתנחלויות ולכן יושב-ראש ועדת הכספים מעכב את 3 מיליון השקלים האלה, מעכב את האפשרות של מי שאין לה קורת גג לקבל את הדבר הבסיסי הזה: זכות לדיור; זכות לדיור ציבורי, לא במגדלים מפוארים, לא עם דונמים רחבי ידיים של שטחים מסביב – דיור ציבורי. תקוע. אז כן, אדוני ראש הממשלה, בוא ספר לנו איזה כלכלה משגשגת, נהדרת ונפלאה יש לנו במדינת ישראל. ובכן, קמנו הבוקר לקרוא שההאטה כבר כאן. הצמיחה, איך להגיד? אה, לא שכשהצמיחה צמיחה אז היא מחלחלת למטה, כמו שאתה מבטיח לנו כבר – חמש, שש שנים? מי סופרת? לא מחלחלת למטה, כי הפערים הולכים וגדלים, העוני הולך ומתרחב – ואגב, הוועדה, אותה ועדה מהוללת שהקמתם לבירור סוגיית העוני ולפתרון בעיית העוני – איך להגיד – בשקט-בשקט התכווצה ותיתן את מסקנותיה בחדר סגור, באופן לא שקוף ולא ידוע לציבור. ולא ברור אם נדע בכלל מה הן מסקנותיה של אותה ועדה שהקמתם אחרי שעשיתם קיצוץ בקצבאות הילדים, שהוסיף לוועדה הזאת עוד 90,000 אנשים ונשים, ילדות וילדים מתחת לקו העוני בשביל לחקור אותו. אבל תחזיקו חזק, חברות וחברים, כי בתקציב הקרוב צפוי לנו, כנראה, קיצוץ באותו סדר-גודל – פחות או יותר, מי סופרת? עוד 50,000 עניים, פחות 50,000 עניים. ההאטה המהוללת מביאה לכך שכנראה יצטרכו גם לקצץ בתקציב וגם להעלות מסים. אבל אל דאגה, ראש הממשלה בנימין נתניהו ימשיך לספר לכולנו איזו כלכלה נפלאה ויוצאת מן הכלל יש לנו כאן. ואחרון אחרון, עניין פעוט: ימים ולילות בילתה הקואליציה הזאת כדי להעביר חוק שיאפשר לכלוא אנשים ונשים שהגיעו דרך הגבול הדרומי, המכונים כאן בטעות ""מסתננים"", ולמעשה רבות ורבים מהם מבקשות ומבקשים מקלט; הצליחה לעשות חוק שאפשר לכלוא את כולם במין מתקן המכונה ""חולות"" שנמצא באמצע המדבר, והוא לכאורה פתוח, והם כביכול יכולים לצאת ולחזור ממנו כרצונם. מתברר שאין בחדרים האלה אפילו מקום לשים בגדים, שאי-אפשר באמת להיכנס ולצאת משם, שצפוף, שאין גישה לשירותי רפואה בסיסיים שישמרו על היגיינה של בני ובנות אדם. אבל חמור מכך: הנה העבירה הממשלה את החוק החשוב הזה, לטענתה, והנה היא מתמודדת עם האיום הדמוגרפי הנורא הזה של המסתננים; האם הוטב מצבם ומצבן של תושבות דרום תל-אביב ושכונות אחרות בעשירית המילימטר? האם פרומיל שיפור הושג באיכות חייהן של אלה שצריכות להתמודד עם הנזקים שנגרמו מכך שמראש לא טיפלו בפליטים ובמהגרים האלה? לא ולא, חברות וחברים. הנה חזרנו למעגל העוני – המעגל שבו הממשלה הזאת מקצצת, מורידה אנשים מתחת לקו העוני, עושה עליהם דמגוגיה של שנאת זרים, ובסוף משאירה אותם מבוססים בעוני שאת המסקנות של הוועדה עליו, כנראה, לא נוכל בכלל לשמוע. תודה, אדוני.",1,
284595,2014-07-07,"הצעת חוק להעמקת גביית המסים והגברת האכיפה (תיקוני חקיקה), התשע""ד–2014","– – – בוועדה אנחנו ממש עבדנו מאוד קשה לתקן אותו, את החוק הזה.",5,
284655,2014-07-08,שעת שאלות,"תודה רבה, אדוני, שלום לכבוד השר. ביום 5 בינואר השנה הועבר למשרדך שטח הפעולה הנוגע לפיתוח הכלכלי-חברתי, מה שקרוי ""הסדרת התיישבות הבדואיות והבדואים בנגב"", ממשרד ראש הממשלה. זה בערך חצי שנה מאז.

שאלותי: מה היא עמדתך לגבי החוק הזה? האם אתה מתעתד להמשיך לקדם את מה שמכונה חוק פראוור? מה היא העמדה הספציפית שלך לגבי העתקת 40,000 אזרחיות ואזרחים בדואים מביתם במסגרת התוכנית הזאת? והאם אתה שותף לגישה שדוגלת שבהכרח חובה להסדיר את אזורי היישוב והקרקעות והבעלות עליהם לפני הפיתוח הכלכלי-חברתי של הבדואיות והבדואים?

אדוני, קודם כול, אני מודה לך על התשובה המפורטת וההתייחסות הרצינית, ואני רוצה לברך על הגישה שפירטת כאן. לי אישית זה עושה הקלה מאוד גדולה לשמוע אותך ולשמוע שהממשלה נענית לקו שאתה מוביל. אני מקווה שבאמת נלך בדרך הזאת. אין לי ספק שזה יביא תועלת רבה, גם לחברה הבדואית, ולא פחות מזה – למדינת ישראל ולחברה הישראלית כולה. כמה שאלות קונקרטיות, ברשותך, להמשך: א. בהמשך למה שפה קרא בקריאת ביניים חברי באסל גטאס, האם אתה מכיר את ההצעה האלטרנטיבית לתכנון מחדש של האזור וההתיישבות הבדואית – –

ברשותך, אני אשמח לתווך, להעביר אליך את – –

– – התכנון שאנחנו מכירות.

לא, יש תוכנית כוללת שנעשתה – – –

אם אדוני מביע פתיחות, אנחנו בהחלט נוודא שכל הדברים שקיימים יגיעו אליך ולצוותך. עוד כוכבית בקשר ליישובים: היו יישובים מיועדים – זאת אומרת, תכנון ליישובים יהודיים שנועדו להחליף יישובים בדואיים, וזה היה חלק ממוקד המחלוקת. האם גם בזה אתה – –

אז בסדר, אני רק אסיים את השאלה האחרונה ואני אלך. רק לשאול אם אותו סכום שדובר עליו מראש, אותם 7 מיליארד שקל שהוקצו בשביל תכנון פראוור המקורי, האם זה גם הסכום שעומד לרשותך היום, בדרך החדשה שאתה הולך בה? האם יש החלטה עקרונית על חיבור גורף לתשתיות מים וחשמל, ביוב וכו'?

ולך, אדוני היושב-ראש, על הגמישות.",8,
287116,2014-11-26,יוקר המחיה,"ראש הממשלה כבר באולם, אתה לא צריך להמשיך, אופיר אקוניס.

זה לגיטימי, זה מובן, זה הגיוני.

הריסת בתים הוכיחה את עצמה מאוד. הביאה ביטחון ושלום.

– – – אז ארגון ""עדאלה"" דרש, אז מה?

מי רוצה לשנות? מדינה ערבית – – –

זה לא אנחנו, זה ראש הממשלה.

זה ראש הממשלה מעמיד אותך במצב הזה, אדוני היושב-ראש.

למה? עשית, עשית: הסתת, פירקת, הפרטת, עשית המון.",8,
287369,2014-12-03,"הצעת חוק התפזרות הכנסת התשע-עשרה, התשע""ג–2013",הקדוש-ברוך-הוא מתנה את תמיכתו בעם ישראל – – – קואליציה?,1,"The speech implies a strong opposition to the concept of settlement, suggesting a lack of support for the topic."
289378,2015-06-15,הודעת הממשלה על העברת סמכויות משר לשר ועל העברת שטחי פעולה ממשרד למשרד,"חלילה, אדוני. אני רוצה להמשיך בדיוק את דבריו של חברי חבר הכנסת דני עטר. אדוני היושב-ראש, חברות וחברי הכנסת, תראו, אנחנו ממש עוד מעט נציין עשר שנים להתנתקות, חברות וחברים. יש מי מאתנו שיחשבו שזה היה דבר נכון לעשות, יש מי שחוו את זה כטראומה שאין ממנה מרפא. כך או כך, עשר שנים חלפו מאז פינוי יישובי גוש-קטיף; עשר שנים חלפו מאז הייתה המדינה צריכה לדאוג לכל אלה שפונו משם על-ידי ממשלת ישראל, לדאוג להם לבית חלופי, לדאוג להן ולהם, שבאמת, הקליטה מחדש שלהם, המרפא מהעקירה הקשה, מהעזיבה הבאמת-לא-פשוטה, של בית, תטופל על הצד הטוב ביותר, ובאמת, באמת צריך לרפא עקירה כל כך קשה. הממשלה הזאת – או יותר נכון צריך להגיד ראש הממשלה הזאת יושב בכיסאו כבר שבע שנים, לא פחות, מהעשר האלה – שבע שנים – –

– – אבל מי סופרת – כבר כמעט – אני מודה לך, מר אקוניס, אלוף הדיוקים. אם יש מישהו שהוא דייקן מאין כמותו, אתה ידוע בדייקנותך, ללא ספק.

בדיוק. ראש הממשלה הזאת וראש הממשלה של שתי הממשלות הקודמות יושב בכיסאו כבר – לפי מר אקוניס שש שנים ושלושה חודשים מתוך עשר השנים שחלפו מאז ההתנתקות, ועדיין לא גמרו לפתור את כל הבעיות של מפוני ומפונות גוש-קטיף. כמה לא מתקבל על הדעת, כמה לא סביר, כמה לא אחראי, כמה לא הגון, כמה מפר את החוזה שבין ממשלה לאזרחית ואזרח במדינת ישראל אפשר להיות? כמה לא רצינית יכולה להיות ממשלה? באמת, איך יכול להיות שראש ממשלה מרשה לעצמו שעשר שנים אחרי ההתנתקות לא כל המפונות והמפונים יושבות לבטח בביתן ובביתם החדש והכול כבר מאחוריהם? חברות וחברים, זה שהממשלה הזאת מביאה היום שוב, במסגרת משחק – לא יודעת מה זה בדיוק, זה משחק כיסאות בלתי נגמר בתוך הממשלה: אתה תהיה אחראי לזה והוא יהיה אחראי לזה, ואת זה נזיז לכאן ונעביר לכאן, ורק נשים פה ורק נשים פה, ועוד שנייה, רגע, נסדר עוד משהו – אנחנו כבר כמה זמן? שלושה חודשים אחרי הבחירות, והממשלה עוד מקימה את עצמה. הממשלה מביאה היום תחת הכותרת: ""סמכויות שקשורות להתנתקות"", שוב סדרים פוליטיים, אתננים שונים בתוך הממשלה. אדוני היושב-ראש, שני דברים לא ראויים: בראש וראשונה, ההתנהלות הפוליטית הזאת של ראש הממשלה חסרת האחריות, והשנייה, והכואבת יותר, היא העובדה שעדיין לא פתרו את בעיות המפונות והמפונים מגוש-קטיף. הממשלה, אני מאוד מקווה שלא תצליח להעביר את הסמכויות האלה, משום שאין שום סיבה שבמשרד השיכון, גם אם צריכים משהו ממשרד החקלאות, לא יוכלו לפתור את זה. אבל גם אם הם כן יעבירו אותן, בואו נראה אותם באות ובאים אלינו בעוד חצי שנה ומדווחים לנו שלפחות הבעיות נפתרו. תודה רבה.

אדוני, מר אקוניס, אחרי שהחמאתי לך על הדיון, אני התנגדתי להתנתקות בזמן אמת.",3,
290109,2015-07-01,"הצעת חוק חופש המידע (תיקון – קרן קיימת לישראל), התשע""ה–2015","חברי וחברותי חברות הכנסת, קודם כול, אני רוצה לשבח את חבר הכנסת מיקי לוי שנותן פה ציונים למפלגת העבודה ולוקח פה בכלל מונופול על יושר ושקיפות. האיש שהגיש ראשון את הצעת החוק הזאת הוא חבר הכנסת לשעבר משה מזרחי, בכנסת הקודמת, ממפלגת העבודה. אז קודם כול תנוח דעתו של אדוני, ואין צורך להטיף מוסר למפלגת העבודה בענייני שקיפות. עכשיו לעניין קרן קיימת – צריך לומר, חברי וחברותי חברות הכנסת, קרן קיימת היא גוף חשוב בצורה באמת בלתי רגילה. זה אחד הגופים הציוניים המשמעותיים ביותר שהיה להם תפקיד אדיר בהקמתה של מדינת ישראל, בביסוסה, וגם היום יש לה תפקיד, באמת תפקיד ציבורי מהמעלה הראשונה בהרבה מאוד רבדים של ההתנהלות של מדינת ישראל. קרן קיימת עושה תפקידים שממשלה אחרת הייתה נאלצת לעשות, ולא בטוח שהייתה יכולה לעשות באותה אפקטיביות. אנחנו יודעות ויודעים איזה חשיבות יש לקרן קיימת בשמירת שטחים מיוערים, בשמירת טבע במדינת ישראל, שלא לומר אפילו ביצירת טבע במדינת ישראל. ככה שבאמת אין חולק על חשיבותה ועל מקומה של קרן קיימת. היא אף מוכרת בחוק כגוף ציבורי, עובדותיה ועובדיה מוכרים כעובדות ועובדי ציבור. ודווקא בשל כך אנחנו חושבות וחושבים שצריך שתהיה מוכפפת לחוק חופש המידע כמו כל גוף ציבורי בעל חשיבות במדינת ישראל. זה בעצם כל הרעיון של הצעת החוק הזאת, זה עניין בסיסי לגמרי. חוק חופש המידע חל על כל גוף ציבורי, ודאי גוף ציבורי מרכזי, חשוב וגדול שתרומתו למדינת ישראל רבה כל כך כמו קרן קיימת. מן הראוי היה שהציבור יוכל ותוכל לקבל את כל המידע שהיא מוצאת לנכון שהיא צריכה, בשביל לראות את התנהלותה של הקרן הקיימת בצורה הטובה ביותר. נשמח על תמיכתכן ותמיכתכם כמובן, חברי וחברותי, גם בקואליציה. תודה רבה.",5,
291116,2015-07-22,הודעה אישית של חברת הכנסת מרב מיכאלי,"קודם כול, ברכות כמובן לחבר הכנסת גפני על החוק החדש והמעולה, ובאמת, כמי שמכירות אפליה מקרוב, אנחנו שמחות להיות שותפות לעוד צעד בדרך לתיקון אפליה. אדוני היושב-ראש, חברותי וחברי חברי הכנסת, עמד כאן על הדוכן קודם חבר הכנסת סמוּטריץ – –

– – ובמסורת הידועה של המפלגה שלו הסית ואמר דברי בלע, אלא שהפעם הוא השתמש במעמד שלו, בבמה שיש לו כחבר כנסת, וגם בחסינות שלו, כדי להכפיש עובדת ציבור שלא יכולה לעמוד כאן ולהגן על עצמה, ולא יכולה לומר את האמת, בניגוד לשקר שאמר עליה חבר הכנסת סמוּטריץ.

אז רק כדי להעמיד דברים על דיוקם פשוט, עובדות, בואו נדבר על העובדות. אני פניתי ליועץ המשפטי לממשלה בשם סיעת המחנה הציוני, שיש לי הכבוד והעונג להיות היושבת-ראש שלה, וביקשתי חוות דעת לגבי הצעת החוק שאתה העלית כאן, חבר הכנסת סמוטריץ – – –

ממתי? אני רוצה להגיד לך שאני פניתי ליועץ המשפטי לממשלה לא פעם ולא פעמיים לגבי – – –

אני רוצה להגיד שזה לא צעד יוצא דופן במקומותינו, אני פניתי ליועץ המשפטי לממשלה לקבל חוות דעת הרבה פעמים, על כל מיני חוקים, וגם הפעם מצאתי לנכון. מה גם שהיה דיון אצלנו בסיעה בשביל להבין האם אומנם מדובר בחוק שיתחיל להביא שקיפות, מינהל תקין והתנהלות ראויה לגוף הבעייתי-מאוד הזה שנקרא החטיבה להתיישבות, או שמא אכן מדובר בהמשך הקומבינה, בהמשך – איך להגיד את זה? השיטה הזאת שבה לוקחים כספים בצורה לא ראויה ומחלקים אותם בעיקר להתנחלויות וקוראים לזה ""התיישבות"", ולהתיישבות בתוך תחומי מדינת ישראל זורקים פירורים.

ובכן, קיבלנו תשובה מהיועץ המשפטי לממשלה, והמשנֶה, שלא לומר המשנָה, ליועץ המשפטי לממשלה, בתפקידה הזה, דינה זילבר, כתבה את חוות הדעת. עכשיו אני רוצה להגיד משהו, חבר הכנסת סמוטריץ, תן לי להאיר את עיניך: לא זאת שהיא כתבה שהיא חושבת שלא צריך לתמוך בהצעת החוק הזאת, היא גם כתבה שהיא אמרה את זה לוועדת השרים. לא זאת אף זאת, היא כתבה בחוות הדעת שלה שמשום שהוקמה ועדת מנכ""לים – על-ידי הממשלה, על-ידיכם, אתם הקמתם ועדת מנכ""לים כדי שתבחן את פעולתה של החטיבה ואת הדרך הנכונה לטפל בה – – –

ולכן, מן הראוי לתת לוועדת המנכ""לים לסיים את עבודתה, להגיש את מסקנותיה, ואז לעשות מה שצריך – חקיקה, לא חקיקה, מה שצריך. אבל, לא, אתה מביא, על הראש של כל החלקים, גם של הממשלה, גם של ועדת השרים, גם כמובן של היועץ המשפטי לממשלה, אתה מביא את החוק הזה. עוד סיפרה לנו בחוות הדעת שלה דינה זילבר שהיא ביקשה שבועיים, הם ביקשו, היועץ המשפטי לממשלה ביקש שבועיים כדי לפרוס בפניכם את כל המגוון – ויש מגוון ומבחר בעיות בחוק הזה, ובכל זאת לא, ועדת השרים לחקיקה החליטה בכל זאת להראות מי בעל-הבית, להראות שהיא לא סופרת אף אחד, בטח לא את מוסד היועץ המשפטי לממשלה.

ידע היועץ המשפטי לממשלה המיועד, מי שזה לא יהיה או תהיה שרואה את עצמה כמועמדת, מה צפוי לה בלשכת היועץ המשפטי כשתיבחר ליועץ החדש.

אז דינה זילבר עשתה את חובתה כעובדת ציבור – – –

מזכיר לי כאן חבר הכנסת, יושב-ראש האופוזיציה, מר הרצוג – –

– – שמי שמינה את המשנה הזאת הוא שר המשפטים נאמן, תנוח דעתכם, כך שהמדובר בעובדת ציבור שעושה את עבודתה המקצועית והציבורית לעילא ולעילא. עכשיו צריך להגיד לסיום, אדוני – אני כבר מסיימת, ואני רוצה להגיד: צריך להגיד, אתה צודק, חבר הכנסת סמוטריץ, בדבר אחד: אנחנו, המפלגה שלנו, היא אכן שם נרדף להתיישבות. אנחנו אכן ההתיישבות האמיתית – בנגב, בגליל, בתוך גבולות מדינת ישראל. אותה התיישבות שאתם, בין השאר באמצעות החטיבה להתיישבות, מייבשים, לא מאפשרים לה לבנות, הורסים לה את החקלאות, גומרים את החקלאים, לא מאפשרים להם להתפרנס בכבוד – –

– – לא מאפשרים להם להתקיים כמו שצריך, מייבשים את ההתיישבות והחקלאות בתוך מדינת ישראל – –

– – בשביל לתת את זה רק לחברים שלכם מחוץ לגבולות המדינה, ונגד זה אנחנו הצבענו.

נגד זה אנחנו הצבענו. תודה רבה, אדוני.

תודה רבה, אדוני. חברי וחברותי, אומנם אתם הצבעתם בעד הצעת החוק הזאת, אבל ראוי שתדעו שהסיבה לכך שהיה צריך להביא את ההצעה הדרקונית הזאת, המופרכת, היא דווקא שהמצב החוקי הקודם כבר לא עובד לכם. חברת הכנסת רחל עזריה בשבתה כסגנית ראש העיר ירושלים הקימה את ""השגחה פרטית"", שבאה לתת שירות כשרות לא דרך הרבנות הראשית, בגלל שיותר ויותר אזרחיות ואזרחים ויותר ויותר בתי-עסק לא רצו את הכשרות של הרבנות הראשית. רצו ורוצות ורוצים כשרות, ולא את הכשרות של הרבנות הראשית. הציבור מצביעה ברגליים, חברי וחברותי. אם אתם חושבים שאתם תחמירו את הסנקציות ותחזקו את הכפייה ואז זה יעבוד לכם יותר טוב – יקרה ההפך הגמור. בדיוק מה שקורה בכל מקום היום בארץ, שיותר ויותר ציבור מוצאת לעצמה את הכשרות שנכונה לה, שטובה לה, שלא מתבססת על שררה ויחסי כוח, כפייה ואילוצים, אלא על יחסי אמון של קהילה ועל הזכות של כל אחת ואחד שההלכה תהיה גם שלה ולא רק שלכם. לא יעזור לכם, הצעת החוק הזאת יכולה לעבור קריאה שלישית, אבל זה בדיוק אחת הגזירות שהציבור לא רק לא יכולה לעמוד בה, גם לא רוצה לעמוד בה, ובצדק רב.",1,
297093,2016-02-08,"הצעת חוק חובת גילוי לגבי מי שנתמך על-ידי ישות מדינית זרה (תיקון) (הגברת השקיפות לגבי נתמכים שעיקר מימונם מתרומות של ישויות מדיניות זרות), התשע""ו–2016","תודה, אדוני. עומדת כאן שרת המשפטים ומאשימה אותנו שאנחנו רוצות ורוצים לקחת מונופול על השקיפות. כאילו היא באמת מביאה שקיפות. רק ביום רביעי האחרון כל האגף – שעכשיו הוא ריק כל כך – של הקואליציה, שרת המשפטים, הפילו את הצעת החוק של שרת המשפטים לשעבר ציפי לבני, שאמרה: שקיפות? סבבה – שקיפות לכולם ולכולן; לכל סוגי התרומות, לכל סוגי העמותות. אבל האמת צריכה להיאמר, חברות וחברים: החוק הזה הוא לא שקיפות, הוא – איך להגיד את זה? הוא חוק הטלאי הצהוב. חוק הטלאי הצהוב לעמותות של זכויות אדם, חוק הטלאי הצהוב לעמותות של החברה האזרחית – לשדולת הנשים, לארגון ""בטרם"" ולארגוני שלום. שלום, מילה מגונה מאין כמותה בעידן הזה של ממשלות נתניהו. עכשיו מה? שרת המשפטים רוצה לחשוף תרומות מחו""ל, אבל היא לא רוצה לחשוף את ה-100%, 100% התרומות שמקבל נתניהו לפריימריז שלו הן מחו""ל; 100% התרומות לפריימריז שלו הן מחו""ל. 95% מהתרומות לפריימריז של בנט וגם 42% מהתרומות לפריימריז של שקד עצמה – שכפי שאמרה פה חברת הכנסת גלאון וצעק בקול רם חבר הכנסת אילן גילאון, יש שם תורמים מפוקפקים ביותר שזהותם עדיין עלומה. אז אם אנחנו כל כך רוצות ורוצים שקיפות, למה הפילה הממשלה הזאת את החוק של ציפי לבני, שדיבר על שקיפות אמיתית? זאת ועוד, צריך להגיד, הבייבי, הבייבי הענק, השמן והמנופח של הבית היהודי, מפלגתה של שרת המשפטים – החטיבה להתיישבות. הרי החטיבה להתיישבות – עמדה שרת המשפטים ומפלגתה על הרגליים האחוריות, שלא תהיה חלילה החטיבה להתיישבות כפופה לחוק חופש המידע. סירבו בקדנציה הקודמת – כמה פעמים רצנו לוועדת החוקה בניסיון להחיל על החטיבה את חוק חופש המידע, והקואליציה מנעה את זה פעם אחר פעם. וגם בקדנציה הזאת הביאה הקואליציה חוק חדש שבא להסדיר את החטיבה המהוללת להתיישבות, אבל גם בחוק הזה החטיבה להתיישבות חוסה בצל חשכה גמורה; לא חשופה, לא למבקר המדינה, לא לחוק חופש המידע, באופן כזה שאיילת שקד וכל הגורמים שמנצלים את הכסף הציבורי לעשות את אותם דברים שעושות עמותות הימין – שכן, מחרבות את הדמוקרטיה הישראלית – יישארו בלתי שקופים בעליל. זה החוק אולי הכי צבוע – –

– – שהגיע לכנסת הזאת, אדוני היושב-ראש, מזה הרבה הרבה הרבה זמן. לפחות את זה צריך להגיד בקול רם מאוד. תודה רבה.",1,
297931,2016-02-24,"הצעת חוק קיצור תקופת הצינון לבכירי מערכת הביטחון (תיקוני חקיקה), התשע""ו–2016","אז תתמוך בהצעת החוק שהגשתי בעניין הזה, יריב.",10,
303554,2016-11-01,נאומים בני דקה,"תודה, אדוני. אני קוראת את מכתבה של עידית גרפונקל מקיבוץ יטבתה, שחיה בערבה זה 33 שנים. באזור שלנו מתפרנסים מחקלאות, ובעיקר מתמרים. כמו כן, למרות תנאי האקלים הקשים, הפרות כאן מייצרות חלב איכותי ביותר, שמשמש חומר גלם למוצרים ממחלבת יטבתה. הממשלה מאשימה את החקלאים ביוקר המחיה, ולכן מובילה מהלכים שיצמצמו את הרווח מהחקלאות. האוצר מעריך את החקלאות באמצעות גיליונות ""אקסל"" ותחשיבים של רווח והפסד, בלי להתייחס לערכים הנוספים שיש לחקלאות: שמירה על הגבולות, ביטחון תזונתי, שמירה על הקרקע, שטחים פתוחים ועוד. חקלאי ישראל הם מהיעילים ביותר בעולם. שוק החלב מפואר, שוק התמרים מפורסם בכל העולם. ואולם, בלי תמיכה ישירה ועקיפה של הממשלה בחקלאות, כפי שמקובל בכל העולם, וללא תכנון ברמה מסוימת, לא יהיה קיום לחקלאות ואזורים שלמים יתרוקנו מיושביהם. אני מצפה, כותבת עידית גרפונקל, שהממשלה תבין שהחקלאות איננה תחביב של משוגעים לדבר ואיננה אמצעי להפקת רווח ללא עבודה של בעלי הון אלא עיסוק ומקור פרנסה לא פשוט בכלל של תושבים בפריפריה, ושתקצה משאבים בהתאם לעידוד החקלאות, המחקר, הפיתוח וההשקעות. בשנים האחרונות המוזיקה מאוד צורמת, וקשה להמשיך לנגן כשיש כל כך הרבה זיופים ואווירה עוינת במקרה הרע ואדישה במקרה הטוב. הממשלה חייבת להבין ולהפנים שהחקלאות היא לא עסק פרטי של החקלאים אלא ענף יקר וחשוב של מדינת ישראל, ולהנחות את משרדי הממשלה בהתאם. ככה כותבת עידית. ואני, ברשותך, אדוני, אגיד שלא מדובר באדישות, מדובר בזדון; בממשלה שבוחרת להשקיע מחוץ לגבולות מדינת ישראל באדמות טרשים בבעלות פרטית של אנשים שאינם אזרחי מדינת ישראל ותושבי מדינת ישראל, במקום בנגב, בגליל, בשרון, בערבה – בכל המקומות שמגדלים לנו תוצרת מדהימה לביטחון תזונתי. מדינה ללא חקלאות, אדוני היושב-ראש, חברי וחברותי, היא כמו אדם שלא אוכל ירקות. זה לא יביא אותנו רחוק.",3,
304982,2016-12-05,הצעה לסדר,"אני הייתי רוצה להציע הצעה לסדר מהצד, אם אפשר.

זה לסדר הדיון. זה לסדר-היום.

אדוני, אני מבינה שיש כוונה להביא היום להצבעה, מה שאני מבינה שכאילו עבר בנשיאות – הצבעה בקריאה טרומית על הצעת חוק פרטית, שעדיין לא הונחה, עדיין לא קיבלה פ/, אבל באופן ערטילאי אושרה בנשיאות. אני, מאז אני בכנסת, לא הובאה מעולם הצעה לקריאה טרומית להצבעה ביום שני, בטח לא כזאת שעדיין איננה. ואני שואלת את אדוני יושב-ראש הכנסת: האם יעלה על הדעת שאתה אישרת דבר כזה, מחוץ לכל סדר, היגיון והתנהלות של הכנסת?

אז זו לא אותה הצעת חוק, בהגדרה.

אז שתובא ביום רביעי לקריאה טרומית. למה שהיא תובא היום?

לקריאה טרומית, שתובא ביום רביעי.

אדוני, זה תקדים של הצעות חוק טרומיות בימי שני? אנחנו נתחיל לדרוש את זה באותה מידה.

תודה, אדוני. אני עשיתי בירור עם כל סגני יושב-ראש הכנסת מהאופוזיציה, ששלושתם נכחו בישיבת הנשיאות היום – גם חבר הכנסת אחמד טיבי, גם חבר הכנסת חיליק בר וגם חבר הכנסת מאיר כהן; אף אחד מהם לא הבין שמה שהתכוונתם בנשיאות זאת הצעה, נוסח חדש שיגיע לקריאה טרומית. בשני המקרים דובר על שני הנוסחים שכבר היו על שולחן הכנסת, שהיה מדובר שאחד מהם יבוא לקריאה ראשונה, מה שהיה אמור לקרות ביום רביעי, ונדחה. שלושה אנשים אינטליגנטים, באמת, אחד ותיק במיוחד בכנסת, אנשים שבקיאים בהלכות הבית, בשום אופן לא הבינו שזה מה שמדובר בו. ככה שיש, על פניו לפחות, איך לומר – אי-נוחות, אם לא בעיה קשה מאוד, כששלושה מסגני יושב-ראש הכנסת, בדיוק מהצד הזה של המפה הפוליטית של הבית, לא הבינו שזה מה שמדובר בו.

לא, הוא שמע שדובר על הצעת החוק בנושא ההסדרה. הוא לא פספס את החלק הזה.

אם ההצעה תבוא לקריאה טרומית היא תצטרך לעבור לפני כולן – אין המשמעות היא שהיא תבוא להצבעה כבר השבוע, ואין המשמעות, ודאי, על אחת כמה וכמה, שהיא תבוא ביום שני לקריאה טרומית.

אדוני, אני חייבת להגיד, חוק ההסדרה הוא לא חוק רגיל, זה לא איזה משהו שאתה פשוט מביא, והפרוצדורות – לא נורא, אפשר – – –

אבל זה בדיוק העניין, אדוני. מה בוער? מה בוער? הרי פסיקת בג""ץ כבר היא ארוכה – – –

מה בוער? שלמות הקואליציה? הקואליציה לא תתפרק עד יום רביעי.

אדוני היושב-ראש, הרי זה בדיוק העניין, בשביל זה משנים את הנוסח, משום שהחוק הזה לא מטפל בעמונה.

זה חוק כל כך דרמטי, מן הראוי שיטופל בצורה זהירה ולא בחיפזון, ולא בצורה שהיא לא ראויה, ועובדה – – –

לא חיפזון? להביא חוק שעוד אין לו פ/, עוד לא ראינו נוסח, עוד לא הונח על שולחן הכנסת, לא קיבל פטור, כבר יגיע היום להצבעה ומחר לקריאה ראשונה? זה לא חיפזון? אז מהו חיפזון?

זה לא החוק שאושר. אם הוא היה מאושר – אז תביאו אותו לקריאה ראשונה. אבל אתה רוצה להביא נוסח אחר לגמרי. זה לא אושר עדיין, סליחה.

אז זה עושה אותו חוק אחר. צריך לראות מה הנוסח.

בטח קיצורים. יש קיצורים לגיטימיים ויש קיצורים לא לגיטימיים ולא מקובלים.

הנה, חבר הכנסת אחמד טיבי רוצה להגן על מה שהוא אמר בעצמו.

אדוני, סליחה, אני מבקשת הצעה לסדר.

תודה, אדוני סגן היושב-ראש. אני מבינה שהיושב-ראש הלך, זה דבר לא כל כך מקובל בדרך כלל באי-אמון. אבל אני רוצה להגיד שאני הלכתי ובדקתי, ובהחלטת הנשיאות לא מופיע שום אזכור להצעת חוק לקריאה טרומית, גם אם אין בה פ/ – שזה דבר שהוא יכול להיות – לא מופיע, לא מבחינת שם חוק, ולו זמני, וגם לא כאזכור למשהו שעלול, עשוי, להגיע בהמשך השבוע. גם בהחלטות הנשיאות ההחלטה הזאת לא מוזכרת, כך שאני חושבת, אדוני, שאין דרך אלא לקרוא את זה כחוסר אפשרות תקנונית מוחלטת להביא הצעת חוק חדשה, שבעצם בפועל לא באמת אושרה בנשיאות.

אז בוא תגיד לי מי צריך להעביר את זה ליושב-ראש הכנסת. פשוט קודם היה יושב-ראש הכנסת, כשדיברנו בזה.

אתה הולך להצביע נגד זה, מר מרגי?

אבל אני מקדימה תרופה למכה, חבל. אני אגיד את זה, אם חס וחלילה נגיע לרגע שנגד התקנון ונגד החוק אנחנו נביא דבר כזה.

בהחלטת הנשיאות כתוב קריאה ראשונה, דבר שהוא הדבר הסביר. כך גם הבינו סגני יושב-ראש הכנסת. סגני היושב-ראש מהאופוזיציה שנכחו הבינו חד-משמעית שאכן יובאו ההצעות לקריאה ראשונה, וזה גם מה שמופיע בהחלטה.

זה בדיוק, חבר הכנסת טיבי אומר שלא אושר בנשיאות.

וזה מה שמופיע בהחלטות הנשיאות.",3,
307154,2017-01-31,"הצעת חוק להסדרת ההתיישבות ביהודה והשומרון, התשע""ז–2016","אני אסתפק בשלוש דקות, אדוני.

טוב, זה סוד ידוע שאנחנו מתנגדות ומתנגדים לחוק הזה, המכונה ""ההסדרה"", שאנחנו רואות ורואים בו לא רק לא הסדרה, אלא ממש פריעת חוק – פריעת החוק הבין-לאומי, פריעת החוק הישראלי – ולא אנחנו אומרות ואומרים את זה, אלא היועץ המשפטי לממשלה של הממשלה שאתם בחרתם אומר את זה. אנחנו מתנגדות ומתנגדים לחוק, שהוא הרסני למדינת ישראל, הנזק שלו הוא עצום ורב, ושוב, לא רק אנחנו אומרות ואומרים את זה, ראש הממשלה עצמו אמר את זה: חוק שעלול להביא את מדינת ישראל לבית-הדין הבין-לאומי בהאג. ההתנגדות שלנו לחוק הזה לא התחילה עכשיו, היא ידועה. אנחנו מנהלות ומנהלים נגדו מאבק כמיטב יכולתנו כבר זמן רב. אבל מה שקרה כאן אתמול, חברות וחברים, אינו נוגע אפילו בחוק עצמו, אלא נוגע בהתנהלות שלנו בכנסת, אדוני היושב-ראש. אפשר להעביר גם חוק כל כך שנוי במחלוקת, שאנחנו רואות ורואים בו באמת חציית קו אדום כזה עבה, יותר עבה מכל מה שחציתם עד היום, כנראה – וחציתם; חציתם, ברוך השם, מר סלומינסקי, חציתם – אבל גם חוק כזה אפשר להעביר באופן שמכבד את הכנסת ומכבד את סדרי הדיון של הכנסת, ולא צריך גם כאן לבוא באלימות, בדורסנות, ותוך כדי פריעת החוק של הכנסת עצמה. נכון, שמור לכנסת – כאילו יש היום כנסת, בואו נודה על האמת, אין היום באמת ממשלה וכנסת, יש ממשלה ואופוזיציה, משום שהפרדת הרשויות תחת שלטון נתניהו נרמסה לחלוטין. הקואליציה היום היא תמיד, באופן מוחלט, ולא חשוב באיזה נושא, במשמעת קואליציונית דרקונית עוצרת נשימה. אז נכון – יש לממשלה ולכנסת ולקואליציה אפשרות להפעיל את הסעיף המפורסם 98, ולכפות סדרי דיון שלא בהסכמה, ואני מודה ומתוודה – אני, כיושבת-ראש הסיעה הגדולה באופוזיציה ומרכזת האופוזיציה, אמרתי: אנחנו לא מגיעות ולא מגיעים בחוק הזה לשום סוג של הסכמה, אנחנו לא מסכימות או מסכימים לשום תג ותו, כולל לא לסדרי הדיון שלו. אבל גם אמרתי: אנחנו לא אמרנו מעולם שאנחנו נשתמש בכל 38 הימים שעומדים לרשותנו לפי מספר ההסתייגויות שהגשנו לנמק בהן את התנגדותנו לחוק, ולא הייתה שום מניעה להעביר את החוק הזה בצורה מכובדת, לתת לנו להתחיל את הדיון, ולראות, אולי לא יהיה צורך להפעיל את סעיף 98? אולי היינו ממצות וממצים את ההתנגדויות שלנו כעבור שעתיים, ארבע, יום? אפילו יומיים, סבורתני, אדוני היושב-ראש, שאתה חשבת שזה זמן סביר. ואז, באמת, אם היה נראה שאנחנו עושות ועושים איזה ניצול לרעה של הכלים הפרלמנטריים שעומדים לרשותנו, אפשר היה לכנס אז את ועדת הכנסת, ברוב שגם ככה יש לכם, והוא עצום ורב, ואז לכפות סדרי דיון אחרים. אבל לא. הקואליציה, חברות וחברים, שוב, בבריונות, באלימות, בברוטליות, בלא לספור את מי שלא חושב בדיוק כמוה, עשתה סדרי דיון שלא היו כמותם בכנסת; דיון מפוצל, מעולם לא היה דבר כזה. תמיד כשדיון מתחיל, הוא נמשך עד ההצבעה; דיון מפוצל, לא במובן שהולכות הביתה לישון או הולכות והולכים הביתה לשבת, אלא במובן שבאמצע ימי כנסת שלמים – דיונים אחרים, סדר-יום אחר; דיון שמוקצים לו רק הלילות, הזמן שבו כולן – אם הם נורמליות ונורמלים ולא נאלצים לעבוד למחייתם, חלילה, בלילה – ישנות וישנים, בטח לא מקשיבות להסתייגויות ולהנמקות של התנגדות לחוק; ובסוף, ביום שני, עוד איזה זמן קצר לפני ההצבעה. אז אנחנו, באופן פורמלי, רשמי וחגיגי, לא מוכנות ומוכנים לקבל את סדרי הדיון האלה, אדוני היושב-ראש, ולכן אנחנו לא נשתף עם זה פעולה, ולא נעמוד פה עכשיו שני לילות ונדבר, כמו שאומר הביטוי העממי, אל הלמפה. אנחנו נשמור לעצמנו את הזכות להשתמש בזמן הזה בכל זמן שנמצא לנכון. עכשיו ידבר חברי חבר הכנסת עפר שלח, ואנחנו נראה איך ניקח את זה משם. אבל אני רוצה להגיד לסיכום חמש הדקות שלי – אתה רואה, אדוני, אסור לתת אף פעם יותר זמן ממה שמבקשות, כי משתמשות: מי שמקטרים על זה שלא היו בקבינט דיונים על המנהרות, בורחים, ממש בורחים, מדיון בכנסת על חוק שמסוכן לישראל הרבה יותר מהמנהרות האלה; מתנהלים בצורה שבסופו של דבר היא זאת שמבזה את הכנסת. כי אתם אלה שמביאים עכשיו חוק שאתם בונים על זה שבית-המשפט העליון יפסול אותו, ואחר כך תוכלו להתלונן על בית-המשפט העליון שלא נותן לכם למשול. אם יש ביזוי לכנסת, זה הגילום המפורש שלו, ולזה אנחנו ממש לא ניתן יד. תודה רבה.

חבל שלא אלה סדרי הדיון שנקבעו. יכולתם לקבוע את זה באופן חד-צדדי – – –",1,
310434,2017-06-06,הצעות לסדר-היום: ציון יובל לניצחון במלחמת ששת הימים ולהתיישבות ביהודה ושומרון,"תודה רבה, אדוני. חברי וחברותי חברות הכנסת, ""היום האחרון של המלחמה. טסנו בגובה 30,000 רגל. מעל סוריה. אני שומע במכשיר הרדיו, בהתרגשות עצומה, את 'ירושלים של זהב'. מביט ימינה, מביט שמאלה – ואין אויב. קשה לתאר את ההרגשה הזאת – אין אויב. דבר לא מאיים יותר על מדינת ישראל שלנו"". ככה תיאר ביום הזיכרון האחרון בכיכר רבין רון חולדאי, ראש העיר של תל אביב, טייס קרב במלחמת ששת הימים, את הניצחון המוחץ והמדהים שלנו במלחמת ששת הימים. ובאמת, איזה ניצחון מדהים זה היה. בשישה ימים הפכנו ממדינה בסכנת השמדה לגיבור-העל של השכונה. אבל זה היה לפני 50 שנה, חברות וחברים. השבוע, היום, כשאנחנו מציינות יובל למלחמת ששת הימים, זה תאריך שהופך להיות חשוב כמו יום העצמאות שלנו; זה התאריך שבו באמת ירדה מעל הפרק סכנת ההשמדה של מדינת ישראל מבחוץ. היום, ברוך השם, אין בכלל סוג של איום השמדה מעלינו. הטרור, שהוא נורא ואיום, ואנחנו מתמודדות ומתמודדים אתו, לא מסוגל לכבוש את מדינת ישראל או להשמיד אותה, חלילה. אבל בתאריך הזה גם התחיל התהליך שמאיים להשמיד את מדינת ישראל מבפנים. אמרת, אדוני, בדבריך, שיש מי שאומר שהתאריך הזה רק סיבך אותנו. אז כאמור, הוא לא רק סיבך אותנו; הניצחון ההוא באמת הציל אותנו. אבל אי-אפשר לטמון את הראש בחול ולהתעלם מהמחלוקת שקיימת מאז בינינו. אני רוצה לספר לכן ולכם, חברי וחברותי, שאני פניתי לפני חודשים אחדים בנוהל הרגיל וביקשתי לקיים יום מיוחד ל-50 שנה ל-1967. אני חשבתי שצריך לקיים את היום הזה בסימן הממלכתי ביותר, ואני אגיד, הניטרלי ביותר; לא בגלל שאני לא מאושרת על הניצחון – שאני נולדתי חצי שנה לפניו, וגדלתי לתוך המובנות-מאליה הזאת – לא בגלל שהוא לא חשוב והוא לא כל כך דרמטי, אלא בגלל שהוא כזה. חשבתי שצריך לאפשר לכל הקולות השונים בחברה שלנו ובמדינה שלנו לגבי התאריך הזה להישמע באותו סוג של כבוד. העובדה שנקרא ליום הזה ""50 שנה להתיישבות ביהודה ושומרון"" לא תסתיר את העובדה שיש בשטחים האלה ביהודה ושומרון גם פלסטיניות ופלסטינים שלא חוגגים שום התיישבות, אלא להפך – מצויים תחת שלטון צבאי שלנו כבר 50 שנה. העובדה שנמשיך להתעקש על נרטיב מסוים לא תעלים את המציאות. נרטיבים זה ממש נהדר ונורא נורא חשוב, אבל בסוף יש מציאות. מאז מלחמת ששת הימים אנחנו הפכנו ממדינה קטנה וצעירה עם אוכלוסייה קטנה וכלכלה קטנה למעצמה אזורית, גם מבחינה צבאית וגם מבחינה כלכלית, ונראה שכולן מבינות ומבינים את זה. רק אנחנו לא. מאז הניצחון במלחמת ששת הימים לא הצלחנו בעצם להחליט מה אנחנו עושות ועושים עם הניצחון הזה. כן, יש פה חלקים שיודעים מה הם עושים עם הניצחון הזה, אבל אי-אפשר להגיד את זה על מדינת ישראל באופן גורף. אני יודעת, אתה, אדוני, אמרת כבר – גם היום אמרת שאתה חושב שצריך לספח את השטחים האלה, וזאת בהחלט תפיסה. אבל המדינה, כמדינה, לא עשתה את זה עדיין. אף ממשלה לא עשתה את זה עדיין, וכך, בעצם, מאז מלחמת ששת הימים אנחנו מחזיקים את צה""ל בגדה המערבית, ביהודה ושומרון. בהתחלה זה היה בשביל לשמור על הישגי המלחמה, לשמור על ביטחון ישראל; היום זה בעיקר כדי לשמור על ביטחון ההתנחלויות – התיישבות יהודית בשטחים שבסוף לא באמת שייכים לנו. ואנחנו ממשיכות וממשיכים לסרב להבין שכמו שאמר ישעיהו ליבוביץ, ""לא הטריטוריה היא הבעיה, אלא האוכלוסייה של"" – אז זה היה – ""1.25 מיליון ערבים היושבים בה, ושעליהם נצטרך לכפות את מרותנו. הכללתם של ערבים אלה, נוסף על"" – אז – ""300,000 אזרחי המדינה בתחום שלטוננו פירושה – חיסול מדינת ישראל כמדינת העם היהודי, חורבן העם היהודי כולו, התמוטטות המבנה הסוציאלי שהקימונו במדינה והשחתת האדם – היהודי והערבי כאחד"". זה מה שאמר ישעיהו ליבוביץ, היהודי הדתי שומר המצוות, חובש הכיפה, כבר לפני יותר מ-30 שנה. מאז כבר יש 2 מיליון, פחות או יותר, פלסטיניות ופלסטינים בגדה ועוד מיליון ומשהו בעזה, ואזרחיות ואזרחי ישראל מוסלמים כבר יש מיליון וחצי. הסכסוך הזה הפך להיות מה שמגדיר אותנו; אנחנו לא מזהות ומזהים את עצמנו בלעדיו. מי אנחנו בכלל בלי הסכסוך הזה? איזה מין מדינה אנחנו? סתם עוד מדינה לא חשובה בעולם? תרבות הסכסוך השתרשה אצלנו, כל דבר בישראל הופך היום לסכסוך, וסכסוך מר, מאפס למאה בחצי שנייה. ואת השחתת האדם, גם היהודי וגם הפלסטיני, אנחנו רואות ורואים יום-יום, שעה-שעה. אי-אפשר להכחיש את זה. הפכנו להיות כלואות וכלואים במיתולוגיה של הניצחון, הניצחון המדהים בששת הימים, וכבר 50 שנה שאנחנו מנסות ומנסים לחזור על הניצחון הזה, אבל אי-אפשר לחזור עליו. האויבים השתנו, המדינה השתנתה, המלחמה השתנתה. וחוץ מזה, אף אחד ואף אחת לא יכולות לְנַצֵּחַ לָנֶצַח. הניצחון הגדול שלנו היום, חברות וחברים, יהיה להבין ולהפנים את זה שאנחנו, ישראל, מדינה חזקה, מצליחה, עשירה, קיימת. הניצחון הגדול שלנו היום יהיה להבין שמתוך עמדת הכוח הזאת, החובה והאינטרס שלנו הם להושיט יד לשכנות ולשכנים שלנו, לעזור להם לבנות את עצמם, כי זה מה שיאפשר לנו לבנות את עצמנו. אחרת, הניצחון הזה של ששת הימים ימשיך לפרק אותנו מבפנים. ולנו, חברות וחברים, אסור בשום אופן לתת לזה לקרות. תודה רבה.",2,
311223,2017-07-03,שעת שאלות לשר החקלאות ופיתוח הכפר,"תודה. הקרעכץ, אדוני השר, היה בגלל תשובתך, משום שיש במדינת ישראל היום אזרחיות ואזרחים שמתיישבים בכל מיני מקומות בשטחים שהם בשליטתנו, ולאו דווקא בריבונותנו, בצורה לא חוקית, ועדיין הממשלה לא נוהגת כלפיהם באותו סוג של חריצות.

הקרעכץ שלי היה ממוסר כפול קבוע של הממשלה – – –

בסדר, לכן הקרעכץ, זה הכול. הבחנת בו, זיהית אותו, אז נתתי לו הסבר. וכעת לשאלתי, אדוני. לפני חודשים אחרים קידמתי, מתוך רצון להעלות להצבעה במליאה, את הצעת החוק לאיסור סחר בפרוות – הצעת חוק שאני לא הראשונה שמעלה אותה בכנסת ישראל; היא כבר הועלתה לדעתי בפעם הראשונה על ידי חברת הכנסת רונית תירוש בשנת 2009, ובכל פעם היא נדחית, והאמת היא שלא ברור לי מדוע. אני מחזיקה בידי את חוות הדעת המקצועית, זאת אומרת, את חוות הדעת, צריך להגיד, מגורמי המקצוע במשרדך, ויש שם כל מיני – זה לא כל כך ברור: החוק הזה הוא לא המקום המתאים – אין שום בעיה, נעשה את זה בחוק אחר; צריך להגיד, לא הוסדר נושא האכיפה – אין שום בעיה, בשביל זה יש עבודה בוועדות, נסדיר את נושא האכיפה; כמו כן, ישראל חברה בארגון הסחר העולמי – אז מה הבעיה, החברות הזאת לא מונעת את האיסור הזה; ואיזושהי אמירה שכשבזמנו הוגשה הצעת החוק, ב-2009, הייתה התנגדות להצעת החוק מכמה מדינות שכן סוחרות בפרוות. צער בעלי חיים, אדוני, אני לא צריכה לספר לאדוני, הוא איסור מדאורייתא. אני למדתי את פריקה וטעינה, ובאמת מדובר בהתחשבות בבעלי חיים ובמניעת צער מהם, מתוך מודעות לכך שהם חסרי אונים מולנו פעמים רבות. וסחר בפרוות זה אפילו לא משהו שהוא על תזונה, זה אפילו לא משהו שהוא על איזה צורך קיומי ברמה כזאת או אחרת, אלא באמת עינוי נוראי ומחריד לצורך נוראי ולמותרות בלבד. שאלתי: האם עמדתו של אדוני, כקובע מדיניות במשרדו – ואלוהים יודעת שאדוני קובע מדיניות במשרדו – לא מוצא לנכון להעביר את האיסור של סחר בפרוות?

אלה ממש מיליציות בגלל אוזלת ידה של הממשלה, אי-אפשר לשבח אותם.",3,
311304,2017-07-05,שאילתות דחופות,"תודה, אדוני, בוקר טוב לכבוד סגן השר. אדוני, השבוע הציגה המדינה לבג""ץ מפות מסודרות ונתונים של השטחים במרחק 100 מטר ומעלה מקו המים. כ-41,000 דונם – זה סדר גודל של שלוש פעמים רמת גן – יאבדו את ההגנה מפני בנייה ויימכרו ליזמי נדל""ן. רצוני לשאול את אדוני: מה עמדת המשרד, והאם תאפשרו זאת?

אדוני, תודה רבה, אני שמחה לשמוע שגם אדוני מוטרד והמשרד מתכוון לנקוט צעדים. אני רוצה להגיד שאני חושבת שהצעדים צריכים להיות נחרצים עוד יותר, ואם יורשה לי – אם אדוני יוכל להעביר, באמת, לשר ולגורמים המקצועיים במשרדו – אני חושבת שזה דבר שראוי אפילו לחולל עליו משבר קואליציוני, כי זה הרס כל כך פיזי ומוחשי של האפשרות שתהיה לאזרחיות ולאזרחי המדינה באמת לגשת לדבר הבסיסי הזה, של חוף הים, זה נראה ממש מאוד דרמטי, ואי-אפשר לאפשר את זה.",1,
321389,2018-12-17,הודעת הממשלה על שינוי בחלוקת התפקידים בממשלה,"תודה רבה, אדוני היושב-ראש. אז נתניהו רוצה להיות גם שר ביטחון. כמה פתטי. פשוט פתטי. האיש שמחזיק מעצמו מר ביטחון ולא מסוגל להביא ביטחון רוצה להיות שר הביטחון – האיש, שאחרי עשר שנות כהונה יש בישראל אולי הכי פחות ביטחון שהיה פה הרבה מאוד זמן. החזית הדרומית במתח, יהודה ושומרון במתח, האיראנים בצפון, מתח עם חיזבאללה, ואפילו בהסכם השלום עם ירדן יש איזו חריקה קטנה של ביטול הסכם החכירה של שטחים. אבל נתניהו רוצה להיות שר הביטחון. אתה יודע, אדוני היושב-ראש, באמת, היום הוא אמר בחלק הסגור של ישיבת סיעת הליכוד – בחלק הסגור, כן? הוא מייד הדליף את זה, זאת אומרת אנשים שעובדים אצלו הדליפו מה הוא אמר בחדר הסגור של סיעת הליכוד; זה בגללו, שהוא ביטחוניסט, אז הוא אמר את זה בחלק הסגור של הישיבה, והיה צריך להדליף את זה. אז בחלק הסגור הוא אמר שהממשלה תקדם גירוש של מחבלים מבתיהם, כי האפקטיביות של זה היא ממש חד-משמעית. ממש שעתיים קודם יצא ראש השב""כ מישיבת קבינט, ושם הוא אמר שגירוש מחבלים זה דבר שלא רק לא תורם לביטחון אלא מערער את היציבות ומרע את מצב הביטחון. אתמול, בביקור של ועדת החוץ והביטחון ביהודה ושומרון, בשטחים, שמענו שם מגורמי צבא שהשיטה הזאת בדיוק לא מביאה ביטחון, היא גורעת מהביטחון. אבל ראש הממשלה נתניהו, שרוצה להיות שר הביטחון – הביטחון שהוא מחפש זה אצל בנט, אצל סמוטריץ, אצל הגרעין הקשה של המתנחלים, שלשיטתו מחזיקים אותו בשלטון. זה מה שנתניהו רואה לנגד עיניו כשהוא אומר ביטחון, ובדיוק בגלל זה הוא לוקח היום את תיק הביטחון. שם הוא ימשיך להביא ביטחון לעצמו ולכיסאו, אבל ממש, ממש, ממש הגיע הזמן להגיד בפה מלא: למדינת ישראל נתניהו לא מביא ביטחון.",2,
321969,2018-12-26,"הצעת חוק התפזרות הכנסת העשרים, התשע""ט–2018: הצעת חוק התפזרות הכנסת העשרים, התשע""ו–2016: הצעת חוק התפזרות הכנסת העשרים, התשע""ח–2018: הצעת חוק התפזרות הכנסת העשרים, התשע""ח–2018: הצעת חוק התפזרות הכנסת העשרים, התשע""ח–2018: הצעת חוק התפזרות הכנסת העשרים, התשע""ח–2018","אילו הייתה מאושרת השאילתה הדחופה שהגשתי השבוע, אז השאילתה שהייתי עומדת ושואלת כאן הבוקר היא השאילתה הזאת: ביולי נשברה גולגולתה של לוחמת מג""ב שקד הנדלר, מיקנעם, מאבן שיידה עליה פעיל ימין במאחז הלא-חוקי ליד יצהר. שקד הנדלר שוחררה השבוע משירות עם שבר בגולגולת, עם ירידה בשמיעה ועם שטף דם פנימי. רצוני לשאול – הייתי שואלת את השר לביטחון פנים, לו הייתה מאושרת השאילתה שלי: איפה עומדת החקירה? ובאיזה עולם זה יכול להיות שעדיין לא הוגשו כתבי אישום נגד פעיל ימין ששבר את הראש ללוחמת מג""ב שבאה לאבטח, בסך הכול, פעולה שגרתית של מדינת ישראל? חברות וחברים, המקרה הזה של שקד הנדלר, שאפשר היה לראות אותו ואותה למעשה בכתבה מדהימה של רועי שרון בכאן 11, ששם אומר המפקד שלה: זה אנשים משלנו, יישוב משלנו. בחלום הכי רע אתה לא חושב שהיא תיפצע במקום הזה – הסיפור הזה הוא משל מושלם לממשלה הזאת. כי מה עשתה הממשלה חצי שנה אחרי שפעיל ימין ששבר ללוחמת מג""ב את הראש במאחז לא חוקי? היא העבירה חקיקה, או לפחות אישרה להעביר חקיקה, שמאשרת 66 מאחזים לא חוקיים. זאת תשובתה של הממשלה הזאת, משל מושלם לממשלה שאפשרה למיעוט קטן מאוד, כוחני מאוד, משיחי מאוד, אנטי-ציוני מאוד, לזרוק אבנים על הממלכתיות ולשבור לה את הראש. הממשלה הזאת נתנה למיעוט הקטן הזה להפוך את כל הממשלה הזאת ואת כל הקואליציה הזו לקואליציה אנטי-ציונית, שפועלת נגד האינטרס של מדינת ישראל, נגד האינטרס של החברה הישראלית; ממשלה – אנחנו מדברות על לוחמת מג""ב? ממשלה שאפשרה למיעוט הזה להיאבק בלוחמות, להיאבק בחיילות, למנוע מהן להיות יכולות לשרת את השירות שלהן כמו שצריך; ממשלה שהעבירה חוק שנתן ערוץ למיעוט הקטן והכוחני הזה בשביל שבתור בידור הוא יוכל לראיין בו אנשים ששורפים בתי ספר יהודיים-ערביים, ויוכל לראיין את רוצח ראש הממשלה יצחק רבין.

חברות וחברים, הממשלה הזאת מדברת גבוהה-גבוהה על מדינת ישראל היהודית, מעבירה את חוק הלאום, אבל בפועל היא הפכה את מדינת ישראל להיות פחות דמוקרטית, פחות יהודית. היא ממשלה שלא מביאה ביטחון; היא ממשלה שלא הביאה רווחה; היא ממשלה שלא שמרה פה לא על האזרחיות ועל האזרחים, לא על החברה ולא על המדינה. אנחנו, בסוף הבחירות האלה, נבוא לכאן כדי לתקן, כדי לעשות מדינה שהיא מאוד יהודית, אבל מאוד דמוקרטית; מדינה שדואגת לכל אזרח ואזרחית לכל השירותים החברתיים שמגיעים לה, ומדינה שהיא מדינה עם ביטחון באמצעות הסדר מדיני-פוליטי, כמו שמגיע לכולנו. תודה, אדוני.",1,
323118,2019-09-11,"הצעת חוק הבחירות לכנסת (תיקון מס' 73) (תיעוד חזותי או קולי בקלפיות), התשע""ט–2019","– – – אתה יכול לסיים – – – נכון?

אם היית קורא לכל חבר כנסת שהוא עורך דין, אוהו.

רק הושבעתי, כן, אבל כשאת חוזרת את לא עושה נאום בכורה.

אתמול הכריז ראש הממשלה הודעה דרמטית. דרמטית: הוא יספח את בקעת הירדן. אלא מה. מי שרוממות בקעת הירדן בגרונו הזניח והפקיר את היישובים והחקלאים בבקעה למצב שאין להם חשמל ומים, מצב אנוש – אבל יספח. מי שרוממות ארץ ישראל בגרונם, אין להם גרם אהבת הארץ. מוכרים את השטחים הפתוחים לקבלנים, מוכרים את אוצרות הטבע לטייקונים. מייבשים את ים המלח, מזהמים את המפרץ, מרעילים את החופים, מפקירים את הגליל ומזניחים את הנגב. מחרבים את שמורות הטבע ומכחידים את בעלי החיים. האהבה היחידה שלהם לארץ היא בעלות שממומשת בדורסנות של רגל גסה. מי שרוממות הביטחון בגרונו מבעיר את האזור בהבטחות שהן גם שקריות וגם מסוכנות. רוצה לספח? ספח, אל תדבר. היה לך נצח לספח. לא סיפחת. אבל אתה – ככל שאתה מפחד לספח, לא מפחד להפריח שקרים והבטחות, שיבעירו את האזור ומפקירים את אזרחי ואזרחיות ישראל לסכנות ביטחוניות. מי שרוממות היחסים הטובים עם מנהיגי העולם בגרונו לא מצליח להביא את פוטין להרחיק את איראן מהגדרות שלנו ולא מצליח למנוע מטראמפ לנהל עכשיו רומן עם נשיא איראן. מי שרוממות היהדות בגרונם שותקים מול גילויי אנטישמיות של המנהיגים שהם החברים הכי טובים שלהם ומפקירים את היהודיות והיהודים בעולם לתוקפנות ולסכנות של האנטישמיות. מי שרוממות הציונות בגרונם, וספציפית בגרונו, מונע כל סיכוי לסיום הסכסוך עם העם הפלסטיני ומחסל את מדינת ישראל. מחסל את המפעל הציוני האדיר של מדינה לעם היהודי. מי שרוממות מדינת ישראל בגרונו, תוך כדי דיבור על רדיפה אישית ושקרים, בעמוד הפייסבוק שלו כותבים: ממשלת שמאל עם ערבים שרוצים להשמיד אותנו, נשים, גברים וילדים – הסתה והתרת דם של חמישית מאזרחיות ואזרחי ישראל. מי שרוממות מדינת ישראל בגרונו הורס אותה בשיסוי, בחירוב, בהסתה, בפירוק המוסדות הדמוקרטיים שלה, ועכשיו מבעיר גם את יום הבחירות. מי שרוממות המדינה בגרונו מחזיק את המדינה בגרון. מי שרוממות המדינה בגרונו מחזיק את המדינה בגרון, חונק אותה ועכשיו מאיים לשבור לה את המפרקת. בעוד שבוע יש בחירות – אל תיתנו לו לעשות את זה.",1,The speech strongly criticizes the government's approach to settlement and claims it undermines the state and its citizens.
324317,2020-01-28,הצעת הוועדה המסדרת בדבר הקמת ועדת הכנסת,"תודה, אדוני. חברותיי וחבריי, להצבעה של היום יש ממד סמלי. הרבה יותר מדי שנים, ממש, יותר מעשר, למעשה, הצליח בנימין נתניהו לייצר רוב שהפך לרוב אוטומטי לחוקים ולמהלכים שהזיקו למדינת ישראל ולאזרחים שלה ולאזרחיות שלה וסיכנו ומסכנים את הביטחון שלה. הקואליציה הימנית-מתנחלית-דתית הזאת ניצלה באופן קבוע את הרוב שלה להעביר חוקים שחיזקו את החזקים והחלישו את החלשות והחלשים, חוקים שהגנו על מושחתים והפקירו את אלו שנעשה להם עוול. הם השתמשו ברוב הזה כדי להעביר חוקים גזעניים, חוקים מפלים, חוקים משסעים ומפלגים, חוקים שפגעו באזרחיות והאזרחים בישראל ובחברה הישראלית כולה. במקום להשתמש בכוח שלהם כדי להביא לישראל ביטחון ושלום, הם הצביעו שוב ושוב בעד חוקים שהפכו את ישראל ליותר מתבדלת, יותר מתנחלת, יותר תוקפנית ופחות, הרבה הרבה פחות, בטוחה. אבל עכשיו כבר אין להם רוב, ותכף יהיו בחירות, ואחרי הבחירות יהיה לנו רוב, ואנחנו נשתמש ברוב הזה כדי להפוך את מדינת ישראל למה שמגילת העצמאות שלה מבטיחה שהיא תהיה: מדינה עם שוויון. אנחנו נעביר כאן חוקים של שוויון; אנחנו נעביר כאן חוקים של חופש דת וחופש לשון; אנחנו נעביר כאן חוקים של שוויון מגדרי, חוקים שמאזנים את האפליה נגד חלק מאוכלוסיית מדינת ישראל; אנחנו נעביר כאן חוקים שנותנים זכויות חברתיות-כלכליות לאזרחיות והאזרחים שכל כך משוועות ומשוועים להם. ואנחנו נעביר כאן חוקים שיהפכו את ישראל למדינה שוחרת שלום, כי הביטחון האמיתי של מדינת ישראל טמון בכך שהיא תצליח לייצר בריתות של שלום עם השכנות והשכנים שגם הם וגם אנחנו כל כך זקוקות וזקוקים להם.",1,
329896,2020-10-15,"הסכמי אברהם לשלום: חוזה שלום, יחסים דיפלומטיים ונורמליזציה מלאה בין מדינת ישראל לבין איחוד האמירויות הערביות – דיון והצבעה","אני כבר אומרת: אני אצביע בעד ההסכם הזה. תקראו לי שמאלנית, אבל אני בעד הסכמי שלום. וזה – בטח. הסכם שלום תמורת שלום, או במילותיך שלך, אדוני ראש הממשלה מר נתניהו, ""הסכם שיביא שלום לישראל. הוא אינו כרוך בוויתור על חלקי מולדת, או בפירוקו של יישוב כלשהו. הוא אינו מביא לכאן חיילים מארץ רחוקה לשמור עלינו כביכול"" – – –

אז אני יכולה להתחיל מהתחלה?

תודה רבה. אני כבר אומרת: אני אצביע בעד ההסכם הזה. תקראו לי שמאלנית, אבל אני בעד הסכמי שלום. וזה – בטח. הסכם שלום תמורת שלום. או במילותיך שלך, אדוני ראש הממשלה בנימין נתניהו, ""הסכם שיביא שלום לישראל. הוא אינו כרוך בוויתור על חלקי מולדת, או בפירוקו של יישוב כלשהו. הוא אינו מביא לכאן חיילים מהארץ רחוקה לשמור עלינו כביכול, או להחליף את תפקידו של צה""ל"". איזה מילים. אתה רק לא אמרת את המילים האלה על ההסכם הזה. אתה אמרת אותן בשנת 1994 על ההסכם עם ירדן. זה היה הסכם היסטורי. ההסכם ששומר על הגבול הכי ארוך של מדינת ישראל בטוח. הסכם השלום שחתם יצחק רבין עם המלך עבדאללה; רבין, שאתה הובלת את ההסתה נגדו ונגד פועלו. כן, כן, רבין, שאתה בשנים האחרונות מנסה בכל הזדמנות להגיד איך אתה בעצם רבין. אז לא. אתה, בעוד מודעת הסתה שקרית נגד השמאל, כתבת – ממש עכשיו, לאחרונה: דוקטרינת השמאל נכשלה; לראשונה הבאנו שלום תמורת שלום. באופן פלאי הושמט מהמודעה הזאת הסכם השלום עם ירדן, שאמרת עליו את המילים היפות האלה, שלא זו בלבד שלא היה כרוך בהחזרת שטחים אלא היה כרוך בהחכרת שטחים ירדניים לשליטה ישראלית, לחקלאות ישראלית, שטחים שאתה החזרת לפני שנה – אתה החזרת, תוך חבלה במערכת היחסים החשובה עם ירדן, דבר שעשית שוב ושוב לאורך הכהונה שלך: חיבלת ואתה מחבל ביחסים החשובים עם ירדן. אני אצביע בעד ההסכם הזה. כשהתלבטתי אם להיכנס או לא להיכנס לפוליטיקה, אם לרוץ או לא לרוץ לכנסת, התייעצתי, בין השאר, עם חברת הכנסת לשעבר נעמי חזן. היא נתנה לי טיעונים בעד וטיעונים נגד, ואז היא אמרה לי: אבל בסוף האצבע הזאת הצביעה על אוסלו. איזה הבדל. אוסלו, שהיה באמת הסכם שלום. אומנם הסכם ביניים, כן, לא חף מבעיות, אבל הוא היה הסכם עם אויבים. הוא היה הסכם עם אלה שיש לנו איתם סכסוך מדמם כאן בבית, ברמאללה. רמאללה, שבשביל להגיע אליה לא צריך לטוס מעל סעודיה; בשביל להגיע אליה צריך אומץ, אומץ מהסוג שאין לך, אדוני ראש הממשלה, אומץ לעשות את ההסכם שיביא לסיומו של הסכסוך שהוא זה שמאיים על קיומה של מדינת ישראל. אתה מדבר על איך ההסכמים – האלה או אם מדינות ערב האחרות – יעזרו להביא את ההסכם הזה, אבל בפועל אתה עושה הכול כדי שזה לא יקרה. הסכם אוסלו, בלעדיו לא היה נחתם הסכם השלום עם ירדן; שבלעדיו, כנראה, גם לא היה אפשר לחתום על ההסכם הזה, שאני אצביע כאן בעדו הערב; ההסכם שאתה הסתָָ נגדו ונגד יצחק רבין, שחתם עליו. יצחק רבין חתם על אוסלו כי הוא הבין שבשביל להתקיים ישראל חייבת להגדיר את גבולותיה, ולא פחות מזה – ישראל הייתה חייבת להתפנות להתמודד עם האיום של איראן. איראן. איראן, שאתה נכשלת כישלון חרוץ, כישלון מהדהד, כישלון מפואר, בהתמודדות איתה. 11 שנה אתה ראש ממשלה. מעל כל במה עמדת, איימת איומים, הראית אביזרים, הראית ציורים, הפחדת הפחדות, והבאת אפס תוצאות. אפס תוצאות. אם דונלד טראמפ ייבחר מחדש, הוא כבר הצהיר בנוכחותך שהוא יפתח במשא ומתן עם איראן. אם ג'ו ביידן ייבחר, הוא יחזיר את הסכם הגרעין שאתה שכנעת את דונלד טראמפ לפרוש ממנו. האו""ם הסיר את רוב הסנקציות. רוב מדינות העולם, כמו שאתה חוזר ואומר, לא עושות שום דבר. אתה התחייבת לפני בחירות 2012 שאם אתה תיבחר, אז בסוף הקדנציה שלך לאיראן לא תהיה תוכנית גרעינית.

עברו מאז עוד שתי קדנציות שלך; איראן קרובה מאי פעם לפצצה גרעינית. אז כן, אני אצביע בעד ההסכם הזה. אבל אני מבטיחה במעמד הזה, אזרחיות ואזרחי ישראל, שאנחנו יכולים ויכולות עוד הרבה יותר מזה. שלום מתוך עוצמה – אנחנו ניקח את העוצמה האמיתית שלנו – –

– – ונגיע למקום שבו אנחנו יכולות ויכולים לחתום הסכמי שלום עם מי שאנחנו באמת מסוכסכות ומסוכסכים איתם. עם אלה – – –

אני מתנצלת, גברתי היושבת-ראש. אני רק אגיד שנעשה את זה בלי לשקר ולרמות לגבי מנהיגים קודמים והסכמים קודמים.",1,
331038,2020-11-17,הצעות לסדר-היום: ציון יום הנגב,"תודה רבה, גברתי היושבת-ראש. אדוני השר, חבריי וחברותיי חברי הכנסת, לאן הלך חבר הכנסת מרגי, שאמר – או את אמרת: לא מהנגב. אבל אני עשיתי שנת שירות בירוחם, ואהבתי כל רגע להיות שם. הייתי כמו בבית. שנה שלמה להיות בעיירה – לא משנה לאן הלכת את לא צריכה להחליף בגדים כשיצאת מהבית. אני כבר לא רוצה לומר באיזה משקל חזרתי אחרי כל האוכל שאכלתי בכל הבתים החמים מאוד שאירחו אותי באופן קבוע בירוחם. אז, באמת, זה היחס שלי לנגב. מעבר לרמה האישית – נשים את זה בצד – אני רוצה להגיד שזה טרגי ממש, בעיניי, שכשהכנסת מציינת את יום הנגב, באותו יום ממש מדרשת שדה בוקר, שהקים דוד בן-גוריון, שגם עבר לגור בנגב, נמצאת בסכנה מאוד מאוד מוחשית של סגירה. מדרשת שדה בוקר, שכוללת גם בית ספר שדה, גם תיכון פנימייתי לחינוך סביבתי וגם מכינות קדם-צבאיות לפיתוח מנהיגות פשוט בסכנת סגירה, משום שהממשלה הזאת – עוד אחת מהפשלות והתקלות שלה היא שהיא החליטה לא להעביר לה כסף, גם לא את הכסף שהם הפסידו בגלל היעדר הפעילות מהקורונה. הם פשוט עומדים בסכנת סגירה. למותר לציין שמדרשת שדה בוקר בנגב לא נהנית מהתמיכה שנהנות ממנה אולפנות וישיבות ביהודה ושומרון, שכן ממשלות נתניהו לדורותיהן עשו הכרעה מאוד ברורה: זאת מבחינתם לא מדינת הנגב והגליל, כמו שבן-גוריון באמת עשה אותה, אלא מדינת יהודה ושומרון. וזה ממש אחד על חשבון השני, בצורה ההרסנית והקשה ביותר. סכנת הסגירה של מדרשת בן-גוריון וכל המפעלים החשובים שלה מעידה באופן כללי על היחס של הממשלה הזאת לנגב. לא זו בלבד שהיא לא הופכת את הנגב לחלון הראווה של מדינת ישראל, מה שהוא יכול וצריך היה להיות, אלא שממש מתייחסים אליו כמו אל איזו חצר אחורית. צריך להגיד את זה: מעבר צה""ל דרומה, העברת הבסיסים דרומה, לא נועדה כדי לחזק את הנגב; היא נועדה לפנות במרכז שטחים אטרקטיביים לבנייה ולפיתוח, לממש את שוויים הנדל""ני הגבוה. לא בטוח שהמעבר הזה מחזק בהכרח את הנגב. מה שהיה צריך לעשות כדי לחזק את הנגב זה לחזק את אלה שגרות וגרים שם; לתת להם יותר השכלה, יותר רווחה, יותר תשתיות – לתת להם ולהן שמפריחות ומפריחים שם את השממה בכל בוקר מחדש. הן אלה שיוצרות ממה שהיה שממה מדבר פורח; הם אלה שיודעות ויודעים היום לעשות את החקלאות המדברית ברמה הגבוהה ביותר בעולם; הם אלה שיודעות ויודעים לייצר אנרגיות מתחדשות, לעשות תיירות, לעשות מדע, לייצר חיים משותפים באופן שבו הממשלה הזאת ממש לא תומכת בהם; חיים משותפים לא רק בין היהודיות והיהודים שגרים בנגב, אלא גם עם הלא-יהודיות ויהודים שגרים בנגב, אוכלוסייה בדואית שעד היום מדינת ישראל לא הכירה בכל הכפרים שלה. עד היום יש לנו דבר שנקרא כפרים לא מוכרים, שממשלות נתניהו בזבזו שנים ובמקום בניסיון לתכנן להם – להשתמש בשפע הקרקעות המצויות בנגב לתכנן באמת דיור מחודש, יישובים מודרניים וטובים לאוכלוסייה הבדואית – הם בילו במאבקים על חלקים מאוד קטנים מהשטחים שעליהם הם יושבים, שהם בבעלות פרטית. במקום לפתור את כל מה שאפשר ומקסימום יישארו איזה איים קטנים ובסוף נסדר – לא, ניתקע על מה שאפשר לריב עליו ולהעצים את המריבה ולהפוך אותה להיות חזות הכול, להפוך ולסמן את האוכלוסייה הבדואית כאויבת. ובכל זאת תושבות ותושבי הנגב מצליחות ומצליחים לייצר חיים משותפים עם האוכלוסייה הבדואית, חיים בונים, חיים פרודוקטיביים, חיים שמביאים לפריחה. כשנחליף את הממשלה הזאת, חברותיי וחבריי, אנחנו נוכל לקחת את הדגם הזה ולהפוך אותו לדבר המוביל במדינת ישראל. תודה רבה.",1,
337895,2021-10-18,דברים לזכרם של חברי הכנסת לשעבר יחזקאל זכאי וגבריאל כהן,"אדוני היושב-ראש, חבריי וחברותיי חברות הכנסת – –

– – שר החקלאות לשעבר כץ-עוז, יושב-ראש הפדרציה הספרדית העולמית חיים כהן, משפחת זכאי וענת בתו של יחזקאל, שנמצאת כאן – הינה אתם, שלום – ומשפחת כהן צבי, שנבצר מהם להגיע ואנחנו מאחלות ומאחלים להם בריאות טובה וחיזוק ידיים. תחנות חייהם של יחזקאל זכאי וגבריאל כהן, זכרם לברכה, מראות לנו את שורשיה של מפלגת העבודה בהקמת מדינת ישראל ממש – גבריאל כהן, ששירת בפלמ""ח ולחם במלחמת העצמאות, ויחזקאל זכאי, שעלה מעיראק ופעל למען ההתיישבות העובדת כשהיה בתנועת המושבים. זכאי נולד בכורדיסטן שבעיראק, והיה מראשוני עליית יהדות עיראק המפוארת לישראל בשנות החמישים. פעילותו הציבורית החלה כמזכיר מושב עזריה, ובחלוף הימים – כמשנה למזכ""ל תנועת המושבים, כיאה לאיש אוהב אדמת ארץ ישראל שהיה. יחזקאל היה גורם משמעותי במפלגת העבודה כשכיהן כמזכיר מחוז המושבים של המפלגה וייצג נאמנה את ההתיישבות העובדת, ולא בכדי. יחזקאל נבחר מטעם המפלגה לכנסת התשיעית והעשירית, ובמהלכן שירת את הציבור וכיהן כחבר ועדת הכספים וועדת הכלכלה. לאחר כהונתו כחבר כנסת הוא המשיך לפעול וכיהן כחבר הוועד הפועל של ההסתדרות וחבר הוועד הפועל הציוני. במשך חייו היה גם מנכ""ל חברת מקורות ומנכ""ל משרד החקלאות ועמד בראש הפדרציה הספרדית בישראל. גבריאל כהן נולד בירושלים. הוא היה חבר בתנועת הצופים. הוא, כמו שאמר לי בייגה שוחט, הוא בא מהאקדמיה. גבריאל היה פרופסור להיסטוריה ודיקן הפקולטה למדעי הרוח באוניברסיטת תל אביב בשנות השמונים, והיה חבר המועצה להשכלה גבוהה. לצד פעילותו האקדמית הוא היה חבר במפלגת אחדות העבודה ונבחר לכנסת השישית, ובה כיהן כחבר בוועדת החוץ והביטחון, בוועדת החוקה, חוק ומשפט ובוועדת החינוך והתרבות – ארבע שנים משמעותיות בכנסת ישראל, שבמהלכן פעל רבות למען הציבור וקידם בין היתר נסיעה חינם בתחבורה הציבורית לחיילות וחיילי צה""ל, דבר שאנחנו ממשיכות וממשיכים אותו עד היום. מפלגת העבודה הישראלית זוכרת את חברותיה וחבריה, דור בוני ובונות הארץ. כאן אנחנו זוכרות וזוכרים היום שני חברי כנסת פעילים במיוחד, אנשים שהיו רוח חיה במפלגת העבודה – גם בצד הפרלמנטרי, גם בצד הממלכתי, גם בצד העשייה וגם בצד הפוליטי, אנשים פוליטיים שהיו בתוך ההתרחשויות הפנים-מפלגתיות, חלק מהחיים התוססים שהיו בה. לאורך ההיסטוריה מפלגת העבודה הייתה מנוע מרכזי בפריחת עם ישראל בארצו, אבל כשאנחנו אומרות ואומרים מפלגה, אנחנו אומרות ואומרים האנשים של המפלגה הזאת. גבריאל ויחזקאל נמנים עם הדור הכל-כך מיוחד הזה. יהי זכרם ברוך.

כשאנחנו אומרות ואומרים מפלגה, אנחנו בעצם מתכוונות ומתכוונים לאנשים של המפלגה הזאת. שני האנשים האלה, גבריאל ויחזקאל, נמנים עם הדור הכל-כך מיוחד הזה. יהי זכרם ברוך.",10,
338741,2021-11-08,ציון יום הזיכרון לדוד בן-גוריון,"המזל הגדול ביותר של ישראל היה שבשעה קריטית, שעה קריטית של העם היהודי, שעה שבה היה צורך חיוני בהיותו של אדם כזה, אכן היה לנו אדם כזה. האדם הזה – דוד בן-גוריון. דוד בן-גוריון היה איש ארץ ישראל השלמה. הרעיון, מבחינתו, היה לקיים את המפעל הציוני, לקדם אותו באופן אבולוציוני. הוא הבין שהקמת מדינה שווה לאחריות למדינה ולאחריות של המדינה. ואז הגיע הרגע שבו הוא הבין שחלוקת הארץ היא הדרך היחידה למדינה לעם היהודי. הוא הבין שחלוקת הארץ היא אינטרס ציוני ראשון במעלה. הוא עמד כאן בכנסת – איפה שהיא הייתה בשנת 1949 – ואמר בישיבה העשרים: ""ובכן, כשעמדה שאלת שלמות הארץ בלי מדינה יהודית או מדינה יהודית בלי שלמות הארץ, בחרנו במדינה יהודית בלי שלמות הארץ – – – אנחנו חושבים שהקמת המדינה, אם כי לא בכל ארץ ישראל, זה היה המעשה הגדול ביותר בהיסטוריה היהודית – – – המפעל הגדול ביותר בדורותינו הוא הקמת המדינה היהודית, ואפשר היה להקים אותה רק כך"". בן-גוריון הבין שחלוקת הארץ היא לא דבר שצריך להשלים איתו כי אי-אפשר לכבוש את כל הארץ – אפשר היה; הוא הבין שיש חובה לחלק את הארץ כדי לשמור על מדינה יהודית ודמוקרטית. אותה מסקנה שבן-גוריון קיבל אז בהחלטה הקשה ביותר שלו קיימת ושרירה עד עצם היום הזה. למרות שהיום מדינת ישראל חזקה לאין-שיעור ממה שהייתה בימי בן-גוריון – אנחנו ממש מעצמה אזורית במזרח התיכון – ולמרות שהשטח בידינו, עדיין מסקנתו של בן-גוריון קיימת ועומדת: חלוקת הארץ היא יעד ציוני ראשון במעלה. בזכות בן-גוריון מצאנו את השילוב בין התעוזה לבין הזהירות ההיסטורית – התעוזה לעשות את מה שחיוני לעם היהודי, לעשות ממש מהפכה בחיי העם היהודי; התעוזה להבין שתפסת מרובה – לא תפסת; היכולת להבין שאנחנו חותרות וחותרים לא אל המקסימום אלא אל האופטימום, וזה האופטימום שאנחנו צריכות וצריכים היום יותר מתמיד – לחפש עם כל העוצמה שלנו איך להחזיר את ישראל לחזון הציוני של מדינה לעם היהודי שהיא מדינה דמוקרטית. ""דמוקרטית"" לא אומר, חלילה, להתקפל בפני כל אויב או אף אויב; ""יהודית"" לא אומר, חלילה, כפייה של אורתודוקסיה בלעדית. האופטימום של בן-גוריון היה קיום העם היהודי במסגרת המהפכה הגדולה ביותר של העידן החדש לבין ההפנמה וההבנה שלא נוכל להיות ריבונים בכל שטחי מולדתנו. השאלה הקריטית ביותר שעמדה בפני הציונות ועומדת בפניה גם עכשיו היא אם באנו לגאולת העם או לגאולת הארץ. התשובה היא שבאנו לגאולת העם, ומה שדרוש לגאולת העם נובע מתוך גאולת הארץ, וגאולת הארץ כפופה לגאולת העם. זאת ההבנה הקריטית של הציונות שהייתה לבן-גוריון ואפשרה את הקמת המדינה הזאת. בן-גוריון התווה את הדרך שמפלגת העבודה צועדת בה עד היום. הוא ההיסטוריה שלנו, הוא שזור בכל תחנה מתחנות חיינו. השליחות והחובה שלנו היום הן לממש את המנהיגות ואת הפרגמטיות של דוד בן-גוריון, את החלום שהוא הגשים בהקמת המדינה הזאת – לפעול להסכם לחלוקת הארץ כדי לשמור על מדינת ישראל ולחזק את מדינת ישראל שלנו, מדינת ישראל של מגילת העצמאות, שדוד בן-גוריון היה ממנסחיה, שבה נאמר באופן מפורש: שוויון זכויות גמור, פיתוח לטובת כל תושבותיה ותושביה והושטת יד שלום לשכנותינו בשביל לשמור על הביטחון והקיימות שלנו. יהי זכרו ברוך.",10,
339735,2021-12-06,"דברים לזכרו של חבר הכנסת והשר לשעבר אריק נחמקין, זיכרונו לברכה","חבר הכנסת והשר אריק נחֶמקין נקבר בשבוע שעבר בבית הקברות שבעמק. חבר הכנסת והשר נחֵמקין – נחַמקין, למעשה, כפי שתיקנה הנכדה שהנחתה את טקס הלוויה שלו; נחַמקין, היא תיקנה. הייתי שם בשבוע שעבר ושמעתי את בנות ובני המשפחה הרבים שלו, אחת אחרי השנייה, עולים ומספרים סיפורים מרגשים ויפים על מה הוא היה עבורם ועבור החברה בישראל, ובחרתי לפתוח את ההספד שלי כאן בדברים שאמר מעל הקבר בנו שאול: אבא היה נוהג לצטט בסרקזם את מי שהיה אומר: ביום הולדת יש רק אדם אחד שמאמין למה שאומרים עליו, ובלוויה אין אפילו אדם אחד שמאמין למה שאומרים עליו. ובכן, אספר לכם חמישה סיפורים קצרים על אבא שלי, כדי שתאמינו. השנה היא 1931, תחילת הקיץ - - -

השנה היא 1931, תחילת הקיץ, כבר חם בשדות נהלל. ריח התבואה עולה באפם של שני ילדים הצועדים בשדות לעבר עין שיכה. האחד בוגר כבן 12 ובנהלל מכנים אותו בובל'ה, השני עוד לא בן שבע. הם מטפסים על סולם הברזל של בריכת המים בעין שיכה, מסירים את מכסה המתכת ומתבוננים פנימה. הילד הקטן מביט לתוך החלל העצום והחשוך של הבריכה, הוא רוצה לוותר על כל הרעיון ולחזור הביתה, אבל הוא לא מעז לומר זאת לגדול כדי לא לעשות בושות. הגדול משלשל את הקטן בחבל לתוך הבריכה החשוכה, ואומר לו: קפוץ למים, אל תפחד. הקטן תלוי על החבל, הוא רוצה לבקש שימשוך אותו חזרה, אבל הוא לא מעז. הוא יורד למים, הם קרים וחשוכים, ועוזב את החבל. הוא ממש לא יודע לשחות, אז הוא מפרפר ומנסה למצוא אחיזה באחד הקירות עד שהוא מוצא זיז ברזל ונאחז בו. הוא הרגיש שצלח את המבחן. הוא לוחש לעצמו בשקט, מותר לפחד, אבל העיקר להתגבר על הפחד, לא לעשות בושות. שנת 1938, אמצע הקיץ בעמק יזרעאל. הסתיימה שנת בצורת בעמק, שעת בין ערביים, פרדה עם עגלה נהוגה בידי נער צעיר כבן 13, מתגלגלת בדרך עפר מזרחה מהעיירה הצעירה עפולה לעבר המושב כפר יחזקאל. הוא כבר עשה את כל הדרך מהמושב נהלל. הנער בשליחות הוריו. על העגלה שני שקי חיטה יקרים מפז שחייבים חייבים להגיע למשפחת הדוד בכפר יחזקאל, אחרת לא יהיה להם מה לזרוע ומה לאכול בשנה הבאה. הנער דרוך ומתוח, אך אוחז בביטחון את מושכות הפרדה ומדרבן אותה להזדרז. מצד דרום כפר עוין, ריח עשן ומדורה עולה באפו, הדרך מתעקלת ומתקרבת לכדי כמה עשרות מטרים מהכפר, להקה של כלבים יוצאת לקראתו בנביחות מאיימות שמבהילות את הפרדה. גם הנער מבוהל, הוא מפחד שאנשי הכפר יצאו בעקבות הכלבים, ואז מה יהיה על שקי החיטה, העגלה, הפרדה? ומה יהיה עליו? הוא חושק שיניים, אוזר ביטחון ומדרבן שוב את הפרדה, מסתכל קדימה, מנסה לזהות את כפר יחזקאל באופק. קול פנימי חיזק אותו להמשיך – אסור להיכשל, חייבים לגלות אחריות. אור ראשון ליום 10 ביולי 1948. חיילי המחלקה מגדוד הפשיטה 89 פרוסים לאורך הגדה המערבית של נחל איילון, אשר ממזרח לשדה התעופה לוד. ביניהם שוכב צמוד לקרקע מ""כ כבן 23 וצופה במשקפת. זה יהיה היום האחרון בימיו שבו הוא יצפה בשתי העיניים. הוא צופה במתיחות ודאגה רבה לעבר טורים משוריינים חדישים של הלגיון הירדני שמתחיל לגלוש לעברם כדי לחצות את הוואדי ולכבוש את שדה התעופה. לידו שוכב לוחם ובידו פיאט, מטול אנטי-טנקי. המ""כ מורה ללוחם לרדת לוואדי ולירות על המשוריין הראשון כדי שיחסום את כל הטור. הלוחם חושש לחייו. המ""כ חושב לעצמו: אם כך, אני צריך לעשות זאת, כי החיים שלי לא שווים יותר מהחיים שלו. הוא מבקש הסבר קצר כיצד להפעיל את הפיאט – הוא מעולם לא ירה בו – ואז הוא זוחל חשוף למרגלות הוואדי כדי להגיע למרחק פגיעה, יורה פגז אך מפספס. הטור המשוריין מזהה אותו ומתחיל לירות לעברו. המ""כ זוחל שוב למעלה, לוקח פגז נוסף, זוחל שוב למטה, מכוון, יורה ומרגיש מכה עזה בראש. טעם של דם ממלא את פיו. הוא מאבד את ההכרה. לאחר כמה שניות הוא מתעורר ומצליח לראות רק בעין אחת. הוא זוחל למעלה ומצליח להגיע לחברים בשארית כוחותיו. בדרך לבית החולים, מלבד הכאב העז, הוא מרגיש התרוממות רוח מכך שניצל, הצליח במשימה והפגין דוגמה אישית ומנהיגות בפני חייליו. זה אובדן העין, אדוני היושב-ראש. סיפור רביעי. חורף שנת 2003. מכון התערובת של נהלל, כשעוד היה של נהלל. גשם קל יורד על טור המשאיות והטרקטורים שממתינים למילוי התערובת במכליהם. מסביב רעש והמולה, ריח של בוץ, גשם, עשן דיזל, מספוא ותוספי מזון בצד התור. מתחת לסככה הקטנה מצטופפים הנהגים מפני הגשם, ביניהם עומד בעל משאית מהכפר הבדואי זרזיר ולא מאמין למשמע אוזניו: חברו שעומד לידו מספר לו שהחקלאי המבוגר, בערך בן 78, שעומד לצידם בבגדי עבודה רטובים ומלוכלכים לאחר יום חלוקת תערובת במשקי נהלל וממתין לתורו יחד איתם, היה בעבר שר החקלאות של מדינת ישראל. בעל המשאית לא מאמין לדברי חברו, הוא מוכן להתערב שזה לא נכון.  הם ניגשים לאיש המבוגר, ונהג המשאית שואל בלגלוג: נכון החבר שלי עובד עליי כשהוא טוען שאתה היית שר החקלאות? עונה לו החקלאי המבוגר: זה דווקא נכון. הנהג המום: איך יכול להיות שמשר החקלאות הגעת למצב הזה שאתה עובד קשה, עומד איתנו בתור, רטוב ומלוכלך? החקלאי המבוגר לא יודע מה לענות. הוא נזכר כיצד בשנת 1968 עזב את החקלאות במושב, פנה ל-40 שנות עיסוק ציבורי ופוליטי; הוא נזכר באירועים הביטחוניים, הפוליטיים והמדיניים הדרמטיים שנטל בהם חלק, וכשפרש, הוא פשוט חזר בטבעיות למקום שממנו יצא לפני 40 שנה, לעבודות החקלאות במשק. בעודו פוסע בחזרה לטרקטור, הוא נזכר באימו, רחל נחמקין לבית מלמוד, שעלתה מאודסה בגיל 17, ואביו, שמעון נחמקין, שעלה ממוסקבה בגיל 18, והיו מראשוני נהלל. מהם למד וספג את סגולותיהן של אהבת החקלאות, החריצות וההסתפקות בפשטות. שנת 2008, 12:00, בצוהריים, בית הקשישים של קיבוץ גניגר. יושב קשיש – כבר מותר לומר זקן – בן 83. הוא מאכיל את אשתו, שריק נחמקין לבית קבשנה, אשר נולדה במושבה כינרת ונישאה לו לפני 62 שנים. היא חולה מאוד, והוא מאכיל אותה. מי היה מאמין? הם יושבים יחד באינטימיות מוזרה, ליד שולחן ארוחת הצוהריים, כמו שהיא תמיד רצתה. ריח תבשיל הקציצה ותפוח האדמה עוטפים אותם. הוא מהרהר ב-62 שנות נישואיהם ויחסיהם המורכבים, אבל המסירות והמחויבות שמרו עליהם בכל התלאות והולידו שלושה ילדים, 11 נכדים ו-21 נינים. אבא, כשאתה מגיע למעלה אני משער שתיפגש עם אימא, כי בטח ישבצו אתכם באותו אגף. יש לי שלוש בקשות: ראשית, תמסור לה ד""ש, חיבוק ענק ואת געגועינו ואהבתנו; שנית, תשתדלו לא להתווכח על כל דבר, ותעשה לי טובה, תודיע לה אם אתה מאחר לארוחת ערב; ושלישית, תמשיכו ללוות אותנו מלמעלה ברוחכם ובהשראתכם. אנחנו מבטיחים לעשות את המיטב להמשיך את מה שלמדנו מכם: שאפשר לפחד, אבל להתגבר ולא לעשות בושות; שחייבים לקחת אחריות לגורלנו; שחשוב להעמיד את החברות לפני העקרונות; שחייבים לנהוג ביושר והגינות, לדבוק בחריצות, להסתפק בפשטות; ומעל הכול, גם כשמאוד מאוד קשה, להפגין מסירות ומחויבות הדדית. בדיוק את המסקנות האלה אני באופן אישי לוקחת מהשר ומחבר הכנסת אריק נחמקין, ממנו ומשכמותו. אני הכרתי את השר נחמקין כשהצטרפתי למפלגת העבודה והתחלתי לבוא לפרלמנט שבעמק. פגשתי את האיש הגבוה וזקוף הקומה הזה, את החקלאי, איש העבודה, איש הביטחון, איש הציונות השורשי והגאה הזה. את זקיפות הקומה הזאת, את עמוד השדרה החזק והישר הזה, אותו בדיוק אני לוקחת היום, אני ומפלגת העבודה, והלוואי הלוואי ההנהגה הישראלית, קדימה. עמוד שדרה שבשעתו, כשהקימו יישובים בגוש קטיף, הוא סירב להצטרף. הוא אמר: אי-אפשר יהיה לחיות שם, והוא – אז כמזכ""ל תנועת המושבים – סירב לאפשר לתנועה להשתתף בהקמתם. עמוד שדרה שכשהבין שבפוליטיקה הוא יצליח להשיג פחות מאשר בכל הפעולות האחרות, עזב אותה והמשיך הלאה. עמוד שדרה שהוא מצפן, שזוכר את הציונות המקורית, שמחויבת לעבודת האדמה, שמחויבת לחברה הישראלית, שמחויבת לבית יהודי עם שוויון מלא לכל תושבותיו ותושביו. זאת הדרך שאני רואה לנגד עיניי, אני משווה לנגד עיניי את הקומה התמירה הזאת, את הזקיפות והיושר, ומכאן אני רוצה להמשיך. יהי זכרו ברוך.",8,
339893,2021-12-08,שאילתות דחופות,"אני רק רוצה להגיד, אדוני, ברשותך, שאני מתנצלת כמובן על האיחור, פשוט הייתי מעבר לכביש ונשאתי דברים לזכר ראשת הממשלה גולדה מאיר, שהיום אנחנו מציינות 43 שנים למותה. לכן, סליחה על האיחור. << שאילתה >> 80. יממה קטלנית בכבישים << שאילתה >>

תודה רבה, חבר הכנסת טופורובסקי, ואכן אתה צודק, כמובן, בזה שאתה לא מניח וחוזר ומעלה, חוזר ומעלה את הנושא הכל-כך חשוב הזה. סוף השבוע האחרון היה כואב במיוחד, עם אבדות רבות ונוראיות, שכל אחת מהן היא באמת עולם ומלואו, והלב נקרע. אי-אפשר להגיד יותר מדי פעמים – לשלוח ניחומים וחיזוק גם למשפחות, גם לפצועות ולפצועים. מתחילת השנה ועד היום נהרגו בתאונות דרכים 6.8% יותר ממה שנהרגו בשנה שעברה בתקופה המקבילה. היפגעות גבוהה כמובן היא בקרב רוכבות ורוכבי אופנוע, שלא לומר רוכבי אופנוע, צריך להגיד – וזאת הזדמנות להודות לך שוב על זה שהסבת את תשומת ליבי לסכנה שנשקפת לרוכבי אופנוע מגדרות הבטיחות מסוג מסוים, ואנחנו אכן משקיעים בזה מיליונים רבים, תוספת נוספת של 20 מיליון שקל בשביל לשנות את זה. הולכות והולכי רגל – כמובן, כמובן תאונות במעורבות רכב כבד, ועדיין, שוב, הרבה הרבה יותר תאונות דרכים ונפגעות ונפגעים בחברה הערבית וביישובים הערביים. אז צריך להגיד שקודם כול מאז הפעם האחרונה שדיברנו על זה כאן בכנסת עשינו כמה וכמה צעדים משמעותיים לקידום הנושא. קודם כול הגדלנו מאוד את תקצוב מיזם ""שומרי הדרך"" בשנה הקרובה – מיזם שאם אתם לא מכירות ומכירים אותו, אני רואה את החשיבות הגדולה ביותר לפעולות שלו בחינוך בעצם, בשינוי תודעה ציבורית ובשינוי התנהגותי של הציבור. אני רוצה להודות גם לחברות וחברי הכנסת הרבים שפנו אליי בנושא הזה, וכמובן למתנדבות ולמתנדבים ב""שומרי הדרך"", ולחזק את ידיהם. בימים אלה אני מקדמת את מינויו של מייסד ויושב-ראש אור ירוק מר אבי נאור ליושב-ראש הרשות הלאומית לבטיחות בדרכים. אתה, כמי שהנושא קרוב לליבו במידה כזאת, יכול להעריך את החשיבות של מי שבאמת חיים שלמים עשה לעצמו מפעל ממש מהתמודדות וממאבק לצמצום ולמיגור התופעה הקשה הזאת של תאונות הדרכים. אין לי ספק שאבי נאור גם יחזק את הרשות, וגם יביא איתו את כל הידע הרב שנצבר ואת הכוחות שהוא מביא איתו – מה שהביא אותו לאן שהוא ולמי שהוא בחיים בשביל באמת להתחיל פרק חדש ומחוזק בהרבה במאבק בתאונות הדרכים. עכשיו, כבר אני אומרת לך, דיברתי על כך כבר עם חבריי השרים הרלוונטיים, אבל אני מחכה קודם כול לאישורו של אבי נאור כיושב-ראש הרשות הלאומית לבטיחות בדרכים. לא נתחיל שום דבר לפני שהוא מתמנה לתפקידו, זה מובן מאליו, אני בטוחה. אבל דע לך שהעניין הוא לגמרי כבר בהתהוות. ההצעה שלך לצוות שיעשה תכלול ויפתח שיתוף פעולה רלוונטי היא בהתהוות, כאמור. אתה לגמרי מתפרץ לדלת פתוחה. רציתי לציין דברים נוספים, שעל חלקם גם דיברנו בוועדת הכלכלה אצל ידידנו יו""ר הוועדה מיכאל ביטון. סך הכול, התקציב השנתי שמושקע מבחינתנו במאבק בתאונות הדרכים ובבטיחות מסתכם ב-2.3 מיליארד ש""ח. בין היתר אנחנו נראה קידום רגולציה להחמרת הענישה של נהגים שמועדים לפורענות, תקציב ייעודי להסברה ושיפור משמעותי מאוד גם של תשתיות וגם של הסברה בחברה הערבית. לשמחתי, יש לנו תקציבים ייעודיים לזה, ובאמת ייעשה פה מאמץ אדיר. יהיו מפרצי חירום ומנוחה בכבישים בין-עירוניים בכל רחבי הארץ – דבר שאי-אפשר להפריז בחשיבותו, ובעיניי זה מדהים שאין אותו עד היום. וכמו שאמרנו, מעקות הבטיחות להגנה על רוכבי אופנועים. אנחנו לפני תוכנית חומש. יש סל – כסף שמיועד לתשתיות, לכבישים וכו'. באופן כללי, אני אמרתי את זה לא פעם, התחבורה שלנו נמצאת במצב חירום. באמת במצב חירום. לתדהמתי, גם למרות שנסללו הרבה מאוד כבישים בשנים האחרונות – נסללו כבישים, שהתמלאו במכוניות פרטיות עד אפס מקום, ולא פותחו מערכות של הסעת המונים ותחבורה ציבורית כדי שנוכל כולנו לנוע. עדיין, לתדהמתי, יש המון המון מוקדי סיכון וכבישים מסוכנים שלא טופלו. אנחנו מפתחות עכשיו תוכנית שבאמת תאפשר לנו לא לעשות שוב את מה שעשו כל השנים ואמרו: טוב, זה יעבור לחומש הבא, טוב, זה יעבור לחומש הבא, אלא באמת לעשות טיפול ממוקד ולנסות לטפל כמה שיותר מהר. כי זה בעיניי דבר לא הגיוני כשאתה יודע שיש מוקד סיכון להגיד: טוב, בחומש הבא. למרות שזה באמת עולה הרבה מאוד כסף, אין חולקת על זה. משרד התחבורה מתארגן מחדש גם מבחינת תפיסת העולם שלו, ששמה את כל כובד המשקל על מעבר לתחבורה ציבורית שיתופית והסעת המונים; שנית, להתרכז הרבה יותר בבטיחות בדרכים; שלישית, לפתח הרבה יותר את האופציות של הליכה, של נסיעה באופניים, של רכיבה בכלים קלים בצורה מסודרת, בטיחותית ואיכותית. הדבר הזה הוא בהתהוות. זה לא קורה ברגע, אבל אנחנו בדרך לשם.

סליחה רגע, אני שכחתי להגיד עוד דבר מאוד חשוב, שאני רוצה לברך אותך על היבחרך ליושב-ראש ועדת המשנה למאבק בתאונות הדרכים ולבטיחות בדרכים. אני בטוחה שעל חלק מהדברים האלה נוכל לעבוד יחד. אני מצפה לזה.

אמרתי שלא נעשה שום דבר לפני שהוא ייכנס לתפקיד, ונעבוד איתו בשיתוף פעולה. זה מה שאמרתי.

לוחות הזמנים – זה פרוצדורות של אישור מינוי. זה בזמן קצר.

תודה רבה, חבר הכנסת סעדי. כמו שציינתי בדברי התשובה שלי לחבר הכנסת טופורובסקי, יש לנו השקעה של 3.7 מיליארד, קרוב ל-4 מיליארד שקלים, בתשתיות בחברה הערבית בחומש הקרוב במשרד התחבורה. אנחנו ממש מכוונות לזה. הייתי השבוע גם בטירה, גם בטייבה – יהיה מאמץ ניכר להוציא את הכסף הזה כמה שיותר מהר, כמה שיותר בצורה אפקטיבית - - -

במקביל, כאמור, תקציב ייעודי להסברה בחברה הערבית בסדר גודל של 35 מיליון שקלים שמיועדים לדבר הזה. אני לגמרי מסכימה איתך, וכאמור, אנחנו מאוד מאוד מושקעות בזה. אינשאללה, בהקדם האפשרי גם נתחיל לראות תוצאות.

תודה רבה לך, חבר הכנסת לוין היקר. להלן הנתונים. אכן, צר לי שלא הגיעו קודם, אבל טוב שהגענו הלום, ויש לי הזכות לענות לך עליהם במליאה. הפרויקטים שמתבצעים ביהודה ושומרון בימים אלה– תכנון וביצוע: כביש 60 – פרויקט לב יהודה – בביצוע; כביש 60, עוקף חווארה – בביצוע; כביש 55, אלפי מנשה – מעבר אליהו - -

בשמחה. אבל בכל מקרה אנחנו כמובן גם נעביר את זה בכתב. אתה תקבל את זה מאוד מדויק. כביש 55, אלפי מנשה – מעבר אליהו – בעבודות קידום זמינות; כביש 60 עוקף אל-ערוב עד הכניסה לבני נעים – בתכנון מוקדם; כביש 60, מפרידן – אדם, צומת המשטרה הבריטית – תכנון מוקדם; כביש 367, הגוש 60 – עציונה 3375 – תכנון ראשוני; עזון – מעלה שומרון –ביצוע; צומת העוקפים – ביצוע; צומת שוקבא – ביצוע; כניסה לקריית ארבע, החרסינה – ביצוע; צומת אלמוג – ביצוע; צומת אל-פונדק? אל- פונדוק? אל-פונדוק, מן הסתם. צומת אל-פונדוק – ביצוע; צומת הכניסה לחברון, צומת הכבשים – התכנון הסתיים; צומת עלי – התכנון הסתיים; צומת ביתר עילית – התכנון הסתיים; כביש 60, המנהרות, מוצמת רוזמרין ועד לצומת חוסאן – בביצוע; כביש 60, המקטע בין צומת חוסאן לצומת אלעזר – בעבודות קידום זמינות; והכביש המשוקע במעבר קלנדיה – בביצוע. הפרויקטים שעברו מתכנון - - -

אלה דברים שהם כבר בביצוע. כלומר, הם התחילו לא בתקופת הממשלה הזאת.

לא, הכול טוב, זכותו של חבר הכנסת סעדי וגם זכותו של חבר הכנסת טיבי להתקומם, הכול טוב. אבל בכל זאת, בסוף יש עובדות ויש מציאות בשטח, ורבותיי יודעים - - -

לא, עניינם בנושא הזה – הכול טוב. אבל אם לא הייתי אומרת את הדברים האלה אז הם לא היו קיימים? לא הבנתי.

הפרויקטים שעברו מתכנון לביצוע הם: כביש 60 עוקף חווארה, צומת שוקבא, צומת כניסה לחברון, צומת עלי, צומת ביתר עילית, הסדרת הכביש אל-ולג'ה - - -

ובתקציב שהעברנו יש שני פריטים שאושרו במסגרת החלטת ממשלה קודמת, לדעתי – אני לא בטוחה בעצם, תכף אני אגיד לך בדיוק. בכל מקרה, מה שיתוקצב ב-2022 בהרשאה זה כביש 437 וכביש 60 במקטעים אל-ערוב בני נעים. אלה הדברים. כפי שאתה ציינת בעצמך, אדוני חבר הכנסת לוין, ממשלות אכן השקיעו הרבה מאוד כסף בכבישים ביהודה ושומרון.

בנוסף לכל הרבים מאוד שנמשכים ומתבצעים.

יש שניים שמתוקצבים כרגע, ויש תוכנית חומש שבמסגרתה עוד צריכים להיקבע תיעדוף ותקצוב הכבישים האחרים. יש תור ארוך מאוד מאוד. השאילתה שתבוא אחריך תהיה על מצב הכבישים ברמת הגולן, שם מצב הכבישים הוא בכי רע. שלא לדבר על מצב הכבישים בגליל – הייתי שם לפני שבוע – ושלא לדבר על מצב הכבישים בנגב בחלק מהמקרים, ובחלק מהמקרים עוד יותר. ככה שאיך לומר, באמת יש הרבה מאוד מאוד כבישים במדינת ישראל שדורשים השקעה, לא רק ביהודה ושומרון.

בצד האינפורמטיבי התשובה היא כן.

זה ניתוח שאין לי לפניי. אם תרצה, אני אבקש - - -

אני אבקש מהמשרד שיעבירו לך.

אה, גם אתה שואל שאלת המשך?

חבל שלא הקשבתם, כי דווקא נדמה לי שחבר הכנסת לוין הבחין בדיוק בשאלה מה ההבדל.

לא, אני אומרת – כן, חד-משמעית, היום רק חצי שעה לצאת מיישוב זה – איך להגיד, אני שומעת וחווה בעצמי דברים קשים בהרבה גם.

חבר הכנסת מקלב, המצב הוא אנוש. המצב הוא אנוש מאוד.

לא, הכול טוב, שיסיים את שאלתו. אני רק מזדהה.

אוקיי, לגבי 446 – אני פשוט מקבלת תשובות כי אני לא מכירה את 446 באופן ספציפי. קודם כול אני חייבת להגיד לך שאני אבקש שיבדקו את התפקוד של הרמזור הזה, כי הרבה פעמים רמזור מוסף מסיבות של בטיחות, ודווקא בדרך כלל כשיש הוספה של רמזור הכוונה היא שהתנועה תזרום יותר. כי נניח מעגל תנועה זה דבר שמאט את התנועה, ופעמים רבות רמזור זה דבר שמאפשר זרימה יותר טובה. אז אני אבקש שיבדקו את התפקוד של הרמזור הזה, אולי אפשר לשנות שם את אופן ההתחלפות שלו וזה ישפר את המצב. זה דבר ראשון שאני אבקש לבדוק. שנית, אני מזכירה - - -

אני מודה לאדוני על התיאור המאוד-ציורי שתיארת, אבל אני חושבת שאין היום אזרחית ואזרח שלא מזדהה עם הדבר הזה, וזה לא משנה אם זה במודיעין עילית או במודיעין או בצפון או בדרום בערים. אגב, הדבר הזה קיים גם לא רק בערים, הוא קורה היום גם באזורים כפריים במדינת ישראל, גם במקומות שבהם היישובים קטנטנים ואין מטרופולינים בסביבה. ובכל זאת המצב הוא כזה שפותחו רק כבישים, וגם לא בהכרח הנכונים ולא בהכרח בצורה מספיק נכונה, אבל לא פותחו מערכות של הסעת המונים ותחבורה ציבורית. ולכן מספר כלי הרכב המצטבר והולך, שהצטבר במהלך כל הממשלות הקודמות, הוא כזה שהכבישים צרים מלהכיל אותם, מה לעשות. אגב, לצורך העניין הזה, גם אם נעשה עוד כניסה או עוד יציאה מעיר מסוימת, זה לא באמת יקל על המצב. אם יש משהו שלמדנו זה שכל כביש חדש שנסלל מתמלא במכוניות כהרף עין, תוך ממש זמן מאוד מאוד קצר, וכולן עומדות, כל המכוניות עומדות. ולכן הפתרון, ורוב ההשקעה שלנו במשרד הזה, המסה המאוד-מאוד גדולה של תוספת התקציב מיועדת לפיתוח תחבורה ציבורית: יותר כלים ואמצעים לתחבורה הציבורית, יותר קווים, יותר תדירות, יותר שירות, יותר סוגים של כלי רכב, גם נסיעה שיתופית, וכמו שאמרתי קודם, הליכה ושבילי אופניים. כך שבאמת נעשה וייעשה מאמץ מאוד מאוד מאוד גדול לשנות את אופן הנסיעה של הישראליות והישראלים. אבל צריך להודות, אנחנו עומדות היום מול שוקת שבורה, ממש במצב חירום, במשבר נוראי, של קוצר רואי. זאת התוצאה של האמירה: איפה שאתם רואים פקקים, אני רואה מחלפים. אז כשטומנים את הראש בחול ולא רוצים לראות את הפקקים, אז עכשיו כולנו עומדים בהם ביתר שאת. אני מבטיחה לך, א', שאני אבדוק מקומית את מה שביקשת והפנית את תשומת הלב אליו. תודה. ומעבר לזה, באמת נתחיל לעבוד על לנסוע הרבה הרבה יותר ביחד באמצעים שיצמצמו את הפקקים.

אגב, אדוני, יריב לוין, מה שעניתי לך קודם – שני הפרויקטים הם אכן החלטה של ממשלה קודמת ולא של הממשלה הזאת.

כלומר, בממשלה הזאת בינתיים עוד לא עשינו תוכניות. אבל שני הפרויקטים האלה הם אכן תוצאה של החלטה של ממשלה קודמת.

בסדר גמור. אני רק אגיד, כבר הייתה לנו ישיבה מקצועית עם ראש העיר מבשרת ציון ועם הצוות המקצועי, והצוות המקצועי של המשרד, והדברים תוארו בהרחבה, ואנחנו עושות על זה עבודה מקצועית. אז ככה שאני שמחה להגיד שלפחות חלק א' כבר קרה.

היא לא הייתה סופית. אתה יודע, צריך לראות. בקיצור, גם מבחינה סביבתית וגם מבחינה תחבורתית, צריך לעשות את הדבר שיהיה הכי אפקטיבי.

אני לא עונה לחבר הכנסת פינדרוס?

תודה רבה לך, חבר הכנסת פינדרוס. וכמו שאמרתי כבר קודם בהקשר הקודם, אכן, לצערי, ממשלות קודמות הזניחו את רמת הגולן, את הגליל, את הנגב, באופן שבאמת מביא למצב שתשתיות הכבישים שם הן באמת גרועות. אני גאה להיות בממשלה שבה מתאפשר לי לשים באמת את הגליל, הגולן והנגב חזרה בראש סדר העדיפויות. מדינת ישראל חייבת לחזור להיות מדינת הגליל והנגב. זה ממש צורך קיומי בסיסי לעתידה, לביטחונה, לשגשוגה, לכל דבר שהוא. ולכן - - -

מאז הקמתה, הממשלה העבירה כמה החלטות ממשלה משמעותיות שעניינן לחזק את המרחבים האלה גם ברמת תשתיתית, ובכלל את חיי התושבות והתושבים שם, כל התושבות והתושבים, כל האזרחיות והאזרחים, במרחבים האלה. במסגרת החלטת הממשלה לגולן, אנחנו פועלות בשיתוף המועצה האזורית גולן והמועצה המקומית קצרין לטיפול בכבישים שנדרשים במרחב. משרד התחבורה והבטיחות בדרכים יקצה עד 10 מיליון שקל בשנת 2022 לשיפוץ צומת יהודייה. חוץ מזה, יהיו הרבה מאוד משאבים לטובת תחבורה ציבורית ותחבורה מקיימת. אתה יודע שאחד הדגשים של משרד התחבורה בקדנציה הזאת הוא לחשמל ולעבור לתחבורה נקייה, ממש בכל מקום ככל האפשר, כי אי-אפשר שנמשיך, א', לנשום אוויר כל כך מזוהם, וב', לתרום את חלקנו למשבר האקלים החריף. ולכן, בהחלטת הממשלה הזאת משרד התחבורה מקצה עוד 3 מיליון שקלים להקמת מסופים ו-2 מיליון שקלים להשלמת רשת האופניים בקצרין. שוב, חלק מהדברים זה להעביר את הציבור מלנסוע במכוניות פרטיות לאלטרנטיבות אחרות. במסגרת החלטת הממשלה לפיתוח כלכלי-חברתי ביישובים הדרוזיים ברמת הגולן, לא פחות חשוב, שאותה העברנו בממשלה ב-28 בנובמבר האחרון, משרד התחבורה משקיע 7 מיליון ש""ח, ומשרד האוצר מוסיף אליהם עוד 2, לפיתוח תשתיות תחבורה ציבורית, תוספות שירות ובטיחות בדרכים בתחומי יישובי התוכנית. המשרד גם יקצה 13 מיליון ש""ח לפיתוח כבישים חוצי יישובים, שהם באמת הכבישים שמרשתים את רמת הגולן, לטובת יישובי התוכנית, כאמור, עד 2023, ועוד 11 מיליון שקל יהיו לפיתוח כבישים עירוניים בתוך היישובים האלה. חשוב לי להדגיש שכבישים עירוניים מתוחזקים על ידי המועצות האזוריות או הרשויות המקומיות, אתה יודע. כבישים בין-עירוניים הם באחריות הזרוע הביצועית של משרד התחבורה – נתיבי ישראל. למשרד התחבורה יש סל גדול לשיקום ולאחזקת כבישים, ותוכנית העבודה נקבעת בהתאם למודל תיעדוף וגובה התקציב שבו אנחנו יכולות ויכולים להשתמש. לפנינו, יש מעבר למה שהוחלט, מה שהוקצב, בהחלטות הממשלה האלה, יש עוד כאמור לתעדף במסגרת תוכנית החומש, וגם שם ייכנסו עוד תקציבים.

כן, קשור לרמזוּר וקשור לצומת יהודייה.

מה זאת אומרת, כבישים בין-עירוניים – לא רלוונטי? בין-עירוניים זה בין קצרין לבין יישובים אחרים.

בדיוק, אומר פה היושב-ראש: זה כמו להגיד כבישי הדרום מסוכנים. אז קודם כול, אדוני, ברשותך - - -

ברשות אדוני, א. אני אשמח כמובן שחבר הכנסת פינדרוס יעביר לנו בכתב את הכבישים הספציפיים שהוא מכיר ויודע ונוכל להתייחס גם מקומית ועניינית לכל אחת ואחד מהם.

זה ברור, אני מתכוונת למספרי הכבישים או לשמות הכבישים. לזה אני מתכוונת שתעביר לנו, משום שברשות אדוני, כבישים חוצי יישובים הם בדיוקים הכבישים שאתה מדבר עליהם. הם הכבישים שבעצם הם אזוריים, הם נמצאים כביכול – לא כביכול – הם נמצאים גם בתוך שטחי השיפוט של הרשויות וגם באחריותן הרשמית, איך לומר, אבל הם משמשים למעשה כבישים שבהם עוברים ונוסעים ברחבי רמת הגולן. ככה שכל התיאורים שתיארתי, גם לגבי הרשויות הדרוזיות וגם לגבי קצרין – הם כולם כבישים שמרכיבים את רשת הכבישים של רמת הגולן. עכשיו, האם זה מטפל בכל הכבישים? לצערי, אין במשרד התחבורה – לא הוקצה תקציב לטיפול בכל הכבישים המסוכנים, בישראל בכלל, אגב. כפי שעניתי קודם לחבר הכנסת בועז  טופורובסקי, יש הרבה יותר כבישים מסוכנים ממה שכרגע יש תקציב לטפל בהם. וזה דבר שאני הולכת לעבוד עליו באופן אישי, לפתח תוכנית שתאפשר לנו כן לטפל כמה שיותר מהר בכמה שיותר כבישים מסוכנים, ברמת הגולן ובמקומות אחרים בארץ. אז התשובה היא שקודם כול, יש תוכנית חומש חדשה שבמסגרתה ייעשה תיעדוף כבישים, וכבישים שיש בהם סיכון יהיו ראשונים ויקבלו תיעדוף מאוד גבוה. שתיים, שאנחנו ננסה לכווץ את התוכנית הזאת שמיועדת לחמש שנים, לעשות אותה בכמה שפחות זמן, והמשמעות של זה היא כמובן להביא עוד כסף. נשמח, אתה יודע, לתמיכתך בעניין הזה, אם וכאשר החלטה כזו, אני מקווה, תגיע לכנסת.

יושבים פה חברים שיכולים להמליץ לך לעשות את הדבר הזה בכבישי הגליל ובכבישי הנגב והאמן לי שהחוויה תהיה, לצערי, לא טובה בהרבה.

לכן אני אומרת, צר לי מאוד, אבל אני באמת אומרת לך, חבר הכנסת פינדרוס, אני הייתי לפני שבועיים בסיור מאוד רחב בגליל ונאמר לי שם – וזה לא המקום היחיד שנאמר לי בו, למעשה זה נאמר גם בנגב, ואומנם עדיין לא הייתי בגולן מאז שאני שרת התחבורה, אבל אני בטוחה שזה ייאמר לי גם שם – ששנים רבות פשוט לא הגיעו אליהם. שרי ממשלה בכלל לא הגיעו אליהם, לא כל שכן השקיעו את מה שהיה נדרש להשקיע באזורים האלה. לכן אנחנו מתחילות ממינוס מאוד גדול, אבל אני מבטיחה לך שאנחנו נעשה את העבודה.

תודה רבה, אדוני היושב-ראש, תמיד כיף.",5,
349183,2023-01-24,"הצעת חוק להארכת תוקפן של תקנות שעת חירום (יהודה והשומרון – שיפוט בעבירות ועזרה משפטית), התשפ""ג–2023","תודה, גברתי היושבת-ראש. אני רוצה לפנות בהקשר הזה של תקנות יהודה ושומרון לחיילות ולחיילים שלנו, לחיילים שלנו, ולהגיד להם: לפני הבחירות האלה, כל האנשים האלה פה שיושבים עכשיו בקואליציה ובממשלה, הבטיחו לכם חסינות, הבטיחו לכם עוצמה יהודית וחסינות. חסינות ממה? מזה שאתם עומדים בשטחים, חשופים לשלל סוגים של מתקפות. אז עכשיו כשהם באו ונהיו בעלי הבית, והם הבטיחו להראות מי בעלי הבית, מה הם עושים דבר ראשון? גורמים לכם לחטוף. וממי? מחברי הכנסת שלהם. כשעומדת חברת כנסת שלהם, של עוצמה יהודית, וצועקת לכם: יימח שמם. כן, כן, ככה זה עובד. הם תוקעים על גבעה חשופה מאחז – מי מכם לא היה רוצה בית חדש על גבעה יפה – אבל הם – יש להם זכויות יתר; הם שולחים אנשים שלהם, שליחים מהחונטה שלהם שמנהלת פה את המדינה, שלא שירתו בצבא ומי ששלח אותם גם לא שירת בצבא, הם יוצרים מעמד של בעלי בית על הגבעה ומשרתים שצריכים לשמור עליהם – אתם. הם נותנים לכם לחטוף מכולם וקודם כול – מהם. ומה עוד הם עושים על הגב שלכם? הם חילקו את הסמכויות בשטחים ביניהם, אוקיי, עכשיו יש לכם שני בעלי בית, לא אחד – שניים – שרבים ביניהם מי יותר בעל בית, על הגב שלכם. הרי בעיקרון בצה""ל אנחנו יודעות ויודעים, יודעת כל חיילת ויודע כל חייל שיש מפקד אחד. אז עכשיו יש לכם שני מפקדים, שהדבר האחרון שמעניין אותם הוא אתם. כן, כן, אתם מאוד מאוד עניינתם אותם בתור קולות לפני הבחירות; עכשיו, הם ימשיכו לצעוק ""חסינות"", אבל חלוקת הסמכויות הזאת שהם עשו בממשלה המסוכנת, הרעה והמספחת הזאת – חלוקת הסמכויות הזאת מסכנת אתכם ועושה אתכם הרבה יותר חשופים ממה שהייתם קודם. היא מסכנת אתכם מבחינה משפטית, מבחינה בין-לאומית ובעיקר וקודם כול – מבחינה מבצעית. חלוקת הסמכויות הזאת שבה יד ימין לא יודעת מה יד ימין היותר-קיצונית עושה, מסכנת אתכם ואת ביטחון המדינה שלנו, ומי שמשלם את המחיר הוא המדינה, אבל קודם כול – אתם, בשטח. חיילות וחיילים יקרות ויקרים שלי, זאת ממשלת סיפוח מסוכנת ומחרחרת מלחמה וריב. אנחנו רואות ורואים אתכם. אתם תמשיכו לשמור על הבית, ואנחנו נמשיך להילחם פה כדי לשמור עליכם.",1,
350253,2023-02-20,"הצעת חוק-יסוד: השפיטה (תיקון מס' 3) (חיזוק הפרדת הרשויות);: הצעת חוק בתי המשפט (תיקון מס' 105) (הוראות לעניין הוועדה לבחירת שופטים), התשפ""ג–2023","כל ההבטחות האלה על זה שסוף-סוף יהיה לכם שלטון ימין אמיתי, זה כנראה מה שעומד בבסיס החוקים השערורייתיים שאתם מביאים כאן הערב.

כמעט 40 שנה, אולי אפילו יותר מ-40 שנה - -

- - הליכוד הוא מפלגת השלטון במדינת ישראל.

- - זה לא מפריע לו כל היום והלילה להיות הקוזק הנגזל, שלא מאפשרים לו לשלוט. 40 שנה אתם ממנים את מי שאתם אחרי זה הולכים וקוראים להם פקידים, ומעליבים אותם ומשפילים אותם ומאשימים אותם שהם לא נותנים לכם לשלוט. 40 שנה אתם ממנים אותם. 40 שנה אתם הקואליציה, שיש לה רוב בבחירת שופטות ושופטים במדינת ישראל, שאתם מלינים עליהם כל כך הרבה. 13 שנה לפני הממשלה שלנו, 13 שנה ברצף, נתניהו היה ראש הממשלה. לא ראיתי שהוא עשה משהו כדי לתקן את מערכת המשפט. בעיקר אני לא רואה שאתם עושים משהו כדי לתקן את מה שבאמת כואב לציבור במערכת המשפט, כמו למשל החוסר העצום במספר השופטות והשופטים. אבל כל הזמן היבבות האלה: מתי כבר יהיה לנו שלטון ימין אמיתי. אז זה מה שאתם עושים עכשיו. אתם לוקחים את האינטרס המתנחלי, שמאז ומעולם רוצה לבטל את בית המשפט העליון ולהחריב אותו, כדי שהוא יוכל לעשות בשטחים כל מה שעולה על דעתו, ושתישרף מדינת ישראל והעתיד שלה והביטחון שלה. אתם לוקחים את האינטרס החרדי, שתמיד רצה להפיל את בית המשפט העליון בשביל שהוא יוכל להמשיך ולגזול מהילדים שלו את הזכות הבסיסית לחינוך בחיים מודרניים, שהוא ימשיך לגזול מהצעירים שלו את הזכות לשרת בצבא וללכת ללמוד, ולעבוד ולחיות חיים מלאים, שהוא ימשיך לגזול מנשים את הזכות לשוויון, וכמובן מכל מי שלא יהודי. פתאום מצטרף לזה האינטרס - -

- - של נתניהו – וכמובן של דרעי – לעבור על החוק באין מפריע. אתם פשוט רוצים כוח בלתי מוגבל לעשות דברים רעים ומזיקים ופוגעניים לרוב המכריע של אזרחיות ואזרחי ישראל. אתם פשוט רוצים צ'ק פתוח להיות מושחתים בלי לתת על זה דין וחשבון, בלי לשלם על זה את המחיר. מה שאתם מביאים כאן היום טוב אך ורק לכם בשלטון. זה לא מקדם כהוא זה אף אזרחית ואזרח. כל אזרח ואזרחית בישראל ייפגעו מזה שלא יהיה מי שיגן על הזכויות הכי בסיסיות שלהם, אם הן לא מוצאות חן בעיניכם בדיוק. אנחנו נאבקים בדבר הזה, כי אנחנו מאמינים בחזון הציוני. החזון הציוני דיבר על מדינה דמוקרטית, הוא דיבר על שוויון מלא - -

- - הוא דיבר על בית לעם היהודי, שהוא בית לאומי ולא בית דתי.

אתם הורסים את החזון הציוני - -

- - ולכן אנחנו נילחם בכם על זה עד שננצח.",1,
351868,2023-03-20,"הצעת חוק יישום תוכנית ההתנתקות (תיקון מס' 7), התשפ""ג–2023","אני צריכה להתחיל בגילוי נאות: אני לא הייתי בפוליטיקה בזמן ההתנתקות, אבל אני התנגדתי לה. אני התנגדתי לה בזמן אמת, לא בגלל שחשבתי שלא נכון לצאת מעזה או מצפון השומרון. חשבתי שנכון גם נכון, ודחוף מאוד, לעשות את זה, אבל שהיה צריך לעשות את זה בהסכם ולא במהלך חד-צדדי. אבל במבחן התוצאה, צריך לומר: ההחלטה לצאת גם מעזה וגם מצפון השומרון הוכיחה את עצמה מבחינה ביטחונית. הוכיחה את עצמה מהשיקול הביטחוני שהוביל אותה באופן חד-משמעי. הרבה מאוד חיים של ישראליות וישראלים ניצלו בזכות המהלך הזה, שבו ישראל יצאה מעזה ומצפון השומרון. החזרה עכשיו לאפשר כניסה של יהודים ויהודיות ישראלים לתוך צפון השומרון, מקום שיש בו רצף של יישובים פלסטיניים; מקום שבו גם ככה החיכוך הביטחוני גבוה; מקום שבו המתח הביטחוני גבוה כבר הרבה מאוד זמן, ולהזמין עוד חיכוך, ולהזמין עוד כוח צבאי, שיצטרך לבלות את זמנו בשיטור ובסיכון חיים, במקום להתאמן למשימות אחרות, שעומדות בפנינו בכל יום ובכל שעה – ההחלטה הזאת היא החלטה שמסכנת את ביטחון ישראל. היא החלטה רעה לביטחון שלנו. היא מסכנת אזרחיות ואזרחים, היא מסכנת חיילות וחיילים, והיא פוגעת בכשירות של צה""ל. אבל הדבר החשוב הרבה יותר מאשר החישוב הקונקרטי הזה, שהוא כשלעצמו חשוב מאוד, הדבר החשוב הרבה יותר הוא הנזק האסטרטגי העמוק, ארוך הטווח למדינת ישראל, בהחלטה הגרועה הזאת של חזרה לצפון השומרון. חברות וחברים, אל תטעו, ההפיכה המשטרית המסוכנת, שמאיימת על הדמוקרטיה הישראלית ועל נשמתה של מדינת ישראל היום, קשורה בטבורה לעובדה, שממשלות ימין לדורותיהן ממשיכות ומעמיקות את ההתנחלות וההיאחזות בשטחי הגדה המערבית יהודה ושומרון, שאינם שטחי מדינת ישראל. כן, הם שטחי ארץ ישראל. לכולנו יש קשרים רגשיים אליהם, אבל הם אינם שטחי מדינת ישראל; ובעיקר הם שטחים שגרים וגרות בהם הרבה מאוד מאוד פלסטינים, שאינם עומדים להיעלם לשום מקום. ההתעקשות למנוע פתרון מדיני לסכסוך הישראלי-פלסטיני ולשים גבול – גבול למדינת ישראל – ההתעקשות שלא לעשות את זה ולהעמיק את ההתבוססות בתוך הבוץ – בתוך הבוץ הפלסטיני בגדה המערבית – ההתעקשות הזאת עולה לישראל בסיכון לא רק של ביטחונה, אלא של עתידה. חברות וחברים, מדינת ישראל קמה מתוך התנועה הציונית, מתוך החזון הציוני. חזון שאמר במילים מפורשות מאוד: בית לאומי לעם היהודי; מקום שבו אנחנו נשלוט על עצמנו – על עצמנו ולא על אף אחד אחר. מקום שבו אנחנו נוכל להיות הרוב שמגדיר את אורח החיים שלנו, את השפה שלנו. קרה כאן נס, נס תחיית השפה העברית; נס בניית מדינה מתקדמת, מפותחת, מצליחה, משגשגת. החזון הציוני הגדיר לנו בניית חברת מופת, ששואפת לשוויון ומבטיחה, מבטיחה שוויון לכל האזרחיות והאזרחים בלי הבדל דת, גזע, לאום. שום דבר מהדברים האלה לא יכול להתקיים כשישראל ממשיכה ושוקעת בתוך מיליונים של פלסטיניות ופלסטינים ביהודה ושומרון, ועכשיו גם מפנטזת על חזרה לתוך בוץ עמוק עוד יותר בעזה. אין חיה כזאת חצי דמוקרטיה, חברות וחברי הכנסת היקרות והיקרים. אין חיה כזאת. ולכן, המשך הסכסוך היה מועד, מאז ומעולם, להביא לכך שישראל תהיה לא דמוקרטית, ובהמשך גם לא יהודית. את הלא-דמוקרטית אנחנו רואות ורואים, וחווים ונאבקים בזה כאן ועכשיו, משום שאין דבר כזה חצי דמוקרטיה. החוק הזה הוא עוד צעד אחד, שמסכן גם את ישראל היהודית וגם את ישראל הדמוקרטית; גם את הביטחון העכשווי של מדינת ישראל, ובוודאי את העתיד והוודאות של קיומו של הבית הלאומי שלנו. הצבעה בעד החוק היום היא בכייה לדורות, אבל אני מבטיחה לכם – כיושבת-ראש המפלגה הציונית הדמוקרטית האחרונה בכנסת הזאת: אנחנו נחזור ונבנה את החזון הציוני. אנחנו לא ניתן לכם לקחת אותו מאיתנו.",1,
354820,2023-06-28,"הצעת חוק הרשויות המקומיות (מימון בחירות) (תיקון – איסור קבלת תרומות מיישוב שיתופי), התשפ""ג–2023","אדוני היושב-ראש, חבריי וחברותיי חברות הכנסת, הצביעות, הו, הצביעות, קווים לדמותה של הצביעות והשחיתות והטינופת. איזה יופי, איזה יופי של דבר.

הדבר המרכזי בבחירות, אומר שר המשפטים יריב לוין, הוא שוויון בפני החוק, ולכן הקואליציה שלכם מעבירה עכשיו חוק שנותן יתרון לא הוגן למי שמונה על ידי שר הפנים כוועדה קרואה, שהוא יוכל לרוץ ולא יצטרך צינון. זה כבר שוויון בפני החוק.

בגלל זה הקואליציה שלכם מקדמת את ביטול עילת הסבירות, ככה שרק פוליטיקאים, שרים, ראש ממשלה וממשלה ייהנו מחסינות מביקורת שיפוטית. כל העובדים המקצועיים, כל האזרחיות והאזרחים, יהיו כפופים - -

- - לביקורת שיפוטית, גם בענייני בחירות.

אבל אתם מקדמים חסינות לזה. שוויון בפני החוק, ממש אבירי השוויון. האנשים שהצביעו הרגע נגד חוק שמקדם שוויון על בסיס זהות מגדרית, זהות מינית ומגדרית - -

- - הם אבירי שוויון החוק. עכשיו, קודם כול, זה שקר – אתם לא מקדמים שוויון בבחירות, אתם מקדמים אי-שוויון בבחירות. גם החוק הזה בא למנוע שוויון בבחירות. למה? כי יישובים שיתופיים דינם לא כדין תאגיד, בכל הכבוד. יישובים שיתופיים זה קהילה; יישובים שיתופיים זה קואופרטיב, זאת שותפות אמיתית. זה לא תאגיד שהוא למטרות רווח, ויש לו בכלל רציונלים אחרים שהוא פועל מטעמם. הדבר המדהים הוא שאתם גם עושים זה תוך כדי תנועה, בתוך קמפיין הבחירות – גם את חוק טבריה, גם את החוק הזה, אתם משנים כשהבחירות כבר בפנים, כבר קורות. זה הדבר מס' אחת שלא עושים בבחירות – לא משנים את הכללים תוך כדי. אבל אתם הרי משנים את הכללים לטובתכם כל הזמן. הרי במי זה בא לפגוע? זה בא לפגוע בקהלים של המרחב הכפרי, שהם באופן מסורתי שייכים לצד הפוליטי לא שלכם. בהם אתם באים לפגוע בכוונה תחילה, להחליש את כוחם בשביל לשלוט, כי מה שווה יישוב שיתופי אם אנחנו לא שולטים בו? מה שווה מועצה אזורית אם אנחנו לא שולטים בה? המועצות האזוריות, שהן אלה ששומרות במדינת ישראל על השטחים הפתוחים שלנו, הן אלה ששומרות על החקלאות – שני דברים שאתם הורסים ומחרבים. אתם הקואליציה שרוממות ארץ ישראל בגרונכם – כל היום: ארץ ישראל, וארץ ישראל – מחרבים כל חלקה טובה של ארץ ישראל. לא משאירים מקום נקי, לא מזוהם, מקום שאפשר לגדל בו את הביטחון התזונתי של מדינת ישראל. והצעת החוק הזאת באה לפגוע עוד פגיעה אנושה במועצות האזוריות ובמרחב הכפרי, והיא עוד הצעה מושחתת מבית הגידול המטונף של הקואליציה הזאת. אני קוראת לחבריי וחברותיי להצביע נגד. זה היה מספיק נגד החוק הזה, אדוני היושב-ראש?

אני מאוד מקווה שהנחתי את דעתך.",1,
354888,2023-07-03,"הצעות סיעות יש עתיד, המחנה הממלכתי, העבודה וישראל ביתנו להביע אי-אמון בממשלה בשל:: 1. הממשלה הכושלת מקום המדינה שפוגעת בנשים ובזכויותיהן;: 2. חזרה חד-צדדית לקידום הרפורמה במערכת המשפט","אדוני היושב-ראש, לא הבנתי, יש שעון נפרד לקואליציה ולאופוזיציה?

אדוני היושב-ראש, חברותיי וחבריי חברי הכנסת, וקואליציה צבועה - -

- - שקרנית, מסיתה, אלימה והרסנית, שהורסת את מדינת ישראל ומחרבת את הדמוקרטיה שלה. יש לכם החוצפה והעוז להגיד: יש מבצע צבאי, אז שהמחאה תפסיק את ההפגנות ואת השיבושים. אז אני לא יודעת איך לספר לכם את זה, אבל אם מבצע צבאי מצדיק הפסקה של ההפגנות, הוא בוודאי בוודאי מצדיק הפסקה של חקיקה שהורסת את מדינת ישראל ואת צבא העם שלה. בזמן שחיילי צה""ל מסכנים את חייהם בג'נין, אתם ממשיכים בצורה דורסנית, מטורפת - -

- - מסוכנת, מכוערת, פוגענית, לקדם את ביטול עילת הסבירות.

הרי זה עצמו דבר בלתי סביר באופן מעורר השתאות. באמת, כבוד לכם על הדברים המטונפים שאתם מצליחים להביא ברצף. אתם, כל מה שמעניין אתכם, לא רואים בעיניים – רק דוהרים קדימה עם החקיקה שתביא שחיתות, שחיתות, שחיתות; מינויים, ג'ובים, דברים שיאפשרו סיפוח של השטחים, כמה שיותר התנחלויות, כמה שיותר דברים שיפגעו בביטחון מדינת ישראל, כמה שיותר דברים שיכניסו לכם טובות הנאה וקומבינות - -

- - על חשבון הציבור של מדינת ישראל, על חשבון הביטחון של מדינת ישראל, על חשבון עתידה וודאות קיומה של מדינת ישראל. והכול באצטלה של ""יהודי"", ""יהודי"". מספר הפעמים שאתם אומרים את המילה ""יהודי"", נושאים לשווא את המילה – יהודי, יהדות, יהודי, יהודי, יהודי, יהודי. בואו, ביהדות רוצים להיות קודם כול בן אדם, אוקיי? ואהבת לרעך כמוך, זה כל התורה כולה אמורה להיות. אבל אתם, אצלכם, ה""רעך כמוך"" זה ממש רק מי שהקומבינה איתו מסתדרת. זה מיליה ה""רעך כמוך. מיליה הקומבינה האין-סופי של השחיתות, של הקואליציה הזאת. מצד אחד שולחים חיילים להילחם ולסכן את חייהם, וביד השנייה מקדמים חקיקה שמחרבת את מדינת ישראל. ועוד באמצע דורשים מהמחאה לעצור. אין גבול לצביעות, אין גבול לשחיתות ואין גבול לטינופת. אז בואו, אם אתם רוצים לשחק את המשחק הזה, תעצרו, בבקשה, את החקיקה ואז נדבר.",1,
355174,2023-07-05,"הצעת חוק הביטוח הלאומי (תיקון – פטור מכפל תשלום דמי ביטוח לאומי), התשפ""ג–2022","אלא אם כן יש - - - אבל אסור לנאום באנגלית מעל בימת הכנסת - - -

אנשים שמדברים בעברית - - - מהדוכן ואנשים - - -

כאילו אנשים שבאופוזיציה אסור להם מה שמותר בתקנון, ואנשים שמהקואליציה מותר להם - - -

אבל יש מה לעשות, כי אי-אפשר לדבר - - -

בערבית מותר לדבר - - - שפה רשמית, ובאנגלית אסור לדבר מעל הדוכן.

- - - אתם כל הזמן שמים את עצמכם מעל כל החוקים.

סליחה, אדוני, זה בניגוד לתקנון.

המנדט שלך זה לנהל את הכנסת, לשמור על התקנון.

זה המנדט שלך. לא לאפשר למי שבא לך לעשות מה שהוא רוצה - -

לא, אני מבקשת - - - שלא ידבר באנגלית.

אין שום יכולת - - - שום יכולת.

מוקדם יותר היום עמד כאן השר קרעי ואמר: מרב מיכאלי לא הייתה חותמת היום על מגילת העצמאות. מרב מיכאלי לא הייתה חותמת היום על מגילת העצמאות. מרב מיכאלי, כן? יושבת-ראש מפלגת העבודה, שראשיה, מייסדי מדינת ישראל, הם אלה שכתבו את מגילת העצמאות - -

- - שמגילת העצמאות היא-היא הערכים שעליהם מפלגת העבודה נלחמת ומייצגת היום כמפלגה הציונית הדמוקרטית היחידה בכנסת ישראל. בא שלמה קרעי ואומר: מרב מיכאלי לא הייתה חותמת על המגילה היום. למה הדבר דומה? לאותו הדבר שהם אומרים מאז 1993 ברצף: השמאלנים שכחו מה זה להיות יהודים.

פשוט מותר להסית, מותר לשקר, מותר להתיר את הדם, מותר להגיד - -

- - הם לא יודעים מה זה יהדות, מה זה יהודים. האנשים האלה - - -

קרעי אומר: הם לא שומרים על השבת. לא משנה שאנחנו אלה שקבענו הרי את הלוח העברי בתור הלוח של המדינה הזאת. אבל הקואליציה הזאת כופרת בזכות האישית של כל אחד ואחת לכבד את השבת בדרכה או בדרכו. הוא אומר: הם לא דואגים להתיישבות – להתיישבות – אלה האנשים שהורסים את הקיבוצים והמושבים והחקלאות ואת השטחים הפתוחים בתוך מדינת ישראל רק כדי לשים את כל הכסף מחוץ למדינת ישראל, בשטחי יהודה ושומרון, שהם ללא ספק ארץ ישראל - -

- - חלק ממורשת אבותינו, שיש לנו זכות עליה, אבל אין לנו זכות למרר את חיי היושבים שם והגרים שם, אין לנו זכות להרוס את חייהם; ואין לנו זכות מדינית שם היום, משום שבחרנו לקיים חיים ממלכתיים, מדיניים ורוחניים בתוך מדינת ישראל.

המגילה הזאת, שאומרת שכאן בארץ ישראל התעצבה דמותו הרוחנית, הדתית והמדינית של עם ישראל – שלמה קרעי בא ואומר עליי שאני לא הייתי חותמת היום על המגילה הזאת – ואומר את זה מי שעולה בשם הממשלה ומודיע לכנסת שהממשלה לא מוכנה להוסיף את המילה שוויון לחוק הישראלי; המילה שוויון, שנמצאת במגילת העצמאות – ""ללא הבדלי דת, גזע ומין"" – שוויון זכויות.

כאן, אומרת מגילת העצמאות - -

- - כאן עם ישראל צבר את הנכסים - -

- - נכסי התרבות הלאומיים והכלל-אנושיים שלו, והביא לעולם את ספר הספרים; ספר הספרים, ששייך לכל העם היהודי - -

- - לא ספר החוקים המושחת שאתם מביאים למדינת ישראל.

אז יש לי חדשות בשבילכם - - -

מפלגת העבודה, שראשיה כתבו - - -

אני רוצה להגיד משפט אחרון, כי הפריעו לי מאוד.

מפלגת העבודה, שראשיה כתבו את מגילת העצמאות, והיא היום זאת שנושאת את נס הטקסט המושלם והמדהים הזה ומיישמת אותו גם ברשימה שלה, גם בערכים שלה וגם בהתנהלות הפוליטית שלה, אומרת לכם: תתביישו.",3,
355968,2023-07-23,הצעת חוק-יסוד: השפיטה (תיקון מס' 4),"אדוני היושב-ראש, כנסת נכבדה, קודם כול אני רוצה לאחל מכאן איחולי בריאות והחלמה מהירה ורפואה שלמה לראש הממשלה בנימין נתניהו, ולחזק את ידיו ולקוות שהכול, טפו טפו, יעבור בשלום, והוא באמת יהיה בריא ושלם. בכל זאת, העיקר הבריאות, אומרות ואומרים, וצודקים כשאומרים את זה. ועוד ענייני לב, לא עניין של מה בכך, באמת חיזוק ידיים ואיחולי החלמה. וטוב מאוד שאדוני מטפל בעצמו ודואג לזה שלא חלילה תהיה שום תקלה. חשוב ביותר. אלא שבגלל שאדוני נאלץ היום להתפנות לטפל בעצמו, ובצדק, הוא לא מקיים את הפגישה שדווח אתמול שתתקיים עם הרמטכ""ל ועם ראשי מערכת הביטחון, כדי להתעדכן במצב הכשירות של צה""ל עכשיו כשמתבררים המספרים. התברר שמדובר למעלה מ-10,000 משרתים ומשרתות במילואים שמודיעים שלא יתנדבו למילואים אם החקיקה שאנחנו דנות ודנים בה עכשיו תעבור; שמדובר בכמעט 1,500 אנשי חיל אוויר שלא יגיעו ולא ימשיכו להתנדב אם החקיקה הזאת תעבור; שמדובר בסיירות מובחרות, בלוחמת סייבר – באמת עשרות אלפים בסך הכול של משרתים ומשרתות בצבא ההגנה לישראל שאומרים בצורה החד-משמעית והמפורשת ביותר: לא נתייצב. המצב הזה לא היה בישראל מעולם, אדוני ראש הממשלה. לא בכדי אמרו שאתה תפגוש היום את הרמטכ""ל ואת ראשי מערכת הביטחון כדי להבין את ההשלכות של הדבר הזה על ביטחון ישראל. כאמור, אני מאחלת לך באמת החלמה מהירה ובריאות שלמה, אבל איך אתה מעז להמשיך ולקדם את החקיקה הזאת בלי להבין את המשמעויות של הפגיעה האנושה בכשירות של צה""ל, כפי שמובן לכל אדם שעיניו בראשו, לא כל שכן מי שהיו בקבינט המדיני ביטחוני, ובוועדת החוץ והביטחון כל השנים, על הביטחון שלנו? איך אתה מעז להפקיר ככה את ביטחון ישראל? איך אתה מעז?  בסדר גמור, טפל בעצמך. תגיד: שנייה, רגע, אנחנו נאלצים להמתין עם החקיקה הזאת כדי שאני, שאמור להיות אחראי על ביטחון ישראל בראש הפירמידה, אבין בדיוק את המשמעות, אחליט איך להתמודד עם זה, ואז נראה מה נעשה. עכשיו, מינית את יריב לוין, שר המשפטים, לממלא מקומך למשך הזמן שאתה מטפל בעצמך בבית החולים, ובהצלחה. אז, אדוני ממלא מקום ראש הממשלה, כרגע זה עליך. האחריות להמשיך היא לא רק האחריות להמשיך פה, לדהור קדימה עם הרמיסה הזאת, עם החקיקה הזאת. האחריות על ביטחון ישראל, כרגע, בשבתך כממלא מקום ראש הממשלה, היא עליך. ואתה, ואתם, מפקירים את הביטחון שלנו בצורה שהיא עוצרת נשימה. היא מבהילה. אז נכון, אתה מחזק את חמאס מאז שאתה בשלטון; נכון, איראן קרובה מאי פעם לגרעין מאז שאתה בשלטון; נכון, אתה מרסק את הרשות הפלסטינית ומקדם אותנו למציאות של מדינה דו-לאומית וסוף הפרויקט הציוני במדינת ישראל. אבל ככה? ככה? ככה לא לטפל באמירה המהדהדת והחד-משמעית הזאת של עשרות אלפי משרתות ומשרתי מילואים: אנחנו לא נתייצב? פשוט לא להתעסק בזה אפילו? ככה להפקיר את ביטחון ישראל? אני לא מאמינה, אדוני ראש הממשלה, מר נתניהו, שיש מישהו שהעלה על דל דעתו שאתה תלך כל כך רחוק. ראיתי שיש מתווה פשרה חדש. עכשיו, אני חייבת להגיד לכם, רבותיי, חבריי בקואליציה – פחות חבריי, אבל אתם בקואליציה – כל המיליונים בעבודה ובבית, המאות-אלפים שברחובות, האלפים שישנות וישנים באוהלים כבר לילות על גבי לילות כדי לעצור את החקיקה הזאת, כמהים ומשוועות ומשוועים לפתרון, למוצא, למשהו שיעצור את האימה שמתרחשת בחיי כולנו בימים אלה.  אבל פתרון הוא לא פשרה על הדמוקרטיה שלנו, כי אין דבר כזה חצי דמוקרטיה. פשוט אין דבר כזה חצי דמוקרטיה. הדמוקרטיה שלנו לא למכירה, גם לא במחיר שמוצע בכביכול-מתווה החדש, כי המתווה החדש לא מבטיח לנו שתכונס הוועדה למינוי שופטים, וימונו שופטות ושופטים כמו שצריכים להיות ממונים; המתווה החדש לא מבטיח לנו שהיועמ""שית לא תפוטר; הוא לא מבטיח לנו שלא תתקדמו בדהרה עם החקיקות שלכם נגד נשים, נגד מערכת המשפט, נגד המרחב הציבורי שלנו, נגד הזכויות של אזרחיות ואזרחים בישראל, נגד השוויון. אז חברות וחברים בקואליציה, לא יעזור המתווה הזה. הדבר היחיד שיציל את מדינת ישראל מהחורבן שאתם מביאים עליה כרגע, הדבר היחיד שיציל את ביטחון מדינת ישראל, זאת גניזה של החקיקה הזאת כאן ועכשיו. אין שום דרך אחרת. שום דרך אחרת. מיליונים נושאות ונושאים אליכם עיניים ואומרים לי כל הזמן: מה, לא יהיה משהו? מה, הם לא רואים? הם לא שומעים? הם לא מבינים מה מוטל פה על הכף? הם באמת באמת לא מבינים?

אז אני אסיים בלהגיד לך, אדוני היושב-ראש, כמי שנמנה עם מפלגת השלטון ועם הקואליציה הזאת, שכל אלה שברחובות, וכל אלה שפועלות ופועלים כל כך כדי לעצור את החקיקה הזאת, עושים את זה מדם ליבם ומסתכלים אליכם, ולא מבינים איך יכול להיות שאתם לא מקשיבים להם ולא עוצרים.

הקואליציה ההרסנית והדורסנית הזאת, שמביאה למדינת ישראל את הפיכת החורבן, מדברת כל הזמן בשם הרוב. הרוב. מי תשמע שיש לה? אפילו בכנסת יש לה רוב דחוק של 64 מנדטים. אבל מה שבוודאי, בוודאי, בוודאי אין לה, זה רוב בציבור. והעובדה היא שעד היום, למול 30 שבועות, שבהם מאות אלפים יוצאות ויוצאים למחות נגד ההפיכה הזאת, היו בסך הכול שתי הפגנות של תומכי ההפיכה. ממומנות, מאורגנות – של התנחלויות. תראו את מודעת ההסעות להפגנת הימין שנערכה אתמול. תקראו היטב היטב מאיזה יישובים הגיעו ההסעות האלה. לא מהפריפריה, לא מערי המרכז, אך ורק מהתנחלויות מאוד מסוימות. אגב, גם לא מההתנחלויות של אנשים שלא יודעים בכלל שהם מתנחלים - - -

לא כולל האנשים האלה שפשוט הלכו לגור במקום שבו ממשלות הימין של נתניהו נתנו להם דירות זולות; כאלה שאפשר בכלל להשיג.

והשלט הגדול בהפגנה הזאת אתמול חושף את כל האמת כולה מאחורי ההפיכה השלטונית המשטרית הזאת: גוש קטיף, חוזרים הביתה. ממש בקליפת אגוז, בשלט אחד, כל הסיפור כולו. גוש קטיף, חוזרים הביתה. נחליש, נהפוך את בית המשפט העליון לכזה שלא יכול לעמוד ולחצוץ בין הכוח המתנחלי, המשיחי, שפועל לחיסול מדינת ישראל לטובת מדינה דו-לאומית, יחד עם יהודה ושומרון - - -

הכוח המרכזי שעמד וחסם את הדבר הזה עד היום – זה הסיפור: להפיל את בית המשפט כדי להפוך את ההתנחלויות, שהן כבר היום ה-VIP של מדינת ישראל, האוכלוסיות הכי פריבילגיות שמקבלות את מדינת הרווחה, שאף אחד אחר לא נהנה ממנה; שמקבלות תנאים מפליגים בכל דבר ועניין; שיכולות לעבור על החוק כל הזמן, לבזוז ולגנוב אדמות - - -

לעלות עם D9 על בית המשפט העליון. הינה זה מגיע. ה-D9 סוף סוף מגיע.

שלושה אינטרסים מניעים את ההפיכה המשטרתית הזאת: האחת, ההתנחלויות המשיחיות הדתיות – פרויקט שכשל, פשוט כישלון נחרץ. הישראליות והישראלים לא תומכים בהתנחלויות, אבל אתם באים לעשות הפיכה משטרתית בשבילם. האינטרס השני הוא האינטרס החרדי: להמשיך את ההתבדלות, להמשיך למנוע מהצעירות והצעירים שלכם הזדמנות שווה בחברה הישראלית; להמשיך לקבל פריבילגיות, בלי להיות שותפים בשירות. והאינטרס השלישי הוא השחיתות: השחיתות של נתניהו, השחיתות של השותפים שלו; שחיתות אישית, שחיתות מגזרית, שחיתות שמגיעה עד שיתוף פעולה עם ארגוני פשע. זה הסיפור של ההפיכה המשטרתית הזאת והיא מתגלמת בשלט הזה: גוש קטיף חוזרים הביתה, ולא משנה כמה חיילים וכמה אזרחים ישלמו בחייהם על ההזיה המסוכנת הזאת; ולא משנה כמה מדינת ישראל תיחרב בגלל ההזיה המסוכנת הזאת. ועוד מילה על דבר שהקואליציה הזאת אומרת: יהודי, יהודי. כמה אנחנו שומעות ושומעים את המילה יהודי, יהודי. אז אני רוצה להגיד לכם משהו, אנחנו בעיצומם של תשעת הימים. תשעת הימים, למי שלא בקיא או בקיאה בחומר, הם תשעת הימים האחרונים בימי בין המצרים, של לפני תשעה באב. ובימים האלה במסורת היהודית לא עושים שום דבר חשוב.

לא זאת בלבד שלא קונים דירה, לא פותחים עסק חדש – נכון, אדוני היושב-ראש, או לא נכון שבימי בין המצרים, ובעיקר בתשעת הימים, מקובל לא לעשות דברים חשובים, משום שבימים האלה אין ברכה וברכה לא שורה על הדברים שנעשים בימים האלה? אבל הקואליציה היהודית הזאת לא רואה ממטר, ודוהרת לעבר החורבן בחקיקה בתוך תשעת הימים, שאלוהים יודעת, שברכה לא שורה עליה.

ממש רחוק מזה. חקיקה שקורעת לגזרים את החברה הישראלית, שמפרקת את כל המוסדות של מדינת ישראל, שהורסת את הביטחון שלנו, את הביטחון שכולם היו כל כך מחויבות ומחויבים לו.

את זה הם עושים בתשעת הימים שלפני החורבן. אין סמל יותר ברור וחד-משמעי מזה. לא רק שאין ברכה בחקיקה הזאת, היא לא תצלח.

היא לא תצלח. לא תצליחו לחרב, לא תצליחו להרוס. מאות אלפי ישראליות וישראלים שנמצאות ונמצאים עכשיו פה, מחוץ לכנסת, שנמצאים בדרכים, שנמצאים בכל מקום בארץ, המגזר העסקי במדינת ישראל, שבאופן תקדימי, ראשוני, משבית היום את כל העסקים שלהם, משום שהפגיעה בכלכלה כל כך גדולה, שהם מבינים שזה ממש הכרח השעה - - -

האמירה החד-משמעית של עשרות אלפי מתנדבות ומתנדבים למילואים, שהם לא ישרתו דיקטטורה – כל אלה ועוד לא ייתנו לכם לחרב את מדינת ישראל; לא ייתנו לכם להרוס את הפרויקט הציוני; לא ייתנו לכם להעביר את החורבן שאתם מנסים להעביר כאן.",1,
356476,2023-08-16,"הצעת חוק התכנון והבנייה (תיקון מס' 145), התשפ""ג–2023","ובכן חברות וחברים, תשמחו לדעת שיש פה שם מהמם לחוק הזה: שמירה על מקרקעי ישראל. ממש ארץ ישראל היפה. חוק גזעני, מכוער, לא אנושי ושערורייתי ממדרגה ראשונה. רבותיי חברי הקואליציה, אני מניחה שאתם לא ממש בקיאים בעובדות הפשוטות. מדינת ישראל מונעת מהחברה הערבית לתכנן את היישובים שלה, לבנות דיור לגידול הטבעי – שאגב, הלך וירד בחברה הערבית עם השנים – להיות כמו הממוצע הישראלי באופן כללי. פשוט מנעה מהם. אז אין להם איפה לגור. נורא פשוט. אם הם עוברים לגור בערים יהודיות סמוכות, נזעקים מייד ואומרים: אוי ואבוי, אוי ואבוי, אוי ואבוי, ומייד מעבירים חוק ועדות קבלה שמרחיב את היכולת לא לקבל כל מיני אנשים לכל מיני יישובים. אבל אם אין להם ברירה והם על קרקע פרטית שלהם בונים לעצמם בתים כי אין להם אפשרות לקבל רישוי, משום שאתם לא נותנים להם אפשרות לקבל רישוי, אז באים והורסים להם את הבתים האלה. עכשיו אתם מביאים חוק שמחמיר בהרבה את מצבם. לא רק שאפשר יהיה להרוס להם את הבתים, אפשר יהיה להרוס להם את הבתים עוד הרבה זמן אחרי שהם כבר גרים בתוך הבתים האלה. לא רק שהם ישלמו קנסות מופרעים על זה שהם בסך הכול רוצים מקום לגור בו, אלא שזה יהיה עוד יותר שרירותי ולא תצטרכו לעבור דרך המוסד המכביד הזה, המציק הזה, בית משפט. החברה הערבית, החברה הדרוזית, החברה הבדואית, תבינו, בא חייל הביתה משירות בצבא ההגנה לישראל, שירות שאגב, אתם, חברי הקואליציה החרדים שיושבים פה, לא טורחים לעשות - -

- - ולא זו בלבד, אתם גם הולכים להעביר חוק שיפטור את כל הצעירים החרדים באופן גורף, לא משנה אם הם רוצים לשרת או לא רוצים לשרת, אתם תקבעו להם שהם לא ישרתו בצבא. אבל הצעיר הדרוזי, הבדואי, הערבי, שכן – הוא יחזור הביתה - -

- - אין לו איפה לגור. וגם אם בנו לו איפה לגור, אז לא יהיו לו מים כי אתם תנתקו לו את המים, ולא יהיה לו חשמל כי אתם תנתקו לו את החשמל. ואם כבר איכשהו בכל זאת הצליחו לבוא ולגור, והוא נניח התחתן, ואולי יש לו איזה תינוק פעוט או תינוקת פעוטה והם גרים בבית, אז חודשים אחר כך אתם תבואו להרוס להם אותו. ואתם גם תגבו מהם על זה קנס, וגם את העלות של ההריסה, וגם לא תהיה להם באמת אפשרות לערער על זה. אבל השאלה האחרונה שלי אליכם, חברי הקואליציה, היא באמת – תראו, היום אמר מפכ""ל המשטרה, שהמשטרה כל זמן שהוא מפכ""ל היא תציית לחוק. אמר השר שלכם לביטחון פנים - -

- - שעם כל הכבוד לחוק, יש מדיניות הממשלה שצריך לציית לה. אז למה אתם מטריחים את עצמכם לפה באמצע הפגרה, לבוא, לחוקק וכל הדבר הזה - -

- - אם בלאו הכי כל מה שאתם דורשים מהמשטרה זה לציית למדיניות הממשלה? תחליפו תכף את המפכ""ל, תביאו מישהו שעובד אצלכם ולא אצל הציבור הישראלי, בטח ובטח לא אצל ציבור לא-יהודי ישראלי, ותבוא לציון גואלת. האין זאת?",1,
