Id,Date,Topic,Text,Rank,Reasoning
277428,2013-10-14,"הצעת חוק הליכי תכנון ובנייה להאצת הבנייה למגורים (הוראת שעה) (תיקון), התשע""ד–2013","אדוני היושב-ראש, תודה רבה. השר הזכיר את הולדתה של תוכנית החירום הזאת. אולי כדאי לציין שכשנולד חוק הווד""לים, בדחיפות הגדולה שבה היה צריך להוסיף דיור, היו כבר מאושרות על-ידי גורמי התכנון הרגילים בישראל 160,000 דירות באותה עת, כך שהפקק לא היה בתכנון אלא היה במימוש, ביישום, בבנייה של אותן 160,000 דירות. ואגב, גם בתוכן לא היו דירות בנות-השגה. גם בתוכן לא היו יחידות דיור שהציבור הממוצעת במדינת ישראל, שלא לדבר על ומטה, יכולה לרכוש. ההיצע התכנוני, לפי דעתו של שר הפנים, הולך לגדול, כפי שציינה פה חברת הכנסת זנדברג, על חשבון השטחים הפתוחים, על חשבון תכנון ראוי של גנים – ובכל זאת, שטחים פתוחים זה לא מותרות, אלא זה כדי שיהיה לנו חמצן לנשום במדינת ישראל, שאותה הלבשנו שלמת בטון ומלט בלי הכרה.

אני חושבת שבזמנו היה צריך, ועכשיו צריך להיזהר עם ה""שלמת בטון ומלט"". התכנון המהיר-מהיר הזה בא על חשבון ביוב, בא על חשבון כבישי גישה לשכונות האלה ולבניינים האלה, וודאי בא על חשבון חניה מספקת, על חשבון תכנון תחבורה ציבורית כדי שאפשר יהיה להיכנס ולצאת מהשכונות האלה. ובעיקר, יש להגיד עוד דבר, וההשוואה לחוק ההסדרים, כפי שהשוותה חברת הכנסת זנדברג חברתי, היא השוואה מצוינת ונכונה. הממשלה מתייחסת לשירות הציבורי במדינת ישראל כאל אויב. היא רואה בו שורש כל רע, כל עיכוב, כל נזק. לכן היא עוקפת אותו. שנים על גבי שנים של כבישים עוקפים וחוקים עוקפים הרגילו את ממשלות הימין לעקוף כל תקלה. במקום להוסיף – הרי אם יש בעיות במוסדות התכנון הקיימים, יש לתקנם. בעיקר צריך להוסיף כוח-אדם, אגב, למוסדות התכנון הקיימים, מה שהיה מאפשר להם להאיץ את העבודה בצורה בלתי רגילה. במקום לעשות את זה עוקפים. המדינה עוקפת את עצמה, וכך אנחנו שוב מגיעות למצב שיד ימין לא יודעת מה יד שמאל עושה. גיבוב על גבי גיבוב, נזק על גבי נזק, נזקים שייקח דורות לתקן. אני מבינה שבמפלגות מסוימות בקואליציה חושבים שכל העניין של אופוזיציה ושל דמוקרטיה זה רק הפרעה לרצון לעשות, פשוט כבר לעשות: אל תפריעו לנו לעשות. אבל נדמה לי שחלקים אחרים בקואליציה כן מבינים את החשיבות של הליכים דמוקרטיים ראויים. גם הליכי תכנון צריכים להיות כאלה. הממשלה תפקידה לתקן ולשפר את הליכי התכנון הקיימים, לא לעקוף אותם בהליכים מזיקים. תודה.

להשתמש במילה ""שנאה"" – – –

עובדה שהיו 160,000 יחידות מאושרות.",3,
279588,2013-12-23,"הצעת חוק התכנון והבנייה (תיקון מס' 100), התשע""ד–2013: הצעת חוק הליכי תכנון ובנייה להאצת הבנייה למגורים (הוראת שעה) (תיקון), התשע""ד–2013","תודה רבה, אדוני. תודה, חברות, חברים, הרבה דברים חכמים וחשובים נאמרו היום על החוק הבעייתי והגרוע הזה. אני אציין בחמש הדקות שלי את מה שהם בעיני הדברים הכי בולטים. קודם כול, באמת, חוסר הנחיצות שלו. כי שוב ושוב אנחנו נוכחות שהבעיה, הפקק הוא לא בתכנון. כשהחוק הזה עבר לראשונה היו 160,000 דירות מאושרות לבנייה. 160,000. עכשיו בוא נראה את הממשלה הזאת מוציאה את זה לפועל. הבעיה היא במימוש וביישום. לא יעזור שייתנו לווד""לים האלה לתכנן עכשיו עוד 100,000, עוד 200,000, עוד 300,000 דירות. אם הם לא מסוגלות ומסוגלים להוציא את זה לפועל, מה התועלת בכל התכנון הלקוי הזה? ותכף נפרט כמה הוא לקוי. משום שלא משנה כמה דירות יתכננו הוועדות, יאשרו לבנייה, אם המדינה לא מכשירה את התשתיות הסביבתיות, הציבוריות, הנחוצות בשביל לגור: צריך ביוב, צריך מים, צריך כבישי גישה, צריך תחבורה ציבורית, תשמור השם – דבר שהממשלה הזאת בכלל לא מכירה מי יודע מה. כל זה בשביל שאפשר יהיה גם לצאת מהבית וגם אפשר יהיה לחיות בתוך הבית. לא מספיק שיוקם בית. אם כל זה לא קורה, לא יעזרו כל הווד""לים שבעולם, בכל הכבוד. עכשיו, בואו נדבר על התכנון של הווד""לים. הממשלה רוצה להזדרז עם התכנון. להזדרז. דחוף, דחוף נורא התכנון, בשביל לתכנן עוד ועוד דירות שלא נוכל לבנות אותן. כל הרעיון בתכנון הוא תכנון: שיהיה היגיון; שיהיה מספיק מקום בשביל מבני ציבור; שיהיו כל התשתיות האלה שדיברתי עליהן, שבאמת אפשר יהיה להוציא אותן לפועל; שתהיה מספיק חניה; שיהיה איפה להעביר דרכי גישה; שיישארו שטחים פתוחים. כי אחרי הכול, שטחים פתוחים – צריך לחזור ולהזכיר כנראה – הם לא איזה, איך אני אגיד? שיגעון של אנשים ירוקים. שטחים פתוחים הם אוויר לנשימה. בפועל. הם חמצן. הם מקום שעליו נוכל גם לגדל כל מיני ירקות, שאחר כך נצטרך לאכול אותם, שיהיו לנו ויטמינים. זה גם צריך. שטחים פתוחים – כן, חברות וחברים, צריך גם להשאיר שטחים פתוחים. לא הכול זה שלמת בטון ומלט. אז כשמתכננים מהר מהר מהר, וגם מתכננים בוועדות האלה בלי קשר לוועדות שקיימות, הרשמיות – המצוינות, אגב, שבדרך כלל עושות עבודה טובה. בין השאר העבודה הטובה שלהן היא שהיא מאפשרת לאזרחיות ולאזרחים להציג התנגדויות. כי כן, לפעמים יש דברים שאולי הוועדה לא רואה והאזרחיות והאזרחים שגרות מסביב כן רואות, וצריך שאפשר יהיה לתת להן להתנגד. זה לא הדבר הזה שיש היום מפלגות בקואליציה שאוהבות שלא יפריעו להן – שלא יפריעו להן לעשות, שלא יפריעו להן למשול, וכל מיני גופים כמו האופוזיציה או כמו האזרחיות והאזרחים, פשוט מפריעים להם. אז לא. צריך לתת לאזרחיות ולאזרחים להשמיע את קולם. ואילו היו רק מוסיפות ומוסיפים כוח אדם לאותן ועדות, שזאת המומחיות שלהן זה שנות דור, מאז קום המדינה, אילו היו פשוט מוסיפים כוח-אדם לוועדות האלה, באמת, כל הבעיות האלה היו נפתרות כבר, אגב, מאוד מאוד מזמן. אבל לא. הממשלה הזאת מתייחסת לזה כאילו זו מדינה של מישהו אחר, כאילו זו ממשלה של מישהו אחר, והיא באה לעקוף אותה. היא אומרת: אני לא – אין לי סבלנות אליכם. אתם זקנים, אתם שירות ציבורי, אתם טרחניים, לוקח לכם זמן. אני – אני צעירה, מהירה, מגניבה, ולכן אני אקים את הוועדות שלי, והן יעקפו אתכן; הן יתכננו מהר, מעכשיו לעכשיו. הן יפתרו לי את כל הבעיות, טיק-טיק-טיק. יהיו מלא מלא תכנונים חדשים. אחר כך ניתקע שוב עם היישום והבנייה. את זה אף אחד לא טורח לספר לנו ואף אחד לא טורח להגיד, ואף אחד מהממשלה הזאת גם לא מציע לזה פתרונות. ואחרון אחרון – העניין הפעוט של דיור ציבורי. במדינה שבה העוני הולך וגדל באופן שהוא מביש, מחפיר, מקומם, מתסכל, באמת מסוכן – מסוכן ללכידות החברתית, מסוכן לביטחון; המילה הזאת שכל כך אוהבות ואוהבים במדינת ישראל: ביטחון. איזה ביטחון יש במדינה שיש בה כל כך הרבה אנשים ואנשות שלא יכולות לקיים את עצמן גם אם שני ההורים במשפחה עובדות ועובדים? אז לאלה שגם אין להם פעמים רבות קורת גג, אין להם איפה לגור, יש בישראל, שימו לב, 0.039 דירות דיור ציבורי על כל 1,000 אזרחיות ואזרחים. רק לשם השוואה, הממוצע במערב הוא 51 דירות על כל 1,000 אזרחיות ואזרחים. אצלנו – שמעתם נכון: 0.039. גם את הבעיה הבוערת, בוערת, בוערת הזאת הווד""לים האלה לא מתקנות. באמת אסור להעביר את החוק הזה. תודה רבה.

אני רגילה שהממשלה מאשימה את האופוזיציה.

היא לא לכאורית בכלל, בכל הכבוד. פשוט יש לכם הצעות לא טובות איך להתמודד עם המשבר הזה.",1,
293227,2015-11-04,שאילתות דחופות,"תודה, אדוני. החל ב-2012, אדוני השר, חיילות וחיילים נדרשים לשלם על נסיעות ברכבת בימי ראשון בבוקר בין 06:00 ל-09:00. ברצוני לשאול: 1. בכמה הופחת מספר החיילים והחיילות הנוסעים? 2. כמה משתמשים בהסעות החלופיות המסופקות ומה היא העלות שלהן? 3. כמה כסף מוציאים החיילים על הנסיעות ברכבת? 4. למה בעצם לא תוגברו נסיעות הרכבת, והאם נשקלו עוד חלופות?

תודה, אדוני השר. אני חייבת להגיד שאני מופתעת מסקרי שביעות הרצון שאתה מפנה אליהם – –

– – משום שביום א' האחרון בבנימינה, יום א' בבוקר, הורות והורים שמטפלים בעניין הזה ספרו 750 חיילות וחיילים שעלו לרכבת, לעומת 49 שבחרו לנסוע באוטובוסים. אנחנו מכירות דיווחים על אוטובוסים שפשוט נוסעים ריקים, הנהג נוסע לבדו. ולכן אני שואלת מה ההיגיון, והאם לא שווה, את 230 מיליון השקלים האלה, להשקיע ולאפשר פשוט לחיילות ולחיילים – שמצביעות ברגליים ונוסעות בכל זאת ברכבת, למרות התשלום – פשוט לא לקחת מהן כסף. דבר שני, בוא נביא בחשבון שמשום שהקטע המדובר הוא בין תל-אביב לנהריה, זאת אומרת, לחיילות וחיילים שנוסעים דרומה אין בעיה והם גם באמת לא נדרשים לשלם. אבל אלה שנוסעים צפונה – בעצם אנחנו עושות אפליה בין חיילות וחיילים שהם מהמרכז צפונה לבין אלה שבדרום. שוב, חוסר היגיון מוחלט.

הפוך – מי שנוסע צפונה משלם.

מתל-אביב לנהריה, ומנהריה לתל-אביב, כמובן. כל הקטע הזה הוא קטע בעייתי, ואנחנו עושות ועושים פה איפה ואיפה בין החיילים עצמם.

חד-משמעית. אבל זה חלון קריטי לחיילות וחיילים.

אין שום בעיה. אעביר בשמחה.

אם אתה אומר שביקשת מהרכבת את הנתונים של כמה חיילים – – –",1,"The speech strongly opposes the idea of public transportation on Saturdays, highlighting issues of inequality and financial burden on soldiers."
294768,2015-12-16,שאילתות דחופות,"אדוני, אני כבר פניתי למשרד הביטחון לפני חצי שנה.

אתה מייצג בין השאר את השר.

תודה רבה, אדוני, שלום, בוקר טוב, כבוד השר, תחבורה ציבורית היא כלי הכרחי לחיבור הפריפריה למרכז, במיוחד כשזה נוגע לתעסוקה, אלא שביישובים ערביים בארץ אין תחנות רכבת ויש הרבה פחות קווי אוטובוס מאשר יש ביישובים יהודיים. ברצוני לשאול: 1. מדוע יש פער גדול בכמות ובאיכות בין התחבורה הציבורית ביישובים יהודיים לעומת היישובים הערביים? 2. מה ייעשה לצמצום הפער?

אף שהשאלה המקורית התייחסה לרכבות, אז לא היית צריך את השאלה הנוספת בשביל זה, אדוני השר, אבל בכל אופן – א. – –

– – תודה על התשובה המפורטת. אני רוצה לשאול, בבקשה: 125 המיליון שציינת שיושקעו ב-2016 ביישובים הערביים, כמה זה לעומת ההשקעה המיועדת ביישובים יהודיים בעיבוי תחבורה ציבורית? דבר שני, אני רוצה להבין ממך האם האפליה, הפערים האלה שמשקפים אפליה, האם היא הייתה, עד כה – כי אדוני שר התחבורה כבר זמן רב – האם היא הייתה מקרית או מכוונת?

אדוני כבר שר תחבורה, אתה יודע – כבר מה זה, זה? אתה שר התחבורה – – –

באמת, הרי אדוני זוכה לשבחים רבים על הישגיו במשרד התחבורה, בין השאר מפני שאתה נמצא שם כל כך הרבה זמן ועובד כל כך ביעילות.

לא ענית לי על הסכומים באופן יחסי.

אתם בשלטון רק 40 שנה מאז.

המפא""יניקים לא בשלטון – – –

40 שנה, עם כל הכבוד – – –

שמעתי. אז אני שואלת, אז לא ענית לי על הסכומים.

אבל שאלת ההמשך שלי הייתה על הסכומים.

אבל, אדוני, שאלת ההמשך שלי הייתה על הסכום. לא ענית לי על הסכום.

מה בעניין הסכום? שאלת ההמשך שלי הייתה על הסכום.

אבל, אדוני, שאלת ההמשך, לפרוטוקול, הייתה על הסכום, והיא לא נענתה.

שאלתי על הסכום לעומת יהודים.

לא מסכימה, שאלתי על הסכום. 125 מיליון ליישובים הערביים לעומת כמה ביהודיים? זה מה ששאלתי.",5,
295565,2016-01-04,הודעת הממשלה על העברת סמכויות משר לממשלה,"גברתי היושבת-ראש, תודה רבה, חברי וחברותי חברות הכנסת, יש כמה דברים מופרכים ומקוממים בהעברת הסמכויות הזאת. קודם כול, זאת העברת הסמכויות המי-יודעת-כמה שעשינו בממשלה הזאת מאז קומה. פשוט אי-אפשר לתאר. לא פלא שהממשלה כל כך לא מתפקדת. לדעתי אף אחד – באמת – אין דרך לדעת מי עושה מה, מי ממונה על מה. המשרדים הם חצאי סמכויות. באמת, זה נראה כמו יצורים כאלה עקומים, שאין להם ידיים ואין להם רגליים, והנה עוד אחת כזאת. אבל אולי הכי מוציא מהדעת זה שהשבת, השבת הקדושה של עם ישראל, שנאמר עליה: יותר מששמרו בני ישראל ובנות ישראל על השבת, שמרה היא עליהם – השבת היא מסחרה, נהייתה. מסחרה. כן, אדוני חבר הכנסת אלאלוף, לא פחות מזה. מסחרה. לא נוח לחלוקת התפקידים והסמכויות והתיקים בתוך הממשלה, אז השבת עוברת מיד ליד. זה אי-אפשר אתה, אולי נעביר אותה ליום ראשון? למה להסתפק ולהעביר אותה ממשרד הפנים אל הממשלה באופן כללי? זה ביזוי מוחלט של ההתייחסות של הממשלה הזאת לשבת. פשוט, מבוכה נוראה. עכשיו מה, גם ביום רביעי אתם הולכים להביא חוק שהולך לאיים על בני ובנות ישראל ששמרו, כל אחת בדרכה, על השבת, בשנת מאסר, אם חלילה זה לא יתנהל לפי מה שמיקי זוהר רוצה. והכאב הוא כאב אמיתי, ולא צחוק, אדוני. השבת יקרה לעם ישראל, היא יקרה לי. אני יכולה להגיד באופן אישי, השבת היא אחת המתנות הגדולות ביותר שיש. העובדה שזה יום המנוחה במדינת הלאום של העם היהודי, יום המנוחה הוא היום היהודי, השבת – באמת, היא מתנה אדירה. זאת הפרהסיה שלנו. ואתם, פשוט, בועטים אותה ממשרד למשרד. אי-אפשר להאמין. ולסיום, חבר הכנסת דרעי, השר הממונה על הפריפריה, הנגב והגליל, ששמועות אומרות שמעבירות עכשיו את הסמכויות האלה של השבת ממשרד הפנים אל הממשלה, כי אומרות שאתה אמור להיות שר הפנים הבא ואולי לא תרצה להתעסק עם השבת, צריך להגיד – – –

אני אמרתי שמועות, אני – אין לי תיאוריה, אני.

אני רוצה להגיד, גם אם קיבלה וגם אם לא קיבלה, אדוני השר דרעי. אני, שאתה יודע שאני רואה בכל חלקי החברה הזאת שותפים שלי, אחיות ואחים שלי, בני ובנות העם שלי, אני תמיד אמרתי: חברי הכנסת החרדים הם מגזריים? מה פתאום? אני מכירה אותם, אני יודעת כמה הם דואגים לכלל עם ישראל. אני יודעת איך חבר הכנסת לשעבר אברהם מיכאלי שוקד על חוקי החירום.

אני יודעת עד כמה חברי הכנסת החרדים מחויבים לטובת כלל הציבור בישראל, כמה חבר הכנסת לשעבר אברהם מיכאלי שוקד על ביטול חוקי החירום; איך חבר הכנסת יעקב מרגי מנהל ביד רמה את ועדת החינוך; איך חבר הכנסת איציק כהן דואג ממקום שבתו כסגן שר האוצר לאינטרסים רבים ושונים, ועוד דוגמאות רבות. אז מה אתם באים ואומרים – שר פנים חרדי לא יכול להיות ממונה על השבת – –

– – לרווחת כל הציבור בישראל? שר פנים חרדי לא יכול, חס ושלום, להיות אחראי לזה שהשבת – כל אחד ואחד בעם הזאת ישמור אותה כמו שהוא והיא מוצאת לנכון?

לא יכול להיות. לא מאמינה שזה המצב.

לא מאמינה, חברי וחברותי, שאתם עושים מהשבת מסחרה. תודה רבה.",1,"The speaker strongly opposes the idea of public transportation on Shabbat, viewing it as a disrespect to Jewish traditions and values."
297227,2016-02-10,שאילתות דחופות,"תודה, אדוני. משתלת סלונר בסתריה לא תעסיק 40 עובדות ועובדים בשבתות עקב התראה ממשרד הכלכלה. רצוני לשאול: 1. למה יצאה התראה עכשיו, אחרי 30 שנות עבודת משתלות בשבת? 2. משתלות התחילו לראיין עובדים לא-יהודים, אך האם נשקלה הפגיעה בעובדות והעובדים הנוכחיות? 3. ומעל הכול, איך מוצדקת הפגיעה בסטטוס-קוו?

תודה, אדוני. קודם כול, לעניין העובדות. העובדה היא שהמשתלות לא קיבלו, לא ב-2013 ולא לפני, מעולם, שום התראות, אלא זו הפעם הראשונה, וכן קיבלו מספר מאוד מאוד גדול של משתלות בבת-אחת – אומנם התראות, כפי שציינתי בשאלתי, אבל עם סכומים שמגיעים למיליון שקלים קנס. אם אכן, זאת אומרת, מדובר פה במהלך מאוד דרמטי. אי-אפשר לחשוד בי שאני לא תומכת, באמת מעומק הלב ובכל דרך, באכיפת חוקי עבודה. במקרה זה צריך להגיד, לא מדובר דווקא בעובדות ועובדים מוחלשים, ההפך הוא הנכון, דווקא, א. בעסקים קטנים; ב. אני מאמינה שחבר הכנסת ילין יתייחס למסורת חקלאית חשובה וכו', ככה שעל פניו לגמרי נראה שיש כאן שינוי במדיניות, וכאמור, גם ככל שנכון שאת החוק צריך לאכוף, כשממשלה לא אוכפת את החוק במשך 40-30 שנה, ולפתע פתאום עושה כזה צעד, אז יש כאן שינוי שמחייב התייחסות. שאלתי רק לסיום, ברשותך. אני, ככל שאני מעריכה כידוע את אדוני באופן אישי, את פועלו ואת האינטלקט שלו – אדוני מופיע כאן בתור השר המקשר בין הממשלה לכנסת. אני לא פניתי לראש הממשלה כאל ראש הממשלה, אני פניתי לשר הכלכלה, ואך לפני שבוע אישרנו כאן את מינויו של בנימין נתניהו לתפקיד שר הכלכלה. דומני שאם ראש הממשלה חש שהוא יכול להחזיק כשר בתיקים, אז מן הראוי שהוא יהיה מסוגל גם לבוא ולתת בעצמו תשובות על שאלות שנשאלות בענייני המשרד. כך נראה לי ראוי. האם לא כן לדעת אדוני?

אבל אדוני לא אומר שהייתה הצטברות של תלונות על משתלות.

אבל יש לך ידע כזה? יש לך מידע כזה על הצטברות של תלונות? לא אמרת את זה.",3,
297963,2016-02-24,"הצעת חוק שירותי הדת היהודיים (תיקון – שירותי הובלת נפטרים), התשע""ה–2015","אני רוצה לקוות שחבר הכנסת גפני מאפשר לנו את זה.

תודה רבה, אדוני. אז מעשה שהיה כך היה: חבר, נפטרה אמו. כדרך הטבע או לא כדרך הטבע, אימא נפטרת זה דבר שקורה. עצוב מאוד, תמיד פרידה. אבל מוות – חלק מהחיים. באתי לשבעה ומצאתי אותו נסער לא פחות מהמוות שלה – מהעובדה שהיא נפטרה בחג. היא נפטרה בחג בבית – לא אמרתי את הדבר המרכזי ביותר. היא נפטרה בבית, בחג, ומסתבר שאין מי שיבוא לקחת את הנפטרת מהבית בחג. אין. פשוט אין. חברה קדישא, למותר לציין, ברור, מובן מאליו, איננה עובדת בשבת או בחג. נעשו טלפונים – טלפונים לחברות אמבולנס פרטיות, לכל מיני בתי-חולים. שכונה מרוחקת בירושלים. לא נמצא מי שייקח את הנפטרת מהבית. התחילו לתת להם עצות. אמרו: תשימו אותה על הרצפה, תפעילו את המזגן, תסגרו את החדר, שלא – לא עלינו. שעות ארוכות ארוכות ארוכות עד שנמצא האמבולנס שהסכים לבוא, לקחת את הנפטרת, את גופתה, לבית-הקירור הקרוב, וגבה תמורת התענוג קרוב ל-5,000 שקלים בלבד – הסכום הפעוט והצנוע של 5,000 שקלים עבור מה שבחוק המדינה מחויבת לספק חינם. הרי המדינה מחויבת לספק את שירותי הקבורה.

אבל מה, מה קורה כששירותי הקבורה נפרדים משירותי ההובלה? מסתבר, חברות וחברים, שאז לא רק שאין מי שישלם בעבור שירותי ההובלה – אגב, ביטוח לאומי מחזיר סכום – של מה? 300 שקל או איזה סדר גודל כזה, אבל בשעות המשרד, מסתבר. מסתבר. בקיצור, בינתיים, בעודי חוזרת נדהמת מהדבר המדהים הזה, התחלתי לקבל גם פניות ציבור אחרות. כותבות לי אזרחיות שאומרות שבשעות שהן באמת הכי שבורות ומזועזעות, שגופת המת או המתה מהמשפחה הקרובה מוטלת בבית, מה שהן צריכות להתחיל להתעסק אתו זה למצוא מי ייקח את הנפטר או את הנפטרת, את הגופה מהבית, וכמה ישלמו להם. מסתבר שחברה קדישא עובדת בשעות המשרד, ומסתבר שגם בלילה, גם בחג וגם בשבת אין מי שיפנה גופות מהבית. כמה שזה נשמע מופרך, כמה שזה נשמע הזוי, זה היה המצב. לשמחתנו, בעודנו מבררות את הדרך למצוא פתרון לדבר הזה, יצא תזכיר של חוק ממשלתי גדול, עב-כרס, לתיקונים בשירותי הקבורה. ואנחנו לקחנו ממנו בדיוק את הפרק הזה, שנוגע להובלת נפטרים. עשינו תיקונים קלים בשביל לוודא שאכן הוא פותר את כל הבעיות לשיטתנו, והגשתי את החוק – אגב, כבר בכנסת הקודמת. והנה, כשעלה החוק לוועדת השרות והשרים התברר שיש שלל בעיות הלכתיות: אסור להזיז את המת בשבת, המת בשבת הוא משוקץ, ובוודאי לא יהודיות ויהודים יכולים להזיז אותו.

אני מודה, מודה, מודה, מודה. זאת דיסלקציה מקומית.

אני מודה לך, אדוני היושב-ראש. המת הוא מוקצה ואסור שיהודים ויהודיות ייגעו בו. אבל מצד שני, ברור לכל בר-דעת – ושר הדתות הוא הראשון שהבין מייד – שגם אי-אפשר שהמת יישאר לפעמים בחג של שלושה ימים בבית. ישבנו, ואני רוצה להודות ולציין באמת את המסירות האדירה של כל הגורמים. ישבנו – אני לא יכולה לספר לכם, חברות וחברים, על הפורומים, פורומים של 12 ו-15 איש ואישה – ישבנו אולי איזה חמש פעמים. ומסתבר קודם כול שחברה קדישא – פורום חברות קדישא – הראשון שמודע לבעיה, וכבר זמן רב עובד על מתווה שיסדיר את העניין ויאפשר לתת תשובות, אגב, לכל סוגי הנפטרות והנפטרים בכל מקום ובכל זמן ושעה. הם גם פנו לסמכויות הלכתיות, קיבלו את כל ההכשרים והפתרונות ההלכתיים הנדרשים לעניין זה, שלא יהודיות ויהודים יהיו אלה שבאמת יעשו את הפינוי בשעות הרלוונטיות. וישבנו עם הביטוח הלאומי, ואני צריכה לציין לטובה את הביטוח הלאומי, שבאמת גם הוא, אגב, גם הביטוח הלאומי כבר הרבה מאוד זמן עוסק בסוגיה הזאת, ולהודות כמובן – לשר הדתות אני עוד אודה כמה וכמה פעמים, מסכן, הוא היה באמצע כל הלחצים האלה חזור והילחץ. פורום חברות קדישא, גם שר הרווחה, באיזשהו רגע, אחרי הכול השר של ביטוח לאומי הוא שר הרווחה, וגם הוא נתן את ברכתו, ואפילו האוצר הסכים להקציב את אותם משהו כמו 10, 12, 13 מיליון שקלים בסך הכול שיעלה לפתור את הדבר הזה. סיכמנו על מתווה. פרטיו של המתווה, חברות וחברים, ייכתבו בנוסח המדויק שיובא לפני קריאה ראשונה. גם ועדת שרים כמובן תיתן עליו את דעתה, וכל שאר המשרדים וכל שאר הגורמים, ככה שבדיוק כל מה שצריך להיות מוסדר, בוודאי מבחינה הלכתית – בוודאי לוודא שלא יהיה חילול שבת, אבל גם מבחינת התקנות של הביטוח הלאומי. ולא פחות מזה, אני רוצה להגיד לך, אדוני היושב-ראש, באחד המתווים שבחנו הייתה אופציה שהיה נראה שהיא פותרת את הבעיה, אבל הבנו ממנה שבמרכז לא תהיה בעיה – במרכז יימצאו חברות של לא יהודים שיבואו בכל שעה, זה יהיה כדאי להם כלכלית, יהיו להם מספיק פינויים. אבל בפריפריה, כמו שאתה אומר בצדק, בפריפריה זה כנראה לא יהיה כדאי כלכלית, ואז מה עשינו בזה? מה עשינו? הפקרנו את הפריפריה? מתים בשבת בפריפריה ילונו בבית ורק במרכז יקבלו פינוי? לא מתקבל על הדעת. המשכנו לשבת על המדוכה עד שפתרנו את הסיפור הזה. אז באמת מדובר במאורע מרגש, דבר שעל פניו היה צריך להיות מובן מאליו, אבל לפעמים קורה בחיים, דברים נופלים בין הכיסאות, ולפעמים גם קורה שמסובך להזיז חזרה את הכיסאות ככה כדי לסגור את השורות ולסדר את העניינים. ולשמחתי, התכנסו ביחד כל הגורמים – ואני רוצה לחזור ולהודות להם: לאברהם מנלה, יושב-ראש פורום חברות קדישא; לאורית, הסמנכ""לית המדהימה באמת ורבת-התושייה וכל הצוות שלהם המעולה; למנכ""ל משרד הדתות והסמנכ""ל במשרד הדתות – וגם יש יועץ חדש לשר, הידעתם? משה בא-גד, היועץ החדש לשר הדתות, תתחדש ובהצלחה; שר הרווחה והצוות שלו, כמובן קורל ואילן והאנשים בביטוח לאומי. צריך להגיד, חברות וחברים, בביטוח לאומי באמת, ימים ולילות של עבודת נמלים על כל הביורוקרטיה הקטנה הזאת שתאפשר לשלם ולתת את ההחזר למי שיעשו את הפינוי. וכמובן, שר הדתות ויושב-ראש המפלגה שלו אריה דרעי, שהיה מגויס לזה לא פחות. אז אני רוצה לקוות שעכשיו נצביע כולנו בעד בקריאה טרומית – – –

בוודאי, כולם הסכימו, אחרת לא היינו מגיעות עד הלום. ועבר – בוועדת שרים לפני שבוע עבר החוק לקריאה טרומית, מגיע עכשיו בכל זאת להצבעת הכנסת, כי בסוף הכנסת מייצגת את הריבון, את העם, ולקראת קריאה ראשונה – – –

מי קבע שזה יעבור לוועדת הפנים?

כתוב, כי בדרך כלל שירותי קבורה נדונים בוועדת הפנים, אבל אתה תגיד ""ועדת העבודה והרווחה"", וזה ילך לוועדת הכנסת ונדון בזה שם.

כן, בדיוק. מריבה אחת at a time, מה שנקרא. בקיצור, חברות וחברים, ברור ומובן מאליו שתמיכת הממשלה היא כשיש הסכמה על הדרך ועל כל הפרטים של החוק. הם ייכתבו בנוסח מדויק לקראת הקריאה הראשונה. למותר לציין, אני יכולה להגיד – אנחנו נדרשות לעמוד פה ולהבטיח שאנחנו נתקדם רק בהסכמת ממשלה, כאילו יש לנו אופציה להתקדם בלי הסכמת הממשלה – אבל חד-משמעית אני מתחייבת להתקדם – – –

בוודאי בהסכמת הממשלה וכל שאר הגורמים, תוך וידוא – ואני אומרת את זה בלי שמץ של סרקזם – תוך וידוא שנשמרת קדושת השבת, שנשמר כבוד המת או המתה, לא פחות חשוב. אבל צריך לזכור שכבוד המת הוא ודאי לא להיות מוטל שבת וחג שלמים בבית, בלי שיש מי שיפנה אותו, והמשפחה בוודאי לא צריכה להתמודד בשעת היגון והאבל והמשבר עם גורמים פרטיים שעניינים רק להרוויח ולהוציא מהמשפחה כמה שיותר כסף. אז שוב תודה רבה, ואני מחזיקה אצבעות.

כמו שצריך. תודה, הרב גפני.

אדוני חבר הכנסת גפני, שכולם פה קוראים לך באופן קבוע בטעות ""הרב"" – – –

– – – חשוב לי להגיד: דעתי – – –

דעתי ידועה. לפי דעתי, חוקי מדינה לא צריכים להיות חוקי הלכה, אבל מכאן ועד להגיד שבחוק שלי כתוב חילול שבת יש מרחק מאוד גדול. בחוק שלי לא כתוב חילול שבת בשום פנים אופן. זה שכתוב שחייב להיות מפונה בתוך שלוש שעות, לא כתוב על-ידי מי. הבחירה שלך לעשות פרשנות כאילו כתוב שם חילול שבת היא בחירה מאוד מצערת, מה גם שהובטח לך כשישבו – זה לא שהשאירו אתכם בצד, היו נציגים, באמת – – –

מאה אחוז. אני לא רוצה להתערב בסדרי העבודה אצלכם בסיעה. אצלנו בסיעה אני כיו""ר סיעה דואגת לנפק לכולם – – –

אדוני היקר, מר גפני היקר, יש לי אך ורק כבוד, כידוע, לפועלך הפרלמנטרי, ואני בטוחה – –

– – שגם בעולם ההלכה לאדוני יש חידושים מפליגים. אבל כמו שאמרתי: אל תגיד לי שבחוק שלי כתוב חילול שבת, כי זה לא כתוב. אבל לשמחתי הצלחנו להרגיע את אדוני ולהניח את דעתו. אני בטוחה שעל הנוסח שיגיע לשולחן הכנסת לקריאה הראשונה אתה תצביע בשמחה יתרה. רק לפני שאני מסיימת, אדוני היושב-ראש, אני רוצה להגיד תודה למי שבלעדיה באמת בטוח שזה לא היה קורה, וזאת היועצת הפרלמנטרית שלי, מיכל גרא-מרגליות, שהיום לא יכולה להיות פה למרבה הצער, כי הילד שלה חולה.

על זה נדבר בחוק ימי מחלת ילד, אבל זה ייקח לנו עוד איזה שבוע-שבועיים, אז תודה רבה ובהצלחה, מר גפני.",1,
299869,2016-05-30,הודעת הממשלה על צירוף שרים לממשלה,"אדוני היושב-ראש, תודה רבה, חברי, חברותי חברות הכנסת, מי יודעת, אולי היום כשנתניהו רושם לעצמו החתמה של שחקני רכש חדשים, אולי היום מישהו מהממשלה הזאת יתפנה להתחיל למעשה לנהל את המדינה. עברה שנה, אדוני היושב-ראש, חברי, חברותי חברות הכנסת, מאז קמה הממשלה הזאת, וכל מה שראש הממשלה עושה מאז זה משאים-ומתנים פוליטיים, קואליציוניים, ספינים, שימוש מחפיר באונס מזעזע, כדי לייצר עוד קצת הסתה, עוד הרבה מזה, אבל העובדה שהוא אמור לנהל את מדינת ישראל, העובדה שמספר עצום, חלק עצום מהחברה הישראלית, מהאזרחיות והאזרחים כאן לא יכולות, לא לגמור את החודש, לא יכולות להתחיל את החודש, משום שהשכר שלהן תקוע כבר יותר מ-15 שנה, בעוד עלות המחיה בארץ רק הולכת ועולה – כל זה פשוט לא רלוונטי מבחינתו. אתה יודע, אדוני היושב-ראש, אחד הדברים בעיני שחושפים את ערוותה של הממשלה הזאת במשא-ומתן, דווקא עם ליברמן ועם ישראל ביתנו, הוא העובדה שאחד הדברים שליברמן דרש וקיבל במשא-ומתן זה פנסיה לאזרחיות ואזרחים ישראלים שעלו לכאן מחבר המדינות. זאת אומרת, הממשלה הזאת צריכה שיסחטו אותה במשא-ומתן קואליציוני כדי שהיא תדאג את הדאגה הכי בסיסית, היסודית, לקשישות ולקשישים שלה. ואגב, ספציפית ליברמן דאג לחלק מאוד מסוים מהקשישות והקשישים האלה, וכרגע אין לנו מי שידאג לאחרות ולאחרים. זאת אומרת, אצל נתניהו אתה מקבל את זכויות האזרח הבסיסיות שלךָ או שלךְ רק אם יש מישהו שיעמוד ויסחט בשביל הזכויות האלה, כי סתם בתור אחריות כראש ממשלה לדאוג לאזרחיות ולאזרחים שיהיה להם איפה לגור, מה לאכול, שיהיה להם חינוך ראוי, שיהיה להם חינוך שנותן הזדמנות שווה לכולן ולכולם, שאפשר יהיה לנסוע, להגיע ממקום למקום, בטח אנחנו, מי כמונו יודעות ויודעים, כמה זמן לוקח להגיע מחלקי ארץ שונים לחלקי ארץ אחרים – אגב, היום בכל שעה ביממה, פעם היו שעות הלחץ, היום אין שעה שאיננה שעת לחץ, משום שכולן נאלצות איכשהו להשיג לעצמן אוטו, כי תחבורה ציבורית אין – אבל כל זה לא מעניינו של ראש הממשלה. מעניינו של ראש הממשלה לדאוג לבחירה הבאה שלו בפעם הבאה, ולכן, אדוני, כל מה שאנחנו רואות בשנה האחרונה הוא פשוט קמפיין, והקמפיין, מה לעשות, הוא לא לטובת אזרחי ואזרחיות מדינת ישראל. אז אנחנו היום נשביע – זאת אומרת, הכנסת, אנחנו נתנגד, אבל הקואליציה תתמוך ותשביע שלושה שרים חדשים, אבל זה רק עוד פרק בטלנובלה הגדולה של נתניהו על חשבון מדינת ישראל והחברה שלה. תודה רבה.",3,
311387,2017-07-05,"הצעת חוק לעידוד נסיעה שיתופית (תיקוני חקיקה), התשע""ז–2017","תודה, אדוני. חברי, חברותי, חברות הכנסת, אני מביאה לפניכם – –

– – אני מביאה לפניכם הצעת חוק שהיא קטנה יחסית ומתבקשת כבר המון המון המון המון זמן, ותפתור המון המון בעיות בבת אחת. תפתור – תקדם, תשפר, תעזור גם לכל אחת ואחד מאתנו ברמה האישית, וגם למדינה ולמשק, ברמה הגדולה, המדינתית. אני מדברת על דבר שנקרא נסיעה שיתופית. חברות וחברים, כמה זמן ביום אתן עומדות בפקקים, שעתיים? שלוש שעות? ארבע? תלוי באיזה יום, תלוי באיזו שעה, תלוי כמה רחוק אתן צריכות לנסוע וצריכים להגיע. אגב, גם אלה שגרות וגרים מאוד מאוד קרוב, סביר להניח שנגיד בתוך העיר ירושלים, או בתוך העיר תל אביב, או בערים מאוד מאוד קרובות, ימצאו את עצמם – – –

לא, אמרתי דימונה – כאילו את אומרת: זה רחוק, זה ברור שתבלה הרבה זמן באוטו, נכון? אבל גם לדימונה יש לך פקקים – נכון, אדוני?

גם לדימונה, בכבישים החדשים ובמחלפים המשוכללים – שבהחלט נסללים, אבל מנכ""לית משרד התחבורה – היא כבר לא חדשה, היא כמעט שנה בתפקיד – כשנכנסה לתפקידה אמרה מפורשות: קצב סלילת הכבישים והמחלפים לא יכול בשום אופן להדביק את קצב עליית המכוניות על הכביש. עכשיו, למה עולות, חברות וחברים, כל כך הרבה מכוניות על הכביש? הידעתם? כי אין לנו תחבורה ציבורית. אין לנו מספיק תחבורה ציבורית. אנחנו סוללות וסוללים המון המון המון כבישים, אבל בקושי מפתחות את הרכבות, את הרכבות התחתיות, כלי רכב קטנים – דווקא חשמליים, דווקא כאלה שיכולים לנסוע במסלולים מגוונים, אולי דווקא לאסוף אנשים בדרך; אנחנו לא מפתחות מספיק את האוטובוסים – כל סוגי האוטובוסים. ולכן, בתוספת העניין הפעוט שאין לנו, אדוני היושב-ראש, אין במדינת ישראל תחבורה ציבורית בשבת, אז אומר לעצמו האדם, אומרת לעצמה האדם שיכולה להרשות לעצמה: אין מנוס, אקנה לי אוטו. ברגע שיש לי אוטו אני כבר נוסעת עם האוטו לכל מקום. על אחת כמה וכמה אני נוסעת אתו לעבודה. וכך עולה עוד אוטו ועוד אוטו, עוד מכונית ועוד מכונית, על הכבישים, והם הולכים ומצטופפים, והנסיעה הופכת בלתי אפשרית יותר ויותר בכל יום שעובר. מה שאנחנו מציעות, אדוני היושב-ראש, זה להפוך לחוקי דבר שבעצם כבר קורה, כי החיים – הם קורים; זה שהחקיקה מתמהמהת – החיים קורים. יש היום שתי אפליקציות – אפליקציות בטלפון – שבהן אנחנו יכולות ויכולים למצוא אנשים שנוסעות לאותו כיוון שאנחנו צריכות וצריכים לנסוע, לאותו יעד שאנחנו רוצות להגיע אליו – גם אנשים שאנחנו לא מכירות ומכירים אותם, לא חברים בהכרח – יכולות להצטרף ולהגיד: במקום שאני אקח את האוטו, אתה תיקח את האוטו והיא תיקח את האוטו, ניקח אוטו אחד, נתחלק בעלות הדלק ובעלות הביטוח שעולה הנסיעה הזאת, וניסע יחד.

מה, תשובה והצבעה במועד אחר? בשבוע הבא.

בשבוע הבא. חבל שזה לא יהיה היום, זה כבר מחכה המון המון זמן.

מי שמחכה בקוצר רוח, כוססת ציפורניים בשביל להצביע – ההצבעה בשבוע הבא.

תודה לאדוני, שאמר: הצעה נהדרת. זה נכון, ולכן חבל באמת שלא תהיה היום הצבעה?

אבל אם תרצֶה השם, תהיה הצבעה בשבוע הבא, וההצבעה תהיה בעד.

אז אני כאמור רק אסיים את הצגת העניין. נסיעה שיתופית, חברות וחברים, היא בדיוק הדבר הזה שציבור שנוסעת כל יום, כל יום, מנתניה לתל אביב, מחדרה להרצליה, מירושלים לאיירפורט סיטי הלוך ושוב, הלוך ושוב, למקום העבודה וחזרה – זאת המאסה הגדולה של הנסיעות האלה, שסותמות לנו את הכבישים – פשוט, במקום – על כל ארבע מכוניות שעומדות על הכביש אפשר שתעמוד אחת. אתן יודעות מה? על כל שלוש תעמוד אחת; זה כבר רווח מטורף. אדוני, זה לא רק רווח בפקקים ובזמן אבוד – אבוד, נצח, חיים שלמים אנחנו יושבות ויושבים בפקקים במקום לעבוד, במקום להיות עם הילדות והילדים שלנו, במקום לקרוא, במקום לנוח, במקום לעשות משהו מועיל, לקיים את הגינה שלנו בבית – זה לא רק הזמן, ועוגמת הנפש, והתסכול, זה לא רק יותר ויותר סכנה בדרכים, אלא זה גם זיהום; כל אוטו פחות על הכביש, אדוני וחברי וחברותי, כל מכונית פחות על הכביש היא המון פחות זיהום אוויר, שפוגע לנו בבריאות, שפוגע לנו בפוריות, שפוגע באיכות החיים הכי הכי בסיסית ויסודית שלנו. שלא לדבר על זה שפחות זיהום ופחות זמן מבוזבז בפקקים חוסך המון המון כסף למשק. האם אתה יודע, אדוני, שהפקקים לבד הם אחת הסיבות לזה שיש לנו פריון כל כך נמוך בעבודה? אם נקצר באופן ניכר את זמן הנסיעה לעבודה ונפחית את מספר כלי הרכב שנוסעים, גם הפריון יעלה. זאת אומרת, באמת יש לנו כל סיבה בעולם לרצות לקדם את האפשרות לא רק להרשות את זה, לא רק שזה יהיה חוקי, אלא גם לעודד – לעודד אותנו, את הציבור, לנסוע יחד. אני למשל נוסעת מדי בוקר מתל אביב באוטו מלא – חמישה: אני וארבעת חברות וחברי הצוות שלי, יותר נכון – צריך להגיד: חברות וחבר הצוות שלי – נוסעות יחד לירושלים (אומרת בערבית: הלוך ושוב,) אומרות אצלנו, כן? הלוך ושוב, הלוך ושוב. רק שער בנפשך מה היה קורה אם כל אחד מהם היה לוקח גם את האוטו שלו – או שלה – אללה יסתור, אומרות על זה. הצעת החוק נדרשת בשביל שיהיה אפשר – – –

לא, אושר גדול, חד-משמעית.

אז אתה רוצה לדבר על איכות החיים, על הקשרים שייווצרו בין הציבור כשייסעו יחד באוטו, גם כן, ועל העזרה ההדדית הנוספת שתיווצר?

כן, אבל זה הכול בונוסים. זה נחמד מאוד שהאנושיות יכולה לעבוד לטובתנו, והחברתיות, וניצור חברתיות, אבל זה בונוס; זה חשוב, אבל זה בונוס. הצעת החוק נדרשת, חברות וחברים, משום שבשביל שיהיה חוקי – היא נדרשת בשביל שיהיה חוקי להתחלק בנסיעה, בדמי הנסיעה, זאת אומרת, בדלק ובביטוח; שזה לא ייחשב לך הכנסה, אדוני היושב-ראש; שאם אני משלמת לך את חלקי היחסי בנסיעה – שזה לא ייחשב הכנסה, לא תצטרך לדווח, לא תצטרך לשלם מס, כי אתה לא עושה מזה רווח. זה לא נועד לצורכי רווח. וצריך להגיד: ההצעה הזאת איננה מיועדת לצרכים מסחריים. נקודה. היא לא מיועדת לכך שכל אחד ואחת מאתנו תוכל להפוך להיות מונית לעת מצוא – לא ולא – אלא אך ורק לצורכי נסיעה משותפת במקומות שיש לזה מקום, במקומות שיש לזה צורך אדיר – כי הציבור כבר משתמש באפליקציות האלה. אבל זה ככה – אתה יודע שאפילו משרד התחבורה ניהל חקירות לראות איך, מי גובה, מה, איזה כסף, ואיך נוסעות, האם באמת משתתפות או לא. אני לא רוצה שהמדינה תצטרך לבלוש אחרי האזרחיות והאזרחים. אני רוצה שאנחנו, המחוקקות והמחוקקים, נקבע את הכללים שבהם הדברים מתנהלים, ואז שבאמת כולנו נתנהל לפי החוק. זה מה שבאה לעשות הצעת החוק הזאת – להסדיר את העניין הפעוט והכל-כך כל כך מועיל הזה. ולכן, אדוני, אני מקווה – אדוני, אתה רוצה להגיד לפרוטוקול? אדוני יושב-ראש הקואליציה, אתה רוצה להגיד לפרוטוקול שתשובה והצבעה בשבוע הבא?

אם כך, נמתין בקוצר רוח. תודה רבה.",3,
311908,2017-07-19,שאילתות ותשובות,"אבל זה לא נכון. אם היא הייתה עושה את זה היא הייתה ראש ממשלה.

אם היא הייתה עושה את זה היא הייתה ראש ממשלה.

תודה. אני חושבת שלאור הנוכחות במליאה אפשר טיפה להחליש את הווליום – גם של השר, שגם ככה יש לו קול רועם. ההדהוד פה הוא קצת – – –

חס וחלילה ושלום, זו בקשה – בקשה, פשוט שיהיה יותר – – –

לא, חס וחלילה. ממש אבל, אדוני. הייתי חושדת בך שמוצאך ממדינה מזרח אירופית לשעבר – – –

לא. א. הפנייה לא הייתה מיועדת לאדוני, הייתה מיועדת לאנשי הסאונד.

הכול בסדר, פשוט, אללה יוסתור, אדוני, באמת, תנוח דעתו. ובכן, אדוני, שר התחבורה היקר – – –

אדוני שר התחבורה, ללשכתי הגיעו פניות בדבר עצירות להתרעננות בנסיעות ארוכות באוטובוס של חברת אגד – נושא שהוא קריטי בעיקר לילדות וילדים, אנשים מבוגרים ונשים הרות. רצוני לשאול: 1. מה משך הנסיעה שמחייב הפסקה? 2. האם משך הנסיעה בפועל נבדק מפעם לפעם? 3. מהי המדיניות לגבי קווים שבהם משך הנסיעה משתנה משמעותית במהלך היום?

כן. ברור שאלה מיעוט הנסיעות, משום שבסך הכול אנחנו ארץ קטנטנה – מהממת, יפהפייה, נהדרת, אבל קטנטנה. אני מתייחסת ל-100% הנסיעות האלה, כי הפנייה שקיבלתי אמרה שהייתה רפורמה במדיניות העצירות, והפניות שהגיעו אלי בעצם טענו שאין מספיק עצירות, שמי שזקוקות – הנהג, ברור שגם הוא זקוק, אבל אני מדברת על נשים הרות או ילדות וילדים, שצריכים להשתמש בשירותים או באמת לחלץ רגליים או דברים כאלה. ואז יש שאלה: האם משרדך משגיח שבאמת, א. התכנון של העצירות הוא מספק; 2. שהוא מבוצע כראוי.

השאלה – האם זה מספיק? וזה אני לא יודעת.

– – – אם האנשים שלך יודעים להגיד אם זה מספיק.

מתי הם נקבעו בפעם האחרונה?

אז א. אנחנו נשמח להעביר לך את הפניות, וב. אם אדוני יהיה מוכן – ואני אשמח לקבל את זה בכתב, זה ממש בסדר – לבקש במשרדו שיבדקו ויעבירו לנו מתי בפעם האחרונה נבדקו נקבעו הנהלים.",5,
314567,2017-12-11,"הצעת חוק לתיקון דיני הרשויות המקומיות (חוקי עזר בעניין פתיחתם וסגירתם של עסקים בימי מנוחה), התשע""ח–2017","אני באה, אני באה, אני באה.

תודה, אדוני. 03:12, לפנות בוקר; אין שעה טובה מזו להרהר בנושאי קודש וחול שכאלה. כה צר לי שחבר הכנסת גפני לא שב למליאה כשאני רוצה לדסקס איתו את הסוגיה הזאת, שהכותרת שלה: של מי השבת הזאת לעזאזל? עמדתי כאן בערך לפני שנה והצגתי הצעת חוק – שלשמחתי כבר הפכה לחוק – ועניינה העברת נפטרות ונפטרים שנפטרו לא עלינו בבית בשבת או בחג או בלילה, בשעה שחברה קדישא לא עובדת ואין מי שיפנה אותם מהבית. הבאתי, אדוני היושב-ראש, חבריי וחברותיי חברות הכנסת, הצעה פשוטה, שאומרת שבעצם יש חובה לפנות נפטר או נפטרת מביתה בתוך שלוש שעות. ההצעה לא אמרה באיזה מנגנון מדובר, ואיך יתבצע הפינוי, ומי יבצע את הפינוי, ובעיקרון, הייתה הסכמה ביני לבין המשרד לשירותי דת, הביטוח הלאומי ומשרד הרווחה, וכולם הסכימו שזו בעיה שהיא כבר המון המון שנים מחכה לפתרון ושחייבים לפתור אותה, וברור שמי שיעשה את זה בשבת ובחג יהיו לא יהודים, והם יעברו הדרכה, ויהיה מנגנון, וביטוח לאומי ישלם וכו'. אבל העברת החוק התעכבה ארוכות, משום שחבר הכנסת גפני צעק עליי שבנוסח הזה של החוק, אני מביאה חוק מחלל שבת. ואני עמדתי פה וצעקתי עליו בחזרה שלא מחלל שבת ולא נעליים, בכל הכבוד. זה שכתוב שיפונה בתוך שלוש שעות לא אומר שזה יחלל שבת, ואכן, הסידור שהגענו אליו לא מחלל שבת. והינה מביאה הממשלה הזאת והקואליציה הזאת – שחבר הכנסת גפני הוא, איך לומר, מוביל את המהלך הזה בתוכה – חוק שמעגן בתוכו סטטוס קוו של חילול שבת מפואר, ובקנה מידה – וואוו, כאילו, וואוו. ואת זה הוא כותב בחוק. מה אני אגיד לכם, הדבר הבא נישואים חד-מיניים בחוק, בשם איזה סטטוס קוו, או לא יודעת, אולי הרבי מגור, יהיה איזה משהו שילחיץ אותו שאפשר יהיה לחוקק. אני אומרת ללכת בדרך הזאת. אני רוצה לדעת מה הלחיץ את הרבי מגור. אני רוצה בדיוק ככה לקדם את שאר האינטרסים של כל מי שאיננו שייך לחצר של הרבי מגור או עובד אצל הרבי מגור או אצל שלוחיו של הרבי מגור במפלגה האשכנזית החרדית. חברות וחברים, כשהיינו צעירות וצעירים גדעון רייכל היה אומר: מבולבלים? ובכן, לא מבולבלים, אבל איך להגיד, מגוחך, זה לגמרי באותה המידה. מגוחכות ומגוחכים, חבריי בקואליציה ובממשלה. תודה רבה.",1,
334399,2021-06-23,שאילתות דחופות,"מיקי, אם תוכל לסגור את המיקרופון שלך. תודה.

תודה רבה, חבר הכנסת גינזבורג. קודם כול, תודה רבה לך על השאילתה. זאת שאלה שהיא מטרידה כל כך הרבה אזרחיות ואזרחים במדינת ישראל. לכן צריך להגיד, קודם כול, את הדבר הכי מובן מאליו מבחינתי, וזה שבכהונה שלי – שבניגוד למאווייהם של חלק מחברי הכנסת שיושבים בצד חדש להם של המליאה, אני מקווה שתהיה ארוכה וטובה במיוחד – משרד התחבורה עומד להטות את כובד משקלו לעבר תחבורה ציבורית ומקסימום שירות לאזרחיות והאזרחים, במקסימום מקסימום יכולת לנוע בצורה בטוחה מאוד – בטוחה בביטחון אישי – בתחבורה הציבורית. הבעיות בשעות החסרות ברכבת בימים אלה נובעות מפרויקט חשמול הרכבת. זה מוסכם על כולם וכולן שזה דבר חשוב מאין כמותו שהרכבת תהיה חשמלית ופחות מזהמת. זה דבר דרמטי לאיכות החיים פה, לתוחלת החיים של כולנו, וצריך לעשות אותו. בשביל שאפשר יהיה באמת לחשמל את הפסים, הרכבת לא יכולה לנסוע. אז הוקצו חלונות זמן בלילה ובסופי השבוע כדי לעשות את הפרויקט הזה. אחרי שאמרתי את זה, חד-משמעית ברור לנו שאנחנו חייבות וחייבים לתת תשובה למי שהיו רגילות ורגילים להשתמש ברכבת, או שסתם רוצים, גם אם לא היו רגילים, אבל היא בהחלט כלי מאוד יעיל. עשיתי עבודה, בזכות השאילתה שלך, עם אנשי המקצוע, גם ברכבת וגם במשרד. החל מהיום, למעשה, אני שמחה להודיע שתתווסף מערכת היסעים, שאטלים, שבשלב זה תהיה בחינם. בשביל לבחון את היעילות אנחנו נעשה פיילוט של חודש, ויהיו קווי רכבת שיצאו או יעברו בשמונה תחנות רכבת ופשוט יעזרו לנוסעות ולנוסעים להגיע ליעד שלהם. בנוסף, יהיו סדרניות וסדרנים בתחנות הרכבת בשביל להכווין את הנוסעות והנוסעים למקומות שבהם יש שאטלים, ויסבירו להם איך הדבר עובד ולאן אפשר להגיע. תהיה גם הסברה – – –

הפיילוט יהיה במקומות שזה חסר בהם: בשרון, מסבידור מרכז ובכל טבעת השרון, שהיום היא חסרה. תכף אתייחס לקו לירושלים. בכל מקרה, הפיילוט הזה כולל – רגע, אגיד לך מה, קודם כול, יש לי פה פירוט ואשמח גם להעביר לך אותו, אבל הוא יפורסם באתר הרכבת. חלק ממה שיהיה זה שתצא הודעה בתפוצה רחבה; יהיה עדכון באתר הרכבת; כל ארגוני הנוסעות והנוסעים יקבלו מידע; כמובן הרשתות החברתיות ובאפליקציית Moovit – אנחנו נעדכן את זה גם שם; יהיה מידע במתחמי התחנות שיהיה בהן השירות הזה של השאטלים, וגם ברציפים תהיה הכוונה. יהיו שני שאטלים צפונה, בשעות 22:30 ו-23:00, שיעצרו בבית יהושע, נתניה ובנימינה; שני שאטלים מבנימינה לתל אביב ב-22:00 וב-23:00. ארבעה שאטלים לרחובות ולאשדוד ב-20:40, ב-21:10, ב-21:40 וב-22:10. ארבעה שאטלים מרחובות לתל אביב, שיהיו ב-20:40, 21:10 ובהתאמה בשעה הבאה, פעמיים. קודם כול, צריך להגיד שזאת פעם ראשונה אי פעם שהמשרד יעשה דבר כזה, אני שמחה לבשר. הפיילוט של החודש ייעשה במקביל לאיסוף מידע על מספר הנוסעות והנוסעים שמשתמשים בשאטלים האלה. אנחנו נייצר גם פידבק מהנוסעות והנוסעים, בשביל להבין אם זה פותר את הבעיה, ואם לא – מה נדרש עוד. בהתאם לזה נעשה קווי תחבורה ציבורית קבועים, שיהיו בתוקף עד להשלמת פרויקט החשמול. יכול להיות שחלק מהם נוכל להשאיר גם אחר כך, אם נראה שזה תורם לעניין. צריך להגיד שטבעת השרון אמורה להיות מוכנה בספטמבר, והתחנות נתניה, תל אביב – זאת אומרת, לרעננה אמורה לחזור הרכבת בספטמבר.

מתל אביב לרעננה, מה שדיברת עליו, כנראה דרך הרצליה. מנתניה לתל אביב – באמצע 2022 הקו כבר צפוי לחזור להיות מחושמל. עכשיו לשאלתך לגבי קו ירושלים–תל אביב. התשובה היא אותה תשובה, אבל בונים גם קו שמחבר את מודיעין לירושלים. לכן, שני הדברים הרלוונטיים זה קודם כול קווי האוטובוס 405 ו-408. רגע, היה לי עוד משהו לדווח לך לגבי זה – להגיד שבסוף הקו ממודיעין לירושלים אמור לפעול כבר בסוף 2021. דבר אחרון אני רוצה להוסיף. קודם כול אגיד עוד דבר, סליחה: התוכנית הזאת שאנחנו עושות ועושים עכשיו כפיילוט – ההנחיה שנתתי לאנשי המשרד היא להפוך את זה למצב קבוע. בכל מקום שבו ייעשו עכשיו עבודות תשתית שיפגעו בפעולה הסדירה של רכבות או של אוטובוסים, תוכן תוכנית חלופית, שתובא לידיעת הציבור באותו אופן. עכשיו, זה יהיה דבר שהוא בשגרה – לא יהיה צריך לחכות שיהיו תקלות, אלא זה יוכן במקביל. ודבר אחרון: אני שמחה לבשר שלכבוד מצעד הגאווה בתל אביב, שהוא אירוע הגאווה המרכזי, הגדול, החגיגי והשמח במיוחד שקורה ביום שישי הקרוב, הרכבת נערכת מבעוד מועד, ותוותר על עבודות החשמול ביום שישי כדי לאפשר להמונים, שהם באמת באמת המונים, שיבואו לחגוג להגיע ברכבות עד 16:00.

מקובל. רשמנו לפנינו. תודה.

אני רק אגיד שאדוני מתאר מצב נתון שהוא אכן מאוד בעייתי. התחבורה הציבורית במדינת ישראל לוקה בחסר, ממש חסר עצום – היא פשוט לא מספיקה. ולכן פתחתי ואמרתי שהתוכנית שלי, והיא תבוא לידי ביטוי כבר בתקציב המדינה הקרוב, היא להשקיע הרבה הרבה יותר בתחבורה ציבורית בכלל, ובתחבורה ציבורית בחברה הערבית בפרט – אגב, שם החסר גדול עוד יותר – וכמובן, במקומות יותר מרוחקים ממרכז הארץ, המכונים פריפריה, ויש לי קצת קושי עם הביטוי הזה. אבל בפירוש, לתת יכולת לכל אחד ואחת להגיע לא רק לכל מקום, אלא לכל מקום בחיים, זאת הפריזמה שדרכה אני מסתכלת על תחבורה. התפקיד שלה זה לייצר שוויון, ושוויון הזדמנויות, ולפתוח אפשרויות ולאפשר תנועה – וזה מה שאנחנו נעשה בכל הכוח. אני רגע רוצה לוודא – קודם כול לעניין הפיילוט, כפי שאמרתי, הוא נועד רק להמשיך. זאת אומרת, הוא לא יסתיים – תהיה היערכות. פשוט אנחנו נדייק את זה; נשתדל לדייק כעבור חודש של איסוף נתונים. לגבי הרכבת מרעננה, אתה כמובן צודק ואנחנו מקדמות. בסדר גמור. אני חושבת שהכול סוג של ברור.

תודה, אדוני. אז ככה, אני אתחיל מהסוף: חברת הכנסת עאידה תומא סלימאן, כמו שאמרתי, אני עוד לא ראיתי את כל התוכניות; אני בסך הכול שבוע במשרד ועדיין לא הציגו לי את כל התוכניות, אבל כמו שאמרתי, ההתכווננות שלי היא להשקיע הרבה מאוד בתחבורה ציבורית וספציפית להשלים את הפערים העצומים שקיימים היום בתחבורה ציבורית בחברה הערבית. אז בין השאר, בוודאי נבחן גם את הדבר הזה, ויכול להיות שלא רק תחנה בטירה אלא במקומות נוספים.

בהחלט, מייד כשאנחנו נקבל החלטות קונקרטיות לגבי מקומות ספציפיים, אז אני אשמח לעשות את זה. אני גם מאמינה שאנחנו נעבוד – אני אעבוד מול הרשויות המקומיות, מן הסתם, וגם מול גורמי המקצוע, והחברה האזרחית, שעושים את המעקבים וממפים את הצרכים ויודעים לפעמים לראות דברים שגורמים מקצועיים לא בהכרח רואים. אנחנו נעבוד מולם בכל חלקי החברה הישראלית ובכל חלקי מדינת ישראל, גם מבחינה גאוגרפית. אז זה לעניין זה. כבישים ביהודה ושומרון – שוב, אותה תשובה, חברת הכנסת סטרוק, לגבי זה שעוד לא ראיתי את התוכניות, עוד לא ירדתי לעומק. אנחנו נעשה את מה שנכון לאזרחיות ואזרחי ישראל ולמדינת ישראל. בכל מקרה, הדגש יהיה פחות על כבישים ויותר על תחבורה ציבורית ועל יכולת להגיע. זה יהיה נכון בכל מקום בתוך מדינת ישראל וביהודה ושומרון. ובכל מקרה, גם ביהודה ושומרון אין גזרה שווה על כל חלקי יהודה ושומרון, את יודעת, מכל בחינה שהיא, כשמסתכלים עליה. אבל ההסתכלות תהיה עניינית לטובת העניין, בכל מקרה. אפליקציית Moovit, אדוני חבר הכנסת אזולאי היקר – – –

אדוני, חבר הכנסת אזולאי היקר – א. חבל באמת שיותר מדי אזרחיות ואזרחים בישראל – – –

השאלה נשאלה, ואני מנסה לענות.

גברתי השרה עונה עכשיו לחבר הכנסת אזולאי, ואני אבקש שלא יפריעו לי. תודה רבה.

חבר הכנסת אזולאי, אכן מאוד מאוד מצער – – –

אני מתקנת את עצמי בשמחה רבה. חבר הכנסת ינון אזולאי, אכן צר לי מאוד מאוד שכל כך הרבה אזרחיות ואזרחים בישראל נאלצים להסתפק בטלפונים שמונעים מהם גישה לדברים נורא נורא נחוצים בחיים, כמו אפליקציות שיאפשרו להם להסתובב – – –

אבל אני באמצע משפט. אתה בעצמך אמרת שהאפליקציה Moovit, שהיא בסך הכול אפליקציה שמאפשרת לבני אדם להשתמש בתחבורה ציבורית בצורה יותר יעילה ולדעת בזמן אמת איזה קווים נוסעים לאן, איפה, אם יש שינויים – – –

אז צר לי, ואכן זה דבר בעייתי בעיניי, לא נכון, מצער – –

– – שיש אוכלוסייה שלמה שנאסר עליה להשתמש – – –

כאמור, השירותים של המשרד, השירותים של התחבורה הציבורית, נגישים וצריכים להיות – אין שאלה. אגב, יש מקומות גם בתוך החברה החרדית ששם יש פערים בתחבורה הציבורית שצריך למלא אותם ולסדר אותם, וזה בפירוש חלק חד-משמעי מתוך התוכניות שלי. אבל לעניין האפליקציות, אכן, חבל, וכדאי שאתם כמנהיגי ציבור תדאגו שהציבור שלכם כן יוכל להשתמש בדברים האלה, שהם ישפרו באופן חד-משמעי את איכות חייהם וגם את הנגישות שלהם לתחבורה ואת היכולת שלהם להגיע למקומות.

לעניין הקווים שציינת, אני לא מכירה את החלטת היועץ הזאת. אני מודה לך שהסבת את תשומת ליבי, ואני אלמד אותה ואשוב בשמחה – – –

אני אלמד את ההחלטה ואשוב. וברשותך, אדוני, מילה לסיום.

משום שציין פה – אני לא בטוחה, אני חושבת שזה היה חבר הכנסת אזולאי שאמר: ניתן שאילתה לחברה החרדית ולחברה הערבית ולציבור מיהודה ושומרון. ואני רוצה לקוות שאנחנו נפסיק לחשוב על עצמנו רק באמצעות המגזרים השונים, משום שכולנו, בסופו של דבר – באמת, הגיע הזמן שתתחיל לחשוב על עצמנו כעל עוד זהויות שלנו – –

– – ולא רק באמצעות זהויות מגזריות קבוצתיות.

אני חייבת להגיד לאדוני, אתמול גם הייתי בנמל חיפה וראיתי איך התור נגמר, וזו הייתה נחת גדולה.",6,
334687,2021-06-28,"הצעת חוק לתיקון פקודת התעבורה (מס' 120) (תיקון מס' 2), התשפ""א–2021","לא, הכול טוב. אדוני היושב-ראש, אומנם זה לא כל כך משנה מה אנחנו נציג בהצעת החוק לגבי מה שיגידו פה הדוברים מהאופוזיציה, אבל בכל זאת, אנחנו – – –

בכל זאת, אני אציג את הצעת החוק.

אז בוקר טוב, חברותיי וחבריי חברות וחברי הכנסת. אני מציגה את הצעת החוק לתיקון – – –

תודה, אדוני. אני מביאה את הצעת חוק לתיקון פקודת התעבורה, שזאת בעצם הארכה של הוראת מעבר – –

– – שכן הממשלה הקודמת לא סיימה להתקין את התקנות שיאפשרו מעבר לחוק החדש, חברות וחברים. בתיקון פקודת התעבורה (מס' 120), התשע""ח–2018, נקבע הסדר חדש להענקת רישיונות להפעלת קווי שירות במוניות בהליכים תחרותיים. כדי לגשר על התקופה שבה התנהלו ההליכים התחרותיים ולאפשר בינתיים הפעלת קווי שירות במוניות בתקופת הביניים, נקבע בסעיף 15 לחוק האמור – נקבעה הוראת מעבר שלפיה המפקח על התעבורה רשאי להאריך את תוקף הרישיונות הפעילים שניתנו לפי הדין הקודם עד ליום 31 בדצמבר 2019. בחוק לתיקון פקודת התעבורה (מס' 120), התש""ף–2020, נדחה המועד האמור עד 31 בדצמבר 2020, ומכוח סעיף 38 לחוק-יסוד: הכנסת, המועד האמור נדחה ל-6 ביולי 2021. מאז שחוקק החוק המתקן בפברואר 2018 פורסם הליך תחרותי למיון מוקדם של כלל הכשירים להתמודד על הפעלת כל האשכולות והקווים בארץ, וכן פורסמו הליכים תחרותיים לבחירת המפעילות או המפעילים של עשרה אשכולות קווים. רובם החלו לפעול. אבל בעת הזו עשרה קווי שירות במוניות – –

– – עדיין פועלים לפי הרישיון שניתן להם לפי הדין הקודם; רובם מיועדים להמשיך להיות מופעלים גם בעתיד במסגרת אשכולות על ידי זוכים בהליכים תחרותיים שיתקיימו לגביהם. העיכוב בפרסום שאר ההליכים התחרותיים נובע מקשיי יישום שהתגלו באשכולות הראשונים שהופעלו, ומן הסתם אנחנו מעוניינות ומעוניינים להפיק לקחים וליישם בצורה יותר טובה את הפרסומים הבאים. המפקח על התעבורה במשרד התחבורה עוקב אחר הפעלת אשכולות הקווים על ידי התאגידים הזוכים, כדי להפיק לקחים כאמור לגבי הליכים תחרותיים עתידיים. בין היתר, המשבר שנגרם כתוצאה מהתפרצות והתפשטות נגיף הקורונה החדש הביא לשיבושים קשים בהפעלת השירות ובמנגנון ההכנסות עקב הגבלות על תפוסת הנסועה במהלך תקופת המשבר, לכן לא קודם יישומם של אשכולות הקווים שפעילותם מוסדרת בהליכים התחרותיים. לפיכך, לא ניתן להסתמך על נתוני שנת 2020, ויש צורך לעקוב אחר תקופת הפעלה נוספת לפני שנקבל החלטות לעניין פרסום הליכים תחרותיים לגבי אשכולות נוספים. לאור האמור לעיל, חברות וחברים, מוצע לדחות את תום תקופת המעבר ליום כ""ז בטבת התשפ""ב, 31 בדצמבר 2021 – עוד לא כל כך הרבה זמן – כך שבמקומות שבהם לא תתחיל עד תום התקופה האמורה הפעלת קווים על ידי הזוכים בהליכים התחרותיים יוכלו להמשיך ולפעול קווי שירות למוניות שפועלים על פי הרישיון שניתן להם לפי הדין הקודם, ולא נפגע בנוסעות ובנוסעים בהם – זה הדבר הכי חשוב ביותר. אני קוראת לכם לאשר את הצעת החוק. תודה.",5,
337265,2021-10-06,שאילתות דחופות,"תודה רבה לך, חברת הכנסת. אני חושבת שאת מכולם מאלה שיודעות עד כמה הדרום, הנגב והנגב המערבי חשובים לי. למעשה אני חושבת שהמקומות שהייתי בהם עד היום כשרה הכי הרבה, פי כמה וכמה, הם בדיוק היישובים האלה. הייתי כבר בנתיבות, באופקים, הייתי בשער הנגב, הייתי כמובן בבאר שבע, הייתי בשדרות, ראיתי מקרוב את עבודות הפיתוח המרשימות, וגם התחלנו לקדם עוד תחבורה ציבורית ועוד מענים עבורכם שהם לא רק התחבורה הציבורית, שהיא באמת הדגל של משרד התחבורה בתקופתי, אלא גם בצמתים מסוכנים – בראש ובראשונה טיפול בצמתים מסוכנים בכבישים – בפיתוח השכונות החדשות ועוד. קודם כול אני רוצה להודות לראשי הרשויות, ובהם אופיר ליבשטיין, ניר זמיר, איציק דנינו ויחיאל זוהר, שפגשתי אותם והם דיברו איתי והפנו את תשומת ליבי למחאה ולמאבק של התושבות והתושבים בעניין הרכבת. אני מאוד מאוד מאושרת שיש לי בשורה בעניין הזה שנוגעת לכל תושבות ותושבי הנגב המערבי. לצערי, המידע שהתפרסם היה פשוט לא נכון, אבל הבשורה היא שממש בתוך כמה שבועות הרכבות חוזרות בגדול, בכל השעות, לכל היעדים, גם בשישי וגם במוצאי שבת, גם בלילה. יהיה קו חשמלי חדש. כל הסיבה להפסקות בנסיעות של הרכבת, ולא רק בשער הנגב אלא במקומות נוספים בארץ – הסיבה להפסקה בחלק מהשירות של הרכבת היא החשמול של הקווים. חשמול הקווים הוא פרויקט לאומי חשוב ממדרגה ראשונה לשירות של הנוסעות והנוסעים ברכבת, ליכולת שלה לנסוע בצורה יותר טובה, יותר שקטה, ובעיקר – יותר נקייה, לא לזהם. המעבר מדיזל לחשמל הוא מעבר שברמת איכות החיים של כולנו יש לו משמעות אדירה. לכן, לשמחתי, יתחיל לפעול קו חשמלי חדש בין תחנות אשקלון, תל אביב והרצליה. בקו הזה כל הרכבות כאמור תהיינה חשמליות, ומ-13 בנובמבר יחודש השירות הרכבתי באזור הדרום, ובכלל זה באופקים, בשדרות ובנתיבות, באופן מלא, כמו שאמרתי, בכל השעות, בכל הימים, לכל היעדים. במהלך שלב ההפעלה החדש התחנות בקו אשקלון–באר שבע ימשיכו לקבל שירות דיזל, כיוון שעדיין לא חושמל החלק הזה. אנחנו פנינו לוות""ל – ועדת התשתיות הלאומית, כדי להאיץ ולקדם מאוד מאוד את האישור לחשמול כל הקווים מאשקלון דרומה, וברגע שנקבל את האישור הזה – הכנו את התקציב במסגרת תוכנית החומש של הרכבת; הכנו תקציב מיועד, ייעודי, להאצה מאוד משמעותית של חשמול הקווים האלה. בינתיים, בזמן שהרכבת חוזרת, המשמעות היא שנעבור באשקלון מחשמל לדיזל, וזה אומר תוספת של סדר גודל של חמש דקות נסיעה בממוצע. למעשה זה יהיה ככה: משדרות לתל אביב זה שלוש דקות, מנתיבות – חמש דקות, ומאופקים זה 11 דקות. זה המחיר של המעבר ההדרגתי מדיזל לחשמל, אבל הוא מעבר הכרחי, הוא מעבר רצוי, הוא מעבר נחוץ בצורה בלתי רגילה. לאור בקשת התושבות והתושבים, הרכבת בוחנת עכשיו גם הפעלת קווים ישירים בחלק משעות היום ובעיקר בלילה – – –

כמו שאמרתי, גברתי חברת הכנסת, הרכבת בוחנת עכשיו גם הפעלה של קווים ישירים בחלק משעות היום והלילה, מה שיוסיף אומנם רכבות דיזל אבל יסייע כמובן לשירות. אנחנו, גם משרד התחבורה וגם רכבת ישראל, עושות ועושים מאמצים מאוד מאוד גדולים לשיפור השירות הרכבתי בכל הארץ, אבל בפרט בדרום. בעשור האחרון נפתחו הרבה מאוד תחנות, נוספו קווי נסיעה ונחנכו מרכזיים תפעוליים רבים, שמחזקים את האזור כולו ואת התושבות והתושבים שלו. לשמחתי, אכן אנחנו רואות ורואים עלייה מתמדת במספר המשתמשות והמשתמשים ברכבת מהדרום, ואני מבינה שכשיש הפסקה לצורך החשמול ועבודות פיתוח הרכבת, זה אכן מאוד מתסכל, ולכן אני שמחה שעכשיו נוכל להחזיר את התנועה במלואה. אני רוצה להתייחס להבטחה שלי שניתנה בעניין השאטלים. כשנכנסתי לתפקיד דרשתי מהרכבת לספק בכל מקום שבו אין שירות רכבתי בגלל פרויקט החשמול – בכל מקום כזה להוסיף שאטלים. ואכן, נוספו שאטלים; ביולי נוספו עד תחנת אשדוד. כשפנית אליי בקיץ, הרכבת מייד הוסיפה שאטלים אחת לשעה בשעות הערב מאשדוד לאופקים, לנתיבות ולשדרות. ברור לי שהשאטלים לא מחליפים את הרכבת באופן מלא. עכשיו, לשמחתי, הרכבת חוזרת. כאמור, ברגע שיהיה לנו אישור ות""ל נוכל לצאת לפרויקט חשמול קווי ההמשך מאשקלון. אני מצפה לזה בכיליון עיניים, אפשר להגיד. אני מאוד מאוד מצפה לזה. בכל מקרה, אני רוצה להגיד עוד משהו לתושבות ולתושבי שער הנגב: בגלל הקושי שעבר עליכם בתקופה הזאת, ובגלל שהשאטלים לא הסתדרו באמת כמו שהיה צריך, אנחנו פנינו לרכבת ישראל ועשינו יחד איתם עבודה כדי שהדבר הזה לא יקרה שוב. עכשיו יש פרוטוקול מאוד ברור שבכל מקום שבו יש עבודות חשמול ויש הפסקה או ירידה מסוימת בשעות השירות של הרכבת, יהיה יידוע ראוי, תהיה הכוונה ראויה, ובעיקר – שאטלים מספיקים. אבל לשער הנגב, כאמור, ב-13 בנובמבר הרכבת חוזרת במלואה.

אני רק אתקן, ברשותך. אני אמרתי מפורשות: דרום, נגב, נגב מערבי ושער הנגב. את כל אלה אמרתי וציינתי את כולם, משום שלכל החלקים האלה אני מתכוונת.

א. לגברתי יש כלים פרלמנטריים לקיים דיון. היא יכולה להגיש הצעה לדיון בוועדת הכלכלה או בוועדות אחרות, והיא מוזמנת להשתמש בכלים נוספים אם ברצונה לקיים דיון. אנחנו, כמובן, נשמח בכל עת. לעניין הזמן הנוסף, את הזמנים שציינתי לעניין תוספת הנסיעה אני אומרת באחריות, משום שנעשתה עבודה ברכבת של התאמת הזמנים. ברור שאין דרך לעבור לרכבת חשמלית מרכבת דיזל כל זמן שהחשמול עוד לא קיים לאורך כל המסלול, ויש צורך בהחלפה. אבל ציינתי את הזמנים המסוימים והמאוד-ספציפיים האלה משום שנעשתה עבודה בדיוק בשביל שלא לעשות הארכה מיותרת של 25 דקות אלא לצמצם ככל הניתן. נעשתה התאמה מחודשת, וברגע שהקו הזה ייפתח ובאמת אפשר יהיה להגיע בחשמל לאשקלון, ומאשקלון הלאה – אלה יהיו הזמנים ולא יותר מזה. אני רוצה להגיד, אגב, שאני מודה לך על המחמאות, אבל חבר הכנסת סמוטריץ', שהיה שר התחבורה, הוא שהתחיל ופתח את המשך החשמול קדימה להמשך הדרום. אנחנו מאיצות את זה בכל הכוח, וכמו שאמרתי, פנינו לוות""ל, ואנחנו עושות כל מאמץ כדי שזה יקרה כמה שיותר מהר, אבל קרדיט צריך לתת למי שמגיע. לגבי כל דבר אחר, כאמור, חברת הכנסת שפק, אנחנו נשמח לסייע בכל דבר ועניין.

זה יום רביעי בבוקר. ביום רביעי בבוקר הפרשנים של הטורים הפוליטיים כותבים את הטורים שלהם. מעניין מה הם יחשבו על הדברים האלה. תודה רבה לך, חבר הכנסת מקלב.

תודה רבה, חבר הכנסת מקלב, ואתה באמת נוגע בנקודה כואבת ומתסכלת בצורה בלתי רגילה. אני, כמי שמתנגדת בכלל להפרטה, כידוע, וחושבת ששירותים מסוג זה, כמו מבחנים של רישיון נהיגה למשל, לא צריכים בכלל להיות בידי זכיין פרטי אלא צריכים להיות בידי המדינה, אני חושבת שמה שתיארת, התפקוד הלקוי של חלק מהזכיינים, מוכיח שהפרטה היא לא מילת קסם והיא לא פותרת את כל הבעיות, גם אם היו קודם בעיות. בדרך כלל, אגב, אנחנו נוכחות שוב ושוב שכשיש גופים ממשלתיים שמתפקדים בצורה לא טובה, זה בדרך כלל משום שייבשו אותם, פגעו בהם ולא נתנו להם את הכלים לעשות את העבודה בצורה מספיק טובה. כשהם כבר מיובשים ופועלים בצורה לא אפקטיבית – אז מפריטים. והינה, אנחנו רואות שההפרטה, לא זו בלבד שלא פתרה את הבעיה, אלא לדעתי אפילו החמירה אותה בחלק מהמקרים מאוד מאוד. אנחנו מודעות מאוד לבעיה הזאת. פנינו לזכיינים ועשינו את כל מה שאנחנו – אתה יודע, יש הליך במסגרת ההתקשרות של המדינה עם גוף פרטי. פנינו אליהם, התרענו, ואם הדבר הזה יימשך אנחנו נשתמש גם בסמכותנו וביכולתנו להפקיע מהם את הסמכות ואת המכרז. אין ספק שהפגיעה הזאת בנבחנות ובנבחנים היא בלתי נסבלת, והיא לא יכולה להיות. משרד התחבורה פועל בעניין הזה מול החברות. אני אעשה כוכבית ואגיד שיש עוד עניין, וזה שיש טסטים שנדחים בגלל שיש בוחנים שחוששים לבחון נבחנות ונבחנים בלי תו ירוק. אני יכולה להבין את זה. אנשים יושבים באוטו במרחק קרוב מאוד מאוד, וחלק מהם לא צעירות וצעירים. משרד התחבורה דורש הרבה מאוד זמן להחיל תו ירוק רק במבחני נהיגה, משום ששם אנשים נמצאים במצב בלתי אפשרי, וזה, איך להגיד, במטחנות. אני מקווה שגם זה ייפתר בקרוב מאוד, וגם התורים האלה יפסיקו להיות מבוטלים. אני רק יכולה להבטיח לך שאנחנו לגמרי לגמרי על זה. תודה רבה.

ככה אני אעשה. תודה רבה, אוסאמה. אני רושמת לפניי.

תודה רבה לך, אדוני, ותודה לחבר הכנסת מלכיאלי, ששאל את השאלה במקור. הנתונים שאדוני נתן הם הנתונים הקשים שכולנו מכירות ומכירים, והם לא מפסיקים לזעזע בכל פעם מחדש. אתה ציינת את רוכבי האופנוע, שאנחנו יודעות ויודעים שהם מהיותר-נפגעים, אבל צריך להגיד שגם הולכות והולכי רגל, לצערי, הם קבוצה פגיעה, וגם תאונות שמעורבים בהם כלי רכב כבדים הם בעיה מאוד גדולה. בהמשך לשאלתו של חבר הכנסת סעדי, אנחנו גם יודעות שביישובים ערביים יש יותר תאונות דרכים, למרבה הצער. חד-משמעית. כל הדברים האלה הם דברים שמשרד התחבורה – – –

כל הדברים האלה הם דברים שמשרד התחבורה בראשותי בוודאי מאוד מודע להם. אני חייבת להגיד לך שהדבר הראשון שעשיתי כשנכנסתי למשרד – אמרתי שככל שאנחנו מעבירות ומעבירים את כובד המשקל של המשרד מסלילת כבישים לתחבורה ציבורית, עדיין אנחנו משאירות ומשאירים בראש התיעדוף את כל מוקדי הסיכון בכבישים. כל הכבישים האדומים, הצמתים המסוכנים וכו' – הם יטופלו ראשונים. זה דבר אחד. מעבר לזה, אני חייבת להגיד לך שההשקעה בתחבורה הציבורית, מעבר לזה שהיא הופכת את התחבורה ליותר שוויונית, יותר נגישה ומאפשרת לכל אחד ואחת יותר אפשרויות להגיע לאן שהן רוצות ורוצים בחיים – בסופו של דבר היא גם תפחית תאונות, כי יהיו פחות כלי רכב על הכביש, ויהיו פחות תאונות, לכן ההשקעה האדירה בתקציב חסר התקדים שהבאנו, בפעם הראשונה אי פעם, לתוכנית חומש לתחבורה הציבורית. ספציפית לעניין הבטיחות, אנחנו עובדות ועובדים עכשיו קודם כול על איוש המועצה של הרשות הלאומית לבטיחות בדרכים. מצאתי שם מועצה כמעט ריקה. כמו הרבה מאוד דברים שמצאנו מממשלות קודמות בתחום ההזנחה של המערכת הציבורית, מצאנו רשות שיש בה מינויים זמניים, שהמועצה שלה ריקה, ואנחנו פועלות איתם במקביל גם על האיוש הזה וגם על מציאת האלמנטים מתוך התוכניות שלהם שהם לתפיסתנו הכי אפקטיביים ושנוכל להוציא אותם לפועל בתוך התקציב. אני רוצה להגיד לך מה כבר כן נעשה. קודם כול, ספציפית לאופנועים – אנחנו יודעות שיש עלייה בתאונות של אופנועים. תן לי לתת לך את הצעדים הקונקרטיים שנעשו: בנייה מחדש של תוכניות לימוד הנהיגה הבסיסיות לרוכבי האופנוע והטמעת תפיסת הסיכון בנהיגה, כי, צריך להגיד, באופנועים יש סיכון גדול הרבה יותר בנהיגה, וזה דבר שאי-אפשר להתעלם ממנו; פעילות הסברתית לרוכבים – אני הייתי אומרת ""לרוכבות ורוכבים"", אבל אני חושבת שהאחוזים שם הם מאוד מובהקים מגדרית. היית מסכים איתי, חבר הכנסת טופורובסקי, שיש יותר רוכבים מאשר רוכבות, בוודאי באופנועים הגדולים?

הרוגות והרוגים, כן, אבל הרוכבים עצמם. פעילות הסברתית לרוכבים בכלי תקשורת דיגיטליים וברדיו עם שימת דגש גדול על הסברה בשפה הערבית; שיתוף פעולה עם אגף התנועה שבמשטרת ישראל. זה דבר מאוד מאוד מרכזי וחשוב. חברי השר עמר בר לב ואני דיברנו על זה פעמים רבות, ואנחנו משתפים פעולה בכל אחד מתחומי הבטיחות, כי זה בראש מעיינינו – גם הסברה, גם אכיפה במרחב העירוני וגם תמריצים לכמה מערכות בטיחות לאופנועים, כדי לעודד הבאה של כלים יותר בטוחים לארץ. לגבי הציבור הערבי, הרלב""ד שותפה לתקציב של 75 מיליון ש""ח לחמש שנים על ידי הרשות לפיתוח כלכלי. הרי הרבה דברים אנחנו עושות ועושים בשיתוף פעולה עם הרשות לפיתוח כלכלי של החברה הערבית במשרד לשוויון חברתי. במסגרת התוכנית הזאת יש בין השאר השלמת תוכניות תמרור ביישובים, שזה דבר חשוב מאוד; קידום מיזמים להורדה והעלאה בטוחה בסביבת בתי ספר יסודיים; הרחבת מיזם מרכזי ההדרכה, הדרכת צעירות וצעירים; מסעות הסברה מתואמים וממוקדים; הקמה, הכשרה ושיפור של גופי מתנדבים שיפעלו בחברה הערבית, כמו שפועלים בחלקים אחרים של מדינת ישראל. אני רוצה להגיד לך שבמאבק בתאונות הדרכים – בהרבה דברים בחיים אין בורג מרכזי. נגיד שוויון כללי – אין משהו אחד שאם תעשה אותו יבוא שוויון לעולם. גם המאבק בתאונות הדרכים הוא מאבק מאוד מורכב, וצריך לגשת אליו מהרבה מאוד כיוונים בהרבה מאוד חזיתות, ולהביא בחשבון שזה מאבק ארוך מאוד, אבל אנחנו מושקעות ומושקעים בו בכל הכוח.

א. תודה על השאלה; ב. כמו שמעיר בצדק היושב-ראש, אני לא סמל שלטון – אתה יודע, לטובה ולרעה – אני לא סמל שלטון; אני שרה בממשלת ישראל.

סמל שלטון – נדמה לי שיושב-ראש הכנסת הוא סמל שלטון, ראש האופוזיציה הוא סמל שלטון, נשיא המדינה הוא סמל שלטון. מי עוד? יש כמה.

נשיאת בית המשפט העליון, ולדעתי כיסינו את כולם.

אז ברוך השם, אני לפחות – – –

העול של סמל שלטון – אני פטורה ממנו כרגע. יכול להיות שצריך לחשוב על השאלה הזאת שלך. אילו היה מדובר בנסיעה רשמית מטעם מדינת ישראל, יכול להיות שהיה מקום לשאול אם באמת ראוי לא לעשות אותה בשבת. זאת שאלה, שאלה שיש לתת עליה את הדעת. אבל משום שלא היה מדובר בנסיעה רשמית כלל ועיקר, אני חושבת שזה פשוט לא רלוונטי. אבל כאמור, תודה על השאלה.

אני רוצה להגיד רק שכחברת כנסת הרבה שנים אני משבחת אותך על הדבר זה – –

– – כי אני יודעת שאין דבר מתסכל כמו זה שרצת רצת רצת, באת, וכבר אי-אפשר לשאול שאלת המשך.

ובכן, כן, חבר הכנסת טופורובסקי, לשמחתי – ואני רוצה לציין באמת את שר האוצר על ההתגייסות לעניין הזה, כביש 90 – אמרתי לכם, כשנכנסתי למשרד אמרתי: להשאיר את הכבישים האדומים, את מוקדי הסיכון – לא להשאיר אותם, להעלות אותם, להשאיר אותם, את הכבישים – למרות שבאופן כללי המעבר היה לשים לב לתוספות שירות בתחבורה הציבורית ולתוספות של אמצעי תחבורה ציבורית וכו'. כבישים אדומים, מוקדי סיכון, צמתים, נשארו, וכביש 90, אנחנו במאמץ מאוד מאוד גדול עליו. בהקשר הזה צריך להגיד גם על כביש 65. כביש 65, אני מסכימה שהוא אכן כביש בעייתי, אבל פשוט הוא פרויקט עצום – הוא פרויקט עצום גם כלכלית וגם תפעולית, ולכן – – –

חבר הכנסת כץ, הקשבתי בקשב רב, וכמו שאתה מבין, אני יודעת במה מדובר, ולכן הוא כן נכנס לחלק השני של תוכנית החומש, משום שהוא דורש מאיתנו גם היערכות וגם, בסופו של דבר, בזמן הזה אנחנו יכולות ויכולים להספיק הרבה יותר מוקדים שהם פחות עצומים. אז הוא יטופל, הוא יטופל בהמשך. הדברים כולם נמצאים על סדר-היום שלנו. בהקשר הזה, להגיד גם לחבר הכנסת טופורובסקי שאני קודם כול יודעת. אתה, חבר הכנסת גינזבורג ואחרות ואחרים כאן, שכל כך מושקעים במאבק בתאונות הדרכים, ובצדק – אתה יודע שהממדים הם עצומים, ההיקפים הם אדירים. אני חושבת רק על – יושב פה שר הבריאות, שתכף יעלה לענות על שאילתות – אני חושבת כמה זיהומים גורמים למקרי מוות בבתי החולים שלנו, אלפי אנשים בשנה, ואיזו היערכות צריך בשדרוג המערכת שלנו בשביל לטפל בדברים האלה. זה לגמרי לגמרי בראש מעיינינו, אנחנו לגמרי על זה. לצערי – לי לפחות, הייתי מאוד שמחה לקבל את כל התקציב בשביל לפתור את כל הבעיות שיש לנו. אנחנו, אתה יודע, חיות וחיים בשמיכה, ותקציב התחבורה לתקציב הקרוב, שנצביע עליו ונעביר אותו בתוך – כמה יש לנו, חודש לזה, אדוני היושב-ראש? הוא גדול באופן שבדיוק מתרכז בדברים שאמורים לצמצם את תאונות הדרכים: גם טיפול במוקדי סיכון, גם תחבורה ציבורית, גם לאופנוענים ואופנועניות – אינשאללה, אני מקווה שתהיה לי בשורה בימים הקרובים לעניין הבטיחות שלהם – ככה שהדברים לגמרי לגמרי מטופלים. אני רוצה לדבר על הכרטיס הנטען. הנחיתי את הצוות המקצועי לפתח רפורמת שירות מקיפה, חבר הכנסת מרגי. חבר הכנסת מרגי, אני רוצה להגיד לך שהנחיתי את הצוות המקצועי וביקשתי מהם, ואנחנו מפתחים היום ומפתחות רפורמת שירות מקיפה שתכלול, בין השאר, גם שדרוג של היכולות לשלם בכל כלי התחבורה בצורה הרבה יותר נוחה, הרבה יותר יעילה ובאמת תפשט גם את האופן – אני לא רוצה עוד להיכנס לפרטים, כי הדברים הם בעבודה, אבל אדוני מתפרץ לדלת נכונה ופתוחה, ואני מודה לך על שאתה מציף את הדברים. זה מאוד נכון. אנחנו מתכננות ומתכננים רפורמת שירות מהממת. אותי באופן אישי זה מאוד מרגש. כשהם הראו לי את הדברים שכבר בעבודה – זה ממש היה אחד הרגעים בעבודה שאת נמלאת שמחה, שלשם שינוי זה לא משהו שאתה אומר ""אי-אפשר"", אלא להפך: וואו, דבר חדש ומגניב. יש למה לצפות. אגב, הפקקים בירושלים – אני רוצה להגיד לך שכבר מתחיל לזוז הקו הנוסף של הרכבת הקלה בירושלים, שגם זה, אני בטוחה שמאוד יקל על הפקקים. זה אומנם ייקח את הזמן שזה ייקח, אבל לפחות כבר התחלנו את המסלול הזה. לגבי שאלתך הנוספת, חבר הכנסת כץ – לא, אתה יודע מה, לפני כן אני רוצה להגיד על היחס לדרום בהקשר הזה של כביש 90. אני חושבת, אדוני, מימיך הרבים והמצוינים כראש עיר ומביקוריי הלא-מבוטלים אצלך, אתה יודע היטב שלחשוד בי שיש לי העדפה לאנשים בצפון על פני אנשים בדרום – לא האדם הנכון להאשים אותו בזה.

אלוהים יודעת שגם כשיש חשמול צפונה אז אין שירות ברכבת צפונה, אין שירות לחיפה ברכבת כי אנחנו מחשמלים את הקווים, ואין מנוס מפרויקט החשמול, כי אנחנו לא יכולות ויכולים להישאר עם תשתיות ישנות ותשתיות מזהמות. אין מה לעשות, אין דרך אחרת. זה לא שאני יכולה לסלול במקביל קווים מקבילים. לכן ממש אין פה איזו קלות דעת ואין פה איזו גבהות לב, חלילה. יש מאמץ עצום. לכן אני עומדת על כך שבזמנים לא יהיו עיכוב של 20 דקות אלא של דקות ספורות, משום שנעשה מאמץ ברכבת לתזמן את הרכבות. זה לא החישוב של עכשיו, זה מה שיהיה ב-13 בנובמבר, כשיתחיל לפעול הקו החשמלי, והפגיעה תהיה מינימלית וההאצה של החשמול של הדרום תהיה מקסימלית. אופיר, אתה שאלת אותי, חבר הכנסת כץ, לגבי הגודש. כל קונספט אגרת הגודש איננו של משרד התחבורה, הוא של משרד האוצר. זה לא סוד. מה שמעניין אותי הוא לתת מענים של תחבורה ציבורית, ולכן תוכנית החומש. האוצר העמיד את זה: תוכנית חומש מול הגודש. הדרך היחידה שלי לקבל תוכנית חומש מקיפה, משמעותית, מסיבית, שבאמת משדרגת את התחבורה הציבורית באופן שהופך אותה לאלטרנטיבה אמיתית, שתעביר אזרחיות ואזרחים מלהיות נוסעות ברכב פרטי להיות נוסעות בתחבורה ציבורית, הולכות רגל, נוסעות באופניים וכל מיני קישוריות אחרות שרלוונטיות, הייתה להסכים. אני חייבת להגיד שדחינו את הכניסה של זה לתוקף כי אמרתי כל הזמן: אי-אפשר בכלל לדבר על זה, ואני אומרת את זה גם היום. ויכול להיות שצריך – ואשמח לעזרתך, אתה יודע – – –

המאמץ של משרד התחבורה הוא בפיתוח תשתית של תחבורה ציבורית.

לכן זה גם לא נכנס לתוקף כרגע, זה חזון למועד. כרגע המאמץ של משרד התחבורה ממוקד בפיתוח תחבורה ציבורית בכל הכוח.

Last but not least, כמו שאומרות – תוכנית אב לתחבורה בחברה הערבית. חבר הכנסת אבו שחאדה היקר, במשרד התחבורה יש בעבודה תוכנית אב לתחבורה בחברה הערבית. לשמחתי, בתקציב החדש, שבו יופנו משאבים ותקציבים גדולים ורבים לחברה הערבית, ואנחנו משתפות ומשתפים בזה, כמובן, את הרשות לפיתוח כלכלי של החברה הערבית, וייעשו עבודות רבות ביותר. קודם כול, חברת נתיבי איילון כבר עובדת בתאוצה רבה על הרבה מאוד פרויקטים בהמון יישובים ערביים לשדרוג מסיבי של התשתיות, אבל יהיה הרבה יותר מזה. אני מבטיחה לך, בדיוק נעשית תוכנית אב. זה שקוראים לה ""תוכנית אב"" זו בעיה שאנחנו צריכות לדבר עליה באופן כללי, אבל בסדר – כאילו למה – – –

היא תכלול בוודאי גם היבטים של בטיחות. חלק מההיבטים של הבטיחות פירטתי בתשובתי הראשונה, שאומנם הייתה לגבי אופנועים, אבל פירטתי. לא אחזור על זה כדי לא לשעמם ולא להטריח, אבל פירטתי גם לגבי החברה הערבית מה נעשה בענייני הבטיחות. תודה לכם.

בסדר, אחזור לבדוק את זה שוב.

משרד התחבורה דרש – אני דרשתי גם ממשרד האוצר, וגם עירבתי בזה את ראש הממשלה כדי למצוא פתרון לחברות התעופה שלנו, שספגו פגיעה קשה ביותר בתקופת הקורונה, ובאמת הן היו מאלה שלא קיבלו מענה. יושבים עם חברות התעופה, אנחנו, משרד האוצר ומשרד ראש הממשלה, ואני חייבת להגיד שנעשה מאמץ אמיתי כדי לסייע להן. הדברים שציינת, חלקם שיקולים מסחריים שמדינת ישראל לא יכולה להתערב בהם בחברה פרטית, אבל צריך להגיד שיש רצון טוב ונכונות מבחינת – – –

שוב אני אומרת: מדינת ישראל לא יכולה להתערב בשיקולים מסחריים של חברות, אבל בפירוש נעשה מאמץ רצוף – אני מדברת בכוונה בצורה לא מפורשת, לא מפורטת. יש משא ומתן כל הזמן עם החברות. עכשיו, אני יודעת שהמנכ""לית שלי נפגשה אתמול, למעשה – אתמול, ועוד לא התעדכנתי בפרטים, אבל ממש אמש הייתה לה עוד פגישה אחת עם אל על, ואנחנו על זה כל הזמן.

צריך להגיד שגם החברות וגם הבעלים של החברות, צריך להגיד את זה, גם הם צריכים לעשות מאמץ.

אז זה לא שאין בעיה – יש בעיה. אנחנו עושות כמיטב יכולתנו. אין ספק שהעובדות והעובדים הם בראשי מעייניי, זה מובן מאליו. יותר מזה, אני באמת מאמינה שחברות התעופה הישראליות הן אינטרס אסטרטגי של מדינת ישראל. זה סופר-חשוב שתהיה לנו עצמאות תעופתית. עם כל הכבוד לשמיים הפתוחים, זה לא מספיק שיש חברות אחרות שטסות לכאן. אנחנו צריכות את האפשרות שלנו לטוס, חברות ישראליות. גם החברות הישראליות פעמים רבות הוכיחו שברגעי משבר הן היו אלה שנשארו לטוס, ויש לנו הערכה ובאמת רואות חשיבות מאוד גדולה בדבר הזה. המאמץ נמשך כל הזמן. שני הצדדים צריכים לעשות מאמץ.

נכון, עד עכשיו היו רק שאילתות דחופות.",5,
337895,2021-10-18,דברים לזכרם של חברי הכנסת לשעבר יחזקאל זכאי וגבריאל כהן,"אדוני היושב-ראש, חבריי וחברותיי חברות הכנסת – –

– – שר החקלאות לשעבר כץ-עוז, יושב-ראש הפדרציה הספרדית העולמית חיים כהן, משפחת זכאי וענת בתו של יחזקאל, שנמצאת כאן – הינה אתם, שלום – ומשפחת כהן צבי, שנבצר מהם להגיע ואנחנו מאחלות ומאחלים להם בריאות טובה וחיזוק ידיים. תחנות חייהם של יחזקאל זכאי וגבריאל כהן, זכרם לברכה, מראות לנו את שורשיה של מפלגת העבודה בהקמת מדינת ישראל ממש – גבריאל כהן, ששירת בפלמ""ח ולחם במלחמת העצמאות, ויחזקאל זכאי, שעלה מעיראק ופעל למען ההתיישבות העובדת כשהיה בתנועת המושבים. זכאי נולד בכורדיסטן שבעיראק, והיה מראשוני עליית יהדות עיראק המפוארת לישראל בשנות החמישים. פעילותו הציבורית החלה כמזכיר מושב עזריה, ובחלוף הימים – כמשנה למזכ""ל תנועת המושבים, כיאה לאיש אוהב אדמת ארץ ישראל שהיה. יחזקאל היה גורם משמעותי במפלגת העבודה כשכיהן כמזכיר מחוז המושבים של המפלגה וייצג נאמנה את ההתיישבות העובדת, ולא בכדי. יחזקאל נבחר מטעם המפלגה לכנסת התשיעית והעשירית, ובמהלכן שירת את הציבור וכיהן כחבר ועדת הכספים וועדת הכלכלה. לאחר כהונתו כחבר כנסת הוא המשיך לפעול וכיהן כחבר הוועד הפועל של ההסתדרות וחבר הוועד הפועל הציוני. במשך חייו היה גם מנכ""ל חברת מקורות ומנכ""ל משרד החקלאות ועמד בראש הפדרציה הספרדית בישראל. גבריאל כהן נולד בירושלים. הוא היה חבר בתנועת הצופים. הוא, כמו שאמר לי בייגה שוחט, הוא בא מהאקדמיה. גבריאל היה פרופסור להיסטוריה ודיקן הפקולטה למדעי הרוח באוניברסיטת תל אביב בשנות השמונים, והיה חבר המועצה להשכלה גבוהה. לצד פעילותו האקדמית הוא היה חבר במפלגת אחדות העבודה ונבחר לכנסת השישית, ובה כיהן כחבר בוועדת החוץ והביטחון, בוועדת החוקה, חוק ומשפט ובוועדת החינוך והתרבות – ארבע שנים משמעותיות בכנסת ישראל, שבמהלכן פעל רבות למען הציבור וקידם בין היתר נסיעה חינם בתחבורה הציבורית לחיילות וחיילי צה""ל, דבר שאנחנו ממשיכות וממשיכים אותו עד היום. מפלגת העבודה הישראלית זוכרת את חברותיה וחבריה, דור בוני ובונות הארץ. כאן אנחנו זוכרות וזוכרים היום שני חברי כנסת פעילים במיוחד, אנשים שהיו רוח חיה במפלגת העבודה – גם בצד הפרלמנטרי, גם בצד הממלכתי, גם בצד העשייה וגם בצד הפוליטי, אנשים פוליטיים שהיו בתוך ההתרחשויות הפנים-מפלגתיות, חלק מהחיים התוססים שהיו בה. לאורך ההיסטוריה מפלגת העבודה הייתה מנוע מרכזי בפריחת עם ישראל בארצו, אבל כשאנחנו אומרות ואומרים מפלגה, אנחנו אומרות ואומרים האנשים של המפלגה הזאת. גבריאל ויחזקאל נמנים עם הדור הכל-כך מיוחד הזה. יהי זכרם ברוך.

כשאנחנו אומרות ואומרים מפלגה, אנחנו בעצם מתכוונות ומתכוונים לאנשים של המפלגה הזאת. שני האנשים האלה, גבריאל ויחזקאל, נמנים עם הדור הכל-כך מיוחד הזה. יהי זכרם ברוך.",5,
338291,2021-10-26,הצעות לסדר-היום: ציון יום הבטיחות בדרכים,"אבל תן קרדיט למי שהקימו, חברת הכנסת בן ארי, חבר הכנסת רון כץ.

אני פה. אני מקשיבה לכל מילה שלך.

(אומרת בערבית: כי לא חייבים ערבית ספרותית.)

לא, לא, חברת כנסת. גאה להיות גם חברת כנסת. אדוני היושב-ראש, זה לא עניין של מה בכך.

אל תשלח אותי לנורבגיה. בדיוק מה שרציתי להגיד.

תודה רבה, אדוני היושב-ראש, תודה רבה לכל חבריי וחברותיי הרבים. אני צריכה להגיד בהתפעלות שרבות ורבים מחברות וחברי הכנסת – ואנחנו יודעות שלא בכל יום מיוחד יש רשימה כל כך ארוכה של דוברות ודוברים שמעלות הצעות לסדר-היום בהקשר הזה. ולכן תודה רבה. ואני יודעת, אם להתחיל מאמירה של חבר הכנסת איימן עודה והתשובה של אימאן ח'טיב בעצם: איימן עודה אמר, אני רוצה להיות שותף, ואמרה אימאן ח'טיב יאסין, יש לך הרבה שותפות ושותפים. ונדמה לי שהרשימה הארוכה הזאת של הדוברות והדוברים העידה על כך עדות ברורה מאוד מאוד. אז קודם כול אני רוצה להגיד שנורא חשוב שהיום הזה מתקיים, ותודה לך, בועז טופורובסקי חברי – יושב לידו חבר הכנסת איתן גינזבורג, וציינתי היום בוועדה גם את בועז וגם את חבר הכנסת גינזבורג על הפעולה הקבועה, הרצופה והמשמעותית, שלך ושלך, בעניין הזה – שהיום הזה מצוין בכנסת. תמיד חשוב לעצור רגע ולהתרכז בנושא הזה. לא משנה כמה אנחנו נתקלות ונתקלים בזה ביום-יום ולא משנה כמה כל אחת ואחד מאיתנו, חבר הכנסת סופר, נתקלת בזה איפשהו בסביבה שלה – יש יום אחד שרגע את נעצרת וצריכה לתת דין וחשבון. והינה אנחנו כאן. מאז שאני שרת התחבורה והבטיחות בדרכים אני מקבלת באופן אישי מדי בוקר – סיפרתי הבוקר בוועדה – את הדיווח של הרשות הלאומית לבטיחות בדרכים על הנפגעות והנפגעים, ולא עלינו, על ההרוגות וההרוגים של היום הקודם. זה רגע כזה שגם מחדד את אחד מהיבטי החירום של מצב החירום הכללי שאנחנו נמצאות ונמצאים בו בתחום התחבורה במדינת ישראל; הדבר הזה עולה לנו בחיי אדם יקרים כל כך, ואנחנו מחויבות ומחויבים לעשות כל דבר כדי שלא נשלם את המחיר היקר הזה. אני אגיד עוד מילה בכל זאת. היום בוועדה מנכ""לית משרד התחבורה מיכל פרנק, כשדיבר אלמן של אישה שנהרגה בתאונת דרכים, שיתפה את משתתפות ומשתתפי הדיון בכך שהיא עצמה יתומה מאימא שנהרגה בתאונת דרכים. זה ברור לכולן ולכולם שברגע שמנכ""לית משרד התחבורה מכירה על בשרה באופן הזה את המחיר הזה, אז מן הסתם זה נוכח בעבודה שלנו אולי אפילו עוד יותר מאשר רק בגלל המחויבות – ""רק"" במירכאות כפולות ומכופלות – העמוקה והיסודית שלי כמי שבאה לשרת את החברה הישראלית ולהתמודד עם הבעיות העמוקות של המדינה שלנו ושל החברה שלנו. לכן אני רוצה להגיד שהדבר שמבחינתי הכי חשוב לציין באופן שבו משרד התחבורה בראשותי עומד להתמודד, או בעצם כבר מתמודד, עם סוגיית הבטיחות בדרכים, הוא שכל התקציב שלנו נבנה מתוך הסתכלות על בטיחות כחלק מובנה בתוך המחשבה על איך צריך להיראות תקציב המשרד לבטיחות בדרכים. זאת אומרת, המחשבה שיש בטיחות בדרכים בנפרד ותחבורה ציבורית בנפרד, כבישים בנפרד, רישוי רכב בנפרד וכן הלאה, היא מחשבה מוטעית, היא מחשבה מיושנת שמחלקת למחלקות כאילו כל אחת מהן עומדת בזכות עצמה, וזה ממש לא ככה. זאת אומרת, אם תיארה חברת הכנסת ג'ידא – ג'ידא אני יודעת להגיד, אבל אז אני מתבלבלת בשם המשפחה שלך, פדיחה נוראה מצידי. ג'ידא זועבי תיארה את ההזנחה הנוראה של התשתיות, אבל של כל סוגי התשתיות, לא רק הכביש אלא המדרכה, או יותר נכון האין-מדרכה, והתשתית לילדות וילדים למשחק. אם ההזנחה הזאת מביאה לכך שילדות וילדים נדרסים במספרים בלתי נסבלים מרוורס הכי בסיסי, אז את מבינה שחייבות וחייבים להסתכל על התמונה הכוללת ובאמת להבין שבטיחות נמצאת בכל החלטה ובכל ממד של ההבניה של עולם התחבורה שלנו. אז כמו שאמרתם בצדק, זה נמצא גם בחינוך, זה נמצא גם בתרבות הנהיגה, תרבות ההליכה והתרבות הבסיסית של התנהגות אנושית שלנו זו כלפי זה, זה כלפי זו. אבל על זה אולי נדבר בזמן אחר, נתרכז בתחבורה כרגע.

אני מסכימה עם אדוני חבר הכנסת עודה. אני מסכימה, המדינה היא בהחלט סוכנת מרכזית של שינוי. האמת היא שאפילו לא של שינוי; למדינה במידה רבה יש כוח שהיא מתווה בו את ההתנהגות של כל האזרחיות והאזרחים בכל מיני דרכים. הינה האופן שבו אנחנו במשרד התחבורה מתכוונות לשנות את פני הדברים באופן עמוק: הדבר המרכזי הוא להבין שככל שיהיו פחות כלי רכב פרטיים על הכביש יהיו פחות נפגעות ונפגעים, נקודה. ההשקעה המסיבית והגדולה ביותר שלנו תהיה להוריד כלי רכב פרטיים מהכביש. זה ייעשה קודם כול על ידי היפוך של תפיסת העולם. אדוני היושב-ראש, עד היום תקציבי התחבורה במדינת ישראל תוכננו מתוך הסתכלות על הרכב הפרטי ועל כבישים שצריך לסלול כדי שהרכב הפרטי יוכל לנסוע בהם. ואנחנו ראינו שגם ברמה התחבורתית, ולא רק הבטיחותית, מהר מאוד כל כביש כזה שנסלל נסתם. פשוט נסתם. אנחנו הופכות לחלוטין את סדר העדיפויות, ואומרות שבראש נמצאים הולכות והולכי הרגל. הולכות והולכי רגל הם משתמשות ומשתמשי הדרך הפגיעים ביותר. הם הראשונות והראשונים להיפגע, והפגיעה בהם היא האנושה ביותר. לעומת זאת, אגב, בין נוסעות ונוסעי האוטובוס יש הכי פחות נפגעים, ולא כל שכן ברכבת או ברכבת הקלה או באמצעי הסעת המונים אחרים, שאותם אנחנו מתכוונות לחזק, להרבות, להוסיף, לדייק, לשפר, לשכלל ועוד. אנחנו נוסיף בחמש השנים הקרובות 7.5 מיליארד שקל רק בסובסידיה, בשירות ממש, בכסף שמגיע לנוסעת ולנוסע, לכל אזרח ואזרחית שיבחרו להשתמש בתחבורה הציבורית, שאנחנו מאוד נשפר ונוסיף. הולכות והולכי הרגל זה כל אחד ואחת מאיתנו גם אם יש לנו רכב פרטי; כי בסוף, עם כל הכבוד, אנחנו יוצאות מהאוטו והולכות והולכים על הרגליים שלנו. אני רוצה שכל אחת ואחד מאיתנו תוכל ללכת לתחנת האוטובוס הקרובה, ושהיא תוכל מתחנת האוטובוס לנסוע באופניים, אולי, ולכן אנחנו נשקיע 2 מיליארד שקל בסלילה של שבילי אופניים, בהשקעה בתרבות של רכיבה על אופניים ובהגנה על רוכבות ורוכבי אופניים ובהפרדה שלהם מכלי הרכב הכבדים. כאן אני מגיעה לסוגיה שהזכיר גם חבר הכנסת יעקב אשר, שאגב הגיש הצעת חוק בעניין הסדרת הכלים שנדבר עליהם עכשיו, הכלים החשמליים הקלים, זאת אומרת האופניים החשמליים והקורקינטים, כל ההמצאות החדשות-יחסית האלה, שהן באמת לא מוסדרות. הן באמת פותרות בעיה מצד אחד, אבל מצד שני יוצרות בעיה גדולה מאוד, והפגיעה שלהן בהולכות והולכי רגל היא פגיעה לא מבוטלת. אז גם יעקב אשר הגיש הצעת חוק, שאנחנו בוחנים אותה במשרד, על אופן הרישוי של הכלים האלה – – –

אבל צריך להגיד שגם עכשיו אנחנו בחירום.

אדוני היושב-ראש, צריך לומר שאנחנו עכשיו במצב חירום. ההצעה שאתה מעלה היא הצעה שאנחנו בהחלט בוחנות ובוחנים אם יש דרך להפוך אותה למשהו מעשי ולמשהו אטרקטיבי לאזרחיות ואזרחי ישראל. אבל אני באמת חושבת שלפני שנעשה את זה – או במקביל – אנחנו חייבות וחייבים לשנות את התשתיות באופן שישנו את ההתנהגות של האזרחיות והאזרחים, אבל שבאמת יספקו להם הגנה. אם אנחנו מדברות ומדברים פה כל הזמן על הנפגעות והנפגעים, אז אין שאלה: ככל שיהיו פחות כלי רכב יהיו פחות נפגעות ונפגעים; ככל שהכלים הקלים, האופניים והולכות והולכי רגל יהיו מופרדים באופן אפקטיבי מהכלים הכבדים יהיו לנו פחות נפגעות והרוגים. ככל שיהיו לנו יותר ויותר דרכים לנסוע בצורה בטוחה, לעבור את המעבר הבטוח מהליכה ברגל לאופניים, לאוטובוס או לרכבת, או אפילו לאוטו שחונה באיזה חניון, אבל הדרך תהיה כזאת שאת לא בסכנת דריסה בדרך, יהיו לנו פחות ופחות נפגעות ונפגעים. וזאת המטרה של התקציב הזה, מעבר להורדת העומסים: לספק דרך בטוחה לכל משתמשת ומשתמש בדרך. אני מתלבטת, אדוני היושב-ראש, ברשותך, אם להתחיל ולפרט כאן כל מיני תקציבים ספציפיים, למשל לדבר כמו תחזוקת כבישים. אחד הדברים המרכזיים זה שיש כבישים שנסללים, אבל עם השנים הם נשחקים, ואז הם הופכים – תיארו פה בורות בכביש למשל וסתם כל מיני תקלות ומפגעים, אז אנחנו הקצינו סכום מאוד גדול של כמעט 1.5 מיליארד ש""ח לתחזוקה של כבישים. אני רוצה לספר לכם על דבר, שהוא דבר שלי, כחברת כנסת, הייתה אפילו הצעת חוק כזאת, וסוף-סוף עכשיו אני יכולה לממש את זה. אנחנו נעשה מפרצי התרעננות בכבישים הבין-עירוניים. מדהים אותי, תמיד הדהים אותי, שאין היום במדינת ישראל – כל כך הרבה סיבות יש לפעמים שצריך לעצור בדרך: את עייפה, חשה לא טוב, הילדות והילדים בוכים, את צריכה רגע לסמס משהו, את רוצה לבדוק.

היום זאת סכנת נפשות. אסור לעצור בשוליים, ובצדק, אבל אין מקום לעצור. אנחנו עומדות ועומדים – ואנחנו הקצינו לזה עשרות מיליונים – לעשות בכבישים הבין-עירוניים שלנו כל כמה קילומטרים מקום, ולא פחות חשוב, אגב, מפרצים שיהיו גדולים מספיק כדי שמשאיות וכלי רכב מסחריים יוכלו לעצור בהם. כי אנחנו יודעות ויודעים שכלי רכב מסחריים הם אחד הגורמים שמסכנים ומסוכנים בכביש, ונהגים של כלי רכב מסחריים זקוקים עוד יותר אולי להפסקות האלה ולמקומות שבהם הם יכולים להתרענן, משום שהם נוסעים ימים שלמים בתנאים לא פשוטים. אז אנחנו נעשה את המפרצים האלה גם בשבילם. דבר נוסף, אדוני היושב-ראש וחבריי וחברותיי היקרים, אנחנו נשקיע הרבה מאוד כסף בבניית מסופים לתחבורה ציבורית, שבהם – ולא רק בהם, אלא יותר – יהיו מקומות לנהגי ולנהגות אוטובוס לנוח ולהתרענן. אחד הדברים הקשים ביותר לנהג ונהגת אוטובוס בעבודה זה שאין להם תנאים בסיסיים מינימליים אנושיים של כבוד אנושי, שבהם הם יכולים שנייה רגע לעשות את ההפסקה – שאגב מגיעה להם בחוק, והיא גם נדרשת בשביל הבטיחות של כל אלה שהם מסיעות ומסיעים אותם, אבל גם כל אלה שנוסעים מולם בכביש. אני יכולה לתת הרבה מאוד דוגמאות נוספות. אגב, השקעה אדירה בחברה הערבית, חברת הכנסת ג'ידא זועבי וחבר הכנסת עודה וחברת הכנסת אימאן יאסין, שהתייחסו לכך. 3 מיליארד שקלים יושקעו בתשתיות בחברה הערבית. הממשלה הזאת, במסגרת התוכנית ההיסטורית שהיא השיקה – וחבר הכנסת עודה, אני חייבת להגיד לך שככל שאני מסכימה שזה לא שפתרנו את כל הבעיות והשוויון לא כאן עדיין, כמו שהשוויון המגדרי גם כן עדיין לא כאן – –

– – אז שינוי – אי-אפשר להגיד שאין. יש שינוי. השינוי בא לידי ביטוי גם בתוכנית הזאת עם המספר האדיר הזה של המיליארדים, 32 מיליארד בחמש שנים, שיושקעו באמת בכל תחומי החיים של החברה הערבית. רק במשרד התחבורה יש 3 מיליארד ש""ח, וחוץ מ-3 מיליארד השקלים האלה יש תוכנית שהיא כבר בביצוע בנתיבי איילון, חברת נתיבי איילון, שהיא תחת משרד התחבורה, שממפה את הרשויות עצמן. היא כבר מיפתה כמעט חצי מהרשויות הערביות ובוחרת יחד עם אנשי הציבור ויחד עם האנשים המרכזיים בכל רשות את הפרויקטים הכי – איך אני אגיד, גם לפי סדר חשיבות, גם לפי סדר דחיפות, ותשקיע הרבה מאוד בשדרוג כל התשתיות בערים האלה. אנחנו נשקיע 140 מיליון שקלים בהסברה בחברה הערבית לעניין חינוך תעבורתי. אני שותפה לחזון. נמצאת פה שרת החינוך, חברתי, וכבר דיברתי איתה על זה דיבור ראשוני, אבל זה ייקח לנו עוד זמן, אולי לתקציב הבא. אני שותפה לחזון של הטמעה מאוד מאוד עמוקה של חינוך תעבורתי, חינוך של התנהלות בדרך מגיל מאוד צעיר בתוך מערכת החינוך. אני מאוד מאוד מקווה ומאמינה שנוכל לעשות את זה. יש הרבה דרכים לעשות את זה. בכל מקרה, יש הרבה דברים שהרבה זמן מחכים להם, דברים, אדוני היושב-ראש, שנשמעים כאילו מילים משעממות ומסובכות כאלה. טכוגרף, אוקיי? הקופסה השחורה הזאת שתהיה באוטובוסים ובמשאיות ותיתן לנו אינפורמציה.

אנחנו ממש הקצינו כסף לדיגיטלי על מנת – נחזיק אצבעות – שבסוף שנת 2022 הוא ייכנס לפעולה, הטכוגרף הדיגיטלי, שבאמת יעקוב באופן אמיתי, ייתן לנו אינפורמציה גם על הנהיגה וגם על המצב של כלי הרכב הכבדים והאוטובוסים, וזה דבר שללא ספק יציל חיים. משרד התחבורה גם עובד על תוכנית שתוריד מהכבישים, במידת האפשר, את המטענים הכבדים בשעות היום ובשעות העומס, כמו שראינו שנחסם כביש מס' 1 לארבע שעות בגלל משאית עם טרקטור עליה שנתקעה בגשר. בקיצור, כמו שאתן מבינות ומבינים, יש לי רשימות ארוכות. ואולי רק אסיים בדבר אחד אחרון. אנחנו הסטנו, כמו שאמרתי, את כל תשומת הלב, את כל כובד הראש, את כל החשיבות בתקציב מכלי הרכב הפרטיים, להולכות והולכי הרגל, לכלים קלים, לתחבורה הציבורית. ולכן אנחנו נשקיע פחות בסלילת כבישים ויותר, הרבה הרבה הרבה הרבה יותר, בכל אלה. מה שכן נשקיע בכבישים – אנחנו מתעדפות ומתעדפים בצורה מובהקת קודם כול כבישים מסוכנים ומוקדי סיכון, אחר כך כבישים שהם תשתית לתחבורה ציבורית, ובסוף – או לא בסוף, במקביל – כבישים שנדרשים כדי להגיע לכל המקומות שאין אליהם גישה. דיבר חבר כנסת מאיר הלוי על כביש מס' 90, שייכנס ב-2022 לתכנון וב-2023 לביצוע; כביש 65, החלק הצפוני, שהוא חלק נדרש מאוד גם מבחינת נגישות וגם מבחינת מסוכנות, גם הוא יתחיל להיות – אדוני היושב-ראש, שלום, התחלפת.

אז כביש 65 צפון – אנחנו נתחיל כבר עכשיו לממן את התכנון והביצוע העתידיים שלו. זה פרויקט מאוד מאוד גדול, אז נצטרך לקחת אותו בחתיכות, אבל הוא יקרה. אבל כבר נכנסו לעבודה כביש 66, כביש 55, וגם כבישים אחרים, קטנים יותר. גם מישהי הזכירה כאן – אני עכשיו לא זוכרת מי הזכירה את הפניות שמאלה שמאלה, שהן באמת אחד הדברים שאנחנו בכל מקרה תקצבנו כבר ב-100 מיליון ש""ח השנה, אבל אנחנו מחפשות דרך לקצר את מספר השנים שזה ייקח ולהביא יותר כסף כמה שיותר מהר כדי לעשות אותם. לסיכום, חברותיי וחבריי, אני באמת אגיד שאני חושבת שאנחנו חייבות וחייבים להסתכל על המכלול ולעבוד ביחד כדי לחסוך חיים וכדי שבאמת הדרכים שלנו יהיו בטוחות לכולנו בכל מובן שהוא. תודה רבה.

אני אביא את התשובות ואחזור.

השרה רוצה להגיד רק דבר אחרון: שהיא רוצה להודות לחבר הכנסת טופורובסקי, שהאיר את עיניי בעניין הזה של המעקות. גם כן הזכירה את זה בדבריה מישהי, אחת מחברות הכנסת, היום – המעקות האלה של גדרות ההפרדה, שמסוכנים כל כך לרוכבי האופנוע. באמת חבר הכנסת טופורובסקי הוא זה שהפנה את תשומת ליבי ובזכותו למדתי על הדבר הזה, ובאמת יכולנו להביא בעזרתו כסף כדי לטפל בזה, באמת הידד.",5,
339173,2021-11-17,"הצעת חוק כביש אגרה (כביש ארצי לישראל) (תיקון – פטור מאגרה בשל האטה ממהירות הנסיעה המותרת), התשפ""א–2021","חבר כנסת טיבי היקר, אני מודה שלא זכרתי - -

- - אני מודה שלא זכרתי שהצבעתי על החוק הזה, אבל אני מודה שבתור חברת כנסת באופוזיציה יש לך פריבילגיה להצביע מתוך הזדהות, קולגיאליות ורצון לתמוך בחבר לאופוזיציה, בלי שלפעמים נכנסת לפרטים וידעת בדיוק מה המשמעות של כל דבר - -

אלוהים יודעת שבאופוזיציה בימים אלו יכולים להעיד שגם כשהפרטים ברורים, לפעמים זה קורה. אבל, לענייננו, אין ספק שהבעיה מס' אחת שמטרידה היום את אזרחיות ואזרחי ישראל היא הפקקים. (אומרת בערבית:) אין שאלה בכלל. הדבר הכי מטריד את אזרחיות ואת אזרחי ישראל – הפקקים. צריך להגיד שזה עולה לנו הרבה יותר מכסף. זה עולה לנו זמן, זמן, זמן ועוד פעם זמן, ועצבים ותסכול. זה עולה לנו בזה שאנחנו לא מצליחות ומצליחים להגיע לאן שאנחנו צריכות וצריכים בחיים. זאת תוצאה של שנים ארוכות של שילוב של מדיניות בעייתית של רק סלילת כבישים – וגם כן לא את כולם – וכמעט בכלל לא פיתוח של תחבורה ציבורית והסעת המונים, וגם לא מעט הזנחה על הדרך.

- - ספציפית באמת מאוד מאוד מאוד עמוס.

העניין הוא שהפתרון שאתה מציע לא יפחית את הפקקים.

פשוט לא יפחית את הפקקים, אולי אפילו להפך – עלול אולי אפילו להחמיר אותם. לעומת זאת, מה שאנחנו מתכוונות ומתכוונים – לא מתכוונות, כבר עושות ועושים בכל הכוח – זה באמת להביא פתרונות שיפחיתו את העומס. קודם כול, ספציפית בכביש 6, כבר תקצבנו תכנון, ובתחילת 2023 יתחיל ביצוע: הרחבה של הקטע המרכזי של כביש 6, עם נתיבים שיהיו מיועדים לתחבורה ציבורית ולמכוניות מלאות בנוסעות ונוסעים, מה שנקרא רבי-תפוסה. זה תמריץ באמת לצמצם במספר המכוניות הפרטיות ולהגיע בצורה יותר מהירה, שגם כאמור יעשה יותר מקום. מעבר לזה, אנחנו בוחנות ובוחנים את האפשרות להאריך את כביש 6 צפונה. בנוסף – עובדות על האצה, גם של המסילה הרביעית באיילון וגם של המסילה המזרחית, ושני הדברים האלה הם דברים שיאפשרו לציבור לנסוע בתחבורה ציבורית בצורה הרבה יותר מהירה, בלי הרכב הפרטי שלהם, או מקסימום להחנות את האוטו הפרטי ליד איזושהי תחנת רכבת. אני רוצה להגיד שבתקציב הנוכחי יש 6 מיליארד ש""ח שמיועדים לתחבורה ציבורית - -

- - ובנוסף יש מיליארד שקל שמיועדים - -

- - רק לחברה הערבית וליישובים בחברה הערבית, ועוד מיליארד שקל לתשתיות בחברה הערבית.

יש פה אנשים שצועקים: כביש 65, כביש דמים. ואני בפירוש אמרתי מהרגע הראשון: התעדוף התקציבי והביצועי הראשון במעלה הוא למוקדי הסיכון שעדיין לא מטופלים ולכבישים מסוכנים, וכביש 65 הוא אחד מהם, והוא לחלוטין מאוד גבוה באג'נדה שלנו.

אבל עוד דבר, חבר הכנסת טיבי - -

- - זה כביש 65, החלק של ואדי עארה, שהולך להיות מורחב והולכת להיות שם תחבורה ציבורית רבה ומשודרגת באופן נפרד.

- - הם דברים שיסייעו להפחית את הפקק. אבל מעבר להתנגדות של משרד האוצר, שבחלקה אגב נוגעת להתקשרויות ולמחויבויות של המדינה – שהיא לא יכולה פשוט לוותר עליהן בהינף יד, אלא באמת להתמודד עם הבעיה. הבעיה היא בעיה של עומס, של גודש ושל צפיפות. לצערי, הצעת החוק של אדוני לא זו בלבד שלא מקיימת את התכלית שהיא מצהירה עליה, אלא להפך – עלולה לעודד עוד ועוד אנשים לנסוע ברכבים הפרטיים שלהם, ואת זה אנחנו בוודאי ובוודאי לא יכולות ויכולים להרשות לעצמנו. לכן אני חוזרת ואומרת, חבר הכנסת טיבי, אני חוזרת על הצעתי אליך: תן לי לבחון ולראות מה כן אפשר לעשות. אם עדיין תרצה לקחת את ההצעה הזאת, היא עדיין פתוחה לפניך. תודה רבה.

אני לא יודעת. אני לא יודעת - - -",5,
339236,2021-11-17,"הצעות לסדר-היום: היעדר שירותי רכבות אל הפריפריה בלילה, בימי שישי ובמוצאי שבת","תודה רבה, אדוני. תודה רבה לחברת הכנסת יעל רון בן משה על השאילתה החשובה שלה.

סליחה, ההצעה הדחופה שלה לסדר-היום. תודה על התיקון.

ותודה לשר וחבר הכנסת - - נכון? אתה לא נורבגי? סגן.

חבר כנסת. - - על השאלה המצוינת מה עושות הרכבות בלילות. התשובה: הן מפנות את המסלול, את המסילה, כדי שאפשר יהיה לחשמל אותה. זה מה שעושות הרכבות בלילות. בכל המקומות שהזכרת, חברת הכנסת יעל רון בן משה, מתקיים פרויקט החשמול, שהוא פרויקט לאומי ראשון במעלה בחשיבותו, שלא אני התחלתי אותו, כך שבאמת אני יכולה לפרגן למי שכן התחילו אותו. נכון שגררו רגליים מאוד בביצוע שלו, מאוד, ולכן כשאני נכנסתי באמת הייתי צריכה לשים את כל כובד משקלי כדי לזרז אותו וכדי לקצר את הזמן שבו המסילה תצטרך להיות ריקה כדי שיוכלו להשלים את החשמול. אבל שנייה, בואו נתרכז במשמעות. דווקא אנחנו, מי שמשתמשות ומשתמשים ברכבת, אבל בוודאי מדינת ישראל, שאנחנו היום בעיצומו של משבר אקלימי כל כך חמור, ואנחנו מודעות ומודעים לזה שהתחבורה היא שחקן מס' אחת כמעט בזיהום – לא מס' אחת, אבל אחד הגדולים – מדינת ישראל לא יכולה להמשיך להשתמש ברכבות דיזל מיושנות ומזהמות; זה גם פחות נוח לנסיעה. כך שחשמול הרכבת הוא כאמור פרויקט לאומי ראשון במעלה בחשיבותו, והדרך היחידה לעשות את זה היא לפנות את המסילות. אז בשישי-שבת – צריך פשוט זמן עבודה, לנצל את הזמן הזה, אז לוקחים גם את שישי בבוקר וגם את מוצאי שבת ואת הלילות, וצריך להגיד: זה איפה שמראש היו פחות נוסעות ונוסעים, אלה לא השעות העמוסות. נכון שלמי שזקוקה לרכבת כדי להגיע, כל שעה היא שעה מאוד דרמטית, אבל בסוף צריך לעשות איזשהו חישוב, וזה חישוב באמת מאוד מאוד סביר. קודם כול, אני רוצה לתת תאריכים למה שאני כבר יכולה לדעת: קו אשקלון – וחברנו פה, אלון, הוא מהאזור החשוב הזה של הנגב הצפוני ושער הנגב – ייגמר ב-26 בדצמבר וייפתח הקו החשמלי. אנחנו הגענו להסדר עם הרכבת במאמץ אדיר של עוד תוספת כוח אדם, ובעיקר, הכי חשוב זה סנכרון של הרכבות. יהיה שירות גם לשדרות ולכל המקומות האחרים – שוב, לא מיטבי, אבל אנחנו מאוד מאוד לוחצות ולוחצים על הוות""ל שסוף-סוף יאשרו ויקדמו את התכנון של החשמול עד באר שבע, ואז תהיה גם רכבת חלקה לשם. צריך להגיד שזה יעבור בזה ששוב יהיו שיבושים בקווים שהיום הם דיזל. רכבת טבעת השרון – גם כן החשמול יסתיים במהלך דצמבר 2021, ממש או-טו-טו, ואז זה אומר שאפשר יהיה לנסוע בכל הקווים האלה – פתח תקווה, הוד השרון, רעננה. כל הדבר הזה יסתיים בדצמבר 2021. בתחילת 2022 ייפתח קו חדש – רגע, אני קוראת הפרטים, כי אני כבר מתבלבלת – בין מודיעין לירושלים, ובנוסף, קו ירושלים יצחק נבון–הרצליה – אלה ייפתחו בתחילת 2022, כך שהעבודה נעשית, ונעשית בכל הכוח. אני קיימתי ישיבת עבודה עם רכבת ישראל לפני שבועיים וביקשתי מהם לבדוק איך בכל זאת אפשר עוד יותר לקצר את לוחות הזמנים, ואני מבטיחה לך שברגע שהם ישובו אליי עם תוצאות – אנחנו נעשה את הדבר שלא נעשה עד היום, והוא: נפרסם את לוח החשמול המלא הצפוי, כדי שהציבור גם תדע להיערך מתי צפויות לא להיות רכבות לשירות ובאיזה שעות. דבר אחר שאגיד – את התלוננת, ובצדק, כמובן, מבחינת המתלוננות, על זה שההיסעים עדיין לא מספיק מדויקים, אלה שאמורים להחליף את הרכבות. כשאני נכנסתי לתפקיד, בכלל לא הייתה אלטרנטיבה; פשוט לא הייתה רכבת וזהו. ברגע שנכנסתי לתפקיד, הוריתי לרכבת להתחיל לקיים את שירות ההיסעים האלטרנטיבי הזה, ולקח להם זמן – אחרי הכול, לא זו העבודה של הרכבת בשוטף. לקח להם זמן להיערך לזה. היום, ההנחיה החד-משמעית היא שבכל מקום שבו עומד לא להיות שירות, צריך ליידע מראש באתר, במקום, ושיהיו אנשי רכבת, אנשי שירות, שיכווינו איפה נמצאת ההסעה האלטרנטיבית. יש מקומות שבהם תגברנו את קווי השירות של האוטובוסים, למשל לחיפה – יותר קווים של השירות הרגיל נוסעים בשעות שבהן אין רכבת. עושים ועושות כמיטב יכולתנו. ברור שיותר כיף לנסוע ברכבת, אבל יהיה הרבה יותר כיף לנסוע ברכבת כשהיא תהיה חשמלית.

כרגע הוא יהיה מחושמל עד אשקלון, ומשם מחליפים רכבת לרכבת דיזל. חלק מהזמן, בעצם, תיסע רכבת דיזל ישירה לשדרות.

זה מאוד מסובך באופן כללי, אבל עשינו מאמץ מאוד גדול בשביל להשתדל למזער את הפגיעה בתושבות ותושבי האזור. אבל אני חוזרת ואומרת: מה שאנחנו מחכות זה לקבל את התכנון הסטטוטורי שיאפשר לנו לחשמל את ההמשך דרומה.

אני לא יודעת לענות לך. אני יכולה - - -

כל זמן שלא היה מספיק סנכרון ולא היה יידוע של הציבור שבכלל יש אופציה כזאת, מן הסתם השתמשו בזה מעט - -

- - כי לא ידעו שזה קיים, או שכמו שאמרו, זה לא היה מספיק מסודר.

לא כזה, אבל בסדר. אבל ככל שהם ישדרגו את התיאום ואת היידוע של הציבור, ברור שיהיו יותר משתמשות ומשתמשים. אבל אבדוק אם יש מספרים ואשוב אליך.

משרד התחבורה בראשותי לא מתייחס באופן שונה לאנשים לפי מקום מגוריהם או לפי דתם או לפי מינם או לפי מוצאם או לפי כל דבר שהוא.

אזרחיות ואזרחים הם אזרחיות ואזרחים. נקודה. ולכן גם הרכבת שנוסעת לצורך העניין לאשקלון מתל אביב – תל אביב היא בתוך הדבר הזה – לא מיידעות ומיידעים את תושבות תל אביב - -

- - ומקפחות חלילה את תושבות אשקלון. לא, ממש לא. כמו שאמרתי, הרכבת, לקח לה – אני מודה ומתוודה, הרכבת, לקח לה זמן לעשות את השינוי התודעתי הזה של להבין שצריך לספק מענה למי שלא מקבלת שירות, וכמו שאמרתי, אני דרשתי מהם לעשות עבודה. יכול להיות שהם יחזרו אליי ויגידו: אי-אפשר לקצר את הזמן של הפרויקט הזה, אבל כך או כך, כשאקבל מהם תשובה, יפורסם לוח הזמנים המלא, ונפיץ אותו כמיטב יכולתנו.

אם גברתי עומדת על כך, התשובות שיינתנו שם הן אותן תשובות שאני נתתי כאן. אני רוצה להגיד, חברת הכנסת יעל רון בן משה, שלפעמים יש בעיה שצריך לברר איך לפתור אותה או שצריך לגייס. כאן זה לא המקרה. אני שוב אומרת, אני לא כופרת באי-נוחות שנגרמת.

לא, לא, לא, לא. זה ממש לא שיקול כלכלי.

אין שום בעיה. בכיף. תקבלו אותן תשובות.",3,
341102,2021-12-29,הצעות לסדר-היום: פגיעה במסדרון האקולוגי בעמק הצבאים,"אדוני היושב-ראש, חברי המציעים, אני מאוד מאוד מודה לכם על הדברים שאמרתם כאן. ניכר שהדברים בוערים בכם, ובאמת דיברתם מתוך מסירות ומחויבות מאוד מאוד גדולה לנושא הכל-כך חשוב הזה. צריך להגיד, הנזקים האלה שנגרמים בעקבות פיתוח לאזורים פתוחים, לשטחים פתוחים, למקומות שבהם קורים דברים מופלאים של הטבע – הנזקים האלה הם בלתי הפיכים: מינים שנכחדים ולא חוזרים, אחר כך אנחנו מגלות בדיעבד על דברים שנפגעו שלא ידענו עליהם אפילו בזמן אמת, על המשמעות האקולוגית שיש להכחדה של מין או מינים, על המשמעות של איכות האוויר שאנחנו נושמות ונושמים לא רק במקום עצמו אלא בכל מקום אחר. אין שום ספק שהחשיבות של האטה, ממש האטה, של תנופת – לא תנופת הפיתוח, כן צריך פיתוח, אבל הפיתוח על חשבון שטחים פתוחים ואתרי טבע – התנופה הזאת חייבת להיבלם, ואנחנו חייבות וחייבים לחשוב פעמיים. במדינת ישראל נשארו לנו מעט מאוד שטחים פתוחים. הנזק הסביבתי שנגרם כבר מתוך חוסר מודעות או חוסר אכפתיות או תיעדוף לא נכון של דברים – הנזק הסביבתי שכבר נגרם הוא עצום, ואסור לנו בשום אופן להמשיך אותו. כמו שציינתם, אכן אני רואה את הדברים ככה באופן חד-משמעי, ואני אומרת את זה כשרת תחבורה, לא כשרת הגנת הסביבה או משהו שהוא כאילו, אלא אני חושבת ומאמינה באמת שאת כל הפיתוח שאנחנו עושות ועושים היום אנחנו חייבות לעשות מתוך הסתכלות סביבתית, שכן זה פשוט האינטרס שלנו כאן ועכשיו – לא רק לדורות הבאים אלא באמת כאן ועכשיו – לאיכות החיים שלנו ולקיימותה של מדינת ישראל. אם אנחנו נחריב את המקומות הפתוחים שלנו, יהיה מאוד מאוד קשה לחיות כאן ממש בזמן הקרוב. לכן, כמו שאתם יודעות ויודעים, אני ביטלתי את כביש עמק האלה; לכן אני מאיצה באופן ניכר את חשמול התחבורה הציבורית וחשמול הרכבת; לכן העברתי יחד עם חברתי השרה להגנת הסביבה ושרת האנרגיה את החלטת הממשלה לתחבורה נקייה, שלראשונה שמה מדדים מאוד משמעותיים לעבור לתחבורה נקייה, ובאמת המעבר המסיבי לתחבורה ציבורית; וגם צריך להגיד, המאבק שלי ושל מפלגת העבודה למען החקלאות בימים אלה הוא בין השאר מפני שגם העיבוד החקלאי של שטחים במדינת ישראל הוא חלק מהשמירה על הקשר שלנו עם האדמה ועל השטחים הפתוחים שלנו. לגבי הכביש הנדון, 4311 המתוכנן, אז קודם כול עוד אין לו תכנון סטטוטורי. זה בשלב התחלתי במוסדות התכנון. למרות זאת, למרות שהוא עדיין בעצם פורמלית לא הגיע לפתחי, הנחיתי ואני מנחה את כל גופי התכנון במשרד לחשוב ולהשקיע מאמץ גדול במציאת אלטרנטיבות שישרתו את מי שבכל זאת זקוקים וזקוקות לפתרונות. אנחנו מדברות גם על מודיעין וגם על מודיעין עלית, שבאמת מוצאים ומוצאות את עצמם כבר באיזה סד, ואנחנו צריכות וצריכים למצוא להם פתרון תחבורתי. נכון שהמסה של הפתרון הזה, לשיטתי, צריכה להיות במעבר לתחבורה ציבורית, ובכל זאת גם התחבורה הציבורית - - -

אבל לא במודיעין, ולכן מעבר להשקעה האדירה במעבר לתחבורה ציבורית, צריך יהיה למצוא פתרון. אני לא רוצה להתעלם מהצרכים התחבורתיים שהביאו למחשבה על הכביש הזה מלכתחילה, ולכן כאמור אני הנחיתי ומנחה את כל הגורמים במשרד שלי לחפש פתרונות אלטרנטיביים. זה מורכב מאוד, הסיפור שם, אני לא איכנס כאן לבעייתיות בצומת שילת, למה קשה לעשות שם מחלף, לא בטוח שבכלל יהיה אפשרי, אבל אנחנו נחפש כל דרך כדי למצוא פתרונות למה שדורש פתרון ולשמור על המקום היקר הזה בלי באמת להזיק לו. אז אנחנו עוד נדבר בהמשך. תודה רבה.",5,
341841,2022-01-19,שאילתות ותשובות,"תודה רבה, חברי חבר הכנסת יריב לוין. אני גם מודה לך שנשארת. זה נחמד שיש פה חברות וחברי כנסת שנשארות בשביל להשמיע את השאילתות ולקבל את התשובות.

אוי, הפסדתי. כמו שאדוני אולי הבחין, אחד הדברים ששמתי עליהם כובד משקל בכניסה לעבודה במשרד התחבורה הוא המעבר לחשמול רכבים בתחבורה ציבורית – גם כלי רכב פרטיים וגם תחבורה ציבורית. לכן, שים לב: בהחלטת ממשלה מיולי האחרון, של מעבר לכלכלה דלת-פחמן נקבע שהגבלת כמות פליטות גזי חממה לרכב חדש עד 3.5 טון תהיה משנת 2030. היא לא תידחה לשנת 2035. מה שיידחה לשנת 2035 – הוא לא נדחה, אלא זה מעבר הדרגתי. בכל מקרה עד שנת 2030 – כמות השווה עד 5% מכמות פליטת גזי החממה ממה שיש ב-2020. כלומר מ-2030 בעצם התנאי לייבוא כלי רכב פרטיים הוא הנעה בלי פליטות מזהמות. זה חלק א'. מה שרלוונטי לשנת 2035 זאת החלטת ממשלה לתחבורה נקייה, שבה הוספנו שעד 2035 לפחות 50% מכלי הרכב שהם מעל 3.5 טון ומיובאים לישראל יהיו נקיים, או שעושים בהם שימוש בדלקים שמובילים להפחתה של 80% מפליטות גזי החממה. כמו שאדוני בוודאי יודע, כלי רכב כבדים, המעבר שלהם לחשמל הוא איטי יותר, ועדיין הפיתוח שם נמשך. בכל מקרה בישראל יש גם אתגר, משום שממשלות קודמות – ואני אומרת את זה, זה מה שזה – ממשלות קודמות לא עשו כמעט דבר כדי לייצר כאן תשתית טעינה. כדי לעבור לשימוש בכלי רכב חשמליים אתה זקוק לתשתית שבה אפשר יהיה לטעון הן את כלי הרכב הפרטיים והן את כלי הרכב הציבוריים. זה דבר שכמעט לא קיים במדינת ישראל היום, ובהחלטות הממשלה שציינתי אנחנו הנחנו את התנאים ואת התאריכים ושמנו יעדים ומטרות לייצר את התשתית כזאת. בנוסף ההתחייבות שלנו היא שעד שנת 2026 אוטובוסים עירוניים חדשים יהיו אך ורק חשמליים, ואכן, הבאתי השבוע לממשלה את הסכם התחרות החדש בגוש דן שמביא עוד דחיפה ועוד החשה של המעבר לאוטובוסים חשמליים. לגבי אגרת הרישוי על כלי רכב חשמליים – זאת כידוע לא החלטה שלי אלא של משרד האוצר, הם רצו להעלות את האגרה – אני מתנגדת לכך בכל תוקף, ואני פועלת ככל יכולתי למנוע את ההעלאה הזאת.

אז קודם כול תודה לך על הבמה, ואנחנו נוודא ונבהיר את זה בצורה ציבורית ראויה.

עדיין לא הוסר, לצערי. אבל אנחנו על זה.

א. תודה על ההבהרה. אדוני צודק – גם אני ראיתי את הכוונה הזאת. עדיין לא נכנסתי לדין ודברים עם משרד האוצר בעניין הזה, אבל אנחנו אכן נעשה את זה. אני מסכימה איתך. אנחנו צריכות וצריכים לעשות כל מאמץ בשביל להעביר כמה שיותר כלי רכב להיות לא מזהמים, חשמליים ונקיים. אנחנו עדיין לא נכנסנו לדין ודברים. אז אני מבטיחה לעדכן בהמשך.

גם הוא ביקש לקבל בכתב את התגובה, והוא אף יקבל אותה בכתב.

תודה רבה לך, חבר הכנסת טל, על השאלה המאוד-חשובה הזאת. קודם כול, צריך להגיד, אני מצאתי משרד תחבורה שבו מצב המוניות המונגשות הוא בכי רע. לא פחות מזה. בעיקרון, יש הרבה מאוד זיכיונות למוניות מונגשות, אבל בפועל מעטות מהן פועלות, וגם אלה שפועלות אכן נוקטות סוג של סלקציה, מתי הן כן מוכנות לקחת ומתי הן לא מוכנות לקחת. זה אכן לא ראוי. אז קודם כול, בעיקרון יש אגף פיקוח, בקרה ורמת שירות במשרד התחבורה, שכן מבצע ביקורות. כלומר, פקחים מזמינים מוניות או עולים על מוניות ומתעדים אם יש כזה סירוב או הפקעה של מחיר או משהו מסוג זה. ככל שיש כזה, אז מועברת תלונה וזו באמת עבירה שיכולה להגיע להיות עבירה פלילית. כתב אישום בעבירה פלילית. אבל נכון גם שאנחנו יודעות ויודעים שהיקף הפיקוח הוא לא גדול. זה לא משהו שנעשה ברמה כזאת שמייצרת הרתעה. אבל אני אגיד יותר מזה: אני, כשיטה, כשניגשתי לעניין הזה – אני חושבת שהדרך היא לא עכשיו להגביר את האכיפה אלא קודם כול אני רוצה לדבר באופן כללי על התפיסה של הנגישות. בחצי שנה במשרד התחבורה, בהנחייתי, המשרד מבצע שינוי מאוד מאוד גדול בתפיסת הנגישות, קודם כול. קודם כול, הבאנו תקציב ייעודי של 96 מיליון שקלים כדי להתחיל לעשות מהלך של הנגשה של המערכת. אני ממש באה לכאן משיחה, פגישה, שערכנו אותה באמצעים דיגיטליים, עם יובל וגנר, ראש נגישות לישראל, ודיברנו באמת על השינויים הנדרשים. אנחנו עושות ועושים במשרד תהליך הטמעה של העובדה שהמערכת צריכה להיות כולה מונגשת; שנגישות היא לא פתרון נקודתי כזה או אחר – אם כי גם בזה אנחנו מתקדמות. אני חנכתי – שלשום, לדעתי – בתחנה המרכזית בירושלים אוטובוס בין-עירוני נגיש, שהוא פיילוט. הוא בינתיים ניסוי – אחר כך אבשלום קור מסמס לי: למה את אומרת פיילוט – ניסוי של סוג מסוים של מעלון וסוג מסוים של מקום בתוך האוטובוס, שייסע מירושלים לבאר שבע וחזרה. אנחנו מחפשות ומחפשים עכשיו את הדרך לפתור את הסיפור של המוניות באופן שבאמת יוודא שיש שירות רצוף לכל מי שזקוקות וזקוקים לסוגים של הנגשה. ובאמת הדבר הזה – יש הפנמה היום במשרד, לשמחתי, שזאת זכות בסיסית ושזאת אחריות של משרד התחבורה לדאוג לכך שהיא תהיה קיימת וזמינה. אני מבטיחה לעדכן אותך כשאנחנו נתקדם בתוצאות, כי באמת משלל המשימות הרבות שנמצאות על השולחן, ומהדברים שכבר הספקנו לעשות, עוד לא פתרנו את העניין הזה. אבל אני מבטיחה לך שזה לגמרי נמצא בעבודה.

לא, אי-אפשר להאמין, מה הסיפור.

רק יורשה לי, זה לא נראה לי ראוי לדבר ככה ליושב-ראש הישיבה.

תודה לך, חברת הכנסת סטרוק. ובכן, כך: צומת כיכר בית ענון בכביש מס' 60 כולל ארבע זרועות. ובצמידות לצומת, מצד מערב, יש בית ספר פלסטיני, שבכל יום חוצים בו תלמידות ותלמידים מהכפר בית ענון את כביש 60, שמוגדר כביש אזורי, בדרכם לבית הספר. ואכן היו שם תאונות רבות עם נפגעים ועם הרוגות והרוגים, והצומת הוגדר כמוקד סיכון במסגרת ועדה בין-משרדית. בשנת 2015, לאור החלטה ביטחונית להסיר את החסימה הביטחונית בזרוע לכיוון חברון, ואחרי שביצעו שם ספירות תנועה, נמצא שאין הצדקה תנועתית לרמזור, וכתנאי לפתיחת הזרוע הרביעית לחברון הוסדר הצומת באמצעות כיכר שבוצעה על ידי הרשות הפלסטינית. צריך להגיד שהתוכניות האלה בוצעו לפי ההנחיות התחבורתיות לתכנון צמתים, נבדקו ואושרו על ידי חברת נתיבי ישראל בשעתו והמפקח על התעבורה ביהודה ושומרון. הצומת הוסדר בהתאם לסטנדרט הבטיחותי המחמיר של חברת נתיבי ישראל, במסגרת תוכנית אב לתחבורה ביהודה ושומרון, שהסתיימה לאחרונה. ואז נמצא שיש הצדקה להסדיר את צומת בית ענון באמצעות רמזור. משום שכך, ולאור החשיבות הביטחונית הרבה בהסדרת הצומת, ובהתאם להמלצת הגורמים המקצועיים במשרד התחבורה ובנתיבי ישראל, תשמחי לדעת שהנחיתי את הגורמים במשרד להסדיר את הצומת בדחיפות. זה ממש – כמו שאת בוודאי יודעת, אני בכלל הגדרתי את הבטיחות כאחד הקריטריונים הראשונים בתיעדוף כבישים אצלנו, ובחנו את המצב. ולכן הנחיתי אותם לפעול למען זה בדחיפות. עכשיו, בקשר לצומת העוקפים ב-60/35, שגם שם יש תאונות רבות עם נפגעים רבים, הצומת הוגדר כמוקד סיכון. שם נמצא צדק להסדיר את הצומת באמצעות רמזור, שכולל תוספת נתיבים ברמת שירות טובה, תוך מתן מענה בטיחותי לתאונות הדרכים עם נפגעים בצומת העוקפים. ובימים אלה התחילה כבר הסדרת הצומת העוקפים באמצעות חברת נתיבי ישראל. בנוסף, לפני כמה חודשים הוסדרה הכניסה לקריית ארבע בצומת שבכביש 60 באמצעות רמזור. היא נמצאת במרחק מאוד קצר מצומת העוקפים, ולמעשה זה הצומת הקרוב מכיוון דרום. ולפי המידע שנמסר לי על הביצוע ועל תפקוד הצומת באמצעות רמזור, בינתיים יש תגובות מאוד מאוד טובות, גם מראשי הרשויות ובכלל התושבות והתושבים. אז אני כולי תקווה שבאמת נציל חיים רבים באמצעות הסדרה מהירה של האירוע בקרוב.

הבנתי. אני לא חושבת שהבנו את זה מהשאילתה שלך.

אני לא חולקת על זה שזה מה ששאלת. אני רק אומרת שלא זה מה שכנראה הובן. ולכן אני בשמחה אלך לבדוק את זה.

אני אבקש מגורמי מקצוע לבדוק את זה.

למותר לציין שזה דבר שלא יכול להיות. אני, א. אבקש ממך להעביר לנו את הפרטים של היום והשעה של האוטובוס שמדובר בו, וככל שאת יודעת על מקרים כאלה, כך שאפשר יהיה לבדוק באמת באופן ספציפי. ב. לבדוק באמת, לברר, וככל שצריך – לטפל בסוגיה הזאת בצורה משמעתית או אחרת, ולבדוק אם יש פה תופעה, בוודאי. תודה לך.

תודה לך, אדוני היושב-ראש. אני רוצה להגיד שאתה אומנם חדש כסגן יושב-ראש, אבל לאדוני יש ניסיון רב בעבודתו כמזכיר הממשלה והוא מכיר את הכנסת היטב. ודווקא באמת יש לי ציפיות גדולות מכהונתך כסגן יושב-ראש הכנסת. אין לי ספק שאתה תנהל את הישיבות ואת המליאה ביד רמה ומהממת.

אוי, הפסדתי. כמו שאדוני אולי הבחין, אחד הדברים ששמתי עליהם כובד משקל בכניסה לעבודה במשרד התחבורה הוא המעבר לחשמול רכבים בתחבורה ציבורית – גם כלי רכב פרטיים וגם תחבורה ציבורית. לכן, שים לב: בהחלטת ממשלה מיולי האחרון, של מעבר לכלכלה דלת-פחמן נקבע שהגבלת כמות פליטות גזי חממה לרכב חדש עד 3.5 טון תהיה משנת 2030. היא לא תידחה לשנת 2035. מה שיידחה לשנת 2035 – הוא לא נדחה, אלא זה מעבר הדרגתי. בכל מקרה עד שנת 2030 לכמות השווה עד 5% מכמות פליטת גזי החממה ממה שיש ב-2020. כלומר מ-2030 בעצם התנאי לייבוא כלי רכב פרטיים הוא הנעה בלי פליטות מזהמות. זה חלק א'. מה שרלוונטי לשנת 2035 זאת החלטת ממשלה לתחבורה נקייה, שבה הוספנו שעד 2035 לפחות 50% מכלי הרכב, שהם מעל 3.5 טון שמיובאים לישראל, יהיו נקיים, או שעושים בהם שימוש בדלקים שמובילים להפחתה של 80% מפליטות גזי החממה. כמו שאדוני בוודאי יודע, כלי רכב כבדים, המעבר שלהם לחשמל הוא איטי יותר, ועדיין הפיתוח שם נמשך. בכל מקרה בישראל יש גם אתגר; משום שממשלות קודמות – ואני אומרת את זה – זה מה שזה – ממשלות קודמות לא עשו כמעט דבר כדי לייצר כאן תשתית טעינה. כדי לעבור לשימוש בכלי רכב חשמליים אתה זקוק לתשתית שבה אפשר יהיה לטעון הן את כלי הרכב הפרטיים והן את כלי הרכב הציבוריים. זה דבר שכמעט לא קיים במדינת ישראל היום, ובהחלטות הממשלה שציינתי אנחנו הנחנו את התנאים ואת התאריכים ושמנו יעדים ומטרות לייצר את התשתית כזאת. בנוסף ההתחייבות שלנו היא שעד שנת 2026 אוטובוסים עירוניים חדשים יהיו אך ורק חשמליים, ואכן, הבאתי השבוע לממשלה את הסכם התחרות החדש בגוש דן שמביא עוד דחיפה ועוד החשה של המעבר לאוטובוסים חשמליים. לגבי אגרת הרישוי על כלי רכב חשמליים – זאת, כידוע, לא החלטה שלי אלא של משרד האוצר – הם רצו להעלות את האגרה – אני מתנגדת לכך בכל תוקף, ואני פועלת ככל יכולתי למנוע את ההעלאה הזאת.",1,
343069,2022-02-16,שאילתות דחופות,"בוקר טוב, אדוני. בוקר טוב לילדות וילדי מועצה אזורית חוף אשקלון. ברוכות וברוכים הבאים. איך אתם יפות בלבן, חבל על הזמן. משהו משהו. מאוד מאוד הולם.

אה, חבר הכנסת אמסלם. כן. << שאילתה >> 99. ביטול הקמת תחנת הרכבת עמק חפר–מנשה << שאילתה >>

אדוני, אתה מאפשר את הנאומים האלה בשאילתה – – –

– – – אני רק רוצה לדעת – – –

תודה. תודה רבה לחבר הכנסת אמסלם. אני מודה לך שאתה מעלה את הסוגיה המאוד-מאוד חשובה הזאת. כל סוגיות התחבורה הציבורית, כמו שאתה יודע, הן אצלי בעדיפות עליונה. מאז כניסתי למשרד, שמתי את התחבורה הציבורית בראש סדר העדיפויות. למעשה ממש עשינו היפוך פירמידה: אם עד היום במשרד התחבורה קידמו בעיקר את הרכב הפרטי – את כלי הרכב הפרטיים ואת כל הדרכים שהיו אמורות לאפשר לכלי רכב פרטיים – וכמו שראינו, הדרכים האלה לא מספיקות והן הפכו מהר מאוד לפקקים. כולם היום עומדות ועומדים בפקקים אי-סופיים, כי אין אלטרנטיבות של תחבורה ציבורית מספיקות. ספציפית, אני גם שמחה שאתה מייצג את תושבות ותושבי עמק חפר, אזור נהדר ונפלא עם ראש מועצה נפלאה, גלית שאול, שאיתה נפגשתי גם נפגשתי, לא פעם ולא פעמיים. ואני רוצה להגיד – –

– – לך יותר מזה: הם אכן סובלות וסובלים ממצוקה חמורה, בגלל שנים ארוכות של הזנחה. אני לא יודעת, אולי אתה מכיר את מי שהיו אחראים לזה, אבל שנים ארוכות שהאזור הוזנח גם מבחינת תחבורה ציבורית אבל גם מבחינת כבישים. הם במצוקה מאוד מאוד גדולה שם, ואנחנו עובדות ועובדים על הקלה כמיטב יכולתנו למצוקה הזאת. ספציפית, בוא נתחיל מהרכבת: קודם כול, צריך להגיד שרוב יישובי עמק חפר נהנים מהרכבת במסילת החוף הקיימת. רובם המכריע, נוח להם וטוב להם להשתמש במסילה הקיימת. מה שמשרד התחבורה בראשותי עושה זה לשפר את הנגישות לתחנות הרכבת האלה, כדי שיהיה להם באמת יותר קל, יותר קצר, יותר מהר ויותר נוח להגיע לתחנות האלה. אם יהיה צריך גם לחנות – לחנות, אבל בעיקר לייצר נתיבים של התחבורה הציבורית אל התחנות, כלומר קישוריות אל תחנות הרכבת. בסוגריים אגיד לך שבמסגרת ההשקעה שלנו בעמק חפר החלטתי להאריך את הפיילוט של הדבר שקוראים לו קוויקר, שזה תחבורה גמישה – הפטנט הזה שאפשר להזמין באפליקציה את התחבורה הציבורית, למקום הכי קרוב שנוח לְךָ או לָךְ. למרות שהפיילוט הזה היה אמור להחליף את קווי התחבורה הסדירים בעמק חפר, החלטנו להאריך את הפיילוט: להמשיך להחזיק בעמק חפר גם את קווי התחבורה הציבורית הסדירים, ובנוסף את השירות של הקוויקר. המסילה המזרחית, כפי שציינת, תת""ל 22, תהיה תוואי נוסף למסילת החוף. מסילה במזרח מדינת ישראל, מתחנת חדרה צפון, לפי דעתי – תכף נוודא את זה – והיא תגיע דרומה. קודם כול, המסילה הזאת בעבודה מאוד מאוד אינטנסיבית, גם על ידי רכבת ישראל וגם על ידי חברת נתיבי ישראל. נעשה כל הפיתוח ונבנית המסילה. צריך להגיד, תחנת רכבת אחיטוב לא בוטלה; היא לגמרי נמצאת בתכנון. היא לגמרי נמצאת בתכנון, אבל מה שהוחלט – וזה בעקבות בדיקה שעשינו ומלקחי העבר: למדנו שתחנות רכבת הן הרבה יותר אפקטיביות כשהן נמצאות במוקדים עירוניים, ולא במרחבים שיש בהם פחות ציבור. בבאקה אל-גרבייה גרים וגרות 40,000 אזרחיות ואזרחים ישראלים באופן מיידי, בעוד שבאחיטוב אנחנו מדברות על 5,000 אזרחיות ואזרחים, תושבות ותושבים בסביבה. בכל מקרה, התחנה המיועדת היא במרחק שש דקות נסיעה. זה לא משהו שלא ישרת את האזור, להפך, הוא מיועד – זאת תחנה שקוראים לה באקה אל-גרבייה–מאור, והיא לחלוטין מיועדת לשמש גם את המרחב הזה, משום שהיא מאוד קרובה. זאת אומרת, זה לנסוע שש דקות לכאן או חמש דקות לכאן. המרחק הוא אותו מרחק. ייתכן גם לחלוטין, שתחנת אחיטוב עצמה תיבנה בהמשך. אין שום מניעה. אבל מבחינת הקדימות, מבחינת סדר הפיתוח של התחנות, התחנה הזאת תפותח ותיבנה קודם לכן. אני רוצה לספר לך עוד משהו על תכנון במדינת ישראל. כפי שציינת, חבר הכנסת אמסלם, דברים תוכננו כבר לפני עשור, כמו שאמרת. זאת שיטה שמצאתי במשרד התחבורה, ואני מודה שהיא הפתיעה אותי. יש מין שיטה כזאת, שכאילו מוציאים כל מיני דברים לתכנון, ואז או מתקצבים אותם או לא מתקצבים אותם; או מתעדפים אותם או לא מתעדפים אותם. למשל, אחד הדברים שאני מחפשת עכשיו מקורות תקציביים לעשות אותו הוא כביש 65, אולי אתה מכיר אותו. כביש חשוב מאוד, שמשרת עשרות יישובים. הוא גם כביש מסוכן, צריך להגיד את הדבר הזה. לא זו בלבד שהוא תוכנן לפני יותר מעשור, אלא שכבר עכשיו הוא נמצא פעם שנייה בתכנון פרטני, מרוב שהתכנון ההוא כבר התיישן בזמן שהמציאות השתנתה, ואף אחד לא מצא לנכון בינתיים לסלול אותו. אני נכנסתי למשרד שיש לו צורת התנהלות כזאת, והיום אני מנסה לעשות סדר. קודם כול, תשמח לדעת שגם כביש 65 בתוך התוכנית האסטרטגית של החומש הקרוב, ואני מחפשת דרך להכניס אותו, כמו גם כבישים אחרים. תשמח גם לדעת שתוכנית החומש של הרכבת תוקצבה על ידינו ב-46 מיליארד שקל. אנחנו הולכות והולכים לפתח את הרכבת בצורה חסרת תקדים באמת, גם מבחינת מספר הקווים, גם מבחינת מספר התחנות, וגם, כמובן, הפרויקט הגדול והחשוב של החשמול, שהתחיל הרבה לפניי. לצערי הוא התקדם – עצלתיים זו מחמאה לאופן שבו הוא בעצם לא התקדם. בשנתיים האחרונות חלה האצה מאוד משמעותית בפרויקט הזה, שחייב להתקדם, למרות שהוא כרוך, לצערנו, גם בפגיעה בשירות פה ושם. אני עובדת מול הנהלת הרכבת על האצה נוספת, מאוד משמעותית, של פרויקט החשמול, כך שהוא יסתיים כמה שיותר מהר, ונוכל כמה שיותר מהר לעבור לרכבת לא מזהמת, נקייה, שקטה והרבה הרבה יותר שירותית לציבור. לסיכום, עמק חפר הוא בלב ובראש ובסדר העדיפויות שלנו. אנחנו עושות כמיטב יכולתנו לתת להם את השירות הטוב ביותר, וגם באחיטוב, בסופו של דבר, תהיה תחנה.

קודם כול, אני רוצה להגיד לך שההחלטה הייתה החלטה של גורמי המקצוע. וחוץ מזה, אני מאוד מאוד מודה לך על השאילתה. כאמור, עמק חפר מטופלת ותטופל על הצד הטוב ביותר. כן, אדוני.

אתה ביקשת שהיא תהיה משפט.

בסדר. חבר הכנסת אמסלם, פשוט יכול להיות שתהיה לי תוספת לשאילתה, ואז, באדיבות היושב-ראש, הוא יאפשר לי לענות לך תשובה נוספת.

- - לך יותר מזה: הם אכן סובלות וסובלים ממצוקה חמורה, בגלל שנים ארוכות של הזנחה. אני לא יודעת, אולי אתה מכיר את מי שהיו אחראים לזה, אבל שנים ארוכות שהאזור הוזנח גם מבחינת תחבורה ציבורית, אבל גם מבחינת כבישים. הם במצוקה מאוד מאוד גדולה שם, ואנחנו עובדות ועובדים על הקלה כמיטב יכולתנו למצוקה הזאת. ספציפית, בוא נתחיל מהרכבת: קודם כול, צריך להגיד שרוב יישובי עמק חפר נהנים מהרכבת ממסילת החוף הקיימת. רובם המכריע, נוח להם וטוב להם להשתמש במסילה הקיימת. מה שמשרד התחבורה בראשותי עושה, זה לשפר את הנגישות לתחנות הרכבת האלה, כדי שיהיה להם באמת יותר קל, יותר קצר, יותר מהר ויותר נוח להגיע לתחנות האלה. אם יהיה צריך גם לחנות – לחנות, אבל בעיקר לייצר נתיבים של התחבורה הציבורית אל התחנות, כלומר קישוריות אל תחנות הרכבת. בסוגריים, אגיד לך שבמסגרת ההשקעה שלנו בעמק חפר, החלטתי להאריך את הפיילוט של הדבר שקוראים לו קוויקר, שזה תחבורה גמישה. הפטנט הזה שאפשר להזמין באפליקציה את התחבורה הציבורית, למקום הכי קרוב שנוח לְךָ או לָךְ. למרות שהפיילוט הזה היה אמור להחליף את קווי התחבורה הסדירים בעמק חפר, החלטנו להאריך את הפיילוט להמשיך להחזיק בעמק חפר גם את קווי התחבורה הציבורית הסדירים, ובנוסף את השירות של הקוויקר. המסילה המזרחית, כפי שציינת, תת""ל 22, תהיה תוואי נוסף למסילת החוף. מסילה במזרח מדינת ישראל, מתחנת חדרה צפון, לפי דעתי – תכף נוודא את זה – והיא תגיע דרומה. קודם כול, המסילה הזאת בעבודה מאוד מאוד אינטנסיבית, גם על ידי רכבת ישראל, וגם על ידי חברת נתיבי ישראל. נעשה כל הפיתוח ונבנית המסילה. צריך להגיד, תחנת רכבת אחיטוב לא בוטלה; היא לגמרי נמצאת בתכנון. היא לגמרי נמצאת בתכנון, אבל מה שהוחלט – וזה בעקבות בדיקה שעשינו ומלקחי העבר – למדנו שתחנות רכבת הן הרבה יותר אפקטיביות, כשהן נמצאות במוקדים עירוניים, ולא במרחבים שיש בהם פחות ציבור. בבאקה אל-גרבייה גרים וגרות 40 אלף אזרחיות ואזרחים ישראלים באופן מיידי, בעוד שבאחיטוב אנחנו מדברות על 5,000 אזרחיות ואזרחים, תושבות ותושבים בסביבה. בכל מקרה, התחנה המיועדת היא במרחק שש דקות נסיעה. זה לא משהו שלא ישרת את האזור, להפך, הוא מיועד. זאת תחנה שקוראים לה באקה אל-גרבייה–מאור, והיא לחלוטין מיועדת לשמש גם את המרחב הזה, משום שהיא מאוד קרובה. זאת אומרת, זה לנסוע שש דקות לכאן או חמש דקות לכאן. המרחק הוא אותו מרחק. ייתכן גם לחלוטין, שתחנת אחיטוב עצמה תיבנה בהמשך. אין שום מניעה. אבל מבחינת הקדימות, מבחינת סדר הפיתוח של התחנות, התחנה הזאת תפותח ותיבנה קודם לכן. אני רוצה לספר לך עוד משהו על תכנון במדינת ישראל. כפי שציינת, חבר הכנסת אמסלם, דברים תוכננו כבר לפני עשור, כמו שאמרת. זאת שיטה שמצאתי במשרד התחבורה, ואני מודה שהיא הפתיעה אותי. יש מין שיטה כזאת, שכאילו מוציאים כל מיני דברים לתכנון, ואז או מתקצבים אותם או לא מתקצבים אותם; או מתעדפים אותם או לא מתעדפים אותם. למשל, אחד הדברים שאני מחפשת עכשיו מקורות תקציביים לעשות אותו, הוא כביש 65 – אולי אתה מכיר אותו. כביש חשוב מאוד, שמשרת עשרות יישובים. הוא גם כביש מסוכן – צריך להגיד את הדבר הזה. לא זו בלבד שהוא תוכנן לפני יותר מעשור, אלא שכבר עכשיו הוא נמצא פעם שנייה בתכנון פרטני. מרוב שהתכנון ההוא כבר התיישן, בזמן שהמציאות השתנתה, ואף אחד לא מצא לנכון בינתיים לסלול אותו. אני נכנסתי למשרד שיש לו צורת התנהלות כזאת, והיום אני מנסה לעשות סדר. קודם כול, תשמח לדעת שגם כביש 65 בתוך התוכנית האסטרטגית של החומש הקרוב, ואני מחפשת דרך להכניס אותו, כמו גם כבישים אחרים. תשמח גם לדעת שתוכנית החומש של הרכבת תוקצבה על ידינו ב-46 מיליארד שקל. אנחנו הולכות והולכים לפתח את הרכבת בצורה חסרת תקדים באמת, גם מבחינת מספר הקווים, גם מבחינת מספר התחנות, וגם, כמובן, הפרויקט הגדול והחשוב של החשמול, שהתחיל הרבה לפניי. לצערי, הוא התקדם – עצלתיים זו מחמאה לאופן שבו הוא בעצם לא התקדם. בשנתיים האחרונות חלה האצה מאוד משמעותית בפרויקט הזה, שחייב להתקדם, למרות שהוא כרוך, לצערנו, גם בפגיעה בשירות פה ושם. אני עובדת מול הנהלת הרכבת על האצה נוספת, מאוד משמעותית, של פרויקט החשמול, כך שהוא יסתיים כמה שיותר מהר, ונוכל כמה שיותר מהר לעבור לרכבת לא מזהמת, נקייה, שקטה והרבה הרבה יותר שירותית לציבור. לסיכום, עמק חפר הוא בלב ובראש ובסדר העדיפויות שלנו. אנחנו עושות כמיטב יכולתנו לתת להם את השירות הטוב ביותר, וגם באחיטוב, בסופו של דבר, תהיה תחנה.

קודם כול, אני רוצה להגיד לך שההחלטה הייתה החלטה של גורמי המקצוע. וחוץ מזה, אני מאוד מאוד מודה לך על השאילתה. כאמור, עמק חפר מטופלת ותטופל על הצד הטוב ביותר.",5,
343079,2022-02-16,שאילתות דחופות,"רגע, רגע, קודם יש לי את המשך התשובה.

חבר הכנסת אמסלם, הלכתי לוודא, ואכן, כמו שאמרתי לך, ההחלטה על בניית התחנה בבאקה – קודם היא החלטה שהתקבלה אצל גורמי המקצוע, אבל היא התקבלה בתקופתה של קודמתי בתפקיד השרה מירי רגב, השרה לשעבר מירי רגב. אני שמחה לתת את הקרדיט, כמו שציינת בצדק, על דברים שהתקיימו וקרו בתקופתם של אחרים, ואני גם שמחה לעמוד מאחורי ההחלטה הזאת. אני חושבת שזו החלטה נכונה, החלטה מקצועית, ראויה ונקייה, שהתקבלה, כאמור, בתקופתה של השרה רגב, ואני בחרתי להשאיר אותה על כנה ולהמשיך במתווה הזה ולפתח בהמשך את תחנת אחיטוב.

חברת הכנסת לנדה, קודם כול, תודה גם לך שאת כל כך עוסקת בנושא הזה וזה כל כך בדם ליבך, כמו שאת אומרת. אני בטוחה שהתושבות והתושבים מעריכים את זה מאוד, ובוודאי גם אני. ציינתי את 5,000 התושבות והתושבים בטווח המיידי, סמוך למקום שבו מיועדת התחנה להיות. ודאי שמבחינתי כל אזרחיות ואזרחי ישראל הם קהל היעד של התחבורה הציבורית – מבחינתי בשאיפה – וודאי שאני מעדיפה שכמה שיותר מהם באמת ישתמשו בתחבורה הציבורית, ואני פועלת לכך שתהיה תחבורה ציבורית שתוכל לתת מענה לכל הציבור הזה בעמק חפר ובכל מקום אחר בארץ. לעניין החלופות, אני חייבת לומר שלכן ציינתי שקיבלתי החלטה להשאיר בעמק חפר, בנוסף לקווים הסדירים, גם את הקוויקר, שבוודאי יכול לשמש בשביל להגיע למקום שבו יש תחנת רכבת. בכל מקרה, הרי ייקח זמן לבנות את המסילה המזרחית. לוקח זמן לבנות, לא משנה אם התחנה באחיטוב תהיה בשלב הראשון או בשלב השני. הפתרונות שאנחנו צריכות וצריכים למצוא כאן ועכשיו – עליהם אנחנו עובדות במקביל בלי קשר. בכל מקרה, אנחנו מדברות על תחנה שייקח כמה שנים לבנות אותה. ובכל מקרה, אני לא חושבת שאת לא מקבלת תשובה ממשרד התחבורה. אולי התשובה לא מקובלת על חברת הכנסת, או לא התשובה שהיית רוצה לשמוע, אבל התשובה היא תשובה מושכלת. וכאמור, כמו שעניתי לחבר הכנסת אמסלם, ההחלטה על הקמת תחנת הרכבת בבאקה, במרחק מאוד-מאוד קרוב, שמשרת לחלוטין את תושבות ותושבי עמק חפר, היא החלטה שהתקבלה על ידי גורמי המקצוע בתקופת השרה רגב. אני השארתי את ההחלטה הזאת על כנה, כי אני סבורה שהיא ההחלטה הנכונה. כך או כך אנחנו נמשיך ונחפש פתרונות לתושבות ותושבי עמק חפר, כולל קידום תחנת אחיטוב בעתיד. דומני, אדוני, שסיכמנו את הנושא הזה מכל צדדיו.

תודה, אדוני. חבר הכנסת מקלב, קודם כול, אכן מדובר ברכבלית. לא בכרמלית, אלא ברכבלית. הכרמלית אכן לא פועלת בשבת כחלק מהסטטוס קוו בעיר חיפה, אבל הסטטוס קוו הוא שיש תחבורה ציבורית בשבת. הרכבלית היא כלי תחבורה חדש שייפתח, כפי שציינת, בעוד כחודש. הוא כלי תחבורה שהושקעו בו כ-350 מיליון שקלים, והוא לא מיועד רק להביא סטודנטיות וסטודנטים לטכניון ולאוניברסיטה – זה בפירוש יהיה שימוש מצוין ומשמעותי – אלא גם לאפשר תיירות בעצם, הוא מאפשר להגיע מהעיר התחתית למעלה, לכרמל. לכן אין שום סיבה שכלי התחבורה הזה לא יפעל כמו שפועלת תחבורה ציבורית בחיפה בשבת. לעניין פגיעה ברגשות, אנחנו בהחלט יכולות ויכולים להיכנס לדיון הזה. אפשר לדבר על פגיעה ברגשות של יהודיות ויהודים שמעוניינות להתפלל בכותל לפי אמונתן ונמנע מהן; אפשר לדבר על פגיעה ברגשות של נשים שנמנע מהן – –

– – להתחתן כמו שהן מאמינות, בצורה שוויונית במדינת ישראל – –

– – שלא לדבר על רגשות של ילדות וילדים שנולדו חס וחלילה במסגרת של חוסר יכולת להתגרש, לנשים מסורבות גט. כלומר, אני אישית חושבת שזכויות אדם אמיתיות כגון חופש תנועה וחירות אישית במעמד האישי וכו', הן יותר חשובות מרגשות – אגב, גם מרגשות שלי, כן?

זה לא רגשות. אני לא מבחינה בין רגשות של אלה לרגשות של אלה.

אני מבחינה בין רגשות לבין זכויות.

וכך או כך, כמו שנאמר, אנחנו פשוט משאירות ומשאירים את הסטטוס קוו על כנו.

לעניין התעריפים – דברים שפורסמו – – –

לעניין התעריפים, מה שפורסם הוא קודם כול לא נכון. לא תהיה שום פגיעה, שום פגיעה – ואני אומרת את זה בצורה הכי חדה שאפשר לומר – לא תהיה שום פגיעה באוכלוסייה של האזרחיות והאזרחים הוותיקים בתעריפים בתחבורה הציבורית, בשום מצב. להפך, אנחנו מחפשות – וזה באופן כללי צריך להגיד: במשרד התחבורה ומשרד האוצר אנחנו עובדות ועובדים ביחד עכשיו על רפורמה בשימוש בתחבורה הציבורית, שחלקה יבוא לידי ביטוי גם ברפורמה בתעריפים. צריך לומר, אדוני היה סגן שר התחבורה, והוא ודאי מודע לעובדה שהיום יש מאות תעריפים שונים בתחבורה הציבורית – –

– – באופן לא עקבי, לא רציונלי, שלא מוסדר בשום צורה. אי-אפשר לדעת – היום באמת, כנוסעת את לא יכולה לדעת כמה יעלה לך להגיע ממקום למקום, כי זה תלוי בכל כך הרבה משתנים, שבאמת אין בהם שום עקביות. אלה דברים שרירותיים – –

– – או שנעשו משיקולים פוליטיים כאלה ואחרים לאורך השנים.

ולכן, הרעיון הוא להפוך את התעריפים לנגישים יותר, לכאלה שיתמרצו שימוש בתחבורה הציבורית, והמאמץ הוא לעשות רפורמה כזאת שבסופו של דבר תוזיל את השימוש בתחבורה הציבורית – –

– – ותהפוך אותה ליותר נגישה ויותר בשימוש. אנחנו בימים אלה ממש יושבות ויושבים על המדוכה, וברגע שנחליט על הפורמט, על המודל הנכון באמת לטובת כל הציבור, אז אנחנו נחשוף אותו בשמחה רבה.

אבל כך או כך, רק לחזור ולהדגיש: ודאי שבשום מצב ובשום אופן לא תהיה פגיעה באוכלוסייה הוותיקה במדינת ישראל.

תודה גם לך, חבר הכנסת כסיף, שאתה מעלה את הנקודה המאוד-מאוד חשובה הזאת. קודם כול, אני רוצה להגיד שנגישות היא דבר שהמשרד בראשותי משקיע בו מאמצים מאוד גדולים. לצערי, היום עדיין לא כל האוטובוסים במדינת ישראל מונגשים, ואנחנו עושות ועושים היום פיילוט באוטובוסים בין-עירוניים מונגשים עם מודלים שונים בשביל לראות מה המודל הטוב ביותר שיהיה הכי נוח והכי יעיל והכי באמת נגיש למי שזקוקות וזקוקים לתחבורה ציבורית מונגשת. אני רוצה גם להודות בהקשר הזה לחברת הכנסת שירלי פינטו, שהיא שותפה לדבר הזה, היא הביאה גם סכום מסוים בהסכמים הקואליציוניים לעניין הזה וגם באמת שותפה לעבודה על הדבר של הנגשה. כל פרויקט המטרו, כמו שאתה יודע, הוא בהתהוות, הוא בעבודה. התכנון איננו סופי, קודם כול צריך להגיד את הדבר הזה. התכנון פתוח עדיין, מונח על השולחן בוועדת התשתיות הלאומיות. ספציפית מה שאתה מדבר עליו, התחנה שאתה מדבר עליה, באמת הוגשו הרבה מאוד התנגדויות בעניינה, והדברים כרגע נמצאים בעבודה שמנוהלת על ידי חוקרת שמונתה על ידי המדינה, גב' תלמה דוכן, שחוקרת את כל ההתנגדויות וגם את כל האלטרנטיבות, ככה שבפירוש יכול להיות שיהיו שינויים. יש לגמרי מצב שיימצאו תוואי נכון יותר או פתרונות יותר נכונים. כך או כך, אני רוצה להגיד לך שמשרד התחבורה מחויב לכך שלא משנה – – –

רגע, אני רוצה להגיד עוד מילה קודם. תכנון המטרו נשען על העיקרון שבא באמת להפוך את התחבורה הציבורית להיות רשת כזאת שאתה תוכל להגיע למקום מסוים עם המטרו ומשם מייד להתחבר או לרכבת כבדה או לרכבת קלה או לקווי אוטובוס או לתחבורה ציבורית נגישה או למוניות שירות או איזשהו כלי נוסף, בשביל שבאמת בכל מקום תוכל להתחבר למשהו שיביא אותך למחוז חפצך.

ההתחייבות שלנו, בכל מקרה – מה שלא יהיה, כשתתקבל החלטה סופית, וזה דבר שמן הסתם עוד ייקח זמן – בכל מקרה, משרד התחבורה מחויב לייצר שאטלים ייעודיים מהתחנה הרלוונטית של המטרו למקומות, לבתי החולים או לבתי האבות הרלוונטיים – –

– – שיהיו סמוכים לתחנה הזאת.

חד-משמעית, אני בטוחה שגם הדבר הזה נלקח בחשבון. שוב אני אגיד, היום תכנון המטרו הוא עדיין בעבודה. לשמחתנו – ותודה לחברת הכנסת יוליה מלינובסקי, שעומדת בראש ועדת התשתיות, שאתמול סיימה את העבודה בוועדה על חוק המטרו והעבירה אותו בוועדה לקריאה שנייה ושלישית, זאת התקדמות משמעותית – עוד מעט תוקם רשות המטרו, שבאמת תעסוק באופן פעיל בקידום התכנון, אבל התכנון עדיין פתוח, וכמו שיש השיקול הזה, שהוא ללא ספק שיקול מאוד מאוד חשוב, ישנם שיקולים אחרים, הן טופוגרפיים והן של ייעול המערכת של התחבורה הציבורית. אני בטוחה שכל הדברים האלה יילקחו בחשבון, אבל אני אומרת שלא חשוב איפה בסופו של דבר תהיה התחנה, אנחנו, משרד התחבורה, מתחייבות ומתחייבים לייצר שאטלים מונגשים ייעודיים למקומות הסיעודיים או הטיפוליים – –

– – שיהיו ברדיוס של התחנה הזאת.

יש לך זכות בתקנון, חבר הכנסת כסיף. אמרתי שיש לך זכות ראשונים בתקנון.

אתה רוצה קודם את השאלה הנוספת של חברת הכנסת שטרית או – – –

תודה רבה לך, חברת הכנסת קטי שטרית. קודם כול, אני מאוד מאוד שמחה לשמוע שחבר הכנסת עופר כסיף הוא חברך. זה הדבר הכי משמח ששמעתי הבוקר.

אדרבה, ולכן זה מה שאמרתי. אדרבה ואדרבה, אני שמחה על כך. אני לא מופתעת. אני רק שמחה.

יש אמירה על הנכונות של אדם להיות חבר במועדון שמוכן לקבל אותו.

חברת הכנסת קטי שטרית, השינוי בתוואי המיועד של המטרו ברעננה, שציינת שנעשה, אכן נעשה בשנת 2019, לבקשת ראש עיריית רעננה, ואני לא יודעת – – –

אבל – סליחה, גברתי, אנא ממך. בואי, אני עונה לך. הוא נעשה ב-2019 לבקשת ראש עיריית רעננה, אבל בעיקר הוא נעשה בשנת 2019. מי היה שר התחבורה בשנת 2019?

בואי ניזכר שנייה מי היה בזמן שעשו את השינוי הזה בתוואי – לא אני.

עכשיו אני רוצה לחזור על – – –

קודם כול, אני רוצה להתייחס – – –

חבר הכנסת כסיף, את האמירה הפופוליסטית לגבי המפלגה הסוציאל-דמוקרטית שתעדיף נדל""ן על גבי רשמתי לפניי, אבל התשובה האמיתית היא כפי שנתתי אותה. התכנון איננו סופי; ההתנגדויות, כולל אלה של אנשי השכונה שהתנגדו בדיוק בגלל החשש שיחפרו מתחת לבתים שלהם – ההתנגדויות האלה נמצאות על השולחן. יש חוקרת שעובדת על הדבר. התכנון הסופי לא נקבע, כי הדברים ייבחנו, ומן הסתם עוד יגיעו לשולחני. הם לא הגיעו עדיין משום שהחקירה עדיין בעיצומה. כמו שאמרתי, לשמחתי, אנחנו מתקדמות בחקיקת המטרו, ואנחנו נתקדם בהקמת הרשות. תהיה סמכות שתרכז את העבודה על זה, וכשנגיע אני מקווה שכבר יגיעו עם תשובות נכונות וטובות. אם אכן נראה שיש התנגשות בין מסחר לבין זכויות נגישות – בואו נגיע לגשר הזה; כרגע אנחנו לא שם. אני מבטיחה לך. כמו שפתחתי ואמרתי, אני העליתי את החשיבות של הנגישות במשרד התחבורה למקום מאוד מאוד גבוה, ונעשית על זה היום עבודה מאוד רבה, ואני הראשונה להכיר בחשיבות של הדבר הזה. הדברים בעבודה. אם, חלילה, נראה שיש בעיה, נטפל בה. כרגע כל הדברים האלה נלקחים בחשבון. בואו נראה מה תהיה התוצאה.

אל תאמר דברים שאמרתי שלא אמרתי.

לא, גברתי לא צריכה לתקן כי היא לא אמרה שום דבר לא נכון. אדוני אמר דבר לא נכון.

אדוני אמר שאני אמרתי משהו שלא אמרתי, אז אנא ממך – – –

לך זה נשמע. גש ובדוק למה. בדוק את עצמך, מה שנקרא. בדוק מדוע שמעת דבר שלא נאמר.

אני אמרתי דברים מאוד ברורים, הם רק לא מצאו חן בעיני אדוני, ולכן הוא מייחס לי דברים שלא נאמרו.

אין מה לענות על שני הדברים. הם היו חזרה על דברים קודמים.

תודה רבה לך, חברת הכנסת – – –

רון בן משה. אני מאוד מודה לך ואני מסכימה איתך לגמרי. אף אני נדהמתי, והתקוממתי על העובדה שהעבודות שם נמשכות כל כך הרבה שנים וגורמות באמת לתקלה מאוד מאוד גדולה באזור – בכל האזור, אגב, צריך להגיד. זה ממש מפריע לכל האזור, לא רק בתוך הכביש עצמו. נכנסתי לתוך העניין, והבנתי שהיו פערי תכנון ופערי ביצוע. כלומר, הקירות שצריך להקים שם הם מורכבים יותר מבחינה הנדסית ומבחינה ביצועית ממה שחשבו ותכננו מלכתחילה. איכשהו הייתה שם איזו התברברות. זה לא טופל כראוי, לצערי, לפני שבאנו ונכנסנו לעניין הזה. אני חייבת להגיד לך שאני אישית נכנסתי לעניין; המנכ""לית ישבה עם גורמי המקצוע. מה שקרה זה שסיכמנו: הקבלן מחויב לסיים את העבודות עד ספטמבר 2022, וככל שהוא לא יעמוד בסיכום או נראה שיש עיכובים בדרך שמאיימים על כך שהוא לא יעמוד בסיכום הזה, יש לנו סל של סנקציות שאנחנו לא נהסס להפעיל. אבל כרגע העדיפות העליונה מבחינתי היא לסיים במהירות האפשרית את העבודות ולפתוח באמת את הציר הזה באופן המיטבי. אפשר היה לתת קדימות להליכים משפטיים. מבחינתי, העדיפות הייתה לסיים את העבודות. אני מאוד מאוד מקווה שאכן הם יעמדו במה שהם התחייבו אליו ושלא נצטרך להגיע להליכים משפטיים, אבל אם נצטרך, חלילה, אז יש לנו באמת אמצעים רבים שנוכל לנקוט.

חד-משמעית. גם תושבות ותושבי הצפון, וגם מי שרוצות ורוצים להגיע לצפון ולא גרות שם – אולי הן בדרום, את יודעת. אדרבה.

אני רק רוצה לרשום, פשוט, את דבריך.

כפי שאמרתי בתשובה הקודמת לעניין המטרו – אדוני, אתה, כמי שעסק באמת בחקיקה, יודע שהתכנון הוא עדיין לא סופי, ושהוא עדיין נמצא על השולחן – גם הדברים האלה נשקלים. אני כמובן שוחחתי עם ראש עירית ראש העין; עם ראש העיר אלעד עדיין לא הייתה לי ההזדמנות, אבל אני בטוחה שזה יקרה בהמשך. ובכל מקרה, הדברים נשקלים, ואנחנו נטפל בהם בהמשך – אין שאלה. כל הדברים האלה יישקלו שוב ושוב. תודה רבה.

אדוני חבר הכנסת גינזבורג.

אז אתה חוזר ומעלה את השאילתה?

אז קודם כול אני זוכרת שהתשובה התייחסה לא לכביש ולרוחב הכביש ולרוחב השוליים, אלא לסיבוב הספציפי, כי הרי מדובר על מקטע מסוים, ודיברו שם על הסיבוב, למיטב זיכרוני. אני לא – – –

אני זוכרת שהתשובה נגעה לאיזשהו סיבוב, לאיזשהו משהו מסוג זה.

אתה מקבל תמיכה בלתי מסויגת פה מחבר הכנסת אוסאמה סעדי, אני רואה.

ומחבר הכנסת אשר, וואו. אז אם כך, תראה, חבר הכנסת גינזבורג, בפעם הקודמת נתתי לך את התשובה המקצועית. לא בחנתי את זה שוב, וגם לא אמרתי שאני אבחן את זה שוב. אבל לבקשתך, עכשיו, כשאתה מביא גם את הדוגמה הספציפית, אני מבטיחה לך, בכל זאת, לבחון את זה מחדש.

חברת הכנסת לנדה, קודם כול, תודה גם לך שאת כל כך עוסקת בנושא הזה וזה כל כך בדם ליבך, כמו שאת אומרת. אני בטוחה שהתושבות והתושבים מעריכים את זה מאוד, ובוודאי גם אני. ציינתי את 5,000 התושבות והתושבים בטווח המיידי, הסמוך למקום שבו מיועדת התחנה להיות. בוודאי שמבחינתי כל אזרחיות ואזרחי ישראל הם קהל היעד של התחבורה הציבורית – מבחינתי בשאיפה – ובוודאי שאני מעדיפה שכמה שיותר מהם באמת ישתמשו בתחבורה הציבורית, ואני פועלת לכך שתהיה תחבורה ציבורית שתוכל לתת מענה לכל הציבור הזה בעמק חפר ובכל מקום אחר בארץ. לעניין החלופות, אני חייבת לומר שלכן ציינתי שקיבלתי החלטה להשאיר בעמק חפר, בנוסף לקווים הסדירים, גם את הקוויקר, שבוודאי יכול לשמש בשביל להגיע למקום שבו יש תחנת רכבת. בכל מקרה, הרי ייקח זמן לבנות את המסילה המזרחית. לוקח זמן לבנות, לא משנה אם התחנה באחיטוב תהיה בשלב הראשון או בשלב השני. הפתרונות שאנחנו צריכות וצריכים למצוא כאן ועכשיו – עליהם אנחנו עובדות במקביל בלי קשר. בכל מקרה, אנחנו מדברות על תחנה שייקח כמה שנים לבנות אותה. ובכל מקרה, אני לא חושבת שאת לא מקבלת תשובה ממשרד התחבורה. אולי התשובה לא מקובלת על חברת הכנסת, או לא התשובה שהיית רוצה לשמוע, אבל התשובה היא תשובה מושכלת. וכאמור, כמו שעניתי לחבר הכנסת אמסלם, ההחלטה על הקמת תחנת הרכבת בבאקה, במרחק מאוד-מאוד קרוב, שמשרת לחלוטין את תושבות ותושבי עמק חפר, היא החלטה שהתקבלה על ידי גורמי המקצוע בתקופת השרה רגב. אני השארתי את ההחלטה הזאת על כנה, כי אני סבורה שהיא ההחלטה הנכונה. כך או כך אנחנו נמשיך ונחפש פתרונות לתושבות ותושבי עמק חפר, כולל קידום תחנת אחיטוב בעתיד. דומני, אדוני, שסיכמנו את הנושא הזה מכל צדדיו.

תודה, אדוני. חבר הכנסת מקלב, קודם כול, אכן מדובר ברכבלית. לא בכרמלית, אלא ברכבלית. הכרמלית אכן לא פועלת בשבת כחלק מהסטטוס קוו בעיר חיפה, אבל הסטטוס קוו הוא שיש תחבורה ציבורית בשבת. הרכבלית היא כלי תחבורה חדש שייפתח, כפי שציינת, בעוד כחודש. הוא כלי תחבורה שהושקעו בו כ-350 מיליון שקלים, והוא לא מיועד רק להביא סטודנטיות וסטודנטים לטכניון ולאוניברסיטה – זה בפירוש יהיה שימוש מצוין ומשמעותי – אלא הוא גם מאפשר תיירות בעצם, הוא מאפשר להגיע מהעיר התחתית למעלה, לכרמל, ולכן אין שום סיבה שכלי התחבורה הזה לא יפעל כמו שפועלת תחבורה ציבורית בחיפה בשבת. לעניין פגיעה ברגשות, אנחנו בהחלט יכולות ויכולים להיכנס לדיון הזה. אפשר לדבר על פגיעה ברגשות של יהודיות ויהודים שמעוניינות להתפלל בכותל לפי אמונתן ונמנע מהן; אפשר לדבר על פגיעה ברגשות של נשים שנמנע מהן - -

תודה גם לך, חבר הכנסת כסיף, שאתה מעלה את הנקודה המאוד-מאוד חשובה הזאת. קודם כול, אני רוצה להגיד שנגישות היא דבר שהמשרד בראשותי משקיע בו מאמצים מאוד גדולים. לצערי, היום לא כל האוטובוסים במדינת ישראל מונגשים עדיין, ואנחנו עושות ועושים היום פיילוט באוטובוסים בין-עירוניים מונגשים עם מודלים שונים בשביל לראות מה המודל הטוב ביותר שיהיה הכי נוח והכי יעיל והכי באמת נגיש למי שזקוקות וזקוקים לתחבורה ציבורית מונגשת. אני רוצה גם להודות בהקשר הזה לחברת הכנסת שירלי פינטו, שהיא שותפה לדבר הזה, הביאה גם סכום מסוים בהסכמים הקואליציוניים לעניין הזה וגם באמת שותפה לעבודה על הדבר של הנגשה. כל פרויקט המטרו, כמו שאתה יודע, הוא בהתהוות, הוא בעבודה. התכנון איננו סופי, קודם כול צריך להגיד את הדבר הזה. התכנון פתוח עדיין, מונח על השולחן בוועדת התשתיות הלאומיות. ספציפית מה שאתה מדבר עליו, התחנה שאתה מדבר עליה, באמת הוגשו הרבה מאוד התנגדויות בעניינה, והדברים כרגע נמצאים בעבודה שמנוהלת על ידי חוקרת שמונתה על ידי המדינה, גברת תלמה דוכן, שחוקרת את כל ההתנגדויות וגם את כל האלטרנטיבות, ככה שבפירוש יכול להיות שיהיו שינויים. יש לגמרי מצב שיימצא תוואי נכון יותר או פתרונות יותר נכונים. כך או כך, אני רוצה להגיד לך שמשרד התחבורה מחויב לכך שלא משנה - - -

רון בן משה. אני מאוד מודה לך ואני מסכימה איתך לגמרי. אף אני נדהמתי, והתקוממתי על העובדה שהעבודות שם נמשכות כל כך הרבה שנים, וגורמות באמת לתקלה מאוד מאוד גדולה באזור – בכל האזור, אגב, צריך להגיד. זה ממש מפריע לכל האזור, לא רק בתוך הכביש עצמו. נכנסתי לתוך העניין, והבנתי שהיו פערי תכנון ופערי ביצוע. כלומר, הקירות שצריך להקים שם הם מורכבים יותר מבחינה הנדסית ומבחינה ביצועית ממה שחשבו ותכננו מלכתחילה. איכשהו הייתה שם איזו התברברות. זה לא טופל כראוי, לצערי, לפני שבאנו ונכנסנו לעניין הזה. אני חייבת להגיד לך שאני, אישית, נכנסתי לעניין; המנכ""לית ישבה עם גורמי המקצוע. מה שקרה זה שסיכמנו: הקבלן מחויב לסיים את העבודות עד ספטמבר 2022, וככל שהוא לא יעמוד בסיכום או נראה שיש עיכובים בדרך שמאיימים על כך שהוא לא יעמוד בסיכום הזה, יש לנו סל של סנקציות שאנחנו לא נהסס להפעיל. אבל כרגע העדיפות העליונה מבחינתי היא לסיים במהירות האפשרית את העבודות ולפתוח באמת את הציר הזה באופן המיטבי. אפשר היה לתת קדימות להליכים משפטיים. מבחינתי, העדיפות הייתה לסיים את העבודות. אני מאוד מאוד מקווה שאכן הם יעמדו במה שהם התחייבו אליו ושלא נצטרך להגיע להליכים משפטיים, אבל אם נצטרך, חלילה, אז יש לנו באמת אמצעים רבים שנוכל לנקוט בהם.",8,
343257,2022-02-16,הצעות לסדר-היום: אפליה של תושבי הפריפריה ופגיעה בהם – ביטול מתוכנן של הנחות בתחבורה ציבורית,"לא, לא צחוק. אני מאחרת נוראות. קודם כול, אני מודה לך, כמובן, כפי שהודיתי הבוקר – אני חושבת שזה היה חבר הכנסת מקלב שהעלה את זה בשאילתה נוספת – להעלות לסדר-היום את הנושא החשוב הזה. אתה יודע שמאז כניסתי לתפקיד אני מקדמת בכל הכוח את התחבורה הציבורית, שהיא-היא הדבר היחיד שבאמת יתחיל לאזן את המצוקה המאוד-מאוד גדולה שאנחנו נמצאות ונמצאים בה בתחום התחבורה, שבאמת הוזנח. בוודאי התחבורה הציבורית הוזנחה לאורך שנים ארוכות מדי. עכשיו, התעריפים של התחבורה הציבורית היו אמורים לעלות החודש ב-8.7% – עלייה מאוד משמעותית. יחד עם שר האוצר – זאת, אגב, עלייה אוטומטית, וכל שנה מתעדכן תעריף התחבורה הציבורית בהתאם לעליית מה שנקרא מדד תשומות התחבורה הציבורית, המרכיבים השונים של עלויות הנסיעה. קודם כול, רק לסבר את אוזנך: במדינת ישראל התחבורה הציבורית מסובסדת בממוצע ב-67%. המדינה משלמת 67% מעלות הנסיעה, והציבור משלמת רק את מה שנשאר מזה, 33%. העלייה האוטומטית הזאת, השנתית, הייתה אמורה לחול החודש. המדד הזה של תשומות התחבורה הציבורית עלה ב-8.7%. יחד עם שר האוצר הצלחנו לדחות את עליית המחירים הזאת. ואנחנו עכשיו עושות ועושים ביחד בחינה של כל התעריפים במדינת ישראל, ובוחנות מהו המודל הנכון יותר לתעריפים של תחבורה ציבורית שיהפכו את השימוש ליותר קל, ליותר נוח, ליותר נגיש; את היכולת שלנו לתת שירות יותר טוב באמצעות תעריפים מסודרים. ומדוע? משום שמסתבר שמאז קום המדינה בעצם לא נעשו חשיבה אסטרטגית או איזשהו תכנון של תעריפי התחבורה הציבורית במדינת ישראל. הצטברו המון המון עיוותים. א. המון תעריפים שונים. יש יותר מ-80 תעריפים שונים. לפעמים באותה עיר עצמה יש תעריפים שונים, ולפעמים יש אפליה ברמה של עיר ושכנתה, שיש ביניהן תעריפים שונים בלי שום סיבה הגיונית או רציונלית אלא באופן שרירותי, או שרידים של כל מיני לחצים פוליטיים, של פה הצליחו ושם לא הצליחו. ולכן, אנחנו מחפשות עכשיו את הדרך לעשות את הדברים בצורה הוגנת ויעילה, כזאת שתביא ליותר שימוש בתחבורה הציבורית, כזאת שתביא שירות יותר טוב לציבור, ושיצא מצב שבו ככל שאת משתמשת יותר בתחבורה הציבורית או אתה משתמש יותר בתחבורה הציבורית, ככה זה יותר משתלם לך. אני לא אחראית לפרסומים שיש בעיתונים. שום דבר מוסמך מטעמנו לא יצא בשום אופן. כן אגיד בצורה חד-משמעית שהפרסומים על פגיעה באוכלוסייה של האזרחיות והאזרחים הוותיקים – היא לא הייתה, לא תהיה; בשום מצב לא תהיה שום פגיעה באוכלוסייה הוותיקה במדינת ישראל, גם לא בילדים ונוער, גם לא באנשים עם מוגבלויות. זה משהו שבפירוש לא תהיה בו שום פגיעה. ואנחנו מחפשות גם דרכים להיטיב עוד יותר את התנאים שהם מקבלות ומקבלים בתעריפים. לגבי התעריפים הכלליים, כאמור, אנחנו מחפשות את המודל הנכון, כשהמחשבה היא להיטיב עם הציבור הכללי, ובוודאי להיטיב עם המשתמשות והמשתמשים, אלה שמשתמשים הרבה בתחבורה הציבורית. להפוך את התעריפים להיות פשוטים, נגישים וכמה שיותר משתלמים לציבור.   העבודה הזאת בעיצומה. למעשה ממש כשעליתי לפה, לדוכן, הייתי בזום של אחת הישיבות שלנו בנושא הזה. זה ממש מתהווה בימים אלה, וברגע שנחליט על המודל הנכון, תאמינו לי, אני אשמח לדווח על זה גם כאן.

זה לא עניין של טכנולוגיה, זה לא יהיה אישי. המחשבה, כשאנחנו באות ובאים לתכנן את המודל של התעריפים, יש תעריף לנסיעה בודדת, יש תעריף חופשי-חודשי, יש תעריף לחופשי-יומי וכו'.

שימוש, ויש גם מפות אזורים במדינת ישראל. גם זה מובא בחשבון, כמובן. אנחנו מסתכלות ומסתכלים בפירוש על דפוסי שימוש, ומביאות אותם בחשבון כשאנחנו בונות את המודל הזה.

האמת, אני מציעה שפשוט יש לנו אופציה להעביר לוועדה.

אין צורך. אפשר להמשיך את זה בוועדה בשמחה.

חבר הכנסת אבוטבול כבר אמר גם בבוקר.

תודה, אדוני. אני חושבת שאמרתי בצורה מאוד מפורטת.",5,
343287,2022-02-16,הצעות לסדר-היום: פגיעה ואפליה בתושבי הפריפריה – ביטול מתוכנן של הנחות בתחבורה ציבורית,"לא, לא צחוק. אני מאחרת נוראות. קודם כול, אני מודה לך, כמובן, כפי שהודיתי הבוקר – אני חושבת שזה היה חבר הכנסת מקלב שהעלה את זה בשאילתה נוספת – להעלות לסדר-היום את הנושא החשוב הזה. אתה יודע שמאז כניסתי לתפקיד, אני מקדמת בכל הכוח את התחבורה הציבורית, שהיא-היא הדבר היחיד שבאמת יתחיל לאזן את המצוקה המאוד מאוד גדולה שאנחנו נמצאות ונמצאים בה בתחום התחבורה, שבאמת הוזנח. בוודאי התחבורה הציבורית הוזנחה לאורך שנים ארוכות מדי. עכשיו, התעריפים של התחבורה הציבורית היו אמורים לעלות החודש ב-8.7% – עלייה מאוד משמעותית. יחד עם שר האוצר – זאת, אגב, עלייה אוטומטית, וכל שנה מתעדכן תעריף התחבורה הציבורית בהתאם לעליית, מה שנקרא, מדד תשומות התחבורה הציבורית, המרכיבים השונים של עלויות הנסיעה. קודם כול, רק לסבר את אוזנך: במדינת ישראל, התחבורה הציבורית מסובסדת בממוצע ב-67%. המדינה משלמת 67% מעלות הנסיעה, והציבור משלמת רק את מה שנשאר מזה, 33%. העלייה האוטומטית הזאת, השנתית, הייתה אמורה לחול החודש. המדד הזה של תשומות התחבורה הציבורית עלה ב-8.7%. יחד עם שר האוצר הצלחנו לדחות את עליית המחירים הזאת. ואנחנו עכשיו עושות ועושים ביחד בחינה של כל התעריפים במדינת ישראל, ובוחנות מהו המודל הנכון יותר לתעריפים של תחבורה ציבורית, שיהפכו את השימוש ליותר קל, ליותר נוח, ליותר נגיש; את היכולת שלנו לתת שירות יותר טוב באמצעות תעריפים מסודרים. ומדוע? משום שמסתבר שמאז קום המדינה בעצם לא נעשתה חשיבה אסטרטגית או איזשהו תכנון של תעריפי התחבורה הציבורית במדינת ישראל. הצטברו המון המון עיוותים. א. המון תעריפים שונים. יש יותר מ-80 תעריפים שונים. לפעמים באותה עיר עצמה יש תעריפים שונים; ולפעמים יש אפליה ברמה של עיר ושכנתה, שיש ביניהן תעריפים שונים, בלי שום סיבה הגיונית או רציונלית, אלא באופן שרירותי, או שרידים של כל מיני לחצים פוליטיים, של פה הצליחו ושם לא הצליחו. ולכן, אנחנו מחפשות עכשיו את הדרך לעשות את הדברים בצורה הוגנת ויעילה, כזאת שתביא ליותר שימוש בתחבורה הציבורית, כזאת שתביא שירות יותר טוב לציבור, ושייצא מצב שבו ככל שאת משתמשת יותר בתחבורה הציבורית, או אתה משתמש יותר בתחבורה הציבורית, ככה זה יותר משתלם לך. אני לא אחראית לפרסומים שיש בעיתונים. שום דבר מוסמך מטעמנו לא יצא בשום אופן. כן אגיד בצורה חד-משמעית, שהפרסומים על פגיעה באוכלוסייה של האזרחיות והאזרחים הוותיקים, לא הייתה, לא תהיה; בשום מצב לא תהיה שום פגיעה באוכלוסייה הוותיקה במדינת ישראל, גם לא בילדים ונוער, גם לא באנשים עם מוגבלויות. זה משהו שבפירוש לא תהיה בו שום פגיעה. ואנחנו מחפשות גם דרכים להיטיב עוד יותר את התנאים שהם מקבלות ומקבלים בתעריפים. לגבי התעריפים הכלליים, כאמור, אנחנו מחפשות את המודל הנכון, כשהמחשבה היא להיטיב עם הציבור הכללי, ובוודאי להיטיב עם המשתמשות והמשתמשים, אלה שמשתמשים הרבה בתחבורה הציבורית. להפוך את התעריפים להיות פשוטים, נגישים וכמה שיותר משתלמים לציבור. העבודה הזאת בעיצומה. למעשה ממש עליתי לפה, לדוכן – הייתי בזום של אחת הישיבות שלנו בנושא הזה. זה ממש מתהווה בימים אלה, וברגע שנחליט על המודל הנכון, תאמינו לי, אני אשמח לדווח על זה גם כאן.

זה לא עניין של טכנולוגיה, זה לא יהיה אישי. המחשבה, כשאנחנו באות ובאים לתכנן את המודל של התעריפים, יש תעריף לנסיעה בודדת, יש תעריף חופשי-חודשי, יש תעריף לחופשי-יומי וכו'.

שימוש, ויש גם מפות אזורים במדינת ישראל. גם זה מובא בחשבון, כמובן. אנחנו מסתכלות ומסתכלים בפירוש על דפוסי שימוש, ומביאות אותם בחשבון כשאנחנו בונות את המודל הזה.

האמת, אני מציעה שפשוט יש לנו אופציה להעביר לוועדה.

אין צורך. אפשר להמשיך את זה בוועדה בשמחה.

חבר הכנסת אבוטבול כבר אמר גם בבוקר.

תודה, אדוני. אני חושבת שאמרתי בצורה מאוד מפורטת.",5,
343303,2022-02-21,"הצעות סיעות הליכוד, ש""ס ויהדות התורה להביע אי-אמון בממשלה בשל:: 1. אוזלת ידה של הממשלה בתחום המדיני, הכלכלי, הבריאותי והאזרחי; << נושא: 2. ממשלה אכזרית הפוגעת באופן מכוון בתושבי הפריפריה על ידי ביטול סבסוד תחבורה ציבורית","אני מנסה לשמוע את אדוני, והחברים שלו מהאופוזיציה – אני לא יכולה – – –

חבר הכנסת ליצמן, אני חייבת להגיד שהקשבתי בקשב רב לדבריך, אבל הם לא כל כך היו בנושא של האי-אמון כפי שהגשתם אותו, אבל בכיף, כמו שאומרות אצלנו. אני חושבת שאולי הדבר הכי חשוב להתייחס אליו מבחינתי זה באמת התלונה המתמשכת על הרס היהדות, משום הטיעון שיש רק תורה אחת. אין ספק, יש רק תורה אחת.

אין חולקת. יש תורה אחת, אממה, יש שבעים פנים לתורה. לא אני אמרתי, נאמר הרבה הרבה הרבה לפניי, שבעים פנים לתורה.

כמו שאמר חבר הכנסת ליצמן, בצדק, באמת ייחודו של עם ישראל – שהצליח לשמור על עצמו ועל תורתו ועל זהותו ועל הקהילות השונות שלו לאורך כל השנים. אבל הוא עשה את זה דווקא בגלל שהיהדות הייתה שם נרדף להתחדשות ולהתפתחות. הרבה מאוד דברים לא כתובים בתורה כמו שהם פשוט משום שהם לא היו פעם, לא יכלו לשער אותם. דברים השתנו מקצה לקצה, ועדיין, עובדה שנמצאו דרכים חדשות ומחודשות, וכל פעם חידשו פרשנים ומנהיגים ונביאים ומלכים וכוהנים. באמת תילי-תילים של דורות על גבי דורות על גבי דורות של כתיבה והלכה ופסיקה ופרשנות, כל פעם מצאו פתרונות, מצאו פתרונות לכל הבעיות של דיני ממון, של חשמל, של תנועה. יש כמובן דברים שלהם לא נמצאו עדיין פתרונות, דברים שנוגעים, למשל, להכרה בנשים כשוות. לזה עדיין לא נמצא פתרון, בוודאי לא במפלגה שלך ובמפלגה השכנה, שעדיין לא מכירות בזכותן של נשים לדבר בזכות עצמן, קוראים לקול שלהן בשמות גנאי, כאילו לא מרשים, וצריך להיאבק בבית המשפט, ללכת לבית המשפט בשביל לקבל את הזכות לדבר ברדיו. לשמחתי, הוועדה למינוי שופטות ושופטים, שיושבת בה נציגת מפלגת העבודה, חברת הכנסת אפרת רייטן – אני נאבקתי על המקום של מפלגת העבודה בה – מינתה היום לבית המשפט העליון חברה, שופטת, גילה שטייניץ, שנתנה לוועדה, בתור אחד הדברים שהיא מציגה כהישג מקצועי שלה, את פסק הדין שהיא כתבה שהכריח בעצם את תחנת הרדיו קול ברמה להשמיע גם נשים בתחנה, ולא אפשרה לה להדיר נשים משום שקולן הוא לא דבר ראוי לטעמם של כמה אנשים שמתיימרים לדבר בשם התורה. אז אנחנו רואות שבמדינת ישראל אין עדיין נישואים שוויוניים. אין עדיין נישואים שרואים באישה אדם ולא חפץ שנקנה – –

– – משום שיש אנשים שמדברים בשם אותה תורה, כביכול חד-פעמית, בעלת פן אחד. אבל לא, חבר הכנסת ליצמן, פנים רבות מאוד יש לתורה, וכל הזמן הן הלכו והתפתחו.

כל הזמן הן הלכו והשתנו והתווספו, וזה הדבר הכי יפה שקרה לעם ישראל לאורך הדורות. חבר הכנסת קרעי, תן לי לספר לך משהו על הרבנות הראשית לישראל. תן לי לספר לך משהו על הרבנות הראשית לישראל. תן לי, ברשותך. יכול להיות שאולי אתה יודע את הפרט הזה, אבל האחרות והאחרים אולי לא יודעות ויודעים. כל קורותיו של עם ישראל, לאורך כל הדורות, היו ללא רבנות ראשית. להפך, הרבנות הייתה דבר שצמח מהקהילה, אמון שאדם קיבל מקהילתו ונעשה להם לרב. עשה לך רב, כתוב. עשה לך רב. לא כתוב עשי לך רב; בטח לא כתוב עשי לך רבה.

רגע, חבר. המתן, חבר הכנסת קרעי.

עד שהגענו למדינת ישראל. קם העם היהודי בארצו, קם העם היהודי בארצו, השיב לעצמו את מולדתו וכונן לעצמו ריבונות, ומה הוא עשה? השית על עצמו מוסד, שמי שם עליו? המנדט הבריטי לפניו, ולפניו – השלטון העות'מאני. מדוע? משום שבא לכאן שלטון זר ואמר: יש פה כל מיני עדות, מוסלמים, יהודים, נוצרים, לא יודע מה זה כל הדרוזים האלה, לא יודע איך להסתדר. אני גובה את המיסים, אני הממשלה. אתם, קחו לכם, הא לכם, אני ממנה רבנות ראשית, מוסלמי ראשי, נוצרי ראשי, דרוזי ראשי. את כל העניינים שלכם, של המעמד האישי, תפתרו ביניכם.

בא עם ישראל חזרה לארצו, ומה עושה? משאיר על כנו את אותו פטנט של שלטון זר, שהשלטון הוא שממנה את הסמכות הדתית. ממתי זה נשמע בעם ישראל קודם לכן? חל שיבוש עמוק, שלמה קרעי – –

– – שיבוש עמוק מאין כמותו.

בקיצור, חבר הכנסת ליצמן – – –

חבר הכנסת ליצמן, לצערי, אתם הפכתם את היהדות מלהיות דת שהייתה השראה – –

– – השראה, השראה לכל כך הרבה אחרות ואחרים, שהמשיכו אותה בווריאציות שונות, מלהיות מקום של השראה, מלהיות מקום שיצר לא רק פרקטיקה דתית אלא באמת עם וקהילות, לקחתם אותה והפכתם אותה לפוליטיקה, והפכתם אותה לפוליטיקה כזאת קטנה, כזאת קטנה. אתם אלה שפוגעים בתורה – –

– – פוגעים בתורה ופוגעים בדת שלנו ופוגעים בעם ישראל, מצמצמים – – –

דרך המחשבה וההתנהלות – – –

דרך המחשבה וההתנהלות שלך ושלכם היא שסוגרת את השערים של עם ישראל, גם לאלה שרוצות ורוצים להצטרף אליו, גם לאלה שגדלו כיהודיות ויהודים, שחיות וחיים כאן בארץ כיהודיות ויהודים, שאבותיהם ואימותיהם נרדפו על ידי הנאצים ועוזריהם, ואחרות ואחרים, כיהודיות ויהודים לכל דבר ועניין, לא הלכו ועשו להם בירור יהדות. ואתם מפנים להם עורף, ואתם גורמים למדינת ישראל, דורשים ממדינת ישראל להפנות להם עורף. ככה שחבר הכנסת ליצמן, התורה, שבעים ועוד הרבה שבעים פנים לה. ואנחנו, בממשלה הזאת, ובוודאי ובוודאי המאבק שלי באופן אישי ושל מפלגת העבודה לדורותיה, זה לעשות מקום לכמה שיותר פנים לתורה הזאת, ולעשות מקום לכמה שיותר בנות ובני אדם בתוך התורה הזאת, משום שבעיניי, זאת המהות הכי עמוקה שלה, הכי הכי עמוקה שלה. זה המקום הראשון שהתייחס לזכויות אדם, המקום הראשון שהתייחס ליתום ולגר ולאלמנה. אפילו זכויות נשים, כמו בנות צלפחד, יש ואפשר למצוא בתורה שלנו, כשרוצות למצוא אותם. אבל כשרוצים, יותר נוח להמשיך ולשמור על איזו עליונות של גברים מסוג מאוד מאוד מסוים לנהל לאחרים ולאחרות את החיים. ובכן, חבר הכנסת ליצמן, אתה צודק, זאת באמת לא דרכנו. לעניין התחבורה הציבורית, אז א. אדוני צודק. חופש תנועה הוא באמת אחד הדברים היסודיים ביותר שנמצאים בבסיס הזכויות של כל אדם ושל כל אזרח ואזרחית, וצריך גם להיות בבסיס הזכויות של כל אזרחית ואזרח במדינת ישראל. הרי לא יכול באמת להיות שמי שאין לה כסף לרכוש רכב פרטי ולממן את הדלק ואת כל שאר העלויות, לא תוכל להרשות לעצמה בשבת לנסוע למשפחה, למשל – –

– – או לנסוע, חלילה, לרופאה או רופא – –

– – או לנסוע לים או לכל מקום אחר שבו היא או הוא תחווה את השבת שלה.

אז זה לא באמת מתקבל על הדעת. ובכל זאת, זה התקבע במדינת ישראל לאורך שנים רבות מדי, ואין ספק שהמצב הזה זקוק לשינוי מאוד מאוד עמוק.

ואנחנו עובדות ועובדים על למצוא את הדרך לעשות את זה, לעשות את זה נכון, לעשות את זה בלי להתריס בפני מי שאין להם עניין בתחבורה ציבורית בשבת ואין להם עניין שייסעו בתחומם בשבת. לא צריך בשום אופן להיכנס למקומות האלה. אבל המקומות שבהם יש ויש מקום, צריך, וזאת חובה של כל ממשלה לדאוג לחופש תנועה.

עניינית, לכותרת שבכל זאת הייתה כתובה באי-אמון, לעניין שינוי התעריפים המיועדים – – –

שמעת מה הוא אמר? גם את זה הם לא עושים. שמעת? שמעת מה הוא אמר? גם את זה לא עושים.

חברת הכנסת עאידה תומא סלימאן – –

– – לא תוכלי להכחיש שהממשלה הזאת משקיעה סכומים חסרי תקדים, שמתחילים לסגור את הפער של אפליה ארוכת שנים – – –

אני אומרת לך כשרת תחבורה שכבר השקיעה 400 מיליון שקלים, כבר הוציאה פרויקטים בכל מקום שבו הם כבר מתוכננים וכבר אפשר להתחיל לקדם אותם ב-400 מיליון שקלים, ויהיו עוד הרבה מאוד מיליארדים בשנים הקרובות שמיועדים, כמו שאמרתי, להתחיל לסגור את הפער בתשתיות בחברה הערבית, כמו שראוי לעשות. סוד גלוי הוא – – –

חבר הכנסת גפני, הפסדת את החלק החשוב של הנאום שלי, שבו דיברתי על שבעים פנים לתורה ועל הדרכים הרבות שבהן אנחנו מקדמות ומקדמים – –

– – את תורת ישראל ואת האפשרויות והאופציות של עם ישראל, חבריו וחברותיו.

צר לי על כך. עכשיו אתה מתפרץ מהאמצע. באמת חבל. כאמור, לעניין תעריפי התחבורה הציבורית, למרות שחבר הכנסת ליצמן הלך, אבל בכל זאת, לפרוטוקול – – –

לפרוטוקול אני רוצה בכל זאת להגיד: סוד גלוי הוא, ומאז הכניסה שלי לתפקיד אני אומרת מעל כל במה, שאני עושה מאמצים אדירים לקדם את התחבורה הציבורית. לא יעזור, מעבר משמעותי מסיבי לתחבורה הציבורית הוא הדבר היחיד שיתחיל לחלץ אותנו מהפקק הגדול שכולנו תקועות ותקועים בו אחרי שנים ארוכות מאוד שבהן התחבורה הציבורית לא קודמה. בשביל שהתחבורה הציבורית אכן תהפוך להיות אלטרנטיבה, אנחנו חייבות וחייבים להוסיף הרבה מאוד שירות בתחבורה הציבורית, חברי חבר הכנסת גינזבורג, היושב-ראש, ומי כמוך, שמושקע מאוד מאוד בענייני תחבורה ובטיחות בדרכים, יודע את הדבר הזה. אנחנו מובילות ומובילים תוכנית חומש שבה תהיה תוספת שירות מאוד משמעותית – עד ספטמבר ייכנסו כבר 1,000 אוטובוסים נוספים, ועד 2026 כל האוטובוסים העירוניים החדשים יהיו רק חשמליים, אני שמחה לספר. כבר הוצאנו לביצוע שבעה מסופי תחבורה ציבורית, ועוד 40 נמצאים בתוכנית, והם כולם בתכנון ובתקצוב. חלק מהדבר הזה הוא לעשות סדר גם במערך התשלום. צריך להגיד, יש הנחות בתחבורה הציבורית שהן קבועות בחוק, הן לילדות וילדים ונוער, הן לאזרחיות ולאזרחים הוותיקים ולאנשים עם מוגבלויות. בהנחות האלה לא תהיה שום פגיעה בשום מצב ובשום אופן. זאת ועוד, אנחנו מחפשות ומחפשים דרכים להקל על הציבורים האלה עוד יותר. כל שאר התעריפים – מעולם לא היו הנחות, צריך לומר את זה. לא היו הנחות. מה שהיה זה קומבינות, קומבינות בשפע, כל מיני קוניונקטורות פוליטיות פה ושם שהביאו לכל מיני סידורים שמפלים בין ערים שכנות – לא משנה אם זה בצפון, אם זה בנגב, אם זה במרכז. ערים שכנות יכולות להיות ממש זו לצד זו, והן משלמות תעריפים שונים לגמרי.

יש במדינת ישראל – ההפרחה של שקרים היא פשוט מהממת, באמת. באמת, אי-אפשר, אי-אפשר לעקוב אחרי כמות השקרים שמופרחת כאן בצד הזה.

אתה לא, לא שידוע לי, כרגע, כאן. קודם כול, אני רוצה לחזור רגע לעניין התעריפים לפני שנדבר על מספרם. שר האוצר ואני דחינו, לשמחתי, עליית מחירים שהייתה אמורה להיות עדכון אוטומטי שקורה בכל שנה לפי מדד תשומות התחבורה הציבורית, שמורכב מכל הדברים שמהם עולה התחבורה הציבורית. הייתה אמורה להיות עלייה של 8.7%, ואנחנו הצלחנו לדחות את העלייה הזאת, לשמחתי, והיא תתקזז עם השינויים שאנחנו נעשה בתעריפים. התעריפים של התחבורה הציבורית במדינת ישראל היום – יש קרוב ל-100 כאלה, סדר גודל; קשה אפילו לעקוב, אנחנו אפילו לא באמת יודעות ויודעים להגיד עד הסוף בדיוק כמה תעריפים יש, עד כדי כך זה מופרך.

תכף. אנחנו מובילות שינוי במבנה התעריפים, ובעצם העלייה הזאת לא תקרה. זה מה שהולך לקרות. אנחנו חייבות וחייבים לעשות סדר: קודם כול, הציבור לא יכולה לדעת כמה עולה לה לנסוע ממקום למקום, כי כאמור, אם היא עוברת מעיר לעיר, היא תשלם תעריף אחר שהיא לא יכולה בהכרח לדעת; ב. אין שום עקביות, זה הכול שרירותי לגמרי. זה גם מונע מאיתנו כמערכת להיות יכולות ויכולים להפעיל הסדרי תשלום כוללים, להפעיל אמצעי תשלום פיזיים יותר משוכללים, שיאפשרו לאנשים לא להצטרך להסתובב עם מזומן וכו', ובעיקר גם לתכנן את העלויות של תחבורה ציבורית לחודש למשתמשות ומשתמשים קלים וכבדים יותר. יחד עם משרד האוצר אנחנו מובילות ומובילים תהליך של בחינת כל התעריפים האלה כדי למצוא מודל של תעריפים שיהפוך את השימוש בתחבורה הציבורית לקל יותר, נגיש יותר, פשוט יותר ומשתלם יותר, ככה שככל שייסעו יותר בתחבורה ציבורית, כך זה יצא משתלם יותר. הדבר המדהים הוא שגיליתי שמעולם במדינת ישראל לא נעשה שום תכנון אסטרטגי של התחבורה הציבורית שלנו. הידעת, חבר הכנסת גינזבורג? מעולם לא נעשתה איזושהי חשיבה אסטרטגית איך אנחנו רואות ורואים את התחבורה הציבורית, מה אנחנו רוצות שיהיה, לאן אנחנו רוצות להגיע. לא התכוונתי לזה כמשחק מילים, אבל תכלס, זה יוצא פיזית, לא משחק מילים. ובכן, אנחנו לגמרי הולכות לשנות את הנוהל של תעריפים לפי קומבינות, לייצר מודלים שיהיו טובים גם בפריפריה, גם במרכז, גם למי שמשתמשות ומשתמשים הרבה, בעיקר למי שמשתמשות ומשתמשים הרבה בתחבורה הציבורית, אבל גם לעודד את אלה שהיום אולי פחות רואות ורואים בה אפשרות. אנחנו מאמינות ומאמינים שזאת האפשרות. לכן הממשלה הזאת עובדת למען תחבורה נגישה יותר, זמינה יותר, נקייה יותר, לא פחות חשוב – נקייה יותר. אנחנו גם נשקיע המון המון כסף – 46 מיליארד ש""ח בחומש יושקעו ברכבת הכבדה. רק לפני שבועיים הגעתי, שוב, להסכם לגבי בניית המסילה הרביעית באיילון, מה שיאפשר לנו להרחיב את השירות של הרכבת בשנים הבאות באופן דרמטי. רכבות קלות נבנות לא רק במרכז אלא גם בצפון, ובהמשך אני מאמינה שגם בבאר שבע ובנגב. כך שאני חייבת להגיד, חברות וחברים, שאני מודה לכם על ההזדמנות לספר בפורום הזה ובהזדמנות הזאת של תשובת אמון בממשלה את התוכניות האלה, ואשמח להצבעת האמון שלכם. תודה רבה.

- - את תורת ישראל ואת האפשרויות והאופציות של עם ישראל, חברותיו וחברותיה.

תכף. אנחנו מובילות שינוי במבנה התעריפים, ובעצם העלייה הזאת לא תקרה. זה מה שהולך לקרות. אנחנו חייבות וחייבים לעשות סדר – קודם כול, הציבור לא יכולה לדעת כמה עולה לה לנסוע ממקום למקום, כי כאמור, אם היא עוברת מעיר לעיר, היא תשלם תעריף אחר שהיא לא יכולה בהכרח לדעת; ב. אין שום עקביות, זה הכול שרירותי לגמרי. וזה גם מונע מאיתנו כמערכת להיות יכולות ויכולים להפעיל הסדרי תשלום כוללים, להפעיל אמצעי תשלום פיזיים יותר משוכללים, שיאפשרו לאנשים לא להצטרך להסתובב עם מזומן וכו', ובעיקר גם לתכנן את העלויות של תחבורה ציבורית לחודש למשתמשות ומשתמשים קלים וכבדים יותר. יחד עם משרד האוצר אנחנו מובילות ומובילים תהליך של בחינת כל התעריפים האלה כדי למצוא מודל של תעריפים שיהפוך את השימוש בתחבורה הציבורית לקל יותר, נגיש יותר, פשוט יותר ומשתלם יותר, ככה שככל שייסעו יותר בתחבורה ציבורית, כך זה יצא משתלם יותר. הדבר המדהים הוא שגיליתי שמעולם במדינת ישראל לא נעשה שום תכנון אסטרטגי של התחבורה הציבורית שלנו. הידעת, חבר הכנסת גינזבורג? מעולם לא נעשתה איזושהי חשיבה אסטרטגית איך אנחנו רואות ורואים את התחבורה הציבורית, מה אנחנו רוצות שיהיה, לאן אנחנו רוצות להגיע. לא התכוונתי לזה כמשחק מילים, אבל תכלס, זה יוצא פיזית לא משחק מילים. ובכן, אנחנו לגמרי הולכות לשנות את הנוהל של תעריפים לפי קומבינות, לייצר מודלים שיהיו טובים גם בפריפריה, גם במרכז, גם למי שמשתמשות ומשתמשים הרבה, בעיקר למי שמשתמשות ומשתמשים הרבה בתחבורה הציבורית, אבל גם לעודד את אלה שהיום אולי פחות רואות ורואים בה אפשרות. אנחנו מאמינות ומאמינים שזאת האפשרות. לכן הממשלה הזאת עובדת למען תחבורה נגישה יותר, זמינה יותר, נקייה יותר, ולא פחות חשוב – נקייה יותר. אנחנו גם נשקיע המון המון כסף – 46 מיליארד ש""ח בחומש יושקעו ברכבת הכבדה. רק לפני שבועיים הגעתי – שוב – להסכם לגבי בניית המסילה הרביעית באיילון, מה שיאפשר לנו להרחיב את השירות של הרכבת בשנים הבאות באופן דרמטי. רכבות קלות נבנות לא רק במרכז, אלא גם בצפון, ובהמשך אני מאמינה שגם בבאר שבע ובנגב. כך שאני חייבת להגיד, חברות וחברים, שאני מודה לכם על ההזדמנות לספר בפורום הזה ובהזדמנות הזאת של תשובת אמון בממשלה את התוכניות האלה, ואשמח להצבעת האמון שלכם. תודה רבה.",9,
343404,2022-02-23,"הצעת חוק לתיקון פקודת התעבורה (הגבלת סכום אגרת רישיון רכב), התשפ""ב–2021","(אומרת בערבית: קודם כול, לצערי הרב, השפה הערבית שלי לא יפה כמו השפה של חבר הכנסת – – –)

אחמד טיבי, (אומרת בערבית: לצערי הרב – – –)

(אומרת בערבית: אבל אני רוצה להמשיך להתאמן, ויעני, בואו נראה.)

חבר הכנסת טיבי, השפה שלך היא באמת ברמה כל כך גבוהה, שעד שאני אגיע לקבל שיעורים ממך, אני אטפס קודם במעלה.

קודם כול, אני שמחה לראות שהאופוזיציה כל כך נהנית. נראה לי, חבל על הזמן, יום כיף באופוזיציה. חבל על הזמן, איזה יום כיף.

אה, ראיתי, ראיתי אתכם טרוטי עיניים וסובלים בלילות.

אבל בכל מקרה, באמת מפרגנות. אנחנו באמת באמת מפרגנות לאופוזיציה את יום הכיף. אדוני היושב-ראש, גברתי מזכירת הכנסת, אני חושבת שבכל פעם שאני אעלה עכשיו על הדוכן, אני אזכיר אותך, כי אני כל כך לא רוצה שתלכי, שאולי זה יסייע להשאיר אותך כאן. ובכן, חבר הכנסת טיבי וחבר הכנסת סעדי, שאני רואה שהוא פה – כן הוא פה. אהלן – שזה מה שקוראים אצלנו (אומרת בערבית: ""שני טוסיקים באותם תחתונים"",) חבר הכנסת טיבי וחבר הכנסת אוסאמה סעדי. בכל מקרה, הצעת החוק הזאת היא פשוט לא נכונה, לצערי. א. היא מעודדת שימוש ברכב פרטי והיא מעודדת רכישת כלי רכב פרטיים – דבר שאנחנו לא מעוניינות ומעוניינים לעשות. להפך, אנחנו מעוניינות ומעוניינים לעודד שימוש בתחבורה ציבורית. כמו שאתה יודע, חבר הכנסת טיבי, אני משקיעה הרבה מאוד מאוד – אני? משרד התחבורה בראשותי משקיע הרבה מאוד כסף בתשתיות ברשויות הערביות על מנת שנוכל להוסיף שם שירות של תחבורה ציבורית. אלה פערים של שנים ארוכות שצריך להתחיל לסגור, ואנחנו משקיעות ומשקיעים בזה כסף ומאמצים רבים. ב. צריך להגיד שזה לא רק מבחינת הפקקים, העומס והגודש וכו', אלא גם כמובן מבחינה סביבתית: כמה שיותר כלי רכב פרטיים זה דבר לא קיים, לא מקיים, לא מתקיים, לא בריא בשום בחינה ואופן. אבל צריך להגיד עוד דבר: ציבור גדול ורב קנה כלי רכב יקרים מאוד, ולמי שיש כסף לקנות כלי רכב חדש ויקר, למה המדינה צריכה לעשות לו הנחה על האגרה? אני באמת לא מבינה. חבר הכנסת טיבי, מה שאתם מציעים זה ממש מיסוי רגרסיבי.

זה ממש מיסוי רגרסיבי. אני באמת אומרת, זה לא נכון, לא מבחינה חברתית, לא מבחינה תחבורתית, לא מבחינה סביבתית. משום בחינה הצעת החוק הזאת היא לא נכונה, לצערי, ולכן הממשלה מתנגדת להצעת החוק הזאת. אבל אחזור ואומר: ההשקעה שנעשית בכלי הסעת המונים, תחבורה ציבורית, ובחברה הערבית בפרט, היא השקעה גדולה מאוד, ולוקח זמן אבל היא תישא פירות. אני רואה שחבר הכנסת טיבי רוצה לנצל את זכותו לענות בחזרה, אבל בכל מקרה הממשלה מתנגדת.

אחמד טיבי (אומרת בערבית:)

חבר הכנסת טיבי, השפה שלך היא באמת ברמה כל כך גבוהה - -

- - שעד שאני אגיע לקבל שיעורים ממך, אני אטפס קודם במעלה.

אבל בכל מקרה, באמת מפרגנות. אנחנו באמת באמת מפרגנות לאופוזיציה את יום הכיף. אדוני היושב-ראש, גברתי מזכירת הכנסת, אני חושבת שבכל פעם שאני אעלה עכשיו על הדוכן, אני אזכיר אותך, כי אני כל כך לא רוצה שתלכי, שאולי זה יסייע להשאיר אותך כאן. ובכן, חבר הכנסת טיבי וחבר הכנסת סעדי, שאני רואה שהוא פה – כן הוא פה. אהלן – שזה מה שקוראים אצלנו (אומרת בערבית:) חבר הכנסת טיבי וחבר הכנסת אוסאמה סעדי. בכל מקרה, הצעת החוק הזאת היא פשוט לא נכונה, לצערי. א. היא מעודדת שימוש ברכב פרטי; היא מעודדת רכישת כלי רכב פרטיים – דבר שאנחנו לא מעוניינות ומעוניינים לעשות; להפך, אנחנו מעוניינות ומעוניינים לעודד שימוש בתחבורה ציבורית. כמו שאתה יודע, חבר הכנסת טיבי, אני משקיעה הרבה מאוד מאוד – אני? משרד התחבורה בראשותי – משקיע הרבה מאוד כסף בתשתיות ברשויות הערביות, על מנת שנוכל להוסיף שם שירות של תחבורה ציבורית. אלה פערים של שנים ארוכות שצריך להתחיל לסגור, ואנחנו משקיעות ומשקיעים בזה כסף ומאמצים רבים. ב. צריך להגיד שזה לא רק מבחינת הפקקים, העומס והגודש וכו', אלא גם כמובן מבחינה סביבתית: כמה שיותר כלי רכב פרטיים זה דבר לא קיים, לא מקיים, לא מתקיים, לא בריא בשום בחינה ואופן. אבל צריך להגיד עוד דבר, ציבור גדול ורב קנה כלי רכב יקרים מאוד, ולמי שיש כסף לקנות כלי רכב חדש ויקר, למה המדינה צריכה לעשות לו הנחה על האגרה? אני באמת לא מבינה. חבר הכנסת טיבי, מה שאתם מציעים זה ממש מיסוי רגרסיבי.",3,
344165,2022-03-09,שאילתות דחופות,"חבר הכנסת ביטן, תענוג לראות אותך בכיסא היו""ר.

קודם כול, חבר הכנסת מוסי רז, תודה רבה לך על השאילתה. אני מאוד שמחה על ההזדמנות לדבר על הנושא הסופר-סופר-חשוב הזה. ברשותך, אני כופרת בתיאור שנמצא בתחילת השאילתה שלך, שבחודש ינואר הוחלט על דחיית התוכנית, משום שבעצם אני גאה להיות שרת התחבורה שבכלל ניגשת לפינוי התחנה המרכזית. זה לא שהייתה איזו תוכנית קודם ונעשה משהו בעניין והוחלט לדחות את זה. ממש ממש לא. אני, כשנכנסתי למשרד, ביקשתי מהצוות המקצועי לעשות כל דבר כדי שנביא לפינוי התחנה המרכזית, והם באמת עבדו עבודה רבה מאוד וקשה מאוד, ואז הודעתי על הפינוי, ואז באמת התגלעו כל מיני קשיים. לכן מה שהודענו זה שזה יהיה בשתי פעימות, בעצם, ונאמרו הזמנים, ואני חוזרת עליהם כאן בשמחה: תוך שנתיים יהיה פינוי של חצי מהפעילות. אם יש היום בתחנה המרכזית 5,000 נסיעות ביום, אנחנו תוך שנתיים נוריד אותן לחצי לפחות – אני תכף אגיד לך לאן זה הולך – ותוך ארבע שנים, כשייבנו מתחמים נוספים, היא תפונה לחלוטין. לפני שאני מפרטת לך את המתחמים ואת האופן שהם מתחלקים לפי הזמנים, חשוב לי להגיד שההישג הגדול היה שהצלחנו להגיע להסכם עם עיריית תל אביב על הביצוע של הפרויקט הסופר-סופר-מורכב הזה. חלק מההסכם אומר שבכל מקרה, גם עד הפינוי, גם משרד התחבורה וגם עיריית תל אביב – כל אחד ואחת על מה שבתחום אחריותו – עושות אכיפה מוגברת ומשמעותית על ההפרות של חברת נצבא ושיקום ושיפוץ של כל מה שאפשר בזמן שהתחנה עדיין עובדת. אני רוצה להגיד לך שכבר הושתו על החברה קנסות במאות אלפי שקלים, וכבר נעשים צעדים בשביל לשפר מאוד מאוד את כל מה שקורה שם בינתיים, ואתה תראה את זה גם בזמן שעוד נשאר לפינוי. עכשיו, בהתאם לתוכנית שסוכמה עם עיריית תל אביב ועם כל שאר הגופים הרלוונטיים, בשנתיים הראשונות אנחנו מתקינות גם את מסוף החרש, שהוא יהיה גם מסוף נוסעות ונוסעים, וכסף לביצוע שלו כבר יצא לפועל, כבר יצא – לא הוקצה אלא יצא. אנחנו גם בודקות ובודקים אפשרות להגדיל את מסוף סבידור כדי שחלק מהנוסעות והנוסעים ילכו לשם. חוץ מזה אנחנו עובדות על חניון בשם הלוחמים, שיהיה המקום המינהלתי שבו תהיה חניית לילה. צריך להגיד, כל המתחמים האלה, אחד הדברים המשמעותיים שקורה בהם זה שהם כבר יהיו מחושמלים, כלומר הם יוכלו לקלוט אוטובוסים חשמליים. ומשום שחתמנו לפני שבוע וחצי את הסכם התחרות בגוש דן, כלומר הסכם עם חברת דן לעשר השנים הקרובות שבמסגרתו גם תהיה תוספת שירות אדירה אבל גם יהיה מעבר מאוד מאוד משמעותי לאוטובוסים חשמליים – עד 2026 יהיו רק אוטובוסים חשמליים, כבר נכנסים 400 וכו' וכו' – אז המתחמים האלה הם בין השאר מה שאנחנו בונות בשביל לאפשר את הפעולה שלהם. זה בחלק הראשון, כאמור, בשנתיים הראשונות. בשנתיים האלה מתחילה גם עבודה על מתחם פנורמה, שכרגע אפשר לבנות רק על חלקו. בחלק הזה התכנון כבר יצא לפועל, ואנחנו נעבוד יחד עם עיריית תל אביב בוועדה לתשתיות לאומיות, המכונה הוות""ל, כדי לשנות את הייעוד של שאר הקרקע, ככה שבמשך השנתיים הבאות – אתה יודע איך זה, תהליכי תכנון לוקחים זמן – נוכל לבנות על כל השטח ולהוציא את כל שאר הפעילות מהתחנה המרכזית, גם למסופים שייבנו במהלך השנתיים הקרובות וגם למתחם פנורמה, שאמור להיות בנוי במלואו בשנתיים הנוספות. דומני שאלה הדברים. בנוגע להפקעה, אני רק אגיד שאנחנו פועלות ופועלים ובוחנות ובוחנים את כל האופציות. זאת התשובה שלי כרגע לעניין הזה.

שאלת המשך, אם מרשה היושב-ראש, תהיה לי לכבוד ולעונג.

אדוני כמובן צודק, אבל א. אין לי כאן פיצול של מספרי האוטובוסים. אני אבקש שיכינו ויעבירו לך, ברשותך. קודם כול, אני מסכימה לחלוטין עם האמירה. זה לא שאנחנו רוצות להעביר מפגע ממקום אחד למקום אחר. אנחנו רוצות להביא למצב שתחנות אוטובוסים וגם מסופים הם לא מפגע פשוט. ולכן, קודם כול, העניין של החשמול הוא סופר-סופר-משמעותי, משום שזה לעבור מכלי רכב מזהמים לכלי רכב נקיים וגם שקטים. אני לא יודעת אם יצא לך לשמוע את האוטובוסים החשמליים. פשוט אי-אפשר לדעת אם האוטובוס פועל או לא פועל. הדבר היחידי שעושה בו רעש זה המזגן. זה דבר באמת מדהים לחוות. אני ממליצה לך בחום לעלות על אלה שכבר נוסעים ברחובות.

אתה באמת, אם הוא חשמלי, לא תשמע, לא בטוח כמה תשמע אותו מגיע. זה באמת דבר מדהים. לכן אנחנו משקיעות ומשקיעים כל כך הרבה בחשמול המסופים והאוטובוסים. לא יהיה אפשר להימלט בכלל ממסופים, אבל באמת המעבר להוספת שירות משמעותית בתחבורה ציבורית מחייב מקומות שבהם האוטובוסים יוכלו לחנות, שהנהגות והנהגים יוכלו לנוח. זה דבר מאוד משמעותי לתנאים, תנאי העבודה הבסיסיים, וגם לבטיחות של כולנו, שלנהגות ולנהגים יהיה איפה לעצור ולנוח רגע. אתה גם צריך תחנות שיש בהן יותר מאוטובוס אחד, שאנשים יכולים לעבור מקו אחד לקו אחר, ולכן זה לא שאפשר להימנע לחלוטין ממסופים. אבל הרעיון הוא שהמסופים יהיו בינוניים ולא אימתניים עם כזה מצבור עצום של קווים ושל שירות, ובאמת שיהיו כמה שיותר נקיים וכמה שיותר מפוזרים ברחבי העיר והארץ. לכן יש לנו תוכנית מסופים לאומית שמתכננת כמעט 50 מסופים – עשרה מהם כבר יצאו לעבודה בשנה הזאת, אני שמחה לדווח – והמטרה היא להפוך את זה למשהו שהוא באמת הרבה יותר שירותי, הרבה יותר נעים, הרבה יותר יעיל וודאי הרבה הרבה הרבה – ועד כדי בכלל לא מפגע לציבור. אדוני היושב-ראש?

בשמחה. תודה רבה, חבר הכנסת כסיף. אני אשמח לחזור על ההסבר שנתתי כבר פעמים רבות, אבל אולי עדיין לא מעל הדוכן הזה, ואני שמחה לתת אותו כאן שוב. אכן אדוני צודק, והכוונה והרצון היו לפנות את כל התחנה המרכזית בתוך שנתיים. אבל כפי שגם אתה, חבר הכנסת כסיף היקר, הרי מבין ויודע, אנחנו זקוקות לאוטובוסים האלה. יש עשרות ומאות אלפים שמשתמשות ומשתמשים בהם מדי יום ותלויות ותלויים בהם כדי להגיע ממקום למקום ובאמת לזוז ולנוע בחיים, כך שצריך את הנסיעות שנכנסות ויוצאות מהתחנה המרכזית להעביר למקומות אחרים. ההבנה הייתה, של כל גורמי המקצוע, שיש שני מתחמים שאליהם אפשר להעביר בתוך שנתיים את כל הפעילות. במהלך העבודה המאוד-מאוד מאומצת שעשו גורמי המקצוע במשרד וגם בעירייה, התברר לנו שמתחם פנורמה, שאליו באמת תעבור בסופו של דבר חלק ניכר מהפעילות, חלק ממנו נקרא בתב""ע אתר טבע עירוני, ועל אתר טבע עירוני אי-אפשר לבוא ולבנות עכשיו מסוף. הייתה מחשבה שאפשר יהיה לשנות את ייעוד הקרקע הזה בקלות ולהתגבר על המכשול הזה ועדיין לעשות את זה בתוך שנתיים. בזמן שעבר מרגע שאני הכרזתי על שנתיים ועד אותה ישיבה מפורסמת שאתה מציין, התברר לנו שלא כן הוא – לא פשוט לשנות את ייעוד הקרקע, וזה דבר שיצטרך לעבור בוועדה לתשתיות לאומיות, לא בוועדה המקומית, דבר שייקח יותר זמן ממה שחשבנו. ולכן גורמי המקצוע במשרד – ואני שוב אומרת, יש לי רק מילים טובות ושבחים להגיד על רשות התחבורה הציבורית ועל אגף התשתיות במשרד התחבורה, שהשקיעו באמת באמת לילות כימים ומצאו פתרונות ככה שלא נצטרך לחכות את כל ארבע השנים, אלא נוציא חצי מהפעילות בתוך שנתיים למתחמים – אחד שהיה מתוכנן ושניים נוספים – ובזמן הזה נמשיך לעבוד על מתחם פנורמה כדי שתוך ארבע שנים נוכל לסיים ולהוציא את כל הפעילות מתחבורה ציבורית. אני מבינה – ואני כל פעם מחדש עומדת כאן ונדהמת מחוסר האמון שיש מצד גורמים מסוימים כלפי הממשלה כגוף מבצע וכל הזמן מחפשים כל מיני קונספירציות או כל מיני דברים לא ראויים או לא תקינים שקורים, אבל אתה יודע – אני אמרתי באיזה ריאיון עיתונאי – אני מבינה שכפוליטיקאית אסור להגיד את האמת. מה לעשות? כולם חשבו, כל גורמי המקצוע חשבו שאפשר יהיה לעשות את זה בשנתיים וגילו שלמרות רצונם הטוב ולמרות הנחישות של כל הנוגעים בדבר, זה לא יהיה אפשרי. עשינו מתווה חדש. תוך שנתיים יפונה חצי מהתחנה המרכזית ותוך עוד שנתיים היא תפונה כולה. אז אתה יודע, לפעמים האמת היא אופציה.

אתה יכול לבקש שיגבירו לי את המיקרופון? אני צרודה בטירוף.

למיטב ידיעתי, חבר הכנסת אבוטבול, משרדי העביר את המידע המבוקש.

לא התבקשנו להעביר מידע על הרכבלית, כך כותבים לי. הבקשה הגיעה ביום ראשון עצמו והיא נמצאת בטיפול.

אני מדייקת. לקראת הדיון לא התבקשנו להעביר מידע. במהלך הדיון אתם ביקשתם את זה, ואז הגיעה ביום ראשון בקשה למשרד והיא נמצאת בטיפול. נסיעות ההרצה פשוט בוחנות את הרכבלית. זה דבר מקובל שתמיד נעשה, אגב.

כן, בוודאי. איך אפשר לחכות?

אין שום בעיות בטיחות, חלילה. תמיד יש נסיעות הרצה, ואנחנו אכן מחכות ומקוות – משרד התחבורה ענה על כל דרישות עיריית חיפה. עמדנו אחת לאחת בכל הדרישות של עיריית חיפה. אחרי שעמדנו בכל הדרישות נמצאו דרישות חדשות לעיריית חיפה. גם בהן אנחנו נעמוד. זה נמצא בטיפול, ואני מקווה שההמצאה של טופס 4 לא תתעכב יותר מדי ונוכל להתחיל להפעיל את הרכבלית החדשה והנוצצת. ביום שני, בכל מקרה, אני אמורה לפגוש את ראש העיר חיפה, פגישה שאני מצפה לה בקוצר רוח כבר הרבה מאוד זמן. למשרד התחבורה בראשותי יש הרבה מאוד תוכניות לחיפה בתור המטרופולין של הצפון והפיתוח שנדרש לה – –

– – ואנחנו נשקיע בה הרבה מאוד. היא בהחלט אמורה לפעול גם בשבת.

כלי תחבורה שעלה 350 מיליון שקלים – –

– – ואין היגיון שיהיה מושבת, בוודאי בעיר שהסטטוס קוו בה הוא שיש תחבורה ציבורית בשבת.

בכל מקרה, חבר הכנסת אבוטבול, המידע שהתבקש מוועדת הכלכלה עבור יועבר.

אין לי ויכוח איתך. זאת סוגיה שצריכה להיות מטופלת בצורה הרבה יותר אפקטיבית. לצערי לא הצלחנו. ברשות שדות התעופה עוד לא הצליחו להתגבר על בעיית כוח האדם שהתפתחה להם מאז הקורונה, ואני רק יכולה להבטיח לך שאני לא מניחה לעניין הזה. לא רק שלא שכחתי ממנו, אני לא מזניחה את הטיפול בו. רשות שדות התעופה גם נמצאת כרגע בתקופת מעבר, וצריך להיבחר לה מנכ""ל חדש. זה ודאי לא מקל על העניין. אני רק יכולה להבטיח לכם שאנחנו עובדות ועובדים על זה בכל הכוח. אני מודעת לזה. אתה צודק, זה דבר שצריך להיפתר, והוא ייפתר.

אני אבחן שוב את האפשרות שאתה מעלה עכשיו, אבל כאמור אני מודעת לזה. אני לא מתווכחת.

אני ביקשתי שינסו לגייס באופן ייעודי כוח אדם בחברה הערבית בשביל הדבר הזה. זה כנראה לא מצליח מי יודע מה. צריך להביא בחשבון גם את הדבר הזה, כי אני ביקשתי בדיוק את ההצעה שלך.

אין לנו ויכוח. אני אשמח להפגיש אתכם, לעשות פגישה עם אנשי רשות שדות התעופה, ואולי בפגישה הזאת אפשר יהיה לחשוב על דברים אפקטיביים להוציא לפועל מייד.

אדוני, כמובן, צודק. אבל, א', אין לי כאן פיצול של מספרי האוטובוסים. אני אבקש שיכינו ויעבירו לך, ברשותך. קודם כול, אני מסכימה לחלוטין עם האמירה. זה לא שאנחנו רוצות להעביר מפגע ממקום אחד למקום אחר. אנחנו רוצות להביא למצב שתחנות אוטובוסים וגם מסופים הם לא מפגע פשוט. ולכן, קודם כול, העניין של החשמול הוא סופר סופר משמעותי, משום שזה לעבור מכלי רכב מזהמים לכלי רכב נקיים וגם שקטים. אני לא יודעת אם יצא לך לשמוע את האוטובוסים החשמליים. פשוט אי-אפשר לדעת אם האוטובוס פועל או לא פועל. הדבר היחידי שעושה בו רעש זה המזגן. זה דבר באמת מדהים לחוות. אני ממליצה לך בחום לעלות על אלה שכבר נוסעים ברחובות.

אתה באמת, אם הוא חשמלי, לא תשמע, לא בטוח כמה תשמע אותו מגיע. זה באמת דבר מדהים. לכן אנחנו משקיעות ומשקיעים כל כך הרבה בחשמול המסופים והאוטובוסים. אי-אפשר יהיה להימלט בכלל ממסופים, אבל באמת המעבר להוספת שירות משמעותית בתחבורה ציבורית מחייב מקומות שבהם האוטובוסים יוכלו לחנות, שהנהגות והנהגים יוכלו לנוח. זה דבר מאוד משמעותי באמת לתנאים, תנאי העבודה הבסיסיים, וגם לבטיחות של כולנו, שלנהגות ולנהגים יהיה איפה לעצור ולנוח רגע. אתה גם צריך תחנות שבאמת יש בהן יותר מאוטובוס אחד, שבאמת אנשים יכולים לעבור מקו אחד לקו אחר. ולכן זה לא שאפשר להימנע לחלוטין ממסופים. אבל הרעיון הוא שהמסופים יהיו בינוניים ולא אימתניים בכזה מצבור עצום של קווים ושל שירות. ובאמת שיהיו כמה שיותר נקיים וכמה שיותר מפוזרים ברחבי העיר והארץ. לכן יש לנו תוכנית מסופים לאומית שמתכננת כמעט 50 מסופים, עשרה מהם כבר יצאו לעבודה בשנה הזאת, אני שמחה לדווח. והמטרה היא באמת להפוך את זה למשהו שהוא באמת הרבה יותר שירותי, הרבה יותר נעים, הרבה יותר יעיל, וודאי הרבה הרבה הרבה – ועד כדי בכלל לא מפגע לציבור. אדוני היושב-ראש?

בשמחה. תודה רבה, חבר הכנסת כסיף. אני אשמח לחזור על ההסבר שנתתי כבר פעמים רבות, אבל אולי עדיין לא מעל הדוכן הזה, ואני שמחה לתת אותו כאן שוב. אכן אדוני צודק, והכוונה והרצון היו לפנות את כל התחנה המרכזית בתוך שנתיים. אבל, כפי שגם אתה, חבר הכנסת כסיף היקר, הרי מבין ויודע, אנחנו זקוקות לאוטובוסים האלה. יש עשרות ומאות אלפים שמשתמשות ומשתמשים בהם מדי יום ותלויות ותלויים בהם כדי להגיע ממקום למקום ובאמת לזוז ולנוע בחיים. כך שצריך את הנסיעות שנכנסות ויוצאות מהתחנה המרכזית להעביר למקומות אחרים. ההבנה הייתה, של כל גורמי המקצוע, שיש שני מתחמים שאליהם אפשר להעביר בתוך שנתיים את כל הפעילות. במהלך העבודה המאוד-מאוד מאומצת שעשו גורמי המקצוע במשרד וגם בעירייה, התברר לנו שמתחם פנורמה, שאליו באמת יעבור, בסופו של דבר, חלק ניכר מהפעילות, חלק ממנו נקרא בתב""ע אתר טבע עירוני. ועל אתר טבע עירוני אי-אפשר לבוא ולבנות עכשיו מסוף. הייתה מחשבה שאפשר יהיה לשנות את ייעוד הקרקע הזה בקלות, ולהתגבר על המכשול הזה, ועדיין לעשות את זה בתוך שנתיים. בזמן שעבר מרגע שאני הכרזתי על שנתיים ועד אותה ישיבה מפורסמת שאתה מציין, התברר לנו שלא כן הוא – לא פשוט לשנות את ייעוד הקרקע. וזה דבר שיצטרך לעבור בוועדה לתשתיות לאומיות, לא בוועדה המקומית. דבר שייקח יותר זמן ממה שחשבנו. ולכן גורמי המקצוע במשרד – ואני שוב אומרת, באמת יש לי רק מילים טובות ושבחים להגיד על רשות התחבורה הציבורית ועל אגף התשתיות במשרד התחבורה, שהשקיעו באמת באמת לילות כימים ומצאו פתרונות ככה שלא נצטרך לחכות את כל ארבע השנים, אלא נוציא חצי מהפעילות בתוך שנתיים למתחמים – אחד שהיה מתוכנן ושניים נוספים – ובזמן הזה נמשיך לעבוד על מתחם פנורמה כדי שתוך ארבע שנים נוכל לסיים ולהוציא את כל הפעילות מתחבורה ציבורית. אני מבינה – ואני כל פעם מחדש עומדת כאן ונדהמת מחוסר האמון שיש מצד גורמים מסוימים כלפי הממשלה כגוף מבצע וכל הזמן מחפשים כל מיני קונספירציות או כל מיני דברים לא ראויים או לא תקינים שקורים. אבל, אתה יודע – אני אמרתי באיזה ריאיון עיתונאי – אני מבינה שכפוליטיקאית אסור להגיד את האמת. מה לעשות? כולם חשבו, כל גורמי המקצוע חשבו שאפשר יהיה לעשות את זה בשנתיים וגילו שלמרות רצונם הטוב ולמרות הנחישות של כל הנוגעים בדבר, זה לא יהיה אפשרי. עשינו מתווה חדש. תוך שנתיים יפונה חצי מהתחנה המרכזית ותוך עוד שנתיים היא תפונה כולה. אז אתה יודע, לפעמים האמת היא אופציה.",8,
345574,2022-06-01,שאילתות דחופות,"תודה רבה. << שאילתה >> 143. ארבעה הרוגים בתאונה הקטלנית בכביש 90 << שאילתה >>

תודה, אדוני. אז קודם כול, אני רוצה לשלוח ניחומים עמוקים למשפחות, ספציפית על התאונה המחרידה שראינו בסוף השבוע, אבל בכלל לכל המשפחות השכולות מתאונות הדרכים שאנחנו נאבקות ונאבקים בהן. ואני חייבת להגיד לכם, ואמרתי את זה גם כאן מעל הדוכן יותר מפעם אחת: הכבישים המסוכנים הם בראש התיעדוף של קבלת החלטות, זאת אומרת, הקריטריונים שלפיהם אנחנו מקבלות ומקבלים החלטות באילו כבישים להשקיע, ולצערי אין מספיק כסף בשביל לטפל בכל הכבישים שלנו כמו שראוי היה לנו לטפל בהם. אבל הכבישים המסוכנים, וספציפית כביש 90 – אני הודעתי כבר לפני חודש שהמקטע מצומת קטורה, מקטע של 20 קילומטר, הוא כבר מתוקצב, הוא כבר בעיצומו של התכנון המפורט הסופי, ובאוגוסט יצא מכרז בתקציב של 300 מיליון שקלים לשדרוג, הרחבה, כל מה שצריך לקטע הזה. אחרי התאונה המחרידה שהייתה בשבת, עשיתי דיון חירום ביום שני בבוקר במשרדי. השתתפו בו כל הגורמים – לא רק משרד התחבורה אלא משטרת התנועה, הרשות הלאומית לבטיחות בדרכים וגם משרד האוצר – והחלטנו על תוכנית שהיא מדורגת, שכן החלק של הכביש המכונה כביש הערבה הוא חלק של 120 ק""מ, ועלות ההרחבה שלו היא 2 מיליארד שקלים. אבל חשוב יותר מזה, חבר הכנסת גינזבורג, חבר הכנסת אזולאי וחבר הכנסת סעדי, חשוב יותר להבין שאי-אפשר ואין דרך לקחת את כל 120 הקילומטרים האלה ולהרחיב אותם בבת אחת. אם אתה מייצר בעצם אתר בנייה של 120 ק""מ, אתה יוצר מצב מסוכן עוד יותר מהמצב כרגע. ולכן, החלטנו על תוכנית לטווח מיידי, טווח בינוני וטווח ארוך, ולשמחתי, שר האוצר ואני הכרזנו אתמול על החלטה כן להיכנס לתוכנית הרב-שנתית של תקצוב כל 2 המיליארד האלה במתווה שנפרסם אותו בהקדם לפי שנים להרחבת כל החלק הזה של הכביש, כל 120 הקילומטר, אבל גם בטווח הביניים אנחנו נעשה דברים כמו נתיבי עקיפה, כמו מפרצי עצירה, כמו תוספות של תאורה, וכן תוספת של אכיפה. אני הטלתי על יושב-ראש הרשות הלאומית לבטיחות בדרכים לשבת עם כל הגורמים כדי להביא את הפרטים של הדבר הזה, לא לדבר רק בעקרונות, ועד שלושה שבועות הוא צריך להציג לי את התוכנית הספציפית הזאת, ואני אשמח לשתף אתכם בה כשהיא תהיה. אבל לסיכום צריך להגיד שכביש 90 סוף-סוף הולך לקבל את הטיפול שמגיע לו. אני אגיד שחוץ מכבישים מסוכנים, אני שמתי בראש סדר העדיפויות שלנו את הגליל והנגב, הערבה והגולן. המצב של כביש 90 הוא עוד אחת מהעדויות לאופן שבו המקומות האלה הוזנחו כל כך הרבה שנים. יש כבר, כאמור, מקטע ראשון שיוצא למכרז ב-300 מיליון שקל באוגוסט. התכנון שלו כבר – התכנון סופי, צריך להגיד, לא התכנון הראשוני, התכנון הסופי הוא כבר בהליכים מאוד מתקדמים, לכן אפשר יהיה באוגוסט להוציא את המכרז, והשאר – תוך שלושה שבועות אנחנו ניתן את התוכנית המלאה להשלמת שדרוגו של הכביש.

אדוני, אתה רוצה שאלה נוספת לכל השואלים קודם?

הבנתי. בסדר גמור. אז חבר הכנסת גינזבורג, כפי שציינתי, משום שאי-אפשר לעשות את כל ה-120 ביחד בלאו הכי – – –

תכנון בגדול, תכנון ראשוני, תכנון סטטוטורי לכביש הזה קיים. לא נכון לעשות תכנון פרטני מוקדם מדי, שכן אז הוא כבר יוצא לא רלוונטי לזמן. ברגע שיהיה לנו המתווה שעכשיו אנחנו מתחילות ומתחילים לעבוד עליו, בהחלטה שהתקבלה כן לעשות את כל 120 הקילומטר בתוכנית רב-שנתית, אז נעשה גם לוח זמנים מתי יהיה התכנון ולתקצוב.

אני עונה לאדוני. תראה, צריך להגיד ביושר, לפעמים התקצוב הוא הבעיה, אבל לפעמים גם יש דברים אחרים. גם אילו היו היום כל 2 מיליארד השקלים, לא היה אפשר ולא נכון לצאת לעבודה על כל הקטע. אמרתי, אני בתוך שלושה שבועות אקבל מיושב-ראש הרשות הלאומית לבטיחות בדרכים קודם כול את תכנון הביניים לדברים שכוללים, כמו שאמרתי, פתרונות שאינם הרחבה מלאה אלא הפתרונות הנוספים – של נתיבי עקיפה ומפרצי חניה ותאורה והפרדות בחלק מהמקרים. אנחנו במקביל, יחד עם שר האוצר ומשרד האוצר, נעבוד על המתווה להרחבה ושדרוג של כלל הכביש, ואז נוכל להציג את לוח הזמנים, ואז מן הסתם זה גם ילך ללוח זמנים של תכנון. לשאלתך, מה כולל השדרוג של 20 הק""מ – הרחבה לארבעה נתיבים; הפרדה קשיחה, חד-משמעית, בשני נתיבים, זה דבר שחשוב מאוד מאוד לעשות אותו; שוליים כמו שצריך. מבחינת תאורה, אני חייבת להגיד שאני לא יודעת אם הכוונה היא למה שנקרא עיני חתול או לתאורה מלאה. אני צריכה לחזור אליך לגבי זה. אני לא יודעת לענות על זה כאן, לא זוכרת כאן ועכשיו כרגע. אבל אני כן אגיד לך שהשדרוג ייעשה, מבחינת איכות כביש, בסטנדרט הגבוה ביותר שנתיבי ישראל יודעים לעשות. אני שאלתי שלשום בדיון ספציפית לגבי איכות הכביש שייסלל, ונעניתי שהאיכות תהיה באמת בהשקעה הגבוהה ביותר.

כן, כן. מהממות ומהממים, כמובן. תודה, רבותיי.

(אומרת בערבית: מאה מתוך מאה.) הוא שאמרתי.

לא רק 300 מיליון שקל. אמרתי, תהיה תוכנית – 300 מיליון שקל למקטע שכבר ישודרג ויורחב. אבל מעבר לזה, כפי שאמרתי, חבר הכנסת סעדי היקר, יש תוכנית שמתגבשת בימים אלה בדיוק לטווח המיידי ולטווח הבינוני, לעשות את כל הדברים עד שנעשה את ההרחבה המלאה. לגבי הבטחות שהיו בעבר, הן לא היו בתקופתי. אני לוקחת אחריות על תקופתי. אני הבטחתי להידרש לזה, ואכן הקצבתי כסף למקטע הראשון, והוא יוצא לפועל כבר בימים אלה.

רגע, תשובה לחבר הכנסת גינזבורג, תאורה ועיני חתול. יש ניתוח של המקטעים מבחינה בטיחותית ומבחינה סביבתית, והפתרונות של תאורה ועיני חתול מותאמים לכל מקטע גם בקטע המשודרג לפי הדבר הנכון מבחינה מקצועית.

חבר הכנסת אזולאי, אני מאוד מאוד מתרשמת ובאמת אני מברכת אותך, אתה בדרך הנכונה. אם תתאמן עוד – – –

אני ממש מברכת אותך, זה היה מרשים מאוד, ואני בטוחה שאזרחיות רבות, ובמיוחד אזרחיות רבות שהצביעו לך, ודאי שמחו לשמוע אותך מזכיר גם אותן ומתייחס גם אליהן בדבריך. זה לא עניין של יום ביומו.

זה לא נלקח כמובן מאליו, אז כל הכבוד.

אני גם שמחתי לשמוע שחברי האופוזיציה, אתה מתחייב בשם חברי האופוזיציה שהם יצביעו בעד דברים שטובים למדינת ישראל. לצערי, מי שנמצאות ונמצאים פה במליאה באופן שוטף נוכחים באופן קבוע אחרת, כשאנחנו מביאות ומביאים – –

– – פעמים רבות יוזמות מאוד חשובות לטובת מדינת ישראל ואתם מצביעים נגדן ברצף, אז ככה שזה חידוש מאוד מרענן לשמוע שיש משהו אחד, כביש אחד, שזוכה ליחס הטוב שלכם וליחס הענייני שלכם – –

– – ואתם תהיו שותפים למעשה שאנחנו עכשיו התחייבנו אליו. שר האוצר ואני התחייבנו להביא את התקציב הזה. שמחה מאוד לדעת שתמיכת האופוזיציה בעניין הזה מובטחת. תודה רבה.

תודה רבה, אדוני. אז ככה, אחד-אחד, מה שנקרא. חברת הכנסת סטרוק, עניינית, חד-משמעית אני משקיעה באזורים של הפריפריה שהוזנחו שנים ארוכות מאוד. לצערי מצב הכבישים בנגב, בגליל, בערבה ובגולן הוא אנוש, לא פחות מזה. הוא אנוש. הוא ממש פרי של הזנחה ארוכת שנים ביותר, והמצב שם הוא מחריד.

ולכן אני בסך הכול מתקנת ומתחילה להשלים פערים של דברים שבאמת פשוט הוזנחו שנים ארוכות, לכן אני מציינת אותם. שנית, אני דואגת לאזרחיות ואזרחי ישראל לא לפי דפוס ההצבעה שלהם. אני יודעת שאצלכם, במפלגות שלכם, לא מקובל הדבר הזה, אבל אני לא מסתכלת על אזרחיות ואזרחי ישראל לא לפי פתק ההצבעה שלהם, לא לפי הכיפה שיש או אין על ראשם, לא לפי סוג המעיל שהם כן או לא לובשים ולובשות, לא לפי המוצא שלהם. לפי המין והמגדר שלהם אני מתייחסת רק כשמדובר באפליה נגדם, כמו שאני מתייחסת כשמדובר באפליה על כל בסיס אחר. אבל בוודאי בכבישים, ובוודאי בוודאי בהצלת חיים, אני מתייחסת לכל אדם ואדם ככזה וככזאת, לכל אזרחית ואזרח בשוויון מלא. אז אני שמחה להגיד לך שבאופן ענייני, שוב, כמו שאמרתי קודם, לצערי אין מספיק תקציב כדי לטפל בכל הכבישים, ואפילו לא מספיק כדי לטפל בכל מוקדי הסיכון. יש במדינת ישראל מאות רבות ביותר של מוקדי סיכון, אבל ממש מאות רבות, ואני, לצערי, נמצאת במקום שבו אני צריכה לתעדף אותם, משום שאין מספיק תקציב לטפל בכולם. אני מאוד מקווה שבתקציב הקרוב – שכמו שאומרות אצלכם, בעזרת השם תתברך אנחנו נעביר עוד לא יותר מדי זמן – אנחנו נביא הרבה הרבה יותר כסף לטפל בדברים האלה. בינתיים, לשני הצמתים הקונקרטיים שדיברת עליהם – אז אחד אכן נמצא בבחינה במסגרת הצמתים המסוכנים; השני נמצא בבחינה במסגרת התוכנית האסטרטגית, שעדיין לא נסגרה. אז בהמשך אני אשמח להעביר לך את התוצאות של הבחינה של הצוותים המקצועיים, והצוותים המקצועיים הם שעוסקים בזה. לעניין מוניות השירות – ככה: חברות וחברים, אני לא יודעת אם אתם זוכרות וזוכרים את זה, אבל מוניות השירות פעלו במדינת ישראל מאז – המון, המון שנים, אני לא יודע אם מאז קומה אבל באמת המון המון שנים. זה דבר שכולנו גדלנו עליו, השיטה הזאת, שמעבירים כסף מאחור לנהג, בדרך כלל. מוניות השירות היו השלמה חשובה. הן לא באות לא במקום אוטובוסים וודאי לא במקום הסעות המונים; הן באות כעוד חלק בתחבורה הציבורית שלנו שמאפשר לשפר את הקישוריות, כלומר, גם אם נסעת ברכבת נניח מתל אביב לירושלים, אבל אז בירושלים היית צריכה להגיע למקום שאולי האוטובוס לא מגיע אליו עדיין, או אולי האוטובוס מגיע לאן שהוא, ומשם צריך למקום אחר – מוניות השירות היו עוד דרך כדי לא להוסיף עוד כלי רכב פרטי לתנועה שלנו, לפקקים ולעומס. עכשיו, ב-2018, שאז כידוע לא אני הייתי שרת התחבורה, משרד התחבורה עשה רפורמה במוניות השירות. המודל של הרפורמה ההיא היה לא נכון, לא טוב ולא מוצלח. אחריו גם באה, התרגשה על כולנו הקורונה, מגפת הקורונה, והתנועה בתחבורה הציבורית הופסקה בכלל. לכן מוניות השירות בעצם חדלו לעבוד כמעט בכל מקום. ערים רבות ביותר, ממש, המוני ראשי ערים, ואזרחיות ואזרחים באו אליי וביקשו, ובצדק ביקשו, לחדש את פעולתן של מוניות השירות, שכן היעדר מוניות השירות לקח מהם את האפשרות להגיע לקניות, לעבודה, לכל מיני סידורים ודברים שבהם הם נהגו להסתמך בעבר על מוניות השירות. לכן, אנחנו בחנו את הכשלים שהיו במודל שיצא ב-2018, ואחרי בחינה מעמיקה הגענו למסקנות והוצאנו אותן לפועל בקול קורא. עכשיו, יש פה חידוש אחד משמעותי, וזה אחד הדברים שאני מאוד מאוד גאה בהם: אנחנו החלטנו לעשות את מה שמדברות ומדברים עליו כל כך הרבה, מה שנקרא, וזה ביזור סמכויות לרשויות המקומיות. לא עוד משרד התחבורה הוא שמחליט מהם המסלולים שבהם ייסעו מוניות השירות ויוציא להן את המכרזים, אלא הוא יאפשר לרשויות עצמן לתכנן את המסלולים שבהם יש להן חוסר, המסלולים שבהם יש ביקוש, המסלולים שהם יודעות ויודעים שהציבור שלהם צריכה שם את הנסיעות האלה, והם שבעצם יתפעלו את מוניות השירות. זה צעד סופר-חשוב בעיניי בדרך שכל ממשלת ישראל צריכה לעשות לעבר נתינת יותר סמכויות לרשויות המקומיות, שבאמת בתקופת הקורונה כולנו ראינו כמה הן מכירות ומכירים את הצרכים, את הבעיות ואת היכולת שלהן לסייע לציבור שלהן בצורה הטובה ביותר.

עכשיו, עוד אמת שאי-אפשר להתכחש לה זה שמוניות השירות עבדו בשבת מאז ומעולם, ובמובן הזה אני לא שיניתי את מודל השירות של המוניות. לא. עשיתי את אותו מודל שהיה קודם. מה ששיניתי זה את העובדה שהן מופעלות לא על ידי משרד התחבורה אלא על ידי הרשויות המקומיות, אבל את מודל ההפעלה שלהן לא שיניתי. הן עבדו בעבר בשבת, ובמקומות שתהיה רלוונטיות – – –

למותר לציין שכל המודל הזה – –

– – והקול הקורא הזה נעשו בעבודה מקצועית ארוכה, בהתייעצות עם כל גורמי המקצוע. לכן יצא קול הקורא הזה, שגרם שמחה רבה להרבה מאוד רשויות, ואני בטוחה שהשירות שהמוניות האלה ייתנו יעזור להרבה מאוד אזרחיות ואזרחים בישראל.

זה לעניין מוניות השירות. אגב, אדוני צודק שמודל השירות הגמיש – הבאבל והתיק-תק וכו' – הוא עדיין לא מספיק יעיל, אבל משום שאנחנו מחפשות ומחפשים כל דרך לתת לאנשים שירות שיגרום להם להשתמש בתחבורה ציבורית במקום ברכב הפרטי, מה שעשינו – הקמנו עכשיו יחידה שמתמחה באיסוף מידע לגבי הנסיעות האלה, והיא תביא לנו בהקדם, לדעתי ממש תוך ארבעה-חמישה חודשים, נתונים שיעזרו לנו לטייב את ההפעלה של השירות הזה, על מנת שהוא באמת גם יהיה יותר יעיל. אני לא כופרת בעובדה שצריך לייעל אותו ולעשות אותו יותר כדאי, רק מה שאני רוצה להגיד זה שהדרך היא לא לבטל אותו אלא הדרך היא למצוא איך הוא יהיה יותר אפקטיבי ליותר נוסעות ונוסעים. דבר אחרון, כמובן.

לא האחרון – לעניין המעברים לירדן. חבר הכנסת עודה, אתה לגמרי צודק. המעברים לירדן צריכים להיות פתוחים. יש על זה הרבה עבודה. אני מבטיחה לך שאני באופן אישי, ואנשי הלשכה שלי, עובדות על זה ימים ולילות. צר לי שאנחנו עדיין לא הצלחנו להגיע לתוצאה מספקת. יש הרבה מאוד בעיות שכרוכות בזה, והן לא רק קשורות לכוח אדם, בכלל לא. אני לא רוצה כאן ועכשיו לפרט בעניין הזה, אבל אני מבטיחה לך – אני מסכימה לחלוטין שהמעברים האלה צריכים להיות פתוחים; נעשה מאמץ רב מאוד לגרום להם להיות פתוחים בהקדם האפשרי. אני מבטיחה לך שכאמור יש על זה מאמץ גדול. אני רק אגיד מילה אחת אחרונה לגבי הרפורמה בתחבורה הציבורית, שאני מאוד מאוד גאה בה, הרפורמה החברתית ביותר שנעשתה הרבה מאוד זמן באזורנו. אני רוצה לספר לכם, לכולן ולכולם, על הכרטיס הפריפריאלי, שנותן לפריפריה עדיפות אדירה, ומאפשר לכל נוסע ונוסעת ב-99 שקלים לחודש לנסוע באופן חודשי ברדיוס של 40 ק""מ. ויותר מזה אני אגיד לכם – מי שגרות וגרים בדרום ונוסעות נניח לבקר בצפון, יכולות עם הכרטיס הזה לנסוע ב-40 ק""מ גם בצפון באופן בלתי מוגבל, גם ילדות וילדים, גם נוער, גם גמלאיות וגמלאים, זכאיות ביטוח לאומי – כולם יעשו את ה-40 ק""מ האלה ב-99 שקלים לחודש בלבד, חופשי-חודשי.

זה סידור נכון מאין כמותו, שיוריד את ההוצאה של משפחה על תחבורה ציבורית באופן ניכר, במיוחד – וזאת הכוונה של הרפורמה – במיוחד למשתמשות ולמשתמשים ה""כבדים"" בתחבורה הציבורית, אדוני היושב-ראש, ומי כמוך יודע שהציבור החרדי הוא ראש וראשון למשתמשים בתחבורה ציבורית. אנחנו בדקנו את דפוסי הנסיעה וראינו שדווקא למשפחות האלה, שנוסעות לשבת למקום אחר – הכרטיסים החדשים והכרטיסים האזוריים המיוחדים וההנחות החדשות וביטול התשלום באופן מלא, ההנחה של 100% לבנות ובני 75 פלוס, שזה 400,000 אישה ואיש שיוכלו לנסוע חינם, גם ברכבת הכבדה, גם ברכבות הקלות – הדבר הזה יוריד את ההוצאה המשפחתית על תחבורה ציבורית באופן ניכר ויעשה את השימוש יותר יעיל, יותר משתלם, יותר כדאי, וגם יאפשר לנו לפתח את התחבורה הציבורית בצורה טובה יותר.

אני מאוד מאוד גאה ברפורמה הזאת, שמחה שהיא נכנסת לתוקף ב-1 באוגוסט, והיא תעזור לנו להוריד אנשים מהפקק, לפנות אנשים מהפקק, מה שלטווח הארוך אולי גם יקטין את הפקק ויעזור לזיהום האוויר הנוראי שלנו. אז אנחנו ממש על זה. תודה רבה.",5,
345593,2022-06-01,"הצעת חוק להפחתת סכום הפיצוי הכספי בשל נסיעה ללא תיקוף כרטיס בתחבורה ציבורית (תיקוני חקיקה), התשפ""א–2021","כן, עשר דקות. זה בזכותי סופרות. כשאתה היית יו""ר קואליציה, אני התעקשתי מהאופוזיציה שיספרו לשרות ולשרים עשר דקות של התקנון.

לא, מספיק לי. עשר דקות – מעל הראש. אדוני היושב-ראש, חבריי וחברותיי חברות הכנסת, אני מתייחסת להצעת החוק, אני עונה על הצעת החוק של חבר הכנסת אורי מקלב להפחתת סכום הקנס על נסיעה ללא תיקוף כרטיס בתחבורה ציבורית. אנחנו מדברות על מצב – היום יש מצב, לצערנו, שנוסעות ונוסעים רבים בתחבורה הציבורית עולים לאוטובוס, עולות לאוטובוס, ולא מתקפות את הכרטיס שהוא תשלום לתחבורה הציבורית. עכשיו, צריך להגיד, אדוני היושב-ראש, שהתחבורה הציבורית בישראל מסובסדת, מסובסדת ב-70%, ככה שהמחיר שמשלמות ומשלמים הנוסעים הוא בבחינת השתתפות, איך לומר, והוא כמובן סכום שהוא מאוד נחוץ לנו להפעלת התחבורה הציבורית בארץ – לתשלום שכר הנהגים, לקניית האוטובוסים, לדלק, לתחנות, למסופים, לכל האופרציה הגדולה הזאת. למותר לציין שאי-תיקוף כרטיס הוא א. עבירה על החוק, וב. הוא פגיעה כלכלית אנושה ביכולת לתפעל את התחבורה הציבורית, ולכן יש קנס על מצב של אי-תיקוף. היכולת שלנו לקיים תחבורה ציבורית טובה, תחבורה ציבורית יעילה, תחבורה ציבורית שנותנת שירות ראוי וטוב ואפקטיבי לאזרחיות ולאזרחים, תלוי גם בתיקוף כמו שצריך, לפי החוק ולפי ההיגיון, של נוסעות ונוסעים באוטובוס, או כמובן בכל כלי תחבורה ציבורית אחר. אני עושה רגע כוכבית ואומרת כמה חשוב לנו לקדם את התחבורה הציבורית במדינת ישראל. מאז כניסתי לתפקיד אנחנו עשינו בעצם היפוך פירמידה – שמנו את הרכב הפרטי בתחתית, ואת התחבורה הציבורית, יחד עם הליכתיות ויחד עם כלים קטנים אחרים, שמנו אותם למעלה, משום שמה שיוציא את הציבור מהפקק, ולימים, אם תרצה השם ואם נעשה עבודה טובה, אולי יצמצם את הפקק, זה רק באמת המעבר להסעת המונים ותחבורה ציבורית אפקטיבית. עם זאת, אנחנו מזהות, והמציע מדבר על הבחנה בין שני מצבים שונים: בין מצב שבו אדם כלל לא קנתה או קנה כרטיס, ובעצם באמת לא משלמת על הנסיעה כלל ולא מתקפת כי היא פשוט לא שילם או לא שילמה על הנסיעה, לבין מצב שבו לאדם יש כרטיס חופשי-יומי או חופשי-חודשי – בקרוב יהיה לנו גם חופשי-ארצי – הסדר נסיעה שבו בעצם הנסיעה כבר משולמת, אבל עלה לאוטובוס ובגלל דוחק, בגלל טלפון שבדיוק התקבל, בגלל היסח הדעת כזה או אחר, לא תיקף או לא תיקפה את הכרטיס. צריך להגיד שאכן יש הבדל בין שני המצבים האלה. מצב אחד הוא שאדם לא שילם על הנסיעה, ומצב אחר הוא שאדם שילם מראש אבל לא תיקף, ואין בעצם אסמכתה לכך שהוא שילם על הנסיעה. מבחינת הפגיעה הכלכלית – –

– – במפעילים, אדוני היושב-ראש, המצב הוא דומה, כי הם בעצם מנהלים רישום, זאת אומרת, התיקוף הוא בעצם רישום של מספר הנסיעות שהתבצעו, וכשאין רישום של הנסיעה, אז יש פגיעה כלכלית במפעיל, ואז הוא לא יכול לעמוד בשירות שהוא אמור לתת לפי החוזה שלו עם משרד התחבורה.

אדוני, אם תוכל לפחות לקרוא אותה לסדר, ברשותך. זה מאוד קשה לדבר ככה.

בוא, אני – לפחות קריאה לסדר.

ובכל זאת, אנחנו רואות ורואים – – –

אם אדוני לא מעוניין שאני אענה על הצעת החוק, אז זה – אבל אי-אפשר ככה.

– – למרות שבשני המקרים יש פגיעה בתחבורה הציבורית – –

– – אנחנו כן רואות הבחנה בין מי שבאמת לא שילמו את הנסיעה לבין מי שלא תיקפו. ואכן, יש היגיון רב בכך שגם הקנס צריך להיות שונה בשני המקרים האלה, ולכן מצאנו לנכון לתמוך בהצעת החוק. הגורמים המקצועיים במשרד ואני קיימנו על כך דיונים ואנחנו שמחות ושמחים, בכפוף להסכמות שנסכם עליהן, לתמוך בהצעת החוק ולקדם אותה לכדי שינוי בחוק. במסגרת ההסכמות, אנחנו נצטרך לעשות אחר כך דיון גם בנושאים נוספים, כמו למשל נוסעות ונוסעים שלא תיקפו, הציגו את הרב-קו אבל הן מסרבות ומסרבים להראות לפקח או לפקחית תעודה מזהה, דבר שכמובן מקשה על האכיפה. אנחנו נצטרך לראות איך אנחנו מביאות ומביאים לפתרון המצבים האלה, וגם באמת למצב שבו פחות ופחות אנשים עושים בכלל את הדבר הזה של לא לתקף. אחרי הכול, זה באינטרס של כולנו שהתחבורה הציבורית תוכל לשרת את כולנו בצורה הטובה ביותר.

לכן הסיכום הוא להלן: גובה הקנס לבעלי חוזה או בעלות חוזה שלא תיקפו יהיה לפחות 50% מהתעריף המוגדל. החוק לא יוחל על הרכבת הקלה בירושלים, לאור חוזה מסחרי חתום בין הצדדים שמסתיים בעוד כ-15 שנה, ובו המדינה כבר מחויבת לגובה התעריף המוגדל שיחול. במהלך הכנת הצעת החוק לקריאה ראשונה יתבצע דיון מעמיק בסוגיות אתגרי החברות המפעילות בהתמודדות עם נוסעות ונוסעים שאינם מתקפים, ובפרט תיקון החקיקה כך שיתאפשר למפעיל להתמודד עם אדם שלא מוכן למסור תעודה מזהה לאחר שהציג רב-קו, וזאת באמצעות מסירת פרטי הנוסע או הנוסעת על ידי משרד התחבורה לחברה המפעילה. הצעת החוק תחזור לוועדת השרים לענייני חקיקה לפני הקריאה הראשונה ותקודם בתיאום עם הממשלה. אני מברכת מאוד את חברי חבר הכנסת אורי מקלב, שמכיר את עולם התחבורה – –

– – ואת עולם התחבורה הציבורית מקרוב, אחרי שנה כסגן שר במשרד התחבורה, ואנחנו, הייתה לנו חפיפה של שיתופי פעולה כמו שהיה מקובל בינינו לאורך הרבה שנים. אני שמחה על שיתוף הפעולה הזה, קואליציה-אופוזיציה. אני באופן אישי, כידוע, אחרי שנים רבות באופוזיציה, מאמינה בשיתופי הפעולה האלה. אני מקווה שנוכל לעשות עוד הרבה כאלה. יש לנו להעביר מטרו על הפרק, יש לנו מסילות רכבת לקדם ויוזמות רבות רבות לשיפור השירות, וביניהן, תכף נדבר, גם שכר הנהגים ותנאי הנהגים, שאנחנו מתכוונות ומתכוונים לשפר – זאת אומרת, לא רק מתכוונות, כבר משפרות – ובקיצור, אנו פועלות ופועלים לשיפור התחבורה הציבורית. אני בטוחה שהחקיקה הזאת תהיה חלק מהעבודה הזאת, אז בהצלחה לכולנו, ותודה רבה.",5,
345767,2022-06-01,הצעות לסדר-היום: התחבורה הציבורית קורסת – איומים על השבתת הענף,"חבר הכנסת מקלב, חברת הכנסת עטייה, תודה רבה לכם שאתם מעלות ומעלים את הנושא הסופר-סופר-חשוב הזה. למעשה, אם תלכו לדברי הפתיחה שלי כשנכנסתי ביום כניסתי למשרד התחבורה תוכלו לגלות שחלק לא מבוטל מהם מוקדשים לנהגים בתחבורה הציבורית, למעמד שלהם, לתנאים שלהם, לשכר שלהם. ואני לא רק דיברתי על הדברים ואמרתי בדיוק את הדברים שאתם אמרתם כאן, אלא לשמחתי – – –

לא, לא, אמרתי לגבי התחבורה הציבורית ואני הולכת גם להגיד את זה, אבל אמרתי על הנהגים בתחבורה הציבורית – ואנשאללה גם נהגות, יש מעט נהגות, ובשאיפה נביא יותר – לא רק שאמרתי את הדברים אלא גם לשמחתי כבר התחלתי לפעול למענם, ואני מייד אפרט. אז קודם כול, אכן אנחנו מאמינות ומאמינים, בתקופה שלי במשרד התחבורה, בתחבורה ציבורית. אני רואה בתחבורה ציבורית את העתיד שלנו. אין שום דרך שאנחנו נצליח להתחיל לצאת מהפקק ללא מעבר משמעותי לתחבורה ציבורית, להסעת המונים. אנחנו ממש הפכנו את הפירמידה, ואנחנו מסובבות ומסובבים את הספינה הגדולה הזאת של משרד התחבורה לעבר תחבורה ציבורית. התחבורה הציבורית ללא ספק נשענת על הנהגים שלה והנהגות שלה. הם הלב הפועם, אם תרצו; הם המרכיב המשמעותי ביותר; הם אלה שאנחנו שמות ושמים את החיים שלנו בידיים שלהם, בפירוש. אני רואה את זה ככה, אני מתייחסת לנהגות ולנהגים ככה, ואני מאוד מחויבת לשפר באופן ניכר את כל התנאים שלהם, החל בתנאים הפיזיים וכלה במעמד ובשכר. אז קודם כול, אני אתחיל מהדברים היותר-מסובכים, ואני אעבור למה שכבר נעשה. לעניין המשא ומתן על השכר, אכן, משרד התחבורה איננו המעסיק של הנהגות והנהגים אלא המפעילים השונים. זאת השיטה הנהוגה היום. יש הפרטה של ההפעלה. מה שחבר הכנסת מקלב מתייחס אליו בנוסטלגיה, וגם היושב-ראש פה הזדהה עם הדבר הזה – הימים שהיו דן ואגד קואופרטיבים ציבוריים הם לצערי מאחורינו. זאת הייתה באמת תקופה שגם היה מעמד הרבה יותר טוב לנהגים מכל בחינה, גם מבחינת התנאים וכו', אבל נעשתה הפרטה מאוד משמעותית. יש היום הרבה מאוד חברות שמפעילות את התחבורה הציבורית, והמכרז הוא שלהן עם הממשלה בעצם, עם משרד התחבורה. הם שמעסיקים את הנהגים והנהגות, ולכן הם שמנהלים ומנהלות את המשא ומתן עם הנהגים והנהגות וקובעים את תנאי שכרם. בית המשפט אכן קבע שהמעסיקים צריכים לשבת עם הנהגים כדי להגיע להסכמות על השכר. משרד התחבורה, בתור הרגולטור של התחבורה הציבורית ושל המפעילים, הוא צד חיצוני לעניין. אני במאבק מול האוצר מהרגע הראשון שלי במשרד על כך שצריך לתת משאבים להעלאת השכר של הנהגים, ואני בטוחה שאנחנו נצליח לעשות את זה בתקציב הקרוב. אני מחויבת לכך שזה יקרה, ואני דיברתי על זה עם שר האוצר יותר מפעם אחת. אני יודעת שגם הוא מודע עמוקות לצורך החשוב הזה להעלות את שכר הנהגים, ואני מאמינה שזה יקרה. אבל בינתיים זה לא שנחנו. אני יכולה להגיד לכן ולכם שאנחנו קודם כול כבר כן העברנו כסף למענקים שיקלו גיוס נהגים, אם חדשים ואם חוזרים, בשביל שאפשר יהיה באמת לעזור להם בתקופה הראשונה. אנחנו התקנו עמדות התרעננות, וזה דבר מאוד משמעותי. זה דבר חשוב מאין כמותו, שיהיה לאנשים איפה לנוח, באמת, לאכול משהו, שנייה רגע להתאושש. אי-אפשר לנסוע ברצף. צריך להיות מסוגלים באמת להתעשת שנייה, לנשום, אני מקווה שלא לעשן, אבל יש כאלה שגם את זה צריכים. אז אנחנו כבר התקנו 14 עמדות חדשות ברחבי הארץ. עד סוף השנה אני מאמינה שיהיו לפחות 30 חדשות. זה – נוסף למסופים שאנחנו בונים בכל מקום. המסופים, שהם בכלל הכרחיים כדי להיות מסוגלות ומסוגלים לתגבר את התחבורה הציבורית, גם הם כוללים מקומות ראויים למנוחה לנהגות ולנהגים. אני אומרת בוודאות שבתקציב הקרוב, כשנביא עוד כסף לתחבורה הציבורית, נשקיע עוד כסף ברווחה הפיזית של הנהגים. אחד הדברים שאנחנו עושות ועושים זה סלילה של נתיבים לתחבורה ציבורית, נת""צים. זה דבר שהוא דרמטי ליכולת של הנהגים לתפקד. כשיש להם נתיבים שהם נוסעים בהם באופן שוטף בלי מכוניות אחרות שתקועות להם, בלי להיות תקועים בפקקים, זה גם מאפשר להם לעמוד בזמנים, זה גם מאפשר להם את המנוחות שלהם וזה גם מאפשר להם נהיגה הרבה יותר טובה. אנחנו מחויבות להוסיף הרבה יותר נתיבים לתחבורה הציבורית, יחד עם הוספות בשירות, כדי, שוב, גם לייעל את התחבורה אבל גם להקל על הנהגים. אלה הדברים שאנחנו כבר עושות ועושים אותם, וכמו שאמרתי, אנחנו מחויבות ומחויבים לכך שהעלייה בשכר בסופו של דבר תקרה. שוב, זה לא דבר שמשרד התחבורה עושה באופן ישיר מול הנהגים, אבל אנחנו דוחפות ודוחפים לזה. אני אגיד לסיום, הדבר הכי חשוב לי אולי להגיד – אני פגשתי את נציגות ונציגי כל הוועדים של הנהגים. הם יודעים, אני פגשתי אותם גם במשרד התחבורה בפגישה גדולה, וגם כשהם באו להפגין אני ניגשתי אליהם. אני מכירה את הכאבים, אני מכירה את הבעיות. אני באמת באמת רואה אותם, אני מסתכלת עליהם בגובה העיניים. אני יודעת כמה הם חשובים לנו, ואני אעשה כל מה שצריך כדי שהם יקבלו את התנאים הראויים לעבוד בהם. תודה רבה, אדוני.

אולי בעבודה ורווחה, זה תנאי שכר.",5,
346246,2022-06-15,"הצעת חוק הנחה לנכים בתחבורה ציבורית, התשפ""ב–2022","אדוני היושב-ראש, הזקן הוא – – –

כן. כן. ובכן, אדוני היושב-ראש, חבריי וחברותיי חברות הכנסת, אכן הממשלה הזאת הבטיחה, ואני שמחה לבשר שהממשלה הזאת מקיימת. וההצעה הזאת, שהיא אכן הצעה הגיונית והצעה ראויה והצעה טובה ונכונה, כבר מיושמת הלכה למעשה – הנחה של 50% לכל, אגב, זכאיות וזכאי הביטוח הלאומי מכל הסוגים והמינים; מכל הסוגים, לא רק המוגבלויות ולא רק הנכויות ולא רק הקשיים, אלא כל זכאיות וזכאי הביטוח הלאומי לסוגיהם השונים יקבלו החל מ-1 באוגוסט 50% הנחה בתחבורה הציבורית לכל האורך והרוחב. הבשורה הזאת נמצאת במהפכת ""דרך שווה"", הייתה לי הזכות ליזום אותה במשרד התחבורה יחד עם משרד האוצר.

שר האוצר ואני הודענו עליה. היא כבר חתומה; היא יצאה כבר לדרך. לשמחתי כבר כל המערכות מתאימות את עצמן; כל המערכות האלקטרוניות, כל מערכות התשלום; כל האפליקציות; כל הכרטיסים המיוחדים החדשים – במיוחד הכרטיסים החדשים המיוחדים לפריפריה, שיהפכו את הנסיעה בתחבורה הציבורית בפריפריה למשתלמת עוד יותר.

כולן כולן כולן כוללים 50% הנחה לכל זכאיות וזכאי הביטוח הלאומי; לכל האנשים עם המוגבלויות.

כך שלצערי, הצעת החוק פשוט מתייתרת. או יותר נכון, צריך להגיד: לשמחתי הצעת החוק מתייתרת, משום שהדבר כבר חתום. זה לא בבחינת הבטחה; לא בבחינת התחייבות; זה לא רק כסף שכבר הבאנו, אנחנו מוציאות ומוציאים לפועל. בהזדמנות הזאת חשוב לי לעדכן אתכם שאנחנו משקיעות ומשקיעים 100 מיליון שקלים באוטובוסים בין-עירוניים נגישים. זהו דבר שעדיין יש בו פער, לצערי. עד סוף השנה יהיו 100 אוטובוסים בין-עירוניים נגישים, ועוד 6 מיליון שקלים שהביאה חברתי חברת הכנסת פינטו בהסכם הקואליציוני, שגם הם משמשים להנגשת האוטובוסים והתחבורה הציבורית לנכות ונכים. אנחנו עושות מאמץ נוסף בשיפור השירות לכל מי שזקוקות וזקוקים לסיוע ברכבת. אנחנו משוות את הגובה של המסילה עם הקרונות. זה מאמץ שנעשה ברצף. אנחנו מוסיפות ומוסיפים עזרים למי שמתקשות בשמיעה ולמי שמתקשים בראייה. אני חייבת להגיד עוד דבר, וזה שמשרד התחבורה יצא בקרוב לעבודה על תוכנית אסטרטגית להנגשה מכל הסוגים של התחבורה הציבורית שלנו, על כל כליה השונים.

בכל מקרה, כמו שאמרתי, הנחה של 50% לנכות, לנכים ולכל זכאיות וזכאי הביטוח הלאומי – –

– – נכנסת כבר לתוקף ב-1 באוגוסט. ולכן, אדוני, הצעת החוק מתייתרת, והממשלה אינה תומכת בה. תודה.",1,
346519,2022-06-22,שאילתות דחופות,"תודה רבה, חבר הכנסת אבוטבול, על השאילתות החשובות האלה. אז יש פה שני עניינים שאתה מתייחס אליהם, אחד הוא התעריפים והשני הוא השינויים בדרכים, כל הסדרי התנועה שנגרמים מכך שיש בעצם עבודות הכנה לקו החדש של הרכבת הקלה, שכמו שאתה יודע, ברגע שיש רכבת קלה – ובירושלים אנחנו רואות ורואים את זה מצוין – כמה היא משפרת את איכות החיים, כמה היא משפרת את יכולת התנועה ואת חופש התנועה של הציבור הרחב, בפרט, כמובן, לאלה שמבינות ומבינים שתחבורה ציבורית היא-היא הדרך להתנייע ממקום למקום. בוא נתחיל מהעניין הזה של – בקשר לשינוי מסלול הקו, כאמור, הקו הירוק של הרכבת הקלה, אלה העבודות שגורמות להסטות בציר בר אילן, וזה באמת מוביל לצמצום הנתיבים והאטה משמעותית במהירות הנסיעה בציר, וגם לפגיעה ברמת השירות. זה מובן מאליו, אבל ברור שזה למען שיפור דרמטי בשירות שיהיה כשהקו יתחיל לפעול. בשבועיים האחרונים בוצעה פעימה אחרונה של ההסטות, ואנחנו מזהות שיפור משמעותי בשירות מבחינת משך זמן הנסיעה שמבצעים הקווים הבין-עירוניים בתוך העיר, מבחינת אמינות השירות לנוסעות והנוסעים ומבחינת המענה לחוסר הוודאות, לעומסים שנוצרים בתחנות לאורך האיסוף, נוסף לשיפור דרמטי בשגרת החיים של תושבות ותושבי האזור, שנהנים מזרימת תנועה טובה בציר בר אילן ואיכות חיים משופרת. צריך לציין גם שמשתמשות ומשתמשי הקווים שהוסטו מציר בר אילן, רבות ורבים מהם שלא מתגוררים לאורך הציר הזה, כמו תושבות ותושבי רמות, רמת שלמה, בית וגן, גבעת שאול והר נוף – גם הם עשו עד היום נסיעה משלימה בשירות העירוני כדי להגיע לציר בר אילן. היום, לאחר ההסטה של חלק מהקווים לציר המת""צ החדש או לנקודת הקצה, יש משתמשות ומשתמשים שנאלצו לבצע מעבר קודם ועכשיו יוכלו להגיע לנקודת המוצא בלי נסיעת מעבר; יש כאלה שעדיין יצטרכו לעשות נסיעת מעבר.

סליחה, אדוני, אני עדיין לא סיימתי את התשובה.

באשר לתעריפים, אני שמחה לבשר לאדוני שאכן בדיוק אלה הדברים שראינו לנגד עינינו, יחד עם עוד מטרות חברתיות רבות, כשתכננו את מהפכת ""דרך שווה"", שהיא מהפכה שמשפרת באופן ניכר את התעריפים של התחבורה הציבורית לנוסעות ולנוסעים. בדיוק הדבר הזה, שלא יכולת להשלים נסיעה באותו כרטיס, הוא הדבר שהמהפכה הזאת באה לתקן, והיא אכן תתקן, משום שעכשיו אתה תשלם לפי המרחק שאתה נוסע ולא לפי איזה אוטובוס עלית עליו, ובמחיר של נסיעה מקומית תוכל להחליף כמה אוטובוסים שצריך ולנסוע כמה שאתה רוצה בתוך 15 ק""מ – מרחק עצום – ובמשך שעה וחצי. ערים בודדות שהדבר הזה היה קיים בהן לפני שתיכנס לתוקף המהפכה ב-1 באוגוסט היו אסירות תודה. קיבלנו ללא הרף פניות מציבור שאמר: למה אין אצלנו את הסידור הזה של 90 הדקות? גם אנחנו רוצות ורוצים. ועכשיו, באמת, במקום למעלה מ-80 תעריפים שונים, שהיית צריך לעבור ולהחליף ולקנות עוד כרטיס ועוד כרטיס אם היית צריך לעבור אוטובוס, עכשיו קודם כול החישוב הוא רק לפי מרחק, לא לפי שום קומבינה אחרת, והוא מאפשר נסיעה כביכול עירונית, מקומית, למרחק של 15 ק""מ למשך שעה וחצי. זה כולל, אגב, מעבר גם בתוך הרכבת הקלה בירושלים – גם היא נכללת בתוך השעה וחצי ובתוך 15 הק""מ האלה. אני רוצה להגיד יותר מזה. האפשרות לקנות, במיוחד בגליל, בנגב, ביו""ש, בגולן, את כרטיסי האזור, חופשי-חודשי אזורי, שמקנה יכולת לנסוע ברדיוס של 40 ק""מ באופן בלתי מוגבל לחלוטין בתעריף של 99 שקלים בלבד, ולילדות-ילדים, נוער, גמלאיות-גמלאים, זכאיות-זכאי ביטוח לאומי וסטודנטים זה 49.5 שקלים – אני מזכירה: בנות ובני 75 ומעלה לא ישלמו בכלל על תחבורה ציבורית, כולל לא על הרכבת הכבדה – כך שאנחנו בדיוק ראינו לנגד עינינו קהלים כמו הציבור החרדי, שהם באמת האנשים שמשתמשים הכי הרבה בתחבורה הציבורית, ונוסעות משפחות שלמות מקצווי הארץ לקצה לשבתות, לאירועים, ועד היום היו צריכים לשלם על כרטיסים בודדים יקרים מאוד למרחקים כאלה. היום תהיה להם, מ-1 באוגוסט, אפשרות לרכוש כרטיס חופשי ארצי, שגמלאיות וגמלאים, ילדים, נוער, זכאי ביטוח לאומי, ישלמו עליו 112 שקלים לחודש, לנסוע באופן חופשי במשך החודש בכל רחבי הארץ. לאדם שהוא לשמחתו ללא מוגבלויות ולא בגיל השלישי ולא ילדות וילדים זה יהיה 225 שקלים, אבל זה נותן בדיוק לציבור שעד היום היה צריך לשלם, כמו שאתה מתאר, בצדק, עוד כרטיס ועוד כרטיס ועוד כרטיס – נותן לו את האפשרות להשתמש בתחבורה הציבורית בצורה המשתלמת ביותר. אז בעניין התוואי, בעניין ההסטות של התוואי, הדבר הזה הוא פשוט תוצאה של עבודות לשיפור התחבורה הציבורית, והוא דבר שהוא כבר משתפר והוא ייפתר. לעניין התעריפים, ב-1 באוגוסט, אני מבטיחה לך, אתה תראה שבמיוחד משפחות חרדיות, אבל בוודאי המשתמשות והמשתמשים בתחבורה הציבורית, יחסכו באמת מאות שקלים בחודש על השימוש בתחבורה הציבורית.

שוב אני מודה לך על השאלה המצוינת, חבר הכנסת אבוטבול. אכן, כמו שציינת, האמת היא שהמילה ""סקר"" היא פחות מתאימה פה; זה יותר שיתוף ציבור, הדבר הזה שעשינו. 150,000 אישה ואיש, אדוני היושב-ראש – אני לא חושבת שהיה אי פעם במדינת ישראל שיתוף ציבור שהשתתפו בו כל כך הרבה אזרחיות ואזרחים. זה רק מראה עד כמה הסוגיה היא כל כך בוערת ונוגעת, ואנחנו יודעות עד כמה מצב התחבורה הוא מורכב, קשה, מאתגר, כמה הזנחה לאורך כל כך הרבה שנים הייתה, שהציבור, היא באמת משוועת לפתרונות. קודם כול, התשובה היא שהרבה מאוד אזרחיות ואזרחים קיבלו הזדמנות להשיב שלא באמצעות האינטרנט. הייתה חברה שפיזרה ברחבי הארץ, במוקדים שהציבור מסתובב-מסתובבת בהם, סוקרות וסוקרים, אנשים שהלכו עם שאלונים כתובים והנגישו ונתנו לאנשים הזדמנות לענות.

בכל רחבי הארץ, אני בטוחה שגם בערים חרדיות. אבל אני רוצה להגיד שהציבור החרדי נוסע גם למקומות, הוא נוסע לא רק בתוך הערים החרדיות, ברוך השם. בוא, אנחנו מדינה, אנחנו מתערבבות ומתערבבים. אני שואפת לזה שנתערבב גם יותר, אבל בוודאות הציבור החרדי קיבל הזדמנות לנגישות רבה לשיתוף הציבור הגדול הזה. להגיד לך כמה השתתפו כאלה וכמה כאלה – אני עדיין לא קיבלתי את התוצאות, לא הגיעו עדיין לשולחני, זה עדיין בעיבוד. ברגע שיהיו התוצאות אנחנו כמובן גם נפרסם אותן, כי זה דבר שחשוב שנדע. הרי הסיבה שעשינו את שיתוף הציבור הזה הייתה כדי לקבל כלים לטייב את התחבורה הציבורית שלנו, כדי לתת שירות טוב יותר, כדי להבין בצורה המקסימלית מה חסר, מה אנשים רוצות ורוצים, מה הם צריכים, באילו בעיות הם נתקלים חוץ ממה שכולנו יודעים, שיש פקקים. כולנו יודעים ויודעות שאין מספיק שירות בתחבורה הציבורית, שוב, בגלל הזנחה ארוכת שנים, באמת כל כך הרבה שנים שהייתה כל כך הרבה בנייה נוספת, לציבור החרדי, בין השאר, בנייה נוספת שלא הוסיפה לבסיס התקציב כסף לשירות בתחבורה הציבורית; שהנהגים והתנאים שלהם הוזנחו בשנים האחרונות, ולכן יש לנו מחסור כל כך גדול במקצוע הכל-כך חשוב הזה שהתחבורה הציבורית נסמכת עליו. אז יש דברים שהם ידועים. אבל בסוף אנחנו רצינו לדעת גם דברים שהם אולי לא רק הדברים הגדולים, הרוחביים, אלא דברים ספציפיים – קו כזה, קו אחר, שכונה כזאת, שכונה אחרת – ו-150,000 אישה ואיש לבטח ייתנו לנו תמונה מאוד טובה. ברגע שיהיו תוצאות, אני מבטיחה לך שהן יתפרסמו.

תודה רבה, חברת הכנסת רון בן משה. קודם כול, אני תכף מבקשת את ההתייחסות הספציפית, אבל אני קודם כול רוצה להגיד: את יודעת שבעכו משרד התחבורה שם מטרונית ששיפרה באופן מאוד משמעותי את יכולת התנועה של תושבות ותושבי עכו. התגובות שאני שומעת הן ממש ברמת שינוי חיים. עכשיו אנחנו מרחיבות הרי את המטרונית גם לנהריה, ויש גם מטרונית חדשה שנוסעת במנהרות הכרמל, ואנחנו באופן כללי מאוד מאוד מאוד השקענו בטיוב כל המערכת של התחבורה הציבורית באזור הזה של הצפון וממשיכות וממשיכים לעשות את זה, כך שללא ספק המטרה הייתה לשפר את הרשת של התחבורה הציבורית. בסוף אנחנו חייבות וחייבים לייצר רשת, כי קו כזה או קו אחר אף פעם לא עומד בפני עצמו. השאלה היא איך את נותנת לאנשים אפשרות להתנייד. אני מבקשת – את השינוי הספציפי הזה שאת מדברת עליו, אני לא מודעת לו, וזאת פעם ראשונה שאני שומעת על תחושה של פגיעה מתושבות ותושבי עכו. צר לי על כך, כמובן, אבל אני מבטיחה לך – אני רואה שאיתי פה מסתובב בניסיון להביא את הפרטים כבר עכשיו – אני מבטיחה לך, בואי ניגש מייד אחרי ואחבר אותך ליועצות וליועצים.

אני אגיד ככה: רשות התחבורה הציבורית באופן כללי באמת עושה – רגע אגיד אחד אחורה. בתקציב האחרון אני הבאתי תוספת תקציבית חסרת תקדים שמיועדת – בתקציב האחרון הבאנו תוספת תקציבית חסרת תקדים שמיועדת להרחבת השירות בתחבורה הציבורית. ברגע שבפעם הראשונה מזה שנים הייתה תוספת לשירות, זה אפשר לארגן מחדש את הקווים. המטרה היא כמובן לטייב את השירות, לטייב את אפשרויות התנועה. ספציפית לעניין עכו, אני מבטיחה לך, בואי נטפל בזה כבר עכשיו ותקבלי תשובה.

תודה רבה לך, חבר הכנסת מקלב. אכן, אתה צודק. חלק מהכוונה במהפכת ""דרך שווה"" היא שהיא גם תהיה יותר משתלמת וגם תגרום לציבור לנסוע ולהשתמש יותר בתחבורה הציבורית. אני רוצה לספר לך, ואני חושבת שאתה יודע את זה, שבפסח האחרון אנחנו עשינו מאמץ אדיר לתגבור התחבורה הציבורית בחול המועד, במיוחד לציבורים שמשתמשים ומשתמשות בתחבורה הציבורית, ובאופן תקדימי וראשוני הוספנו קווים ושירות בתחבורה הציבורית גם לציבורים שקודם לא חשבו עליהם בהקשרים האלה. נתנו אפשרות לכל חלקי החברה הישראלית ליהנות בחול המועד בחופשה מתחבורה ציבורית לכל היעדים שהם יעדי פנאי, נופש וכו'. קל וחומר שכשאתה מפנה את תשומת ליבנו, אני בטוחה שברשות התחבורה הציבורית כבר יש מודעות לכך, וככל שיש צורך בתגבור ספציפי לאירוע מסוים או בזמנים מסוימים, ודאי שייעשה תגבור. הרעיון הוא באמת לספק את השירותים, לתת לציבור את היכולת לנוע ממקום למקום, את היכולת להגיע לאן שאת רוצה או אתה רוצה להגיע בחיים. אז אני מודה לך שאתה מפנה את תשומת ליבי. אני אוודא, למרות שמהיכרותי את העובדות והעובדים במשרד התחבורה – שגם אתה מכיר אותם היטב, ברשות התחבורה הציבורית – אין לי ספק שזה כבר נמצא על שולחנם, אבל אני בוודאי אוודא שזה המצב.

אז ברשותך, אדוני, מילה בטרם אני יורדת מהדוכן, שכן החוק הראשון שמונח על שולחננו להצביע עליו כעת הוא חוק פיזור הכנסת הזאת, ואני רוצה להגיד שאני מצירה על כך מאוד. לא סוד הוא שכיושבת-ראש מפלגת העבודה, סיעת העבודה הייתה סיעת היציבות בקואליציה ובממשלה הזאת, ועשינו מאמצים אדירים לשמור עליה. אני עומדת כאן בגאווה רבה לא רק כשרת תחבורה ולא רק כיושבת-ראש מפלגת העבודה אלא כחברה בממשלה הזאת וחברה בקואליציה הזאת, שהן שתיהן היסטוריות וחשובות למדינת ישראל בצורה בלתי רגילה, ולא היו צריכות לסיים את דרכן עכשיו, ממש ממש לא. אנחנו מדברות על קואליציה ראשונה אי פעם שהורכבה ממגוון כל כך רחב של מפלגות, ממגוון כל כך רחב של חלקים בחברה הישראלית – –

– – אנחנו מדברות על הקואליציה הראשונה במדינת ישראל שהייתה חברה בה מפלגה ערבית – –

– – בשיתוף פעולה מלא לטובת כלל אזרחיות ואזרחי ישראל.

אנחנו מדברות על ממשלה – – –

אנחנו מדברות ומדברים על ממשלה – – –

אנחנו מדברות ומדברים על ממשלה שהתחילה להחזיר את מדינת ישראל לידי האזרחיות והאזרחים שלה – –

– – שהתחילה לשקם את המשרדים המוזנחים והמפוררים שמצאנו.

במשרד התחבורה היא התחילה – –

– – להוסיף שירות של תחבורה ציבורית, בכלל להתייחס לעובדה – –

אנחנו מדברות ומדברים על ממשלה שהתחילה לראשונה אי פעם לטפל בבעיית האלימות והפשיעה, בחברה הישראלית בכלל ובחברה הערבית בפרט – –

– – שהיה לה אומץ לעמוד מול ארגוני פשיעה – –

– – ולטפל בהם כמו שצריך. אנחנו מדברות ומדברים על ממשלה שחזרה לדבר אל יהדות התפוצות.

אנחנו מדברות על ממשלה שהחזירה את השיח מול אחינו ואחיותינו בתפוצות להיות שיח של שותפות ולא שיח של ניכור.

– – שהתחילה לבנות את מדינת ישראל מחדש. אני אומרת לך, אדוני היושב-ראש, הכנסת הזאת ראתה לצערי שפל של התנהגות אופוזיציונית.

שפל. כמי שהייתה חברת אופוזיציה שנים רבות, אף פעם לא הייתה התנהגות כזאת מצד האופוזיציה – –

– – שלא רצתה להפיל את הממשלה אלא שממש רצתה להפיל את מדינת ישראל כל זמן שהם לא בשלטון בה. אנחנו לצערי נלך עכשיו שוב לבחירות, דבר שהוא לא טוב למדינת ישראל – –

– – אבל התוצאה של הבחירות האלה, אין לי שום ספק, תהיה ממשלה טובה עוד יותר מזאת שהייתה עכשיו – –

– – ממשלה שתמשיך להגן על מדינת ישראל מפני הסכנות שמקבלות כאן מופע מסוכן ומחריד – –

– – שבוע אחרי שבוע אחרי שבוע.

אנחנו נלך לבחירות בראש מורם, אדוני היושב-ראש, ואנחנו נחזור ונבנה את מדינת ישראל כמו שעשתה הממשלה הזאת. תודה.",1,
347348,2022-09-19,הצעות לסדר-היום: הקטל הגואה בכבישים,"תודה, אדוני. האזנתי לחברת הכנסת וולדיגר. מי ששומעת אותה מדברת על מתמודדות ומתמודדי הנפש יכלה להתרשם שמדובר באיזו נפש רחומה, שבאמת רוצה להושיט יד לחלש, לשונה ולדאוג לזכויותיו. אבל ילד בן שמונה, ילד בן שמונה, שכל חטאו שנולד נקבה וחש את עצמו זכר, זה כל חטאו; לא הלך להמיר אף אחד, לא הלך לעשות מזה הפגנה, לא הלך לעשות מזה אידיאולוגיה, לא הוא, לא הוריו, לא סביבתו – אף אחד. רצה לחיות את החיים הפרטיים הקטנים שלו, להיות מוגן. מה עשתה חברת הכנסת מיכל וולדיגר? הוציאה והוקיעה – הוקיעה אותו, את ההורים שלו, את העיקרון, את המגדר, את הפרוגרסיביות, את מי לא? על הגב של ילד בן שמונה. אין מעשה נבלה מטונף מזה. אין מעשה נבלה מכוער יותר מהדבר הזה – לעמוד בראש חוצות, ללכת לתקשורת, לארגן הפגנות נגד חיים של ילד בן שמונה, חיים פרטיים ממדרגה ראשונה. בסוף בסוף אנחנו מתחלקות ומתחלקים בכנסת הזאת בין אנשים שמאמינות ומאמינים בשוויון בין בנות ובני האדם באשר הם, כי בצלם ברא אותם אלוהים, לבין מי שלא מוכנים לקבל את העיקרון של שוויון בין בנות ובני אדם. הם לא סתם לא פועלים בעדו; הם לא מוכנים לקבל אותו בכלל כעיקרון – לא שוויון לנשים, לא שוויון לקהילה הגאה, לא שוויון למי שלא יהודי במדינת ישראל.

בהרבה מהמוסדות של חברי הכנסת פה לא מוכנים לקבל סתם אנשים שנולדו ומוצאם ממדינות אחרות, יהודים. לא מוכנים להכיר ביהודים שהרבנות לא מכירה בהם. העיקר – לא שוויון. יש שווה לפי מה שהם קובעים שהוא שווה, ויש מי שהם יקבעו כמה הוא שווה, אם בכלל. והדבר הזה התגלם בצורה המכוערת והאלימה ביותר על גבו של ילד בן שמונה. על גבו של ילד בן שמונה.

רק לסיום הנושא הזה, אני אגיד, אנחנו נלחמות ונלחמים על שוויון במדינת ישראל. זה מה שהבטחנו לעצמנו במגילת העצמאות שלנו: מדינה לעם היהודי, בית לעם היהודי עם שוויון זכויות מדיני וחברתי גמור. אנחנו נלחמות ונלחמים על האמת שלנו, על המדינה שלנו, על החברה שלנו, שלא תיכון בלי שיהיה פה שוויון אמיתי כמו שצריך להיות. חבר הכנסת יעקב אשר, לפני 27 שנים נהרג בני רן בתאונת דרכים – את המשפט הזה כתב לי לכבוד התשובה הזאת היום אבי נאור, יושב-ראש הרשות הלאומית לבטיחות בדרכים.

חבר הכנסת אשר, לפני 27 שנים נהרג בני רן בתאונת דרכים.

מאז אני פועל למיגור הנגע הזה, פעילות שבה אני מאמין בכל לב. זאת לא פעילות של הנצחה; זאת פעילות שלוקחת דוגמה מהצלחותיהן של מדינות אחרות, ומטרתה להגיע לשיעור ההצלחה של הטובות במדינות העולם. לפני שבעה חודשים הייתה לי זכות למנות את אבי נאור, שהקדיש את חייו – –

– – שהקדיש את חייו למאבק בתאונות הדרכים. אין איש בישראל שאסף יותר ידע ממנו בתחום הזה. הוא עשה את זה על חשבון זמנו, על חשבון כספו ומתוך עמקי נשמתו. לפני שבעה חודשים מיניתי אותו אחרי שנתיים – אגב, צריך להגיד את זה – שנתיים שלא היה יושב-ראש. ממשלות קודמות לא מינו יושב-ראש לרשות הלאומית לבטיחות בדרכים; שנה וחצי לא היה מנכ""ל. היה מינוי בפועל, אבל לא היה מנכ""ל ממונה. מועצת הרשות הלאומית לבטיחות בדרכים הייתה ריקה מאדם. היו שם שני חברות וחברים, ואני מיניתי את כולה באנשי ונשות מקצוע מהמעלה הראשונה. שבעה חודשים מאז שמיניתי אותו לתפקיד, והוא וועדת האיתור מינו את המנכ""ל, ד""ר ארז קיטה, שגם הוא הגיע מהתמחות בתחום הזה.

הם הגישו לי את התוכנית שלשמחתי ולגאוותי אישרנו אתמול בממשלה, תוכנית חמש שנתית שמטרתה להוריד בחמש שנים – ולא בעשר, חד-משמעית, משום שכל יום שעובר קובע, ואי-אפשר לחכות – מטרתה היא להפחית בתוך חמש שנים ב-50% את מספר הנפגעות והנפגעים בתאונות הדרכים ולהביא את ישראל לאותו מקום שבו נמצאות שאר המדינות הדמוקרטיות המפותחות בעולם המערבי.

היום, אחרי כל השנים האלה של ממשלות קודמות, אנחנו במצב שיש בישראל כפול ממספר הנפגעות והנפגעים בעולם המערבי. כפול. אין השנה בישראל יותר תאונות ויותר נפגעים, ברוך השם. ברוך השם. גם לא פחות, לצערי הרב, עדיין, עדיין, אבל זה כפול ממה שיש במדינות אחרות בעולם המערבי, וישראל לא יכולה להרשות לעצמה את זה. ולכן הוגשה התוכנית הזאת, והיא באה עם מימון לפיילוט, משום שכרגע, לצערי – אדוני ודאי שותף לצער שלי בעניין הזה – אנחנו לא יכולות להעביר תקציב במצב הנוכחי. אבל כן גייסנו, גירדנו אספנו ואיגמנו 80 מיליון שקלים לפיילוט שיתחיל עכשיו ומייד, בשיטה שאותה הביאו בתוכנית החדשה הזאת.

אני מבינה ששקר זה האמת החדשה בצד הזה של המליאה, אבל זה סתם, אלה מילים שאתה אומר, מילים מילים מילים. הסיבה שחלף כחודש ממתי שהוצגה לי התוכנית ואני הצגתי אותה לציבור יחד עם אבי נאור וארז קיטה, הסיבה שעבר חודש מאז עד שהיא הגיעה לאישור הממשלה, היא בדיוק בגלל שהיו ישיבות עם האוצר ונעשה מאמץ אדיר לגייס תקציב לפיילוט. רק כשהשגנו את הכסף הזה הבאנו את זה לאישור הממשלה. לא רציתי להביא את התוכנית לאישור הממשלה בלי שיש לה איזשהו תקציב כדי להתחיל את העבודה. זאת בדיוק הסיבה, אם אתה כל כך מתעניין בלוחות הזמנים. אגב שקרים, הייתי במשך השנה האחרונה בחמש ישיבות בוועדת הכלכלה בנושא בטיחות בדרכים, שכן, אכן אתה צודק, יושב-ראש ועדת הכלכלה אכן קיים – זה נושא שמאוד מאוד קרוב לליבו, כשם שהוא קרוב לליבי וכשם שהוא קרוב לליבה של מנכ""לית משרד התחבורה, שגם היא, לצערי, נמנית עם המשפחה הענקית והעצובה הזאת, משפחת השכול מתאונות הדרכים. הייתי בכל כך הרבה ישיבות, כאמור, חמש ישיבות בוועדת הכלכלה שעסקו בנושא בטיחות בדרכים, ואני עניתי שם תמיד על כל שאלותיו ופניותיו של יושב-ראש הוועדה, וגם של חברות וחברי הוועדה האחרים. אני גם רוצה להודות לחבר הכנסת טופורובסקי, שהצליח להביא תקציב ישר בתחילת הקדנציה הזאת שאפשר לנו לפעול למען החלפת גדרות ההפרדה שהיו מסוכנות לאופנועים, מהלך שעשינו אותו ועוד הרחבנו אותו והוספנו עליו כסף, נוסף ע לדברים נוספים שעשינו, כמו למשל השקעה של 2 מיליארד שקל בתקציב אחזקה ושדרוג בטיחותי, בשונה מהנתונים שאינני זוכרת אותם אבל השגויים שנתת פה על הדוכן. מוקדי סיכון, מוקדי סיכון יצאו השנה לביצוע אחרי שנתיים של הזנחה מוחלטת, ואכן, לי יש מאבק מול האוצר להמשיך ולתקצב. ככל שזה היה תלוי בי, הם היו מתוקצבים כבר כולם בשנה הקרובה. צר לי שייקח זמן עד שנעביר בממשלה הבאה את תקציב 2023, ושם הם ייכללו. אבל אני באמת יכולה להכביר פה עוד כל מיני דברים, וחשוב לי להתייחס גם לפרויקט האישי שלך, שאכן, כמו שציינת, בצדק, שמחתי להעביר יחד איתך את הצעת החוק שלך להסדרת הרישום של הכלים הקלים המכונים ""מיקרו-מוביליטי"". הסיבה, חבר הכנסת אשר, שלקח זמן עד – אגב, כשפרסמנו, פרסמנו כבר תקנות להערות הציבור. יש 21 יום להערות הציבור, ואין שום מניעה שוועדת הכלכלה תתכנס ממש אחרי החגים ותאשר את התקנות האלה והן תיכנסנה לתוקף, כי צריך גם – – –

נראה לי שאין שום מניעה, כאמור.

אבל אני רוצה להגיד בכל זאת, אני בכל זאת רוצה להתייחס למציאות, כי בסוף יש מציאות. חוץ מכל דברי הבלע והשקרים יש גם מציאות, ובמציאות, בשביל לגרום למשהו כזה לקרות, צריך לעשות עבודה יחד עם הרשויות המקומיות, יחד עם חברות הכלים הקלים השיתופיים, יחד עם המשטרה והמשרד לביטחון פנים, יחד עם השלטון המקומי כולו, לעשות משהו בשביל שהוא באמת יקרה ולא יהיה בבחינת הצהרה. ואתה צודק, אני מודה באשמה, אני מאוד רציתי לסיים את זה לפני הבחירות האלה, כדי לא להשאיר את זה תלוי באוויר למקרה שחס וחלילה לא יודעת מה יקרה. אכן, אתה צודק, אני מודה באשמה, לא רציתי להשאיר את זה פתוח, רציתי לוודא שאנחנו מספיקות להסדיר את התחום הזה. אבל צריך להגיד עוד משהו, יעקב אשר: הצעד של הרישום שאנחנו מביאות עכשיו בתקנות הוא הצעד הרביעי והאחרון בהסדרה הזאת, כי אנחנו כבר השקענו 2 מיליארד שקל בשבילי אופניים, פלוס הכסף שמושקע באופנידן ובמטרופן – 2 מיליארד שקל בחומש לעומת 180 מיליון שקל שהושקעו בשלוש השנים לפניי. אחר כך, הצעד השני שלנו היה לקבוע עבירות חדשות על כל הכלים האלה וקנסות בצידן, שכבר עברו בוועדת הכלכלה, ולדעתי אדוני פה אפילו ישב בראש הישיבה – –

– – הישיבות הרבות שעסקו בזה, סליחה ותודה. הצעד הבא היה לתת את הסמכות לפקחי ופקחיות העיריות לאכוף את העבירות האלה. רק בסוף באנו ואמרנו: עכשיו אתם מחויבים, תהיו ברישום – רק אחרי שהסדרנו את כל התשתית, גם הפיזית וגם החוקית, בשביל לייצר את זה, ככה שאיך לומר?

מישהו קבע את הסדר הזה בצורה אחראית, בצורה מקצועית, בשיקול דעת.

לא זו בלבד שלא גררנו רגליים – הבאנו תוצאות, ותוצאות מלאות. עכשיו, אני רוצה להגיד לסיום, כי אנחנו בכל זאת לא נהיה כאן כל הלילה – לא, עוד לפני הסיום אני רוצה להגיד: כביש 90, אחד הכבישים המסוכנים ביותר במדינה, יחד עם שר האוצר הבאנו תקציב של 300 מיליון שקל כאן ועכשיו, שכבר יצא המכרז, ולדעתי כבר זכו בו. 20 קילומטר מתוך הכביש הזה כבר יוצאים לתכנון וביצוע תכף ומייד. אנחנו התחייבנו, על כל 120 הקילומטרים מצומת הערבה לצומת קטורה, שישודרגו לארבעה נתיבים עם הפרדה, עם תאורה, אבל בינתיים, חבר הכנסת אשר, שאני מבינה שאתה לא פנוי בדיוק – –

– – אבל בינתיים – באותו יום שהודענו הן פורסמו להערות הציבור.

אבל בכל מקרה, בינתיים בכביש 90 אנחנו עשינו, בראשותו של אבי נאור, שעשה צוות בין-משרדי במהירות באמת מעוררת השתאות, בין-משרדי ובין-גופי, תוכנית שהשקענו עוד 110 מיליון שקלים, שבינתיים עד שיסללו את כל ה-120 – כי אי-אפשר לעשות את כל ה-120 בבת אחת – יש תוכנית למפרצי חניה, לנתיבי עקיפה, לתאורה חלקית, למצלמות שתהיינה, כל מה שמותר באכיפה אבל גם מה שלא – למדידה ולהכוונת התנהגות, ומשאבים נוספים לאכיפת יתר בכביש 90, ככה שנעשים כל הזמן דברים בעניין הבטיחות בדרכים. אבל בוא נזכיר פה קודם כול לאזרחיות ואזרחי ישראל שהדבר החשוב מס'  אחת כדי שבאמת לא להיקלע לתאונות זה לא לגעת בפלאפון בזמן הנהיגה, והדבר מס' אחת אחת שבאמת יחסוך לנו תאונות דרכים הוא לעבור מכלי הרכב הפרטי שלנו לתחבורה ציבורית. אנחנו יודעות ויודעים עד כמה מי שבאמת מעורבות הם כלים כבדים מסוג רכב פרטי עם הולכות והולכי רגל, שהם הפגיעות והפגיעים ביותר, וכלים קלים. אנחנו יודעות שככל שנוריד יותר כלים פרטיים מהכביש ונעבור לתחבורה הציבורית, כך אנחנו נחסוך חיים, ואנחנו נלחמות ונלחמים על הבטיחות ועל החיים. בשביל שהתחבורה הציבורית תהיה יעילה ותוכל לקחת למשל צעירות וצעירים בקווי לילה, כדי שהם יוכלו לצאת לבלות ולשתות כשהם באים מהצבא למשל בסוף השבוע, והם יוכלו לשתות ולא יצטרכו לנהוג ולא יצטרכו להעמיד אחד מהם להיות זה שלא יכול לשתות ולבלות, אנחנו צריכות להפעיל את קווי הלילה האלה. וקווי הלילה האלה לדוגמה צריכים לפעול כל סוף השבוע, משום שאנחנו לא יכולות להגביל את החיילות והחיילים שלנו לבלות רק בלילה בין חמישי לשישי ולא בלילה בין שישי לשבת, למשל. וכדי שהציבור שלנו תוכל באמת לסמוך על זה שיש לה איך להגיע והיא לא צריכה להחזיק רכב פרטי, אז היא צריכה לדעת שיש לו או לה איך להגיע למשפחה שלה גם בשבת ובסוף השבוע ולא רק באמצע השבוע. אז כן, אדוני, בשביל לחסוך חיים – ואנחנו נלחמות ונלחמים ביחד, מבחינתי, על החיים ועל הבטיחות – אנחנו חייבות וחייבים לבנות כאן מערכת של תחבורה ציבורית איכותית, אמינה, טובה, שפועלת בכל עת, כי אני לא רוצה לחשוף את החיילות והחיילים שלנו בסוף השבוע לסיכונים שנובעים מזה שהם צריכים לנהוג. הדבר הזה ראוי שייפתר, ויפה שעה אחת קודם. יש לנו עכשיו בממשלה הזאת חלון הזדמנויות היסטורי להעביר את הדבר הזה. היסטורי. רוב בעם יש לנו שנים אין-ספור. אגב, שותפים לרוב הזה חובשות וחובשי כיפות רבים מהרבה צבעים וסוגים, ואני מכירה רבות ורבים שגרים ביהודה ושומרון, חובשי כיפות, שאומרים לי: אילו הייתה לנו תחבורה ציבורית בשבת היינו נוסעים בה, כי היום אנחנו תקועות ותקועים. לכן אנחנו חייבות להשתמש ברוב הזה, שבא במקרה – וכאן באמת בסוג של מקרה – ברוב נדיר בממשלה עצמה. כל מה שלא דורש חקיקה, אפשר לעשות עכשיו, וזאת חובתנו לעשות עכשיו. חובתנו לעשות עכשיו, לא לבזבז את החלון ההיסטורי הזה, ולהציל הרבה מאוד חיים. תודה רבה, אדוני.",10,
348272,2022-12-29,כינון הממשלה והרכבה,"כן, תשתה משהו, אדוני היושב-ראש. צריך, במצב הנוכחי, לשתות משהו. זה חשוב מאוד.

כמו שהיה אומר חברי השר היוצא נחמן שי, בתקופת מלחמת המפרץ: שתו מים, להירגע.

שמעתי את ראש הממשלה המיועד, הנכנס עוד מעט, אומר: יש לנו שלוש משימות: הראשונה – לסכל את מאמציה של איראן להשיג ארסנל נשק גרעיני. כמה שנים אנחנו שומעות ושומעים אותו אומר את הדבר הזה? כמה שנים? בוא נראה. א. זה מתחיל באמת בספרים שהוא כתב. אני מצאתי באמת מ-1993. מ-1993. ב-1996 נתניהו כבר היה ראש ממשלה. מ-2009 הוא שוב היה ראש ממשלה עד 2021. וראו זה פלא, איראן קרובה היום לארסנל נשק גרעיני יותר מאי-פעם, בוודאי יותר ממה שהיא הייתה ב-1993, ב-2009 ואפילו ב-2015. אבל ההתנהלות השערורייתית, השחצנית, חסרת האחריות של נתניהו מול ארצות הברית, ובעיקר, כמובן, החתירה וההצלחה בלגרום לארצות הברית לצאת באופן חד-צדדי, בלי אלטרנטיבות מהסכם הגרעין, גרמו לזה שאיראן קרובה היום מאי-פעם לזה שיהיה לה ארסנל נשק גרעיני בחסות מר בנימין נתניהו. אוקיי, אז קודם כול, בואו נדבר על עובדות ועל מציאות, עם כל הכבוד לכל הסיסמאות, איראן, איראן, איראן, איראן. תודה רבה לך, אדוני. איראן יותר קרובה לגרעין היום ממה שהיא הייתה כשאתה התחלת. אבל בואו נדבר רגע על אזרחיות ואזרחי ישראל, שבאמת לא יושבות ויושבים בקבינט המדיני או בוועדת החוץ והביטחון או בהרבה מאוד פורומים אחרים שאני חברה בהם שנים על גבי שנים, ויודעת את המציאות שהם יכולים, לצורך העניין, לקחת או לא לקחת את המילה שלי על מה שקורה באיראן. בואו נדבר על ההבטחה מס' 2 של בנימין נתניהו, כאן, מעל הדוכן הזה עכשיו, לכבוד הממשלה החדשה שהוא מרכיב, סבבה? אנחנו נחושים לבטל את הפריפריה. מחיאות כפיים נשמעו בקואליציה. ואו, אנחנו נבטל את הפריפריה. בחודש יוני 2005 אמר שר האוצר נתניהו כי אנחנו רוצים מדינה בלי פריפריה. זאת אחת הרפורמות המרכזיות שלנו. ב-2008 אמר נתניהו כי במדינה כל כך קטנה כמו ישראל, אין הצדקה למושג פריפריה. ב-2010: יש לנו תוכנית תחבורה ארצית לגליל ולנגב, והוסיף: נבטל את הפריפריה. אגב, היום הוא אמר עוד דבר, הוא אמר: אנחנו נעשה רכבת בזק מקריית שמונה לאילת. ובכן, תנו לי לספר לכם, כבר בשנת – תכף, תכף נגיד לכם באיזו שנה הוא כבר אמר את זה. בקיצור, בשנת 2012 – לכו, לכו איתי שנייה, אוקיי? אתן ואתם בפריפריה. בשנת 2012 הוא אמר בישיבת הממשלה: היום אנחנו נפתח בדיון על הקמת קו הרכבת תל אביב–אילת. 2012, כן? הוא כבר היה ראש ממשלה שלוש שנים. הוא היה אחרי זה ראש ממשלה עוד כמעט עשר שנים. אני תקצבתי את תכנון קו הרכבת תל אביב–אילת, לא נתניהו, לא אף שר אוצר מתחת לנתניהו, לא אף ממשלות נתניהו. אבל העיקר הוא הבטיח, אז אחלה. בואו, בואו נלך עם זה קצת הלאה. בואו נלך עם המילים היפות האלה: אנחנו נבטל את הפריפריה. בשנת 2012 הוא אמר: אנחנו נקים רכבת לאילת, שתגיע תוך שעתיים. 2012. מי יודעת לספור, ילדות וילדים שלי, כמה שנים עברו מאז שנתניהו אמר שאנחנו נקים רכבת תל אביב–אילת? ב-2013, בכנס הגליל, הוא אמר: צריך לבטל את הפריפריה. תראו מה זה. ב-2013 הוא כבר חשב על הרעיון המבריק, המדהים, הנהדר, שהוא דיבר עליו כבר בשנת 2005, ולא עשה בעניינו דבר וחצי דבר: לבטל את הפריפריה. אבל היום הוא מבטיח לבטל את הפריפריה. בשנת 2015 ראש הממשלה בעפולה: נבטל את המושג פריפריה. אבל אבוי, אם נבטל את המושג פריפריה, כיצד נבוא שוב עשר שנים אחר כך, ונבטיח לתושבות ותושבי הפריפריה שאנחנו נבטל את הפריפריה? איך נגרום לתושבי ותושבות הפריפריה לחשוב שאתה זה שתבטל בעבורם את הפריפריה, אם תבטל את המושג פריפריה? אבל אל דאגה, זה לא נגמר שם. ב-2016 הוא חנך קו ייצור בקריית גת – נבטל את הפריפריה. ב-2018 נתניהו לתושבות ותושבי קריית שמונה: נבטל את הפריפריה. ב-2018 שוב נבטל את הפריפריה. בקיצור, חברותיי וחבריי, בפריפריה - - -

נראה שהוא אמר המון פעמים נבטל את הפריפריה.

בואו, בואו, חבריי, שלקח להם הרבה זמן להתעשת, כי הם מבינים את השקר הגדול, שהם עצמם שותפים לו, נופלים בו.

אוקיי, אז שוב שקר, אז תודה לך, אדוני היושב-ראש. אני תקצבתי את כביש 65, שהיה מוזנח במשך כל ממשלות נתניהו – עד כדי כך מוזנח, שהיה צריך לתכנן אותו מחדש כדי שאפשר יהיה לתקצב את הרחבת כביש 65. אני עשיתי את זה. אני הייתי השנה ב-30 רשויות בפריפריה, יותר ממה שהיה כל שר תחבורה בממשלות שלכם, כי אתם כנראה הייתם עסוקים ללכת רק לשטחים. אני השקעתי את רוב הכסף בגליל ובנגב. עכשיו אתם מעבירים חוקים לחיזוק הנגב, ומבטיחים 100 מיליון בשנה ליהוד הנגב. אם הייתם טורחים להשקיע בגליל ובנגב, לא היה צריך לחזק אותם עכשיו. אבל אתם הפקרתם אותם, נתניהו הפקיר את הגליל והנגב. זה שהוא בא לחתוך סרטים, עוד לא אומר שהוא השקיע משהו.

אני ואנחנו, אלה שאישרנו את תכנון מסילת הרכבת לקריית שמונה, אישרנו מיליונים על גבי מיליונים בערים ליכודיות מוזנחות – באופקים, בקריית מוצקין, בטירת הכרמל, בנהריה, בעפולה, בדימונה, בירוחם, בערד, בנתיבות, במעלות. בכל אלה אני הייתי ומימנתי פרויקטים. מה זה מימנתי? לא כסף שלי - -

- - אלא סדר עדיפויות שאני קבעתי במשרד התחבורה. אנחנו השקענו בפריפריה. אנחנו השקענו בפריפריה, במקומות שנתניהו רואה אותם רק בקמפיין בחירות, והוא בא אליהם רק בשביל להגיד, כמו שהוא אמר כאן מעל הדוכן היום: אנחנו נבטל את הפריפריה. ובכן, חברותיי וחבריי בפריפריה, כפי שבכל הממשלות הקודמות נתניהו לא ביטל את הפריפריה, לצערי הוא ממש לא עומד לעשות את זה גם בממשלה הזאת. אבל לשמחתי, הרבה מאוד מהתקציבים במשרד התחבורה מעוגנים לחומש הקרוב, ולכן הרבה מאוד השקעה בפריפריה תהיה גם תהיה עד שננצח ונחזור לממשלה, ונמשיך לשים תקציבים שמגיעים וראוי שיתקבלו בפריפריה.",1,
349047,2023-01-23,"הצעות סיעות יש עתיד, המחנה הממלכתי וישראל ביתנו להביע אי-אמון בממשלה בשל:: 1. ניסיון הרמייה של ראש הממשלה החלש את בוחריו בנושא המהפכה המשטרית וביטול הדמוקרטיה דה פקטו;: 2. ממשלה מתנפחת וחסרת מעצורים;: 3. פגיעה קשה ומתמשכת בערכי היהדות על ידי ראשי ש""ס ויהדות התורה","תודה רבה, אדוני היושב-ראש. כמו שוודאי ראיתן וראיתם, מיקי זוהר רצה לבטל לנו את המוזיאונים ואת התרבות בשבת. יש העניין הפעוט הזה שהוא לא הבחין שהסיפור הזה נעשה בממשלת נתניהו ושגם הוא עצמו, הבנתי שהיה תומך בדבר הזה. הוא פשוט ראה שבת ומייד ראה הזדמנות לנצל את הסחף הגדול לעבר המדינה הכאילו-יהודית ולבטל את אחד הדברים היהודיים היפים שנעשו כאן בזמן האחרון, וזה לאפשר לכל אחד ואחת לספוג תרבות ואומנות והשכלה בשבת, בלי לשלם כסף. וואו, זה מדהים. עכשיו זה מוזיאונים וזה תרבות וזה בילוי. מה הדבר הבא? לסגור את הכדורגל? לסגור לנו את הים אולי? משום שאחד האיומים על האפשרויות הבסיסיות של חופש תנועה של ישראליות וישראלים הוא הצעת חוק שתבטל את האפשרות למיזם כמו נעים בסופ""ש, שמתנהל בקרב ערים רבות שבהן יש באמת רצון וצורך עז למי שלא יכולות ויכולים לנהוג, או חלילה אין להם כסף לאוטו, לצאת מהבית ולבקר, נגיד, את המשפחה בסוף השבוע ובשבת. עד כדי כך ההסתה הכביכול-יהודית היא כל כך חזקה, שכבר שלושה שבועות שאתם בשלטון רוגמים באבנים ברמת השרון את האוטובוסים של נעים בסופ""ש. מה אני אגיד לכם, הצלחה יהודית מסחררת ממש.

מה כן מותר בשבת? אדוני היושב-ראש, אני לא יודעת אם לא שמת לב. מה מותר בשבת? עבודות אצל ביבי בבית זה מותר בשבת. לא שמעתי איומים על משבר קואליציוני בגלל שעושים עבודות אצל נתניהו בבית בשבת. מה קרה? נתניהו דוחה שבת? זה הדבר החדש? פעם היה פיקוח נפש. יש כל מיני סוגים של פיקוח נפש, מסתבר שנתניהו זה פיקוח הנפש החדש. האפשרות לתת לאנשות ואנשים עובדים ללכת לראות את המוזיאון בשבת - - -

אבל אנשים עובדים. זה לא בקונספט שלכם, זה רק אלה שצריכים לשלם לאלה שלא עובדים, אלה שאתם רוצים להגדיל את התשלום בשביל שהם לא יעבדו. הם, שיוכלו ללכת בשבת לראות קצת תרבות, קצת אמנות – לא, לא, זה לא במקומותינו. והדבר היפה זה שאתם עושים את כל הדברים האלה תוך כדי שאתם נוסעים בכלי הרכב שלכם במימון ציבורי בשבת ומנגבים את הרוטב של השרימפס מהצלחת תוך כדי שצועקים שאבעס, שאבעס, בואו נבטל לכל השאר את האפשרות לקצת תרבות, קצת פנאי וקצת חופש תנועה בשבת.",10,
352483,2023-03-27,"הודעת הממשלה בדבר צירוף שר לממשלה, העברת סמכויות משר לשר ושינוי בחלוקת התפקידים בממשלה","לא, לא. אפשר לדבר - - - - ברשימה?

לא, אני רוצה. אני בדיוק הייתי בדרכי.

הייתי בדרכי לברר אם אני רשומה.

כן. תודה, אדוני היושב-ראש.

אז ככה, חברי לסיעה חבר הכנסת גלעד קריב הביע כאן דאגה מכך שהסמכויות היחידות שהוקצו לך, השר אמסלם, זה הסמכויות לטיפול בענייני הקאדים במשרד המשפטים. אז רציתי להניח את דעתו של חברי בכך שלדעתי אתה קיבלת על זה פיצוי ראוי בדמות אחריות וסמכות על רשות החברות הממשלתיות, גוף חשוב בצורה בלתי רגילה. כשרת תחבורה, ותחת משרד התחבורה יש אי אלו חברות ממשלתיות חשובות, אני יודעת להגיד כמה חשובה החברה הזאת. רק לסבר את אוזניכם, היא חולשת על 100 חברות, פחות או יותר, בשווי כ-235 מיליארד ש""ח.

אדוני יודע, כי הוא כבר היה ממונה פעם אחת על רשות החברות בקדנציה קודמת.

הוא היה ממונה בקדנציה הקודמת. כ-235 מיליארד ש""ח שווי החברות האלה, שבהן פנויות עכשיו - -

- - פנויות עכשיו 345 משרות של דירקטורים. חבריי וחברותיי, 345 משרות של דירקטורים. עכשיו, אני אומר זאת כך: רשות החברות עוברת לסמכותו של השר המיועד אמסלם משר האוצר סמוטריץ'. שר האוצר סמוטריץ', בפעם הקודמת שהשר אמסלם היה ממונה על רשות החברות, טען שבזמנו שרת התחבורה מירי רגב – גם אז היא הייתה שרת התחבורה – ממנה מינויים פוליטיים של אנשים חסרי רקע וכישורים מתאימים לתפקידים קריטיים. ככה אמר סמוטריץ', שהוא היום שר האוצר שלכם. הוא אמור לדאוג לזה, שלא לומר שאתם אמורים לדאוג לזה, שהחברות הממשלתיות האלה יעשו עבודה לטובת אזרחיות ואזרחי ישראל במקסימום. אתם אלה שאמורים לדאוג שהמינויים האלה יהיו המינויים הכי מקצועיים והכי טובים. אבל היי, הוא חושב שעשיתם בדיוק את ההפך, ולמרות זאת הוא שוב מאפשר את הסיטואציה הזאת. מה יש לומר? יחד עם התקציב מלא החורים, שלא מביא לאזרחיות ואזרחי ישראל שום בשורה, ובעיקר לא אף בשורה שאתם הבטחתם – לא בתחום הפריפריה, לא בתחום חינוך חינם מגיל לידה עד שלוש, לא בתחום הרווחה, לא בתחום החינוך, לא בתחום הבריאות – אין מה לומר, יש למה לצפות. חכו חכו.",1,
