Id,Date,Topic,Text,Rank,Reasoning
287952,2015-05-04,התיישבות,"אדוני היושב-ראש, כנסת נכבדה, השנה היא 2025, תוכנית העשור למלחמה בגזענות ובאי-שוויון נשאה פרי: מאות-אלפי מועסקים ערבים חדשים השתלבו בשוק הפרטי, בהיי-טק ובשירות הציבורי; הפערים החברתיים בין האזרחים הערבים והיהודים הצטמצמו פלאים והכלכלה משגשגת לטובת כל התושבים; היהודים לומדים ערבית, הערבים שוקדים על העברית; תלמידים יהודים וערבים מתוודעים לגדולי אנשי הרוח והוגי הדעות של שני העמים; היישובים הערביים זכו לתוכניות מתאר שחוסכות מתושביהם את מפח הנפש של הריסת בתיהם; במוסדות השלטון ובדירקטוריונים, במשרדי הממשלה ובבתי-המשפט אפשר לפגוש אנשים מכל שדרות החברה; פלסטין חוגגת את עצמאותה; ישראל ופלסטין מקיימות קשרי תרבות, תיירות ומסחר שהתבססו לאחר הכרה הדדית והסכמה על פתרון צודק לסכסוך ארוך השנים. כל זה קרה רק אחרי שהשכלנו להבין כי האינטרסים האמיתיים של שני העמים משותפים, שניהם מבקשים את ברכת החיים. זו אינה רק משאלת לב; בכוחנו לעשות זאת. אנחנו יכולים להעמיק את התהום בינינו, ואנחנו יכולים לבחור בחיים. אדוני היושב-ראש, בתחושת שליחות אני עומד כאן כנציג הרשימה המשותפת, על 13 נציגיה, המשקפים את פניה המגוונות של החברה הערבית ואת שותפינו היהודים במאבק למען השלום והדמוקרטיה. לפני חודש צעדתי מירושלים יחד עם נציגי הכפרים הלא-מוכרים בנגב. יצאנו מהכפר הלא-מוכר ואדי-אלנעם. בשנות ה-50 ריכזה המדינה את כל תושבי הכפר במקום אחד, ומאז הם מתגוררים סמוך לאתר הפסולת הרעילה רמת-חובב, ללא חשמל, ללא ביוב וללא מים. בוואדי-אלנעם פגשתי את סאלם בן השש, שעם רדת החשכה אין לו אלא לבהות באורות הבוקעים מהרפתות בקיבוצים ובחוות הבודדים מסביב. עמיתי חברי הכנסת, נסו לבחון רגע את המציאות דרך עיניו של סאלם. הביטו במציאות גם דרך עיניו של מג'ד, סטודנט ערבי באוניברסיטת תל-אביב, שלא עולה בידו לשכור דירה. נסו לדמיין את טריקת הטלפון כאשר מבחינים במבטא שלו או כאשר שומעים את שמו. ראו את המציאות דרך עיניהם של עימאד ואמל, זוג ערבי צעיר המחפש בית. 700 יישובים חדשים בנתה המדינה מאז הקמתה – 700 יישובים יהודיים, ואף לא יישוב ערבי אחד במשולש ובגליל. לרוב היישובים הערביים הקיימים אין תוכניות מתאר מעודכנות, ואני תוהה: היכן אמור הזוג הערבי לגור? באוויר? שימו עצמכם במקומה של היבה, נערה מלאת חיים שזה עתה סיימה את התיכון ומחפשת עבודה בקניון. במודעה שצדה את עינה היא גילתה שהדרישה מופנית ליוצאי צבא בלבד. האם דרושה מיומנות צבאית כדי למלצר? אלה הם בני הדור המשכיל ביותר שקם לציבור הערבי, אך הדלתות נטרקות בפניהם שוב ושוב. בשם סאלם מוואדי-אלנעם, בשם מג'ד הסטודנט, בשם עימאד ואמל, בשמה של היבה, בשמם ובזכותם אני מתייצב כאן.

עמיתי חברי הכנסת, אני עומד מולכם כנציגו של מיעוט לאומי, שהמדינה ממאנת בעקשנות לקבל אותו כפי שהוא מגדיר את עצמו. אני מכיר בעל-פה מאות שירים של מחמוד דרוויש, סמיח אלקאסם ותופיק זיאד, וזכיתי לקרוא בספריהם של אמיל חביבי ומוחמד עלי טאהא, אף שלערבים אסור ללמוד אותם בבית-הספר. האם לא הגיע הזמן שנקבל את התכנים שלנו בדלת הראשית של מערכת החינוך? גבירותי ורבותי, השפה הערבית היא שפה רשמית. היא נמצאת בשלטי רחוב בתל-אביב כחלק מהמרחב, וראו זה פלא, הדבר לא הביא חורבן על דייריו של אף רחוב. הכרה בזכויות הלאומיות אינה גורעת משאר האזרחים. נהפוך הוא, היא מעשירה את המרחב שאנחנו חיים בו. נמשיך לדרוש להכיר בנו כקבוצה לאומית הזכאית לשוויון מלא, אזרחי ולאומי, וניאבק על כך. אדוני היושב-ראש, אני חש הזדהות עמוקה עם סבלם של היהודים במשך דורות רבים. אני מרגיש את המועקה הרובצת על בני העם היהודי הנעוצה בעברו, ואני מבין את החרדה שיהודים רבים חשים. אינני מקל בה ראש. אך סבלם של היהודים אינו מצדיק עוול או אפליה כלפי האזרחים הערבים, וגם לא את המשך השעבוד של העם הפלסטיני בשטחים הכבושים. בזמן ששרי הממשלה מעמיקים את הכיבוש, פוגעים בזכויות הבסיסיות של העם הפלסטיני ומעבירים את כספי המסים שלנו להתנחלויות במקום לשכבות המוחלשות, יש מי שדורשים שחברי הכנסת הערבים יפסיקו לדבר על הכיבוש. יש אפילו מי שמבטיחים שמצוקותינו כמיעוט יזכו לאוזן קשבת אם רק נמלא פינו מים בנושא הזה. ואני שואל אתכם, חברי הכנסת, איך אני יכול להחריש מול הגורל הטרגי של בני עמי בגדה, בעזה ובמחנה הפליטים ירמוכ? הטרגדיה הפלסטינית נמשכת יום-יום, שעה-שעה, וישראל עודנה מתכחשת לאחריותה ביצירת המצב הזה. לא נעצום עין נוכח המתרחש סביבנו ולא נחדל לחתור לחירות, לצדק ולפיוס. זכותנו וחובתנו, כפלסטינים וכאזרחי מדינת ישראל, להתייצב מעל כל במה ולקרוא: שלח את עמי. גם אחינו זכאים לחירות. האדמה היפה הזו טובה לכולנו, ערבים כיהודים. אם נהפוך אותה לשדה קרב היא תקיא אותנו; אם נזרע יחדיו זרעים של עתיד היא תברך אותנו בכל פירותיה. חברי חברי הכנסת, בנעורי נפעמתי מהמאבק העממי של העם הפלסטיני באינתיפאדה הראשונה והובלתי הפגנות סולידריות בחיפה. בן 15 הייתי כשקיבלתי זימון לחקירה בשב""כ. תחילה לא הבנתי את פשר הדבר, חשבתי שזכיתי באות כבוד ונמלאתי גאווה. אט-אט התברר לי האסון. חקירה רדפה חקירה. התחלתי לחשוד בכולם, ובתוך כך התנתקתי מחברי ונותרתי לבדי. אילולא הורי, פאטמה ועאדל, היושבים היום ביציע, אינני בטוח שהייתי מחזיק מעמד. מי שהיה אז ראש השב""כ הוא היום עמיתי כאן. אני פונה אליך בראש מורם, כאדם אשר לא שכח ולו ליום אחד את הנער הצעיר מלא הלהט והתקווה מחיפה שחייו כמעט נהרסו בגלל השב""כ; חרף העבר אני פונה אליך ומצפה ממך להיות שותף אמיץ למען קידום השוויון והדמוקרטיה לכל האזרחים. מכאן אני פונה לאזרחים הערבים שהעניקו לנו את קולם ואמונם: סבינו וסבותינו היו בני דור הנכבה. (אומר משפט בשפה הערבית, להלן תרגומו: כמו העשב הירוק הצומח בין חגווי הסלעים.) הורינו היו בני הדור שנאבק ושרד בצל הקיפוח והאפליה. הדור שלנו ישיג את השוויון. אחי ואחיותי, אח'וואתי ואח'וותי, ההיסטוריה לימדה אותנו כי אל לנו לחשוש שזהותנו הלאומית תיטשטש. האימפריה העות'מאנית גמרה אומר לשלול את זהותם הערבית של נתיניה הערבים ולהפוך אותם לטורקים ורדפה כל סממן ערבי וכל אינטלקטואל; סופרים ומשוררים ערבים הועלו לגרדום. אך ההישג הטורקי בקרב הערבים הסתכם באימוץ מילת הלעג הטורקית ""טוז"". האם גם אתם שומעים את רעם הצחוק של ההיסטוריה? בתקופת הממשל הצבאי בישראל ניסו לפגוע בגאוותנו הלאומית. על כך כתב המשורר המהולל מחמוד דרוויש: סג'ל, אנא ערבי – תרשום, אני ערבי. אחי ואחיותי, אל תיכנעו לייאוש ולחוסר האמונה. (אומר משפט בשפה הערבית, להלן תרגומו: אני סמוך ובטוח בהשתייכותנו הלאומית.) הזהות שלנו איתנה ואנחנו נגן עליה, ויחד עם זאת נשתלב ונשפיע. הגאווה והזהות הלאומית אינן שוללות את הרצון להיות חלק מכלל החברה במדינה. אחי ואחיותי, אח'וואתי ואח'וואתי, התחלתי ב-2025, ואני יודע שבשנת 2015 המצב שונה לחלוטין. אנו צועדים במסע ארוך, יהיו בו לא מעט מהמורות ומכשולים. יהיו מי שיטילו בנו דופי, יהיו מי שיתפללו לכישלוננו, אבל קשיים לא ירתיעו אותנו ולא ישברו את רוחנו. יחד, שלובי זרועות, נמשיך במסענו. המגדלור המוסרי שלנו, כוכב הצפון, מנחה אותנו, כי דרכנו צודקת, דרכנו ראויה. אדוני היושב-ראש, אני, איימן עודה, לא מהווה איום, כמו גם חצי מיליון האזרחים שנתנו לנו את קולם, אדוני ראש הממשלה. כל אזרח צריך לשמוח בהצבעה של האזרחים, להיות גאה בכך שהם נהרו לקלפי חרף המדיניות שראש הממשלה מוביל. הקולות הללו תובעים את זכותם לשוויון אזרחי ולאומי – להם ולכל אזרחי המדינה. אספת העם באתונה העתיקה פשטה את הרגל, לא בגלל אויב חיצוני. היא התפוררה בגלל חוק האוסטרקיזם, שאִפשר את גירושם של חברי פרלמנט בגלל דעותיהם בהצבעה דמוקרטית. וכאשר האוסטרקיזם היה כלי פופולרי, הפרלמנט האתונאי איבד את כוחו המוסרי. היום, כשהרוב מקדם את חוק החרם, חוק העמותות, חוק הנכבה, חוק האזרחות, חוק ועדות הקבלה וחוק בג""ץ, אנחנו נמצאים בעידן האוסטרקיזם הישראלי. זו איננה רק עריצות הרוב, זו רדיפה. בכנסת הקודמת דיברו ראשי המפלגות על פוליטיקה חדשה, אבל המשיכו להוביל את הפוליטיקה הישנה, רוויית השנאה והשיסוי. התשובה שלנו, אחריותנו המוסרית, היא העמידה לצד כל הקבוצות המוחלשות, לצד האתיופים, המזרחים, החרדים, הרוסים, עובדי הקבלן, מחוסרות הדיור. גם לצדם של אלה שחונכו לחשוש מפנינו ולשנוא אותנו. כן, לשנוא אותנו. גם הם גם אנחנו ראויים לשוויון. אי-צדק במקום אחד הוא איום על הצדק בכל מקום, אמר מרטין לותר קינג. חברי הכנסת, בין בני משפחתי הנרגשת ביציע יושב גם בני אסיל. מחרתיים ימלאו לו ארבע. אסיל קרוי על שם דודו אסיל עאסלה, אחי אשתי, שנורה למוות בגיל 17 בכפר עראבה באירועי אוקטובר 2000, בעת שחיפש מחסה במטע זיתים ולא איים על איש. האחראי לא נשפט, והצדק עדיין לא נעשה. אנחנו נרדוף את הצדק ונדאג שהוא ייעשה וייראה. כשנולד בני, בדיוק בתאריך שבו נולד דודו, ראינו בזה סימן. החלטנו לקרוא לו אסיל, כסמל לבחירה שלנו בחיים. הרי יהיה אשר יהיה, בנינו ונכדינו ימשיכו לחיות יחד בארץ הזאת, ערבים ויהודים. אין לנו ברירה אלא לבחור בחיים. הבה נבחר בחיים.",1,
288426,2015-05-14,התיישבות,"אדוני היושב-ראש, כנסת נכבדה, תרשו לי קודם כול לברך את ראש הממשלה מר בנימין נתניהו, שיצא בריא ושלם אחרי ""ליל בובולינה"" הארוך והמסויט שלו. למי שלא יודע, בובולינה היא הזקנה של זורבה היווני. זקנות הכפר עטו על השלל שהשאירה בעודה שוכבת על ערש דווי. הלילה של בנימין נתניהו היה מכוער כל כך – עד כדי כך שהריאליזם בלילה הזה עלה אף על הדמיון של מחבר הספר, קאזאנצאקיס. להגנתה של הממשלה אפשר לומר שהמלחמה על השלל הייתה כאן מקורית יותר, אכזרית יותר וחסרת בושה יותר. רק נאחל שלא יעוטו עוד זקנות ממפלגות אחרות על השלל, או על מה שנשאר ממנו. אבל זאת רק ההתחלה. הערבים אומרים שהגשם מתחיל בטפטוף, ואם זה הטפטוף, התכוננו למבול, אללה יוסתור. כבוד היושב-ראש, לדאבוני, איננו יכולים לאחל הצלחה לחברי ממשלה זו, כי הצלחתם פירושה הרס של כל חלקה טובה בחברה. הממשלה הרעה שעומדת לקום מייצגת חיבור בין קפיטליזם דורסני לבין לאומנות. הצלחתכם היא אסון לשני העמים ולכל האזרחים. איך אפשר לאחל הצלחה לשרת משפטים שמשנתה המוצהרת היא להחליש את מעמדו של בית-המשפט העליון? איך אפשר לאחל לה הצלחה, כשהיא משווה את הילדים הפלסטינים לנחשים, שצריך להרוג לפני שיגדלו? איך אפשר לאחל הצלחה לשר חינוך שהערבים בשבילו הם כמו רסיס בישבן? נאחל לו שיזכה להניח את ישבנו במנוחה, אך לא בכיסא של שר. איך נאחל הצלחה לסגן שר ביטחון שרואה בפלסטינים ""חיות אדם, שאינם זכאים לחיות""? אוי לבושה. ולמעלה למעלה, בראש הפירמידה, איך אפשר לאחל הצלחה לראש הממשלה במשימתו אם הוא מכנה את הערבים ""כמויות שנוהרות לקלפי""? ובכן, דגל שחור של גזענות מתנוסס מעל ממשלה זו. גם אם ממשלה זו נבחרה בצורה דמוקרטית, הדגל נשאר מונף. כי אין דו-קיום בין דמוקרטיה לגזענות. איך נאחל הצלחה לממשלה שבקווי היסוד שלה מופיעים האזרחים הערבים רק פעם אחת, וגם כאן במונח ""בני הדתות"", ""בני העדות"". באמת – – –

באמת, זה מה שיצא לכם אחרי רצף דיונים? הרי נתניהו הכיר בנו כערבים, בניסיונו להרתיע מפנינו ביום הבחירות. אך באמת, מי הרשה לכם להגדיר את הערבים? אנחנו יודעים היטב להגדיר את עצמנו. מי מעז לערער על השיוך הלאומי שלנו? אנחנו בני עם אכת'ם בן סייפי, בלקיס, אלקס בן סאעדה אלאיאדי, הח'ליפה עומר אבן אל-ח'טאב, אבן רושד, אלאח'טל, אבן ח'לדון, והפלסטינים אלקאדי אלפאדל, אלשאפעי, כשאג'ם, אלאעסקלאני, אברהים טוקאן וד'אהר אלעומר אלזידאני. אבל הבעיה היא לא רק בעמדה ההצהרתית. הממשלה רודפת את האזרחים הערבים, ואני מציין את הנגב כדוגמה אחת מני רבות. בנגב, המכוסה אין-ספור גרגרי זהב, שהשמש מאירה אותו כמעט כל ימות השנה, ערביי הנגב מחפשים מקום תחת השמש. את ערביי הנגב הבדואים, הבדואים גאוות המדבר – טלב אבו עראר, הבדואים גאוות המדבר – פועלת המדינה לגרש ולרכז, כאשר יישובים יהודיים, לרבות חוות הבודדים, מפוזרים בכל רחבי הנגב וזוכים לכל השירותים. הממשלה נוהגת לומר שערביי הנגב מפוזרים על שטחים גדולים, אך האמת העירומה היא שערביי הנגב גרים רק על 5% מאדמות הנגב. הנגב נדיב, נדיב מאוד, ויכול להכיל את כל אזרחיו משני העמים. אך הוא יהיה מחניק אם הססמה תהיה ""לגאול את אדמת הלאום מהפולשים הערבים"". לאחרונה הוחלט להרוס את הכפר הערבי אום-אלחיראן, המונה 1,000 תושבים, כדי להקים במקומו את היישוב היהודי חירן. אבל מה הפלא? מחר, 15 במאי, אנחנו מציינים את יום הנכבה, היום שמסמל, בין היתר, את הריסתם של מאות יישובים ערביים והקמת יישובים יהודיים במקומם, עם שמות חדשים ומעוברתים: עין-איילה במקום עין-ע'זאל, צרופה במקום סרפנד וגבע במקום ג'בע. זו ממשלה שמתכחשת למחויבות של הנשיא הפלסטיני לפתרון שתי המדינות ופוחדת מההכרה בזכותם הצודקת של בני העם הפלסטיני. חזית הסירוב היא כאן. חזית הסירוב היא כאן. אך מכאן אני רוצה לברך את הכס הקדוש, האפיפיור פרנציסקוס, על ההכרה במדינה הפלסטינית על בסיס קווי 67'. יישר כוח.

זו ממשלה שבורחת מבשורה, כי אין לה בשורה: לא לשלום ולא לכלל המוחלשים. אני רוצה לפנות ברגע זה דווקא אל חברי האופוזיציה, אליכם: האם יש לאופוזיציה האומץ הדרוש להניח קווי יסוד מקבילים לקווי היסוד של הקואליציה? קווי יסוד של שלום אמיתי לפי החלטות האו""ם, שוויון אזרחי ולאומי לאוכלוסייה הערבית, דמוקרטיה וצדק לכלל האזרחים. האם האופוזיציה תניח אלטרנטיבה אמיתית, או שמדובר באותה הגברת בשינוי אדרת? ממשלה הנשענת על 61 חברי כנסת היא ממשלה עצבנית, ואת המחיר שלה נשלם במלחמות ושיסוי ותוכניות נגד כל המוחלשים. הרי לנתניהו יש תרגיל קבוע: כשהכיסא מתנדנד – יפציצו המטוסים, כשהביקורות רועמות – ירעמו התותחים. ממשלה זו, ככל שימיה יתקצרו ייטב לשני העמים ולכל האזרחים. ואנחנו נדאג לכך.",1,
288535,2015-05-19,התיישבות,"אדוני היושב-ראש, באתי לדבר על אום-אלחיראן, אבל לפני כן – אני הקשבתי לדברי אחת מחברות הכנסת, שדיברה על הפליית הנוצרים בקרב העם הפלסטיני. בשביל לנסות להרגיש עד כמה זה אמין, חשוב לי להבין את עמדתה לגבי העקורים הנוצרים, למשל באקרית, בירעם, אלדאמון, סוחמתא, אל-בירווה: האם היא בעד שיבתם, או שהיא בעד להמשיך להפלות אותם לרעה? האם היא באמת בעד שוויון אזרחי, שוויון לאומי ושוויון דתי בין כל האזרחים במדינה, כמו שאנחנו בעד, או שאין גבול לצביעות? בנושא אום-אלחיראן – זה נושא שכל כך רובץ על החזה, כל כך כואב לנו. אני זה שלושה ימים מתרוצץ ממשרד למשרד, מנסה לדבר עם שרים, עם חברי כנסת, מנסה להסביר להם: איך זה ייתכן? איך יכול להיות שאנשים שהמושל הצבאי החליט להעביר אותם מהאדמות שלהם – להפקיע את האדמות שלהם, להעביר אותם למקום אחר, עכשיו באים אליהם, אחרי 60 שנה, ומבקשים לעקור אותם שוב? לא כי, למשל, יש מפגע סביבתי, לא בגלל בעיה תכנונית, אלא בשביל להקים יישוב יהודי – –

– – חדש באותו מקום. אנחנו ניאבק על זה. איך אנחנו נעשה את זה? מחר יש לנו הצעה לסדר-היום, ואני אפרט. תודה.",1,
288629,2015-05-20,התיישבות,"אדוני היושב-ראש, חברי חברי הכנסת וחברות הכנסת, כמה עוול אפשר לעולל לכפר קטן אחד? אני מדבר על הכפר אום-אלחיראן, משפחת אבו אלקיעאן. המשפחה הזו הועברה בשנת 1948 למקום סמוך, ובשנת 1956 המושל הצבאי החליט לעביר אותם שוב למקום חדש, המקום הנוכחי, אום-אלחיראן. הם נמצאים שם כבר 60 שנה, קצת יותר. המדינה טענה שהם לא בני רשות, שהם מסיגי גבול. אבל בית-המשפט דחה את התביעה הזו והוא קבע שהם בני רשות והם לא מסיגי גבול. בדרך כלל מאשימים את הערבים בנגב שהם מסיגי גבול; הפעם זה לא. הטענה השנייה היא שאי-אפשר לאשרר, אי-אפשר לעשות לגליזציה. הפעם אפשר. כי במקום אום-אלחיראן רוצים לבנות יישוב יהודי בשם חירן. כלומר, מבחינת יישוב, גברתי שרת המשפטים, אפשר לבנות יישוב שם, אין בעיה תכנונית. עכשיו, לפני שבוע, בית-המשפט קבע שאכן הם צודקים, הוא מבין זאת, אכן יש פגיעה – ברוב דעות, שניים מול אחד, קבע שצריך להוציא אותם משם. אז אפשר להתגונן ולהגיד: מה אפשר לעשות? בית-המשפט קבע. דרך אגב, במקרים אחרים, כמו בירעם ואקרית, אכן בית-המשפט קבע, אבל אפשר אחרת. עכשיו אני מדבר גם כמשפטן; יש צד שזכה וצד שהפסיד, אבל גם הצד שזכה נמצא פה, הממשלה. בן-אדם, צד שזכה, יכול להגיד אני זכיתי, אבל לפנים משורת הדין, בגלל x, y,z , אני יכול לוותר, או אני מקבל עמדה אחרת. חכמים אמרו פעם, שהצדק יותר חשוב מהחוק. עכשיו, שופט, פותח את ספר החוקים, אומר: זה החוק, אין לי ברירה. אבל פה יש ברירה, כי זו הממשלה, והממשלה יכולה ללמוד איך לפתור את הבעיה הזאת. לפי אליקים רובינשטיין, שצידד בעמדה שצריך להוציא אותם מהמקום הזה – אליקים רובינשטיין אמר כך: לדעתנו ראוי שהמשיבה תשקול, באורח מתאים והוגן, שאותם תושבים יקבלו הטבה מסוימת במסגרת מכרזי השיווק ביישוב החדש חירן, כלומר להישאר במקום. אליקים רובינשטיין. דפנה ארז אמרה: בעניין זה המדינה התבססה על מידע מוטעה, שלפיו המבקשים הם מסיגי גבול. גרוע מכך, המדינה לא חזרה ושקלה את אחריותה משהתגלו העובדות לאשורן. כלומר, מבחינת השופטים הם לא מסיגי גבול, והם מבקשים מאתנו לשבת ולדבר ולבדוק אופציות, בין היתר שהם יישארו במקום. אני רוצה להגיד לך, גברתי שרת המשפטים – – –

נכון, אבל להישאר במקום שלהם, נכון? כבוד השר בני בגין, אתה קראת את פסק-הדין. הם יכולים להישאר במסגרת היישוב המתוכנן, נכון? אמרתי אמת? נכון? מדויק? יופי.

אדוני השר, בוא נחליט כך, שאנחנו עכשיו פותחים הידברות. אנחנו רוצים לשבת אתכם. אנחנו רוצים לדבר. כי זה כל כך כואב.

גברתי שרת התרבות – – – אני בין היתר מדבר על פסק-הדין עצמו, שאומר שהם לא מסיגי גבול, שאפשר אחרת, לבדוק אופציה שהם יישארו במקום שלהם ולהרחיב את היישוב, לתכנן משהו.

אני רוצה להגיד ולסיים כך, אדוני היושב-ראש, פה אום-אלחיראן – הכול ריק, הכול ריק חוץ מהמקום הזה. אז הם עוזבים את כל המקומות, באים למקום שיש בו ערבים ואומרים להם: סליחה, תעזבו את המקום הזה, אנחנו רוצים לבנות יישוב יהודי בשם חירן. דבר כזה אנחנו לא יכולים לקבל. אני מבקש שנפתח בהידברות כבר מעכשיו. תודה.

גברתי שרת המשפטים, שלוש הערות. ההערה הראשונה, את לא הזכרת שהם הפקיעו את האדמות שלהם בשנת 1956, כלומר, אלה לא אנשים שקפצו מהירח למקום הזה. ההערה השנייה – מה שלא אמרת הוא שההצעה של בית-המשפט היא לתת להם זכות קדימה, שהם יגורו בחירן, כלומר לא כמו שהצעת את – לא כמו שהצעת, להידבר איך לפנות אותם, איך לעקור אותם תוך הידברות, אלא לדבר – איך הם יישארו שם. זאת אומרת, זאת המהות של פסק-הדין. לכן אני מציע להעביר את הנושא הזה לוועדת הפנים, בבקשה.",1,"The speech strongly opposes the establishment of a Jewish settlement at the expense of the Arab residents of Umm al-Hiran, emphasizing their rights and the injustice of displacement."
291760,2015-07-29,התיישבות,"אדוני היושב-ראש, חברי חברי הכנסת וחברות הכנסת, אדוני היושב-ראש, בוא נתחיל בזה שהשם שלי איימן עוֹדֶה ולא עוּדָה. תנסה להגיד את זה.

מה זה היימן? מה, שם אשכנזי? סי היימן, למשל?

כל הכבוד. הפעם הצלחת. יופי, כל הכבוד. כן, תודה רבה.

סמוטריץ – מה, זה – – – דרך אגב, מי שיודע את השפה של האחר הוא מרוויח מזה. לכן, גם יהודים צריכים ללמוד ערבית. פהמת עלי?

אבל לא מהמקום של דע את האויב, אלא ממקום של תרבות נוספת – – –

מישהו אמר פעם שבתוך כל בן-אדם יש גזען קטן. אני מאמין גם שבתוך כל גזען יש בן-אדם קטן, צריך לדבר אליו.

לגבי התכנון והבנייה – אני ביקשתי לדבר, ואני רוצה להציג את הבעיה הקשה של האוכלוסייה הערבית. מאז שנת 1948 לא נבנה יישוב ערבי אחד בגליל ובמשולש, ממש אפס, ותוכניות מתאר לא חודשו. חלקן לא חודשו זה 30 שנה. ""צוות 120 הימים"" קבע שהאפשרות הייתה של הממשלה – קבעה בצורה חד-צדדית שלא מאשררים תוכניות מתאר, לא מרחיבים אזורי שיפוט. ואני פעם אמרתי שהמצב הזה הוא כמו חליפה שאתה קונה לילד בן עשר אבל היום הוא בן 30. ואתה רוצה להלביש לו את החליפה בכוח, אז היא תיקרע מפה וגם תיקרע מפה. בשביל לפתור את הבעיה, אנחנו הגשנו – – –

בשביל לפתור את הבעיה אנחנו הגשנו הצעה קונקרטית. אמרנו שיש 50,000 בתים לא מוסדרים בקרב האוכלוסייה הערבית. אם אנחנו נמשיך במצב הזה, ניפגש בקדנציה הבאה, ויש 55,000 בתים לא מוסדרים. אז אנחנו צריכים להגיע לפתרון לבעיה הזו. ההצעה הקונקרטית שלנו – להקים ועדה; חלקם מקצועיים מטעם הממשלה, חלקם מקצועיים מטעמנו. והוועדה הזו תלמד את הנושא, תלמד את סוגיית תוכניות המתאר ואזורי השיפוט, והיא תגיש המלצות. אם נצליח לעשות את הצעד הזה אנחנו נפתור בעיה כואבת ולחוצה זו, ויפה שעה אחת קודם. תודה רבה.",3,
296351,2016-01-20,התיישבות,"אדוני היושב-ראש, חברי חברי הכנסת, נציג הממשלה, מהי העיר בלי האנשים, אמר שייקספיר. ואנחנו, האוכלוסייה הערבית, שאיבדה את העיר אחרי הנכבה הנוראית בשנת 1948, לא נשארה לנו עיר. והעיר היא לא רק מספר התושבים, העיר היא יותר מזה: היא הרוח העירונית והרוח האינדיבידואלית. בעיר לא חשוב בן מי אתה, למי אתה שייך מבחינה משפחתית, מבחינה עדתית, אלא העיקר זה הבן-אדם. העיר היא הרוח האינדיבידואלית. ואנחנו איבדנו את הכפר – את הירק, את קולות הציפורים, את המחזה הפסטורלי – ולא הרווחנו את העיר. לא עיר של בתי-דפוס ומפלגות, בתי-קפה של המשכילים. אנחנו חיים בכפרי בטון צפופים. לכן מן הראוי להקים עיר ערבית חדשה. כאשר מדובר על עיר ערבית, צריך לזכור שמאז שנת 1948 עד עכשיו, אדוני היושב-ראש, המדינה הקימה 700 יישובים חדשים, כולם של יהודים, ואפס יישובים של ערבים בגליל ובמשולש, ממש אפס. אתה לא יכול ונציג הממשלה לא יכול להגיד לי שהוקם יישוב ערבי אחד מאז שנת 1948 בגליל ובמשולש, בחוף או במרג' אבן עאמר, מה שנקרא עמק יזרעאל. וזו זכות. לכן לפני כמה שנים התחילו לדבר על עיר ערבית. פתאום הציעו מקום מסוים ליד ג'דיידה-מכר, שנקרא טנטור. בוודאי זה לא הוקם, אבל המקום המוצע הוא על אדמות פרטיות של אנשים ולא על אדמות של המדינה. וזכותנו גם לחשוש מהמטרות של המקום הזה. כנראה הערבים נוהרים – והמילה הזו, נוהרים, היא מילה קשה – נוהרים לעכו, לנהריה, לכרמיאל, שזה יישוב שהוקם לטובת הייהוד, אז אולי צריך להקים משהו לערבים בשביל לשאוב את הערבים ולהשאיר את המקומות הללו עם רוב יהודי מוצק. אם יש היגיון בהקמת עיר, אז הוא צריך להיות בשיתוף פעולה. אנחנו נציגי האוכלוסייה הערבית – הקמת עיר חדשה זה דבר שהוא כל כך חיובי, כל כך נכון, כל כך בכיוון הנכון, אז בואו נעשה את זה ביחד, לא על אפה וחמתה של האוכלוסייה הערבית. איך זה יכול להיות אם זה דבר חשוב ובכיוון הנכון? ב-30 בחודש האחרון, דצמבר, התקבלה החלטה חשובה: התוכנית הכלכלית. ואני רוצה להביע עמדה לגבי התוכנית הכלכלית. יש בה שני דברים חשובים ביותר: זה הכסף, המספר, וזה שינויי מנגנוני ההקצאה. אין ספק בזה. אין ספק בזה. יחד עם זאת, אחרי שהתקבלה החלטה, אולי בשביל לרצות את ציבור הימין, התחילו לדבר על תנאים. התנאים לא נמצאים בתוכנית עצמה, חוץ מתנאי אחד והוא הבנייה הרוויה. ואני רוצה להתייחס לבנייה הרוויה וגם להתייחס לשאר התנאים שלא התקבלו עד עכשיו אבל רק מדברים על זה בתקשורת. לגבי הבנייה הרוויה – יש כפר ויש עיר. כמו שיש עיר כמו תל-אביב, שיש בה בנייה רוויה, יש קיבוצים שהוקמו על אדמות שלנו, אף אחד לא מבקש שתהיה שם בנייה רוויה. ויש גם מושבים. אז הכפר הוא בטבעו כפר. כאשר מדברים על עיר, נשמח לדבר על שכונה חדשה עם תשתיות הולמות, עם מערכת חינוך, מסחר, וגם בנייה רוויה. מישהו חושב שאנחנו בטבענו מתנגדים לבנייה רוויה? מה פתאום. אני גר בבניין גבוה, אני גר בבנייה רוויה ואין לי בעיה עם זה. אבל זה לא צריך להיות דרך התנכלות פוליטית, בוודאי לא דרך הסתה. צריך להביא תוכנית מלומדת ולהגיד שבעיר מסוימת אפשר לבנות שכונה חדשה עם תשתיות הולמות, כי זה עוד יותר מכוניות, אז צריך תשתיות הולמות; זה עוד יותר ילדים, אז צריך מערכת חינוך הולמת; וגם מערכת מסחר. אבל בוודאי לא דרך התנגחות פוליטית. אז זה התנאי היחידי שנמצא בתוכנית. לגבי תנאים שדובר עליהם בתקשורת אבל הם לא קיימים בתוכנית, אני גם רוצה להתייחס. לגבי האכיפה – הריסת בתים לא מורשים – אתם יודעים, חברי הכנסת וחברות הכנסת, סגנית השר ציפי חוטובלי, יש 50,000 בתים ערביים שנבנו ללא רישיון, ללא היתר. אז מה, המדינה רוצה לבוא עכשיו ולהרוס 50,000 בתים? זו מלחמה. חיפשנו מה כן. לכן נפגשנו עם ראש הממשלה והגשנו הצעה קונקרטית: במקום שאנחנו נבנה 30 בתים ללא היתר כל שלושה חודשים, והמדינה תהרוס בית כל שלושה חודשים, כמו שהיא הורסת היום, ההצעה שלנו אומרת שבמשך שנה וחצי המדינה לא תהרוס בתים – כלומר שישה בתים, לא יותר. נוציא הודעה לציבור שלנו: אל תבנו ללא היתר בתקופה המסומנת; ואנחנו מקימים צוות מקצועי שילמד את הסוגיה הזו, וילמד איך תיעשה לגליזציה לבתים הבלתי-מורשים. בינתיים לא קיבלנו תשובה. כי אנחנו לא מקבלים תשובות על הצעות מלומדות, ענייניות, שאנחנו מגישים. לגבי הסוגיה הזו, אני רוצה להתייחס לצפיפות בקרב האוכלוסייה הערבית. והדבר הזה נותן תשובה גם לבנייה הרוויה וגם לאכיפת החוק בסוגיית הבתים הבלתי-מורשים. אני רוצה להמחיש את הנושא של הצפיפות במתן דוגמה אחת, של הכפר תמרה, או העיר תמרה והעיר צפת. שתיהן נמצאות במחוז צפון. בעיר תמרה יש 30,000 תושבים, בצפת – 31,000 תושבים. תחום השיפוט של תמרה – 29,000 דונם; בצפת – 29,000 דונם. אבל מה ההבדלים? למשל, בנייה קיימת לתעשייה בעיר תמרה זה 9,100 מ""ר, לעומת 64,000 מ""ר בצפת. 9,000 מ""ר בתמרה, לעומת 64,000 מ""ר בצפת. לגבי הצפיפות, לפי תוכנית המתאר, בשנת 2030 יהיו בתמרה 10.7 אנשים לדונם אחד, לעומת 5.7 תושבים לדונם אחד בצפת. זוהי האפליה. על זה, גם הנכבה בשנת 1948, גם הצונאמי של הפקעות האדמה בשנות ה-50 וה-60 וה-70, גם אי-מתן הרחבה באזורי השיפוט ואי-אשרור תוכניות מתאר – ואחרי כל זה באים ואומרים שהערבים בונים בצורה לא חוקית. לכן צריך לפתור את הבעיה מהשורש ולתת זכויות באדמה ועל האדמה לאוכלוסייה הערבית במדינה. לפי התוכנית של הממשלה, הזרקורים מופנים לכיוון התעסוקה, ואנחנו מברכים על כך. מה זאת אומרת אנחנו מברכים – אנחנו נאבקנו. ישבנו עם האוצר 70 ישיבות, עם שר האוצר – 20 ישיבות. אנחנו רצינו את זה, אבל אנחנו רוצים גם שהעובדים לא יהיו עבדים. שיחזרו למקום יאה, מקום שאפשר לחיות בו, ולא ליישובי גפרורים. לכן נאבקנו עם הרשויות המקומיות והצלחנו להשיג תוכנית חומש של 2 מיליארד שקלים – 750 מיליון שקלים לבנייה, 750 מיליון שקלים לפיתוח, 200 מיליון שקלים מענקי איזון חד-פעמיים, וכל מיני דברים פה ושם – –

– – אבל, ודאי שזה עוד לא מספיק. עכשיו, אני רוצה לסכם, אדוני היושב-ראש. כאשר בונים עיר זה צריך להיות בהסכמה, כי זה דבר חיובי. לכן אי-אפשר להחליט על בניית אזור מסוים על אפם ועל חמתם של התושבים. לכן, אדוני, סגן השר, אני מציע לך: בוא נחליט עקרונית שאנחנו הולכים בכיוון הזה ובוא נשב ביחד, אולי נמצא פתרון הולם וצודק. תודה רבה.

תודה רבה לך, אדוני סגן השר. אולי זו הזדמנות גם להגיד מילה על שר הפנים אריה דרעי. אנחנו, חובתנו להגיד את האמת, אפילו אם היא לא פופולרית לפעמים. אריה דרעי, כאשר היה שר הפנים בשנות ה-90, היה שר הפנים הטוב ביותר, לטובת האוכלוסייה הערבית, מאז 1948 ועד שנות ה-90. אנחנו זוכרים לו את זה.

האם זה היה מספיק? ודאי שלא. אבל אנחנו רוצים שהוא ימשיך באותו כיוון ביתר שאת, כי הבעיות היום הן יותר קשות. אבל גם אנחנו יודעים שיש הבדל בין תקופת שנות ה-90 לבין התקופה הזו, בין הממשלה שהייתה לבין הממשלה הזו, שהיא הימנית ביותר והגזענית ביותר מזה 20 שנה לפחות. אבל בכל זאת, בוא נסכם ביחד, כמו שאמרת – אנחנו מחפשים עיר. כולם יודעים שהמדינה הקימה 700 יישובים, כולם ליהודים ואפס לערבים. וזו זכות של האוכלוסייה הערבית. לכן, להקים עיר על אפם ועל חמתם של האוכלוסייה הערבית ונציגיה או במשא-ומתן – אז הדרך הזו של משא-ומתן, חברי ברשימה המשותפת – ואני מדבר אל כל חברי הבית הזה – משא-ומתן, נדבר ביחד, נמצא פתרונות ביחד, ונדחה את ההצבעה למועד אחר. תודה רבה לך.",1,
299284,2016-03-28,התיישבות,"אדוני היושב-ראש, חברי חברי הכנסת וחברות הכנסת, קודם כול, תודה רבה שנתת לי לדבר.

אדוני היושב-ראש, חברי חברי הכנסת וחברות הכנסת, מה לא עשו בשביל להוציא אותנו מהמשחק הפוליטי, מה לא אמרו עלינו. אחת מהאמירות, למשל, שאנחנו מתעסקים בסוגיה הפלסטינית ופוסחים על הסוגיות שלנו אנחנו. כך מנסים להסית את הציבור שלנו נגדנו; אנשים שמתעסקים יום-יום בסוגיה הפלסטינית, מקדמים התנחלויות, מחזקים צבא, מחזקים מה שנקרא ""ביטחון"", פוגעים באוכלוסייה הפלסטינית יום-יום, לוקחים את הכסף שלנו, כסף המסים שלנו, של כולנו, ושמים אותם בשטחים הכבושים, הם אלה שמאשימים אותנו שאנחנו פוסחים על הסוגיות שלנו ואנחנו מטפלים אך ורק בסוגיות של העם הערבי הפלסטיני. העלו את אחוז החסימה, ביום הבחירות דיברו על ""ערבים נוהרים לקלפיות"" – מנסים כל הזמן בכל האמצעים למנוע מאתנו להיות מיוצגים בבית הזה. הם לא הצליחו ובבחירות האחרונות הגענו ל-13 מנדטים. אז צריך דרך מקורית, דרך מבריקה. מצאו את הדרך שחברי כנסת יכולים להדיח חברי כנסת אחרים, שאנשים מהימין יש להם את הזכות להדיח אותנו מהפרלמנט. אנחנו נבחרי העם ולא הנבחרים שלהם. ומה הטענה? דמוקרטיה מתגוננת. מהי דמוקרטיה מתגוננת? זוהי תפיסה תיאורטית שבאה בעקבות הרפובליקה של ויימאר. אבל צריך לזכור שהייתה רפובליקה שניצח בה צורר, אויב שהוא יותר נגד האנושות כולה, שקידם פאשיזם, שכבש, קידם מלחמות, בוודאי לא מדובר על אנשים שהם שוחרי שלום, שוחרי דמוקרטיה. ומהי דמוקרטיה מתגוננת? ומהי הפגיעה הקשה ביותר בדמוקרטיה אם זה לא הכיבוש עצמו? כי עם שמשעבד עם אחר אינו יכול להיות עם חופשי. מהי הדמוקרטיה המתגוננת? מהי הפגיעה העיקרית בדמוקרטיה הישראלית? מהו החור השחור? הוא האפליה נגד האוכלוסייה הערבית. לכן, יש שיח פוליטי; יש אנשים שמאמינים בדרך הזו שדיברתי עליה עכשיו, ויש אנשים שמאמינים בדרך אחרת. אז מנהלים פרלמנט, מדברים בפרלמנט, מנהלים שיח, אבל לא מחליטים להדיח קבוצה אחרת. אז אני קורא לימין, אומר להם: מי שמך, מי נתן לך את הזכות הזו? הציבור בחר בנו, הוא עוד ימשיך לבחור בנו. לכן אני רוצה להגיד, לא רק לחברים באופוזיציה, אני רוצה לפנות אליך, אדוני השר גלנט.

אני רוצה לפנות אליך, אני רוצה לפנות לח""כים החרדים ולהגיד להם שעכשיו זה אנחנו, אבל בעוד שנה או כמה שנים זה יגיע לאנשים אחרים. יש אנשים, ראש הממשלה בעיקר – –

– – רוצה פרלמנט על טהרת היהודים, כי הוא מחפש רוב של 51% מהיהודים. במידה שאנחנו נהיה לגיטימיים הוא יצטרך לשכנע יותר מ-65% – –

– – מהיהודים. לכן הוא בדרך הזו רוצה לשמור על כיסאו. לכן אני קורא לחברי הבית להדיח את חוק ההדחה. תודה.",1,
301968,2016-07-18,התיישבות,"כבוד היושב-ראש, כבוד ראש הממשלה, בהתחלה אני רוצה להודות לך, כבוד היושב-ראש, על החידוש הפרלמנטרי החשוב הזה, של לשאול את כבוד ראש הממשלה. אדוני ראש הממשלה, אתה מכהן בתפקידך כבר שבע שנים ברציפות. בתקופה הזאת המדינה הרסה את הכפר אל-עראקיב 100 פעמים. האם שמעת על הכפר הזה, כפר אל-עראקיב, בכלל? ושאלתי אליך – הכפר הזה, כמו כל הכפרים הלא-מוכרים בנגב, נכון שאין להם טאבו, אבל האדמה בבעלותם מלפני שנת 1948, מסיבה כל כך אובייקטיבית, שהמנדט הבריטי התחיל לחלק את הארץ לגוש וחלקה משנת 1932, ועצר בשנת 1939, עם תחילת מלחמת העולם השנייה. כשקמה מדינת ישראל, הנגב לא היה מחולק לפי גוש וחלקה, אז לא היה טאבו לאנשים, אבל האנשים היו שם, ויש הסכמים ביניהם, בין היתר בכפר אל-עראקיב. אני חושב שכבודו צריך לחשוב – אם 100 פעמים הרסנו את הכפר, ואנשים אחזו באדמה ובנו את הכפר שוב ושוב, 100 פעמים, אולי צריך לחשוב בכיוון אחר? אני רק רוצה לספר לך, אדוני, שהיום המשטרה פלשה אל הכפר הזה ועצרה שני ילדים בגיל 12 שנה. מעשה איום ונורא. אני בטוח שאנשים הגונים צריכים לחשוב בכיוון אחר לגמרי – להכיר בכפר הזה. תודה.",1,"The speech strongly criticizes the destruction of the village and advocates for recognition of its inhabitants' rights, opposing the settlement policies."
302798,2016-08-01,התיישבות,"אדוני היושב-ראש, חברי חברי הכנסת וחברות הכנסת, גברתי שרת המשפטים איילת שקד, חשוב לי שתשמעי אותי, בבקשה. טוב, יש שתי גישות: יש גישה אזרחית דמוקרטית ויש גישה לעומתית, גזענית, לא מחפשת הסכמה, פשרה, לא מנסה להבין בשום פנים ואופן, וזוהי הגישה של הממשלה. גברתי שרת המשפטים, חשוב לי שתשמעי מה אנחנו מציעים. גברתי, ישנם 50,000 בתים לא מורשים בקרב האוכלוסייה הערבית. אנחנו מציעים כך – המדינה הורסת בית כל שלושה חודשים בערך, ואנחנו בונים 30 בתים לא מורשים כל חודש בערך. אם נמשיך כך, אפילו אם תהרסו 30 בתים, 40 בתים, 50, 60, 70 בתים – המצב יישאר על כנו. כך לא פותרים בעיה. אז מה אני מציע לך? מה הצענו לשרים? מה הצענו לראש הממשלה? שהמדינה תחליט על הקפאת הריסה במשך שנתיים, ואנחנו נקיים כינוסים בכל היישובים הערביים, אנחנו יחד עם ראשי מועצות מקומיות נבקש מהם לא לבנות ללא רישיון במשך שנתיים. אני חושב שהגישה הזו היא גישה של win-win situation, היא גישה טובה לכולם. ותוך השנתיים הללו מקדמים תוכניות מתאר ולגליזציה לכל הבתים הלא-מורשים, כי כולם מבינים מאיפה הבעיה: הבעיה היא שהמדינה בנתה 700 יישובים חדשים משנת 1948 עד עכשיו, כולם ליהודים, ואפס לערבים; המדינה הפקיעה את האדמות שלנו, במיוחד בשנות ה-50 וה-60, ולא אישרה תוכניות מתאר במשך 20 שנה. היה פה שר פנים, אלי ישי, שאמר: אני מטעמים אידיאולוגיים לא מאשר תוכניות מתאר ליישובים ערביים. אז נוצרה בעיה אובייקטיבית. לא עבירה כתוצאה מעבריינות, אלא פשוט מאוד אנשים מחפשים קורת גג.

אבל הממשלה הולכת בגישה לעומתית, בגישת אנטי, שלא תיטיב עם אף אחד. אני מסכם, אדוני היושב-ראש. חברי חברי הכנסת מהרשימה המשותפת, אנחנו צריכים ללמוד ברצינות, לבקש מאנשים שיעשו מרי אזרחי, כלומר לא ישלמו את הקנסות, ואנחנו נהיה מוכנים לשלם את המחיר. כן, לא לשלם את הקנסות, אפילו שייכנסו לבתי-סוהר. זו הזמרת פיירוז שאמרה – –

– – (אומר בערבית ומתרגם:) אין בתי-סוהר שיכולים לכלול את כל האנשים. כנראה אנחנו צריכים להתמודד בצורה הזאת. תודה רבה.",1,
303887,2016-11-07,התיישבות,"אדוני השר אריה מכלוף דרעי, ברצוני להתייחס לתופעת הבנייה הלא-מורשית בקרב האוכלוסייה הערבית. הממשלה מנסה לקדם חוק, חוק קמיניץ, שבעצם מטרתו להרוס כמה שיותר בתים ערביים. אני חושב שיש דרך אחרת, יותר טובה לכולם. אתה יודע שמאז קום המדינה, משנת 1948 עד עכשיו, המדינה בנתה 700 יישובים חדשים, כולם – אבל כולם – ליהודים, ואפס יישובים חדשים לערבים: שוויון למהדרין. עכשיו לא מאשרים תוכניות מתאר, ותוכנית המתאר – כמו חליפה שמלבישים לצעיר בן 15, היום הוא בן 30, בכוח רוצים להלביש לו את החליפה – אז היא נקרעה מפה ומפה. זו בעיית הבתים הלא-מורשים בקרב האוכלוסייה הערבית. אנחנו מציעים כך – בשם הרשימה המשותפת, בשם ועדת המעקב, בשם הוועד הארצי לראשי הרשויות המקומיות הערביות, שאנחנו נפנה לציבור שלנו ונבקש מהם לא לבנות ללא אישור, בשום פנים ואופן, במשך שנתיים. הממשלה תחליט – אני, הממשלה, לא הורסת במשך שנתיים. עכשיו, מה קורה בפועל? כשאנחנו בונים משהו כמו עשרה בתים לא-מורשים כל חודש, והמדינה הורסת בית אחד כל שלושה חודשים – את הדרך הזאת כולם מבינים, ויכולים להרוס לא רק בית אחד, שלושה בתים ועשרה בתים. אבל אנחנו מדברים על 50,000 בתים לא-מורשים. אז אני מציע שנלך בכיוון הזה, ואנחנו נשב פעם אחת בכל שלושה חודשים, נראה אם אנחנו עומדים בהתחייבות שלנו והממשלה עומדת בהתחייבות שלה – אז ממשיכים. כל שלושה חודשים יש חלון, אם כולנו עומדים בהסכם, אז ממשיכים. כך אנחנו נפתור את הבעיה הקשה הזאת. כבוד הרב, אני רוצה לספר לך סיפור מהגמרא.

סיפור יפה מהגמרא, אני רוצה לספר לכבוד הרב.

הוא אוהב את זה, הוא אוהב את זה, אז – – –

אחד תעה בדרך ביער ומצא מישהו אחר. שאל אותו: איפה הדרך הנכונה? והאחר השיב לו: אני לא יודע, אבל פה אני הייתי, וטעיתי, אל תלך בדרך הזאת. אז לפחות הדרך שכולנו ניסינו, שלא נלך בה עוד פעם. תודה רבה.",1,
305040,2016-12-05,התיישבות,"אדוני היושב-ראש, חברי חברי הכנסת, חברות הכנסת, שמעתי פה שהממשלה צפצפה על תקנון הכנסת. מה זה תקנון הכנסת עבור הממשלה הזאת? היא צפצפה על החוקים, על בג""ץ, על החוק הבין-לאומי, אז מדברים על תקנון הכנסת?

אז הממשלה מביאה את חוק ההסדרה לקריאה טרומית, ואני חושב על חטא היוהרה, על המנגנון להריסה עצמית. אולי זו הפעם הראשונה שאני מסכים עם ראש הממשלה, שאמר שהחוק הזה עוד יביא אותנו להאג. אני חושב, אדוני ראש הממשלה, שאתה צודק. החוק הזה אכן עוד יביא אותך, וחלק מהשרים, להאג, כי זה פשע נגד החוק הבין-לאומי.

על חוק ההסדרה אני מדבר. אני מציע שיתחילו לשכור עורכי-דין, כי יעבדו קשה מול בית-המשפט הבין-לאומי בהאג. אבל אני חושב שזה גם כואב ומצער מאוד, שזה לא רק פשע עבור בעלי הקרקעות הפלסטינים. זה פשע עבור כל בן-אדם שחולם שיהיה פה שלום. וכולם מבינים מהו הבסיס של השלום – הקמת מדינה פלסטינית לצד מדינת ישראל. ועוד מדברים על הסדרת עמונה והתנחלויות, שכולן לא חוקיות, בזמן שרוצים לפנות את אום-אלחיראן, בשם החוק. התושבים נמצאים שם משנת 1956, לפי החלטת הממשל הצבאי, ובית-המשפט העליון קבע שהם בני רשות והם לא פולשים. בזמן שמדברים על החלטות בג""ץ, אני נזכר באקרית ובירעם. כל כך הרבה פשעים שקורים במקום הזה, ועוד מדברים על מה? על תקנון הכנסת. הממשלה הזאת פושעת בחוקים מקומיים, בחוקים ישראליים, בחוקים בין-לאומיים, ועוד מדברים על תקנון הכנסת, שכל כך פוגעים בו על ימין ועל שמאל ביום הזה. תודה.",1,
305709,2016-12-20,התיישבות,"אדוני היושב-ראש, תודה רבה לך, חברי חברי הכנסת, שמעתי הרבה מהנאומים לגבי התקציב הבא, ודומני שלמעט הרשימה המשותפת אף אחד לא התייחס לתיק הגדול ביותר, הוא תיק הביטחון. כנראה זו הפרה הקדושה שאף אחד לא מנסה לבדוק, לחשוב אם זו היא גזירת הגורל או שזו מדיניות מטעם הממשלה. אני, אולי גם בהיותי אזרח ערבי במדינה, מבין ומרגיש, וגם הרגשתי בעבר, את הקשר בין המדיניות הביטחונית ובין המדיניות התקציבית, לרבות בתיקים כמו הרווחה, הבריאות והרשויות מקומיות. אני אמרתי שכבר הרגשנו, כי אני זוכר את תקופת אוסלו; זוכר את התקופה שהמעיטו בביטחון היתר, כי כולנו רוצים ביטחון אמיתי ואף אחד לא התנגד לביטחון אמיתי, אבל הרגשנו כאשר לא מעבירים עוד יותר כסף לביטחון שהוא לפי מדיניות, אלא מעבירים אותו לטובת האזרחים המוחלשים; כולם חווינו והרגשנו איך שהאזרחים הפשוטים יכולים ליהנות מכסף זה. והשבוע הזה, בצל מה שקרה עם עמונה, שדיברנו עליה במשך חודשיים – במקום לדבר על תקציב של כ-400 מיליארד שקלים אז מדברים על עשרה בתים במשך חודשיים שלמים. אוי ואבוי, אוי ואבוי, כמה הפטריוטיזם הוא מפלטו האחרון של הנבל; כמה אפשר להמחיש ולראות בעינינו את האמירה הנכונה הזו. הכי קל, במקום לדבר על כלכלה, על תקציב, על חיי היום-יום של האנשים – מה עוד? מאשימים את חברי הכנסת הערבים שהם מדברים על השטחים יותר מאשר על הסוגיות של האזרחים עצמם. זו הממשלה שלא מדברת – היא עושה. חלקה חי שם, בהתנחלויות; מעבירה את הכסף שלנו, של משלמי המסים, לשטחים הכבושים. הם עושים, ומאשימים אותנו, אותנו, שאנחנו מטפלים בסוגיות של השטחים במקום לטפל בסוגיות של האזרחים שלנו. מה שהכי נורא זה שיש כסף. חברים, יש כסף במדינה, אבל הממשלה מחליטה לשים אותו בידיים של העשירים ביותר. אתם שומעים טוב: לוקחים ממי שאין ונותנים למי שאין. אתם, שרי הממשלה, החלטתם אתמול שאפשר לקצץ בבריאות, לקצץ ברווחה, לקצץ בהשכלה הגבוהה, אחרי שהגשתם לכנסת תקציב. ברגע האחרון קיצצתם מיליארד ו-200 מיליון שקלים, כי צריך, לדעתכם, כסף לדברים אחרים: 150 מיליון שקלים כדי לפצות את מתנחלי עמונה, אלה שגזלו את האדמות, שגנבו את האדמות מאנשים פרטיים. אוי לבושה. לא מתביישים. איפה המוסר? איפה המוסר? אני נפגשתי עם בעלי אדמות מעמונה. נפגשתי אתם, האנשים הפשוטים, בעלי האדמות. אישה זקנה בעלת אדמה אמרה לי: זו האדמה שלי, גזלו לי את האדמה. יושבים על אדמות שבית-המשפט קבע שהן שייכות לבני-אדם אחרים. אתם מבטיחים לכל משפחה כזאת וילה של 180 מ""ר על הגבעה הסמוכה. אותם צריך לשקם, אבל לא חשוב, לדעתכם, לשקם בישראל את הקשישים, את הנכים, את החולים, את הנזקקים, את הילדים במצוקה; כל אלה לא חשובים. אני שמעתי שיש לנו שר חברתי ששמו משה כחלון. רבותי, הוא שר בממשלה ניאו-ליברלית. התקציב הוא ניאו-ליברלי לחלוטין, עם שר – אני מציע לקרוא לכחלון במקום ""השר החברתי"" – ""שר הנקודות החברתיות בתקציב הניאו-ליברלי"", כי יש לו נקודות חברתיות. למשל, מי שמגיע לגיל 18 מגיע לו 20,000 שקלים. נקודה חברתית טובה, אני תומך בה. ניצולי שואה, גם מהעולם הערבי – אני ערבי ותומך בה, כי להיות בן-אדם, בכל מקרה, בכל מקום – אז אני תומך. אז הנה, יש לנו שר של נקודות חברתיות. מצליח פה, מצליח שם; עוד הישג חברתי נחמד פה, הישג חברתי נחמד שם. אדוני, שר האוצר, זה תקציב של כמעט 400 מיליארד שקלים. זה לא 20,000, 2 מיליון, 200 מיליון, 700 מיליון. ויש עוד נקודה חשובה, ואני רוצה לדבר עליה: התוכנית הכלכלית עבור האוכלוסייה הערבית. חברים, אתם יודעים כמה אנחנו משלמים מדי שנה? חברתי אורלי, את יודעת שבמדינה לא יודעים שהערבים משלמים מדי שנה 36 מיליארד שקלים מסים? 36 מיליארד שקלים מסים. אני לא מדבר על עוולות העבר, על הפקעת האדמות, על כל העוול. אני מדבר על 36 מיליארד שקלים שאנחנו משלמים מדי שנה.

אבל כל האזרחים משלמים. לא, אני רוצה להוסיף משהו: אנחנו משלמים מסים אפילו פחות מהאחוז שלנו. אנחנו משלמים 11% מהמסים, ואנחנו 16% מהאנשים מעל גיל 18, כלומר צריך לשלם עוד יותר. אז עוד תעסוקה לערבים – עוד משלמי מסים; עוד תעסוקה לנשים הערביות – עוד משלמות מסים. זה טוב לאישה הערבייה, טוב לחברה הערבית, טוב לכלכלה בכלל; טוב לכל בן-אדם במדינה. לכן, אנחנו גם משלמים מסים, אבל גם יש פוטנציאל אדיר. אז, עם האנשים שמשלמים מדי שנה 36 מיליארד שקלים – הציעו לנו תוכנית כלכלית גרנדיוזית. האמת, אנחנו השפענו עליה, אין ספק בזה, ישבנו עם האוצר ושינינו פה, שינינו שם, השפענו. אבל מה התוכנית הזו? זו תוכנית ליברלית שמדברת על כסף טוב מבחינת האוצר. מה זה כסף טוב? זה כסף שמושקע וחוזר למדינה. אני בעד. אני בעד. win-win situation, בעד. אבל מה חסר בתוכנית הזו? לא רק שבשביל לסגור את הפערים צריך 64 מיליארד שקלים, לא רק, אלא הבעיה החברתית: שם לא תשמעו, לא גישה חברתית ולא גישה אזרחית. כלומר, לא תשמעו על רווחה, לא תשמעו על בריאות, חוץ משורה אחת: איחוד בתי-חולים בנצרת. אז אם לא יקרה איחוד, אז לא מגיעה בריאות לערבים? 25% מהחולים הם ערבים. לא תשמעו: זקנים, גמלאים, כי זה כסף לא טוב, זה כסף שלא חוזר, לא חוזר למדינה. אוי לרשעות; זה הכסף הטוב ביותר. זה הכסף האנושי, כסף הצדק החברתי, כסף שכן חוזר למדינה. אבל, תלוי מה התפיסה החברתית של שר האוצר, של משרד האוצר. כולנו יודעים מיהו מנהיג האוצר האמיתי, בנימין נתניהו עם המדינות הניאו-ליברלית הידועה שלו. ויש לנו שר נקודות חברתיות, שמו משה כחלון. חברים, מסיבות אלה אני קורא לכם להתנגד להצעת התקציב. תודה.",1,
306969,2017-01-25,התיישבות,"אדוני היושב-ראש, חברי חברי הכנסת, חברות הכנסת, אנחנו כולנו נמצאים במצב נפיץ מאוד ביחסי ערבים–יהודים; בקשר בין האוכלוסייה הערבית לבין מוסדות השלטון. יש מי שרוצה שכל היהודים יהיו נגד כל הערבים; יש מי שרוצה שכל הערבים יהיו נגד כל היהודים. אני חושב שאנשים אחראיים צריכים לבדוק אופציה שלישית שיהיו בה ערבים ויהודים יחד נגד הגזענות. אני הייתי שם באום-אלחיראן. אחרי זה עקבתי אחרי כל ההתרחשויות. ראיתי איך הרגו את יעקוב אבו אלקיעאן שלוש פעמים: בפעם הראשונה ביריות; בפעם השנייה כשהאשימו אותו שהוא חבר ב""דאעש"" – לא פחות. זה היה אחרי חמש דקות מהפגיעה בו, ואיך המפכ""ל אמר שהוא מחבל בן-עוולה בלי לבדוק את הדברים? כולנו יודעים שאדם זכאי עד שהוכחה אשמתו, אבל כנראה זה לא לערבים. לערבים לא עומדת חזקת החפות. ועדת אור קבעה שהמשטרה מתייחסת לערבים כאל אויבים ולא כאל אזרחים. ועדת אור גם קבעה שהמשטרה מטפחת תרבות שקר. זה לא שקר, זה יותר מזה – תרבות שקר; בפעם השלישית, כאשר החזיקו בגופה שלו. מאז 48' עד עכשיו המדינה לא החזיקה בזדון גופה של אזרח במשך חמישה ימים. לא מדובר על זכויות אדם ועל אנטיגונה – כנראה אנחנו רחוקים מהערכים הללו. אבל חשוב לי לומר לכם שאתמול הייתה ההלוויה, והלוויה גדולה מאוד, הלוויה של עשרות-אלפים. האם מישהו נפגע מזה? האם לומדים לקח מזה? האם מישהו עכשיו יושבים ואומרים: למה החזקנו את הגופה חמישה ימים? אני לא רואה שמישהו מהממשלה חושב בכיוון הזה. על יעקוב אבו אלקיעאן אני רוצה לומר כמה מילים של מחמוד דרוויש, ומטעמי כבוד גם אתרגם אותן לעברית, כי חשוב לי שגם אתם תבינו מה מחמוד דרוויש אמר. (אומר דברים בשפה הערבית ומתרגמם:) אני אתרגם לעברית. מחמוד דרוויש אמר: שמו על פיו שלשלאות ואת ידיו קשרו לסלע המתים. ואמרו: אתה רוצח. לקחו את מזונו ובגדיו ודגליו וזרקו אותו בכלא המתים ואמרו: אתה גנב. זרקו אותו מכל הנמלים, לקחו את אהובתו הצעירה ואמרו: אתה פליט. ואתה עם העיניים האדומות והכפיים, הלילה מסתיים. חדר המעצר לא ישרוד ולא השלשלאות. נירון מת, אך רומא לא מתה. בעיניה – היא נלחמת. וזרעי החיטה ייבשו, ויימלא העמק חיטה. זה מה שאר מחמוד דרוויש, וזה כל כך מתאים ליעקוב אבו אלקיעאן ולסיפור שלו. אני רוצה לספר לכם מה קרה לי. אני. אני חושב שאתם, בהיותכם חברי פרלמנט – זה צריך לעניין אתכם, כי זה חבר כנסת, זה המעמד שלו, זו החסינות. זה צריך לעניין כל אחד מכם. הייתי שם אחרי משא-ומתן מייגע עד השעות הקטנות בלילה. ביקשתי עוד יומיים. לא נתנו תשובה. הרגשתי שהם יבואו ויהרסו. חשבתי שאני, חבר כנסת – יכבדו אותי – אני יכול לנהל משא-ומתן בשטח. כשהגיעו השוטרים ניסיתי לדבר אתם. ממרחק אפס ריססו אותי בגז פלפל. ממרחק מטר אחד ירו עלי כדור ספוג פה על המצח. אחרי שנייה ירו בי על הגב עוד כדור ספוג. הייתי באמבולנס בדרך לבית-חולים. שמעתי בחדשות שהמשטרה אומרת שהמפגינים זרקו עלי אבנים. אתם לא צריכים להסכים שתהיה פה, במדינת ישראל, משטרה המשקרת במצח נחושה. אתם לא צריכים להסכים. זה מתחיל אצל הערבים, אבל זה לא עוצר שם. זה בדיוק כמו שקרה בכל מקום בעולם, גם בתוך מדינת ישראל: הסיתו נגד הערבים, זה הגיע עד לרצח של רבין; מסיתים נגד מיעוט – זה מגיע לשמאל, לקבוצה השולטת, בגדול. לכן זה עניין של דמוקרטיה, זה עניין של הפרלמנט וזכויות של חברי כנסת. אתם לא צריכים לקבל את הדברים הללו. אני ישר פניתי למכון לרפואה משפטית אבו-כביר, אמרתי להם: תבדקו אותי. אני רוצה דוח רשמי, אני רוצה דוח רשמי ממה נפגעתי. אני משער היום – אני לא יודע אם מחר, אני לא יודע אם בתחילת השבוע הבא, אבל אני אמור לקבל את הדוח הרשמי. אז מה תגיד המשטרה? מה יגיד ארדן השקרן? מה יגיד? שאני, יש לי דם על הידיים, כמו שכתב? שאני הסתּי? שאני פגעתי בשוטרים? כך הוא יגיד? חברים, אני רוצה לעבור לסוגיה העיקרית. תבינו אותי בבקשה. תבינו מה אני רוצה לומר עכשיו. אני לא טוען שיש במדינת ישראל מדיניות אפרטהייד. אני לא טוען זאת. אני לא אומר שיש במדינת ישראל מדיניות אפרטהייד. אני חבר כנסת – זה לא אפרטהייד; יש חברי כנסת – זה לא אפרטהייד; יש רופאים ערבים בבתי-חולים – זה לא אפרטהייד. אנחנו חלק מהכלכלה, למרות כל האפליה – זה לא אפרטהייד. אבל מדינה שבנתה 700 יישובים חדשים, כולם ליהודים ואפס לערבים; יש במדינת ישראל 930 יישובים שערבי לא יכול לגור בהם בגלל ועדות קבלה. אני הערבי יכול לגור בכל מקום בארצות-הברית, באירופה, באוסטרליה, באסיה, באפריקה. רק במולדת שלי יש 930 יישובים שאני לא יכול לגור בהם. יש גם כפרים בלתי מוכרים – אין מים, אין חשמל, אין מערכת חינוך. מסתכלים על האורות של הבקר, של החיות בקיבוצים ממול. אין להם חשמל. אין להם מים. אז תגידו לי, כאשר אנחנו יכולים לסמן במפה שאלה יישובים רק של ערבים ואלה רק של יהודים, זה segregation או לא? זו מדיניות אפרטהייד בתכנון ובנייה או לא? אז אני אומר לכם, אני לא יכול לטעון שבמדינת ישראל יש מדיניות אפרטהייד בין ערבים לבין יהודים, לא יכול, אבל בתחום התכנון והבנייה יש אפרטהייד ממוסד מטעם המדינה. אני אומר לכם, אני לא מאלה שממהרים לפנות לעולם. אני מאמין שהמאבק העיקרי הוא פה במולדת – ולא רק ערבים, לבד, זה צריך להיות ערבים ויהודים ביחד, למען הדמוקרטיה. אבל הגב שלנו אל הקיר. אין לנו לאן לחזור עוד יותר. אנחנו 20% מכלל האוכלוסייה, ומשתרעים רק על 2.5% מהאדמות בעקבות ההפקעות המסיביות של האדמות שלנו. לכן, אנחנו קוראים לציבור הרחב: בשבת הבאה אנחנו מקיימים הפגנה ענקית בתל-אביב. למה בתל-אביב ולא בנצרת? כי יש לנו מסר, יש לנו מסר להעביר את הזעקה הצודקת שלנו לרחוב, לציבור הכללי במדינת ישראל. אני פונה לציבור הרחב: תשתתפו אתנו. זה המאבק של כולנו למען מדינה דמוקרטית, אזרחית, שוויונית לכולם. תודה.",1,
308441,2017-03-06,התיישבות,"אדוני היושב-ראש, חברי חברי הכנסת וחברות הכנסת, אני התבוננתי במחזה כי רציתי להבין, וראיתי איך מתייחסים אלינו רק כאל ערבים ולא גם כאל אזרחים. כך ראיתי את דוד אמסלם. גם השר דרעי – למשל זוהיר בהלול דיבר, אז השר דרעי שאל אותו על סוריה. אני חושב שזה דבר פשוט מאוד לא נכון ביסוד שלו. אני חושב שכל מיעוט בעולם – מי כמו היהודים יכולים להבין את הדבר הזה – מיעוט הוא בעד שלום; מיעוט הוא בעד דמוקרטיה; מיעוט הוא בעד צדק חברתי; מיעוט הוא בעד סובלנות. זה לא סיפור של גנים. דרך אגב, דוד, יש לנו הרבה בעיות בתוך החברה שלנו – לא דמוקרטיים במיוחד בהרבה תחומים בתוך החברה שלנו. אני רוצה יותר שוויון לנשים בתוך החברה שלנו, אני לא רוצה יחסי חמולות. יש לי הרבה ביקורת עצמית, כלפי החברה שלנו. אבל בהיותנו מיעוט, אנחנו אלה שרוצים שלום, שוויון, דמוקרטיה. בקיצור, זה כל כך טוב לנו. השלום טוב לנו שבעתיים יותר מאשר ליהודים. הדמוקרטיה והשוויון טובים לנו יותר מאשר ליהודים. אני חושב שזה ברור, זה צריך להיות ברור. יש תירוץ לאפליה, למשל להסתכל עלי ולהגיד: ומה עם סוריה? אני אזרח במדינה. צריך להשוות את עצמי לשני דברים: 1. לערכים אוניברסליים; 2. לאזרח היהודי. אני לא מבקש להשוות את עצמי לא לסוריה, לא למקומות שיש בהם הרבה כסף, כמו הנסיכויות, כמו כווית, כמו קטאר, ולא לשווייץ. לא. לערכים בין-לאומיים אוניברסליים, וגם לאזרחים היהודים. אני חושב שזה דמוקרטי, זה שוויוני, זה אזרחי, זה fair enough, אבל במדינת ישראל יש תירוץ לאפליה, למשל: אבל זו מדינה יהודית, כמו שאמר דוד אמסלם עכשיו; אז תבינו, מדינה יהודית מפלה אתכם. או להגיד להם, למשל: אתם לא עושים את החובות שלכם; או להגיד למשל: תביא לו את ואדי-עארה. יש כל מיני אמירות איך לברוח מלענות על הדבר הכי בסיסי, שזה השוויון. אבל יתרה מזו, אני רואה איך הכיבוש הזה בועט בכל דבר שיכול להיות טוב. אני התבוננתי בסיפור של עמונה; במקום לדבר על תקציב של 280 מיליארדים, מדברים על הבתים של עמונה במשך חודשיים. לדבר על עמונה, כלומר לתקוף את בית-המשפט העליון; לדבר על עמונה, כלומר לתקוף את ""שוברים שתיקה"", את ""בצלם"" ואת העמותות; לדבר על עמונה, כלומר להרוס בתים של ערבים. כמה הכיבוש הזה מחסל כל מקום שיכול להיות טוב. ועכשיו מגיע סיפורו של החרם. אני הייתי לפני שבועיים בארצות-הברית. אני ראיתי שם אלפי יהודים שתומכים בחרם נגד ההתנחלויות. אלה אנשים לא נגד המדינה; אלה אנשים נגד הכיבוש. ואני נגד הכיבוש ובעד חרם על ההתנחלויות. ההתנחלויות הן פשע מלחמה – –

– – הן גנבת אדמה של אנשים פרטיים. אז העמדה היא לבקש מאנשים – להגיד שהם לא ייכנסו בגלל שהם מבקשים חרם על ההתנחלות? אז הכיבוש עוד יעשה מהמדינה מדינה מצורעת בכל העולם – –

– – וזה, כנראה, כל כך קרוב. תודה.",1,
309585,2017-04-05,התיישבות,"גברתי היושבת-ראש, חברי חברי הכנסת, לבי דואב על הילדים הנרצחים בסוריה, כמו שהוא נכלם למראות הילדים הנרצחים גם בתימן, גם בעזה. צריכה להיות עמדה ערכית נגד פגיעה – –

– – נגד פגיעה באזרחים. כל האזרחים, ובעיקר ילדים – –

– – ולא חשוב מה הצבע, מה הדת, מה הלאום. ילד זה ילד בכל מקום. גברתי היושבת-ראש, חברי חברי הכנסת וחברות הכנסת, אני לא מתכוון לדבר היום אל חברי הכנסת, בעיקר מהקואליציה, אלא אל הציבור הרחב דרך הבמה הזאת. חשוב לי להסביר לציבור הרחב את הסוגיה. אנחנו נגד בניית בניין אחד ללא היתר, לא חוקי; אנחנו נגד שמישהו יבנה על המדרכה – אנחנו רוצים מדרכה בשביל הילדים שלנו; אנחנו נגד שבן-אדם יבנה על שטח ירוק – אנחנו רוצים שטח ירוק בשביל הציבור שלנו. הבעיה היא יותר עמוקה ויותר מורכבת. מה הסיפור? טוב שהציבור הרחב יבין שמדינת ישראל, משנת 48' עד 66', הפקיעה 5 מיליון דונם אדמה מהאוכלוסייה הערבית. 5 מיליון דונם אדמה. חשוב שהציבור כולו יבין שמדינת ישראל, מאז 48' עד עכשיו, בנתה 700 יישובים חדשים, כולם, גברתי היושבת-ראש, כולם ליהודים, ואפס לערבים. חשוב שהציבור הרחב יבין שיש במדינת ישראל 934 ישובים שהאזרח הערבי לא יכול לגור בהם בגלל ועדות הקבלה. חשוב שהציבור יבין שיש 40 כפרים בלתי מוכרים, כלומר כל בנייה בתוכם היא בנייה לא חוקית לפי החוק הישראלי. הכפרים הללו נמצאים מלפני קום המדינה. חשוב שהציבור בישראל יבין שמדינת ישראל כמעט ולא מאשררת תוכנית מתאר בכפרים הערביים ולא מרחיבה אזורי שיפוט. פעם דיברתי על ילד בן עשר שקנו לו חליפה, אבל היום הוא בן 30 ורוצים להלביש לו את החליפה בכוח, אז היא תיקרע מפה ותיקרע משם. זה מצב היישובים הערביים עם תוכניות המתאר. חשוב לי גם להגיד לציבור הרחב שאנחנו גם יודעים להגיד כן. אנחנו היינו חלק מצוות ה-120 – ופה אני קורא לממשלה ליישם את תוכנית ה-120 שהיא זנחה. חשוב לי לומר שהייתה תוכנית שיש בה כל כך הרבה מרכיבים חיוניים – אני מדבר על תוכנית 922 – אבל הממשלה לא מיישמת את מה שצריך. גם אנחנו הגשנו הצעה: אמרנו שנקרא לציבור שלנו שלא יבנה בצורה לא חוקית במשך שנתיים, ושהממשלה לא תהרוס בתים במשך שנתיים, ונקדם תוכניות מתאר, נרחיב אזורי שיפוט. אני פונה מפה לשרים בממשלה: אני רוצה שאחד יעמוד פה ויגיד שמה שאני אומר אינו נכון. השר דרעי אמר שזו החלטה והצעה אובייקטיבית; השר גלנט הוציא הודעה לעיתונות ואמר שזו הצעה אובייקטיבית. אני בעצמי פניתי אליהם. הם אמרו לי שראש הקודקוד, נתניהו, לא מסכים. נתניהו, שדיבר על אכיפה שוויונית. אז אני קורא לבנייה שוויונית; אני קורא להקמת יישובים לערבים; אני קורא להרחבת אזורי שיפוט ותוכניות מתאר; קודם כול בנייה שוויונית, יחד עם אכיפה שוויונית. אבל בנייה לא שוויונית עם אכיפה כביכול שוויונית – פה אני רוצה לומר שזו לא אכיפה שוויונית, כי אני שמעתי את ראש הממשלה וכל הציבור שמע אותו כשהוא מדבר על הריסות בעמונה והריסות אצל ערבים. הרי כולנו שמענו אותו אחרי הריסת הבתים בקלנסואה, כשהוא מדבר על כוחותינו שהורסים בתים של ערבים. כולנו ראינו איך ראש הלשכה שלו אלי גרונר בא בעצמו לישיבת ועדת הפנים ופתח אותה בדיבור רק אל האוכלוסייה הערבית. חשוב לי לומר לכם שראש הממשלה בעצמו הוא שמקדם את הישיבה הזאת בפגרה. אני רוצה לפנות עכשיו אל חברי הכנסת הערבים שנמצאים בקואליציה. פעם עמד באותו מקום, על במה זו בדיוק, חבר הכנסת לשעבר תופיק טובי. חברת הכנסת עאידה תומא סלימאן וחבר הכנסת דב חנין, אתם זוכרים את תופיק טובי, שעמד על הבמה הזאת בתקופת הממשל הצבאי ושני חברי כנסת ערבים הצביעו בעד הממשל הצבאי? מה הוא אמר להם? הוא אמר להם (אומר בערבית: תתביישו לכם במה שעשיתם) – כך הוא אמר להם בשפה הערבית, וכך אנחנו פונים עכשיו לחברי הכנסת הערבים שנמצאים בקואליציה – –

– – ויתמכו בהצעת חוק זו. גברתי היושבת-ראש, אני לא אקרע את החוק הזה, כי אני לא פופוליסט – כבר קרענו חוק – אבל אנחנו לא נקיים את החוק הזה, (אומר בערבית: אפילו אם תרכבו על הסוס הגבוה ביותר שלכם.) תודה רבה.",1,
311437,2017-07-10,התיישבות,"אדוני היושב-ראש, משפחת אבו סייף חיה ביפו דורות על דורות, עוד מלפני קום המדינה, אך המדינה לא מצאה לנכון להסדיר את בתיה עד עצם היום הזה, כפי שהייתה עושה אם הייתה רואה בבני המשפחה אזרחים שווי זכויות. לפני כמה חודשים החליטה המשפחה, 800 נשים, גברים וילדים, לתבוע את מינהל מקרקעי ישראל כדי שיסדירו את בעלותם על הקרקע. מיום שהוגשה התביעה גברו ההתנכלויות של המשטרה לבני המשפחה, שהגיעו לשיאן בפשיטה באישון לילה בחודש מאי האחרון. אנחנו רואים ביפו ניסיונות בלתי פוסקים לגרש ולנשל את תושבי יפו המקוריים מאדמתם, בניסיון למחוק את ההיסטוריה והתרבות של יפו, ואני מודיע לכם מכאן שאנחנו לא ניתן לזה לקרות. תודה.",1,
313361,2017-11-13,התיישבות,"עמיתיי חברי הכנסת וחברות הכנסת, ראש הממשלה שקוע עד צוואר בחקירות 1000, 2000, 3000 – 4000 כבר מתבשלת. האזרחים כמעט איבדו את הספירה.

כשנתניהו לחוץ, נתניהו עושה את מה שהוא הכי טוב בו: מסית, מפלג ומפיץ שנאה. כלבי התקיפה שלך משתוללים. חוק אחרי חוק הם יקבעו שאתה זכאי ושלא יהיה כלום, כי אסור לחקור כלום.

ה""ביביתון"" הרחיק לכת עד כדי לסמן בכותרת הראשית – לא פחות – עיתונאית ערבייה, מקבולה נסאר: אויבת המאיימת למוטט את השלטון הציוני. ומדוע? כי אישה ערבייה, ועוד עם דעות פוליטיות, ממונה להתמודד עם נושא שממש, אבל ממש, לא מעניין אותך, ראש הממשלה – הקטל הנורא והיומיומי בדרכים. כעומק החקירה, עומק החקיקה הגזענית והמפלה. לכן חוק הדגל הנוכחי של ממשלת השיסוי הלאומית הוא ניסיון לקבוע בחוק-יסוד, והפעם בצורה רשמית, שהאזרחים הערבים הם אזרחים סוג ב'. חוק שכל מטרתו העמקת העוינות והאפליה. את חזונך המדיני, ראש הממשלה, כולנו מכירים: לעד תחיו על חרב. אפילו חבריך האמריקנים, מג'ון קרי ועד ידידך האישי והקרוב טראמפ, יודעים שאתה וממשלתך – אתם חזית הסירוב לשלום. חברי הכנסת וחברות הכנסת, נסו לדמיין איך רואה את החיים פיראס, ילד פלסטיני שגדל כל חייו בבקתה רעועה בבקעה. משפחתו מתפרנסת מחקלאות ומצאן, ומצליחה לגרד מעט הכנסות שמספיקות בקושי להאכיל את בני המשפחה. לפני כמה ימים הצבא תלה בכביש ליד הבית שלהם צווי הריסה. אפילו לא טרחו להודיע להם ישירות. בצווים כתוב שהולכים להרוס את כל הכפר. הוא שומע את ההורים שלו מדברים שאין להם לאן ללכת, שזאת אדמתם ומולדתם, אבל הם לא יודעים איך הילדים ישרדו את החורף ללא קורת גג. אתם יכולים לדמיין מה המחשבות שעוברות בראשו של פיראס הקטן? ממשלת הכיבוש והסיפוח בונה התנחלויות והורסת כפרים פלסטיניים, ומחריבה את חלון ההזדמנויות הצר שעוד נשאר להשגת הסכם שלום שיטיב עם שני העמים החיים פה בארץ הזאת. חברי וחברות הכנסת, אנחנו נמצאים בצומת שבו ברור יותר מאי-פעם שיש רק שתי אופציות – רק שתי אופציות: שלום או אפרטהייד. אני יודע שיום אחד הכיבוש יסתיים, זאת לא השאלה. השאלה היא רק מתי וכמה קורבנות פלסטינים וישראלים ישלמו עד אז בחייהם.

– – רק מתי, וכמה קורבנות פלסטינים וישראלים ישלמו עד אז בחייהם.

והאחריות על הדם שיישפך, על הסבל ועל השכול, היא שלך, ראש הממשלה בנימין נתניהו – –

– – על כך שסירבת שוב ושוב ללכת בדרך השלום ובחרת בהמשך הכיבוש והשליטה הצבאית בעם אחר.

אנחנו בוחרים בשלום, ואתה בוחר באפרטהייד.

– – – מוביל לאפרטהייד – – –",1,
315268,2018-01-01,התיישבות,"אדוני היושב-ראש, חבריי חברי הכנסת וחברות הכנסת, אפשר להתנגד לקרן קיימת מכמה מישורים. מהמקום שלי, אני יש לי התנגדות היסטורית בכל הרמות לעצם הקמת המוסד הזה, לעצם ההתנהלות שלו, מאז שנוסד עד עצם היום הזה. אני לא מבקש מאחרים, שאין להם את האידיאולוגיה שלנו, שיקבלו את זה, אבל בשנת 2017 מי צריך עוד מוסד כזה במדינה? מהמקום הכי אזרחי: יש מדינה, יש אזרחים, מי צריך עוד גוף לאומי שמאגד, שמשתלט על כל כך הרבה אדמות מהמדינה? בוודאי צריך לדאוג לכל הדברים ששייכים לאנשים עצמם, לעובדים, לזכויות שלהם. אבל הגוף עצמו, מי עוד צריך אותו בשנת 2017?

יש משהו שהוא כל כך ייחודי במדינה הזו, מאוד ייחודי, מאוד. אין לו אח ורע בכל העולם. אני לא רואה מדינה אחת שמקדמת זכויות לאומיות לקבוצת הרוב, אני לא מכיר. זו מדינה שיש בה רוב, 80% יהודים. נמצאים פה יהודים, ורוצים לעגן עוד, יותר ויותר, חוקים לאומיים לקבוצת הרוב. אבל אתם רוב, אבל אתם רוב – –

– – כנראה אתם לא מפנימים שאתם רוב. יש לכם תחושה של מיעוט, יש לכם פסיכולוגיה של מיעוט.

אולי גנבתם משהו בשנת 1948, ולכן כל כך חשוב לכם כל הזמן לדאוג לעוד לגיטימציה ולעוד לגיטימציה. תתנהלו כמו מדינה נורמלית ותתנהלו כמו רוב.

תתנהלו כמו מדינה נורמלית, תתנהגו כמו רוב. לא צריך לעגן עוד זכויות לקבוצת הרוב, עוד זכות לאומית לקבוצת הרוב. במדינה מתוקנת זה מספיק דומיננטי שאתה 80% מכלל האזרחים. אם מחפשים דמוקרטיה אמיתית, אז זה זכויות קולקטיביות למיעוט ולא לקבוצת הרוב. ויש לי עוד סיבה, קונקרטית.

אני מבקש ממך, אדוני היושב-ראש. היא כל הזמן מפריעה.

יש עוד סיבה. יש כפר במדינה שנקרא כפר אל-עראקיב. זה כל כך בעייתי, המצב הדיכוטומי הזה, שכל הערבים יודעים על הכפר הזה, ויותר מ-90% מהיהודים לא יודעים כלל וכלל על הכפר הזה. כפר שנהרס 120 פעם, זה עשור, עד עכשיו. זה צריך להיכנס לכל ספר של שיאים כמו גינס – 120 פעם בעשור האחרון. כל חודש הורסים אותו, והאנשים האוחזים באדמה נשארים שם. ומי גנב את האדמות שלהם? זו הקרן קיימת לישראל. אז אני מבקש שייעשה צדק עם כפר אל-עראקיב, ואנחנו, הרשימה המשותפת, נצביע – ממקום עקרוני, בעיקר – נגד כל הדבר הנוגע לקרן הקיימת לישראל. תודה.",1,
318554,2018-03-13,התיישבות,"כבוד היושב-ראש, כבוד השר זאב אלקין, כבוד חברי הכנסת, אנחנו מן הסתם נתנגד לתקציב, ולא רק בגלל היותנו חברי אופוזיציה. זה נשמע מאוד טבעי שחברי אופוזיציה מתנגדים לתקציב – הרי זו ההצבעה החשובה ביותר בכל שנה – אבל יש סיבות ענייניות. הסיבה העיקרית היא שהתקציב הזה הוא בדיוק אותו תקציב שהובילו ממשלות ישראל לאורך כל ההיסטוריה, וביתר שאת מאז שנת 1967 והלאה, כלומר, זה תקציב ניאו-ליברלי – אותה שיטה – בקשר – –

– – ליחסים הכלכליים בתוך מדינת ישראל. אבל לא רק. יש עוד משהו נוסף, שזה הכיבוש, שזה העמקת הכיבוש; זה בניית עוד התנחלויות; זה הכבישים העוקפים בגדה המערבית. לכן, אין ספק שאנחנו כרשימה משותפת נתנגד מכול וכול לתקציב הזה. אני רוצה לנצל את ההזדמנות הזאת לדבר קצת על התוכנית הכלכלית 922. התוכנית הזאת, 922 – שאתה, כבוד השר זאב אלקין, התנגדת לה בזמנו – התוכנית הזאת בנויה על גישה מאוד מובנת בכלכלה, שנקראת win-win situation – דבר שטוב לאוכלוסייה מסוימת וגם טוב לכלכלת המדינה. כולם מבינים – – –

אני אתייחס בדיוק לנקודה הזאת של ירושלים המזרחית. בדיוק לנקודה הזאת. אני אתייחס, ואני אשמח לשמוע את תגובתך בנושא. מה זאת אומרת win-win situation? יש דבר מאוד מובן, למשל, העלאת יחס התעסוקה בקרב אוכלוסייה מסוימת זה טוב לאוכלוסייה הזאת וגם טוב לכלכלה בכלל. כמו שאמרנו, עוד אישה ערבייה עובדת, משלמת מיסים – זה טוב לכלכלה. אם שיעור הנשים הערביות העובדות יישאר רק 29% – זה רע, בעיקר לאישה הערבייה, רע לחברה הערבית ורע לכלכלה בכלל.

(אומר בערבית: תהיו בריאים. אלוהים ייתן לכם אלף בריאות. אני מקווה שאתם שומעים אותי טוב, כי אני אדבר על הקשר בין הכלכלה לציבור הערבי. שלום רב.) אז התוכנית בנויה מהתפיסה הזאת. למה יש תחבורה ציבורית – למשל, האם זה מורגש בקרב האוכלוסייה הערבית שיש יותר אוטובוסים בתקופה האחרונה? למה יש מעונות יום – למרות הבעיה, במיוחד בשנה האחרונה, בקשר למעונות יום? למה יש השקעה מסוימת בחינוך הבלתי-פורמלי? פשוט מאוד. עשו מחקר, ראו כמה מכוניות יש בכל בית ערבי והחליטו שצריך אוטובוס בשביל האישה הערבייה – לאן להגיע, למה מעון יום, איפה לשים את הילד הערבי, למה חינוך בלתי פורמלי. כאשר היא מאחרת לעבודה, אז יישאר מקום שיישאר בו הילד – תפיסה כזאת. כלומר, זה לא בא ממקום חברתי – אתה לא תשמע את זה, ולא את המילה צדק; אתה לא תשמע את זה; עוול היסטורי – לא תשמע את זה. וגם אין משהו שהוא מחוץ לקופסה. כלומר, כשמדברים למשל על דיור, אם חושבים שבדיור מאז 48' עד עכשיו המדינה בנתה 770 יישובים חדשים, כולם ליהודים ואפס לערבים, אז צריך לבנות עוד יישוב ערבי. אין תפיסה כזאת. התפיסה היא בתוך הקופסה, אבל משהו שמקדם את הכלכלה בצורה זו או אחרת. האם אנחנו מתנגדים? בכלל לא. דווקא אנחנו אלה שהציעו, שהייתה להם הגישה, כי אנחנו חיפשנו אינטרס משותף בנישה הקונקרטית הזאת, וזה דבר טוב. אבל בשביל להגיע לשוויון אזרחי מלא אנחנו נצטרך יותר מ-60 מיליארד שקלים. התוכנית הזאת – דובר על 15 מיליארד שקלים, והיא פחות מזה; בכסף תוספתי הוא בוודאי פחות מזה. אבל אין ספק שהיא תוכנית בכיוון הנכון. אני חושב שהדבר החשוב שאפשר לעשות אותו – ואני אשמח, חבר הכנסת עיסאווי, שתהיה גם אתה שותף – שנלך על הצעה של תוכנית שנקראת אולי 993, שמדברת על משהו שהממשלה אמורה להתחיל בעוד שנה, תוכנית שמגשרת על הפערים באותה גישה של win-win situation, באותו כיוון. זה כיוון נכון. נכון שאנחנו מבקשים עוד יותר, אבל אני מבין מה יכול לעבור, ובממשלה הנוכחית – מה לא יכול לעבור. יש דברים שחסרים. כשאני דיברתי על חברתי, כנראה שבממשלה הזאת המקום החברתי הוא פחות חשוב. מחפשים כסף טוב. מה זה כסף טוב? זה כסף שאתה משקיע אותו וישר חוזר אליך. מבחינתנו כסף טוב זה כסף חברתי, זה חוסן חברתי, זה דבר שאתה יכול להרוויח ממנו תקופה יותר ארוכה, אבל זה בעיקר – ששם את הבן אדם במרכז, בראש מעייניו. מה זאת אומרת? זאת אומרת בריאות, למשל. למה אין בית חולים אחד ביישובים הערביים? בתוכנית הכלכלית אין, כי אין שום דבר מחוץ לקופסה; הכול בתוך הקופסה. מה כתוב שם על הבריאות? כתוב: איחוד בתי חולים נצרת, אבל אלה בתי חולים פרטיים, ואם הם לא רוצים להתאחד, מה אתה רוצה על אפם ועל חמתם לאחד אותם? ואם הם לא מתאחדים, אז מה, אתה לא תיתן כסף לבריאות לאוכלוסייה הערבית? זה דבר שהכי ברור שהוא חסר, כי מבחינת האוצר זה כסף פחות טוב. אז אני חושב שאם אנחנו רוצים לדבר על תוכנית 993, הדברים החברתיים הללו – חייבים להיאבק בשבילם. מה עוד חסר? הערים המעורבות. תשמע, כבוד השר אלקין, למה אנחנו התנגדנו? הרי אנחנו למודי ניסיון. כשאתה או מירי רגב נאבקים בשביל הערים המעורבות, אני מסתכל על מירי ואומר: ואללה, היא רוצה לתת כסף לראשי הערים מהליכוד בלוד, רמלה, עכו, נצרת עילית – כולם מהליכוד, וגם ירושלים מהליכוד, מה, אנחנו לא מכירים אותה? ושם הם ידעו איך לסנן את הכסף ואיך לא להעביר אותו לשכונות הערביות. אנחנו למודי ניסיון. והדבר השני, לגבי ירושלים המזרחית, אתה יודע מה העמדה הכי ברורה שלנו: שלום שבנוי על שתי בירות – ירושלים המזרחית בירת פלסטין, ירושלים המערבית בירת ישראל. ואנחנו רואים בך – עכשיו אתה לא השר. בזמנו היית שר של ענייני ירושלים, ואתה שר – – –

אנחנו רואים בך, כבוד השר אלקין, שר כובש בירושלים המזרחית. אתה שר לא לגיטימי שם. אתה קולוניאליסט בירושלים המזרחית. אנחנו, יש לנו עמדה הכי ברורה לגבי המקום הזה. אני מבקש ממך, באמת, ביושרה, אני מבקש ממך שתשיב לי על השאלה הזאת: מדינת ישראל מאז 48' עד עכשיו בנתה 700 יישובים חדשים – כולם ליהודים ואפס לערבים. אתה מודע לעובדה הזאת? אתה מודע לעובדה שמספרנו בשנת 1949 היה 165,000 ערבים, והיום אנחנו כמעט 1.8 מיליון, באותם יישובים? לא הוקם יישוב ערבי אחד מאז 48' עד עכשיו.

בסדר. ירושלים המזרחית כבושה; רמת הגולן כבושה.

יש משהו לא ממש ברור פה, אבל העמדה מאוד ברורה.

אתה יכול להעלות או להוריד עוד 100,000, אין בעיה עם זה.

לא, לא, אבל זה לא ירושלים המזרחית.

ודאי. אבל אני מדבר על – – –

למה אתה – – – אני חושב שאתה טעית פה, כי יש נקודה חשובה. אני רוצה להגיד לך משהו, אדוני היושב-ראש: תשמע, אנחנו רק מיליון, בסדר? מה זאת אומרת המדינה בנתה 700 יישובים חדשים – כולם ליהודים ואפס ערבים? איך אתה יכול להתמודד עם העובדה הזאת? מבחינת מצפון, איך אתה יכול להסביר? אתה יודע מה? אני הייתי בדרום אפריקה. אני, האזרח הרע איימן עודה, הייתי בדרום אפריקה. סיפרתי להם שמדינת ישראל מאז 48' עד עכשיו בנתה 700 יישובים חדשים – כולם ליהודים ואפס לערבים. איך אתה תענה על השאלה הזאת? איך אתה תענה לי על הדבר שאומר שבמדינת ישראל יש 961 יישובים שאני, ערבי, לא יכול לגור בהן בגלל ועדות הקבלה? איך אתה יכול להסביר שבנגב יש 40 כפרים שנמצאים שם לפני קום המדינה שהם ללא מים, ללא חשמל, ללא מערכת חינוך?

אז תענה לי על העובדה הזאת שמדינת ישראל מאז 48' עד עכשיו בנתה 700 יישובים חדשים – כולם ליהודים ואפס לערבים. מה אתה עונה על זה? אתה יכול לדבר על שוויון? או שאתה תגיד לי, אתה יודע מה? אני רוצה לתת לגיטימציה לדבר כזה כי זאת מדינה יהודית, ובמדינה יהודית מותר להפלות לרעה את האוכלוסייה הערבית. תגיד לי את הדבר הזה, תן לגיטימציה, תעשה משהו, אבל אל תברח מהעובדה – אל תברח מזה שיש אפליה קשה. דרך אגב, אני אומר שיש אפליה בכל תחום ותחום, אבל במישור של תכנון ובנייה יש יותר מאפליה. מה זאת אומרת אפליה? יותר מאפליה. אני אגיד לך מה זה – – –

אז זאת הצרה. אז זאת הצרה. מה, אתה חושב שאני רוצה לבנות בצורה לא חוקית? תבין, יישוב שאתה לא מרחיב לו את אזור השיפוט ולא מאשר תוכנית מתאר, זה כמו חליפה שאתה קונה לילד בן 10, אבל הוא היום בן 30, ואתה רוצה להלביש לו את החליפה בכוח. אז היא – –

– – נקרעת מפה ונקרעת משם.

אבל יש כפר ויש עיר. יש מושב, יש קיבוץ ויש עיר. בוא, תחליט על בנייה רוויה בקיבוצים ובמושבים. בוא נשמע אותך, בוא נראה מה אתה חושב.

בסדר. אתה יודע מה? זו ממשלה – (אומר בערבית: שמעתם את הוויכוח ביני לבין השר. שמעתם את הוויכוח? מי שתומך בשר שלא ירים את ידו, ומי שתומך בי שירים את ידו.) הינה, כולם איתי, כולם מבינים שאני צודק. אני רוצה להגיד לך, יש דבר מאוד ברור. הינה, רואים עוד, מרימים את היד. כולם. כשאנחנו מסבירים לאוכלוסייה שלנו, כשאנחנו מסבירים בעולם, אנחנו אומרים להם: תסתכלו על העובדות.

קודם כול אתה – – – או אנחנו?

תשמע, כל תוכנית מובאת על ידי משרד מסוים. אבל מי נכח? מי ישב? אנחנו ישבנו ב-70 פגישות עם האוצר או לא? תגיד. כן. בטח שכן. בשביל לקדם את התוכנית. בסופו של דבר מי מחליט, הממשלה או אני? למי יש כסף? ודאי למשרד ממשלתי. אז – – –

רק רגע. לא, לא. כשמביאים תוכנית באה מירי רגב, מדברת על ערים מעורבות – מה, אנחנו לא מבינים אותה? אתה יודע מה? בוא עכשיו נחליט להעביר כסף לערים המעורבות – כולנו נצביע בעד.

אבל זה צריך להיות תוספת, ולא על חשבון.

טוב, תגיד לי, זה עשר דקות או 15 דקות?

טוב, חברים, אנחנו ביום האחרון במושב הזה. אני רוצה להעלות על נס את העבודה של הרשימה המשותפת. אני חושב עליך, חבר הכנסת מסעוד גנאים, ורוצה להגיד לך יישר כוח על העברת החוק החשוב בתחום החינוך לפני שבועיים. זה לא קל שמעבירים חוק בצל הממשלה הנוראית הזאת. כל הכבוד לך. אני מסתכל על חבר הכנסת דב חנין. המאבק שלך נגד חוק הלאום, החבר דב חנין – יישר כוח. ממש יישר כוח. לפעמים אנחנו לא מצליחים להביא הישגים, אבל לפחות למנוע דברים רעים כמו חוק המואזין. אני רוצה להגיד למסעוד גנאים, וגם לאחמד טיבי – במיוחד התנועה האסלאמית, וגם אחמד טיבי, יחד – נאבקו ושכנעו את המפלגות החרדיות וגם הצליחו. אני רוצה להגיד יישר כוח – – –

אני רוצה להגיד יישר כוח לחברת הכנסת עאידה תומא סלימאן על יום האישה שהיה בכנסת. אישה ערבייה, פלסטינית, מנהיגה בערכים אוניברסליים את כל הכנסת – יו""ר הוועדה למעמד האישה, בגאווה, בערכים אוניברסליים. אני רוצה להביע הערכה גדולה מאוד מאוד. אני חושב שלמרות הקשיים אנחנו עושים עבודה מאוד חשובה במקום הזה, ויש לנו עוד הרבה מה לעשות. אולי ננצל את הפגרה להיות עוד יותר ויותר ביישובים הערביים, נבקר בכולם, נהיה יותר קרובים לאנשים והם יהיו יותר קרובים אלינו. יחד עם זאת, בגלל שיש לנו תפיסה כללית וחלופה מוסרית לכל החברה הישראלית, אנחנו נבקר גם במקומות של יהודים, בשביל לשכנע. משימתנו לא קלה, אבל היא ראויה לנו ואנחנו ראויים לה. תודה רבה.",1,
319100,2018-10-15,התיישבות,"גברתי היושבת-ראש, חבריי חברי הכנסת וחברות הכנסת, כולנו שמענו את נאום ראש הממשלה. הוא התייחס לכמה דברים, אני אתייחס בתחילה לאחד מהם ואחרי זה אעבור לשפה הערבית, כי פשוט מאוד החלטנו ברשימה המשותפת שאנחנו נדבר חלק מהזמן שלנו בשפה הערבית, שהיא שפת המקום, שפת המולדת הזאת, שפת הילידים. ראש הממשלה אמר שחוק הלאום אינו חוק אפרטהייד והוא הזדעזע מעצם העובדה שיש אנשים שמאשימים את החוק הזה שהוא חוק אפרטהיידי. אני מבין ששני הכללים הקרדינליים ביותר של אפרטהייד הם: 1. עליונות אתנית, ו-2. הפרדה בין שתי הקבוצות. שניהם ביחד. כי רק הפרדה בלי עליונות – זה לא חייב להיות אפרטהייד. כלומר, יכול להיות שווה אבל גם שונה. שווה אבל הוא מחליט, מטעמים תרבותיים למשל, להיות שם ואחרים במקום אחר. זה לא אפרטהייד. אפרטהייד זה שני המרכיבים הללו ביחד: גם segregation וגם עליונות אתנית. חוק הלאום – שמדבר על ישראל כמדינתו של העם היהודי, על קידום התיישבות יהודית, על כך שהשפה הרשמית היחידה היא השפה העברית – כל הסעיפים מדברים על עליונות יהודית יחד עם הפרדה, גם לפי סעיף 7 בחוק-יסוד: חוק הלאום זהו חוק אפרטהייד קלאסי. עכשיו, אנחנו החלטנו ברשימה המשותפת לדבר בשפה הערבית. טוב שחברי הכנסת יקשיבו לשפה היפה הזאת. (אומר דברים בשפה הערבית, להלן תרגומם: אבו ח'אלד, בקוראן נכתב: ""אנחנו הורדנו את הקוראן, ואנו שנשמור עליו"". על כן, החתול הזה, אבי דיכטר – שלא יעז לפגוע במשפט הזה: ""אנחנו הורדנו את הקוראן, ואנו שנשמור עליו"". ואבו אלטייב אלמותנבי אמר: ""השירה המזומרת היא הטובה שבשירה, כמו האביב בין שאר העונות. אבל הבחור הערבי בתוך כל זה נחשב לזר בידיו, בפניו ובלשונו"". ואמר חאפז אלפוסחא להגנתה של השפה הערבית: ""האשימו אותי בעקרות בצעירותי, והלוואי שהיית עקר במקום לפחד מדברי אויביי"". זוהי השפה האוטנטית, השפה של הגיאוגרפיה – –)

(– – שפת ההרים, שפת העמקים, שפת בני הארץ המקוריים, שפת האזור שהייתה לפני הגזענים, והיא תישאר גם אחרי הגזענים.)

(אומר בערבית: שהייתה לפני הגזענים, והיא תישאר גם אחרי הגזענים.)

אני מבקש, גברתי, שלא ידבר עכשיו.

אם את לא מבינה, אני מציע לך ללמוד את השפה הערבית, כי היא גם שפת המרחב – –

– – אמורה להיות שפת השלום, שפת עמי האזור.

אני חושב שמבחינתך היא אמורה להיות השפה השנייה, כי זו שפת המקום, שפת המזרח ושפת השלום, העתיד.

גברתי, אני אענה לך בדיוק, אני אענה לך בעברית. אני רוצה להגיד לך שיש שני מרכיבים: אחד זה הזהות וההעצמה, empowerment, והדבר השני זה ההשפעה. לפעמים אתה אומר: במקום הזה אני רוצה לחזק את הזהות, במקום אחר אני רוצה את ההשפעה. כשאני מדבר עברית אני רוצה לחזק את ההשפעה, כשאני מדבר בערבית יש זהות, העצמה – – –

לכן אני רוצה גם לדבר בערבית וגם לדבר בעברית – – –

מה גם שהדבר הכי טבעי אצל בן אדם זה לחזק את הזהות המאוימת. אחרי חוק הלאום, השפה הערבית היא שפה מאוימת במדינה, לכן חובתי לחזק אותה וגם לקבע אותה. כי נאמר גם בחוק הלאום שישמרו את מעמדה – לכן אני חושב שבפרקטיקה שאנחנו עושים פה אנחנו עוזרים לשמר את מעמדה של השפה הערבית. טוב, חברות וחברים, אני מציע לכם להקשיב עכשיו כי זה גם בשפה העברית וגם נושא היסטורי וחשוב. במוסף הארץ האחרון, ביום שישי, ישנו תחקיר על הטבח הנורא, האיום והנורא, בכפר קאסם, 1956. חברתי עאידה תומא בכל שנה מעלה את הנושא הזה. בפעם האחרונה עאידה עמדה פה ואמרה שמטרת הטבח הייתה גירוש תושבי המשולש הערבים. אז קמו כמה ח""כים, ביניהם בן אדם שאני מעריך, עפר שלח, ואמר לה: סליחה, זה משהו כמו דמיון מזרחי. לא, זו אכזריות קולוניאליסטית ולא דמיון מזרחי ואני אסביר למה. במוסף הארץ האחרון נכתב כך. בן-גוריון הזמין את שדמי ואמר לו: תשמע, אנחנו נעשה משפט הצגה – כך בן-גוריון אמר לו – על משפט כפר קאסם. מה עוד אמר לו? אנחנו גם נבחר את השופטים. זה – אחד. הדבר השני שחשוב לי לומר, כתוב כך: ""שולחיהם לבית הדין התכוונו, בכוונת מכוון, שהם באופן טבעי יסייעו בבניית מחסום בפני"" הטלת ההאשמה בממשלה. כלומר: שדמי, אתה יכול להודות שם שאתה וכל מיני שוטרים זוטרים פגעו באנשים, אבל זו לא הייתה החלטה מלמעלה. הדבר השלישי – כתוב שם: היה ניסיון להסיר את קיומה של תוכנית סודית בשם ""מבצע חפרפרת"", שעיקרה גירוש, טרנספר של ערביי המשולש, ובכללם תושבי כפר קאסם. חברים, את הדברים הללו תושבי כפר קאסם ואנחנו ידענו כבר משנת 1956. אנחנו ידענו שהמלך עבדאללה מסר את האדמות למדינת ישראל בשנת 1949, 1950, ופשוט מאוד מדינת ישראל רוצה כמה שיותר אדמה, כמה שפחות ערבים. אז הם חיכו להזדמנות, למלחמה, מלחמת 1956. בצל המלחמה ביצעו את הפשע הנורא, חיכו לאנשים כשחזרו לשם, שבעה-שבעה ירו בהם: תקצור אותם, ""אללה ירחמו"". שבעה-שבעה, עד ל-49 אנשים, תוך שעה אחת. תוך שעה אחת. והמטרה הייתה טרנספר. אבל שאלתי פה: האם הגזענות הזאת נעלמה או שהיא נמצאת גם בקרב אנשים שנמצאים פה בכנסת? לא סתם חבר כנסת ולא שר זוטר אלא שר הביטחון אביגדור ליברמן מדבר על חילופי אוכלוסין. בין מי למי? בין תושבי המשולש, פשוט מאוד. אותה תפיסה של כמה שיותר אדמה, כמה שפחות ערבים. גברתי היושבת-ראש, אני רוצה לקשור את הנושא הזה בעוד נושא רגיש ביותר. וליד אבו סייף, ילד בן חמש מיאפא, מיפו – ירו בו על הראש שלו לפני שבועיים. אני יודע שאסור להניף שלטים בכנסת. אבל בגלל שזה כל כך רגיש, זה הילד הזה, בן חמש. תסתכלו על הפנים שלו. וליד אבו סייף, גברתי, נמצא בבית חולים כבר שבועיים, ירו בו בראש. איפה האשמים? איפה המשטרה? איפה הביטחון שהתרברב ראש הממשלה כשדיבר עליו עכשיו? אני רוצה לעבור מהמקום הזה, שאנחנו לא נשתוק עד שהמשטרה תגיע לפושעים. זו חובתנו, של כולנו, של כל בן אדם בהיותו בן אדם. אבל אני רוצה לקשור את הסיפור הזה עם כל התפיסה של הגירוש. מה זאת אומרת שיש שם כל כך הרבה נשק? מה זאת אומרת שהח""כים פה כל פעם נאבקים נגד הנשק? אנחנו לא רוצים נשק ביישובים שלנו, אנחנו לא רוצים נשק בידי האזרחים הערבים, לא נשק מורשה ולא בלתי מורשה. הנשק הזה מזיק לנו בעיקר, או בתוך האוכלוסייה שלנו או שזה יכול לזלוג לציבור היהודי או שזה יכול להיות כביכול פטריוטי נגד המדינה. בכל המובנים זה נשק רע, אין בו שום דבר טוב. אז אולי רוצים שיישאר נשק אצלנו, אולי מחפשים עוד אוקטובר 2000 ורוצים שאחד מאיתנו ישתמש בנשק בשביל לרדת עלינו. לכן אני מאשים את הממשלה הזאת שהיא בזדון – – –

היא בזדון משאירה את הנשק בקרב האוכלוסייה הערבית. הרשימה המשותפת קוראת לממשלה: תאספו את הנשק הארור הזה מהיישובים הערביים. תודה.",1,
325532,2020-05-27,התיישבות,"כבוד היושב-ראש, כבוד השר אריה דרעי, חבריי חברי הכנסת, אני רוצה להגיש הצעה בשם הרשימה המשותפת והוועד הארצי של ראשי הרשויות המקומיות הערביות. אנחנו רוצים לבנות בצורה חוקית, אך ורק בצורה חוקית. אנחנו מבקשים לתת לנו את ההזדמנות לבנות בצורה חוקית. מדינת ישראל מאז 48' עד עכשיו בנתה 700 יישובים חדשים – כולם ליהודים ואפס לאזרחים הערבים. זאת עובדה. אנחנו גדלנו פי עשרה מאז שנת 48' עד עכשיו, ואין לנו איך לבנות בדרך חוקית. אז ההצעה שלנו היא כך: אנחנו מוכנים לקחת אחריות אישית ואחריות קולקטיבית, לפנות לציבור שלנו ולהגיד להם: אל תבנו בצורה לא חוקית. אנחנו נגד. אנחנו נגד. אנחנו מוכנים לקיים ישיבה של ראשי המועצות המקומיות הערביות ולהוציא הודעה לכולם, בכל מועצה ומועצה, כולל הקואליציה והאופוזיציה בתוך כל יישוב, ממש בקונסנזוס בתוך כל יישוב ויישוב. אנחנו לא רוצים לבנות בית אחד בצורה לא חוקית. יחד עם זאת אתם תגידו: אנחנו בתקופה הזאת לא נהרוס, ותוך כדי כך אנחנו מקדמים תוכניות מתאר, אזורי שיפוט, מאשררים. כך אנחנו יכולים לפתור 95% מהבעיות, 50,000 בתים לא מורשים. יישארו כמה בתים. בן אדם בנה, אני לא יודע איפה, בכל מקום טבעי, נורמטיבי – צריך להרוס. יהיו עשרה בתים, 15 בתים – אנחנו נדע מה לעשות עם הבתים הללו. אני חושב שעם המתווה הזה, שהוא מאוד אמיץ מצידנו, אנחנו יכולים לעבור למקום אחר לגמרי – מקום חוקי ואך ורק חוקי – וכך לפתור את הבעיה הכואבת כל כך הזאת. לבטל את חוק קמיניץ וללכת למסלול הזה, בבקשה, כבוד השר. עוד נקודה קונקרטית: אני רוצה לברך על ההתקדמות הכל-כך החשובה ביניכם לבין הרשויות המקומיות הערביות, כולל הדרוזיות. זה טעון שיפור קטן. אני מקווה שתדחוף כדי לפתור ממש את הבעיה הזאת. אנחנו מברכים. נשאר רק יישוב אחד, רק אחד, שלא קיבל כלום – הכפר מעיליא בצפון. מעיליא, דרך אגב, גם לא קיבלו הטבות בגלל חודש רמדאן, כי זה יישוב ערבי-נוצרי. מעיליא זה יישוב שקיבל מענקים לארנונה לעסקים ב-300 מיליון שקלים, אבל הם הפסידו 700 מיליון שקלים, כלומר הם בהפסד גם ברמה הזאת – 300,000 במקום 700,000. הם הפסידו גם ברמה הזאת.

גם בקטע הזה היישוב היחידי שלא קיבל זה מעיליא. אני מבקש ממך, כבוד השר, לפנים משורת הדין, להעביר כסף גם ליישוב מעיליא. תודה רבה.",1,
327971,2020-07-28,התיישבות,"כבוד היושב-ראש, חבר הכנסת סמוטריץ' תקף את תושבי בית ג'ן, האשים אותם שהם משתלטים על האדמות. חשוב לי שידע ושכולם ידעו שמדינת ישראל, מאז 48' עד עכשיו, בנתה 700 יישובים חדשים – כולם ליהודים ואפס לערבים, כולל הדרוזים. חשוב שכולם יבינו שלדרוזים, בשנת 1948, היו 325,000 דונם. המדינה הפקיעה מהם 60%. שודד האדמות הוא סמוטריץ', בהיותו מתנחל. הוא שודד האדמות. הדרוזים, כמו כל הערבים, הם ילידים, והם עוד יתפתחו, על אפו ועל חמתו ועל אפם וחמתם של כל הגזענים. תודה.",1,
329546,2020-09-24,התיישבות,"כבוד היושב-ראש, עמיתיי חברי הכנסת וחברות הכנסת, אני רוצה להתריע מפני סכנה ממשית שקורית בצל נגיף הקורונה. כולם מדברים על הקורונה, ובצדק, בצדק מוחלט. בצל הקורונה עולה כוח התנחלותי, פשיסטי, שמהווה נגיף נגד השלום, נגד הדמוקרטיה, נגד השוויון, ואני מתכוון למפלגת ימינה ולנפתלי בנט. היום הליכוד יחד עם ימינה, לפי כל הסקרים – רק שניהם ביחד עולים על 50 מנדטים. חברים, הפשיזם משתלט. הפשיזם עולה מדרגה ומתקרב להרכיב את הממשלה הבאה. חשוב לי להגיד לכם שכל הפשיסטים בעולם עלו בצל משבר ענקי בתוך המדינות, וזה מה שקורה עכשיו. המאמר של אלוף בן על בנט, שהוא מספר בו, מספר בו שהוא דיבר עם בני משפחתו, ואמרו לו: תעזוב, הוא ישתנה. מה שרואים מכאן לא רואים משם. זה יהיה אחרת. העיקר עכשיו לא פוליטיקה אלא איך למגר את הקורונה. אני רוצה להתריע, להזהיר את האזרחים מפני הפשיזם העולה במדינה. פעם רבין היוצא ממלחמת 67' – ואין לי שום דבר משותף איתו בשנת 67' ובשנות השבעים – אמר על המתנחלים ההם שהם סרטן בגוף הדמוקרטיה הישראלית. בשנות התשעים, אחרי הטבח בחברון, אחרי רצח ראש הממשלה, הם היו בשפל. היום הם מקבלים 22 מנדטים, ואנשים כביכול מהמרכז אומרים שזה לא העיקר; תנו לו, יש לו תוכנית. מה התוכנית הזאת? מה התוכנית הזאת? הווירוס מתהפך מצחוק מהתוכנית של בנט. אין לו תוכנית, אבל הוא יושב בצד, מהאופוזיציה, מותר לו להגיד מה שהוא חושב שנכון, ואנשים הולכים שבי אחריו. אני מתריע. אני מזהיר את האזרחים מעליית הפשיזם. כן, כן להיאבק נגד נגיף הקורונה, ויחד עם זאת להיאבק נגד הפשיזם. שניהם ביחד. תודה.",1,
330343,2020-10-26,התיישבות,"תודה רבה. גברתי היושבת-ראש, חבריי חברי הכנסת, ברצוני להגיד מילת הערכה לחברי סעיד אלחרומי. ההכרה ברח'מה, עבדה וחשם זנה – שלושתם, שלושה יישובים שאני מכיר אותם באופן אישי, הייתי שם, כל כך רחוקים בדרום – השגת את ההכרה. יישר כוח על הדרך שאתה מוביל – משכנע ומביא הישגים למרות כל החסמים, כל הקשיים. אני מאוד מעריך את דרכך. אנחנו יחד איתך. תישאר אתה חוד החנית במאבק הכל-כך צודק למען ההכרה בכפרים הבלתי-מוכרים צעד אחר צעד. כל הכבוד, יישר כוח. תודה.",10,"The speaker expresses strong support for the recognition of unrecognized villages and praises the efforts to achieve this, indicating a firm stance in favor of settlement."
331814,2020-12-07,התיישבות,(אומר בערבית: ייבנה בית במקום כל בית שייהרס.),10,
334030,2021-06-13,התיישבות,"חוק הלאום – – – כהסתה לאורך כל הדרך.

כבוד היושב-ראש, עמיתיי חברי הכנסת וחברות הכנסת, הרבה אנשים שמחים היום במדינה. אפשר להבין זאת. חלקם – בגלל השחיתות בתיקים הפליליים. אחד כמוני – בעיקר בגלל השחיתות העיקרית והיא העמקת הכיבוש, הרחקת השלום, השיסוי בין האוכלוסיות, ההסתה נגד האזרחים הערבים, חוק הלאום, חוק קמיניץ. לכן יש מקום לשמחה, אבל בוודאי אין מקום לשאננות. מהיום אנחנו נשתחרר מהדוקטרינה של כן ביבי, לא ביבי, וניגש לעיקר – לעקרונות, לדבר פוליטיקה עקרונית. לילד הזה לא התפללנו. הממשלה שתקום היום היא ממשלה רעה. אם מדובר על התיקים עצמם, אז יש תיקים מאוד חשובים לאזרחים הערבים. למשל, משרד הפנים – זה שקד, מהימין הקיצוני; משפטים – זה סער, מהימין הקיצוני; אוצר – זה ליברמן, מהימין הקיצוני; שיכון – זה אלקין, מהימין הקיצוני; נגב וגליל, 70% מהאזרחים הערבים חיים בנגב ובגליל – זה עודד פורר מישראל ביתנו, ימין קיצוני. ומעל לכול והחשוב מכול, זוהי ממשלת עסקת המאה, ומדובר בעיקר על ירושלים, מכיוון שהיא קונסנזוס ציוני אז התנחלויות בירושלים, הריסת בתים בירושלים, וגם אזורי C בגדה המערבית – כלומר, עסקת המאה. ופנימה, אין ספק שיש כיוון מיוחד נגד הנגב. אני שמעתי טוב את הנאום של ראש הממשלה המיועד בנט מלפני ארבעה ימים בעד איסוף האזרחים מהנגב, וגם שמעתי עכשיו את נאום הפתיחה שלו. חברי סעיד אלחרומי, זו לא הממשלה שלך. זו לא הממשלה שלך. זו ממשלה נגד אזרחי הנגב הערבים. התבשרנו ושמענו על שותפות יהודית-ערבית. בממשלה הזאת יש שותפות יהודית-ערבית על בסיס פגיעה בירושלים, פגיעה בערביי הנגב ופגיעה באזרחים הערבים.

אנחנו מחפשים שותפות אחרת של יהודים וערבים, על בסיס של שלום, שוויון, דמוקרטיה, וצדק חברתי, שאין בממשלה הזאת.

(אומר בערבית: עזרו זה לזה במעשים טובים וביראת שמיים, ואל תעזרו זה לזה לפשוע ולהתנכל.) הממשלה הזאת היא – (אומר בערבית: תעזרו זה לזה לפשוע ולהתנכל.) תודה רבה.",1,
334720,2021-06-29,התיישבות,"כבוד היושב-ראש, עמיתיי חברי הכנסת וחברות הכנסת, הממשלה הזאת הוקמה לפני שבועיים, וכבר הספיקה לקבל כמה החלטות, ואני אמנה אותן: אישור מצעד הדגלים בירושלים; שתי תקיפות על עזה; צווי הריסה בנגב; המשך הפשיעה והמשך חוסר הפיענוח של הפשיעה; אישור של 31 תוכניות בנייה בהתנחלויות; המשך השתלטות על ירושלים המזרחית וגירוש תושבי שייח' ג'ראח; פשרת אביתר – פשרה בין כובשים לגוזלים על חשבון העם הפלסטיני; היום – הריסת בתים בסילוואן; ביטול החל""ת ל-70% מהמובטלים והשארת מאות אלפי משפחות ללא תעסוקה.

בימים הללו הממשלה חושבת איך להעביר את חוק האזרחות.

ואני רוצה להזהיר, אני רוצה להזהיר, במיוחד אנשים שהצביעו כל הזמן נגד חוק האזרחות – אני מתכוון אליכם, במרצ, אני מתכוון לרע""מ, אני מתכוון למרב מיכאלי: זה בידיים שלנו. אם אנחנו, המשותפת, יחד איתכם, מצביעים נגד החוק הזה, החוק לא יעבור. נקודה. לא יעבור.

אני רוצה להתריע מאפשרות של עסקה בין הליכוד לבין הממשלה בשביל להעביר חוק-יסוד: ההגירה, ובמקביל – להעביר את חוק האזרחות בהסכמה בין האופוזיציה לבין הקואליציה, ואתם תסתפקו בלהתנגד, לצאת טהרנים.

אבל אתם חלק מממשלה שלא רק מעבירה, אלא ביכולתכם – ממש ביכולתכם – למנוע זאת. אני מבקש עמדה מצפונית, עמדה ערכית. תודה רבה.",1,
336142,2021-07-26,התיישבות,"יואב, יואב, לא, חיזקתי, חיזקתי.

כבוד היושב-ראש, עמיתיי חברי הכנסת וחברות הכנסת, אני מבקש את הזמן שלי.

לפני שאני אדבר על הנושא שהתכוונתי לדבר עליו, חשוב לי להגיד לכם שתושבי הנגב נמצאים שם לפני קום המדינה; המדינה, שהפילוסופיה שלה היא להקים מדינה למען העם ועל חשבון הילידים – זה המצב. לכן מבחינת הממשלה הנוכחית, ממשלת בנט, והממשלה הקודמת, המתנחלים הם לגיטימיים, ההתנחלויות לגיטימיות, אבל תושבי הנגב, בני המקום, הם לא לגיטימיים. דבר כזה לא יתקבל בשום היגיון, בשום מקום בעולם.

אני מבקש, בבקשה, את הזמן שלי.

אני מבקש, אתה לוקח מהזמן שלי.

אני מבקש מהיושב-ראש שישמור את הזמן שלי.

אני לא בטוח. אני – יש לי שלוש דקות. אני רוצה לדבר במלוא הזמן.

כבוד היושב-ראש – – – אני לא דיברתי.

כבוד היושב-ראש, עמיתיי חברי הכנסת וחברות הכנסת – סיפור אישי, אבל גם קולקטיבי. ביום רביעי הרגשתי כאבים עזים בגב, אז נסעתי לבית החולים רמב""ם; כאבים עזים מאוד מאוד. חשבתי דווקא על האזרחים הערבים בכפרים הערביים. אמרתי: איך יכול להיות, אנשים שיש להם כאבים כל כך עזים, מתי יגיעו לבית חולים? אין בית חולים אחד בתוך יישוב ערבי. אתם יודעים שתוחלת החיים של ערבים ויהודים – לטובת היהודים. לפי מרכז טאו, היישובים הערביים רחוקים מבית החולים הקרוב יותר מ-22 קילומטרים, בממוצע, לעומת היהודיים – 14 קילומטרים. במדינת ישראל יש 33 בתי חולים רשמיים, כולם במקומות של יהודים או עם רוב יהודי, ואפס ביישובים הערביים. אני אתן לכם עוד דוגמה. למשל, בטמרה או בכאבול, כשירצו לנסוע לבית החולים הקרוב ביותר, שהוא בנהרייה – אין קו אוטובוס ישיר – הם יצטרכו חצי שעה. היום הרשימה המשותפת ישבה עם שר הבריאות ניצן הורוביץ, והייתה ישיבה חשובה. ביקשנו ממנו, בהיותו שר שמאלני ממרצ, שיקים את בית החולים הרשמי הראשון ביישוב ערבי. הוא אמר שהם מתכוונים להקים שני בתי חולים רשמיים – אחד בגליל, אחד בנגב. שאלנו אותו: אז איפה בגליל? והוא ענה: בקריית אתא. למה בקריית אתא? הרי בחיפה יש בית חולים רמב""ם, בית חולים בני ציון, בית חולים כרמל. יש גם בנהרייה בית החולים, גליל מערבי, יש בית חולים זיו בצפת, ויש פוריה, ליד טבריה. אבל, למשל, באזור נטופה או שגור או טמרה, למשל – כולם רחוקים.

כולם רחוקים. אל-בטוף – אבן אל-בטוף, אוסאמה – כולם רחוקים. אז צריך להקים שם. גם בנגב – צריך להקים ברהט. ברהט יש 70,000. הוא הבטיח לבחון את המצב. אנחנו, ברשימה המשותפת, נשב שוב עם שר הבריאות ניצן הורוביץ ונגיד למרצ: לא מספיק שאתם יושבים בממשלה ימנית שמקדמת התנחלויות, שמקדמת התנחלויות בירושלים, שמנסה לשנות את הסטטוס קוו במסגד אל-אקצא, שמנסה להרוס בתים בשייח' ג'ראח – כל הדברים הללו, אנחנו נתנגד להם – אבל בית חולים בצל משרד בראשות ניצן הורוביץ ממרצ זו זכות של האוכלוסייה הערבית, ואנחנו לא נרפה עד שיוקם בית החולים הרשמי הראשון ביישוב ערבי. תודה רבה.",1,
336791,2021-08-04,התיישבות,"יש לך חצי, אפשר לשאול שאלה?

אסמע, מדינת ישראל, מאז 48' עד עכשיו, הקימה 940 יישובים חדשים. כולם ליהודים, ואפס לאזרחים הערבים. אני לא מדבר על הכרה; לא מדבר על שבט קיים, שנתנו לו סמל יישוב, אלא שבנו יישוב חדש בשביל ערבים. אז אתה מבין שזו לא טעות סטטיסטית; אתה מבין שזה לא רק אפליה, לעומת – אם זה אפליה, אז מ-940, אנחנו 20%, אמורים להקים לנו משהו כמו 150 או 200. אני לא מדבר על אפליה; לא שיקימו 70 ולא 200, שזה אפליה. זה אפס, כלומר זו אידיאולוגיה. אז מה אתה עונה לאנשים בנגב?

מה, אנחנו רוצים כמה שיותר ערבים בכמה שפחות אדמה? כמה שיותר ערבים בכמה שפחות אדמה? או מגיע לאזרחים הערבים – אנחנו חיים בכפרים, לא רק בישראל – – –

לא, לא, בצלאל, אני מביא לך בשביל שתענה. אנחנו חיים בכפרי בטון. בטון על בטון על בטון על בטון. יישוב, זה יישוב כמו שצריך. אז מה אתה עונה?

לא, אתה על הבמה, אתה על הבמה, ויש לך 20 דקות. אתה על הבמה ויש לך 20 דקות.

אבל זו אדמה פרטית, פרטית.

אני בעד בנייה רוויה. תקים עיר ערבית – – –

תקים עיר ערבית עם בנייה רוויה.

אני בעד, תקים עיר ערבית חדשה.

יאללה, בוא נעשה הסכם, עיר ערבית חדשה עם בנייה רוויה.

יואב, כל הסיפור שלא הצלחתם לשכנע את סמוטריץ' לקחת – – –

זה כל הסיפור. תעזוב מהשאר.

אז עד שהוא יגיע. שלוש דקות, או עד שהוא יגיע. יש לי עשר דקות.

שלוש דקות, או עד שהוא יגיע. כבוד היושב-ראש, עמיתיי חברי הכנסת וחברות הכנסת, עוד מעט הכנסת תביא את חוק הוותמ""ל. האמת, הוא מועיל, חשוב, לאוכלוסייה הערבית בפרט. חבר הכנסת סעיד אלחרומי, יו""ר ועדת הפנים, יביא את החוק. אני מברך על כך. אנחנו ברשימה המשותפת מן הסתם נתמוך בחוק החשוב הזה. כמה פעמים אמרתי שבכנסת הזו יש חברים בקואליציה שמצביעים לפעמים לא לפי מצפונם, אלא מטרתם העיקרית לשמר את הקואליציה, ויש אנשים באופוזיציה שלפעמים מצביעים לא לפי העקרונות שלהם, העיקר מבחינתם זה להפיל את הקואליציה. יש רק סיעה אחת ויחידה שמצביעה כל הזמן אך ורק לפי המצפון שלה, וזו הרשימה המשותפת. אני פונה לחברים ברע""מ ואומר להם: הינה, אנחנו מצביעים בעד חוק הוותמ""ל. זה כל כך ברור. חבל שלא הצבעתם לפי המצפון שלכם בהצבעה על איחוד משפחות. דרך אגב, זה נושא יותר חשוב מכל תקציב, יותר חשוב. חבל שלא הצבעתם עם ההצעה לחבר בתים לחשמל אפילו אם אין להם טופס 4, זה היה תלוי אך ורק בכם. חבל שלא הצבעתם בעד ההצעה שלי להקים ועדת חקירה בנושא הקשר בין השב""כ לבין ארגוני הפשע המאורגן. ממש ממש חבל, אבל אנחנו, הרשימה המשותפת, מנסה. זה כל כך ברור, נצביע בעד חוק הוותמ""ל. תודה רבה.",1,
337464,2021-10-11,התיישבות,הם רוצים מדינה לצד מדינה – – –,10,
340232,2021-12-13,התיישבות,"כבוד היושב-ראש, עמיתיי חברי הכנסת – כבוד היושב-ראש, תרשה לי לדבר בערבית, בבקשה. (אומר דברים בשפה הערבית, להלן תרגומם:). בעברית: המדינה מקדמת תוכנית בנייה נרחבת ליהודים במזרח ירושלים שתביא לפינוי פלסטינים. (אומר דברים בשפה הערבית, להלן תרגומם:) תודה רבה.

אתה בנית לא חוקי. אתה בנית לא חוקי.

אמרתי שהוא ביצע עבירות בנייה - - - ערבים. מסכנים היהודים בגליל. מסכנים, מסכנים היהודים בגליל.

אחמד טיבי, הערבים קיבלו פי שניים מחלקם היחסי באוכלוסייה - -",3,
340686,2021-12-22,התיישבות,"כבוד היושב-ראש, עמיתיי חברי וחברות הכנסת, אלוף משנה עמר בר לב, מפקד סיירת מטכ""ל, השר לביטחון הפנים, צייץ על אלימות המתנחלים. אבל יש פה מישהו, חבר כנסת, שמערער על עמדת השר לביטחון הפנים. מי שכבש את ירושלים המערבית ב-48' היה יצחק רבין, את ירושלים המזרחית ב-67' – יצחק רבין. שר הביטחון המיתולוגי יצחק רבין אמר שהמתנחלים הם סרטן בגוף המדינה. אבל יש פה חבר כנסת שמערער על הדברים הללו, והוא לא פחות מראש רע""מ, מנסור עבאס. הוא ביקש לא להכליל. להבדיל מהאמנות הבין-לאומיות, שרואות במתנחלים ובהתנחלויות פגיעה בתהליך השלום, שעצם היותם שם זה דבר לא לגיטימי לפי כל האמנות הבין-לאומיות, יש פה רק חבר כנסת, יו""ר רע""מ, שמערער על ההחלטה הבין-לאומית הזו. אתמול הוא הרחיק לכת ואמר שמדינת ישראל, לא רק שהיא נולדה כמדינה יהודית, היא תישאר יהודית.

היא תישאר יהודית. למה? לדעתו בגלל שהעם היהודי החליט כך. ומה אנחנו? אפס? אוויר? לא קיימים? לא מחליטים? לא מגיע לנו שוויון זכויות במולדת שלנו? הינה, זו עמדתי: ליהודים מגיעה הזכות להגדרה עצמית, חד וחלק. העם הערבי הפלסטיני הוא גם עם שמגיעה לו הזכות להגדרה עצמית. ואנחנו רואים שהפתרון הוא מדינה לצד מדינה ולא מדינה על חשבון מדינה או על חשבון עם  אחר. ומדובר על הערבים הפלסטינים אזרחי המדינה, שהם ילידים מבני המקום הזה. בדרך כלל מהגר צריך לדרוש מבן המקום שוויון במולדת של בן המקום. אנחנו פה, בני המולדת הזו, נאבקים למען שוויון במולדת שלנו. אבל למנסור עבאס יש דעה אחרת, שיש עם עליון, מדינה לעם מסוים, והעם האחר יכול להיות נתין. רק לפני כמה חודשים הוא אמר: תן ליהודים להחליט בסוגיות הגדולות, כולל ראשות הממשלה, ואנחנו נעבוד עם כל ראש ממשלה. למה? מה? אתה נתין? אתה לא אזרח? אתה לא שואב את האזרחות שלך מהיותך בן המקום הזה, בן המולדת הזו? תזכור טוב מאוד, עמדות כמו העמדות שאני מציג חייבים לכבד, כי הן עמדות ערכיות ודמוקרטיות, שמכבדות את העם שלנו. אבל העמדה שלך – עוד יסחטו אותך כמו לימון ויזרקו אותך לתוך הפח. תודה.",3,
341245,2022-01-03,התיישבות,"כבוד היושב-ראש, חבריי חברי וחברות הכנסת, בסוף השבוע שרת הפנים אילת שקד צייצה שהממשלה בשבוע האחרון קידמה מהלך היסטורי ברמת הגולן והחליטה על הקמת יישובים יהודיים בנגב וגם השקיעה 140 מיליון שקלים נוספים לעיבוי ההתנחלויות בגדה המערבית. אלה הן הפנים האמיתיות של הממשלה הימנית הזו. יש אנשים שהם כביכול בשמאל, כביכול בשמאל, שחושבים שהדבר העיקרי בשביל להגן על הדמוקרטיה זה למנוע הסתה נגד בית המשפט העליון, נגד האקדמיה, נגד העמותות, נגד העיתונות. אני חושב שהגישה שלהם נכונה. אכן, לא צריך להסית. אני רוצה להרחיב את המרחב הדמוקרטי ולא לצמצם אותו. יחד עם זאת, יש לי ביקורת קשה גם נגד בית המשפט העליון, שבששת החודשים האחרונים לא רצה לנקות את שמו הכל-כך נקי של המנוח יעקוב אבו אלקיעאן, וגם הדף את הבקשה של הרופא העזתי עז א-דין אבו אל-עייש, שרצה שיכירו בעוול שקרה לו אבל בית המשפט דחה את העתירה שלו. אבל בכל זאת, אני נגד צמצום המרחב הדמוקרטי, אני בעד הרחבתו. אבל תמיד צריך להסתכל מה הבעיות האמיתיות, העמוקות, של מה שנקרא הדמוקרטיה הישראלית. לדעתי הן המשך הכיבוש ב-67', בשטחי 67'; הדבר השני – האפליה נגד האוכלוסייה הערבית; הדבר השלישי – הפגיעה בשכבות המוחלשות, יהודיות וערביות. מי שרוצה להראות שזה רק ההסתה של נתניהו, צריך לעצור את ההסתה שלו – זה חלק מהסיפור, זה לא הסיפור כולו. הסיפור כולו – בשביל להגיע לדמוקרטיה אמיתית אמיתית, צריך לסיים את הכיבוש – –

תשתוק אתה, תשתוק. אתה לא שווה.

– – לסיים את הכיבוש הארור הזה, להביא למדיניות של שלום, לסיים את האפליה הקשה נגד האוכלוסייה הערבית. בעד שוויון, הן ברמה הלאומית, הן ברמה האזרחית, וגם מדיניות של צדק חברתי. זהו שמאל אמיתי, זוהי דמוקרטיה אמיתית. תודה רבה.",1,
341294,2022-01-03,התיישבות,"כבוד היושב-ראש, חבריי חברי וחברות הכנסת, בסוף השבוע שרת הפנים אילת שקד צייצה שהממשלה בשבוע האחרון קידמה מהלך היסטורי ברמת הגולן והחליטה על הקמת יישובים יהודיים בנגב וגם השקיעה 140 מיליון שקלים נוספים לעיבוי ההתנחלויות בגדה המערבית. אלה הן הפנים האמיתיות של הממשלה הימנית הזו. יש אנשים שהם כביכול בשמאל, כביכול בשמאל, שחושבים שהדבר העיקרי בשביל להגן על הדמוקרטיה זה למנוע הסתה נגד בית המשפט העליון, נגד האקדמיה, נגד העמותות, נגד העיתונות. אני חושב שהגישה שלהם נכונה. אכן, לא צריך להסית. אני רוצה להרחיב את המרחב הדמוקרטי ולא לצמצם אותו. יחד עם זאת, יש לי ביקורת קשה גם נגד בית המשפט העליון, שבששת החודשים האחרונים לא רצה לנקות את שמו הכל-כך נקי של המנוח יעקוב אבו אלקיעאן, וגם הדף את הבקשה של הרופא העזתי עז א-דין אבו אל-עייש, שרצה שיכירו בעוול שקרה לו אבל בית המשפט דחה את העתירה שלו. אבל בכל זאת, אני נגד צמצום המרחב הדמוקרטי, אני בעד הרחבתו. אבל תמיד צריך להסתכל מה הבעיות האמיתיות, העמוקות, של מה שנקרא הדמוקרטיה הישראלית. לדעתי, הן המשך הכיבוש ב-67', בשטחי 67'; הדבר השני – האפליה נגד האוכלוסייה הערבית; הדבר השלישי – הפגיעה בשכבות המוחלשות, יהודיות וערביות. מי שרוצה להראות שזה רק ההסתה של נתניהו, צריך לעצור את ההסתה שלו – זה חלק מהסיפור, זה לא הסיפור כולו. הסיפור כולו – בשביל להגיע לדמוקרטיה אמיתית אמיתית, צריך לסיים את הכיבוש - -

תשתוק אתה, תשתוק. אתה לא שווה.

- - לסיים את הכיבוש הארור הזה, להביא למדיניות של שלום, לסיים את האפליה הקשה נגד האוכלוסייה הערבית. בעד שוויון, הן ברמה הלאומית, הן ברמה האזרחית, וגם מדיניות של צדק חברתי. זהו שמאל אמיתי, זוהי דמוקרטיה אמיתית. תודה רבה.",1,
341337,2022-01-04,התיישבות,"כבוד היושב-ראש, עמיתיי חברי הכנסת וחברות הכנסת, הרשו לי בבקשה לדבר בשפה הערבית, למרות שאני בעד זכויות מיעוטים, לרבות זכויות קולקטיביות, והיהודים פה הם מיעוט, אבל בכל זאת, תרשו לי הפעם.

תשמע, אתה יהודי, אבל אתה מצרי, מדבר ערבית. (אומר דברים בשפה הערבית, להלן תרגומם: אני רוצה לדבר בשפה הערבית מתוך הרצון להסתרה, מתוך העיקרון של תשאיר את זה בלב ושיציק, ואל תוציא את זה החוצה ולעשות פדיחות. אז יותר טוב שנדבר אחד לשני בשפה הערבית, כי ישנם כמה עניינים שחשוב – המטרה שלהם היא לא להוציא את הדיבה, אלא השיח הישיר עם הציבור הערבי שלנו. לפעמים אני מרגיש אומללות מהמצב הזה. מה זאת אומרת שבמאה ה-21 המערכה העיקרית תהיה סביב חוק החשמל? או שהמערכה העיקרית היא סביב איחוד משפחות, למשל, או המערכה העיקרית היא סביב ועדת חקירה לעניין העסקת מורים. במאה ה-21, לא רק המערכה העיקרית – יש אנשים שנכנסים לממשלה בשביל עניין פה ועניין שם, ומוכרים את כל הסוגיות האסטרטגיות, מוכרים את השורשים תמורת גרושים. זו אידיאולוגיה שלמה. אנחנו עומדים בפני נושא שלמרות כל האומללות שבו, ולמרות שהרשימה המאוחדת הצביעה נגד הצעת הרשימה המשותפת שהביא ד""ר אחמד טיבי, שהייתה פותרת 90% מהבעיה, הייתה לנו עמדה מוסרית שלפיה אם זה פותר בעיה קטנה, אנחנו לא יכולים להוות מכשול. אין מצב. ועם זאת, ראינו שחבר הכנסת ווליד טאהא עשה ""ענתר בן שדאד"" ואמר שהוא הולך להוציא את הסמכויות מאילת שקד. הוא אפילו אמר את זה עם פרצוף רציני. אני קורא את החוק ואת המסמכים הנלווים: כל הסמכויות הן בידי שר הפנים. ולא רק זאת, לא רק שכל הסמכויות הן בידיה, היא בכוונה נהגה בהשפלה, כפי שהיא אומרת:) השימוש בסמכות זו, נדרש שייעשה במשורה. (אומר דברים בשפה הערבית, להלן תרגומם: מה זה אומר? זה אומר בטפטופים, בטפטפת. סועאד חוסני אומרת לחוסין פהמי בסרט ""ח'לי באלכ מן זוזו"": אני מדברת אליך בחום, אתה עונה לי בטפטופים. ""חום"" זה גם חשמל. ומי שלא יודע מה זה טפטפת, הרופאים משתמשים בזה.)

(אומר דברים בשפה הערבית, להלן תרגומם: מישהו חושב שבניסוח של חוק, שפה חוקתית, היא מתכוונת להכניס את המילה ""טפטפת"". היא הולכת לאשר את הבית הזה או ההוא פעם בשבוע, פעם בחודש, בטפטופים, והיא מביאה את המילה הזו לוועדת הפנים, שבראשה עומד ווליד, וגורמת לו להרים את היד שלו בעד המילה ""טפטפת"". כך. חברים, קצת כבוד עצמי. העם שלנו מלא בגאווה וכבוד עצמי. קצת מזה לא יזיקו. למען האמת, אני רוצה להגיד דברים כדי שכל אדם ירגיש עד כמה דבריי אלה אמיתיים. אני אביא דוגמאות על שכונה בצפון, שכונה במשולש, שכונה במרכז ושכונה בדרום. למשל, שכונת אבו שהאב בשפרעם לא תפיק כל תועלת; שכונת אל-מקאיל בכפר קרע לא תפיק כל תועלת; שכונת דהמש במרכז הארץ לא תפיק כל תועלת; בדרום הארץ, בנגב, לא יפיקו כל תועלת. אני מדבר בשמות של השכונות. לא רק זה, אלא שהגברת השלטת אילת שקד מתעקשת שהם חייבים לשלם את הערבות במלואה, ולא בתשלומים. למי יש? מי יש לו לשלם את מלוא הערבות כדי להתחבר? האם החוק הזה בא במיוחד עבור שכונות מסוימות ולבעלי האמצעים הכלכליים ולא עבור האנשים הפשוטים? אני רוצה לשאול את חבר הכנסת ווליד טאהא ורוצה להגיד לו שלמרות הטפטפת – הינה היא הטפטפת – למרות זאת, אני רוצה לשאול אותך: על מה התמקחת? אתה זוכר שלפני שבוע אחד אני אמרתי לכל האנשים: אתם עוד תראו שבאותו היום יביאו את חוק חריש עם חוק החשמל? תחזור לדף הפייסבוק שלי ולדברים שאמרתי לאנשים היקרים ביותר מבני עמנו שהצביעו לרשימה המאוחדת, שהם אנשינו ובני עמנו, חלק בלתי נפרד מאיתנו ומדמנו, האנשים הכי מכובדים ויקרים. אליהם הפניתי את דבריי באופן ישיר. אמרתי להם: הצבעתם עבור הרשימה המאוחדת, אבל תראו מה הם עושים. אמרתי להם שיביאו את חוק חריש באותו יום, כי השלטת והשולטת אמרה לו: אתה תביא אותם ביחד ואנחנו נצביע על שניהם ביחד, באותו יום – חריש, שבאה על חשבון תושבי המשולש הצפוני, ועכשיו עוד חוק נוסף על חשבון תושבי המשולש הצפוני. למשל, ועדת תכנון מיוחדת עבור חריש – מה משמעות זה שהיא מיוחדת עבור חריש ולא לכל האזור? זה אומר אזור תעשייה לחריש. על חשבון מי? על חשבון תושבי באקה אל-גרבייה, על חשבון כפר קרע, על חשבון אום אל-פחם, על חשבון עין אל-סהלה, על חשבון עארה וערערה, על חשבון אל-עריאן למעלה, על חשבון אום אל-קטף, על חשבון מייסר. הרי מה המשמעות של אזור תעשיה גדול שיש בו את הקניון הגדול ביותר שיהיה שם? מה המשמעות של הדברים האלה? זה אומר: אנשים, תבואו לחריש על חשבון כל האזור הזה. הרי אנחנו אמרנו לך שיביאו את זה באותו היום, לא יומיים לפני ולא יומיים אחרי, לא שבוע קודם ולא שבוע אחרי. באותו יום. אתה תצביע פה, עם חריש. אני אגיד לך עוד משהו, ואני מתערב – הם יביאו את חוק הגיוס, חוק גיוס היהודים החרדים, כלומר הוספת מגויסים לצבא הישראלי, צבא הכיבוש, ויגידו לכם: תצביעו בעד החוק הזה. אני מבקש ממך משהו. ניר אורבך כתב בכתב, ולא סתם הודיע בעל פה, כתב בכתב – – –)

(האבא של ההתנחלויות, יושב-ראש ועדת הכנסת, שהוא בעצמו מתנחל, ימני קיצוני, מהחבר'ה של ימינה, אמר: אני לא מעביר את החוק הזה אלא אם כן החשמל יחובר גם להתנחלויות ולהתיישבות צעירה. אלה הבריונים, בריוני הגבעות ומה שמסביב להן. מה קרה?)

אני מבקש, אני מבקש. (אומר דברים בשפה הערבית, להלן תרגומם: אני מבקש, אני מבקש. מה קרה פה במקרה הזה? ניר אורבך כתב באופן מילולי: לאחר שסיכמתי איתם על כך שהם מעבירים את הנושא, אני מאשר שהם יביאו אותו לכנסת. אז אחי, תוציא הכחשה. הרי הוא כתב במילים אלו. תוציא אתה הכחשה. סוגיות כל כך פשוטות – חשמל. מתי החשמל הגיע לאנושות? חשמל – לתת תמורתו את כל העמדות והעקרונות האלה? העם שלנו השיג את כל ההישגים האלה בגאווה וכבוד. העם שלנו השיג הכרה בכפרים, העם שלנו הרחיב אזורי שיפוט, העם שלנו הביא תוכניות מתאר ללא כל ויתור, עם מכובד. למה להתנהג בצורה הזאת? למה להתנהג בצורה הזאת, להחליף שורשים בגרושים? למה? אנחנו ברשימה המשותפת – כבר ברור היום שגם כך הקואליציה תומכת וגם כך החוק יעבור. הרשינו בקריאה הראשונה והרשינו בקריאה השנייה, מתוך העיקרון שאם זה יעזור רק לעני אחד, אם זה יעזור לשכונה אחת, הרי שזו עמדה מוסרית גדולה של הרשימה המשותפת. בושה, מה שאתם עושים. בושה לכם.)

(אומר דברים בשפה הערבית, להלן תרגומם: האבא של ההתנחלויות, יושב-ראש ועדת הכנסת, שהוא בעצמו מתנחל, ימני קיצוני מהחבר'ה של ימינה, אמר שאני לא מעביר את החוק הזה אלא אם כן החשמל יחובר גם להתנחלויות ולהתיישבות צעירה. אלה הבריונים, בריוני הגבעות ומה שמסביב להן. מה קרה?)

אני מבקש, אני מבקש. (אומר דברים בשפה הערבית, להלן תרגומם: אני מבקש, אני מבקש. מה קרה פה במקרה הזה? ניר אורבך כתב באופן מילולי: לאחר שסיכמתי איתם על כך שהם מעבירים את הנושא, אני מאשר שהם יביאו אותו לכנסת. אז אחי, תוציא הכחשה. הרי הוא כתב במילים אלו, תוציא אתה הכחשה. סוגיות כל כך פשוטות, חשמל, מתי החשמל הגיע לאנושות? חשמל – לתת תמורתו כל העמדות והעקרונות האלה? העם שלנו השיג את כל ההישגים האלה בגאווה וכבוד. העם שלנו השיג הכרה בכפרים, העם שלנו הרחיב אזורי שיפוט, העם שלנו הביא תוכניות מתאר, ללא כל וויתור, עם מכובד, למה להתנהג בצורה הזו? למה להתנהג בצורה הזו להחליף שורשים בגרושים? למה? אנחנו ברשימה המשותפת – כבר ברור היום שגם כך הקואליציה תומכת, וגם כך החוק יעבור. הרשינו בקריאה הראשונה והרשינו בקריאה השנייה, מתוך העיקרון שאם זה יעזור רק לעני אחד, אם זה יעזור לשכונה אחת, הרי שזו עמדה מוסרית גדולה של הרשימה המשותפת. בושה מה שאתם עושים, בושה לכם.)",1,
343180,2022-02-16,התיישבות,"כבוד היושב-ראש, עמיתיי חברי הכנסת וחברות הכנסת, הצעת החוק שלי היא הקמת יישוב עירוני חדש. מאז שנת 1948 המדינה בנתה 940 יישובים חדשים, כולם לאזרחים היהודים, ואף יישוב לאזרחים הערבים. היא כן הכירה בכמה יישובים, גם בדרום, גם בצפון, אבל אלו יישובים קיימים שהייתה חסרה להם הכרה. אז היא הכירה בכמה יישובים אבל לא הקימה ולו יישוב ערבי אחד. מ-48' עד עכשיו גם מספר היהודים עלה פי עשרה וגם מספר הערבים עלה פי עשרה, אבל לא הקימו יישוב חדש לאזרחים הערבים. היישובים שלנו הפכו ליישובי בטון. אם עוברים במטוס מעל המדינה כל אחד מאיתנו יכול להצביע ולהגיד: זה יישוב של יהודים, וזה יישוב של ערבים. האזרחים הערבים איבדו את הכפר, אבל לא הרוויחו את העיר. העיר זה לא רק מספר תושבים – יותר מ-25,000 תושבים; העיר היא לא רק בתי דפוס; היא לא רק ספריות; היא לא רק מפלגות; היא לא רק אוניברסיטאות; היא לא רק בתי קפה של משכילים – העיר היא בעיקר הרוח האינדיבידואלית. ההבדל העיקרי בין הכפר לבין העיר הוא שבכפר שואלים בן מי אתה, ובעיר שואלים מי אתה. אין לאזרחים הערבים עיר של ממש במובן של הרוח האינדיבידואלית. אני קורא לחברות ולחברי הכנסת לקיים את הדבר הבסיסי ביותר. מאז 48' עד עכשיו המדינה הייתה אמורה להקים לא פחות מ-150 יישובים חדשים לאזרחים הערבים. יחד עם זאת, האם אני בעד בדלנות? האם אני בעד מקום רק לערבים ואחר רק ליהודים? מבחינתי עיר לכולם, גם לערבים וגם ליהודים. אני תומך בזה. אני עצמי גר בחיפה ואני בוחר לגור בחיפה, שהיא עיר מעורבת. אני בוחר בעובדה הזאת. יחד עם זאת, יש אפליה מבנית ועקבית מאז 48' עד עכשיו. לכן, הצעת החוק הזאת צודקת לחלוטין. אני קורא לכם לתמוך בהצעה הזאת. תודה רבה.

למה שר התרבות ידבר נגד עיר? בושה.

כבוד שר התרבות חילי טרופר, כשאתה עונה לי שהבעיה שלך זה שזו הצעת חוק פרטית אבל הממשלה כן יכולה, אז אני פונה אליך: שאתם, הממשלה, תעשו, תעשו. אני אומר לך שפה אי-אפשר לטעות בסטטיסטיקה, זה מ-48' עד עכשיו. 940 יישובים ליהודים ואפס לערבים. זו מדיניות; מדיניות, זו לא טעות סטטיסטית. אני רוצה להגיד לך, מה ההבדל בין גישה ממשלתית לבד או ממשלתית בשיתוף עם הנהגת האוכלוסייה? עם הנהגת האוכלוסייה – כלומר, רוצים לבנות משהו שבאמת הקבוצה רוצה. למשל: במידה שלא, למשל מחליטים לבנות את טנטור ליד ג'דיידה אל-מכר – המטרה היא אחרת לגמרי. יש בעיה עם הדמוגרפיה בעכו, אז לא רוצים שעוד ערבים יגורו בעכו, אז שמים אותם בסלמס כזה, וקוראים לזה יישוב חדש. הכוונה היא אחרת לגמרי: גישה אזרחית, דמוקרטית – מה שבאמת באמת טוב לאוכלוסייה. כבוד השר, מה שדיברת על תוכנית החומש, את זה חווינו ואנחנו יודעים מה זה. אנחנו יודעים מה זה 922 ויודעים מהי תוכנית הבדואים בצפון 1480, והבדואים בדרום 2937, והדרוזים 959. אנחנו יודעים איך נותנים ביד ולוקחים ביד השנייה. צריך שינוי, שינוי הוליסטי; שינוי מעמיק בכל הגישה של הממשלה כלפי האוכלוסייה הערבית וכלפי המוחלשים בכלל. תודה רבה.

כבוד שר התרבות חילי טרופר, כשאתה עונה לי שהבעיה שלך זה שזו הצעת חוק פרטית, אבל הממשלה כן יכולה, אני פונה אליך, שאתם הממשלה תעשו, תעשו. אני אומר לך, שפה אי-אפשר לטעות בסטטיסטיקה, זה מ-48' עד עכשיו. 940 יישובים ליהודים ואפס לערבים. זו מדיניות. מדיניות, זו לא טעות סטטיסטית. אני רוצה להגיד לך, מה ההבדל בין גישה ממשלתית לבד או ממשלתית בשיתוף עם הנהגת האוכלוסייה. עם הנהגת האוכלוסייה, כלומר, רוצים לבנות משהו שבאמת הקבוצה רוצה אותו, למשל: במידה שלא, מחליטים לבנות את טנטור ליד ג'דיידה אל-מכר, המטרה היא אחרת לגמרי. יש בעיה עם הדמוגרפיה בעכו, אז לא רוצים שעוד ערבים יגורו בעכו, אז שמים אותם בסלמס וקוראים לזה יישוב חדש. הכוונה היא אחרת לגמרי; היא גישה אזרחית דמוקרטית – מה שבאמת באמת טוב לאוכלוסייה. כבוד השר, מה שדיברת על תוכנית החומש, את זה חווינו ואנחנו יודעים מה זה. אנחנו יודעים מה זה 922 ויודעים מהי תוכנית הבדואים בצפון 1480, הבדואים בדרום 2937, הדרוזים 959. אנחנו יודעים איך נותנים ביד ולוקחים ביד השנייה. צריך שינוי, שינוי הוליסטי; שינוי מעמיק בכל הגישה של הממשלה כלפי האוכלוסייה הערבית וכלפי המוחלשים בכלל. תודה רבה.",1,
344505,2022-05-09,התיישבות,"סליחה, סליחה. למה אני לא נוכח?

כבוד היושב-ראש, רבותיי – מה?

נתחיל מחדש, בבקשה. כבוד היושב-ראש, עמיתיי חברי הכנסת וחברות הכנסת, זו ממשלה רעה מבחינה מדינית ומבחינה חברתית וכלכלית.

הממשלה הזו פגעה בערביי הנגב יותר מכל פעם מאז סיום הממשל הצבאי. הממשלה הזו העלתה את המחירים נגד השכבות המוחלשות יותר מכל תקופה אחרת מאז שנת 2004. הממשלה הזו פוגעת בתושבים בירושלים המזרחית – בין היתר בתקציב המדינה, שיש בו בנייה של 9,000 יחידות של מתנחלים באמצע ירושלים המזרחית – יותר מכל פעם מאז הכיבוש בשנת 1967. הממשלה הזו עושה את הכול בשביל לחלק את מסגד אל-אקצא, יותר מכל ממשלה אחרת. זו ממשלה רעה שצריך להפיל אותה. הממשלה הזו היא מין compromise בין הימין לבין השמאל הציוני, שזה בלי ביבי אבל עם המדיניות של בנימין נתניהו. הממשלה הזו היא מין compromise שאומר לא להסית נגד בית המשפט, נגד המשטרה, נגד הפרקליטות, נגד החברה האזרחית, אבל להמשיך לתקוף גם את העם הפלסטיני, גם את האזרחים הערבים וגם את השכבות המוחלשות. אנחנו לא נסכים להיות שבויים בין הימין הפשיסטי של בנימין נתניהו או הימין ההתנחלותי של נפתלי בנט. יש לנו אלטרנטיבה שלישית. זה שלוש בחירות קראנו לציבור שלנו לצאת ולהצביע ולמנוע מהימין להרכיב ממשלה. זוהי האלטרנטיבה שלנו. אמרו לנו שאנחנו לשון המאזניים. חברים, לצערי הרב אנחנו לא לשון המאזניים – אנחנו לא לשון המאזניים לבטל את חוק הלאום; אנחנו לא לשון המאזניים למנוע את העמקת הכיבוש; אנחנו לא לשון המאזניים בשביל למנוע הריסת בתים בנגב, לצערי הרב. אנחנו יכולים להיות לשון המאזניים בשביל עוד 20 מיליון שקלים, 100 מיליון שקלים, אבל כך לתת לממשלה הרעה הזו להמשיך את דרכה ולפגוע בעם שלנו ובשכבות המוחלשות. אנחנו לא נסכים למלא את התפקיד הרע הזה, לכן אנחנו כן נתמוך בהפלת הממשלה הרעה הזו. תודה רבה.",1,
344761,2022-05-11,התיישבות,"זה שאתם כל פעם – – – אתם טרוריסטים – – –

הטרוריסט הגדול ביותר זה המשך הכיבוש, נקודה.

– – – כמה חפים מפשע הרגתם – – –",1,
345436,2022-05-30,התיישבות,"כבוד היושב-ראש, עמיתיי חברי הכנסת וחברות הכנסת, זו הפעם הראשונה בהיסטוריה של הכנסת שיש ממשלת ימין ואופוזיציה שרובה מהימין – ימין קיצוני והתנחלותי נגד ימין קיצוני והתנחלותי, ויש רגשי נחיתות בקרב הימין שבממשלה מול הימין שבאופוזיציה. כתוצאה מכך אנחנו רואים מעשים חסרי תקדים, אם זה בירושלים המזרחית, אם זה במסגד אל-אקצא, אם זה בהתקפה נגד הנגב. ומהצד השני, מהאופוזיציה אנחנו רואים הצהרות חסרות תקדים. שרים לשעבר מאיימים עלינו בנכבה שנייה. את המצב הזה חייבים להפסיק, לעצור, ואנחנו נעשה את הכול בשביל להפיל את הממשלה הנוכחית, בשביל שנהיה כולנו, כולנו, נגד הימין הגזעני על כל צורותיו. אתמול היה מצעד הדגלים. זה המקום היחיד בעולם שבמקום שנקרא ""בירה"", בירה של המדינה, המדינה לא יכולה להניף את הדגל. אז מה הסיפור? יש דבר שהוא לא הגיוני. מה לא הגיוני? לא הגיוני הוא שירושלים המזרחית לא הייתה ולא תהיה הבירה של מדינת ישראל, היא אזור כבוש, והעם הנכבש לא רוצה לראות את דגל הכיבוש באזור ההוא. ראיתי מה עשו לה פמיליה ולהב""ה. האמת, אני רוצה לקרוא להם להגיע לשם ללא המשטרה, ללא הצבא, ואני אראה אם יש להם האומץ להגיע לשוק, לבאב אל-עמוד, ללא המשטרה ובלי הצבא. אני רוצה לראות את הגזענים, מי שחושבים שהם חזקים, לראות כמה שהם מפחדים מפני הציבור בירושלים המזרחית. אנחנו קוראים להוציא את להב""ה ואת לה פמיליה מחוץ לחוק. טוב מה שאמר שר הביטחון גנץ, שהוא שוקל ברצינות להוציא אותם מחוץ לחוק, אבל זה לא מספיק בכלל – צריך לפעול ולהוציא אותם מחוץ לחוק. תודה רבה.",1,
347853,2022-12-14,התיישבות,"כבוד היושב-ראש, עמיתיי חברי הכנסת וחברות הכנסת, הימים האחרונים מעידים על כמה דברים מסוכנים. הפחות מסוכן מהם זה חוסר אמון טוטאלי בראש הממשלה המיועד. כולם יודעים שהוא שקרן; כולם יודעים שאי-אפשר להאמין לו; כולם רוצים הסכמים, וגם חוקים, לפני שמקימים את הממשלה. במצב אחר היו מסתפקים בהסכם קואליציוני, והוא היה אמור לממש אותו – אבל לא מאמינים לו. הדבר השני הוא חוסר הממלכתיות בצורה טוטאלית. טוטאלית. כלומר בונים הרכב לפי הממשלה הבאה; משנים חוקים לפי הממשלה הבאה; משנים חוקים לפי הפחד ממין מרד נגד נתניהו בליכוד, וכל מיני דברים אחרים. אז משנים חוקים לפי הממשלה הבאה, לפי המצב הקיים. הדבר השלישי, והחמור מכולם, הוא שהפשיזם בשלטון. הפשיזם בשלטון. אדוני היושב-ראש, יש קו שמחבר בין המשך הכיבוש, 55 שנים, לבין הפשיזם בשלטון. הרי גם בן גביר וגם סמוטריץ' מאיפה הם הגיעו? מקרב המתנחלים. יש קו שמחבר. מי שחושב שזה טבעי, שמדינת ישראל תכבוש עם אחר, ואפשר להיות גם מדינה דמוקרטית – יש אנשים פה שחושבים כך. לפחות מאה ח""כים פה למש חושבים כך. שכן, זה אפשרי. אותם מאה ח""כים חושבים שכן, כן: המדינה הזאת יכולה להיות שייכת לעם אחד בזמן שיש פה שני עמים, כך הם מאמינים, והם מאמינים שהם דמוקרטים. לא חשוב שיש פה 20% מהאזרחים שהם ילידים, בני המקום הזה. לא באו למדינה. המדינה באה אליהם ועליהם, אבל הם דמוקרטים. מהסיטואציה הזו נולד הפשיזם החדש, שמממש אותו או על צורתו של בן גביר וסמוטריץ' והציונות הדתית. לכן אני חושב, מהמשבר העמוק הזה יש הזדמנות. יש הזדמנות ליהודים הדמוקרטים והערבים הדמוקרטים, לאחד כוחות, ולהגיד: מה שהיה בשנה האחרונה, לטפל במרחב הדמוקרטי, בית המשפט, המשטרה, הפרקליטות - -

- - ולא המהות הדמוקרטית. המשך הכיבוש, המשך האפליה, חוסר הצדק החברתי. זה הזמן לאחד את כל הדברים ביחד. להיאבק למען כל הדברים ביחד. תודה.",1,
348959,2023-01-18,התיישבות,"תשמע, זה לא מעניין את הממשלה ולא את המוחים בכיכר רבין – לא את אלה ולא את אלה.

כבוד היושב-ראש, עמיתיי חברי הכנסת וחברות הכנסת, היום 18 בינואר, שש שנים להריסת הכפר אום אל-חיראן שבנגב והריגתו של יעקוב אבו אלקיעאן.  היום הממשלה מקימה יישוב חדש במקומו של אום אל-חיראן, שחשבו פעם לקרוא לו חירן. עכשיו, בשביל להעלים את הפשע, החליטו להחליף את השם לדרור. דרור, בשפה הערבית זה חורייה: ""כי עוד נפשי דרור שואפת / לא מכרתיה לעגל פז / כי עוד אאמין גם באדם, / גם ברוחו, רוח עז"". אבל כמה שקר גס יש בהתנהלות. כמה פער תהומי בין השיר הנפלא לבין המציאות הנפשעת נגד התושבים המקוריים. נהרג יעקוב אבו אלקיעאן. בשנה שעברה הלכתי עם משפחתו לבית המשפט העליון. ביקשתי לנקות את שמו. בית המשפט זרק אותנו מכל המדרגות. הייתי גם בבית המשפט עם הרופא העזתי עז א-דין אבו-אל-עייש, שהצבא הרג את שלוש בנותיו. גם, התשובה מבית המשפט שלילית. הייתי פעם שלישית בבית המשפט, עם מוחמד בכרי. בית המשפט לא נעתר לבקשתנו. המפגינים בתל אביב נאבקים למען בית המשפט העליון. אני שותף למאבק הזה ואני רוצה להיות יחד איתם במאבק למען בית משפט דמוקרטי. אני כן שותף. אבל הם לא רוצים לדבר על שוויון האוכלוסייה הערבית ומעמדה, הם לא רוצים לדבר על העוני המחפיר במדינת ישראל, שהיא שיאנית העוני במדינות ה-OECD, כי זה לא נושא של מעמד ביניים תל אביבי. הם לא רוצים לדבר על כיבוש העם הפלסטיני. לכן אני מציע כך, בשביל דמוקרטיה אמיתית, בשביל מדינה שוחרת שלום; לא כובשת עם אחר - - -

בשביל מדינה דמוקרטית עם אזרחיה, במיוחד המקוריים, הילידיים, שמגיע להם שוויון הן ברמה האזרחית והן ברמה הלאומית - -

- - יחד עם בית המשפט – כן; הפרקליטות – כן; אקדמיה, חופש ביטוי - - -

- - - כן, כן. דמוקרטיה אמיתית לכולם – אנחנו שותפים במערכה הזו.",1,
351119,2023-03-05,התיישבות,"אני יודע שרק אנחנו הפעלנו אותו - - - אותו קלקול - - -

כבוד היושבת-ראש, זוהי מדינת ישראל היהודית. רואים את זה בכל מקום. גם בהתערבות בחיי האזרחים, עם מי יתחתן הבן אדם. יהודי שהוא לא אזרח, חי בארצות הברית, מתחתן עם מי שהוא רוצה, הוא יכול לקבל אזרחות. אבל אזרח שהוא בן המולדת הזו, שאין לו מולדת אחרת מלבדה, מחליט להתחתן, במידה שהוא מתחתן עם פלסטינית מהעם שלו, לפי מדינת ישראל זה אסור. כל פעם שהמדינה הזו מתגזענת עוד אני מרגיש שזה כמו משל בשפה הערבית (אומר דברים בשפה הערבית), תן בלע מגל – אין לו מה לעשות איתו. זה אותו דבר לגבי כיבוש העם הפלסטיני. המדינה הזו לא יהודית ודמוקרטית, זו מדינה יהודית ודמוגרפית. גם בחוק הזה, גם בכל נושא אחר. למשל, כבוד היושבת-ראש, מה את מרגישה כשהמדינה שלך מאז 48' עד עכשיו בנתה 940 יישובים חדשים, כולם ליהודים, ואפס לאזרחים הערבים? מה את מרגישה? יש הבדל בין אפליה לבין אפרטהייד. אפליה זה כשמדינה בנתה 940 יישובים חדשים, מגיע לנו 180 יישובים חדשים בהיותנו 20%, אז בונה 100 ולא 180, זו אפליה. בונה 90, 80, זו אפליה. אבל אפס זו לא אפליה, זה מעבר לכך. זו מדיניות שאומרת שהמדינה היא של עם אחד וקמה על חשבון עם אחר, נקודה. הכי ברור שיש. אני מתבונן בהתנהלות של חברי הימין ואני מרגיש את חטא היוהרה. חטא היוהרה. כל זה יהפוך נגדכם. כל זה יהפוך נגדכם. בסופו של דבר יש פה עם איתן, יש לו מודעות לאומית, נאבק למען הערכים הנעלים ביותר, שזה שלום ושוויון. זה שלום ושוויון. אין ערך יותר נעלה מהערך הזה. בסופו של דבר דרכנו תנצח ודרכם של הגזענים היא דרך נפסדת. תודה.

- - - תגידי, בבקשה, יש מדינה אחת במזרח התיכון שכובשת עם אחר חוץ ממדינת ישראל?

לכן היא - - - האחרונה ביותר.",1,
355157,2023-07-05,התיישבות,"כבוד היושב-ראש, חברי הכנסת וחברות הכנסת, לפני שאני מתחיל, בבקשה, המים מההתנחלויות, ואני מחרים את ההתנחלויות. אני מבקש להביא מים לא מהתנחלות.

אתה לא צריך להיות בהתנחלויות. טוב. הרוגים בג'נין - -

אני מבקש ממך. - - הרוגים בג'נין, פצועים בתל אביב וחייל הרוג – דם כולם על הכיבוש הארור שלכם.

דם כולם על הכיבוש הארור שלכם.

הכיבוש מעוור. הכוח מעוור. אתם מתנהגים לא רק כפושעים אלא גם כטיפשים. עוד סבב – תראו מה יש במחנה הפליטים ג'נין. כולם גאים בג'נין, ובצדק. בצדק הם גאים. ועכשיו עוד אנשים יצטרפו ללוחמים נגד הכיבוש הארור הזה. אתם לא רק פושעים, אתם גם טיפשים. אתם גם טיפשים.

תראו את העם הפלסטיני מול הכיבוש, מול ארצות הברית. העם הפלסטיני עומד לבד - -

- - מול הכיבוש הארור וגם מול ארצות הברית.

למה העם הפלסטיני ממשיך להיאבק? כי הוא צודק, כי הוא נאבק למען השחרור שלו. תפנימו.

תפנימו שהאינטרס האמיתי בין שני העמים זה בשלום.

שלום, כלומר להכיר בזכות הלגיטימית של הפלסטינים להקים מדינה לצד מדינת ישראל. כך יהיה שלום.

כך יהיה שלום. כך יהיה שלום – להכיר בזכות הלגיטימית.

לכל פעולה יש תגובה, וזה חוק הטבע. לכל פעולה יש תגובה. לכיבוש יש תגובה, וזה ההתנגדות.

ההתנגדות לכיבוש היא לגיטימית, והכיבוש לא לגיטימי.

יחי מחנה הפליטים ג'נין, יחי העם הפלסטיני, יחי המאבק הצודק שלו. בוז לכם, בוז לכיבוש.

- - - שיוריד אותי, אבל העם הפלסטיני ימשיך להיאבק. תוריד אותי, אבל העם הפלסטיני ימשיך להיאבק - - -",1,
