Id,Date,Topic,Text,Rank,Reasoning
38,1992-07-13,כינון הממשלה והרכבה,"קודם כול, אני רוצה לברך את יושב-ראש הכנסת, באמת ידידי, פרופסור שבח וייס, שראוי על דעת כל הכנסת לעמוד בראשה - בידע שלו, ביושר שלו, בבקיאות שלו בכנסת, במסירות שלו לכנסת; ואני מאחל לו הצלחה גדולה.

אני רוצה לברך את חברי הממשלה המוצעת, שיהיו להם בריאות ונחת במשפחה. אשר להצלחה שלהם כממשלה, שונים הדברים. מפני התורה שבכתב והתורה שבעל-פה שלה וההרכב שלה וההשפעות של המרכיבים שלה והרקורד שלה, לא ניתן לנו לסמוך על חבריה בעניינים החיוניים לנו. לפני 16 שנה בערך, בתרגיל שכונה ""מבריק"" ובעצת אחיתופל, נדחתה המפד""ל על-ידי תנועת העבודה, והתוצאה היתה הליכתה של העבודה ל-15 שנות אופוזיציה. המפד""ל זכתה אז ל-12 מנדטים. עכשיו שוב, בעצת חברים מהשמאל בעבודה, שנוטרים איבה לכיפות הסרוגות, לא רצו לדון ברצינות בדרכה המדינית והחינוכית והדתית של הממשלה הזאת והעדיפו ברית של שמאל של מרצ, שמאל שבעבודה עם ש""ס ברוח של ""יומרץ רבין"", ממשלה בדוחק, שאנחנו לא יכולים לסמוך על דרכה ועל יכולתה. ראש הממשלה המיועד הבטיח שלא יהיה סחר-מכר ולא לחצים ולא ""דילים"", שהוא יחליט והוא יקבע, ועל-פי כישורים. בסופו של דבר, צר היה לראות איש גיבור מלחמות, בעל זכויות רבות, כיצחק רבין, נלכד בפח יוקשים של כוחניות, מרפקנות, שכפתה עליו ההגמוניה של ה""בלייזרים"" משמאל, והתקיים רצונם שתהיה ממשלה שמאלית, אנטי-דתית ואנטי-חינוכית. היום אנחנו יודעים, שמה שהנחה אותם מההתחלה, על-פי תכנון של קבוצות בשמאל, שרבין ואחרים נכנעו להן, היה להרחיק מן הממשלה כל מי שלא מסכים עם הקו השמאלי שלה. קודם כול, כדי לפנות להם אחוזות ואחיזות בממשלה, ואחר-כך כדי לסלק מן הדרך כל אי-נוחות באשר לדרכה של הממשלה בנושאים המדיניים, הדתיים והחינוכיים. נוחה היתה השותפות עם אלה שלא מציבים גבולות, שלא מעמידים עקרונות מנוגדים לשמאל בעניינים המדיניים, ההתיישבותיים והביטחוניים של המדינה. אלה שאצה להם הדרך השלטונית והמדינית, אלה שרוצים לוותר ברוח של ""ייבוש התנחלויות"" ואוטונומיה בלי מגבלות, שמונעות סיכון של מדינה פלשתינית, הם שלא רצו בדרך של גשר בין חלקי הציבור, הם שאוהבים לגלגל בלשון את הקיטוב, את שנאת האחדות, הם הקימו ממשלה כזאת. הם רצו ממשלה צרה מאוד ושותפים פרגמטיים, נוחים לשעה, שהמחיר של ההשתתפות שלהם שונה. אנחנו לא העלינו על הדעת שאיש כמו רבין, ביטחוניסט, שאלוני ושריד ואחרים השותפים לממשלה תקפו אותו בברוטליות על הביטחוניות שלו, שהוא ייכנע לשמאלנות וירחיק מחנות לאומיים לא-דתיים ודתיים, שטובי בניהם לחמו לצדו ולצד מפקדים אחרים במלחמות עקובות מדם על הגנת הארץ, שבנו יישובים בקווי העימות ובכל רחבי ארץ-ישראל והתיישבו בהם. גם לא העלינו על דעתנו, שלא ייגע בלבו הכאב של גדולי רבנים חרדים, דתיים, שכואבים ורגישים לנושא החינוכי היהודי, ויגלה אי-רגישות מוחלטת בנושא החינוך והמורשת היהודית. בעצת ילדים, בחשבון ללא חזון, בחוזים פסולים, אפשר עכשיו להשתבח בממשלה, בקרעים שייווצרו.

אני לא רוצה. חבר הכנסת דדי צוקר, אתך אני לא רוצה להיות בממשלה, מפני - - -

המפד""ל לא נכנסת לממשלה מפני שהיא כזאת. המפד""ל, נכון, יצאו לה מוניטין בעבר, שהיתה שותפה בממשלות מפני האחריות הלאומית שלה לבניין המדינה, אבל לא בכל מחיר, לא במחיר של הממשלה כפי שהיא. בדקנו את זה בקווי היסוד, בדקנו אתכם ביחס לחינוך של ילדי ישראל, ראינו שזה לא אנחנו והחלטנו להיות באופוזיציה ולהשמיע את הביקורת שלנו, והדברים שלנו יהדהדו בארץ ובעולם היהודי, שלא כמוכם, חלק משותפי הממשלה הזאת, שכשהייתם באופוזיציה הוצאתם את דיבת הארץ רעה בעולם והסבתם נזק לא לממשלה אלא למדינה. אנחנו יותר זהירים.

אנחנו נהיה זהירים, לא כמוכם, אבל נאמר את דברינו בשער בת-רבים, ההכרח לא יגונה, עד שיבין הציבור, תבין הכנסת, שהממשלה הזאת כמות שהיא, ממשלת אנטי-אחדות ונושאת דגל קיטוב עדתי, דתי ולאומי וצרה מאוד בבסיסה, לא תאריך ימים במניפולציות. אנחנו מרוצים שעמדת מעצבי הממשלה הזאת בדמות שלה, מעודדת תהליכים של אחדות פנימית במחנה הציוני-הדתי הגדול, מפני שיש כאן ויכוח אידיאולוגי ופוליטי ודתי, ויש פה קרע בארץ-ישראל וביהדות. והאחדות הזאת תסייע לנו במאבק האופוזיציוני שננהל, וככל שתהיה מלחמת חינוך ותרבות ודת, ותתקיים זכות היהודים לגור ברווחה בארץ-ישראל, נצא מהמלחמה הזאת, ואני בטוח שננצח בה. אני רוצה לומר מלים אחדות על מהות הוויכוח שלנו עם הממשלה. הגברת אלוני והשמאל שלה הטיפו במשך שנים - ואומר שתי נקודות כרגע - דברים שנועדו להביא לשנאת הדת והדתיים, כאילו אלה פרימיטיביים, או בלשונכם חיים בחשכת ימי הביניים. כשרציתי שהנוער או העולים ידעו מה זה סידור, יבינו מה היא חוויה של תפילה - האשימו: שטיפת מוח וכפייה דתית. כשרציתי שידעו תלמוד, שידעו מדרש - אמרו: זה על חשבון אמנות, תיאטרון, קולנוע וספרות. כאן בני אור - כאן בני חושך. לחמו כשרצינו שתלמידינו ילמדו על תקופת בית שני וימי הביניים - כאילו זה על חשבון ההיסטוריה הכללית. מצאו סתירות בין תורה למדע, בין תרבות כללית לשורשים רוחניים. מי שלא מבין באופן עמוק את החוויה הדתית והמורשת היהודית - חסרה לו תרבות כללית. אכפת לנו שבפני כל ילד וילדה לא תיסגר ספרות המורשת היהודית. עשינו זאת בדרכי נועם והותקפנו על-ידיכם. גם כשהורים בתל""י - תגבור לימודי יהדות - ביקשו ללמד יהדות בבית-ספרם, פסלתם זאת. יצרתם קיטוב בין דתיים ללא-דתיים. גם ההטפה לנישואין אזרחיים - נגד החוק. ההשלמה וההגנה על סרבני גיוס ושירות ביש""ע, גיוס אוטובוסים בשבת - כל אלו דברים לא חינוכיים. לכן, אל תתפלאו שאנחנו חוששים ומוחים אם בתפקידה תמשיך הממונה על החינוך באותה דרך והנוער יהיה מנוכר ליהדותו ולמקורותיו; אם ימשיכו לטעון שמקורותינו, התלמוד וההגדה של פסח - אמרו זאת כאן מעל הבמה הזאת - והתנ""ך מטיפים לשנאת זרים. מאחר שאני מאמין שעתיד עמנו תלוי בשורשיו, אני מאמין שצריך לעשות זאת בדרכי נועם, וסדר העדיפויות שלנו כן צריך להעמיד את היהדות בחינוך כנושא מרכזי. אם תרצי להגשים את דברייך מתקופת האופוזיציה - בתפקידך - נילחם בכך. ועל זה נזעקו רבים. אם תשני - נראה. נקודה שנייה ואחרונה. את מי שבונים את הארץ ומגינים עליה דחיתם, כדי שתהיה לכם אוטונומיה נוחה יותר לדרככם, שחלק מכם רוצים להביא באמצעותה להקמת מדינה פלשתינית. אנחנו נפריע בכך. אני אומר פה לחברי הכנסת - אני יודע שהחברים משמאל מזלזלים בכל מי שהוא לא הם - אנחנו רוצים שלום מעומק נפשנו. אבל, עם זאת, איננו רואים סתירה בין זה לבין הרצון שלנו, שבכל הסדר של שלום יוכל כל יהודי לשבת בכל שטחי ארץ-ישראל. כל מי שתוקף את אוהבי ארץ-ישראל כאילו היו מעדיפים אדמה ואבנים ומזלזלים בקדושת עם ואדם מטעה במזיד ובמכוון. אנחנו אוהבים את ארץ-ישראל, ולא נשלים אם יובילו אפילו לכך שבהסדר יימנע מיהודים לחיות בכל מקום בארץ-ישראל; הם ייושבו ולא ייובשו. אוהבי ארץ-ישראל והיישובים לא עושים זאת על חשבון קדושת החיים ולא על חשבון המאמצים לשלום. אנחנו תומכים במאמצים להשגת השלום, אבל לא בדרכים ובפתרונות שימנעו יכולת וזכות יהודים לחיות ברווחה בכל רחבי ארץ-ישראל. אין ""יודן ריין"" בארץ-ישראל. חברי הכנסת, אסיים ואומר, שתחילת הדרך שלכם, ההרכב של הממשלה, התפקוד שלה והתפקידים שלה מעידים על סכנה של המשך שיבוש הדרך והדעת בעתיד. אנחנו נבטא את עמדותינו בצורה ברורה, משום שאנו בטוחים שאין סתירה בין שלום לארץ-ישראל ובין יהדות לקדמה רוחנית. השבוע מתחילים ימי ""בין המצרים"". היתה שנאת חינם, היה חורבן הבית. בדרך שבה הרכבתם את הממשלה לא הייתם רגישים לזה. ראוי שהממשלה הזאת תראה את עצמה מנהיגה של כל העם ולא של קליקה. זאת אחריות כבדה מאוד. אנו מתפללים שיהיו לכם העצה והתבונה לנהוג נכונה - יותר אחדות, פחות קיטוב, יותר יהדות, פחות ניכור, יותר רגישות ליישובים של ארץ-ישראל, עם מאמצים לשלום מבית ומחוץ. לא השתכנענו שזאת דרכה של הממשלה, ולכן נצביע נגד הממשלה.",10,
1699,1992-11-02,"הצעות סיעות הליכוד, צומת, המפד""ל ויהדות התורה להביע אי-אמון |02 לממשלה|01 בשל: פעילותה בתחום ביטחון הפנים, מדיניותה הכלכלית ותהליך השלום; הידרדרות ביטחון הפנים בישראל; הצהרותיה, הכרזותיה ומדיניות החינוך של השרה שולמית אלוני; הצהרות שרים","מתוך מאמר כן ורציני של אהרן מגד ב""ידיעות אחרונות"" האחרון, ציטטות מ""חכמי החינוך"" של שרת החינוך - פרופסור הרסגור: ""בתי-הספר החרדיים הם בתי-חרושת של פושעים""; ד""ר רפ: ""האמונה באלוקים היא שערורייה אינטלקטואלית"". ועוד: - - -

אמרתי: ""חכמי החינוך"" של משרד החינוך היום. אדוני היושב-ראש, חברי הכנסת, ""הם קנאוני בלא אל - - - ואני אקניאם בלא עם"". הממשלה הזאת, שקבעה לעצמה סדר עדיפויות חדש בנושא היהודי והחינוכי, פוגעת בהקשר זה גם בנושאים הלאומיים החיוניים. אוניברסיטה אמריקנית אחת מוכנה לתת חסות לשלוחה באלקנה, שהוקמה, אגב, בזמן ממשלת רבין הקודמת. קראו בעיתונים של אתמול על מכתב הלשנה של שרת החינוך לאמריקנים, שזו לשונו: ""האם ידוע לכם שמדובר בשטחים הכבושים? האם זה תואם את מדיניות החוץ האמריקנית ואת החוק הבין-לאומי?"". אתם זוכרים את החוק הבין-לאומי, זה שגם אוסר עלינו סנטימטר בגולן. והיא מוסיפה: ""מדיניות השלוחה תתבסס על אפליית הפלשתינים"". כך - שרת החינוך. אם מפקידים על החינוך שלנו את מי שאומר על חיילי ""שמשון"" ו""דובדבן"", המסכנים את חייהם כדי להגן עלינו מהמחבלים-הרוצחים, את מי שאומר עליהם ש""ידם קלה על ההדק"", מדוע מתפלאים אם תנועת הסרבנות ""יש גבול"" מפיצה בחצרות בתי-הספר כרוזי השמצה נגד יחידות המסתערבים וקוראת לנוער לראות בהן יחידות בלתי מוסריות, שאנשים הגונים לא יתגייסו אליהן? ואם מפקירים את החינוך שלנו בידי מי שאומר, ששום סנטימטר מהגולן לא שייך לנו, על-פי החוק הבין-לאומי, והוא סורי טהור - אז מה הפלא אם השרה הממונה אומרת לגיבור ישראל קהלני, שמביא זה כמה שנים את תלמידי ""עמל"" לגולן, ש""זה לא תקין ולא כשורה""? חברי הכנסת, יש קשר בין ביטויים ומסרים של שרים לבין מה שמתחולל במערכת. ויש קשר בין השתלחות ביהדות ובערכיה לבין פגיעה בערכים הלאומיים והיהודיים המקובלים. וזה מה שקורה אם ממנים לנושא רגיש מישהו משולי הקונסנסוס בנושאים האלה. ושרת החינוך כבר חצתה את גבול ההסכמה הלאומית. אדוני היושב-ראש, הממשלה הזאת הודיעה על שינוי בסדר העדיפויות. נכון, אנחנו חולקים על מהלכי הממשלה הנוגעים לגולן וליהודה, לשומרון ולעזה. אבל מה קרה להמשך המהפך, להמשך של סדר העדיפויות? מה נמצא שם? האבטלה הגואה? העלייה שאינה עולה? הצמיחה הכלכלית? לא. אלא מה? - זהותו היהודית וההיסטורית של עם ישראל. זה מה שנמצא בעין-הסערות שמחוללת שרת החינוך ביוזמתה חדשות לבקרים: תורת דרווין, בריאת העולם, אהבת ארץ-ישראל, קבר רחב הזונה, ""יזכור"" לנופלים. זה מה שיש בצקלונה: ביטול הביקורים בקברים באושוויץ, שזה מחנך להיות יותר יהודי ולאומי, או אולי גם לשנאת זרים, נדמה לי; ביטול חובת הבחינה התנ""ך בבחינות הבגרות; צמצום בנושא לימוד גירוש ספרד; צמצום בלימוד מורשת יהדות המזרח; ביטול לימודי ההיסטוריה של ימי הבית-השני וימי הביניים; צמצום לימוד ירושלים כנושא מרכזי; שינויים בלימודי הסידור; ביטול היחידה להעמקת החינוך היהודי ולימודי היהדות לילדים ולעולים. ואני אומר דבר נוסף: יש התנפלות ורדיפה אחר כל מי שחובש כיפה במשרד החינוך. אני אומר, שיש מי שמעמיד את עצמו כנרדף - רודף.

אינני נכנס לפוליטיקה פנימית. אגב, בהזדמנות זו אני רוצה להבהיר, כשאני אומר את זה, שפרופסור באשי וד""ר מרכוס אינם אנשים דתיים. ידע הציבור שהם לא יכלו לסבול את זה. נגד העיוות, נגד השיבוש, נגד הבלבול הזה בסדר העדיפויות החינוכי, אנחנו קוראים להסיר את האמון מהממשלה. אדוני היושב-ראש, על זה אנחנו מוחים היום, על הניסיון המזויף לתת למהפך השלטוני-הפוליטי תרגום וביטוי של מהפך אנטי-יהודי ואנטי-דתי; על זה שמפלגת העבודה, ביודעין ובלא יודעין, נוטשת מוסר אבותיה הרוחניים ותורת אמותיהם הערכיות, ונותנת יד להכניס למערכות החינוך תרבות של יאפים ופאבים של תל-אביב, על-פי הדגם של ""החיים על-פי אגפא"".

כן, אבל הוא מבטא את החיים שלכם, על-פי הביטוי לא של הסרט. הסרט בסדר גמור. אני אומר שזה תוכן החיים הישראליים, הפאבים של תל-אביב.

אנחנו? אולי מפלג מי שמונע מילדי העולים ללמוד יהדות?

איזו צביעות, ההגנה שלך על זה; איזו צביעות.

אני הצעתי שהתרבות הזאת לא תהיה כל תרבות החינוך.

אני לא מודה ועוזב. אני יודע, חברי הכנסת, שרבים רבים במפלגת העבודה לא מרוצים מזה. שמעתי את חבר הכנסת דיין, שמעתי את ד""ר ונונו, שמעתי את הרב מנחם הכהן, את השר צור, דומני את חברת הכנסת דליה איציק ועוד, ואני יכול להעיד, שרבים רבים מההורים השולחים את ילדיהם לחינוך הממלכתי לא רוצים שינתקו ויעקרו את ילדיהם ממקורותיהם ויעשו אותם עכשוויים בלבד. זה מה שעומד להתרחש, ושום נייר לא ישנה זאת. זה צחוק להאשים את המפד""ל בגילוי הדברים האלה, אף-על-פי שזה לכבוד לה, מפני שהשרה מיטיבה וששה לפרסם את הפנינים והכוונות האלה בגלוי. אני אומר לחברי מפלגת העבודה, שעדיין זוכרים את המורשת של אישים כמו פרופסור דינור, זלמן שז""ר, ברל כצנלסון, ויודעים שהשרים שהופקדו מטעמה על החינוך, כמו ארן, אבן, אלון, ידלין ונבון וכל מי שהם מינו היו רגישים הרבה יותר בסוגיה הזאת. ועכשיו, בקלות דעת הפכו את הממשלה הזאת לשמאלנית ולכופרנית במערכת החינוך. צר לי שרבין, שאמר שינווט ויקבע וימנה על-פי הבנתו, הסכים לכך, שלא כמו המורשת שהיתה בתנועתם. אתם יכולים להתעלם מהדברים בבריתות שאתם כורתים כאן בכנסת, אבל העם יזכור שאתם כורתים את העץ היהודי שעליו אנחנו יושבים, מפני שהוא לא בחר בכם כדי לחרף את מערכות ישראל, וזה מה שאתם עושים במשרד החינוך. ולמי שחושבים שהם כוחות המחר, אנחנו אומרים: נדבר על זה מחרתיים. ואנחנו אומרים לכל השותפים לדרך הזאת: גדולים מכם לא יכלו ליהדות, וגם אתם לא תצליחו. יש לנו סבלנות, ונתגבר על כך. מי שחושבים שבאנו לכאן כדי לעבוד לענת ולעשתורת או לשחזר את המשכילות נוסח יל""ג, שאבד עליה כלח, או כדי להיות ככל הגויים ולחיות רק על-פי תרבותם, טועים מאוד. אדוני היושב-ראש, אני רוצה לסיים את דברי: הממשלה הזאת, ששמה - אני מקווה בלי משים - את המלחמה ביהדות במערכת החינוך בראש מעייניה, איננה ראויה לאמון. לא תהיה תפארתכם על הדגל הזה שאתם מניפים, לא על ביטויי הכפירה הבוטים, שציטטתי חלק מהם, ולא על ייבוש לימודי היהדות בבתי-הספר, ולא על מעילה באמון ההורים, שרוצים ברובם בהנחלת מורשת ומסורת. כל השבועונים שיצאו השבוע בנושא החילוניות, בעקבות כל הדיונים האלה, הראו שחלק גדול מההורים, מהציבור הישראלי, אינו אותו מיעוט שאידיאולוגית רוצה להילחם בדת ולא לאפשר הכנת תשתית יהודית בריאה ורצינית לילדים, שלא יהיו בורים ועמי-ארצות. היום נוח לכם לשנוא את הדת והכי טוב לכם לשנוא את הציונות הדתית, וזה נובע, לדעתי, מקלות דעת ומחוסר אחריות ומרצון לערער ולקעקע את האופי היהודי של המדינה. לא רק במפד""ל, לפי דעתי בעם כולו אין נחת מטיפוח השנאה הזאת. לכו ותבדקו זאת. ראש הממשלה, שננזף על-ידי השרה בשבוע שעבר, גם הוא ביטא את מורת רוחו, אבל הוא לא עשה דבר. גם חבריה - לא כאן הערב - הסתייגו מהדברים האלה. אפשר היה לשנות זאת אילו עמדו על כך מי שצריכים היו לעמוד על כך. חברי הכנסת, המדיניות האנטי-יהודית במשרד החינוך נעשית נגד רצונו של רוב העם. מי שעומד היום בראש המשרד מייצג בנושא הזה - אני לא אומר בנושאים אחרים, אינני יודע - מיעוט קטן מאוד. ומי שיושב בשלטון הזה ושותף לו, שותף לאחריות ונותן יד לכך שמציון תצא כפירה, ודברי מינות - מירושלים. אנחנו לא נבהלים מההתקפות עלינו, אנחנו שלמים עם דרכנו ועם האחריות שלנו לערבות ההדדית ולמניעת קרעים בעם ולהנחלת יהדות בדרכי נועם. אנו קוראים לכנסת להצביע אי-אמון בממשלה. אין מוצדק מזה לאחר שהיא גנבה את דעתם של בוחריה בנושא היהודי החיוני הזה.

הבעת מורת-רוח של ראש הממשלה מההתבטאויות, מה זה?

מי קבע שצריך להפעיל שיקול דעת? אתם או אני?

אסור לקרוא קריאות ביניים?

אני מציע לתת לו לדבר - - -

סיעת ש""ס פנתה אלינו או שהיא הבינה שיש בעיה?

אצלנו? יש 240,000 בני עדות המזרח - - -

תגיד דבר אחד לא-אמת שאמרתי.",10,
7472,1993-02-01,"מסמכים שהונחו על שולחן הכנסת . תפקודה של הממשלה; . ממשלה בתוך ממשלה, פעולות הממשלה בתחום סדרי עדיפויות","אדוני היושב-ראש, חברי הכנסת, לפני שבועות מספר, כאשר החליטה הממשלה על הגירוש, ביטלה המפד""ל את הצעת האי-אמון שלה והביעה בכך את הזדהותה עם המהלך של הממשלה במלחמה בטרור ואת הצורך בעמידה לאומית משותפת מול המתקפה מחוץ על המהלך המוצדק. ראינו במהלך תמיכה באלה שבטוחים שהציונות חייבת לנצח מול אלה שפועלים לפגוע בה ובאזרחי מדינת ישראל, מול אלה שנשבעו להשמיד את מדינת ישראל ולחסל את העם היהודי היושב בה. גם עכשיו עלינו לעמוד מול הלחצים הבין-לאומיים, שניזונים גם מהבקיעים אצלנו בבית. הריצה לערפאת ומשאל השרים האנונימיים הם בקיעים שכאלה, שמשדרים קריאה ללחץ. ממשלה איננה יכולה לזכות במדיניות חוץ וביטחון כלל-לאומית שמוסכמת גם על האופוזיציה כאשר בתוכה עצמה יש שתי ממשלות המכחישות זו את זו, בגלוי ובסתר. ממשלה בתוך ממשלה גם מונה את ציבור הבוחרים מבית, גם תורמת ללחץ עלינו מבחוץ. אנחנו מציעים להצביע אי-אמון לממשלה בתוך ממשלה, לממשלת צללים שחותרת תחת תוכנית ממשלה רשמית. ראש הממשלה הבטיח, כמו שהוזכר, שהוא יקבע שרים ומדיניות. ראש הממשלה עצמו מביע אי-אמון בחלק משריו ובחברי כנסת מתומכי הממשלה, טוען שהם מזיקים למדיניות של מדינת ישראל, אבל מרשה להם לעשות כמעט ככל העולה על רוחם. מצב כזה איננו מתקבל על הדעת. מאחר שראש הממשלה אומנם קיבל מנדט אישי בבחירות על סמך מדיניות שהוא התחייב לה, זכאי העם לדעת מי מנהל את הממשלה הכפולה ומדוע מאפשר הוא לה לפעול בשני כיוונים סותרים. חוק המפגשים עם אש""ף התקבל על-ידי הממשלה שלא לרצונו של ראש הממשלה, כך פורסם. חמור מכך הוא, שכוונתם של היוזמים איננה למפגשים אישיים תמימים, כפי שנאמר בדברי ההסבר לחוק, אלא כפי שאמרה ועשתה חברת הכנסת יעל דיין, לנהל מדיניות נפרדת; בעצם, לחתור תחת ממשלה דמוקרטית שנבחרה כחוק וליצור דינמיקה ומציאות של מדיניות חוץ אחרת מזו של הממשלה שנבחרה. לא ייתכן שהכנסת תיתן אמון לממשלה שיש לה שני קולות צורמים ושני קווי מדיניות שסותרים זה את זה. לכן, גם אם כל הקואליציה תצביע נגד האי-אמון, יישאר האי-אמון הבסיסי, כי לא נדע אם הצבעתם עם רבין, ששולל הידברות עם אש""ף, או עם השרים וחברי הכנסת שמשחרים לפתחו של ערפאת ומציגים אותו כשוחר שלום. לא נדע גם אם הצבעתם למען ההצבעה של הממשלה, כפי שהצבעתם בעד הגירוש של אנשי ה""חמאס"", או שהצבעתם בעד ההצבעה החשאית - המשאל בסתר של הטלוויזיה, שמגלה את צפונות לבם של רוב השרים, שמתחרטים על הגירוש שראש הממשלה מגן עליו. גם לא נדע אם הצבעתם בעד החלטת הגינוי של הממשלה למתן פרס ישראל למי שקורא לסרבנות לשירות בצה""ל, או מי שבחשאי, במגרש חנייה או בקוקטייל בישלה את הפרס, לאחר שהזדהתה עם השחרת פניהם של המסתערבים, הראויים לשבח. לכן, גם אם טכנית, מכנית, תצביע הקואליציה נגד האי-אמון, עדיין יישאר הספק בכנסת ובעם, שלא נדע בעד מי הצבעתם, בעד רבין או נגדו. חברי הכנסת, הרבה טעמים, שמתחדשים בכל יום, יש לנו לאי-אמון בממשלה: מדברי הכפירה, שחוזרים לסורם, של מי שממונה על-ידי הממשלה הזאת על חינוכם של ילדי ישראל, דברי בלע רצופים בורות, שמועתקים מאמירות משכיליות שאבד עליהן כלח, ודברי מחאה רפים של יציאה ידי חובה תוך כדי תמיכה בממשלה, כשזה החינוך שהיא נותנת, דברים שאינם התשובה הראויה על גידופים כאלה כלפי ערכי נצח יהודיים ולאומיים שלנו - מזה ועד ממשלה שחותרת תחת עצמה בנושאים מדיניים, מהמשא-ומתן עם אש""ף-תוניס ועד הרהורי חרטה בעניין ה""חמאס"" במשאלי הטלוויזיה. חברי הכנסת, אדוני היושב-ראש, האי-אמון מוצע בזמן שהסרבנות לשרת בצה""ל כמעט זוכה בפרס ישראל ביום העצמאות ומול ממשלה שחותרת תחת ראש הממשלה שלה, ואין פלא שההישג העיקרי של הממשלה הזאת עד עכשיו, בחצי השנה הזאת, הוא בבלימה ובייבוש של ההתיישבות. הבשורה הגדולה היא, שהכנסת תהיה מחר לסן-פרנסיסקו, ואילת תהיה ללאס-וגאס, וייבנה לנו שם קזינו.

ופה - אתם יודעים. ממשלה כזאת ראויה לאי-אמון. האי-אמון יישאר תלוי גם אם תצביע הקואליציה נגדו, כפי שאמרתי, מפני שסימני השאלה יישארו, ומפני שלאחר שתצביעו לא נדע לאיזו ממשלה הצבעתם. לכן, סימני השאלה האלה נשארים תלויים באוויר ובמציאות. אדוני היושב-ראש, אילו הלכו מרכיבי הממשלה לבחירות כשכרטיס הביקור שלהם הוא שיחות אש""ף-ערפאת, ספקות במלחמה בטרור וכפרנות נוסח אלוני - היו נכשלים בבחירות. הם הצליחו בזכות הקו האחר של רבין, שעליו הם התחייבו אז. אבל תחתיו הממשלה חותרת עכשיו. לפעמים נראה כאילו עומד ראש הממשלה כמו הילד ההולנדי שתחב את האצבע שלו בחור החומה, אבל בעצם כל היתר פועלים כדי שהחומה והסכר כולו יתמוטטו. לכן, השאלה הנשאלת: האם יש לממשלה מנדט אמיתי ולגיטימי? אנחנו טוענים שלא.

אני מציע להביע אי-אמון לממשלה.",1,
7550,1993-02-01,"הצעות סיעות הליכוד והמפד""ל להביע אי-אמון לממשלה בשל:: תפקודה של הממשלה; ממשלה בתוך ממשלה, פעולות הממשלה בתחום סדרי עדיפויות","אדוני היושב-ראש, חברי הכנסת, לפני שבועות מספר, כאשר החליטה הממשלה על הגירוש, ביטלה המפד""ל את הצעת האי-אמון שלה והביעה בכך את הזדהותה עם המהלך של הממשלה במלחמה בטרור ואת הצורך בעמידה לאומית משותפת מול המתקפה מחוץ על המהלך המוצדק. ראינו במהלך תמיכה באלה שבטוחים שהציונות חייבת לנצח מול אלה שפועלים לפגוע בה ובאזרחי מדינת ישראל, מול אלה שנשבעו להשמיד את מדינת ישראל ולחסל את העם היהודי היושב בה. גם עכשיו עלינו לעמוד מול הלחצים הבין-לאומיים, שניזונים גם מהבקיעים אצלנו בבית. הריצה לערפאת ומשאל השרים האנונימיים הם בקיעים שכאלה, שמשדרים קריאה ללחץ. ממשלה איננה יכולה לזכות במדיניות חוץ וביטחון כלל-לאומית שמוסכמת גם על האופוזיציה כאשר בתוכה עצמה יש שתי ממשלות המכחישות זו את זו, בגלוי ובסתר. ממשלה בתוך ממשלה גם מונה את ציבור הבוחרים מבית, גם תורמת ללחץ עלינו מבחוץ. אנחנו מציעים להצביע אי-אמון לממשלה בתוך ממשלה, לממשלת צללים שחותרת תחת תוכנית ממשלה רשמית. ראש הממשלה הבטיח, כמו שהוזכר, שהוא יקבע שרים ומדיניות. ראש הממשלה עצמו מביע אי-אמון בחלק משריו ובחברי כנסת מתומכי הממשלה, טוען שהם מזיקים למדיניות של מדינת ישראל, אבל מרשה להם לעשות כמעט ככל העולה על רוחם. מצב כזה איננו מתקבל על הדעת. מאחר שראש הממשלה אומנם קיבל מנדט אישי בבחירות על סמך מדיניות שהוא התחייב לה, זכאי העם לדעת מי מנהל את הממשלה הכפולה ומדוע מאפשר הוא לה לפעול בשני כיוונים סותרים. חוק המפגשים עם אש""ף התקבל על-ידי הממשלה שלא לרצונו של ראש הממשלה, כך פורסם. חמור מכך הוא, שכוונתם של היוזמים איננה למפגשים אישיים תמימים, כפי שנאמר בדברי ההסבר לחוק, אלא כפי שאמרה ועשתה חברת הכנסת יעל דיין, לנהל מדיניות נפרדת; בעצם, לחתור תחת ממשלה דמוקרטית שנבחרה כחוק וליצור דינמיקה ומציאות של מדיניות חוץ אחרת מזו של הממשלה שנבחרה. לא ייתכן שהכנסת תיתן אמון לממשלה שיש לה שני קולות צורמים ושני קווי מדיניות שסותרים זה את זה. לכן, גם אם כל הקואליציה תצביע נגד האי-אמון, יישאר האי-אמון הבסיסי, כי לא נדע אם הצבעתם עם רבין, ששולל הידברות עם אש""ף, או עם השרים וחברי הכנסת שמשחרים לפתחו של ערפאת ומציגים אותו כשוחר שלום. לא נדע גם אם הצבעתם למען ההצבעה של הממשלה, כפי שהצבעתם בעד הגירוש של אנשי ה""חמאס"", או שהצבעתם בעד ההצבעה החשאית – המשאל בסתר של הטלוויזיה, שמגלה את צפונות לבם של רוב השרים, שמתחרטים על הגירוש שראש הממשלה מגן עליו. גם לא נדע אם הצבעתם בעד החלטת הגינוי של הממשלה למתן פרס ישראל למי שקורא לסרבנות לשירות בצה""ל, או מי שבחשאי, במגרש חנייה או בקוקטייל בישלה את הפרס, לאחר שהזדהתה עם השחרת פניהם של המסתערבים, הראויים לשבח. לכן, גם אם טכנית, מכנית, תצביע הקואליציה נגד האי-אמון, עדיין יישאר הספק בכנסת ובעם, שלא נדע בעד מי הצבעתם, בעד רבין או נגדו. חברי הכנסת, הרבה טעמים, שמתחדשים בכל יום, יש לנו לאי-אמון בממשלה: מדברי הכפירה, שחוזרים לסורם, של מי שממונה על-ידי הממשלה הזאת על חינוכם של ילדי ישראל, דברי בלע רצופים בורות, שמועתקים מאמירות משכיליות שאבד עליהן כלח, ודברי מחאה רפים של יציאה ידי חובה תוך כדי תמיכה בממשלה, כשזה החינוך שהיא נותנת, דברים שאינם התשובה הראויה על גידופים כאלה כלפי ערכי נצח יהודיים ולאומיים שלנו – מזה ועד ממשלה שחותרת תחת עצמה בנושאים מדיניים, מהמשא-ומתן עם אש""ף-תוניס ועד הרהורי חרטה בעניין ה""חמאס"" במשאלי הטלוויזיה. חברי הכנסת, אדוני היושב-ראש, האי-אמון מוצע בזמן שהסרבנות לשרת בצה""ל כמעט זוכה בפרס ישראל ביום העצמאות ומול ממשלה שחותרת תחת ראש הממשלה שלה, ואין פלא שההישג העיקרי של הממשלה הזאת עד עכשיו, בחצי השנה הזאת, הוא בבלימה ובייבוש של ההתיישבות. הבשורה הגדולה היא, שהכנסת תהיה מחר לסן-פרנסיסקו, ואילת תהיה ללאס-וגאס, וייבנה לנו שם קזינו.

ופה – אתם יודעים. ממשלה כזאת ראויה לאי-אמון. האי-אמון יישאר תלוי גם אם תצביע הקואליציה נגדו, כפי שאמרתי, מפני שסימני השאלה יישארו, ומפני שלאחר שתצביעו לא נדע לאיזו ממשלה הצבעתם. לכן, סימני השאלה האלה נשארים תלויים באוויר ובמציאות. אדוני היושב-ראש, אילו הלכו מרכיבי הממשלה לבחירות כשכרטיס הביקור שלהם הוא שיחות אש""ף-ערפאת, ספקות במלחמה בטרור וכפרנות נוסח אלוני – היו נכשלים בבחירות. הם הצליחו בזכות הקו האחר של רבין, שעליו הם התחייבו אז. אבל תחתיו הממשלה חותרת עכשיו. לפעמים נראה כאילו עומד ראש הממשלה כמו הילד ההולנדי שתחב את האצבע שלו בחור החומה, אבל בעצם כל היתר פועלים כדי שהחומה והסכר כולו יתמוטטו. לכן, השאלה הנשאלת: האם יש לממשלה מנדט אמיתי ולגיטימי? אנחנו טוענים שלא.

אני מציע להביע אי-אמון לממשלה.",1,
9093,1993-03-01,הצעות לסדר-היום: ביקורו של מזכיר המדינה האמריקני ונושא המגורשים,"אדוני היושב-ראש, חברי הכנסת, קודם כול - הרצח המתועב שהיה הבוקר בתל-אביב. תנחומים למשפחות הנרצחים ורפואה שלמה לפצועים, והחרפת המלחמה בטרור על-ידי כוחות הביטחון. שרים שכבר הבוקר ממהרים להסתלק בחיפזון מיהודה, משומרון ומעזה, עקב הטרור, קוראים בעצם לטרור להמשיך ולהכות, שהרי המסקנה של הטרוריסטים תהיה שהטרור מועיל; שלא לדבר על המצב הביטחוני היותר-קשה שנימצא בו. יש לכך קשר עם ביקורו של שר החוץ של ארצות-הברית, כלומר ההפרדה שעושים בין המאבק בטרור לבין המשא-ומתן המדיני. הממשלה חייבת תשובה לכנסת ולעם - האם חוזרים המגורשים לבתיהם, מפני שרק כך מוכנים הפלשתינים לחזור לשיחות? האם יש הסדר כזה עם ארצות-הברית או עם מצרים? או שמא הרמזים שיש שינוי נוסף במצב המגורשים אינם נכונים? נתנו בזמננו אשראי לממשלה שגירשה כדי להכות בטרור, ששכנעה את בית-המשפט העליון בצדקת המהלך, שהגיעה להסדר, בעיני סביר, עם שר החוץ האמריקני. אבל אמרנו אז, שעדיין חובת ההוכחה היא על ראש הממשלה, שאין כאן מדיניות של ""סלאמי"", ושלא יגיעו ויתורים נוספים שישימו לאל את הגירוש. והנה מתרבים הסימנים, שכדי לחדש את השיחות מחזירים את המגורשים, בלי שהם מתחייבים בתמורה להפסיק את הטרור. אם נכון הדבר, מוטב היה באמת שלא לגרש. שהרי אם מחזירים, ואם מתחייבים גם ששוב לא יגרשו, יצא שכרנו מאוד מאוד בהפסדנו, מבחינת ההרתעה מול הטרור. שאלה נוספת הקשורה בביקורו של מר כריסטופר היא, האם אומנם מתקיימות שיחות, ישירות או עקיפות, ודאי חשאיות, עם סוריה, באשר להחזרת כל הגולן תמורת שלום מלא, גם אם בשלבים, אבל עם הודעה מראש על זאת? או לחלופין: האם מתקיימות שיחות על החזרת חלק מהגולן תמורת שלום חלקי? האם מדובר על זה? ובקשר לזה: האם דבריו של סגן הרמטכ""ל נבדו מראשו, או האם הם נועדו להכשיר דעת קהל לנסיגה כזאת ולתת לזה לגיטימציה ביטחונית? הכנסת ראויה שישיבו לעם באמצעותה בזמן אמת: האם סבור ראש הממשלה, האם סבורה הממשלה, שהסורים לא יעשו שלום מלא בלי שיקבלו את כל הגולן, והאם נכונה הממשלה לשלום כזה? אני שואל את ראש הממשלה מה הוא סבור, והאם הוא סבור שיש להיענות לכך. ועוד, האם אומנם אין בעיה למדינת ישראל להגן על הגליל ועל כל הארץ בלי רמת-הגולן, כפי שהובן מדבריו של סגן הרמטכ""ל? והאם הממשלה נכונה למצב כזה? ובאותו תזמון אני רוצה לשאול את שר החוץ על דבריו כפי שפורסמו, שאם יוחלט על נסיגה מכל רמת-הגולן אין צורך בבחירות או במשאל עם בנושא הזה. האם גם הדברים האלה נועדו להכשיר את דעת הקהל לנסיגה כזאת? ואיך כל זה מתיישב עם ההצהרות החוזרות על כך שלא יחזור התקדים של ימית? והאם לא נראה לממשלה שאם יחזור בגולן תקדים ימית וסיני, זה יהיה סחף שלא יהיה אפשר לעצור אותו גם ביהודה, בשומרון ובעזה, כולל הכול - לא תוכנית-אלון, לא גוש-עציון, לא הבקעה, לא ירושלים, אלא הכול? והאם הממשלה תומכת בחזרה לגבולות 1948? חברי הכנסת, בסיכום הדברים, יש דיבורים על כך שיש לשלם מחיר נוסף כדי להחזיר את הפלשתינים לשיחות, היינו שדבר לא יזוז בלי פתרון בעיית המגורשים או עשיית מחוות נוספות, ושאין שלום בלי נסיגה מהגולן. אם כך הם פני הדברים בעיני הממשלה, טעות היתה בידה כשהחליטה לגרש את אנשי ה""חמאס"", טעות בהבנה ובהערכה. כשגורשו אנשי ה""חמאס"" אמרה הממשלה: מרחיקים את ה""חמאס"" כדי לאפשר תהליך מדיני שה""חמאס"" פועל נגדו. והנה מתבררת לעיני כל אפסי ארץ הטעות שבהערכה הזאת, הערכה בשתי המשמעויות שלה. שהרי אש""ף המתון כאילו מתיישר עם ה""חמאס"". בעצם התגלתה בקוצר ראייתה האשליה החמורה שהממשלה מכרה לנו, שהפלשתינים ה""טובים"" יילחמו נגד ה""רעים"". ראינו שה""חמאס"" ואש""ף-תוניס ופייצל חוסייני וחלק מההנהגה הפלשתינית בישראל, כולם מתיישרים לפי אותו קו. המשלחות חוששות מה""חמאס"", הירדנים חוששים מהם, הסורים עמהם. הוכחה הטעות שניסו ""להאכיל"" אותנו בה, שבסיכוי להסדר יהיה בקע בין מי שהם כאילו הטובים לבין מי שהם כאילו הרעים. הוכח שכולם מתלכדים מולנו; אינם אומרים שהטרור לא לגיטימי, אלא שהגירוש אינו לגיטימי. המאבק היה האם טרור שווה גירוש, או שאפשרי לנהל טרור בלי להסתכן בגירוש או בעונש משמעותי ומרתיע. כל ויתור נוסף הוא פרס ל""חמאס"". הממשלה צריכה לומר לכנסת, לציבור, לאן נושבת רוח הממשלה בעניין הנסיגה מהגולן ובעניין החזרת המגורשים. ההצהרות האלה דרושות משר החוץ, מראש הממשלה, בזמן נכון, כדי שלא נגיע למצב של כדור שלג - שאין ממנו שלום ואין בו ביטחון.

מה שייכים הדברים שלו להצעה שלי?",2,
10418,1993-03-22,מסמכים שהונחו על שולחן הכנסת . התגברות מעשי רצח ואוזלת ידה ותפקודה של הממשלה; . התערערות ביטחון הפנים,"אדוני היושב-ראש, חברי הכנסת, מה עוד צריך לקרות שלא קרה בשבועות העקובים מדם שעוברים עלינו, כדי שהממשלה תתעשת ותחליט שהגיע דם עד נפש ושחובתה קודם כול, קודם לכול, להבטיח את ביטחונם האישי של אזרחיה - ילדים, צעירים, מבוגרים, נשים, גברים, אזרחים וחיילים? בשלושה שבועות רוויי דם נרצחו עשרה יהודים, נפצעו כ-20, בסכינים, בגרזינים, בכדורי רובה, ברימון רסס; בנשק קר וחם, בפעולות טרור מתוכננות, של חוליות רצח ושל סכינאים, ששיספו ראשים, שריסקו וסקלו למוות אנשים חפים מכל חטא. טועה מי שאומר ואמר שיש מי ש""רוקדים על הדם"". הטענה היא הפוכה, שמדינת ישראל עומדת על דם בניה, שאנחנו עומדים על דם שנשפך כמים. זאת רשעות לומר מה שאמרו, שמתנחלים - בלשונם, מפלגות ימין, הרחוב, מחממים את האווירה כדי למנוע משא-ומתן. איזה שקר זה. אתם לא שומעים? אתה לא שומע שיש כאב בעם בעניין הזה? כל כך אתה מנותק מהפחדים שקיימים? לא מבינים את המסר של המפכ""ל, שנותן לאזרחים את התחושה שכמעט איש לגורלו, משום שכמעט תוהו ובוהו, כמעט אנרכיה בנושא ביטחון הפנים? האם הממשלה לא מרגישה שחל מפנה ולא מדובר עוד בהפגנות ובאבנים בלבד, אלא בנשק קטלני קר, ויותר ויותר חם? שלא מדובר עוד בגוש-קטיף בלבד? והאם דמם של מתיישביו של גוש-קטיף אדום פחות מדם בני עמנו במקום אחר בארץ? אלא שכל הארץ כבר חזית. אין ביטחון ברחובותינו ביום ובלילה, בירושלים המזרחית ובירושלים המערבית, בנצרת, ברמלה, בעפולה, בבית-שמש, בכביש חוצה-שומרון, בכביש תל-אביב-ירושלים.

ועכשיו יש מפנה נוסף, ואני מציע לכם לשים לב אליו, חברי הכנסת - לתוך חצרות בתי-הספר שלנו. זה מפנה. איך יכולות עיני הממשלה להיות מוכות בסנוורים כשהיא אומרת שלא הוכח שהאנשים מופעלים על-ידי ארגון טרור? האם יש ספק שמכינים כאן מארבים עם כלי נשק, עם רכבי מילוט? והאם לא שומעים את הארגונים, ובראשם ה""פתח"" של אש""ף, מקבלים על עצמם אחריות לטרור ולרצח? חברי הבית, זאת אחריות שלנו לומר לממשלה, שאנחנו מרגישים את תחושת הבטן, הלב והראש של האזרחים, שמרגישים שביטחונם הופקר, ובאמת בייאושם ובמר להם הם מתריסים. הדיבורים חסרי האחריות מול המתיישבים עלולים להביא להתרת דמם. אני אומר לראש הממשלה, לממשלה: ""עמו אנוכי בצרה"". כשמישהו סובל צריך לרדת אליו, להיות אתו, לחזק אותו, ולא להגיד שהירושלמים לא מתנדבים מספיק, כדי להסביר למה קרה מה שקרה בבית-הספר. לא צריך להגיד שהמתנחלים לא היו צריכים להיות ביישוביהם ואז זה לא היה קורה להם.

אגב, בלי חשבון צדדי אני רוצה לומר דבר, ואני מבקש שלא תראו זאת באופן אחר אלא רק באמת באופן אמיתי. אני צריך לשבח את סגן שר הביטחון, מוטה גור, על הדרך שבה הוא מדבר בימים האחרונים אל האנשים שכואבים, מתוך הבנה אליהם. אדוני היושב-ראש, אנחנו לא יכולים להשתחרר מהרושם, שגם שיקולים פוליטיים מחלישים את הנחרצות והנחישות להילחם בטרור. הרבה מהרעיונות שהועלו אתמול בממשלה - ואני לא יודע מה התקבל ומה לא, אבל אני מתייחס למה שנמסר בעיתונות שהועלה בממשלה - מקלים בחומרת ההידרדרות המסוכנת במצב ביטחון הפנים שלנו. איזו אשליה מבית-מדרשו של השמאל ואילו הזיות. קראתי שמציעים להביא את הנהגת אש""ף-תוניס לעזה, והיא תעשה עבורנו את המלחמה בטרור, נגד ה""חמאס"". נגדנו, הרי הם מזדהים אתם; ראו ערך: מגורשים. ומה עם ה""פתח"" של אש""ף, שיורה ומדבר? ואילו עוד רעיונות מרקסיסטיים שאבד עליהם כלח? רק אצלנו עוד נשאר משהו מהם. אומרים שמקור הבעיה הוא כביכול בעוני ובצפיפות, ולכן תיקחו מיליארד שקל, ליתר דיוק 800 מיליון, ודאי מתקציב קליטת העלייה והאבטלה ומהערבויות, ותנו לבנות את עזה. אין קשר של אחד לאחד בין קנאות דתית ולאומנות ובין העוני. זה מרכיב אחד; לא העיקרי. תראו את חיי האירנים אצל השאח. רמתם היתה גבוהה פי מאה, והם בחרו באסלאם הקיצוני. איזו מחשבה מוטעית היא לומר, שהפתרון לטרור הוא מדיני בעיקרו. כן, אבל במהופך: יהיה שקט - יהיו דיבורים. כל אלה מחלישים מאוד את רצון הממשלה, שמוקרן על הצבא, להתייחס אל הטרור כאל מלחמה, מלחמת טרור בקנה מידה שלא ידענו כמותו, ולא יעזור שום דיבור שימעיט בכך, כאילו זה לא כך; זה כך. לא ידענו בשנים האחרונות, בצורה אינטנסיבית כל כך, את הכיוון הזה. אני אומר גם לראש הממשלה, שחלק גדול מהמוניטין שלו ומאמון העם בו הוא בהיותו מה שקוראים ביטחוניסט, שהביטחון אצלו היה דבר ברזל. לא טוב שאתה נותן - שהממשלה, בראשותך, תאמר: אני חוששת לטפל בנושא הביטחוני באופן מלא, בגלל המדיניות. האחריות - כמו שאמר פה חבר הכנסת קצב - היא קודם כול עליך כראש הממשלה ושר הביטחון. ממך ומידך יבקשו זאת. אנחנו מאמינים שיש לצה""ל יכולת ואמצעים להתגבר על הטרור הגואה ולהילחם בו. איזו יצירתיות ואיזו דבקות מגלה צה""ל בהכנותיו למלחמה מול מדינות אויב, למלחמה כי תקרה. אבל כאן - הרבה פחות. אבל זאת מלחמה לא פחות. הממשלה חייבת היתה להחליט שני דברים: האחד - שיש קשר בין הטרור לבין שיחות. הפלשתינים לא יכולים ליהנות משני השולחנות - לשבת במשא-ומתן רציני ובו-זמנית להגביר טרור. זה קשקוש, בלשון ראש הממשלה. זה פרס ל""חמאס"". להיפך, השיחות חשובות להם, כמו לנו, ואם לא יפסיקו את הטרור, יפסידו אותן. והלחץ יהיה להפסיק את הטרור. לפחות כך עשינו בעבר בדרך כלל - קודם כול הפסקת אש, הפרדת כוחות, שביתת נשק, אחר כך הסכמי ביניים, ועם מצרים - שלום.

הרבה פעמים, לרבות במלחמת השחרור והלאה. אין שלום ישר ממצב של ירי. לדעתי, גם אין לזה סיכוי להצליח מבחינת היכולת לקלוט את זה כשהטרור ישתולל. המשא-ומתן הוא לא תהליך קצר, וזו לא תביעה מוגזמת מצדנו, שבעת השיחות לא ירצחו את אזרחינו ברחובות ואת ילדינו בחצרות ובין גדרות בתי-הספר. והנקודה השנייה - בעניין היציאה מהגדרות. כל פעם שומעים מנציגי הממשלה, שהפתרון לטרור, לא ניתן להשיגו בדרך צבאית. לצערי, גם קצינים אומרים את זה לפעמים. זה לא נכון. יש לצבא יכולת להתמודד עם העניין, וזה לא סותר את העניין המדיני. הכי חמור, ואני חושב שיש כאלה שחושבים, שבלי טרור לא יהיה משא-ומתן מצדנו. לכן יש אלו מחסומים שמוצבים על עבודת הצבא. ואם המסתערבים, למשל, עושים עבודה נאמנה, אז תכפילו פי עשרה. שמעתי, קראתי, שמקבלים אחד מעשרה מתנדבים. אז תיתנו שיתקבלו עשרה. ואם אין כסף, מצאו אותו, כי זה יותר חשוב מהרבה דברים אחרים. ואם מג'בל-מוכאבר רוצחים בירושלים, נטפל נקודתית בג'בל-מוכאבר, וכך ברפיח, בח'אן-יונס, בג'באליה ובמקומות אחרים. אדוני היושב-ראש, צריך למנוע כל הישג מהאויב ולהעביר את המלחמה לשטחו. ונכון שאי-אפשר להבטיח שלא יקרה שום מקרה, אבל אי-אפשר בכל שני וחמישי מלאי דמים לומר, שאי-אפשר להתגבר על כך. שהממשלה לא תקנה את הטיעונים הללו. דברו משא-ומתן, נתווכח על התנאים של המשא-ומתן, דברו. אבל אל תדברו בפרחים במלחמה בטרור. זאת שתהיה נחושה. ואל תפרידו בין ""חמאס"" ל""פתח"". המשפחות של ההרוגים, לא משנה להן שם הארגון ומה היו טעמיו לרצח. כל עוד לא החליטה הממשלה על הצעדים האלה, היא לא ראויה לאמון הכנסת. וראוי שהכנסת תוריד אותה לפני שיאבד השלטון המרכזי את השפעתו, וכל אחד ירגיש נעזב לנפשו. אני מציע אי-אמון בממשלה.",10,
10552,1993-03-22,"הצעות סיעות הליכוד, מפד""ל וצומת להביע אי-אמון לממשלה בשל: התגברות מעשי רצח ואוזלת ידה ותפקודה של הממשלה;: התערערות ביטחון הפנים","אדוני היושב-ראש, חברי הכנסת, מה עוד צריך לקרות שלא קרה בשבועות העקובים מדם שעוברים עלינו, כדי שהממשלה תתעשת ותחליט שהגיע דם עד נפש ושחובתה קודם כול, קודם לכול, להבטיח את ביטחונם האישי של אזרחיה – ילדים, צעירים, מבוגרים, נשים, גברים, אזרחים וחיילים? בשלושה שבועות רוויי דם נרצחו עשרה יהודים, נפצעו כ-20, בסכינים, בגרזינים, בכדורי רובה, ברימון רסס; בנשק קר וחם, בפעולות טרור מתוכננות, של חוליות רצח ושל סכינאים, ששיספו ראשים, שריסקו וסקלו למוות אנשים חפים מכל חטא. טועה מי שאומר ואמר שיש מי ש""רוקדים על הדם"". הטענה היא הפוכה, שמדינת ישראל עומדת על דם בניה, שאנחנו עומדים על דם שנשפך כמים. זאת רשעות לומר מה שאמרו, שמתנחלים – בלשונם, מפלגות ימין, הרחוב, מחממים את האווירה כדי למנוע משא-ומתן. איזה שקר זה. אתם לא שומעים? אתה לא שומע שיש כאב בעם בעניין הזה? כל כך אתה מנותק מהפחדים שקיימים? לא מבינים את המסר של המפכ""ל, שנותן לאזרחים את התחושה שכמעט איש לגורלו, משום שכמעט תוהו ובוהו, כמעט אנרכיה בנושא ביטחון הפנים? האם הממשלה לא מרגישה שחל מפנה ולא מדובר עוד בהפגנות ובאבנים בלבד, אלא בנשק קטלני קר, ויותר ויותר חם? שלא מדובר עוד בגוש-קטיף בלבד? והאם דמם של מתיישביו של גוש-קטיף אדום פחות מדם בני עמנו במקום אחר בארץ? אלא שכל הארץ כבר חזית. אין ביטחון ברחובותינו ביום ובלילה, בירושלים המזרחית ובירושלים המערבית, בנצרת, ברמלה, בעפולה, בבית-שמש, בכביש חוצה-שומרון, בכביש תל-אביב–ירושלים.

ועכשיו יש מפנה נוסף, ואני מציע לכם לשים לב אליו, חברי הכנסת – לתוך חצרות בתי-הספר שלנו. זה מפנה. איך יכולות עיני הממשלה להיות מוכות בסנוורים כשהיא אומרת שלא הוכח שהאנשים מופעלים על-ידי ארגון טרור? האם יש ספק שמכינים כאן מארבים עם כלי נשק, עם רכבי מילוט? והאם לא שומעים את הארגונים, ובראשם ה""פתח"" של אש""ף, מקבלים על עצמם אחריות לטרור ולרצח? חברי הבית, זאת אחריות שלנו לומר לממשלה, שאנחנו מרגישים את תחושת הבטן, הלב והראש של האזרחים, שמרגישים שביטחונם הופקר, ובאמת בייאושם ובמר להם הם מתריסים. הדיבורים חסרי האחריות מול המתיישבים עלולים להביא להתרת דמם. אני אומר לראש הממשלה, לממשלה: ""עמו אנוכי בצרה"". כשמישהו סובל צריך לרדת אליו, להיות אתו, לחזק אותו, ולא להגיד שהירושלמים לא מתנדבים מספיק, כדי להסביר למה קרה מה שקרה בבית-הספר. לא צריך להגיד שהמתנחלים לא היו צריכים להיות ביישוביהם ואז זה לא היה קורה להם.

אגב, בלי חשבון צדדי אני רוצה לומר דבר, ואני מבקש שלא תראו זאת באופן אחר אלא רק באמת באופן אמיתי. אני צריך לשבח את סגן שר הביטחון, מוטה גור, על הדרך שבה הוא מדבר בימים האחרונים אל האנשים שכואבים, מתוך הבנה אליהם. אדוני היושב-ראש, אנחנו לא יכולים להשתחרר מהרושם, שגם שיקולים פוליטיים מחלישים את הנחרצות והנחישות להילחם בטרור. הרבה מהרעיונות שהועלו אתמול בממשלה – ואני לא יודע מה התקבל ומה לא, אבל אני מתייחס למה שנמסר בעיתונות שהועלה בממשלה – מקלים בחומרת ההידרדרות המסוכנת במצב ביטחון הפנים שלנו. איזו אשליה מבית-מדרשו של השמאל ואילו הזיות. קראתי שמציעים להביא את הנהגת אש""ף-תוניס לעזה, והיא תעשה עבורנו את המלחמה בטרור, נגד ה""חמאס"". נגדנו, הרי הם מזדהים אתם; ראו ערך: מגורשים. ומה עם ה""פתח"" של אש""ף, שיורה ומדבר? ואילו עוד רעיונות מרקסיסטיים שאבד עליהם כלח? רק אצלנו עוד נשאר משהו מהם. אומרים שמקור הבעיה הוא כביכול בעוני ובצפיפות, ולכן תיקחו מיליארד שקל, ליתר דיוק 800 מיליון, ודאי מתקציב קליטת העלייה והאבטלה ומהערבויות, ותנו לבנות את עזה. אין קשר של אחד לאחד בין קנאות דתית ולאומנות ובין העוני. זה מרכיב אחד; לא העיקרי. תראו את חיי האירנים אצל השאח. רמתם היתה גבוהה פי מאה, והם בחרו באסלאם הקיצוני. איזו מחשבה מוטעית היא לומר, שהפתרון לטרור הוא מדיני בעיקרו. כן, אבל במהופך: יהיה שקט – יהיו דיבורים. כל אלה מחלישים מאוד את רצון הממשלה, שמוקרן על הצבא, להתייחס אל הטרור כאל מלחמה, מלחמת טרור בקנה מידה שלא ידענו כמותו, ולא יעזור שום דיבור שימעיט בכך, כאילו זה לא כך; זה כך. לא ידענו בשנים האחרונות, בצורה אינטנסיבית כל כך, את הכיוון הזה. אני אומר גם לראש הממשלה, שחלק גדול מהמוניטין שלו ומאמון העם בו הוא בהיותו מה שקוראים ביטחוניסט, שהביטחון אצלו היה דבר ברזל. לא טוב שאתה נותן – שהממשלה, בראשותך, תאמר: אני חוששת לטפל בנושא הביטחוני באופן מלא, בגלל המדיניות. האחריות – כמו שאמר פה חבר הכנסת קצב – היא קודם כול עליך כראש הממשלה ושר הביטחון. ממך ומידך יבקשו זאת. אנחנו מאמינים שיש לצה""ל יכולת ואמצעים להתגבר על הטרור הגואה ולהילחם בו. איזו יצירתיות ואיזו דבקות מגלה צה""ל בהכנותיו למלחמה מול מדינות אויב, למלחמה כי תקרה. אבל כאן – הרבה פחות. אבל זאת מלחמה לא פחות. הממשלה חייבת היתה להחליט שני דברים: האחד – שיש קשר בין הטרור לבין שיחות. הפלשתינים לא יכולים ליהנות משני השולחנות – לשבת במשא-ומתן רציני ובו-זמנית להגביר טרור. זה קשקוש, בלשון ראש הממשלה. זה פרס ל""חמאס"". להיפך, השיחות חשובות להם, כמו לנו, ואם לא יפסיקו את הטרור, יפסידו אותן. והלחץ יהיה להפסיק את הטרור. לפחות כך עשינו בעבר בדרך כלל – קודם כול הפסקת אש, הפרדת כוחות, שביתת נשק, אחר כך הסכמי ביניים, ועם מצרים – שלום.

הרבה פעמים, לרבות במלחמת השחרור והלאה. אין שלום ישר ממצב של ירי. לדעתי, גם אין לזה סיכוי להצליח מבחינת היכולת לקלוט את זה כשהטרור ישתולל. המשא-ומתן הוא לא תהליך קצר, וזו לא תביעה מוגזמת מצדנו, שבעת השיחות לא ירצחו את אזרחינו ברחובות ואת ילדינו בחצרות ובין גדרות בתי-הספר. והנקודה השנייה – בעניין היציאה מהגדרות. כל פעם שומעים מנציגי הממשלה, שהפתרון לטרור, לא ניתן להשיגו בדרך צבאית. לצערי, גם קצינים אומרים את זה לפעמים. זה לא נכון. יש לצבא יכולת להתמודד עם העניין, וזה לא סותר את העניין המדיני. הכי חמור, ואני חושב שיש כאלה שחושבים, שבלי טרור לא יהיה משא-ומתן מצדנו. לכן יש אלו מחסומים שמוצבים על עבודת הצבא. ואם המסתערבים, למשל, עושים עבודה נאמנה, אז תכפילו פי עשרה. שמעתי, קראתי, שמקבלים אחד מעשרה מתנדבים. אז תיתנו שיתקבלו עשרה. ואם אין כסף, מצאו אותו, כי זה יותר חשוב מהרבה דברים אחרים. ואם מג'בל-מוכאבר רוצחים בירושלים, נטפל נקודתית בג'בל-מוכאבר, וכך ברפיח, בח'אן-יונס, בג'באליה ובמקומות אחרים. אדוני היושב-ראש, צריך למנוע כל הישג מהאויב ולהעביר את המלחמה לשטחו. ונכון שאי-אפשר להבטיח שלא יקרה שום מקרה, אבל אי-אפשר בכל שני וחמישי מלאי דמים לומר, שאי-אפשר להתגבר על כך. שהממשלה לא תקנה את הטיעונים הללו. דברו משא-ומתן, נתווכח על התנאים של המשא-ומתן, דברו. אבל אל תדברו בפרחים במלחמה בטרור. זאת שתהיה נחושה. ואל תפרידו בין ""חמאס"" ל""פתח"". המשפחות של ההרוגים, לא משנה להן שם הארגון ומה היו טעמיו לרצח. כל עוד לא החליטה הממשלה על הצעדים האלה, היא לא ראויה לאמון הכנסת. וראוי שהכנסת תוריד אותה לפני שיאבד השלטון המרכזי את השפעתו, וכל אחד ירגיש נעזב לנפשו. אני מציע אי-אמון בממשלה.",10,
11784,1993-05-11,סקירת שר החוץ על פעולות משרדו,"אדוני היושב-ראש, חברי הכנסת, גם אם ייגמר המשבר הממשלתי הנוכחי בפשרה בלתי מוגמרת, צפוי לנו קיץ של משברים: משבר של ממשלה מתנדנדת בירושלים ומשבר של משא-ומתן מתנדנד בוושינגטון. שר החוץ פרס יריעה רחבה של המצב העולמי, האזורי, ושל ישראל בתוכו, והשר דיבר באופן מקיף ומאלף. אבל בדקות שהוקצבו לי אדבר רק על וושינגטון ואחזור רק על שלושה-ארבעה נושאים ספציפיים, שכבר דובר בהם רבות. בכל זאת, אני מרגיש שעל הפרטים האלה ודומיהם יקום או ייפול דבר, וראוי ונכון להתייחס אליהם; והכול מתוך חרדה שיש כאן תהליך הרה-סכנות, שחובה להתריע עליו. מאחר ששר החוץ דיבר על השיחות הרב-צדדיות, אתייחס לנקודות בשיחות הדו-צדדיות. אני רוצה להעיר על כמה מהוויתורים, שנראה לי שהם קיימים אף שהם לא מתפרסמים במלואם, ומאופי הדברים אני מעריך שיבואו אחריהם ויתורים מרחיקים לכת יותר, מפני שהצד השני, כמובן, לא יסתפק בהם, כפי שהדברים מוכחים בימים אלו. קודם כול, אני רוצה לחזור ולדבר על המשטרה הפלשתינית. אני אומר שחל מפנה, שנראה לי מסוכן, בעמדה הישראלית. אם בעבר דובר על פיקוח ישראלי על המשטרה הזאת, הרי הדיבורים על אימונים בירדן ובמצרים מאותתים; ואתמול אמר פה ראש הממשלה בדבריו, שאם הם רוצים להתאמן בירדן או במצרים, זה עניינם, ואני אומר: זה לא עניינם, זה ענייננו. מדובר על משטרה שתהיה כאן. אם אנחנו כמעט מוציאים מידינו את היכולת לבקר מי יתגייס ולמי יחולק הנשק - יש כאן בעיה, וכל המאבק על אופיה של המשטרה שתקום ירד לטמיון. בזמנו דובר על כך שהקריטריונים לגיוס יהיו זהים לאלה של משטרת ישראל. עכשיו, כשהורדנו את התביעה הזאת - זו לא משטרה, אלא במידה רבה הסוואה לצבא, שנותן לגליזציה ולגיטימציה לחברי ארגוני טרור; ויש בכך סכנה לא אידיאולוגית, אלא קיומית. בלי פיקוח ישראלי על גיוס, על אימונים, על נשק, על פריסה, על תוכנית מבצעית, הסכנה חמורה. אנחנו מזמנים בכך, במידה רבה, את גבול הצפון לכפר-סבא ולפתח-תקווה. תוהו ובוהו במרכז הארץ. אומרים שהמשטרה תהיה חזקה מול ה""חמאס"", אבל קודם כול הקורבן הראשון שלה יהיו המתיישבים.

זו הערכה שלי. חברי הכנסת, נכון שחמומי-מוח, ילדותיים בעיני, בעיקר מתנועת ""כך"", עושים שטויות - - -

עוד לא שמעת את דברי. תחכה עד סוף הדברים ואחר כך תתייחס. כן, כך אני מעריך אותם, וזו לא הערכת כבוד. הם עושים שטויות, באיומי סרק על הקמת משטרה נגדית. נכון שזוהי תגובה מטומטמת ובלתי אחראית, שראויה לגינוי. אבל אני אומר פה לחברי הכנסת, שעם כל הצורך לטפל בה, וצריך לטפל בה, היא תוצאה, אף שלא מוצדקת, של האיוולת שבהצעה הממשלתית על צורת המשטרה. כשאומרים שיהיה תיאום בין המשטרה הפלשתינית לבין משטרת ישראל וצה""ל - זו זריית חול בעיניים. תחת מסווה התיאום נעשה דבר חמור, שמזמין תוהו ובוהו. ולכמה הרוגים נצטרך לחכות, כדי להחליט שזו היתה טעות? אמרו: אם היתה טעות - נחזור בנו. נושא אחר הוא נושא הקרקעות והמים. הצעת הממשלה הנוכחית שונה מאוד מהמודל המאופק והזהיר שאתם עצמכם הגשתם לפני כחצי שנה. יש ויכוח אידיאולוגי על ההצעה ההיא גם כן. אבל קיומית - יכול להיות שאפשר היה לחיות אתה. אבל מה שמוצע היום הוא בסביבות הקו האדום של סכנה קיומית, שהרי לא כל הפרטים ידועים, והעם לא יודע במה מדובר. אבל ברור שיש מרחק של שמים מארץ בין ההצעה הקודמת לבין זאת. מדובר פה עכשיו במים של מתיישבי גוש-דן ולא של מתיישבי יהודה ושומרון. מדובר על זכויות מים משנות ה-50, מלפני מלחמת ששת הימים, שהוסכמו; ולא מדובר עוד על זכויות למונים ולדמי שימוש במים, אלא בפיקוח על בארות ושאיבה. יש בזה סיכון של צמא למדינת ישראל. אני לא יודע פרטים. איש אינו יודע. אבל נראה לי שאנחנו בגבול החמור. נקודה שלישית - הממשלה משתמשת בסגר, שנועד למטרה ביטחונית, כדי להחזיר את ""הקו הירוק"" פוליטית. כך, ממקמים את מחסומי הסגר לא על-פי צורכי הביטחון, אלא על-פי הרצון הפוליטי להחיות את ""הקו הירוק"". יש כאן שימוש בצורך ביטחוני, שאנחנו תומכים בו, כדי להפריד פוליטית. משתמשים בכך בגלוי למטרה הזאת. אבל הדבר הכי חמור שרציתי לדבר עליו היום הוא הגולן. על אף תשובתו של שר החוץ לחבר הכנסת יהלום, שרי ממשלה - כפי ששר החוץ אמר, שבעצם הדברים ידועים - מתחרים ביניהם מעל דפי העיתונות מי ייתן לאסד יותר. אסד יודע, שמה שמציעים לו בוושינגטון זה פחות ממה שמעניקים לו שרי הממשלה, שמטרפדים באותה הזדמנות את המשא-ומתן שם.

בקיצור, אני אומר ששרי הממשלה, בסופו של דבר, על אף הדיבור על דרכים אחרות לפתרון, דוחפים את מדינת ישראל לרדת מהגולן, דבר הנוגד את ההתחייבות של מר רבין ואת מצע מפלגת העבודה. אני מסיים ואומר, שבדוגמאות האלה, ומהרבה סיבות אחרות, גורמת הממשלה, לפי דעתי, נזק בל ישוער לאינטרסים של המדינה. לכן התהליך שמתנהל עכשיו, כפי שהוא מתנהל, בדברים שנוגעים להסדר הקבע ולא להסדר הביניים - כל התהליך הזה, בעיני, מחייב לחזור אל העם לבחירות חדשות. יש עוד סיבות, של תפקוד לקוי של הממשלה, שמחייבות חזרה אל העם שאיבד את אמונו בממשלה. אבל די בסיכון הזה כדי לחזור אל העם לבחירות חדשות.",2,
11819,1993-05-11,"סקירת שר החוץ על פעולות משרדו: היו""ר ד' שילנסקי:","אדוני היושב-ראש, חברי הכנסת, גם אם ייגמר המשבר הממשלתי הנוכחי בפשרה בלתי מוגמרת, צפוי לנו קיץ של משברים: משבר של ממשלה מתנדנדת בירושלים ומשבר של משא-ומתן מתנדנד בוושינגטון. שר החוץ פרס יריעה רחבה של המצב העולמי, האזורי, ושל ישראל בתוכו, והשר דיבר באופן מקיף ומאלף. אבל בדקות שהוקצבו לי אדבר רק על וושינגטון ואחזור רק על שלושה-ארבעה נושאים ספציפיים, שכבר דובר בהם רבות. בכל זאת, אני מרגיש שעל הפרטים האלה ודומיהם יקום או ייפול דבר, וראוי ונכון להתייחס אליהם; והכול מתוך חרדה שיש כאן תהליך הרה-סכנות, שחובה להתריע עליו. מאחר ששר החוץ דיבר על השיחות הרב-צדדיות, אתייחס לנקודות בשיחות הדו-צדדיות. אני רוצה להעיר על כמה מהוויתורים, שנראה לי שהם קיימים אף שהם לא מתפרסמים במלואם, ומאופי הדברים אני מעריך שיבואו אחריהם ויתורים מרחיקים לכת יותר, מפני שהצד השני, כמובן, לא יסתפק בהם, כפי שהדברים מוכחים בימים אלו. קודם כול, אני רוצה לחזור ולדבר על המשטרה הפלשתינית. אני אומר שחל מפנה, שנראה לי מסוכן, בעמדה הישראלית. אם בעבר דובר על פיקוח ישראלי על המשטרה הזאת, הרי הדיבורים על אימונים בירדן ובמצרים מאותתים; ואתמול אמר פה ראש הממשלה בדבריו, שאם הם רוצים להתאמן בירדן או במצרים, זה עניינם, ואני אומר: זה לא עניינם, זה ענייננו. מדובר על משטרה שתהיה כאן. אם אנחנו כמעט מוציאים מידינו את היכולת לבקר מי יתגייס ולמי יחולק הנשק – יש כאן בעיה, וכל המאבק על אופיה של המשטרה שתקום ירד לטמיון. בזמנו דובר על כך שהקריטריונים לגיוס יהיו זהים לאלה של משטרת ישראל. עכשיו, כשהורדנו את התביעה הזאת – זו לא משטרה, אלא במידה רבה הסוואה לצבא, שנותן לגליזציה ולגיטימציה לחברי ארגוני טרור; ויש בכך סכנה לא אידיאולוגית, אלא קיומית. בלי פיקוח ישראלי על גיוס, על אימונים, על נשק, על פריסה, על תוכנית מבצעית, הסכנה חמורה. אנחנו מזמנים בכך, במידה רבה, את גבול הצפון לכפר-סבא ולפתח-תקווה. תוהו ובוהו במרכז הארץ. אומרים שהמשטרה תהיה חזקה מול ה""חמאס"", אבל קודם כול הקורבן הראשון שלה יהיו המתיישבים.

זו הערכה שלי. חברי הכנסת, נכון שחמומי-מוח, ילדותיים בעיני, בעיקר מתנועת ""כך"", עושים שטויות – – –

עוד לא שמעת את דברי. תחכה עד סוף הדברים ואחר כך תתייחס. כן, כך אני מעריך אותם, וזו לא הערכת כבוד. הם עושים שטויות, באיומי סרק על הקמת משטרה נגדית. נכון שזוהי תגובה מטומטמת ובלתי אחראית, שראויה לגינוי. אבל אני אומר פה לחברי הכנסת, שעם כל הצורך לטפל בה, וצריך לטפל בה, היא תוצאה, אף שלא מוצדקת, של האיוולת שבהצעה הממשלתית על צורת המשטרה. כשאומרים שיהיה תיאום בין המשטרה הפלשתינית לבין משטרת ישראל וצה""ל – זו זריית חול בעיניים. תחת מסווה התיאום נעשה דבר חמור, שמזמין תוהו ובוהו. ולכמה הרוגים נצטרך לחכות, כדי להחליט שזו היתה טעות? אמרו: אם היתה טעות – נחזור בנו. נושא אחר הוא נושא הקרקעות והמים. הצעת הממשלה הנוכחית שונה מאוד מהמודל המאופק והזהיר שאתם עצמכם הגשתם לפני כחצי שנה. יש ויכוח אידיאולוגי על ההצעה ההיא גם כן. אבל קיומית – יכול להיות שאפשר היה לחיות אתה. אבל מה שמוצע היום הוא בסביבות הקו האדום של סכנה קיומית, שהרי לא כל הפרטים ידועים, והעם לא יודע במה מדובר. אבל ברור שיש מרחק של שמים מארץ בין ההצעה הקודמת לבין זאת. מדובר פה עכשיו במים של מתיישבי גוש-דן ולא של מתיישבי יהודה ושומרון. מדובר על זכויות מים משנות ה-50, מלפני מלחמת ששת הימים, שהוסכמו; ולא מדובר עוד על זכויות למונים ולדמי שימוש במים, אלא בפיקוח על בארות ושאיבה. יש בזה סיכון של צמא למדינת ישראל. אני לא יודע פרטים. איש אינו יודע. אבל נראה לי שאנחנו בגבול החמור. נקודה שלישית – הממשלה משתמשת בסגר, שנועד למטרה ביטחונית, כדי להחזיר את ""הקו הירוק"" פוליטית. כך, ממקמים את מחסומי הסגר לא על-פי צורכי הביטחון, אלא על-פי הרצון הפוליטי להחיות את ""הקו הירוק"". יש כאן שימוש בצורך ביטחוני, שאנחנו תומכים בו, כדי להפריד פוליטית. משתמשים בכך בגלוי למטרה הזאת. אבל הדבר הכי חמור שרציתי לדבר עליו היום הוא הגולן. על אף תשובתו של שר החוץ לחבר הכנסת יהלום, שרי ממשלה – כפי ששר החוץ אמר, שבעצם הדברים ידועים – מתחרים ביניהם מעל דפי העיתונות מי ייתן לאסד יותר. אסד יודע, שמה שמציעים לו בוושינגטון זה פחות ממה שמעניקים לו שרי הממשלה, שמטרפדים באותה הזדמנות את המשא-ומתן שם.

בקיצור, אני אומר ששרי הממשלה, בסופו של דבר, על אף הדיבור על דרכים אחרות לפתרון, דוחפים את מדינת ישראל לרדת מהגולן, דבר הנוגד את ההתחייבות של מר רבין ואת מצע מפלגת העבודה. אני מסיים ואומר, שבדוגמאות האלה, ומהרבה סיבות אחרות, גורמת הממשלה, לפי דעתי, נזק בל ישוער לאינטרסים של המדינה. לכן התהליך שמתנהל עכשיו, כפי שהוא מתנהל, בדברים שנוגעים להסדר הקבע ולא להסדר הביניים – כל התהליך הזה, בעיני, מחייב לחזור אל העם לבחירות חדשות. יש עוד סיבות, של תפקוד לקוי של הממשלה, שמחייבות חזרה אל העם שאיבד את אמונו בממשלה. אבל די בסיכון הזה כדי לחזור אל העם לבחירות חדשות.",2,
15576,1993-07-07,הצעות לסדר-היום מסמך העקרונות האמריקני והשפעתו על משא-ומתן לשלום,"גברתי היושבת-ראש, חברי הכנסת, הדבר הכי חמור שקורה עכשיו בתהליך המדיני הוא, לדעתי, החתירה הגלויה של שרים בממשלה לתת לגיטימציה ליאסר ערפאת, לתת לגיטימציה למדינה הפלשתינית, לתת לגיטימציה לירידה מן הגולן ולהעביר מסרים סמויים שגם בעניין ירושלים יש על מה לדבר, אבל בסיבוב הבא.

וחברי הכנסת, כפי שזה בא כאן לידי ביטוי היום, נושפים בעורפם, ולפי האופנה האחרונה, גם מוציאים את השרים מן הארון.

אני פשוט לא שמעתי מה שאמרת.

אה, מפני שאמרתי ""אופנה""?

כל אלה הם תוצאה של הרכב הממשלה הזאת, שהקים מר רבין, אבל גם של המדיניות שהיא נוקטת. רבין קיבל תמיכה בעם מפני שהוא ייצג קו מרכזי. הוא לא היה מקבל אותה תמיכה - הוא היה מקבל תמיכה, אבל לא אותה תמיכה - לו ידעו חלק מהמצביעים שהממשלה שלו תהיה כל כך שמאלנית ומגמותיה כל כך מרחיקות לכת. הם נתנו לבוחריהם, כמו אלה מהגולן, לטעות.

המסרים שמעבירים שרים בממשלה על הנכונות שלהם לוותר יותר ""כדי להזיז את עגלת המשא-ומתן"" מעלים את הציפיות של הצד שכנגד ואת הדרישות שלו. אם במדריד הם היו מוכנים לגנוז או להדחיק את התביעות המלאות שלהם, מפני שהם ידעו שעליהם להתרכז בהשגת האוטונומיה מבחינתם, הרי עכשיו, כשהם מרגישים שניתנת להם על-ידי הממשלה הזאת מדינה ביהודה, בשומרון ובעזה, הם כבר תובעים, כמובן, את ירושלים עכשיו. חברי הכנסת, ראש הממשלה מסרב לדבר עם אש""ף-תוניס. ישראל מסכימה עם ארצות-הברית שהיא לא תיזום הידברות אתם, אבל שר בממשלה, בתיווך של הטלוויזיה הישראלית, מזמין את העוזר של ערפאת לבקר בתל-אביב, לא בירושלים. נותרה לו רק הבעיה של הוויזה, איפה הוא יקבל אותה? אחרים במשרד החוץ מנהלים, כך אומרים, משא-ומתן עם אש""ף-תוניס בתיווך מצרי, ושרים שמסכימים עם כל מי שאומרים שישראל היא זאת שצריכה לשפר את עצמה מבחינת זכויות האזרח, לא מפריעה להם הרמה המוסרית של מי שאחראי לרציחה של פלשתינים, יהודים, ישראלים. הם אומרים: זה האויב, ואתו צריך להסתדר. זה לא נכון. אנחנו קבענו להיפגש עם האויב - זה שיושב ביהודה, בשומרון ובעזה, ואתו להידבר. הם רוצים לחייב אותנו להיפגש דווקא עם אלה שעוד לא מחקו מהאמנה הפלשתינית שלהם את האמירה שצריך להשמיד אותנו. הם מתעקשים להיפגש עם אלה שבעצם הווייתם מהווים את הייצוג של הפזורה הפלשתינית, היינו: תובעים קודם כול את זכות השיבה, וגם אם יגידו לנו, שהשיבה הזאת היא לא ליפו או לחיפה, הכוונה של מיליון וחצי מחוסרי דרכונים ואזרחים לבוא אלינו, והם יהיו סיר רותח וקלחת מבעבעת ומקור טרור שימרר את חיינו, והם מזמינים אותם. הם אומרים שערפאת הוא בעל הבית ביהודה, בשומרון ובעזה, ולא אלה שמתדיינים אתנו בוושינגטון. בזה לא רק שאתם מורידים את יכולת הדיון של אלה המתדיינים אתכם, מפני שאומרים שהם לא שווים, הם לא יכולים לדון אתנו, אלא אני אומר שזה גם לא נכון. גם לדידכם הם נציגים של אש""ף בשטחים, הם אלה שמשפיעים בשטחים. הם נמצאים שם. ואש""ף-תוניס לא משפיע על ה""חמאס"" ועל כולם באמצעות נציגיו במקום? ראש הממשלה רבין צריך להשיב לנו בישרות ובישירות, ולא על-ידי שליח, האם כל הצעדים האלה מקובלים עליו, והאם הם על דעתו, והאם זו המדיניות שבשמה הוא הלך לבחירות ועליה הוא קיבל מנדט. גברתי היושבת-ראש, אין פלא שבטיפול שכזה הגענו מייד לתביעה ערבית על ירושלים. כדי לרצות את האוזן שלנו, הם אומרים: כן, מדובר על עיר מאוחדת, אבל מוסיפים: בירת שני עמים, פלשתין וישראל. משיחות מדריד התעשתו והתנערו. הם יודעים שיש להם עכשיו עסק עם ממשלה שרבים משריה מדברים בגלוי, כפי שהדבר התבטא כאן היום, על מדינה פלשתינית, על הכרה באש""ף-תוניס וגם על כך שבשלב השני ידובר על ירושלים. ותמורת הוויתור על העז של ירושלים, שהפלשתינים העלו, קיבלו חישוקים לתביעה שלהם על מדינה פלשתינית בסוף התהליך שיבוא. משא-ומתן באופן שכזה, מבחינת ההיגיון המזרח-תיכוני, מוליך לכך שנתקפל באופן גמור ממה שהושג מאז 1948, שלא לדבר על התוכניות המדוברות, עד 1947. ואני שואל את ראש הממשלה שלוש שאלות, ואני חושב שהכנסת זכאית לקבל תשובה עליהן.

עם כל הכבוד לשר הבריאות, הוא באמת לא יכול לתת את התשובה שראש הממשלה חייב לתת לכנסת. לכן אני אעשה את זה בצורת שאילתא לראש הממשלה.

אבל הוא לא ידע מה אני אשאל. עכשיו הוא ידע.

לא, תיתני לי לדבר כמו לאחרים. לאחרים נתנו לסיים את דבריהם.

אני מאוד מודה לשר הבריאות. אני כבר מסיים, אבל תני לי לסיים, בבקשה.

1. האם המשא-ומתן המקביל, המנוהל עם אש""ף-תוניס, הוא על דעתו ובשמו של ראש הממשלה? האם זה הקו של ממשלת ישראל? האם זה המנדט שקיבלתם?

האם המשא-ומתן המקביל, שמנוהל עם אש""ף-תוניס, אולי בתיווך מצרי, אינני יודע, הוא על דעת ראש הממשלה ובשמו? האם זה הקו של ממשלת ישראל? האם זה המנדט שקיבלתם? 2. האם ההזמנה של עוזרו של ערפאת לישראל, בתיווך הטלוויזיה, היא על דעת ראש הממשלה וזאת המדיניות של ממשלת ישראל, והאם קיבלתם על זה מנדט? 3. האם אתה לא מתכוון לעשות סדר בממשלה ולמנוע התפרעות כזאת של שרים שמנהלים משא-ומתן, בגלוי ובסתר, שלא על-פי מדיניות ראש הממשלה, אם היא לא כזאת? חברי הכנסת, המסמך מ-12 במאי הוא גרוע, מפני שנאמר בו שהסכמנו לשלמות טריטוריאלית של האוטונומיה, שפירושה חזרה לקווי 1967. המסמך האמריקני החדש, שרבים משרי ישראל משדרים פומבית כל הזמן שהם מבקשים יותר התערבות, יותר תכתיב אמריקני, הוא גם גרוע, שהרי נוסף על השלמות הטריטוריאלית הזאת הוא קובע במשמע, שעניין ירושלים ייתוסף בעתיד. לא פלא שראש הממשלה לא קיבל אותו.

אני מסיים. חבל שלא היית כאן קודם. אני לא יודע למה צריך להפלות בין חברי כנסת כשמתחלפים יושבי-ראש.

אולי הם לא מאותן מפלגות, או משהו כזה.

אני מבקש שתיתני לי לסיים.

אבל איך אני יכול שלא לראות בזה אפליה, אם אחרים דיברו כפי שהם רצו?

בסדר. אני לא מתפלא שלפי ההתנהגות של שרינו הלחוצים, הפלשתינים לא קיבלו את המסמך הזה, מפני שהם מקווים לקבל יותר טוב. יש כרסום במעמד ירושלים בגלל ההתנהגות הזאת. אין תקווה שארצות-הברית תיתן לנו מסמך קרוב לעמדותינו, כאשר יודעים שאנחנו כל הזמן זזים, והצד השני עומד כל הזמן על שלו. לכן אני אומר, שצריך לשאול את הממשלה, מה קרה לקווים האדומים של ראש הממשלה, שהיו ברורים עד עכשיו, והכנסת זכאית וחייבת לקבל תשובה על השאלות האלו, וכפי שאמרתי, היום - משר הבריאות, אבל בקרוב מאוד - מראש הממשלה עצמו.",1,
15794,1993-07-07,"הצעות לסדר-היום: מסמך העקרונות האמריקני והשפעתו על משא-ומתן לשלום: היו""ר ע' עלי:","גברתי היושבת-ראש, חברי הכנסת, הדבר הכי חמור שקורה עכשיו בתהליך המדיני הוא, לדעתי, החתירה הגלויה של שרים בממשלה לתת לגיטימציה ליאסר ערפאת, לתת לגיטימציה למדינה הפלשתינית, לתת לגיטימציה לירידה מן הגולן ולהעביר מסרים סמויים שגם בעניין ירושלים יש על מה לדבר, אבל בסיבוב הבא.

וחברי הכנסת, כפי שזה בא כאן לידי ביטוי היום, נושפים בעורפם, ולפי האופנה האחרונה, גם מוציאים את השרים מן הארון.

אני פשוט לא שמעתי מה שאמרת.

כל אלה הם תוצאה של הרכב הממשלה הזאת, שהקים מר רבין, אבל גם של המדיניות שהיא נוקטת. רבין קיבל תמיכה בעם מפני שהוא ייצג קו מרכזי. הוא לא היה מקבל אותה תמיכה – הוא היה מקבל תמיכה, אבל לא אותה תמיכה – לו ידעו חלק מהמצביעים שהממשלה שלו תהיה כל כך שמאלנית ומגמותיה כל כך מרחיקות לכת. הם נתנו לבוחריהם, כמו אלה מהגולן, לטעות.

המסרים שמעבירים שרים בממשלה על הנכונות שלהם לוותר יותר ""כדי להזיז את עגלת המשא-ומתן"" מעלים את הציפיות של הצד שכנגד ואת הדרישות שלו. אם במדריד הם היו מוכנים לגנוז או להדחיק את התביעות המלאות שלהם, מפני שהם ידעו שעליהם להתרכז בהשגת האוטונומיה מבחינתם, הרי עכשיו, כשהם מרגישים שניתנת להם על-ידי הממשלה הזאת מדינה ביהודה, בשומרון ובעזה, הם כבר תובעים, כמובן, את ירושלים עכשיו. חברי הכנסת, ראש הממשלה מסרב לדבר עם אש""ף-תוניס. ישראל מסכימה עם ארצות-הברית שהיא לא תיזום הידברות אתם, אבל שר בממשלה, בתיווך של הטלוויזיה הישראלית, מזמין את העוזר של ערפאת לבקר בתל-אביב, לא בירושלים. נותרה לו רק הבעיה של הוויזה, איפה הוא יקבל אותה? אחרים במשרד החוץ מנהלים, כך אומרים, משא-ומתן עם אש""ף-תוניס בתיווך מצרי, ושרים שמסכימים עם כל מי שאומרים שישראל היא זאת שצריכה לשפר את עצמה מבחינת זכויות האזרח, לא מפריעה להם הרמה המוסרית של מי שאחראי לרציחה של פלשתינים, יהודים, ישראלים. הם אומרים: זה האויב, ואתו צריך להסתדר. זה לא נכון. אנחנו קבענו להיפגש עם האויב – זה שיושב ביהודה, בשומרון ובעזה, ואתו להידבר. הם רוצים לחייב אותנו להיפגש דווקא עם אלה שעוד לא מחקו מהאמנה הפלשתינית שלהם את האמירה שצריך להשמיד אותנו. הם מתעקשים להיפגש עם אלה שבעצם הווייתם מהווים את הייצוג של הפזורה הפלשתינית, היינו: תובעים קודם כול את זכות השיבה, וגם אם יגידו לנו, שהשיבה הזאת היא לא ליפו או לחיפה, הכוונה של מיליון וחצי מחוסרי דרכונים ואזרחים לבוא אלינו, והם יהיו סיר רותח וקלחת מבעבעת ומקור טרור שימרר את חיינו, והם מזמינים אותם. הם אומרים שערפאת הוא בעל הבית ביהודה, בשומרון ובעזה, ולא אלה שמתדיינים אתנו בוושינגטון. בזה לא רק שאתם מורידים את יכולת הדיון של אלה המתדיינים אתכם, מפני שאומרים שהם לא שווים, הם לא יכולים לדון אתנו, אלא אני אומר שזה גם לא נכון. גם לדידכם הם נציגים של אש""ף בשטחים, הם אלה שמשפיעים בשטחים. הם נמצאים שם. ואש""ף-תוניס לא משפיע על ה""חמאס"" ועל כולם באמצעות נציגיו במקום? ראש הממשלה רבין צריך להשיב לנו בישרות ובישירות, ולא על-ידי שליח, האם כל הצעדים האלה מקובלים עליו, והאם הם על דעתו, והאם זו המדיניות שבשמה הוא הלך לבחירות ועליה הוא קיבל מנדט. גברתי היושבת-ראש, אין פלא שבטיפול שכזה הגענו מייד לתביעה ערבית על ירושלים. כדי לרצות את האוזן שלנו, הם אומרים: כן, מדובר על עיר מאוחדת, אבל מוסיפים: בירת שני עמים, פלשתין וישראל. משיחות מדריד התעשתו והתנערו. הם יודעים שיש להם עכשיו עסק עם ממשלה שרבים משריה מדברים בגלוי, כפי שהדבר התבטא כאן היום, על מדינה פלשתינית, על הכרה באש""ף-תוניס וגם על כך שבשלב השני ידובר על ירושלים. ותמורת הוויתור על העז של ירושלים, שהפלשתינים העלו, קיבלו חישוקים לתביעה שלהם על מדינה פלשתינית בסוף התהליך שיבוא. משא-ומתן באופן שכזה, מבחינת ההיגיון המזרח-תיכוני, מוליך לכך שנתקפל באופן גמור ממה שהושג מאז 1948, שלא לדבר על התוכניות המדוברות, עד 1947. ואני שואל את ראש הממשלה שלוש שאלות, ואני חושב שהכנסת זכאית לקבל תשובה עליהן.

עם כל הכבוד לשר הבריאות, הוא באמת לא יכול לתת את התשובה שראש הממשלה חייב לתת לכנסת. לכן אני אעשה את זה בצורת שאילתא לראש הממשלה.

אבל הוא לא ידע מה אני אשאל. עכשיו הוא ידע.

לא, תיתני לי לדבר כמו לאחרים. לאחרים נתנו לסיים את דבריהם.

אני מאוד מודה לשר הבריאות. אני כבר מסיים, אבל תני לי לסיים, בבקשה.

1. האם המשא-ומתן המקביל, המנוהל עם אש""ף-תוניס, הוא על דעתו ובשמו של ראש הממשלה? האם זה הקו של ממשלת ישראל? האם זה המנדט שקיבלתם?

האם המשא-ומתן המקביל, שמנוהל עם אש""ף-תוניס, אולי בתיווך מצרי, אינני יודע, הוא על דעת ראש הממשלה ובשמו? האם זה הקו של ממשלת ישראל? האם זה המנדט שקיבלתם? 2. האם ההזמנה של עוזרו של ערפאת לישראל, בתיווך הטלוויזיה, היא על דעת ראש הממשלה וזאת המדיניות של ממשלת ישראל, והאם קיבלתם על זה מנדט? 3. האם אתה לא מתכוון לעשות סדר בממשלה ולמנוע התפרעות כזאת של שרים שמנהלים משא-ומתן, בגלוי ובסתר, שלא על-פי מדיניות ראש הממשלה, אם היא לא כזאת? חברי הכנסת, המסמך מ-12 במאי הוא גרוע, מפני שנאמר בו שהסכמנו לשלמות טריטוריאלית של האוטונומיה, שפירושה חזרה לקווי 1967. המסמך האמריקני החדש, שרבים משרי ישראל משדרים פומבית כל הזמן שהם מבקשים יותר התערבות, יותר תכתיב אמריקני, הוא גם גרוע, שהרי נוסף על השלמות הטריטוריאלית הזאת הוא קובע במשמע, שעניין ירושלים ייתוסף בעתיד. לא פלא שראש הממשלה לא קיבל אותו.

אני מסיים. חבל שלא היית כאן קודם. אני לא יודע למה צריך להפלות בין חברי כנסת כשמתחלפים יושבי-ראש.

אולי הם לא מאותן מפלגות, או משהו כזה.

אני מבקש שתיתני לי לסיים.

אבל איך אני יכול שלא לראות בזה אפליה, אם אחרים דיברו כפי שהם רצו?

בסדר. אני לא מתפלא שלפי ההתנהגות של שרינו הלחוצים, הפלשתינים לא קיבלו את המסמך הזה, מפני שהם מקווים לקבל יותר טוב. יש כרסום במעמד ירושלים בגלל ההתנהגות הזאת. אין תקווה שארצות-הברית תיתן לנו מסמך קרוב לעמדותינו, כאשר יודעים שאנחנו כל הזמן זזים, והצד השני עומד כל הזמן על שלו. לכן אני אומר, שצריך לשאול את הממשלה, מה קרה לקווים האדומים של ראש הממשלה, שהיו ברורים עד עכשיו, והכנסת זכאית וחייבת לקבל תשובה על השאלות האלו, וכפי שאמרתי, היום – משר הבריאות, אבל בקרוב מאוד – מראש הממשלה עצמו.",1,
18649,1993-09-21,"הודעת הממשלה בנושא הצהרת העקרונות בדבר הסדרי ביניים: של ממשל עצמי וחילופי האיגרות עם אש""ף","אז הייתי קטן? כבר היינו שרים.

אדוני היושב-ראש, חברי הכנסת, יש לנו ויכוח אידיאולוגי עם הממשלה הזאת על הקו השמאלני שלה, על הגישה שלה למדינת ישראל כמדינה יהודית ועל עמדתה באשר לארץ-ישראל. מההכרה ההדדית עם אש""ף משתמע, שלשני העמים יש זכות שווה בארץ הזאת. אני אומר שיש בכך כפירה במה שמדינת ישראל אמרה עד עכשיו. הוזכר כאן התנ""ך, אני אזכיר 4,000 שנות היסטוריה שלנו, ואני רוצה להזכיר גם את התנועה הציונית. גם כאשר מטעמים פרגמטיים אולצנו לוותר, לא עשינו את זה במישור האידיאי ההכרתי. כשהממשלה מכירה באש""ף, משתמעת בהכרח הזכות שלו למדינה ריבונית, שהרי זה עצם מהותו וזאת כל תורתו של אש""ף, שזכותו עדיפה על שלנו בארץ הזאת. עכשיו כשהממשלה עשתה את זה, לא יישאר גם המינימום ההכרחי, ואנחנו חולקים על הממשלה כיוון שאנחנו רוצים בהסכם שלום שאין בו כזב. שלום אמת הוא חיוני, ושלום שולל הוא מסוכן.

לא, לא. טועים אלה שטוענים מימין ומשמאל שההסכם הנוכחי הוא המשך מתרחב והכרחי של ההסכמות הקודמות שהיו בקמפ-דייוויד ובמדריד. אין פה רצף והמשכיות, יש פה סיפור אחר לגמרי. יש אוטונומיה לתושבים ויש לקרקע, יש עם רצף קרקעי ויש בקנטונים נפרדים, יש עם סמכות חקיקה גורפת ויש עם תקנות מוניציפליות מוגבלות, יש עם אדמות מדינה ויש בלעדיהן, יש עם דאגה כנה למתיישבים היהודים ויש עם ייבוש שלהם והפקרה שלהם וחנק שלהם, ויש הסדרי ביטחון שונים. החתול והנמר הם מאותה משפחה ולשניהם יש ציפורניים, ובכל זאת זה חתול וזה נמר. אוטונומיה כפי שאתם מציעים מביאה בהכרח למדינה פלשתינית שירושלים בירתה וזכות השיבה מתממשת בה. כל מי שכאן בכנסת תומך או תמך, יודע את זה. חברי הכנסת, מה לעשות, נוכחנו להפתעתנו ששני אנשים, שרובנו לא הכרנו אותם, גם לא מינה אותם אף אחד שידענו, הירשפלד ופונדק וביילין אתם, הם בישלו הסכם, הם האכילו בו את רבין. לכן אני מאמין להם שהם אומרים שבסוף התהליך, בהסדר הקבע, תקום מדינה פלשתינית שירושלים תהיה בירתה.

אם הם אומרים את זה במשוב, זה פידבק של מה שהם אמרו באותן שיחות חשאיות לערפאת ולמרעיו. אין סיבה שלא. אם הממשלה מאמינה לערפאת שהוא שינה את טעמו והוא בעל בריתנו, לטעמם, מדוע שאני לא אאמין לו? היא מאמינה לו, למה אני לא אאמין כשהוא חוזר ואומר בכל מקום, שיש לו יסוד מוסד לדעת, שבתוך זמן קצר הוא מקבל מדינה, שירושלים בירתה, שהפליטים ישובו אליה, הוא ישלוט על גשרי הירדן, על נמל עזה, על מעבר רפיח? הוא מכריז על ממשלה תחילה.

אתה שואל ואני אענה לך. אבל אתה שואל אותי שאלה שונה ממה שאני אומר פה. אתה אומר כך: נכון שהבטיחו לו וייתנו לו, והאוטונומיה הזאת כפי שניתנת בעוד תשעה חודשים משקפת את זה, הוא יקבל מדינה. אלא מה, הוא אומר: אני מוכן להיות במדינה וגם אתה תתקיים. ואתה אומר שיש אחרים שאומרים: זה לא מספיק, אנחנו רוצים שאתה לא תתקיים. אני כאן טוען מול תפיסה ממשלתית שראש הממשלה מצהיר ואומר: אין מדינה פלשתינית, אין ירושלים כבירה של מישהו אחר, אין זכות שיבה. ואני שומע את ערפאת אומר: כן. ואני אומר שאני מאמין שכן. זה מה שאמרתי. ברור שיש כאלה שרוצים מעבר לזה.

אני אשאל אותך שאלה יותר טובה. אם ההסכם כל כך רע, לדעתי, למה בממשלה יש תומכים בו? יש דברים כאלה. לכל אחד יש מטרות אחרות וראיות אחרות. אתה אמרת לי קודם: בוא אתי ליריחו, בוא למקום אחר ותראה את השמחה. זאת אומרת שהרוב שמח. למה הוא שמח? כיוון שהוא רואה את המדינה שלו לנגד עיניו.

אני אומר שהאוטונומיה כפי שהיא ניתנת וההבטחות כפי שניתנו אינן נותנות למדינת ישראל את הביטחון שזה לא פרק זמן חפוז, שלפיו פתאום תקום בבוקר ותראה את חברת התעופה טסה, כפי שאמר היום ערפאת, ותראה ואת השגרירים. זאת מדינה. לך, חבר הכנסת דראושה, לא אכפת, ועוד לפני שהממשלה הזאת החליטה שהיא תומכת באש""ף אתה כבר תמכת בו. כלומר, שמחת לראות אותו כנציג שיש לו מדינה שירושלים המזרחית בירתו וכו'. אני מדבר על הממשלה, שלא חשבה כך.

אתה שואל אותי למה, ואני מסביר. אמרתי קודם לכן מדוע בארץ מקבלים את זה, אף-על-פי שבעיני חלק גדול מהציבור יש בזה המון בעיות; מפני שבאמת שוטפים את המוח, נכנסים לאופוריה, אנשים עייפים, והם רואים לנגד עיניהם את הבורסה, רואים לנגד עיניהם כספי עולם ומדברי עולם, ואירופה הרי תמיד רצתה שתהיה מדינה פלשתינית, וכך משלים את עצמם לפעמים בשלום בטוח. אני אומר כדי שתבינו, שלפי דעתי אין פה ויכוח בין קיצונים למתונים במדינת ישראל; אין פה ויכוח בין רודפי שלום לבין הבורחים ממנו. אני אומר שהמודאגים והחולקים הם אנשים מתונים מאוד, והקיצונים הם באופוריה והם זורעים אשליה. כולם הזכירו כאן את התנ""ך, וגם אני אקרא מהנביא יחזקאל, האומר: ""הלוא מחזה שוא חזיתם ומקסם כזב אמרתם - - - יען וביען הטעו את עמי לאמר שלום ואין שלום, והוא בנה חיץ והנם טחים אתו תפל"", החוזים לירושלים שלום - ואין שלום. לא ניתן בכמה דקות לכסות את כל מה שמכוסה בהסכם. לא ניתן גם לדעת מה סוכם בהסתר במשך שנה. אבל מותר לחשוד בשמאל שניהל את המסלול של אוסלו, זה ששר היום את המנון פלשתין וזה שמתעטף בדגל אש""ף, ומותר לחשוד בהודעות הבטוחות של ערפאת על הסדר קבע כמו שהוא יודע עליו. יש נושאים קריטיים בהסדר. איך אפשר לאשר אותם בלי לדעת אל נכון במה דברים אמורים? הזכירו כאן המון פעמים את השאלה, והיא נשארת שאלה: מה הגודל של ""יריחו תחילה""? האם כמו שערפאת אומר, ממעלה-אדומים ועד פצאל ועד הירדן, שקיבוצי התק""ם אלמוג, קלי""ה ובית-הערבה לא מאמינים לנו אלא מאמינים לו לגבי הירדן כגבול ביטחון; או כדברי דוברנו, שרק השטח המוניציפלי של העיר? אם כן, האם הירדן הוא עדיין גבול ביטחון שלנו? האם אין בזה הפקרה של ביטחון ישראל, שההגנה שלה מבוססת גם על מדבר יהודה ומדבר שומרון, מורדותיהם וצוקיהם? אני חוזר על שאלה שנשאלה כאן המון פעמים, וגם אני חייב לשאול אותה. 30,000-20,000 שוטרים הם שבע או עשר חטיבות. האם חשבתם כמה זה לעומת כל החי""ר הלוחם הסדיר של מדינת ישראל? אני לא יודע אם מותר לי לנקוב פה במספרים, אז לא אגיד מספרים. אגיד רק שזה מספר ענק. זה צבא ענקי, וזו חטיבה מתוך הצבא הירדני של צבא השחרור הפלשתיני, חטיבה ממושמעת ומאומנת; אלה הם מבוקשים, אלה הם מחבלים. עכשיו, לאחר שכבר רואים סימנים של הסכמה בין ה""חמאס"" לאש""ף, אין עוד טענת הסרק שהיתה קודם, כאילו אנחנו מקימים להם צבא והם יטפלו בבעיות שיש להם. שתגיד הממשלה שהיא לא תיתן צבא חזק כזה כשאין להם צורך בו, כאשר יש הסכם בין אש""ף ל""חמאס"", או שהסכם כזה הולך ומתגבש. האם טענת ערפאת, החוזרת ונשנית, שהוא מקבל מדינה ולכן הוא בונה ממשלה ויש לו רצף מלא, זה דבר שהובטח לו באוסלו, או לא הובטח? אם זה לא כך, צריך להכחיש את זה.

זו היתה שאלה רטורית. תודה.

טוב, אז הבהרנו את זה. הכינוי העממי ""עזה ויריחו תחילה"" - - -

אצלה זה בכלל כ""ט בנובמבר.

הכינוי העממי ""עזה ויריחו תחילה"" הוא הסכם לנסיגת צה""ל מכל אזורי יהודה ושומרון, כאשר ההבדל בין הנסיגה מעזה ומיריחו הוא חמישה חודשים בלבד. בעבר היו מחלוקות עצומות, ולכן אולי נעצרו ההסדרים, בין המשלחות שלנו לאלו של הפלשתינים, כאשר אנחנו סירבנו להחיל את שיפוט המועצה באופן גורף על כל השטח, וכשהגבלנו את סמכויות החקיקה של המועצה. כאן התקבלה הדרישה האש""פית, ששטח השיפוט של המועצה יכסה את כל שטחי יש""ע עד הסדר הקבע, להוציא את ההתנחלויות ואת ירושלים.

אהיה מוכן לעשות זאת אם זה לא יהיה על חשבוני. אולי בסוף, אם היושב-ראש יסכים. היושב-ראש אומר לי שהכול על חשבוני, לכן - - -

היושב-ראש נותן גם לי 30 דקות, אבל - - -

בזמן שאני מדבר - הגעת רק עכשיו.

אמרתי זאת. לממשלה הקודמת היתה הצעה, שהממשלה הזאת בעצם התחילה בה, לא במחשכים הממשלה הזאת הלכה בדרך הזאת, מה שנקרא קמפ-דייוויד ואחר כך מדריד. שם היה מדובר על אוטונומיה - ואני אמרתי שגם החתול וגם הנמר הם מאותה משפחה. שם היה יוצא דבר שלא מזיק לנו, ואילו כאן יכול לצאת דבר שמזיק לנו. היתה אוטונומיה לאנשים. את שאלת אותי על זכויות. אז היו דגמים, ואת מכירה אותם.

השרה אלוני וחברי הכנסת, אני אומר שהסמכויות שאנחנו נותנים בהסדר הזה של האוטונומיה לא מאפשרות בעצם הליכה חזרה. הן סוגרות אופציות של כל דבר, מלבד מדינה, בעוד, אני מודה, באוטונומיה שהליכוד הציע, עם הוויכוחים שהיו בתוכו סביב עניין זה, היתה אופציה שיכולה היתה להביא למדינה, אבל לא בהכרח. ואילו כאן זה מביא בהכרח מדינה. ועל זה היה הוויכוח. יש הרבה דוגמאות מסוכנות בסמכויות של אש""ף בהסכם, שלא מופיעות בהסכם כלא-מותרות. הם יוכלו להפקיע קרקעות מערבים ומיהודים, להקים שם יישובים לפליטים; להעמיד בלעדית לדין מחבלים ופושעים שיפגעו ביהודים. אחרי שהצבא ייסוג, אני לא יודע בכלל איך יהיה חופש לישראלים להגיע אפילו למערת המכפלה ולקבר רחל, שלא לדבר על אנדרטאות, מצבות וכדומה.

אז תאר לך איך זה יהיה אז? אין הסדר לגבי השליטה בנמל עזה, סידורי הכניסה והיציאה דרך הים, על כל המשתמע מכך, בנושאים של אמל""ח - אמצעי לחימה - ושל פליטים. אין בהסכם סעיף שמונע את זכות השיבה לפליטי 1948 ו-1967. אין בהחזרתם הפרת הסכם שמצדיקה מצדנו איזה תיקון, איזו רפואה. חברי הכנסת, ללא קשר לעצם ההסכם היה ראוי להבהיר עניינים כמו הגדרה ברורה של חופש הפעולה הביטחונית בתחומי האוטונומיה, הגדרת התחום שמסביב להתנחלויות, הסדרי התשתית והביטחון להם, אפשרויות להחזיר את הגלגל אחורנית במקרה של הפרות ההסכם, מתן שליטה אפקטיבית לצה""ל על אי-חריגה בנושאי אזרחות וכניסת פליטים. לסיום, אדוני היושב-ראש, ההסכם מעניק למועצה הפלשתינית מעמד כמעט מוחלט של מדינה, וזאת תהיה נקודת הפתיחה של המשא-ומתן על הסדר הקבע. ועוד: נקבע כי המשא-ומתן על הסדר הקבע יכלול גם את סוגיית הגבולות - ונדמה לי שראש הממשלה אמר זאת היום, ואפילו בקריאת ביניים - וגבולות הם סימן מובהק למדינה. דווקא מי שמגדיר את ההסכם כסיכון מחושב חייב להבטיח הסדרים שיגדירו ניסוח מאוד מדויק, כדי להבטיח שהוא יפעל ויובטח מבחינה ביטחונית. ההסכם הזה אינו כזה. הוא לא נותן מענה על סוגיות הביטחון. הוא יוצר סיכונים להתיישבות היהודית ולדרכים והוא סוגר את מרבית האופציות לקראת הסדר קבע. יש לישראל צ'אנס לשלום. יש לה סיכוי לשלום אמת. באמת הערבים השלימו, בגלל כוחנו, עם קיומה של מדינת ישראל; אולי טקטית, אינני יודע. אבל לא בדרך הזאת. חשוב מאוד שהממשלה לא תנהג בדרך של מיליטנטיות מבית ותבוסתנות מבחוץ.",1,
19073,1993-10-11,הודעת ממלא-מקום ראש הממשלה ש' פרס על פעילות הממשלה,"אדוני היושב-ראש, חברי הכנסת, בריאיון מלפני כשבועיים אמר מר גינוסר, ששימש ראש אגף בשב""כ, שבשם המערכת הפוליטית, שהיתה זקוקה לכך, כך הוא אומר, שטף השב""כ את מוחנו במסע הפחדה מכוון נגד הפלשתינים. בשקר, הוא אומר, מסר לנו שירות הביטחון הכללי שלנו, שהם מוליכי שולל ואין לתת אמון באש""ף. והוא מוסיף: לעם לא היתה ברירה. כך מגלה אחד מראשי השב""כ: לא השארנו לו שיקול דעת. הפחדנו אתכם, הוא אומר לנו, מנענו מכם את האפשרות לעקוב אחר תהליכים בעולם הפלשתיני. עד היום לא שמענו הכחשה של הדברים החמורים האלה, שלפיהם שיקר לנו השב""כ, שיקר לעם, בשליחות הממשלה, באשר למידע בנושא המודיעיני החשוב ביותר - מי זה האויב ומה הן כוונותיו.

אם נכונים הדברים, כמו שאומר השר שריד - - -

אני גם אומר: אם. אם נכונים הדברים, מי לידנו יתקע, שגם היום, בתוקף הנסיבות, אין מדווחים לנו על שינויים ותמורות בעולם הערבי ובאש""ף באופן שקרי כמו אז, לטענתו, אבל בכיוון השני? חברי הכנסת, אומרים לנו, שערעור הביטחון, כמו במכונית התופת בבית-אל והרצח בוואדי-קלט, נעשה מטעמם של אלה שרוצים לרצוח את השלום, ולכן הם רוצחים בנו. אני אומר לכנסת ולעם: הטיעון הזה הוא שקרי. כל הסיפור, שיש אש""ף שרוצה שלום ויש ""חמאס"" ששולל אותו, הוא רמייה. הם עובדים ביחד.

אני אסביר. חבר הכנסת דראושה, תשמע אותי עד הסוף ואחר כך תעיר. הם שיתפו פעולה בעניין המגורשים, השביתות היו מתואמות ביניהם. בנושא המבוקשים הם רוצים אותו דבר.

הם גם יהיו שותפים, כמו שבישר לנו אתמול שר הבריאות, בבחירות שיהיו וביישום ההסכם. ההליכה של מדינת ישראל לקראת ""אש""ף מתון"" כדי לעצור את ""חמאס הקיצוני"", היא השתתפות שלנו בתרגיל הונאה. הדברים הולכים ומתבררים, שיש - ויהיה עוד יותר - שיתוף פעולה, ותהיה חלוקת עבודה ביניהם: אלה יהיו הקיצונים, אלה המתונים; זה הטוב, זה הרע, זה נושא ונותן אתנו, זה יורה בנו. ההסכם עם אש""ף יאפשר ל""חמאס"" בעתיד, כאשר אנחנו נתקשה להיכנס למקומות שמהם נצא, לנהל מסע רצח קשוח יותר ובטוח יותר מבחינתם. ופירוש הדבר, שישראל הולכת לוותר ויתורים מרחיקי לכת עד כדי הקמת מדינה פלשתינית, שחלק מהממשלה תומך בה, זה אומרים בפירוש, וחלק אחר שאומר: קונפדרציה, בעצם לא שונה בהרבה מאשר זה שאומר מדינה. היום התקשה שר החוץ מאוד להסביר בוועדת החוץ - אבל אסור לספר מדיוני הוועדה. אני אומר: יתקשו מאוד להסביר מה ההבדל, מבחינת הביטחון של ישראל והאמון שאתה נותן בהם, בין ""לא מדינה"" ו""כן קונפדרציה"", בקיצור לחזור לגבולות 1949 בעוד הפלשתינים ממשיכים בדברים שמזעזעים את כולנו, כמו הרצח בוואדי-קלט. עכשיו יש לנו סיפור חדש, שקר על שקר. אנחנו מתבשרים שיש ""חמאס"" טוב שילך לבחירות, ויש ""חמאס"" רע שלא ילך. כלומר, תמיד זה מתחלק לשניים. והרי השיח' יאסין עצמו אמר לכולם ללכת לבחירות. ועל כן כל עוד איננו חותמים עם כל הגורמים, לרבות חזיתות הסירוב וה""חמאס"", על הפסקת טרור, יש סכנה לישראל בהסכם עם אש""ף לבדו, ויש גם במשמע לגיטימציה לטרור שאחרים עושים. חברי הכנסת, אני כאבתי מאוד לשמוע את ראש הממשלה אומר - בערך כך, אני לא מצטט במדויק - שהרצח בוואדי-קלט משרת את הקיצונים משני הצדדים. זה מזעזע. אפשר להשוות את ההתנגדות להסכם בישראל לטרור הרצחני של ה""חמאס""? לגיטימי להתנגד אידיאולוגית ופוליטית להסכם, אבל להשוות את זה לרצח של ה""חמאס"", זה מעל ומעבר למה שמותר וניתן לסבול. גם האמירה שהסגר מנע פיצוץ של מכונית התופת בתוך ""הקו הירוק"" היא אמירה חמורה ביותר. יש בה ריח של הפליה בין דם לדם, וחייבים - אני אומר לממשלה - חייבים לחדול מהתבטאויות כאלה. אסור ליצור מצב של ""סזון מילולי"", כי כך נקרעת שארית הרקמה הדקה והעדינה שמחזיקה עוד את עמנו ביחד. אדוני היושב-ראש, ברור שבאווירה שכזאת, טוען אש""ף, שאם אנחנו עומדים לשחרר את כל האסירים הפלשתינים, מדוע אנחנו מחפשים מבוקשים נוספים? זאת לא בעיה של קיצונים. גם מתונים מתקוממים נגד מצב שכזה. תראו את נעמה, מושב של תנועת המושבים, לא של ""אמנה"". מוטה גור, שאהוב על האנשים ונאמן עליהם - גם עלי - הלך לשם היום. המזכירה של היישוב, או מי שמייצגת אותם, אמרה: יצאנו מאוד לא רגועים - אני אומר בלשון שלי, לשון בוטה יותר היתה שם - בנושא הביטחון, כביש עוקף-יריחו וכל מה שקורה בנושא, ומוטה גור ניסה להסביר. חברי הכנסת, ההתיישבות היהודית ביש""ע היא חזקה ואיתנה, ובעצם קיומה היא מפריעה לקיומה של מדינה פלשתינית, בלי ספק. אבל חשוב שתהיה הידברות מסודרת, יזומה על-ידי הממשלה, עם אנשי יש""ע, שיש להם מועצה נבחרת מייצגת, ואם לא תהיה הידברות כזאת, עלול להיות מצב קשה. אני רוצה לסיים ולומר - - -

לפני שארד מהדוכן, אענה לך.

אז אענה ממקום מושבי. חברי הכנסת, מאותו הסכם יכולות לצאת שתי דרכים נפרדות. יכולים לחתום על אותו הסכם ויכולות לצאת שתי דרכים שונות. לא יהיה כתוב ""מדינה פלשתינית"", אבל עצם ההכרה באש""ף-תוניס, ועצם ההצהרה של חלקים מהממשלה, שהם מוכנים לכך, מקרבים את זה מאוד. אתה לא צריך לכתוב ""ירושלים"", אבל הנכונות לבחור ולהיבחר, והנכונות להכניס באיזה אופן שהוא את המוסדות בירושלים וכדומה, והנכונות להגיע להסדר כמעט בכל מחיר, מקרבים את זה מאוד. לכן על הכנסת לאמץ את הנקודות, ובכך אני עונה למי ששאל: האם אז תסכימו? אתה יכול לחלוק אידיאולוגית, אנחנו נוכל לחלוק פוליטית, אבל המישור של העתיד לגבי האמון בחותמים ובחתימה יהיה שונה, אם באמת תחליט הכנסת: לא מדינה פלשתינית ולא חלוקת ירושלים ולא זכות השיבה ולהדביר את הטרור ולהגביר את הביטחון ולהבטיח את היישובים ואת רווחתם. זה הקו האדום של קיומנו ועתידנו בארץ. וככל שתנועת העבודה עדיין רוצה למלא את שליחותה ההיסטורית, ראוי שהיא לא תסטה מהנקודות האלה. זאת איננה תוכנית של הימין. זאת תוכנית-מינימום להבטיח את הקיום והביטחון של מדינת ישראל. גם אם אידיאולוגית ופוליטית אנחנו לא סומכים על החותמים - ואנחנו לא סומכים על מי שחתם - אבל החותמים עצמם יגדירו בכך באופן מחייב יותר את הגבולות שלהם בכל ההסכם. אם היושב-ראש יסכים, אענה על שאלתו של חבר הכנסת גולדשמידט.

משאלות לומדים. הרי הוויכוח הזה חזר פעמים רבות, הטיעון הזה וזה שכנגדו. לא אנחנו המצאנו את מי שאמר שיש שוני מוחלט בין הידברות עם ערביי השטחים לבין הידברות עם אש""ף-תוניס. אני זוכר את רבין, אני זוכר את פרס; זה הבדל מהותי. יש הבדל, אף-על-פי שהם הולכים לפעמים לשאול אותם. יש הבדל מהותי, מפני שכאן הארגון - עם כניסתו, עם ההנהגה - שאתם אומרים שהוא בעל-הבית והוא יכול לקבוע מה שיהיה; יש שוני. אתם הצעתם זאת. אני זוכר את הדברים מתחילתם. היה שוני, ופתאום זה אותו דבר. לא כדאי להיתלות בעניין ההוא. זה מפנה, להחליט על אש""ף-תוניס, ולשוחח אתו, עם כל המשמעויות שיש לכך באשר לדברים האלה.",9,
19118,1993-10-11,"הודעת ממלא-מקום ראש הממשלה ש' פרס על פעילות הממשלה: היו""ר ש' וייס:","אדוני היושב-ראש, חברי הכנסת, בריאיון מלפני כשבועיים אמר מר גינוסר, ששימש ראש אגף בשב""כ, שבשם המערכת הפוליטית, שהיתה זקוקה לכך, כך הוא אומר, שטף השב""כ את מוחנו במסע הפחדה מכוון נגד הפלשתינים. בשקר, הוא אומר, מסר לנו שירות הביטחון הכללי שלנו, שהם מוליכי שולל ואין לתת אמון באש""ף. והוא מוסיף: לעם לא היתה ברירה. כך מגלה אחד מראשי השב""כ: לא השארנו לו שיקול דעת. הפחדנו אתכם, הוא אומר לנו, מנענו מכם את האפשרות לעקוב אחר תהליכים בעולם הפלשתיני. עד היום לא שמענו הכחשה של הדברים החמורים האלה, שלפיהם שיקר לנו השב""כ, שיקר לעם, בשליחות הממשלה, באשר למידע בנושא המודיעיני החשוב ביותר – מי זה האויב ומה הן כוונותיו.

אם נכונים הדברים, כמו שאומר השר שריד – – –

אני גם אומר: אם. אם נכונים הדברים, מי לידנו יתקע, שגם היום, בתוקף הנסיבות, אין מדווחים לנו על שינויים ותמורות בעולם הערבי ובאש""ף באופן שקרי כמו אז, לטענתו, אבל בכיוון השני? חברי הכנסת, אומרים לנו, שערעור הביטחון, כמו במכונית התופת בבית-אל והרצח בוואדי-קלט, נעשה מטעמם של אלה שרוצים לרצוח את השלום, ולכן הם רוצחים בנו. אני אומר לכנסת ולעם: הטיעון הזה הוא שקרי. כל הסיפור, שיש אש""ף שרוצה שלום ויש ""חמאס"" ששולל אותו, הוא רמייה. הם עובדים ביחד.

אני אסביר. חבר הכנסת דראושה, תשמע אותי עד הסוף ואחר כך תעיר. הם שיתפו פעולה בעניין המגורשים, השביתות היו מתואמות ביניהם. בנושא המבוקשים הם רוצים אותו דבר.

חבר הכנסת דראושה, תן לי להסביר את התוכנית.

הם גם יהיו שותפים, כמו שבישר לנו אתמול שר הבריאות, בבחירות שיהיו וביישום ההסכם. ההליכה של מדינת ישראל לקראת ""אש""ף מתון"" כדי לעצור את ""חמאס הקיצוני"", היא השתתפות שלנו בתרגיל הונאה. הדברים הולכים ומתבררים, שיש – ויהיה עוד יותר – שיתוף פעולה, ותהיה חלוקת עבודה ביניהם: אלה יהיו הקיצונים, אלה המתונים; זה הטוב, זה הרע, זה נושא ונותן אתנו, זה יורה בנו. ההסכם עם אש""ף יאפשר ל""חמאס"" בעתיד, כאשר אנחנו נתקשה להיכנס למקומות שמהם נצא, לנהל מסע רצח קשוח יותר ובטוח יותר מבחינתם. ופירוש הדבר, שישראל הולכת לוותר ויתורים מרחיקי לכת עד כדי הקמת מדינה פלשתינית, שחלק מהממשלה תומך בה, זה אומרים בפירוש, וחלק אחר שאומר: קונפדרציה, בעצם לא שונה בהרבה מאשר זה שאומר מדינה. היום התקשה שר החוץ מאוד להסביר בוועדת החוץ – אבל אסור לספר מדיוני הוועדה. אני אומר: יתקשו מאוד להסביר מה ההבדל, מבחינת הביטחון של ישראל והאמון שאתה נותן בהם, בין ""לא מדינה"" ו""כן קונפדרציה"", בקיצור לחזור לגבולות 1949 בעוד הפלשתינים ממשיכים בדברים שמזעזעים את כולנו, כמו הרצח בוואדי-קלט. עכשיו יש לנו סיפור חדש, שקר על שקר. אנחנו מתבשרים שיש ""חמאס"" טוב שילך לבחירות, ויש ""חמאס"" רע שלא ילך. כלומר, תמיד זה מתחלק לשניים. והרי השיח' יאסין עצמו אמר לכולם ללכת לבחירות. ועל כן כל עוד איננו חותמים עם כל הגורמים, לרבות חזיתות הסירוב וה""חמאס"", על הפסקת טרור, יש סכנה לישראל בהסכם עם אש""ף לבדו, ויש גם במשמע לגיטימציה לטרור שאחרים עושים. חברי הכנסת, אני כאבתי מאוד לשמוע את ראש הממשלה אומר – בערך כך, אני לא מצטט במדויק – שהרצח בוואדי-קלט משרת את הקיצונים משני הצדדים. זה מזעזע. אפשר להשוות את ההתנגדות להסכם בישראל לטרור הרצחני של ה""חמאס""? לגיטימי להתנגד אידיאולוגית ופוליטית להסכם, אבל להשוות את זה לרצח של ה""חמאס"", זה מעל ומעבר למה שמותר וניתן לסבול. גם האמירה שהסגר מנע פיצוץ של מכונית התופת בתוך ""הקו הירוק"" היא אמירה חמורה ביותר. יש בה ריח של הפליה בין דם לדם, וחייבים – אני אומר לממשלה – חייבים לחדול מהתבטאויות כאלה. אסור ליצור מצב של ""סזון מילולי"", כי כך נקרעת שארית הרקמה הדקה והעדינה שמחזיקה עוד את עמנו ביחד. אדוני היושב-ראש, ברור שבאווירה שכזאת, טוען אש""ף, שאם אנחנו עומדים לשחרר את כל האסירים הפלשתינים, מדוע אנחנו מחפשים מבוקשים נוספים? זאת לא בעיה של קיצונים. גם מתונים מתקוממים נגד מצב שכזה. תראו את נעמה, מושב של תנועת המושבים, לא של ""אמנה"". מוטה גור, שאהוב על האנשים ונאמן עליהם – גם עלי – הלך לשם היום. המזכירה של היישוב, או מי שמייצגת אותם, אמרה: יצאנו מאוד לא רגועים – אני אומר בלשון שלי, לשון בוטה יותר היתה שם – בנושא הביטחון, כביש עוקף-יריחו וכל מה שקורה בנושא, ומוטה גור ניסה להסביר. חברי הכנסת, ההתיישבות היהודית ביש""ע היא חזקה ואיתנה, ובעצם קיומה היא מפריעה לקיומה של מדינה פלשתינית, בלי ספק. אבל חשוב שתהיה הידברות מסודרת, יזומה על-ידי הממשלה, עם אנשי יש""ע, שיש להם מועצה נבחרת מייצגת, ואם לא תהיה הידברות כזאת, עלול להיות מצב קשה. אני רוצה לסיים ולומר – – –

לפני שארד מהדוכן, אענה לך.

אז אענה ממקום מושבי. חברי הכנסת, מאותו הסכם יכולות לצאת שתי דרכים נפרדות. יכולים לחתום על אותו הסכם ויכולות לצאת שתי דרכים שונות. לא יהיה כתוב ""מדינה פלשתינית"", אבל עצם ההכרה באש""ף-תוניס, ועצם ההצהרה של חלקים מהממשלה, שהם מוכנים לכך, מקרבים את זה מאוד. אתה לא צריך לכתוב ""ירושלים"", אבל הנכונות לבחור ולהיבחר, והנכונות להכניס באיזה אופן שהוא את המוסדות בירושלים וכדומה, והנכונות להגיע להסדר כמעט בכל מחיר, מקרבים את זה מאוד. לכן על הכנסת לאמץ את הנקודות, ובכך אני עונה למי ששאל: האם אז תסכימו? אתה יכול לחלוק אידיאולוגית, אנחנו נוכל לחלוק פוליטית, אבל המישור של העתיד לגבי האמון בחותמים ובחתימה יהיה שונה, אם באמת תחליט הכנסת: לא מדינה פלשתינית ולא חלוקת ירושלים ולא זכות השיבה ולהדביר את הטרור ולהגביר את הביטחון ולהבטיח את היישובים ואת רווחתם. זה הקו האדום של קיומנו ועתידנו בארץ. וככל שתנועת העבודה עדיין רוצה למלא את שליחותה ההיסטורית, ראוי שהיא לא תסטה מהנקודות האלה. זאת איננה תוכנית של הימין. זאת תוכנית-מינימום להבטיח את הקיום והביטחון של מדינת ישראל. גם אם אידיאולוגית ופוליטית אנחנו לא סומכים על החותמים – ואנחנו לא סומכים על מי שחתם – אבל החותמים עצמם יגדירו בכך באופן מחייב יותר את הגבולות שלהם בכל ההסכם. אם היושב-ראש יסכים, אענה על שאלתו של חבר הכנסת גולדשמידט.

משאלות לומדים. הרי הוויכוח הזה חזר פעמים רבות, הטיעון הזה וזה שכנגדו. לא אנחנו המצאנו את מי שאמר שיש שוני מוחלט בין הידברות עם ערביי השטחים לבין הידברות עם אש""ף-תוניס. אני זוכר את רבין, אני זוכר את פרס; זה הבדל מהותי. יש הבדל, אף-על-פי שהם הולכים לפעמים לשאול אותם. יש הבדל מהותי, מפני שכאן הארגון – עם כניסתו, עם ההנהגה – שאתם אומרים שהוא בעל-הבית והוא יכול לקבוע מה שיהיה; יש שוני. אתם הצעתם זאת. אני זוכר את הדברים מתחילתם. היה שוני, ופתאום זה אותו דבר. לא כדאי להיתלות בעניין ההוא. זה מפנה, להחליט על אש""ף-תוניס, ולשוחח אתו, עם כל המשמעויות שיש לכך באשר לדברים האלה.",3,
20452,1993-11-03,"הצעות לסדר-היום: הסברת מדיניות הממשלה בקרב צה""ל","אדוני היושב-ראש, חברי הכנסת, מובן שהיו פרשות דרכים קשות בעבר, שבהן הכרעות היסטוריות נגעו לשורשי החיים שלנו ולא היה אפשר למנוע מחלוקת חריפה בכל פעם שהיתה הכרעה, עד כדי סכנה של קרע לפעמים. זה היה בפולמוס אוגנדה בזמנו, ובכל פעם שהיתה הסכמה מצדנו לחלוקת הארץ. כך גם בשאלות קשות של זהות יהודית, דתית או חילונית. וגם בשאלה הזאת אנחנו מצויים בתקופה קשה, בדומה לכך. הוויכוח הציבורי האידיאולוגי נוגע בתהומות המחלוקת ומתייחס לססמאות הגדולות כמו שלום צודק, מזרח תיכון חדש, מלחמה בטרור, כן או לא, הפסקת הטרור, הכרה הדדית, זכויות היסטוריות-פוליטיות, התיישבות יהודים בארץ-ישראל כולה. כל הדברים האלה מתקשרים בדרך כלל להסדרי הקבע שצפויים בהמשך הדרך, אם אומנם יפעלו הסדרי הביניים על-פי המתווה שלהם. כיום אנחנו עומדים בפני המציאות האפורה של הסכמים, של סעיפים מעשיים והמשמעות שלהם בשטח. יש פער עמוק בין חזון, או בעיני לפעמים אופוריה, של תומכי השלום ובין המאבק והכאב של מי שאנחנו קוראים להם תומכי ארץ-ישראל, בעת שמתנהל המשא-ומתן המורכב, הסבוך והמפותל על כל פרטי ההסכמים. יש בציבור שלנו, בוודאי בצה""ל, דעות שונות ומגוונות, ויש מקום להפעיל מאמץ משותף כדי לקרוא את ההסכמים עצמם בעברית, אולי גם באנגלית - הנוסח המחייב הוא הנוסח האנגלי - לנסות להבין את המשמעות של הסעיפים באמצעות דעות שונות משני הצדדים של הוויכוח. יכול להיות שמהלך כזה יכול להביא לוויכוח ולדיון יותר ענייניים. מה שקורה בחוברות האלה שצה""ל מכין עכשיו - זה דבר שונה. לפי דעתי, קודם כול הדבר מקדים את זמנו ולא נוגע לוויכוח שקיים היום. הנאמר בחוברת כאילו מכין את הצבא לפינוי יישובים. אם אני מבין לעומק מהי ההתנגדות החזיתית שעליה מדברת החוברת הזאת - כאילו לא ירצו לקבל את ההכרעה ותהיה התנגשות חזיתית בין קבוצות מיליטנטיות לבין צה""ל - זה בערך המצב שאליו מכינים את המפקדים ואת החיילים בצה""ל. לכן אצטט, למשל, כמה דברים שאני חושב שלא היו צריכים להיות מובאים היום בחוברות של צה""ל: ""לנוכח קיומם של גרעינים קשים בעלי רמה גבוהה של מחויבות אידיאולוגית ושל נכונות לפעילות מיליטנטית, ניתן להעריך שכללי המשחק הדמוקרטיים של קבלת הכרעות - - - והעיקרון של שלטון החוק - יעמדו למבחן - - - שכן תתעצמנה הקריאות לאי-קבלת מרות ואף להתנגדות בכוח למימושן של ההכרעות - - - הם ימצאו את עצמם בהתנגשות חזיתית בין הכרעת רוב דמוקרטית לבין הציונות כפי שהם מבינים אותה וזה ייתן הכשר מצדם"" - של המתיישבים - ""לשבירת כללים, להפרות חוק, שעלולות להסלים עד כדי אלימות פיסית - - -"". חמור מזה, גם הנחות העבודה של צה""ל, הקשורות בנושא הזה, אומרות מין נבואה שרוצה להגשים את עצמה, כי ""יחריפו ההתבטאויות ועיקרן יהיה דה-לגיטימציה של החלטות הממשלה ופעולותיה - - - עד כדי נכונות"" - כלומר של המתיישבים - ""לשותפות פעילה בהפרעות לפעולות הצבא"". כלומר, החוברת מכינה את צה""ל לאיזה עימות, התנגשות חזיתית. ואני יודע גם שבכמה מוסדות כבר שלחו אותה אולי להסביר לתלמידים או לחיילים בעתיד על מה מדובר פה. כאילו תהיה התנגשות חזיתית בין חיילים לבין קבוצות באוכלוסייה היהודית ביהודה, בשומרון ובחבל-עזה, כתוצאה מביצוע החלטות הממשלה. וכאן הם מוסיפים, שצריך להבהיר לחיילים בהזדמנות הזאת את סוגיית הפקודה הבלתי-חוקית בעליל, כדי שתובהר להם האי-רלבנטיות שלה לסוגיות הנוכחיות. אני אומר, יש קושי בסיסי בכך שצה""ל מטפל בכל הנושא, ורצוי שתימצא דרך חוקית, אני מדבר עכשיו על נושא הסדר, לטיפול משטרתי בזה. אף שאני יודע שיש קושי, מפני שהחוק מעבר ל""קו הירוק"" הוא חוק של הצבא, אבל, בכל זאת הרי צה""ל הוא צבא שכולנו משרתים בו, הבנים שלנו שם עכשיו והם כולם משרתים מול האויב. העיסוק הזה יוצר קונפליקט. אני זוכר את הטענות משמאל, בזמן מלחמת לבנון, שאי-אפשר לעשות מלחמה באויב תוך קרע בין לוחמים, או קרע בין הלוחמים לבין הבתים שלהם, מאחור. ודאי וודאי שהדבר חמור שבעתיים כשהצבא מעורב באופן חריף בוויכוח ציבורי פנימי, שהוא עדיין בראשיתו. וחמור, אני מוסיף, שבמשמע - כך הבנתי את המשמעות של החוברת - מכינים את הצבא לפינוי של יישובים יהודיים. והרי בשלב הזה מתהדרת הממשלה, שלא מדובר בעניין הזה. יכול להיות שאם נגיע למצב, חס ושלום, של פינוי יישובים, יתעורר הוויכוח האם פינוי כפר יהודי הוא חוקי. אגב, אותה שאלה יכולה להישאל, האם טרנספר של כפר ערבי הוא חוקי, אם תינתן פקודה כזאת. ייתכן שיקומו מי שיטענו שפקודה כזאת היא בלתי חוקית בעליל ויתעורר הוויכוח. אבל כל זה יהיה בהסדר הקבע. בהסכמים הנוכחיים הרי לא מדובר על עקירת היישובים והעניין הזה טרם הוכרע. אז מדוע להכין את צה""ל לביצה שלא נולדה? אני מסיים. אדוני היושב-ראש, צה""ל אהוב על כולנו, בנינו שלנו משרתים בו, ולכן אסור לערב אותו באופן שכזה בוויכוח. יש מקום שהצבא יפיץ את מסמך העקרונות, יביא את טיעוני המסכימים לו והמתנגדים לו ויאפשר דיון בהסכם. ראוי שהצבא ינהג באופן חינוכי ואובייקטיבי בנושא, גם במרצים שהוא שולח, ולא יתחיל כבר עכשיו, בטרם הכרעה, להכשיר דעת קהל של חיילים למקרה של פינוי. הצבא בינתיים צריך להשליט סדר ציבורי, למנוע אלימות כלפי יהודים, כלפי ערבים, אבל לא לנקוט עמדה - זו דעתי - בוויכוח הציבורי. תמיד נהגנו להתלכד סביב המעשים ולהמשיך בוויכוחים חריפים ביותר על המטרות ועל המשמעויות. אני מציע שזה לא ישתנה עכשיו. יש כאן פרשת דרכים, יש מחלוקת חריפה, אולי דרך להכרעה היסטורית כזאת או אחרת, ויש גם סכנת קרע, אולי, בסופו של עניין. כל השאלות האלה שציינתי בהתחלה ראויות לדיון, אבל לא באופן שהן נעשות כאן. נדמה לי ששלטונות הצבא מפקחים על החוברת הזאת. כתוב שעוזר ראש אג""ם בדרגת אלוף אחראי לנושא הזה. ראוי שהצבא יחשוב שוב כאשר הוא בא לדון בסוגיה הזאת.

אתה בטוח שזה לא סיכום? יש חוברת שכתוב עליה ספטמבר, אחריה אוקטובר.",2,
20564,1993-11-08,"הצעות של סיעות הליכוד, צומת, מפד""ל ומולדת להביע אי-אמון לממשלה בשל: ההתדרדרות בתחום המדיני והביטחוני;: הפסקת השיחות בטאבה והשלכותיהן על מצבם הביטחוני של היישובים ביש""ע;: ביטחון המתיישבים ביש""ע; המצב הביטחוני וטיפולה של הממשלה בטרור; המשא-ומתן המדיני עם אש""ף","אדוני היושב-ראש, חברי הכנסת, רק אתמול קברנו את אפרים איובי, השם ייקום דמו, שנהרג בניסיון לרצוח את הרב דרוקמן ואת נהגו-חברו. ארגון החזית הדמוקרטית של חוואתמה, שמשתייך לאש""ף, הודה בביצוע הפיגוע. אש""ף לא גינה, לא פעל כפי שהתחייב - למנוע מארגוניו לבצע מעשי טרור, ואילו בצה""ל הטילו ספק באמינות ההודעה וייחסו את הפיגוע ל""חמאס"", כדי שלא לפגוע, חס ושלום, בקונצפציה שאש""ף נקי.

בשבועות האלה נרצחו חיילים ואזרחים; שורה ארוכה של חיים צעירים שנקפדו - ""הנה מוטלות גופותינו"" - ובנס נמנעו אסונות כבדים ממכוניות תופת, מבקבוקי תבערה וממטענים שהתפוצצו או שפוצצו. עיתון ""הארץ"" מפרסם היום את מסמכי ישראל ומסמכי אש""ף לתפיסת הביטחון, לשיחות בטאבה. אסור לספר מה אומרים בוועדת החוץ והביטחון, אבל מותר לספר מה שלא נמסר. המסמכים לא נמסרו לוועדת החוץ והביטחון, אבל מתגלה מהמסמכים שאש""ף דורש הקמה של צבא חי""ר בן כ-25,000 חיילים, עם מסוקים, עם סטי""לים, עם מקלעים בינוניים, עם מרגמות ושריוניות כדי להגן על הגבולות. הרי מצרים, לגרסתם, וירדן הן בעלות-בריתנו, אז למה אנחנו צריכים לשמור על הקו של הירדן בגשר-אלנבי או על קו מצרים ומעברי רפיח וחופי הים? והם טוענים שהשארת צה""ל להגנה על היישובים היא תירוץ להישארות של צה""ל, שצריך להסתלק, ובעצם להפקיר את היישובים והדרכים. אש""ף דורש לסלק את צה""ל מעזה ומיריחו ומגלה את כוונתו לנטישה ולהפקרה של היישובים שלנו. חברי הכנסת, על-פי מסמך אוסלו הם רוצים לשלוט על היישובים שלנו, ואנחנו לא נסכים לכך, לא בהסדר הביניים ולא בהסדר הקבע. יש גבול אדום של אי-הפקרת היישובים, והוא גבול ההגנה האפקטיבית של מדינת ישראל באמצעות צה""ל וכוחות הביטחון. אדוני היושב-ראש, כל מתיישב יהודי ביש""ע חי במולדתו ולא בארץ זרה. הם לא יחיו תחת שלטון זר כאילו היו בדמשק או בחלב. לא נסכים שהם ייקרעו מהמפעל הציוני וממדינת ישראל, לא ניתן שיופקר ביטחונם לחסדם של טרוריסטים מאש""ף או מ""חמאס"" ולא נעניק הכשר לתסריט אירי או בוסני. לא יחיו שם בנוסח של צפון-אירלנד או של בוסניה. חברי הכנסת, הביטויים האומללים שמשווים בין ""חמאס"" לבין מתנגדי ההסדר, שמפרידים בין אזורי יש""ע לבין שאר אזורי הארץ, והטפטוף הארסי על הנטל שבהגנה על המתנחלים, ויש טפטוף כזה, והביטויים המרושעים על מסחר בביצים עם ערבים, גורמים לכך שההצהרות על כוונות הממשלה לתת ביטחון למתיישבים לא תהיינה אמינות, ותגבר התחושה של הנכונות להפקיר את היישובים. מעשי הטרור שבכל יום, למרות ההסכם או בגללו, מעידים שאין הממשלה מתכוונת למלא את חובתה למנוע תוהו ובוהו. אדוני היושב-ראש, לא שיש הסכמה מלאה או שיתוף פעולה בפעולות או בפרטים בין אש""ף לבין ""חמאס"". ודאי שיש ביניהם הבדלים באידיאולוגיה ובמעשה, אבל אלה מאפשרים להם חלוקת עבודה אסטרטגית, והם פועלים בתיאום טוב יותר והדוק מזה שיש בין הקואליציה והאופוזיציה בישראל. אש""ף פועל על-פי הקו המדיני ועל-פי תוכנית השלבים, ו""חמאס"" והאופוזיציה שבתוך אש""ף דבקים במאבק המזוין וממשיכים בטרור. וערפאת לא משנה את ההבנה שלו, כדי לשמור את אופציית הטרור באמצעות ה""חמאס"" והאופוזיציה באש""ף. הממשלה נותנת לגיטימציה לאש""ף כאילו כדי לבלום את ה""חמאס"", עד כדי מתן הכשר לרוצחים מאש""ף וביטול רטרואקטיבי של משפטי הרצח נגדם. הכול שטויות, חברי הכנסת, ההסכם בין אש""ף לבין ""חמאס"" נשמר בקפדנות. אש""ף לא ידכא את ה""חמאס"", ואש""ף לא יספק שלום ושקט אפילו ירצה - -

- - כל שכן כשהוא מתואם עם ""חמאס"", שימשיך את מלחמתו בישראל בטרור תוך כדי התהליך המדיני, אבל גם אחריו. חברי הכנסת, התגובות הישראליות על הפיגועים החמורים ביש""ע מוזרות ומבליגות, כאילו יש השלמה ישראלית שאין מנוס מפיגועים שם, כמו ברצועת הביטחון, כאילו יש""ע זה רצועת הביטחון, שם מותר. אם חותמים הסכם עם חצי מהפלשתינים וחצי אחר פועל נגדנו בטרור, אין תמורה לוויתורים שלנו ואין תוחלת לשלום שכזה. האם הייתם חותמים, חברי הממשלה, הסכם עם חצי הצבא הסורי או עם חצי הצבא המצרי, כשהחצי השני ממשיך לירות? אם תיסעו בדרך מרמאללה לירושלים תראו את הכתובות על הקירות שמצהירות ""פתח וחמאס בעלי ברית"". זאת האמת. שקר הוא שמדובר פה רק ב-20 מבוקשים של חוליות ה""חמאס"", רק ייתפסו - הכול ייגמר. זה הרבה יותר. ובהקשר זה היתה שערורייה לתכנן, לשחרר בגנבה את עצירי ""חמאס"". לדידה של הממשלה, מדוע? מה חשבתם אז? מדוע לשחרר את אנשי ה""חמאס""? רק בגלל הירצחם של שני החיילים בעזה זה בוטל. אלו שידיהם מגואלות בדם, רק במקרה לא שוחררו, מפני שקראו לשר המשפטים ""יפה נפש"" בממשלה. שערורייה היתה להפקיר את היישובים והדרכים, לאפשר לטרור להשתולל, ולדעת שאש""ף שותף סמוי לזה. המת עדיין מונח לפנינו, חברי הכנסת. למשפחת איובי, תנחומים. כואב הלב על הפרח היפה שנקטף. לרב חיימקה דרוקמן היקר, רפואה שלמה. על האי-ביטחון הזה אנחנו קוראים לאי-אמון בממשלה.",10,
26517,1994-01-12,"הצעות לסדר-היום: ממצאי דוח ארגון ""בצלם""","אדוני היושב-ראש, חברי הכנסת, רציחתם של כ-1,000 פלשתינים בידי בני עמם במשך שש שנות האינתיפאדה היא נתון מחריד. הפקרתם, ברגע שבו יוצא צה""ל מריכוזי האוכלוסייה, לגורלם, לעינוים ולרציחתם היא דבר לא מוסרי ולא אחראי. ישראל איננה רשאית להפקיר אותם. יש לנו אחריות מוסרית לשלום הסייענים שסייעו לצה""ל, למשטרת ישראל ולשב""כ להגן על חיינו וביטחוננו. הם זכאים להגנה מלאה מצדנו, באשר הם שירתו את ישראל ואת ביטחונה. והרגישות המצפונית והמוסרית שלנו מחייבת. חובתנו הבסיסית היא לתבוע בהסכם שייעשה שתינתן חנינה לסייענים, ולראות הפרה של התחייבות, של ההסכם, אם ייפגעו ויירצחו, עם התגובה המתבקשת מכך. אבל עלינו לדעת, שאין ערך רב להתחייבות הזאת ואין מי שיערוב לחיי אלו שסייעו לנו להגן על חיינו וחיי ילדינו. חובתנו היא לעשות מאמץ רציני ולסייע לאלה שירצו בכך להגר לארץ אחרת ולבנות לעצמם זהות אחרת. אבל לא נוכל מוסרית להתחמק מכך שעלינו לאפשר להם לבחור בחירה אמיתית, כדי שאלה שירצו בזה, ויומלצו על-ידי כוחות הביטחון כמי שסייעו לנו ישירות ובנאמנות, יורשו להתיישב בישראל. זו זכותם וזאת חובתנו - לשקם אותם בתחומינו; אחרת - נהיה מתכחשים לחובה ההומניטרית היסודית שלנו. כמנהג ישראל, עלינו לגמול חסד עם מי שגמל אתנו חסד. אסור להפקיר את מי שסייע שדמנו לא יהיה הפקר. כך נהגו קדמונינו עם אלה שעשו עמנו חסד כשהיינו בצרה. במשך דורות הם לא נעזבו על-ידינו. תראו איך נהג אברהם אבינו עם ענר, אשכול וממרא, תראו את אבימלך, תראו את ברזילי הגלעדי. זאת חובה מוסרית אלמנטרית. חברי הכנסת, יש להביא בחשבון גם את רמת המוסר התועלתי, הקיומי. מי ירצה לכרות אתנו ברית, מי יעז לסייע לנו אם ידע שאנחנו ""משאירים פצועים בקרב"", שאנחנו מפקירים אנשים שהיו אתנו בזמנים הקשים למוות אכזרי בידי אחיהם, שאנו אמורים לחנון את אלו מהם שעצורים אצלנו על טרור. לכן, כל מי שמבקש מקלט אצלנו, מצוות ""לא תסגיר עבד אל אדוניו"" תחול עליו. גברתי היושבת-ראש, אל נזלזל בתביעה שלנו, שבמסגרת כל הסכם שייחתם נתבע, שכל הפוגע בהם - פוגע בהסכם. הבה נבחן את יעילותה של המשטרה החזקה בסוגיה הזאת, וכן נקבל על עצמנו להגיב על הפרה, כשתהיה. אבל ניתן זכות בחירה אמיתית למי שבכל זאת ירצה לעבור אלינו, שיזכה למקלט. יש תקדימים לזה. ועכשיו, אם וכאשר יצא הצבא מעזה, למשל, נאפשר לכל מי שזקוק לכך להציל את חייו ולשקמם. יהיו אלו מאות, אולי אלפים אחדים. אין ברירה, אלא להושיט להם יד, גם אם הדבר מקשה עלינו. כאמור, זאת מחויבות מוסרית ואחריות פוליטית שלנו. לכן, אני מציע שהכנסת תדון בכך ברצינות, ובהקדם.

באיזה הקשר אתה אומר זאת?

לא דיברתי על אחריות לאזור, אלא על אחריות כלפי אלה שעזרו לנו.

כל מי שיצטרך, יוכל להיקלט כאן?

הם התעייפו מן ההצבעה על הבשר.",1,
29267,1994-02-16,"הצעות לסדר-היום: דברי מזכ""ל העבודה על מדינה פלשתינית","גברתי היושבת-ראש, חברי הכנסת, על אף מה שאמר שר החוץ מר פרס, ובשונה ממה שאמר חבר הכנסת חגי מירום, אין פה דבר תמים כל כך, ויש לפנינו מהדורה חוזרת של נושא אחר. כך התחילה הממשלה לדבר עם אש""ף. ראש הממשלה ושר החוץ אמרו שלא ידברו אתם - - -

נכון, היא יודעת. ראש הממשלה ושר החוץ אמרו שלא ידברו אתם. אחרים בממשלה, בכנסת, במפלגה, במרצ אמרו שכן, ואחר כך דיברו. ככה מכשירים דעת קהל, כשהממשלה עוד לא מוכנה לומר את הדברים בגלוי. בדרך דומה העניין ממוחזר עכשיו. ראש הממשלה ושר החוץ כאן אומרים: לא מדינה פלשתינית, ואחרים אומרים שכן, ומתחילים לטפטף עד שהטפטוף הופך לשיטפון. יש פה מין שיתוף פעולה שכזה, אולי אפילו בלי רצון, אולי מבלי משים, אבל סופו של התהליך שמובילים את ראש הממשלה, שר החוץ והממשלה להסכים בניגוד להתחייבותם לכנסת, לציבור, למדינה פלשתינית, ובמקרה הזה גם לנסיגה מרמת-הגולן. זו כבר קלישאה, אבל אני אחזור עליה. הרצל חזה את המדינה היהודית. ב""מעריב"" מאתמול מבשרת הכותרת, שזוילי חזה את המדינה הפלשתינית.

אני מתקן. הוא מצטרף בכך לסגן שר החוץ ביילין, לשרים ולחברי כנסת ממרצ, לחברי כנסת מהעבודה, אבל הוא נותן לכך את החותמת של מזכיר המפלגה. נכון שמזכיר מפלגה בישראל זה לא כמו שבברית-המועצות. תגידי: נכון; הרי את בקיאה גם בברית-המועצות, נכון?

ברית-המועצות לשעבר. ובכל זאת מותר לאש""ף להניח, בבואו לדון אתנו, שזוילי מבטא את עמדת הממשלה. וגם אם ראש הממשלה אומר בקול ענות חלושה שזאת לא דעתו, יכולים ערפאת ואנשיו להביא בחשבון, שאם יתעקשו יקבלו דגם כזה של אוטונומיה, עם סממני ריבונות שכאלו שיביאו בהכרח למדינה פלשתינית. אחת מהשתיים: או שחבר הכנסת זוילי וחבריו מפלסים את הדרך - סליחה, אני חושב - - -

לצורכי נימוס. או שחבר הכנסת זוילי וחבריו מפלסים את הדרך לראש הממשלה ולממשלה, מפריחים את בלון הניסוי, או שהם מפיחים תקוות בלב הפלשתינים ומעודדים אותם להתעקש על מדינה. שתי האפשרויות חמורות, מפני שהן מרגילות את העם בישראל להרגשה שיש פה איזו עבודה כפולה, עבודה בעיניים, מישהו מרמה מישהו, ואין ערך קבוע ויציב למה שמספרים לנו. הסכנה הנוספת שקיימת היא, שהערבים שעומדים מולנו, אש""ף במקרה זה, מבינים את האותות ולומדים מהם שלממשלת ישראל אין יחס לקשר לארץ-ישראל, לחלקי ארץ-ישראל, מבחינת המורשת, ההיסטוריה, בעוד להם יש, ועל כן בכל מקרה ידם תהיה על העליונה במשא-ומתן. יישובי הבקעה, יישובי יש""ע וגם הגולן צריכים להבין מזה, שהממשלה אומרת להם שהם יושבים על זמן שאול, שהם פקק בלבד, זמניים - - -

אני יודע שאתה מסכים לזה, אני יודע שאתה מסכים. מה שמדאיג אותי זה הממשלה. מי שעיניו בראשו, כך מאותתת הממשלה, שיארוז את החפצים שלו, יבקש פיצויים ויחזור לתל-אביב, גם אם היא אומרת: אל תעשו את זה. ממשלה שפועלת בשתי לשונות, בשני מסלולים, יש בה משהו מטעה ומסוכן שמעיד שהשם האמיתי של ההסכם הוא חזרה לגבולות 1948 והקמה של מדינה פלשתינית. לכן, הדברים שנאמרו מחלישים את עוצמת התביעה שלנו לארץ-ישראל ולביטחון ומביאים להתקפלות לטובת מדינה פלשתינית. חברי הכנסת, במשך 25 השנים האחרונות התייחסו ממשלות ישראל להתיישבות ברחבי הארץ כביטוי של האידיאל הציוני. אנשים בנו שם את בתיהם, הולידו ילדים, הקריבו קורבנות רבים. הם האמינו, לא בגלל איזו אידיאולוגיה קנאית אלא מפני שזאת היתה האידיאולוגיה של המדינה, שהם עושים שירות גדול ומגשימים את המורשת הישנה של הציונות. איש לא אמר להם, ומעולם לא הוצהר שזה מעמד זמני בלבד, ושהם מתיישבים שם לזמן קצר, ושהם רק פקק בתהליך המדיני. אם הממשלה רוצה לומר לאלה שחיו, בנו, סבלו במשך 25 שנים שם, שהם אויבי השלום, מפני שהמדינה רוצה לצייר מפה חדשה, היא לא צריכה לעשות את זה בדיבור כפול, בטשטוש התמונה הברורה למה היא מתכוונת, למה היא מסכימה ולמה היא לא מסכימה; שנשמע יום אחד הודעה של ראש הממשלה שלא תהיה מדינה פלשתינית, וביום אחר שומעים את סגן שר החוץ, מזכיר המפלגה ואחרים מצהירים שכן תהיה. לכן, לא פלא שזה זורע מבוכה, אי-בהירות וייאוש. לא הגון לנהוג כך כלפי בני אדם, ולא צריך להביא אותם למצב של אי-ביטחון באשר לתכליתה של התוכנית. אם יש לממשלה תוכנית להקמת מדינה פלשתינית, היא צריכה להביא אותה בגלוי, לדיון ציבורי פתוח, מפני שמדובר בנושא חיוני שישפיע על העתיד של מדינת ישראל. זאת לא דרך בריאה לבנות אמון בחברה הישראלית, בצורה הזאת, וזה תפקידה של הממשלה, להביא את האי-הסכמה בינינו לדיון ציבורי גלוי ופתוח והגון, ולא דו-לשוני. אני מסיים, גברתי היושבת-ראש. הממשלה הזאת הצדיקה - לדעתי, שלא בצדק - את השיחות עם אש""ף-תוניס כאילו היא מורידה את המסכות מהפלשתינים. אבל נשף המסכות - אמרו שכאילו היה נשף מסכות, דיברו, בעצם, עם אש""ף, אבל אמרו שזה לא אש""ף. הם מורידים את המסכות, כך התבטא כמה פעמים פרס, אבל נשף המסכות - לפי התוכנית הזאת היא בעצם שמה על עצמה את המסכות, והיא מופיעה בשני פרצופים, אחד שאומר - -

- - לא מדינה, ואחד שאומר: כן מדינה, וממשלה לא יכולה לעבוד בשני מסלולים, והיא עובדת כך.

זה דבר שלא צריך להיות, ואני מסיים כמו שאת אומרת.",1,
31031,1994-03-14,"הצעות סיעות הליכוד, מפד""ל-צומת ומולדת להביע אי-אמון לממשלה בשל: 1. מדיניותה בתחום הביטחון; שיחות השלום; צווי מעצר אדמיניסטרטיביים נגד אזרחי ישראל; דרישה לפינוי יהודים מחברון ושאלת ביטחונם של המתפללים בכותל המערבי; 2. פינוי המתפללים מהכותל המערבי ביום שישי והמגמה לפנות את היישוב היהודי מחברון; 3. התערערות מצב הביטחון והיחס למתיישבים היהודים ביש""ע; תפקודה של הממשלה","אדוני היושב-ראש, חברי הכנסת, פינוי הכותל - חשבנו שזו היתה ""החלקה"" לא חכמה של מישהו במשטרה. מתברר שלא כך הוא: שר המשטרה וראש הממשלה נתנו את ההוראה. פינו את הכותל ממתפלליו היהודים. זה מעשה או מחדל ללא תקדים. זה ביטוי לנכונות להתכופף וליישר קווים, על-פי דרישות הערבים. אם פינוי הכותל הוא חד-פעמי, הרי בהתרסה ובהתנגדות אנחנו אומרים: מילא. אבל אם זה הקו גם לעתיד, כשהערבים רשאים לזרוק אבנים ממעלה הר-הבית לרחבת הכותל ותגובת הממשלה היא לסלק את המתפללים היהודים ולהבריחם - אנחנו קוראים לאי-אמון בממשלה שנותנת יד למהלך כזה. אגב, אני שומע שמישהו נתן הוראה ביום שישי האחרון לאוטובוס ""אגד"", שלא לנסוע מהעיר אל הכותל ומהכותל אל העיר, כדי למנוע מיהודים להגיע לכותל. זה מין תחבולה אחרת על-מנת להבריח יהודים מהכותל. האם זאת הוראה קבועה, ש""אגד"" לא יוביל ביום שישי יהודים, כדי שהכותל יהיה ריק, כדי שהערבים יוכלו להתפלל בלי יהודים? - ולא במקום חיכוך, כמו שהם אומרים, במערת המכפלה, אלא אנחנו בכותל והם נמצאים שם במסגדים. פינוי חברון. דרישת רוב השרים לפנות את חברון מיהודים איננה חד-פעמית, והיא חמורה מאוד. היה גולדשטיין אחד. יש אולי בודדים נוספים מסוכנים כמוהו. אבל בקרב הפלשתינים יש מאות ואלפים כאלה, ואנחנו מנהלים משא-ומתן עם אותו סוג של אידיאולוגיה לפחות. אש""ף התחייב למנוע טרור, לגנות אותו. הוא לא עמד בדיבורו. מיום החתימה על הסכם העקרונות ועד ערב הטבח במערת המכפלה היו אנשי ה""פתח"" מעורבים ב-21 פעולות טרור נגד ישראלים, שכללו שימוש בנשק חם ובסכינים והביאו לרצח ארבעה ישראלים ולפציעה של 21. גם ארגוני ""החזית העממית"" ו""החזית הדמוקרטית"" הנכללים באש""ף היו מעורבים באותה תקופה בחמישה מקרים נוספים שבהם נרצחו ארבעה ישראלים ונפצעו שישה. ה""פתח"" ברמאללה, בחברון ובירושלים ו""ניצי הפתח"" ברצועה קראו בתקופה הזאת לחדש את המאבק המזוין נגד ישראל. אש""ף התחייב לבטל את האמנה הקוראת להשמדת ישראל, ולא ביטל. וממשלת ישראל שותקת ומשלימה. הם לא שינו את האידיאולוגיה של הטרור נגדנו ולא הפסיקו אותו לחלוטין. אז ברור שבמדינת ישראל אין דין אחד ליהודים ולערבים, לפי גישת הממשלה. לערבים מותר, היהודים - מחוץ לחוק. חברי הכנסת, מדוע לפנות את חברון, כפרס לרוצחי תרפ""ט? האם כל תושבי חברון היהודים הם קיצונים? אני מעיד שלא. והאם מפנים יישוב ערבי קנאי, שבו יש מדגרה של הסתה ורבים בו אנשי ה""חמאס""? יש לשפוט אשמים ואין להעניש באופן קולקטיבי. אני רוצה לומר משפט אידיאולוגי אחד בעניין חברון. בעיני הממשלה הזאת, חברון לא נמצאת בארץ-ישראל. אנחנו חולקים על כך. דין אחד לתל-אביב, לבאר-שבע ולחברון. ומי שעוקר יהודים מחברון, כאילו עוקר יהודים מתל-אביב. ומדוע כשמדובר בשלום, מובן לכולם שערבים יכולים לגור ביפו, בחיפה, בלוד וברמלה - וכך ראוי שיהיה - ואסור שיהודים יגורו בחברון? אדוני היושב-ראש, הממשלה הזאת, והשמאל שממריץ אותה, מדברים גבוהה על חוקי יסוד, על זכויות אדם, על חופש הביטוי, על זכות ההתארגנות. אבל כאשר מדובר ביריבים פוליטיים, שוכחים הכול ומחליטים להוציא אל מחוץ לחוק באופן פוליטי וגורף מפלגות פוליטיות. אנחנו תומכים בנקיטת צעדים מטעם השב""כ וצעדים משפטיים נגד כל מי שמסית לגזענות ולהרג ערבים באשר הם ערבים, ובוודאי נגד מי שפועלים בעניין ונגד מי שרוצה לפעול למעשה בעניין. אלה הוציאו את עצמם אל מחוץ לחוק ומעשיהם מסוכנים ומכתימים את ההתנחלות האידיאליסטית. אבל הוצאה גורפת של ארגונים אל מחוץ לחוק, בהחלטה פוליטית, כדי לרצות את אש""ף - בעצם זה כדי לרצות את אש""ף - ולטאטא את הבעיה עצמה אל מתחת לשטיח, היא פסולה ומסוכנת. בית-המשפט הוא שצריך להחליט בעניין, לא הממשלה, לא הממשלה הזאת. ואסור לפעול בדרך של איפה ואיפה, חברי הכנסת. איפה אחת לכהנא וגרורותיו ואיפה אחת לארגונים אחרים, יהודים משמאל סהרורי וערבים שהאידיאולוגיה והמעשים שלהם מסוכנים באותה מידה, ואולי יותר מאותה מידה. אם כבר מוציאים ארגונים אל מחוץ לחוק, הרי אלו ואלו דינם אחד. צריך שיהיה קו של יושר וצדק בהכרעות כאלו, אם כבר עוברים את קו הזכות להתארגן. חברי הכנסת, יש מקום לחשבון נפש בעקבות הטבח, מפני שאנחנו דורשים מעצמנו יותר סגוליות, יותר יושר, יותר נקיות מאחרים. אבל אתם, הממשלה שמדברת על שוויון, תבדקו את השוויון שלכם. כשאתם מאשימים באופן גורף בגזענות, אנחנו מאשימים אתכם בהפליה ובהתבטלות. יש מאות ואלפים רוצחים באש""ף וב""חמאס"". לו היה, חס ושלום, טבח הפוך - לא היה אף אחד מופתע בארץ ובעולם. היה אבל, היה עצב, היה יגון, אבל לא היתה הפתעה. היו אומרים: זה טבעי. אחרי אוטובוס 405 לא היתה ועדת חקירה. אנחנו בגזענים ובאלימים שלנו חייבים לטפל בכל חומר הדין; כן, בכל חומר הדין. אבל אל תחטאו בהכללה, אל תפנו את חברון, שרוב יושביה היהודים אינם אלימים. וגם לכו לאורך כל הקו המאזן והמשווה. ומפני שהממשלה עושה את כל הדברים האלה ומאיימת בפינוי חברון, אנחנו קוראים שלא לתת בה אמון.",1,
32195,1994-03-23,"המעצרים המינהליים - סוף הדמוקרטיה ותגובה מדהימה של ""מגיני"" זכויות האזרח","אדוני היושב-ראש, חברי הכנסת, מה זה מעצר מינהלי? איש רשות מודיע על חומר סודי שיש לו, חומר שלא ניתן לסניגור, חומר שלא נפתח לביקורת משפטית, ועל סמך זה עוצרים את מי שרוצים, בלי ראיות קבילות בבית-המשפט. חברי הכנסת, יש כאן הטעיה גדולה, כאילו קיים פיקוח שיפוטי, שהרי מגיעים לשופט. השופט רואה את החומר, אבל כולם יודעים שזאת בדיחה וזה שקר מוסכם, מפני שבלי הליך שיפוטי השופט איננו בגדר שופט. בלי שהדברים נבחנים בכור הראיות, במשפט פתוח, עם סניגור שבודק, רק בהסתמך על אמון עיוור באמינות החומר הסודי, זה לא משפט, זה מספח, זה רע וזה מסוכן. מתי משתמשים בכלי הזה? כאשר קיימת באמת סכנה קיומית למדינה - מחבלים, אז, כמו שיחיד שובר את הכלים כשהוא מגונן על חייו, כך גם מדינה. לא זה המצב באשר לארגונים כמו ""כך"" ולאנשים כמו בן-חורין, שאני חולק על דרכם לחלוטין, אבל אני לא מקדש את כל האמצעים הדרקוניים כדי לממש את ההתנגדות להם. הממשלה, אנשי השמאל, אנשי האקדמיה ואנשי המשפט צריכים להשיב לנו בלי ""אבל"", האם שנאתם לימין כל כך חזקה שהם מוכנים לשבור את זכויות היסוד של האזרח ולהרוס את הדמוקרטיה ואת היותנו מדינת חוק ומשפט. לדידה של הממשלה, מדובר כאן ב""עבריינים"" בנושא מסוים; לא כמו המחבל הטרוריסט שלא מקבל את חוקי המדינה בכלל או את עובדת קיומה. והרי יש לנו די חוקים כדי להתמודד עם הסתה, עם המרדה ועם גזענות. תוכיחו את חטאם במשפט, אחרת אתם הורסים את האמינות שלנו במשפט הישראלי. המעצר המינהלי לאזרחי ישראל, יהודים כערבים - בעצם זה לא משנה אם השר שחל פה או לא, אם הוא לא מקשיב.

המעצר המינהלי לאזרחים ישראלים, יהודים כערבים, אלה המקבלים את חוקי המדינה, זה סוף של הדמוקרטיה והמשפט. אני אומר באוזני השר, שחיוני לשמור על חירויות האזרח דווקא כאשר האדם שמדברים עליו הוא לא סימפתי בעיניכם. חברי השמאל בבית, הצוהלים על המעצרים המינהליים, אני רוצה להזכיר לכם, שרק 40 שנה עברו מאז צותתו שירותי הביטחון למנהיגי מפ""ם הפוליטיים. אני רוצה להזכיר לכם, שעיתון מסוים, ""העולם הזה"", היה בטיפול של השב""כ. אתם מחזירים אותנו לתקופה הזאת. בראייה קצרת טווח אתם מקימים מפלצת שעלולה להיות יום אחד בומרנג נגדכם. הרי הממשלה הזמנית הזאת, לא לעולם חוסנה. אם מעצר מינהלי בלי משפט יהיה נורמה לגיטימית, אתם הוצאתם את השד מהבקבוק ולא תצליחו להכניסו כאשר אתם תהיו נשוא המדיניות שלכם, המשפטית, המעוותת. חברי הכנסת, האם מדינת ישראל היא כל כך עלובה, כל כך חלשה, שאיננה מסוגלת להציג הוכחות לאשמתם של קומץ תימהונים ילדותיים המדברים בגלוי על דעותיהם, המצטלמים לעיני כול במעשיהם? האם אין למדינת ישראל היכולת להתמודד אתם משפטית? אוי לנו בבעיות יותר קיומיות שבהן אנחנו סומכים על כוחות הביטחון. אבל זה לא נכון. יש לנו שב""כ, יש לנו משטרה, יש לנו מג""ב ויש לנו צה""ל שמסוגלים להביא הוכחות ולא לעוות את זכויות היסוד של האזרח, אלא אם כן מביאים אנשים שאין נגדם שום דבר שבגינו צריך לעצור אותם. ואני אומר את זה נגד אנשים שאני חולק עליהם פוליטית מכול וכול. הממשלה בפניקה עקב המצוקה שנקלענו אליה. וכדי ליצור אמון ב""פתח"" ובאש""ף, מוכנה הממשלה לשלול מאזרחי ישראל את חירויות היסוד שלהם. קרה אסון במערת המכפלה, רצח של מופרעות. ואתם, השלטון, שלטונות החוק, תודו בפשיטת הרגל שלכם, שאין לכם חומר ואתם נזקקים למעצר מינהלי. זה מביש, זה אות קלון. אמרתי, יש לנו חוק נגד הסתה, חוק נגד המרדה, חוק נגד גזענות, יש לנו שב""כ. ומול קומץ שאני מעריך אותו בפחות מ-100 איש, אלה שהם נשוא הטיפול שלכם, נגד קומץ כזה של תימהונים אתם מכניסים אנשים לבתי-סוהר בלי משפט, כמו מדינה טוטליטרית. זה פתרון של פלסטר על מצפון שלא קיים. אתם חושבים שאתם מרצים בכך ציבור שאתם לא מאמינים באינטליגנציה שלו. אדוני היושב-ראש, חשוב שתהיה יד קשה מול בריונים מכל כיוון, אבל במשפט. חשוב לא פחות מכך שלא יותירו את המתנחלים בספק קיומי מחריד, בלחצים שנובעים מכך שהם חשים שאין מי שדואג לביטחונם ולעתידם. גם אלה שיש להם מטען אידיאולוגי, אידיאליסטי חזק מאוד, והם הרוב, המטען הזה נמצא במצח, במוח. אבל בלב ובחדרי הבטן הם חיים בתחושה של בידוד. חובתנו, חובת העם, חובת הממשלה הזאת לדאוג לביטחון שלהם, לדאוג להרגשה שלהם, כדי שלא נגיע למצב שהחלשים יותר יתייאשו. המעצרים המינהליים אינם תשובה אמיתית על המציאות הקשה. להיפך. הכנסת חייבת להזהיר את הממשלה, כאשר מערכות המשפט והאקדמיה שותקות שתיקה מוזרה ורועמת, מפני המעצרים המינהליים. מפני שכך מוסיפים על הבעיה, לא פותרים אותה, ומסבכים אותנו במדינת משטרה בולשביקית, שב""כית. משטרה ישראלית בלי משפט מכאן ומשטרה פלשתינית חזקה וחמושה מכאן ימררו את חיי המתנחלים שהם חפים מפשע וישנו את המציאות הקשה ממילא למציאות רעה. חברי הכנסת, השמאל והממשלה מגייסים את כל שבכוחם כדי לעשות דמוניזציה של המתיישבים בארץ-ישראל, של החלוצים האידיאליסטים. אנחנו לא נסכים לכך. אתם גורמים לקרע בעם. המדיניות הזאת עוברת את הקו האדום. את הטיפול בקומץ תעשו בדרך משפטית ולא בדרך מינהלית. מפני שמה שהממשלה עושה היום זו בכייה לדורות. אתם פשוט לא יודעים מה אתם עושים. אתם משעבדים את עתידנו הדמוקרטי ואת היותנו מדינת חוק, כפי שאתם אוהבים תמיד לומר, לנוחיות הפוליטית המיידית, העכשווית. במעצרים המינהליים רוצחת הממשלה את הדמוקרטיה והורסת את המשפט ואת החוק. מפלגות השמאל והמפלגות שחורתות על דגלן את זכויות האזרח, אל תדמו שאנחנו לא מבינים את השתיקה שלכן. אנשי המשפט, איך תסבירו את השתיקה הזאת, את הכניעה שלכם לשלטון של לא-חוק? והמחנכים שעליהם מדברים הרבה עכשיו, איך ידברו על דמוקרטיה שנרמסת על-ידי הממשלה ברגל גאווה? אתם נותנים לזה יד מפני שזה באופנה שלכם להכות בימין בכל דרך, להכות בגישה הלאומית, לשופף אותה. אתם חושבים שאתם ""מתקדמים"". אתם ""מתקדמים"" כמו שראיתם קדמה בסטלין ובקומוניזם. אתם פופוליסטים, אתם חיים על הטווח המיידי, אבל הממשלה זמנית והחרב מתהפכת ואתם פרצתם את האסור. אני קורא לכם: ממשלה, משפטנים, מחנכים, חברי כנסת, אל תהיו שותפים לדבר עבירה מטומטם ומסוכן שיכה בכולנו. תפסיקו את המעצרים המינהליים.

מרגל. מרגלים ומחבלים - כן.

אמרתי: מרגלים ומחבלים - כן.

לא עשינו זאת? לא אמרנו זאת?

אני מציע לקיים דיון במליאה.",1,
32384,1994-04-18,הודעת הממשלה על המצב המדיני והביטחוני,"אדוני היושב-ראש, חברי הכנסת, הממשלה כובלת אותנו בהסכמיה בעבור עתיד שהיא יוצרת לעצמה בדמיון. אני חרד מהתסריט ההולך ונרקם לעינינו. יש שיתוף פעולה בין אש""ף ל""חמאס"".

יש שיתוף פעולה בין אש""ף ל""חמאס"". הם עושים קואליציה בעזה. ה""חמאס"" יתחלק בכיבודים ובתפקידים, וקווי ההסכם המסתמן ביניהם הם ברורים. במקום שישראל תפנה אותו תקום שותפות של אש""ף ו""חמאס"", ושם זמנית לא יהיה טרור. את הרציחות והטרור יבצעו לאחר שייסוגו מעזה ומיריחו, בשכם, בחברון, בג'נין, בישראל של ה""קו הירוק"" ובהתנחלויות. וכשנזעק יגידו: מה אתם טוענים, במקומות שבהם אנו שולטים הכול בסדר. תנו לנו לשלוט ביתר, ומהר. יש שיתוף פעולה עמוק ומתוחכם בין אש""ף ל""חמאס"". יש פה סינדרום של תנועת מלקחיים. אש""ף ו""פתח"" במאמץ מדיני, ומי שנקרא ""פורשי פתח"", ""נצי פתח"" ו""הג'יהאד"" וה""חמאס"" - בטרור. מחצית הפלשתינים בטרור ומחציתם במהלך מדיני. הסכמת ממשלת ישראל לתנועה של מלקחיים מתואמת פירושה שישראל מוותרת ונסוגה והטרור נמשך ואין שלום. יש פה תהליך ויתורים חד-צדדי. וגם אם יהיה שקט בעזה באופן זמני, ה""חמאס"", לא אש""ף, יעשה אותו, כדי לחבל ולרצוח במקומות אחרים, כדי לדחוק אותנו לגבולות 1967 או 1947. וכל מקום שנתעקש עליו יפעילו בו טרור ורצח. חברי הכנסת, עצם הנכונות שלנו לנהל משא-ומתן עם מערכת שמשתמשת בטרור, אם ישירות ואם באמצעות ""פורשיה"", או שותפיה, מסכל לזמן ארוך סיכוי היסטורי להשיג אי-פעם שלום של ממש. כאשר נותנים הישגים לאש""ף, והם במקום להיות מרוצים בהם ממשיכים בטרור, כאשר קווי אש""ף הם קווי 1947 וקווי ""חמאס"" הם הים, זה טירוף דעת גמור של הממשלה. מה יש לנו לבחון איך הניסיון הזה יעבוד? הרי רואים בבירור את שיתוף הפעולה ביניהם. וראש הממשלה מנהל משא-ומתן עם זרוע אחת של המלקחיים, בעוד השנייה רוצחת בנו. איך לא רואה הממשלה מה שרוב העם רואה? איך לא מגלים שירותי הביטחון שלנו את האמת, שאש""ף ו""חמאס"" אינם זה כנגד זה, אלא הם עושים עסקות ביניהם ומשתפים פעולה זה עם זה. אילו תבע מהם ראש הממשלה לבטל את האמנה הפלשתינית שקוראת להשמדתנו, אילו דרש מהם לגרש מאש""ף כהתחייבותם את מי שעוסק בטרור, להפסיק את ההקצבות שלו, אילו התנה את המשך המשא-ומתן בגינוי הרצח בעפולה והרצח בחדרה - אבל הם לא מסוגלים לכך ולא רוצים בכך, ואנחנו מסבירים שהוא לא יכול מפני שיש לו בעיות פנימיות. אנחנו לא שואלים אם הוא יוכל אחר כך, לכשניסוג, להתגבר על הבעיות האלה, או שהנסיגה המבוהלת היא חד-צדדית בעומק גם אם פורמלית יש לה לבוש של הסכם. אין פלא שהעם מבין זאת. לא צריך לגרות אותו, לשסות אותו. הוא מתמרמר. הוא חש במרי. הוא רוצה בבלימה של ההידרדרות. ועדיף שהממשלה תגייס את שכלה ואת מצפונה ותשנה כיוון. אדוני היושב-ראש, זה בגלל אופיי שאיני עושה כאן מעשה דרמטי יותר כדי להביע את מחאתי על שורת התבטאויות של ראש הממשלה ושריה שיש בה אפליה בין דם לדם. כשראש הממשלה אומר שהוא יוציא כוחות מיש""ע כדי להעבירם לתוך ""הקו הירוק"", מאלון-מורה לחדרה למשל, מה זה אומר? מה צריכים אש""ף וה""חמאס"" להבין מזה? - שפגיעה במתנחלים סבירה ומתקבלת, שאלה יהודים ברמה אחרת של מחויבות ישראלית. רק כך יכולים הדברים להתפרש. לכן מיהר אש""ף אתמול, לאחר שראש הממשלה הזהיר אותו מהסכם עם ה""חמאס"", להודיע שההסכם ביניהם - תקשיבו - איננו כולל הסכם לבצע פגיעות בתוך ""הקו הירוק"". כך בפירוש היתה ההודעה של אש""ף. כלומר, המתנחלים מופקרים, דמם הותר. אני קראתי בסוף השבוע כתבות של כתבים צבאיים, שהרוח הנושבת מכתבותיהם היא, שבעיני החיילים ההגנה על מנרה מוצדקת, והגנת גוש-קטיף - לא; וכן שההגנה על חברון ויש""ע פוגעת באימוני צה""ל, אבל לא כן ההגנה על מקומות אחרים. כאילו ההסדר ""דפוק"" בגלל קיומם של המתנחלים. זאת אומרת, על מנרה צריך להגן, נכון? על נווה-דקלים - לא. זה מזעזע. למה? מפני שהם דתיים? מפני שהם לאומיים? יש כאן הכנת הקרקע למסע שיסוי בין דם לדם. בכל מה שקורה אשמים המתנחלים. את רגשות הנקם - להעביר אליהם. שהרי הם האכזרים, כדברי השופט זועבי, הדתיים, הקנאים, המתנחלים; שהחברה הישראלית תהיה מוכנה לסבול פגיעה בהם. אני מוחה על כך שיוצרים אווירה, שאם יירצחו, חס ושלום, מתנחלים, זה לא נורא כל כך. זה מזעזע שאין אנשים הגונים בשמאל שיקומו ויזעקו: עברתם את הגבול, חציתם את הקו האדום, זה לא נסבל, זה אובדן של תבונה ומצפון כאחד. לו הייתי בעל חוש דרמטי, הייתי קורע קריעה על כך. אני קורא לממשלה ולתומכיה להרהר במעשיהם, הן כלפי חוץ והן כלפי פנים. אני אומר לממשלה, שגם אם נראה לה שפני האגם שלנו שקטים, במצולותיו מתעורר הר געש, וראוי שצמרת השלטון שלנו תבין מה הן הרוחות המנשבות בתוך העם, והן הולכות ומתרבות וגועשות. אתם לא פותרים בעיות במהלכים שלכם, אתם רק מעתיקים את מקומן. אין בכוחכם לסלק או להקטין את הקשיים בדרך שאתם הולכים בה. אתם רק ממקמים אותם על חשבון מקומות אחרים, קרובים יותר למרכז הארץ. לסיום הדברים, אדוני היושב-ראש - - -

אין לי דברים עוד לחמש דקות, אבל אני יכול לדבר לאט, אם אתה רוצה.

אולי אם הם ידעו שהוא עולה לדבר, הם יבואו. תגיד להם זאת.

נכון. אדוני היושב-ראש, לסיום הדברים אני מבקש להביע הזדהות עם משפחות הנעדרים ששובתות מול משרד ראש הממשלה. מה יותר מובן מאליו וצודק מזה שהכנסת תקרא לממשלה שלא לשחרר את העצירים הפלשתינים בלי שנקבל את כל נעדרינו. והרי מדובר על אלפי עצירים מול שישה מלוחמינו. תהיה זאת בכייה לדורות והפקרת הנעדרים אם לא נעשה זאת עכשיו. היה זה לא הוגן מצד נציג הממשלה לומר שנעדרים מספר לא יעצרו את ההסכם. חובתנו לתקן זאת, לא להסתפק בחצי הדיסקית. יוחזרו הביתה באומל, כץ, פלדמן, פינק, אלשיך וארד, מייד.",1,"The speech strongly opposes the settlement policy, emphasizing the dangers and negative consequences associated with it."
32889,1994-04-26,"הצעה לסדר-היום התנהגות המשטרה במעלות, לרבות עצירת אזרחים ללא כל ראיות","אדוני היושב-ראש, חברי הכנסת, ישיבת ההסדר במעלות קיימת קרוב ל-20 שנה. היא הוקמה בעקבות הרצח, הטבח של 22 הילדים וחמשת המבוגרים. זאת היתה אז התשובה הציונית - להגביר את הביטחון במקום, לחזק את המורל, להזדהות עם מעלות. הפנימייה של הישיבה שוכנת במקום שבו שכנה משפחת כהן, שנרצחה על-ידי המחבלים. התושבים רצו לעזוב את המקום בשל פחד. הישיבה באה לעודד ולגור שם. תלמידי הישיבה לומדים תורה במסירות, משרתים את הביטחון כלוחמים ב""גבעתי"", ב""גולני"", בצנחנים, בשריון, ופניהם לאחיהם שבמעלות. הם מלמדים בבתי-הספר בעיירה, הם מקימים בתי-מדרש בכל האזור, הם מתפזרים בחגים ביישובים כדי לקיים מניינים למי שצריך ומבקש. בתי-הספר מגיעים אליהם ולומדים יהדות בדרכי נועם. הם קולטים עלייה. בכל שבוע מאות עולים ממעלות מסתופפים בישיבה ולומדים עברית ויהדות. מפקד המשטרה במקום, שנכנע באותו יום שישי אחרון ללחצי ראש המועצה, אמר הבוקר, כפי שנמסר לי: עד האירוע ביום שישי לא ידעתי שיש שם ישיבה, מהבחינה המשטרתית. הוא אמר: אני מכיר את הבחורים כבחורי חמד, הם בריונים? לא ראיתי בחורים טובים כאלה, מתגייסים למשמר האזרחי, מתנדבים למגן-דוד-אדום. מה באמת קרה במעלות? הודבקו במעלות מודעות שתוקפות את מדיניות הממשלה, מודעות של המטה המשותף של תנועות הימין. ראש המועצה חבר הכנסת בוחבוט פגש ברב ויצמן, שהוא ראש ישיבת ההסדר, ואני מעיד עליו, כמי שמכיר אותו, שהוא אדם עדין מאוד, הייתי אומר שהוא צדיק אמיתי. הוא פגש אותו במרכז המסחרי ותקף אותו במלים בוטות, בצעקות רמות, הוא האשים אותו שתלמידיו הדביקו את המודעות. הרב הכחיש שלתלמידיו יש קשר להדבקה הזאת. ואז פגע בו ראש המועצה ואיים שהוא יפזר את הישיבה ויסלק אותם ממעלות. היה עוד אירוע אחד שם.

חבר הכנסת דיין, אתה לא טועה אבל אסביר את סדר הדברים.

מה שאומר חבר הכנסת דיין הוא נכון, כי זה כמה חודשים, כמו בהרבה צמתים בארץ גם בכניסה למעלות יש משמרת מחאה של 25 איש מתושבי מעלות, לא רק בחורי ישיבה. הם מוחים נגד מדיניות הממשלה. ואומנם, ביום חמישי או ביום שישי האחרון חבר הכנסת בוחבוט התנפל עליהם, הוא בעצמו קרע את השלטים שלהם. זאת היתה הפגנה ברשיון. קבוצה מתלמידי ישיבת ההסדר - -

- - באו להפגין מול ביתו של ראש המועצה, מהצד השני של הכביש. הם לא באו להפגנה פוליטית-מדינית שם, לכן אני לא טועה, אלא רק למחות נגד זה שפגעו בראש הישיבה, שראש המועצה העליב אותו באמצע הרחוב. יש תמונות, ואני יכול לצרף אותן לפרוטוקול. הן יוגשו לבית-המשפט, אבל אני יכול להעביר אותן גם לפרוטוקול ולשר המשטרה. התמונות מעידות שחבר הכנסת בוחבוט יוצא לקראתם מביתו בזעם ואשתו מתלווה אליו ומניפה מוט ברזל מול המפגינים.

את רוצה לראות? בואי תתקרבי ותראי את התמונות.

אני לא עושה דרמטיזציה. זה יבוא לבית-המשפט. אתם באו אנשים נוספים, אנשי זרוע שאיימו על המפגינים והתחילו לדחוף אותם. התפתח עימות מילולי. תשמעי גם את הצד השני. שמעת במפלגת העבודה צד אחד, תשמעי את הצד השני.

בהחלט. אבל אני מגיש פה צד אחד.

התפתח עימות מילולי, שעבר אחר כך לתגרת ידיים, כנראה, בין חבר הכנסת בוחבוט לחלק קטן מהנוכחים. כנראה היתה שם תגרה. אני לא אומר מי התחיל בה, אני חושד מי התחיל בה, אבל נשאיר את זה לחקירה. הגיעה ניידת משטרה, והשוטר המקומי הלך בעקבות ראש העיר, שאמר לו: אף אחד לא יזוז. וכל אדם שהוא הצביע עליו, נעצר על-ידי השוטרים.

סיפרו לי, העידו, שהוא עצמו אפילו דחף חלק מהם לתוך הניידת, בתור כוח-עזר, אולי, למשטרה. במהלך התגרה נפגעו גם המפגינים. אחד מהם טען בבית-המשפט שחבר הכנסת בוחבוט, אישית, קרע ממנו את החולצה שלו. השמונה שנעצרו הובלו לתחנת המשטרה, הושמו במעצר בתא אחד כל יום השבת, ולא נחקרו. שעתיים לפני השבת לא חקרו אותם, אז הם הובאו להארכת מעצרם. כל אותן 40 שעות שהם היו במעצר הם לא נחקרו. עדויות נגבו רק מבני משפחת חבר הכנסת בוחבוט. גם ביום ראשון עצרה המשטרה שניים נוספים, שהפגינו בשקט מול המועצה עם שלט שהיה כתוב עליו: ""השתקת פיות"", ושוב, ניידת עצרה אותם. חברי הכנסת, עולה מכאן תמונה חמורה, ששוטרי משטרת מעונה הם משטרה מטעם ראש המועצה, העושים שימוש לרעה, שלא כדין, בסמכותם כדי לשלול את חופש הביטוי בהפגנה. אני יודע איך תענה לי, אבל זה לא יהיה נכון - - -

עובדות. הם הגיעו לאחר התגרה, הם ביצעו מעצרים על-פי הצבעתו של חבר הכנסת, הם לא עצרו את שותפיו אף-על-פי שהיו תלונות נגדיות מאנשי הישיבה, והם סירבו לקבל תלונות זהות מבחורי הישיבה. הם נעצרו, אני אומר פה, כעונש, ל-40 שעות, השבת בכלל זה, בלי שנגבתה מהם כל עדות, עד לאחר שהביאו אותם בפני שופט. טענו שהמעצר היה נחוץ בשבת כדי למנוע תיאום גרסאות. כיוון שכולם שוכנו בתא אחד כל השבת, הטענה הזאת מופרכת, וגם השופט מלין על כך. למעשה, הארכת המעצר נדרשה רק כדי לגבות את העדויות שלא טרחו לגבות כמעט שתי יממות, והמעצרים נעשו בשרירות לב, כדי להתעמר במוחים נגד התנהגותו של ראש המועצה. לכל האירועים, אמרתי, הגיע חבר הכנסת מלווה בכמה בעלי זרוע, שסביר להניח שהם גם שאיימו בטלפון על משפחתו של חבר הכנסת יהלום שהעלה זאת ברדיו, ואני לא בטוח שעכשיו אין מאיימים על משפחתי בהמשך לכך. מחר אני אדווח. אדוני היושב-ראש, מה שקרה במעלות לא היה שמירת חוק אלא דוגמה של עיירה שבה יש הפחדות, איומים ושימוש בכוח הזרוע, עם סממנים של מדינת משטרה; זה לא בסדר. היו הפגנות ליד ביתו של ראש הממשלה בגין, זיכרונו לברכה, היו הפגנות ליד ביתו של, ייבדל לחיים ארוכים, ראש הממשלה רבין, היו על-יד ביתך, אני מרשה לעצמי - - -

גם על-יד ביתי. מעולם לא יצאתי עם אשתי ועם מקל, בכוח, ולא קראתי לעצור אותם. זה לא נעים, אבל זה חלק מהגורל שלנו כאנשי ציבור כל עוד אין מכים, אין מתנפלים, אין נכנסים לתוך הבית וכדומה. כאן זה היה. קראו למשטרה לאסור את האנשים כדי להעניש אותם במעצר. אני אומר זאת: רק מפני שהאנשים האלה חלקו על מדיניות הממשלה ומפני שהם מחו על הפגיעה ברבם זה קרה להם. כשהוא אומר להם: אני אסגור את הישיבה, אתם אורחים במעלות - הוא בעל-הבית והם האורחים. הם לא אזרחים שווים, שתורמים לעיר. הכנסת צריכה להבין, ואני אומר לשר המשטרה שישמע - אני יודע שהוא מקשיב, אני רוצה שהוא גם ישמע. תלמידי ישיבה, כאשר מבזים את הרב שלהם, אתה יודע את זה, בעלבונות, הם, ספונטנית, מתעוררים כדי למחות, הם מרגישים שזה חלק מחובתם הדתית כתלמידים, לקום ולמחות נגד הפגיעה ברב, וזה מה שהם עשו. הם עמדו עם שלט ומחו נגד ראש העיר שכך פגעו בו. לכן אני אומר שזה לא קשור לימין, אותה פגיעה שממנה זה קרה. אוסיף ואומר שאותה הפגנה שחבר הכנסת דיין הזכיר, באו אליה עם הפיקוח העירוני וצילמו כאילו היו איזו מאפיה איטלקית או כמו ברוסיה, כאשר היו מצלמים את המפגינים - - -

חברי הכנסת, אני גומר. אני גומר, ברשותך, היושב-ראש. בלי כחל ושרק, בחורי הישיבה תובעים את עלבונם. לקרוא לאנשים כאלה בריונים זה כמו להזנות את השפה; לשקר ביודעין. לקחת אנשים שקטים, אנשים תמימים, ולהגיד שבחורי ההסדר הם בריונים, זה, במקרה הטוב, חוצפה ושערורייה. יש תמונות שמעידות מי בא עם אגרוף קמוץ ומתגרה ומי הניף מוט ברזל. הרב אלי כהן, רב בית-ספר, אני מעיד עליו פה שהוא יהודי צדיק ותמים, התקשר מביתו למשטרה והתלונן שקרעו את החולצה שלו. אמרו לו: תבוא לתחנה להגיש תלונה. כאשר הוא הגיע - עצרו אותו. שעתיים לפני כניסת השבת לא חקרו אף אחד מהם, לא דיברו אתם, ואני יכול לנחש שהם אמרו בינם לבין עצמם: קודם כול נשבור אותם קצת.

חברי הכנסת, לוקחים אנשים שראש המועצה מצביע עליהם, ודי בכך כדי לעצור אותם? אם כן, מי במעלות הבריון? יש נזק בל ישוער לישיבה ולשם שלה, כל העולם יודע, בריונים מפיצים זאת, נעשה עיוות נורא שכולו מבוסס על שקר, כמו תעמולה בולשביקית אני מוכרח לומר, ואת העיוות הזה צריך להסיר, לטהר את שמה של הישיבה, ולבדוק, ציבורית, את ההתנהגות של מי שנהג כך. לכן ראוי שהכנסת תדון בנושא בדחיפות ובפירוט כדי להעמיד דברים על אמיתותם ולמנוע הישנות מקרים קפקאיים כאלה בעתיד.",10,
32905,1994-04-26,"הצעה לסדר-היום התנהגות המשטרה במעלות, לרבות עצירת אזרחים ללא כל ראיות: היו""ר ש' וייס:","אדוני היושב-ראש, חברי הכנסת, ישיבת ההסדר במעלות קיימת קרוב ל-20 שנה. היא הוקמה בעקבות הרצח, הטבח של 22 הילדים וחמשת המבוגרים. זאת היתה אז התשובה הציונית – להגביר את הביטחון במקום, לחזק את המורל, להזדהות עם מעלות. הפנימייה של הישיבה שוכנת במקום שבו שכנה משפחת כהן, שנרצחה על-ידי המחבלים. התושבים רצו לעזוב את המקום בשל פחד. הישיבה באה לעודד ולגור שם. תלמידי הישיבה לומדים תורה במסירות, משרתים את הביטחון כלוחמים ב""גבעתי"", ב""גולני"", בצנחנים, בשריון, ופניהם לאחיהם שבמעלות. הם מלמדים בבתי-הספר בעיירה, הם מקימים בתי-מדרש בכל האזור, הם מתפזרים בחגים ביישובים כדי לקיים מניינים למי שצריך ומבקש. בתי-הספר מגיעים אליהם ולומדים יהדות בדרכי נועם. הם קולטים עלייה. בכל שבוע מאות עולים ממעלות מסתופפים בישיבה ולומדים עברית ויהדות. מפקד המשטרה במקום, שנכנע באותו יום שישי אחרון ללחצי ראש המועצה, אמר הבוקר, כפי שנמסר לי: עד האירוע ביום שישי לא ידעתי שיש שם ישיבה, מהבחינה המשטרתית. הוא אמר: אני מכיר את הבחורים כבחורי חמד, הם בריונים? לא ראיתי בחורים טובים כאלה, מתגייסים למשמר האזרחי, מתנדבים למגן-דוד-אדום. מה באמת קרה במעלות? הודבקו במעלות מודעות שתוקפות את מדיניות הממשלה, מודעות של המטה המשותף של תנועות הימין. ראש המועצה חבר הכנסת בוחבוט פגש ברב ויצמן, שהוא ראש ישיבת ההסדר, ואני מעיד עליו, כמי שמכיר אותו, שהוא אדם עדין מאוד, הייתי אומר שהוא צדיק אמיתי. הוא פגש אותו במרכז המסחרי ותקף אותו במלים בוטות, בצעקות רמות, הוא האשים אותו שתלמידיו הדביקו את המודעות. הרב הכחיש שלתלמידיו יש קשר להדבקה הזאת. ואז פגע בו ראש המועצה ואיים שהוא יפזר את הישיבה ויסלק אותם ממעלות. היה עוד אירוע אחד שם.

חבר הכנסת דיין, אתה לא טועה אבל אסביר את סדר הדברים.

מה שאומר חבר הכנסת דיין הוא נכון, כי זה כמה חודשים, כמו בהרבה צמתים בארץ גם בכניסה למעלות יש משמרת מחאה של 25 איש מתושבי מעלות, לא רק בחורי ישיבה. הם מוחים נגד מדיניות הממשלה. ואומנם, ביום חמישי או ביום שישי האחרון חבר הכנסת בוחבוט התנפל עליהם, הוא בעצמו קרע את השלטים שלהם. זאת היתה הפגנה ברשיון. קבוצה מתלמידי ישיבת ההסדר – –

– – באו להפגין מול ביתו של ראש המועצה, מהצד השני של הכביש. הם לא באו להפגנה פוליטית-מדינית שם, לכן אני לא טועה, אלא רק למחות נגד זה שפגעו בראש הישיבה, שראש המועצה העליב אותו באמצע הרחוב. יש תמונות, ואני יכול לצרף אותן לפרוטוקול. הן יוגשו לבית-המשפט, אבל אני יכול להעביר אותן גם לפרוטוקול ולשר המשטרה. התמונות מעידות שחבר הכנסת בוחבוט יוצא לקראתם מביתו בזעם ואשתו מתלווה אליו ומניפה מוט ברזל מול המפגינים.

את רוצה לראות? בואי תתקרבי ותראי את התמונות.

אני לא עושה דרמטיזציה. זה יבוא לבית-המשפט. אתם באו אנשים נוספים, אנשי זרוע שאיימו על המפגינים והתחילו לדחוף אותם. התפתח עימות מילולי. תשמעי גם את הצד השני. שמעת במפלגת העבודה צד אחד, תשמעי את הצד השני.

בהחלט. אבל אני מגיש פה צד אחד.

התפתח עימות מילולי, שעבר אחר כך לתגרת ידיים, כנראה, בין חבר הכנסת בוחבוט לחלק קטן מהנוכחים. כנראה היתה שם תגרה. אני לא אומר מי התחיל בה, אני חושד מי התחיל בה, אבל נשאיר את זה לחקירה. הגיעה ניידת משטרה, והשוטר המקומי הלך בעקבות ראש העיר, שאמר לו: אף אחד לא יזוז. וכל אדם שהוא הצביע עליו, נעצר על-ידי השוטרים.

סיפרו לי, העידו, שהוא עצמו אפילו דחף חלק מהם לתוך הניידת, בתור כוח-עזר, אולי, למשטרה. במהלך התגרה נפגעו גם המפגינים. אחד מהם טען בבית-המשפט שחבר הכנסת בוחבוט, אישית, קרע ממנו את החולצה שלו. השמונה שנעצרו הובלו לתחנת המשטרה, הושמו במעצר בתא אחד כל יום השבת, ולא נחקרו. שעתיים לפני השבת לא חקרו אותם, אז הם הובאו להארכת מעצרם. כל אותן 40 שעות שהם היו במעצר הם לא נחקרו. עדויות נגבו רק מבני משפחת חבר הכנסת בוחבוט. גם ביום ראשון עצרה המשטרה שניים נוספים, שהפגינו בשקט מול המועצה עם שלט שהיה כתוב עליו: ""השתקת פיות"", ושוב, ניידת עצרה אותם. חברי הכנסת, עולה מכאן תמונה חמורה, ששוטרי משטרת מעונה הם משטרה מטעם ראש המועצה, העושים שימוש לרעה, שלא כדין, בסמכותם כדי לשלול את חופש הביטוי בהפגנה. אני יודע איך תענה לי, אבל זה לא יהיה נכון – – –

עובדות. הם הגיעו לאחר התגרה, הם ביצעו מעצרים על-פי הצבעתו של חבר הכנסת, הם לא עצרו את שותפיו אף-על-פי שהיו תלונות נגדיות מאנשי הישיבה, והם סירבו לקבל תלונות זהות מבחורי הישיבה. הם נעצרו, אני אומר פה, כעונש, ל-40 שעות, השבת בכלל זה, בלי שנגבתה מהם כל עדות, עד לאחר שהביאו אותם בפני שופט. טענו שהמעצר היה נחוץ בשבת כדי למנוע תיאום גרסאות. כיוון שכולם שוכנו בתא אחד כל השבת, הטענה הזאת מופרכת, וגם השופט מלין על כך. למעשה, הארכת המעצר נדרשה רק כדי לגבות את העדויות שלא טרחו לגבות כמעט שתי יממות, והמעצרים נעשו בשרירות לב, כדי להתעמר במוחים נגד התנהגותו של ראש המועצה. לכל האירועים, אמרתי, הגיע חבר הכנסת מלווה בכמה בעלי זרוע, שסביר להניח שהם גם שאיימו בטלפון על משפחתו של חבר הכנסת יהלום שהעלה זאת ברדיו, ואני לא בטוח שעכשיו אין מאיימים על משפחתי בהמשך לכך. מחר אני אדווח. אדוני היושב-ראש, מה שקרה במעלות לא היה שמירת חוק אלא דוגמה של עיירה שבה יש הפחדות, איומים ושימוש בכוח הזרוע, עם סממנים של מדינת משטרה; זה לא בסדר. היו הפגנות ליד ביתו של ראש הממשלה בגין, זיכרונו לברכה, היו הפגנות ליד ביתו של, ייבדל לחיים ארוכים, ראש הממשלה רבין, היו על-יד ביתך, אני מרשה לעצמי – – –

גם על-יד ביתי. מעולם לא יצאתי עם אשתי ועם מקל, בכוח, ולא קראתי לעצור אותם. זה לא נעים, אבל זה חלק מהגורל שלנו כאנשי ציבור כל עוד אין מכים, אין מתנפלים, אין נכנסים לתוך הבית וכדומה. כאן זה היה. קראו למשטרה לאסור את האנשים כדי להעניש אותם במעצר. אני אומר זאת: רק מפני שהאנשים האלה חלקו על מדיניות הממשלה ומפני שהם מחו על הפגיעה ברבם זה קרה להם. כשהוא אומר להם: אני אסגור את הישיבה, אתם אורחים במעלות – הוא בעל-הבית והם האורחים. הם לא אזרחים שווים, שתורמים לעיר. הכנסת צריכה להבין, ואני אומר לשר המשטרה שישמע – אני יודע שהוא מקשיב, אני רוצה שהוא גם ישמע. תלמידי ישיבה, כאשר מבזים את הרב שלהם, אתה יודע את זה, בעלבונות, הם, ספונטנית, מתעוררים כדי למחות, הם מרגישים שזה חלק מחובתם הדתית כתלמידים, לקום ולמחות נגד הפגיעה ברב, וזה מה שהם עשו. הם עמדו עם שלט ומחו נגד ראש העיר שכך פגעו בו. לכן אני אומר שזה לא קשור לימין, אותה פגיעה שממנה זה קרה. אוסיף ואומר שאותה הפגנה שחבר הכנסת דיין הזכיר, באו אליה עם הפיקוח העירוני וצילמו כאילו היו איזו מאפיה איטלקית או כמו ברוסיה, כאשר היו מצלמים את המפגינים – – –

חברי הכנסת, אני גומר. אני גומר, ברשותך, היושב-ראש. בלי כחל ושרק, בחורי הישיבה תובעים את עלבונם. לקרוא לאנשים כאלה בריונים זה כמו להזנות את השפה; לשקר ביודעין. לקחת אנשים שקטים, אנשים תמימים, ולהגיד שבחורי ההסדר הם בריונים, זה, במקרה הטוב, חוצפה ושערורייה. יש תמונות שמעידות מי בא עם אגרוף קמוץ ומתגרה ומי הניף מוט ברזל. הרב אלי כהן, רב בית-ספר, אני מעיד עליו פה שהוא יהודי צדיק ותמים, התקשר מביתו למשטרה והתלונן שקרעו את החולצה שלו. אמרו לו: תבוא לתחנה להגיש תלונה. כאשר הוא הגיע – עצרו אותו. שעתיים לפני כניסת השבת לא חקרו אף אחד מהם, לא דיברו אתם, ואני יכול לנחש שהם אמרו בינם לבין עצמם: קודם כול נשבור אותם קצת.

חברי הכנסת, לוקחים אנשים שראש המועצה מצביע עליהם, ודי בכך כדי לעצור אותם? אם כן, מי במעלות הבריון? יש נזק בל ישוער לישיבה ולשם שלה, כל העולם יודע, בריונים מפיצים זאת, נעשה עיוות נורא שכולו מבוסס על שקר, כמו תעמולה בולשביקית אני מוכרח לומר, ואת העיוות הזה צריך להסיר, לטהר את שמה של הישיבה, ולבדוק, ציבורית, את ההתנהגות של מי שנהג כך. לכן ראוי שהכנסת תדון בנושא בדחיפות ובפירוט כדי להעמיד דברים על אמיתותם ולמנוע הישנות מקרים קפקאיים כאלה בעתיד.",10,
34987,1994-06-01,הצעות לסדר-היום: יישום הסכמי אוסלו-קהיר וההתבטאויות לגביהם,"אדוני היושב-ראש, חברי הכנסת, ההסכם נחתם, הפינוי בוצע, אבל השלום איננו. עזבנו את עזה ויריחו תחילה, והיה מובן מאליו שקודם כול הקלה ביטחונית תהיה. במקום זה המצב נשאר הר געש פעיל, ולא נראה שהוא רוצה להירגע בעתיד הנראה לעין. מאז הסכם קהיר, לפני כשלושה שבועות, היה מספר רב מאוד, יחסית, של פיגועים גם בשטח של עזה-יריחו, בעיקר עזה - ירי על סיורים, על מאחזי צה""ל מכיוון ח'אן-יונס, תנועה של סיורים פלשתיניים באזורי גוש-קטיף ללא ליווי ישראלי, תנועה של פלשתינים חמושים ללא מדים, שני חיילי צה""ל שנהרגו ליד מחסום ארז, ארבעה פצועים מפיגועי ירי בתחום עזה, הסתננות של מחבלים לנווה-דקלים וירי מדי לילה אל סיורים ממאחזי צה""ל בתחום הרצועה. להוסיף כמובן מה שקרה בבית-חג""י - מרגלית ורות שוחט, רפאל יאירי, ועוד. זאת אומרת, הפיגועים ומעשי הטרור וההפרות נמשכים. יש בארץ דעת קהל, והיא מביעה בסקרים את אכזבתה מההסכם ובהפגנות את זעמה, והיא תחריף ותבוא לידי ביטוי יותר ויותר, וזאת חרף הבוז והשחצנות של הממשלה כלפי הציבור הזה ורחשי לבו. חברי הכנסת, דם יהודי עדיין נשפך, חיילים ואזרחים, והרוצחים חוזרים לבסיסיהם בעזה, ואין מי שדורש מהם את הדם. להיפך, היום אני קורא בעיתון, שצה""ל בודק איך עשרות מחבלים, שדם על ידיהם, בניגוד לקריטריונים שהובטחו לכנסת, שוחררו, כאילו בטעות. הרוצחים של אורי מגידיש, השם ייקום דמו, כמעט גויסו למשטרה בעזה. בסופו של דבר, הם לא רצו להתגייס.

אתה יודע מה, חבר הכנסת צוקר? יש לי מספיק טיעונים נוספים, אז חבל לך לבזבז את התשובות שלך.

זה מה שאמרתי. החוצפה מרקיעה כשראש השב""כ הפלשתיני מגיע לנגב, ללגיה בנגב, שולח את המתנחלים לגיהינום, מבטיח רדיפה של משתפי הפעולה עם ישראל וקורא למתנגדים להסכם עם ישראל להמשיך במאבק המזוין. ראש השב""כ הפלשתיני. הדברים מעוררים סערה, מרתיחים את הדם. לממשלה זה לא מזיז. הצפצוף על ההסכם ורוחו נמשך, והחריגות מצטרפות לכלל תמונה גדולה של הפרה גדולה. אם יועץ משפטי במשרד החוץ יפרש את זה כהפרה, הוא יינזף. ואם שוטרים פלשתינים יורים בגלגלי מכונית ישראלית, הם יקבלו מהממשלה שלנו ציון לשבח, שהם היטיבו לדייק בקליעתם והואילו בחסדם שלא להרוג את הנוסעים. ההסכם מופר, אבל את השלום אנחנו יוצרים לעצמנו בדמיון. חברי הכנסת, ערפאת - וזו אולי הנקודה המרכזית - מכריז במפורש, שהוא לא מתכוון לקיים את ההסכם. הביקור הראשון של ערפאת לאחר קהיר הוא באלג'יר, מפני שהמודל המחשבתי שלו זה ה-FLN מול צרפת. שם חוזר ערפאת עוד הפעם על מה שאמר ביוהנסבורג: ההסכם שחתם הוא זמני בלבד, כמו ההסכם שעשה מוחמד בחוזה חודייבה עם בני קורייש. מה היה שם? תומכי מוחמד רצחו משורר שפגע בנביא. בני קורייש סיפקו הגנה לשבט שלו. זה היה התירוץ, זו היתה העילה המספקת להפר את ההסכם אתם. זה מה שהוא מתכוון לעשות: להיתלות בעניין צדדי ושולי שישראל תעשה כדי להפר את ההסכם. הוא לא מתכוון לקיים אותו. בזאת ובקריאה לג'יהאד על ירושלים, בהודעה שההסכם הוא זמני, הוא מעיד על סוף העניין. בנאום באלג'יר טוען ערפאת, שיש חלקים בצה""ל ובמערכות הביטחון של ישראל, שתומכים במתנחלים וממשיכים את המלחמה. כל פעולה נגד הרוצחים המבוקשים תהיה תירוץ טוב להפר את ההסכם. הצהרות הכוונות שלו וזה שאנחנו מבטלים אותן כאילו זה כלום - זה דבר שגוי. אדוני היושב-ראש, מצטרף לכך נושא חמור מאוד של מה שאמר פייצל אל-חוסייני, שהוא יבנה הדרגתית את המוסדות הממשלתיים המדינתיים בירושלים. הוא אומר ועושה, וכבר נבנו בשנתיים האלה - בשנתיים של הממשלה הזאת - מוסדות רבים כאלו, כמו ה""אוריינט-האוס"", כמו הרשות הכלכלית, כמו ההשכלה הגבוהה, כמו הלשכה לסטטיסטיקה ועוד. כל אלו עובדות מוגמרות שירושלים, מבחינתם, היא בירת פלשתין. ראש הממשלה שלנו הכריז הכרזה חזקה נגד חוסייני, שכל המוסדות יועברו ליריחו, אבל השאלה היא, מה באמת ייעשה? לא בהצהרה סוגרים את המוסדות. ראש הממשלה חזק בהצהרות. השאלה היא, מה ייעשה באמת, יחד עם עיריית ירושלים. המבחן יהיה במעשה, לא בהצהרה. אם הממשלה תעשה את זה, נתמוך בה. יש לממשלה הזדמנות לעשות דברים שחלקים רחבים יותר בציבור יתמכו בהם. חברי הכנסת, כמעט לסיום דברי - - -

אתה יודע מה? אני מוותר על הצעת חוק שיש לי על סדר-היום, הצעה נוספת, כדי שתיתן לי עוד כמה דקות.

לפעמים אני רואה שאנשים מדברים - - - אתה רוצה שאני אשב עם השעון כאן?

אבל אם אני מוריד לך היום עשר דקות - - -

אתה רוצה שאני ארד? אני ארד.

אתה הרי לא מתכוון לבלבל אותי, אז אגיד בקיצור.

אומר בתמצית: כל הדיבור על כך שמה שהם אומרים, שהם יקבעו שמבוטלים החוקים הישראליים בשטחים, זה בבל""ת - זאת לא הצהרה, זאת קביעת עובדות. למי ישמעו השופטים שמונו על-ידם בעזה וביריחו, ואפילו אלה משכם - לרבין, שטוען שאין להם סמכות, או לערפאת? התשובה ברורה. את כל זה אמר פרופסור אוריאל רייכמן - את כל ההצהרות שאתה לא נותן לי להביא אותן - - -

- - - כל אלה שקולות כהכרזת עצמאות. וההתגרות של ראש השב""כ הפלשתיני, שלא נשקוט עד שישראל תצא מירושלים, שהיא בירתנו, ומדינת ישראל היא זמנית, הוא דבר שצריך להפסיק אותו ולא להסכים לו. אין להסכים גם למה שאמר אחד מראשי אש""ף, ש""האור שזרח על עזה ועל יריחו יגיע גם לנגב וגם לגליל"". חברי הכנסת, הרושם הבסיסי שמתקבל הוא, שיש פה התמוטטות של ההסכם, שתביא לקטסטרופה. עזה ויריחו תחילה - זה יצור כלאיים, וכבר אפשר לראות לאיזה כיוון מסוכן הוא מתפתח. חובת הכנסת לדון מחדש על ההסכם ועל המשך הדרך.

הממשלה הודיעה כאן, השר שחל הודיע בשם ראש הממשלה, שאם המצב יימשך כך, נחזיר את המצב לקדמותו.",1,"The speech strongly criticizes the peace agreements and the actions of Palestinian leadership, indicating a firm opposition to the idea of settlement and cooperation."
35016,1994-06-01,"הצעת חוק כביש ירושלים–תל-אביב, התשנ""ד–1993: (הצעת חבר הכנסת ז' המר)","גברתי היושבת-ראש, חברי הכנסת, בימים אלו שאש""ף מגביר את התעמולה שלו והפעילות שלו לסילוק ישראל מירושלים ולהפיכת ירושלים לבירת פלשתין, כפי שדנו על כך הבוקר, עלינו לעשות כל דבר שמחזק את המעמד ואת המיקום של ירושלים כבירת ישראל לנצח. הוזכר כבר הבוקר, שאש""ף ממלא את ירושלים במוסדות ממלכתיים שלו, והקריאה של רבין להעביר אותם ליריחו נשארת כקול קורא במדבר. ישראל, גם לטעמה ולדידה של הממשלה הזאת, צריכה, בתגובה על ההצהרות והמעשים של אש""ף בירושלים, להסכים שהדרך מהשפלה לירושלים תהיה כולה ישראלית. יש חשיבות מיוחדת לכך בימים אלו של משא-ומתן על האוטונומיה - להבהיר לעולם חד-משמעית, שהאזור הזה, שפותח את הדרך לירושלים, יישאר בריבונות ישראל. ויש לכך גם משמעות ביטחונית וגם משמעות מדינית חשובה. חברי הכנסת, האזור של כביש ירושלים-תל-אביב, שעובר בין שער-הגיא ליער בן-שמן, היה ערב מלחמת ששת הימים ברובו שטח הפקר ומקצתו שטח בשליטת ממלכת ירדן. מדובר על מאות מטרים. לא ייתכן שעורק תחבורה ראשי, המשרת את אזרחי ישראל בדרכם אל בירת המדינה, לא יהיה כולו נתון למרות החוק הישראלי. ולכן יש להחיל את החוק הישראלי על אותם שטחים. התיקון חשוב מבחינה מהותית. הוא לא פוגע בשום יישוב ערבי, לא גרים שם אנשים. אנחנו עוברים בכביש הזה בין כך ובין כך. אבל לקראת האוטונומיה יכול להיות שיתחילו לדון בשאלה מה מקומנו שם בלטרון.

חבר הכנסת זיסמן, אם אתה רוצה למצוא תירוצים שלא לתמוך בי, אתה יכול, אבל זה לא יהיה נכון. הטיעון הלוגי שלך לא נכון. הרי אני מוכן להציע הרבה יותר מזה, גם לגבי ירושלים. כל הצעה שאתה תביא לגבי הרחבה, אני אתמוך בה. אני הולך על דבר צנוע, שלפי דעתי הממשלה היתה צריכה להסכים לו, כי אין לה שום בעיה בנושא הזה. ותלך קטע-קטע. זה לא במקום, זה לא סותר, זה דבר ענייני, זה כביש. הדברים האחרים, אתה יודע שהם יותר כבדים מבחינה מדינית, ואני תומך בהם. כל מה שאתה תעלה, אני אתמוך בו. אני אומר: התיקון הזה חשוב מהותית. הוא לא פוגע במישהו. יש בו מסר נוסף על הכוונה שלנו באשר לירושלים. התיקון מהווה חיסול של איזו לקונה בחוק לגבי שטחים שלא היה כל חוק חל בהם ועליהם. אני פונה לממשלה לחזור בה מהסירוב לתקן את המצב. ולחלופין אני פונה לכנסת עצמה להבטיח, שהמשפט, השיפוט והמינהל של המדינה יחולו על כל השטח של כביש ירושלים-תל-אביב.",10,
37509,1994-07-04,"הצעות סיעות הליכוד, מפד""ל וצומת להביע אי-אמון לממשלה בשל כוונתה להתיר ליאסר ערפאת לבקר בתחומי עזה ויריחו ובירושלים","אדוני היושב-ראש, חברי הכנסת, בימים האלה, כאשר ראש הממשלה והממשלה רוצים לפסול את מי שהוא לאומי וימיני, אני רוצה להזכיר פסוק אחד: ""איש יהודי היה בשושן הבירה ושמו מרדכי בן יאיר בן שמעי בן קיש איש ימיני"" - איש יהודי, איש ימיני; מי שאוהב את ארץ-ישראל, מי שאוהב את הציונות, מי שאוהב את היהדות. ציבור ענק הגיע במוצאי שבת למחות נגד הגעתו של ערפאת לירושלים. הממשלה צפרה בכל הצופרים שבידה שהוא לא יגיע לירושלים. תארו לכם מה יקרה כאשר תחליט הממשלה להביא אותו לירושלים. הפגנה זאת לא היתה - - -

מייד אומר, חכו עד הסוף. ההפגנה הזאת - - -

לפוטש אתם יותר מומחים. ההפגנה הזאת כבר לא היתה כיפה סרוגה בלבד, היו בה חרדים, היו בה גלויי ראש בצד הכיפות הסרוגות. ככל שהממשלה תוביל יותר לאובדן דרך ולמכירה כללית - מכירת חיסול, היא תמצא את הציבור הרחב מצטרף למערכה ומוליך אותה בכוח דמוקרטי אדיר. זה יקרה בקרוב, כאשר הממשלה תמשיך לסמן את ההתקפלות מהציונות. אז תבוא רעידת האדמה ותשלמו את מלוא המחיר - העם יאמר את דברו בקלפיות. זה יקרה לכם, בין השאר, כי לא הייתם רגישים לעוצמת הכאב וזלזלתם בזעקת המחאה. זה קרה ב-1977, זה יקרה שוב בקרוב. אדוני היושב-ראש - - -

אדוני היושב-ראש, הצעת האי-אמון נובעת ממה שעשיתם והסכמתם. אבל עיקרה מכוון למה שאתם עומדים לעשות. האם מתחילה מכירת סוף העונה? הסימנים שאתם משדרים אותם לקראת הפגישה בפאריס לקבלת הפרס, הם מדאיגים. אתם קובעים שכבר הוכח שאין פיגועים ואפשר לרוץ קדימה בבניין המדינה הפלשתינית. ראש הממשלה אמר בהתחלה: נבחן אותם על ציר הזמן. האם כל אורך נשימתכם בציר הזמן הוא שישה שבועות? האם אין זה פזיז, מסוכן וחסר אחריות? אנחנו תובעים מראש הממשלה תשובה חד-משמעית, האם לציפיות ערפאת יש על מה לסמוך, בקשר להבטחות הסמויות והשקטות שקיבל. ראש הממשלה חייב לעם תשובה ברורה בעניין.

חברי הכנסת, האם אין זה סותר באופן חד-משמעי את דברי ראש הממשלה מלפני כמה שבועות, שיש לישראל אינטרס חיוני להיאבק על חלקים רחבים ביהודה ובשומרון, כאשר ראש הממשלה אומר עכשיו בריאיון שאינו יכול להבטיח את קיומם של היישובים הישראליים בהסדר הקבע? כשראש הממשלה אומר ""אני לא יכול להבטיח"", פירוש הדבר שהוא מבטיח שלא.

הממשלה מאותתת לאויב על הידרדרות בעמדה שלנו, על נסיגה, על ויתור.

הרי אני אומר שאתם הולכים להחזיר אותם, אני מסכים אתך, אתה מודה בזה, אתה מודה שאתם הולכים להחזיר.

אני רוצה לדבר על ירושלים. ראש הממשלה אומר, שהאופוזיציה מנסה ליצור מאבק מלאכותי ודמיוני על ירושלים.

האם אין סחף בעמדות הממשלה, שמגיע עד ירושלים? איך פתאום נתעורר ראש הממשלה לומר שיש לערפאת זכות לבוא להר-הבית? והאם לא התגלה ביילין כצופה נסתרות ומקדים את ההחלטות כשהוא גם אומר שירושלים יכולה להתחלק לרבעים? מי ""מפדל"" את מי? מי מדהיר את ראש הממשלה? האם כל הממשלה מרצ? אדוני היושב-ראש, אנשי השמאל, שהתקשורת כל הזמן בידיהם, מתרעמים שניתן כיסוי נרחב להפגנה של מוצאי-שבת וניתן פתחון פה לערוץ-7. איזו סתימת פה בולשביקית. אנחנו מגישים הצעת אי-אמון על ריצת האמוק להמשך מרחיק לכת של התהליך.

לא תוכלו עוד לומר: מה לנו בעזה. אתם מדברים על מדינה פלשתינית, והם מוסיפים שירושלים היא בירתה. ראש הממשלה כבר לא מבקש זמן לבחון הצלחת המהלך הראשון - -

- - ומרצ מוליכה אותו ואת הממשלה באף לכיוון של הסתלקות מארץ-ישראל, מהציונות, מהיהדות, מירושלים.

אומר עוד משפט ביניים אחד כאילו לא לעניין, אבל הוא אותו עניין. מה מסמל זאת יותר כאשר ממשלת ישראל היא המבקשת מערפאת להגיע לכאן בשבת, והוא צריך להיענות למובארק כדי לא לבוא בשבת? ממשלת ישראל, ממשלה יהודית, צריכה להציע לו: תבוא בשבת? אנחנו קוראים לאי-אמון גם על הקרע שקורעת הממשלה בעם כשהיא פועלת באופן שרירותי וכוחני ברוב דחוק, ברוב טכני, כשהיא סותמת פיות, מתנפלת על הפגנות, עושה דה-הומניזציה של מתיישבים עד כדי כך שאנשי מרכז ואנשי ימין שקולים, אוהבי ארץ ולאום, מוכרחים להתייצב כנגד שמאל שהשתלט על הממשלה. לא הימין - ראש הממשלה - השתלט על הממשלה, השמאל הקיצוני הוא שהשתלט. האי-אמון אינו על קצה קרחון בלבד שהתגלה, אלא על התהומות שמתחתיו. היום הארץ והיישובים, מחר ירושלים, המדינה והיהדות. ""ימין ה' עושה חיל, ימין ה' רוממה."" אני קורא לכנסת להביע אי-אמון בממשלה.",10,
38844,1994-07-19,הצעות לסדר-היום: דברי פרס בדבר ריבונות סורית על רמת-הגולן,"אדוני היושב-ראש, חברי הכנסת, העובדה כשלעצמה היא נכונה. ממשלת הליכוד הלאומי הציעה בשנת 1967 נסיגה מהגולן תמורת שלום. אבל השליפה האקטואלית עכשיו והמשמעות המרומזת, של נכונות למחזר את העובדה ההיא, היא מסוכנת. זה היה לפני ההתיישבות בגולן, לפני חוק הגולן, לפני מלחמת יום הכיפורים, לפני התחייבות הממשלות כולן. לשלוף את העובדה הישנה של הנסיבות ההן, בתקופה הזאת - זה מניפולטיבי ומטעה. זה כמו לשלוף עכשיו, למשל, לאחר מלחמת הרצח וההשמד נגדנו וקביעת גבולות 1948, את ההסכמה שלנו שהיתה פעם לגבולות החלוקה. מי שישוב עכשיו להזכיר שהרי הסכמנו פעם לחלוקה, ללא הגליל, ללא ירושלים, ללא הנגב, וירמוז שאולי נהיה נכונים לזה שוב - מי שיעשה את זה הרי ייחשב כמטורף. אחרי מלחמת ששת הימים, בטרם היו יישובים בגולן, הוצעה ההצעה על-ידי הממשלה ונתקלה בלאווים של חרטום. ואז התיישבנו בגולן, הקמנו יישובים, ופתחנו בתהליך שסופו חוק הגולן, שלפי כל הסקרים רוב העם מזדהה אתו. החוק אושר בכנסת, ותוקפו החוקי חזק יותר, ודאי שאינו פחות, מגבולות 1948-49 שלנו, שלא חוקקו בחוק חזק ממנו. וסיפחו אז את נהרייה, באר-שבע, ירושלים, הגליל; נהרייה אני אומר לכבודך, היושבת-ראש.

נכון. ודומה לחוק של ירושלים השלמה, מבחינה מסוימת הוא אולי אפילו יותר טוב. הרי לא יעלה על דעת מישהו להחזיר את הגלגל לאחור, לגבולות 1947. וכך בדיוק לגבי הגולן: הותקפנו, יישבנו יישובים, החלנו את חוק הגולן, יש שם משפחות, יש שם יישובים. זה לא תהליך שאפשר לשחק אתו. גם כאשר הסורים חצי מאותתים לנו שהם מעוניינים במשהו, אין סיבה סבירה שממשלת ישראל תרמוז על נכונות להסיג את התהליך לאחור, כאילו לא קרה ולא נעשה דבר במשך 25 שנים. חברי הכנסת, הכנסת צריכה לשמוע את תשובתו הברורה, קודם-כול של שר החוץ, האם זה היה רק איזה אזכור ספרותי, היסטורי, של משהו שהיה בעבר בממשלה אחת, ברגע מסוים, או שהיה בזה איזה רימוז פוליטי, שאולי קשור בכך שגם לא צריך לפתח כל כך את הגולן. וצריך לקבל גם את תשובת ראש הממשלה רבין, האם הוא מזדהה עם הדברים האלה. לפני כשנה, כשאמרה השרה אלוני דברים דומים, ויותר מפורשים, שהגולן שייך לסורים, אז ראש הממשלה העיר ששרים שלא עוסקים בנושא לא צריכים להתבטא בו. אבל עכשיו זה שר חשוב, בכיר, שעוסק בנושא. האם ראש הממשלה מזדהה עם הדברים, או לא? האם שר החוץ דיבר בשליחותו של ראש הממשלה, או שזה היה על דעתו? או האם גורר שר החוץ את ראש הממשלה באמירה הזאת? הכנסת זכאית לתשובה בנושא הזה. גברתי היושבת-ראש, הכנסת מבקשת להבהיר, שמי שמצהיר הצהרה כזאת, אל יתפלא אם התיאבון הסורי יגדל והנכונות שלהם לפשרה כלשהי תיחלש. דווקא עמידה עקרונית נחרצת בעניין הגולן עשויה בתנאים הבין-לאומיים עכשיו להניב יותר פירות. אני מבקש להזכיר לכנסת, ולשר החוץ, שבשביתת הנשק ב-1948, בהפסקות האש ב-1967 וב-1973, בהפרדת הכוחות ב-1974, תמיד היו הסורים אחרונים להסכים, ודרישותיהם היו הקיצוניות ביותר. בסופו של דבר הם הסתפקו בפחות. גם היום אין לסורים גב למלחמה נגדנו ולא איזון אסטרטגי. הירדנים, אנחנו מקווים, עשויים לחתום אתנו על הסכם. מדוע לרמוז עכשיו שמוכנים לתת לסוריה את כל הגולן? מנהיגי מפלגת העבודה שוברים את גבם שלהם ואת אמונם של מי שבטחו בהם והצביעו בעבורם, על סמך התחייבותם שהגולן הוא הדגל שלהם. ואף שהיו הכחשות לאחר דבריו של שר החוץ, לגבי הכוונה, קשה שלא להאמין ששר חוץ מנוסה כל כך כמו מר פרס, שהוא באמת מנוסה ויודע את מלאכת האמירה של דברים, לא אמר את זה באיזו כוונה שהיא, סתם באוויר, ובכך העביר את המסר לסורים ולעולם על הנכונות שלנו להסתלק מהגולן. האמירה היתה מיותרת, אלא אם כן צודקים אלה הטוענים שאתם סבורים שאנחנו נמצאים בתקופה שבה ערכים ציוניים בסיסיים אינם תקפים עוד. יש כאלה שאומרים זאת. אני לא אומר ששר החוץ אומר את זה. אבל יש בממשלה מי שאומרים שאנחנו נמצאים בתקופה שבה ערכים ציוניים בסיסיים אינם תקפים עוד - לא התיישבות, לא ביטחון, לא התנדבות וחלוציות, וכל מה שנשאר לנו זה להשתזף על חוף הים בתל-אביב ולהתמזג במרחב.

במשא-ומתן הסימולטני תסכימו שנסיגה מכל הגולן תהיה בהסכמה?",10,
40711,1994-10-03,הודעת הממשלה על פעילותה|01 בתקופה שחלפה|02 ועל תוכניותיה|01 למושב הקרוב,"אדוני היושב-ראש, חברי הכנסת, במקום ללחוץ על קהלני וחבריו ובמקום לגדף את מתיישבי הגולן ולנסות לכופף ולשבור אותם, צריך היה ראש הממשלה ושר הביטחון להיעזר בהתנגדות הכנה והעממית הזאת, כדי להסביר לאמריקנים ולסורים שבלי ויתורים מצדם לא יהיה הסדר; ויתורים שייראו לא רק לתל-אביבי המצוי, אלא גם לאיש הגולן האמיץ, שדעת הקהל הישראלית דבקה בו. רבין צריך לשכנע את האמריקנים שהם טועים, שעבור נוחות הנסיעה לטורקיה דרך סוריה יהיו הישראלים מוכנים לנטוש את הגולן. יהיה עליו לשכנע את משרד החוץ האמריקני שלא קונים פה את העם דרך פיתויים, שהעם פה, כמו העם האמריקני, אמיץ ואיננו נהנתן, שההתיישבות היא ערך עבורו ונטישה היא כישלון. הוא היה צריך לשכנע את הסורים שכל התרגילים לגמור את ההחלטה על נסיגה מהגולן לפני הבחירות לא יצליחו; והעיקר - שהאלטרנטיבה להסדר המוצע איננה מלחמה אלא משא-ומתן קשה וקשוח להסדר יותר טוב. ההתנגדות הציבורית הרחבה לא תיתן לגמור הסדר כזה עכשיו, והממשלה הבאה שתקום תנהל את המשא-ומתן מעמדות חדשות, אחרות. אין אף אחד בישראל ששואף למלחמה נגד סוריה. אנחנו מכבדים את אסד ואת סוריה ולא חותרים לעימות אתם. העם הסורי הוא עם של אמיצים ושל כבוד. אפשר להגיע להסדר שיש בו כבוד לאומץ הזה, ועם זאת להביא בחשבון את המציאות שנוצרה בשטח במשך 27 שנים. זהו הסכם של אמיצים. האופוזיציה לא תאפשר לממשלה לנסח באופן חד-צדדי את השאלה במשאל עם. אנחנו מעדיפים בחירות על משאל עם. גם משאל עם אפשרי, אבל הוא צריך להיעשות בכנות, לא במחטף ולא בתכסיס. המבחן הוא גם בשאלה ובניסוחה, גם בהזדמנות ההוגנת והשוויונית להצגת הנושא לעם, ובעיקר בעיתוי. זה לא הוגן לקיים הצבעה לאחר שכבר הוסכם ההסכם במדשאת הבית הלבן לעיני כל העולם, כאילו בשם מדינת ישראל כולה, או לאחר שנחתם בראשי תבות נוכח פני האומה והאומות. זה נקרא לעשות צחוק מהעם, לשאול אותו לאחר מעשה ולעמת אותו בהחלטתו כאילו הוא מול כל העולם. לכן נעמוד על כך ששופט בית-משפט עליון או הסכמה בין כל המפלגות ידאגו לשוויוניות הזאת בשידורי תעמולה, בזמנים מוקצים בשווה, ולא כמו שמדמה הממשלה שהיא תכבוש את המסך כמו בכל השנה, ותגייס את התקשורת לצדה. כל ניסיון מחטף כזה ייתקל בבג""ץ, ואנחנו גם מצפים לחוק השריון של קהלני וחבריו. נתמוך בו, מפני שניסיון לוותר על חוק הגולן באמת מחייב שיקול דעת רחב הרבה יותר מאשר רוב רגיל. אפילו בחירות, כפי שאמרנו, היה צריך לעשות. מוטב בחירות. אבל אם לא, משאל העם צריך להיות בזמן ובתנאים הנכונים. אנחנו מברכים ומחזקים את המתיישבים ברמת-הגולן בשליחותם ההיסטורית, הציונית, החלוצית, שבניגוד למה שאומרים שרי ממשלה, היא לא תמה והיא נמשכת ותימשך. אדוני היושב-ראש, שוב כמה מלים לעניין אוסלו. אמרנו לכם שבהסכם אוסלו נעשו דברים חמורים מבחינה ביטחונית. גם הרמטכ""ל, גם יונים מדברים על כך, וזה מחייב חשבון-נפש. גם ממשלה חייבת בחשבון-נפש ובבדיקה עצמית, ולא בריצת אמוק לשלבים הבאים. הטרור נמשך, והוא אפילו גובר. האמנה הפלשתינית לא מתוקנת. גנבה וטרור נעשים על-ידי הרשות, המשטרה והשב""כ הפלשתיני. יש שותפות מאוד מוזרה בין השב""כ שלנו ובין הפלשתינים. קראתי היום שקצינים מתלוננים שאנחנו מתערבים בכל מיני פלגים שעושים מארבים בשביל ראש השב""כ הפלשתיני מול מתנגדיו. הוא שולח אנשים משתפי פעולה לרצוח חיילי צה""ל, ואנחנו דואגים לשמירתו. עזה ויריחו ערי מקלט למחבלים, נקבעות עובדות חד-צדדיות ובלתי הפיכות בירושלים. כל אלה חייבים להדליק נורה אדומה באשר לבחירות, שהם מצהירים באופן גלוי שאלה יהיו בחירות לכנסת, בחירות למדינה; נביל שעת', היום. ולהוציא את צה""ל עכשיו ממרכזי ערים, שמה שקורה שם רחוק משלום, זאת סכנה ביטחונית. ראש הממשלה יצחק רבין התבטא כמה פעמים, שאחרי יישום הסכם עזה ויריחו והעברה מוקדמת של הסמכויות הוא לא ירוץ ולא ימהר, ייתן זמן לבחון את ההסדר. בינתיים סיכום השנה, אם לא מטייחים את הדברים, הוא רע מאוד. אם עדיין דבק רבין בדעתו, מדוע רצים אנשיו לסלק את צה""ל מערי יהודה ושומרון? לפחות תבחנו את סיכום השנה קודם, כפי שהבטחתם, ולא - האחריות למה שקורה שם תיפול עליכם. חברי הכנסת, תמכנו באופן עקרוני בהסכם עם ירדן. זה לא אומר שבכל פרט שנוגע לגבולות, לקרקע, למים ולהר-הבית נסכים עם הממשלה. אנו מזכירים לראש הממשלה את התחייבותו לשתף את הרבנות הראשית בעניין הר-הבית. אדוני היושב-ראש, לנוכח קביעת עובדות חד-צדדיות מצד הפלשתינים התעורר ראש הממשלה לעשות צעד חיובי קטן של חיזוק ההתיישבות קרוב ל""קו הירוק"", באלפי-מנשה. מייד נבהלו מלחצי מרצ. הגיע הזמן שהעבודה ורבין יחזרו לעצמם ויפסיקו להיגרר אחרי מרצ. נערי העבודה, ראיתם, הביאו כרית לראש הממשלה שיישן בשקט. אבל ראש הממשלה אסור לו שיישן בשקט, בוודאי אסור שנערים ירדימו אותו. חברי הכנסת, איננו מזדהים עם מעשי טרור ומחתרת ופגיעה בערבים חפים מפשע. אנחנו מגנים תופעות כאלו, אם הן קיימות. אבל גם אנשים שאינם נמנים עם הימין מודים, שההר שבנה השב""כ בעניין הזה הוליד עכבר, או כמו שמישהו כתב, עכברוש. חובת המערכת כולה והשב""כ קודם כול, והכנסת לא פטורה מזה, לעשות חשבון-נפש של המהלך ומה שהיה סביבו, דרמטיזציה וניפוח והטחת האשמות שווא. ראש הממשלה חייב לבדוק אישית אם החוקר אמר לסגן אורן אדרי, כפי שאדרי טוען, שהכיפות הסרוגות הם החלאה של המדינה. אם נכון הדבר, יש לסלק אותו ואת האחראים עליו. אנחנו מקווים וגם מאמינים שפגעו כאן - - -

קודם כול ראש הממשלה הוא הממונה על השב""כ.

שיורה לבדוק. שהכנסת תיכנס לזה.

אני בוודאי מסכים. כמו שאתה אומר, כל הצעה טובה.

אני אזום. תודה לך על הפניית תשומת הלב. אני חושב שהדבר הזה חייב להיבדק. אנחנו מקווים ומאמינים שפגעו כאן בהרבה אנשים שלא הוכחה האשמה כלפיהם ושנעצרו, הושפלו ועונו. חלק מהם שוחרר ללא כל אישום, חלק מהם - במין האשמות מאולצות. חובת כל אדם הגון לעמוד על כך שהם טהורים כל עוד לא הוכח אחרת. לא ייתכן שהשב""כ, באמצעות התקשורת, יעשה משפטי לינץ' לקריית-ארבע, לאזרחים נאמנים ולציבור שלם. חברי הכנסת, אנחנו מעלים את ירושלים על ראש דאגתנו. האם אנחנו מחשידים את הממשלה על לא עוול בכפה? לא. הקרב על ירושלים כבר החל. אש""ף יוצר עובדות בירושלים כדי שתחרוצנה מראש את התוצאות בעניין ירושלים. הם יוצרים ישות מדינית בירושלים, שתחלק את העיר. יש סיפוח זוחל בירושלים; בעצם סיפוח רץ. בסוף התהליך, כשידרשו את ירושלים, אני רואה את הממשלה אומרת: מה, בגלל כמה שכונות נפסיד את השלום? הרמטכ""ל ברק הוא שאמר כך: ""נגיע לדיון על ירושלים, על גוש-עציון, על לטרון, על זכות השיבה. נגיע לשם ללא נכסים. משלב לשלב נאבד את קלפי המיקוח שלנו. אנו מדחיקים את השאלות הגדולות, נכנעים לשיקולים של נוחות פוליטית ואישית. לא רואים את סוף המעשה במחשבה תחילה"". בקיצור, כמו שאומרים, פראיירים. זהו הרגע האחרון לחשבון-נפש, והאופוזיציה צריכה לקרוא לממשלה לעשות אותו, מפני שהאחריות כבדה מאוד.",10,The speech strongly supports settlement in the Golan and emphasizes its historical and national significance for the Jewish people.
41409,1994-10-12,הצעה לסדר-היום העברת מורות-חיילות דתיות ממדרשת כפר-עציון לגבעת-חביבה,"גברתי היושבת-ראש, חברי הכנסת, לאחרונה מתגבר הרושם אצל ציבור גדול, שיושבים בממשלה הזאת גורמים ומתכננים לפגוע בו ולדחוק אותו לפינה. מדובר על הציבור הציוני-הדתי, שמסרב להסכים עם גורמים בממשלה המדברים על פוסט-ציונות; ציבור שבניו מתנדבים לכל משימה לאומית, והוא חש שמישהו זומם, גם תקשורתית אבל גם ממשית, לפגוע בו בכל מחיר, מפני שהוא קורא אולי תיגר על הממשלה ודרכה. כך, למשל, אם במוסד חינוכי מצוין כמו ישיבת ""בני עקיבא"" בקריית-שמואל נעשה מעשה קונדס של טקס קבלה לבית-הספר, כמו שנעשה במשך עשרות שנים בעשרות מוסדות חינוך, מצאו לנכון להביא את המורים והתלמידים לחקירת המשטרה דווקא כאן. אותה הרגשה אני מרגיש באשר למורות-החיילות הדתיות העוסקות בקליטת עלייה. חברי הכנסת, אלפי בנות דתיות משרתות בשירות הלאומי. אבל יש מאות בנות דתיות שרוצות לשרת בצה""ל. הן מתגייסות במסגרת ייחודית של מורות-חיילות שבפיקוח המחלקה לתרבות תורנית במשרד החינוך. זאת הדרך שהן מצאו להן בסבך של הנוהג וההלכה הכרוכים בעניין: לשרת את עמן ואת ארצן בשירות בצה""ל, אך לעשות זאת במסגרת מיוחדת ששומרת על אורח חייהן, החל מהכשרתן והמשך בעבודתן - שליחותן. משרד החינוך איבד את הרגישות שלו בנושא והחליט להוציאן ממסגרת ההכשרה שלהן, שהיתה נערכת עד כה במדרשת כפר-עציון, ולהעבירן לגבעת-חביבה, של השומר-הצעיר. דבר זה יביא בנות רבות לבקש לוותר על עצם השירות במסגרת הזאת, ואולי זאת כוונתם ומטרתם של היוזמים. גברתי היושבת-ראש, אני יודע שיגידו שגבעת-חביבה זכתה במכרז בהצעה זולה יותר מול כפר-עציון. אבל אני לא יכול להשתחרר מההרגשה, שהיתה כאן כוונת מכוון, או במקרה הטוב - חוסר רגישות משווע. יש כ-1,000 מורות-חיילות קולטות עלייה. זה שלוש שנים וחצי הן מקבלות את ההכשרה שלהן בכפר-עציון. נמסר לי שסגן שר החינוך - ואני חשבתי שהם משיבים, כיוון שהמכרז נעשה על-ידם ולא על-ידי צה""ל, ואני לא יודע למה סגן שר הביטחון משיב על זה. אתה לא משיב?

אני מתפלא על זה. זה שלוש שנים וחצי הן מקיימות את ההכשרה שלהן בכפר-עציון. נמסר לי, שסגן שר החינוך מיכה גולדמן עשה מאמצים להוציא אותן מכפר-עציון מההתחלה, מתחילת הקדנציה. אולי מפני שזה ציוני-דתי, אולי מפני שזה מעבר ל""קו הירוק"", אף-על-פי שזה כפר-עציון, ואני אינני יודע למה. כנראה גם מורשת כפר-עציון פסולה היום בעיני חלק מהאנשים. מכיוון שאין לאחרונה עלייה רבה, צומצם מספר המורות-החיילות קולטות העלייה ל-500, ומדובר בשמונה או בעשרה קורסים לאורך כל השנה, כאשר בכל אחד משתתפות כ-70-60 בנות. מתוך ה-500 יש כ-120 בנות דתיות, המטפלות בעיקר בקליטת העלייה בחינוך הממלכתי-דתי, כלומר בעיקר באתיופים. אני מניח, שבגבעת-חביבה האווירה אינה תואמת להן, גם מבחינת העבודה בשבת, גם מבחינת הפעילות הפוליטית נטו של מפ""ם, השומר-הצעיר והקיבוץ הארצי, מפעלים משותפים שהם עושים עם אש""ף ועוד. זה מקום בעייתי מבחינה דתית לגבי הבנות הדתיות. עד כמה שידוע לי, אפילו שלטונות הצבא, כלומר אותה קצינה שאחראית לעניין, העירו שיש טעם לפגם בכך שהבנות האלה תתחנכנה דווקא שם ולא במסגרת שהולמת את בחירתן. אני רואה בכך התנכלות זדונית לבנות האלה, או כדי לפגוע בהן או כדי שיסתלקו מהתפקיד שלהן, ושני הדברים לא צודקים. אני קורא לכנסת לדון בכך.",10,"The speech strongly supports the settlement in Judea and Samaria, emphasizing the importance of maintaining a framework that respects the religious and cultural needs of the religious-Zionist community."
41929,1994-10-24,"הצעת סיעת הליכוד להביע אי-אמון לממשלה בשל ההסלמה החריפה שחלה בימים האחרונים בפעילות החבלנית נגד אזרחי ישראל - הפיגוע בכיכר-ציון, חטיפת החייל ורציחתו והפיגוע ברחוב דיזנגוף; הצעת סיעות מפד""ל-צומת להביע אי-אמון לממשלה בשל התערערות ביטחונה של ישראל ושרשרת אירועי הטרור, החטיפה, הדמים והרצח; הצעת סיעת מולדת להביע אי-אמון לממשלה בשל המחדלים הביטחוניים","אדוני היושב-ראש, חברי הכנסת, הרוצחים לא צצו מאיזה ערפל בלתי נודע. הממשלה מודה שכל התשתית ובסיס התמיכה פועלים בעזה באין מפריע. נוצר שם חלל ריק שמאפשר ל""חמאס"" לפעול. לא ייתכן להמשיך במחדל הזה, לפנות את צה""ל גם מיהודה ומשומרון וגם לשחרר עוד מה""חמאס"". הממשלה אומרת: לא ניכנע לטרור; אבל נכנענו לטרור בגדול. ערפאת אמר ל""חמאס"" לא לפעול בתחומו והם עומדים בכך, אבל הוא אינו עומד במה שהתחייב באוסלו, שהם לא יפעלו כלל, ומתחומי שלטונו הם עושים את שלהם. ואלה התוצאות. וממשלה שבדיבור לא-אחראי מתירה את דמם של תושבי יש""ע - סופה שמביאה לכך שאנו ""חוטפים אותה"" בתל-אביב ובירושלים. אילו אמרו לנו המצרים והירדנים, שחצי הצבא שלהם יהיה בהסכם עמנו וחצי יירה בנו - לא היינו קוראים לכך שלום. אבל אש""ף ו""חמאס"" ממשיכים לחלק ביניהם את העבודה - לשיחות ולרצח, כמו שאומר שלט שנמצא על אחד הבתים בדרך לעופרה: ""פתח"" ו""חמאס"" יחד - עד הניצחון. אילו היתה הממשלה ישרה עם עצמה, היתה צריכה להודות שכך הוא, ולקחת על עצמה אחריות לשינוי במצב. ואם לא, תרעד הארץ. יש רצון להיות יחד בעת צרה, לא אופוזיציה וקואליציה, אבל אסור לנו לבגוד במצפוננו ובעתידנו ולא לומר את הדברים, גם אם בכאב. אין מנוס מהפרדה גמורה בין התמיכה שקיבל ראש הממשלה מהאופוזיציה, בצדק, בזמן הפריצה לשחרר את החטוף, לבין הרקע שקדם לחטיפה ולבין מה שעתיד עוד להיות, מפני שיש זיוף במלה שלום אם הביטוי שלו הוא טרור מטורף. חברי הכנסת, זו חובתנו לתבוע מהממשלה לעצור את הטבח - אבל אנשי הביטחון הרי מבטיחים לנו שהטבח עוד יגבר - ולא לברוח מאחריותה למחדל שיצר מציאות ורקע למה שקרה. נכון, חברי הכנסת, הרוצחים הם ה""חמאס"", אבל המחדל הוא של הממשלה: בהחזרת המגורשים, בשחרור המחבלים, בהזיות, באופוריה, שמרדימות את עירנות כוחות הביטחון ונחישותם. מי שברח מעזה באישון לילה, אל יתפלא שבבוקר מצא את עזה בתל-אביב. מי שלבו גס ביישובים ברחבי הארץ, אל ישתומם שתל-אביב בורחת לו. אדוני היושב-ראש, הכול בנוי על קונצפציה מוטעית, שאש""ף הוא בעל-בריתנו והוא יכה את ה""חמאס"" מפני שהוא אויבו. ה""חמאס"" הוא בעל-בריתו של בעל-בריתנו אש""ף. יש שותפות אסטרטגית ביניהם, חלוקת עבודה. הרצח שה""חמאס"" מבצע אמור להשפיע עלינו לוותר בשיחות שאנחנו מקיימים עם אש""ף. כולנו הזהרנו, התרענו והתרינו, אבל הממשלה אטומה מפני שהיא נתונה בקונצפציה, ומכיוון שזאת מוטעית היא מסכנת אותנו. מהנשק של המשטרה הפלשתינית יורים בירושלים, ומשוחררי ""חמאס"" הם ראשי החוטפים והרוצחים, ואש""ף עדיין דורש מאתנו שחרור נוספים מה""חמאס"", אחרת קשה לו ליצור אמון. הממשלה אומרת לאש""ף אחרי כל פיגוע, שהוא חייב להבין שזה לא יהיה עוד, אבל אש""ף לא יבין, מפני שהוא לא שותף לממשלה בקונצפציה הזאת, מפני שזאת הבנה שהממשלה עושה עם עצמה מתוך אי-הבנה של המציאות, וכמו ביום כיפור, שהיתה קונצפציה, זה ייגמר בוועדת חקירה. או שהממשלה תקים אותה, או שגורמים אחרים יקימו אותה, כאשר הם יקומו ויוכלו להקים אותה, או שהציבור יהיה ועדת החקירה בבחירות. מפני שהרבה כבר שילמו בחייהם על הקונצפציה הזאת. אדוני היושב-ראש, אם הממשלה לא תיעצר מהחיפזון, מריצת האמוק שלה, ולא תיצור רביזיה בהסכמיה, ובביטחוננו, ואם ייפתחו בקרוב חממות חדשות ל""חמאס"" ביהודה ובשומרון, ללא פיקוח צבאי, לכבוד הבחירות, הם יגיעו משם בקלות לכל מקום. ואם הממשלה עדיין נמצאת בקונצפציה שלה, זה מחדל שמחייב לאחריות שילוחית. אדוני היושב-ראש, אנחנו קוראים לממשלה: עת לכול. עת מלחמה ועת שלום. ההיגיון, לא רק הרגש, הוא שקורא לנו לצאת מהאשליות, להיות יותר מפוכחים, מפני שהדם זועק אלינו, והתופת של תל-אביב ניפצה הרבה חלומות שווא. אנחנו קוראים לממשלה להתרכז עכשיו בהדברת הטרור. השלום כפי שאתם עושים אותו מפריע לכם להילחם בטרור באמת. זה זמן חירום למלחמת חורמה בטרור - ולדחות את השאר עד סיום הטיפול בטרור, מפני שמשא-ומתן עם אש""ף בלחץ הרצח של ה""חמאס"" ותוך כניעה להפרות החמורות של ההסכם הוא סכנה לביטחון, ובלי ביטחון זה לא שלום. מפני שאין שיקול דעת תחת טרור. העם שלנו לא צריך לחם ושעשועים שאתם רוצים להציע לו, הוא צריך קודם כול ביטחון. חברי הכנסת, הממשלה בזבזה את האשראי הגדול שהעניקו לה העם והאופוזיציה רק לפני שבוע, את הרגשות האדירים של האמונה והאחדות שהיו כאן בשבוע שעבר, מפני שהיא עברה במהירות לסדר-היום. היא מיהרה כאילו לא קרה דבר. רק נגמר - לצערנו, באי-הצלחה - ניסיון הפריצה והשחרור, וכבר היא רצה לכל עבר על מנת להמשיך במהלך כאילו לא קרה דבר, כאילו לא צריך לחכות שבעה. חברי הכנסת, הרבה שאלות זועקות אלינו מהטבח; שאלות על שבירות הביטחון, על תקוות השווא ועל המציאות הבלתי-נסבלת. אסור שהממשלה תתעלם מהרגשות של העם ותהיה קצרת רוח לרוץ קדימה בלי לשים לב לקורבנות שבדרך. גם אם תגייס הממשלה רוב הערב, אנחנו ממלאים את חובתנו לעם וקוראים לוועדת חקירה של העם על המחדל והקונצפציה ועל התעלמות הממשלה מהקריאה להתמקד במלחמת חורמה בטרור. לכן אנחנו קוראים לאי-אמון בממשלה, כדי שיתקיימו בחירות והעם ישפוט.",1,
43695,1994-11-09,"אתרים היסטוריים-ארכיאולוגיים ביו""ש","הוא מדריך אותי בשאלה הנוספת, אבל זה מותר. אני רוצה להתבטא קודם באופן כולל, ואחר כך שאלה ספציפית. באופן כולל, השלב הזה של ביצוע הסכם אוסלו, שהממשלה הולכת עכשיו לקראתו, כולל גם תיירות וכולל גם מקומות קדושים. אני יודע, למשל, שאנשי תקוע, שהיו אחראים לאתר הרודיון, כבר קיבלו הנחיה למסור את כל התיק, להכין אותו לקראת הרשות הפלשתינית. האם זה בעצם דגם לכל מה שקורה - בהרודיון ובמקומות אחרים?",3,
43698,1994-11-09,"אתרים היסטוריים-ארכיאולוגיים ביו""ש","הוא מדריך אותי בשאלה הנוספת, אבל זה מותר. אני רוצה להתבטא קודם באופן כולל, ואחר כך שאלה ספציפית. באופן כולל, השלב הזה של ביצוע הסכם אוסלו, שהממשלה הולכת עכשיו לקראתו, כולל גם תיירות וכולל גם מקומות קדושים. אני יודע, למשל, שאנשי תקוע, שהיו אחראים לאתר הרודיון, כבר קיבלו הנחיה למסור את כל התיק, להכין אותו לקראת הרשות הפלשתינית. האם זה בעצם דגם לכל מה שקורה – בהרודיון ובמקומות אחרים?",3,
44943,1994-11-23,הצעות לסדר-היום: האירועים בעזה והתקרית בצומת-נצרים,"אדוני היושב-ראש, חברי הכנסת, לאחר אירועי עזה, מן הראוי שהממשלה תבחון מחדש את הנחותיה שלה ביחס לתהליך המדיני, מפני שיש יותר מדי סימני שאלה אפילו מבחינתה של הממשלה. ההנחות שערפאת הוא באמת בעל הבית, שהוא הפרטנר, שהוא מסוגל לשלוט, שיש עוצמה ויש אמינות להתחייבות שלו וכל העסק הזה יכול להחזיק מעמד, מחייבות בחינה מחודשת. המירוץ הנואש של רבין ופרס אחרי תרומות לערפאת גם הוא סימן שאלה גדול מאוד. הוא אפילו קרוב להתבזות. עלינו לשאול, האם הממשלה הניחה הנחות נכונות ביחס לתהליך, האם היסודות של התהליך מתאמתות, או שהממשלה צריכה, בלי קשר לוויכוח העקרוני עם האופוזיציה, מבחינתה - לבחון את כל התהליך והאם היא שלמה אתו כפי שהוא. ראש הממשלה טועה כאשר בתשובתו על התביעה הזאת הוא מטיח באופוזיציה: מה האלטרנטיבה שלכם, ה""חמאס""? טענה זאת איננה מצדיקה שלא לבחון ולא לברר. בזה אין די כדי לדחות את הצורך של הממשלה לבחון את התהליך, משום שחלק גדול מהנחות היסוד נראות כלא-תקפות עוד. הממשלה צריכה לעצור, לבחון מחדש, לא כדי לתת פרס ל""חמאס"", אלא כדי לבחון את העניין מההיבט שלה, מהקו שלה. כל הזמן טענו שיש די שלבים, יש די פתחי מילוט כדי לעצור, אם יתברר שהתהליך איננו מתקדם כפי שחשבו. ועכשיו הממשלה לא משתמשת בפתחי מילוט ורצה לצאת מערי יהודה ושומרון ולהביא לשם את המצב שבעזה. אם שר החוץ אומר שלהצלחת התהליך דרושים מיליארדים והם אינם נראים באופק, הרי הוא תולה את השלום בדבר שאין לו סיכוי. חזון השלום של פרס - האם יש בעולם מי שחולם לשלם אותו, או הכוונה היא שאנחנו נממן אותו? אדוני היושב-ראש, בעניין נצרים. להגיד שנצרים מהווה העילה לפיגועים - זו עלילה שפלה, מפני שהם יורים בנצרים כדי לסלק את נצרים, ואם נתקפל משם בניגוד להסכם, בלחץ ה""חמאס"", כפרס לטרור ול""חמאס"", הם יקבעו את היעד הבא בכל מקום - בכפר-דרום, במורג, אחר כך בקטיף, ביהודה ובשומרון, בתל-אביב, או כפי שאמר מפקד קורס השב""כ הפלשתיני - בחיפה, באשדוד ובבית-שאן הכבושות, כדי שנתקפל ונסתלק מהכול. תקראו את השפתיים שלהם. חברי הכנסת, השותפות בצירים ברצועה מסובכת מבחינה ביטחונית יותר משאלת נצרים. אין שם חציצה בין יהודים, ערבים וצה""ל. האיום קיים בכל נקודה על הציר, לאו דווקא בצומת. בתוך דקה יכול להגיח מחבל מאזור האוטונומיה ולפגוע בחיילי צה""ל. אין לנו עומק מודיעיני שם, אין לנו מסתערבים. כל אחד יכול להתחכך, לפגע ולהימלט. היום ברור שההסכם איננו בטוח, הוא יוצר בעיות ביטחוניות. היום הם בחרו בנצרים, מחר יבחרו במקום אחר, ואם התשובה שלנו תהיה בריחה - מי שבורח מהטרור, הטרור ירדוף אחריו. צריך, לדידה של הממשלה, למען ההסכם שלה, לשנות את ההסכם הביטחוני, שלצה""ל יהיה חופש ומרחב פעולה להגיב, להרתיע ולמנוע פיגועים. המצב בצומת-נצרים הוא פועל יוצא של ההסכם, והגיע הזמן לקרוא לילד בשמו, שההסכם הביטחוני כפי שהינו הוא לרועץ לנו וצריך לשנות אותו. אנחנו סבורים שהיתה טעות מדינית בהסכם, אבל הממשלה חייבת להסכים שהיתה טעות ביטחונית שיש לתקן אותה, כדי להגן על האזרחים ועל החיילים שלנו. המצב מסובך וצפויים לנו ימים קשים, ובמקום שהם יחליטו לירות, שם תהיה מצויה הסכנה. הם החליטו על נצרים כדי לדחוף את הממשלה להוריד את נצרים. ייגמר נצרים, יפגעו במקום אחר. חברי הכנסת, הדבר החמור ביותר הוא שפתחו כאן בוויכוח על נצרים עקב נפילת ארבעה חיילי צה""ל, זיכרונם לברכה. מי שרוצה ויכוח על נצרים היה צריך לחולל אותו לקראת חתימת ההסכם. לאחר שחתמו ששום יישוב לא יזוז, עכשיו רוצים לערער? זה דבר חמור גם מנקודת מבטו של מי שמתנגד לנצרים - לתת עכשיו פרס ל""חמאס"", ליצור אווירת תבוסה בציבור, בצבא. אנשים שנוהגים כך, מסוכן שישבו ליד ההגה. תארו לעצמכם מה יחשוב ומה חושב החייל בעמדה אם הממשלה מדברת על המקום, שבגינו הוא אמור להסתכן כדי להגן עליו, שהוא קוץ שיש לעוקרו. זה מסר כפול, זאת פגיעה קשה ברוח הלחימה וביסודות שעליהם עומד צה""ל. במצב כזה מדוע באמת שחיילים יסתכנו ויילחמו?

תראה, חבר הכנסת טמקין, תורי לדבר ולכן אני לא מתווכח, אני רק עונה על דבריך. אם זה מקום חשוב או לא חשוב יש מחלוקת בעם, בערך חצי על חצי, לא בהפרש גדול.

כן. יש ויכוח גדול אם צריך לצאת משם בכלל או לא. אבל החייל, אחרי שהחלטת שהוא שם, אתה צריך לתת לו את כל הכלים להגן על עצמו.

להגיד שהחייל יושב בקוץ שצריך לעקור אותו, זו הסכמה עם ה""חמאס"".

אני קורא אותך לסדר פעם ראשונה.

אני אגיד לך את ההבדל. ההבדל שאני מדבר עליו פה עכשיו הוא בין אלה שפוגעים, יורים, רוצחים, הורגים - - -

הכול הוקיעו אותו. אתה משווה את ההיקפים של האנשים שבאים ופועלים, וכשה""חמאס"" אומר להרוג? המדינה עושה את זה? האופוזיציה אומרת את זה? איזו השוואה?

אם אתה אומר שאין הבדל בין האופוזיציה בישראל ובין ה""חמאס"", אני נזהר שלא להגיד שאין הבדל בינך לבין האויב שלנו. אם אתה אומר את זה, אני באמת נזהר, נזהר שלא להגיד לך מה שאני חושב.

אני אומר: לא להעלות - - - מה זה, שפה ערבית רשמית בבית?

אני נבחנתי בחינת בגרות בערבית, אבל לפני הרבה שנים.

טוב. מי שלא למד, ילמד. חברים, לא להעלות את הנושא הזה לפני ההסכם ולעשות את זה עכשיו כשהטרור ה""חמאסי"" גובה קורבנות, זה שפל ללא תקדים וזריעת פניקה וערעור כושר העמידה הצבאית של חיילי צה""ל בכל מקום. מעניין שכל אלה שתקו אחרי הרצח ההמוני בתל-אביב. אם אתם רוצים לעקור את נצרים בעקבות פיגוע, מה בעיניכם המשמעות של האוטובוס שהתפוצץ בכיכר דיזנגוף - לפנות את תל-אביב?",2,
47253,1994-12-19,"הצעת סיעות מפד""ל, יהדות התורה ומולדת להביע אי-אמון לממשלה בשל דברי שר החוץ על דוד המלך, נעים זמירות ישראל","אדוני היושב-ראש, חברי הכנסת, לא כל כך חשוב להתעסק עם שר החוץ כפרשן תנ""ך. יתעסק שר החוץ בדברים שהוא מבין בהם. לגופו של עניין, ביקש שר החוץ בנימה של זלזול באישיותו של דוד להסיח את הדעת ממעשי הממשלה. דוד המלך בגדלותו האדירה איננו זקוק להגנתנו מגסות הביטוי. לכן האי-אמון איננו נסוב רק על הדברים עצמם אלא גם ובעיקר על כך, שהממשלה מוותרת על היישובים בארץ-ישראל, ושבית-המשפט העליון גורם להרס המשפחה היהודית. חברי הכנסת, גדולת המקרא והנבואה שאינם חסים אף לא על אחד מן הגדולים, וכאשר יש בעיות בהתנהגותו הן מושמות על השולחן בלי לטייח. לא כן הגיבורים הפוליטיים והצבאיים המחפים על פגמים וכישלונות. התנ""ך תורת אמת ואיננו מחפה. בניגוד לתנ""ך, סופרי החצר של מנהיגי מדינת ישראל רק יחניפו להם כמה הם גדולים וחשובים. יצא אלבום על ראש הממשלה, כולו הלל. שר החוץ ייזום ביקורת על עצמו? להיפך. כאשר אחרים באמונתם מבקרים אותו ותוקפים אותו על ניתוקו מהיבט יהודי ולאומי, ואומרים את האמת ולא מחניפים לשליטים, הוא כועס. ובהתקפת כעס כזאת מצא לו השר פרס להתגולל על אחד מגדולי עמנו, דוד המלך. אם לשיטתו, כביכול, היה שר החוץ לומד מדוד, היה מתייצב בפני העם ובפני כל משפחות הנפגעים מאז הסכם השלום המזויף והפרס המגוחך באוסלו ואומר: חטאתי. אם רוצה שר החוץ ללמוד מדוד המלך, ילמד שדוד אמר לנתן הנביא: חטאתי לה'. ילמד פרס מדוד לומר את האמת, שההסכם שהוא הביא מאוסלו יש לו קשר לפגיעה גדולה בהרבה משפחות. יהיה לו האומץ להודות ולא התחבולה לעסוק בהסחת הדעת. לא לירות אש למקום אחר וליצור מהומה, אלא לעשות חשבון נפש. אדוני היושב-ראש, אילו רצה שר החוץ ללמוד מדוד, מגדולי ישראל שבכל הדורות, קדוש ישראל, נעים זמירות ישראל, יאמר כדוד: חטאתי. ולא נכון היה מצדו ומצד ראש הממשלה לקבל את פרס נובל כאשר שוטר פלשתיני יורה בחייל ישראלי, כאשר אנשי ""פתח"" עושים לינץ' לחייל ברמאללה, אנשי ""חמאס"" מציגים בצחוק ובאכזריות את רצח החייל וקסמן, השם ייקום דמו, וכאשר הטרור הורג בכל יום בחסות ההסכם ובכיסויו. משרד החינוך שקל להוריד את לימודי התנ""ך בבתי-הספר התיכוניים באמצעות בחינות הבגרות. שרה אחת הציעה להוריד את ספר יהושע מתוכנית הלימודים. מדריך תנועת נוער אחת קרע את ספר התנ""ך לפני כמה חודשים, כדי להדהים את חניכיו. אלה רק דוגמאות איך שר החוץ יכול להגיע להשתלחות באחד מגדולי עמנו. לכן נצביע אי-אמון בממשלה.",10,"The speech strongly supports settlement in Judea and Samaria, emphasizing the historical and national rights of the Jewish people to the land."
53223,1995-02-27,"הצעות סיעות הליכוד-מולדת ומפד""ל-צומת להביע אי-אמון לממשלה בעקבות הודאתו של ראש הממשלה שהורה להסיר את הסגר חרף הסיכון הביטחוני הכרוך בצעד זה","אדוני היושב-ראש, חברי הכנסת, לראש ממשלה יש קצת יותר אחריות משיש לכל אדם אחר בשאלות של ביטחון. לכן אסור לראש ממשלה שהוא גם שר הביטחון, להפריד ביטחונית בין %98 מהישראלים לבין %2 מהם. גם אם הוא אינו מסוגל לתת %100 ביטחון, אסור לה להפריד בין דם לדם. חובתו לדאוג לכל העם. אסור שישתמע שלא כל כך אכפת לו מהיפגעות של %2 מהעם. גם האמירה, שירידה מ=%98 מהגולן לא נחשבת לירידה מהגולן, איננה נכונה. להישאר רק על המורדות פירושו לרדת. שר ביטחון צריך לדאוג ל=%100 של הישראלים. את מירב ומיטב הביטחון שהמדינה מסוגלת להעניק יש להעניק לכלל האזרחים, ללא אפליה. חברי הכנסת, כל תהליך אוסלו מבוסס על איזו הזיה של השתלבות במרחב, שהערבים אינם מתכוונים לה. הממשלה שוגה באשליות. חמור מזה הוא ההימור שהממשלה מהמרת על ביטחוננו. הממשלה חושבת על קזינו, אבל זו רולטה רוסית. עם התפרסם הסכם אוסלו אמרו הן הרמטכ""ל ברק והן שר הביטחון רבין, שהוא מלא ""חורים"" מבחינה ביטחונית. ראש הממשלה הבטיח לסתום את החורים האלו בקהיר, מה שלא קרה. ומה קרה בפועל? עזה הפכה לחממת טרור לנוראים שבפיגועים ולעיר מקלט של רוצחים במזיד. השבוע התכבד בעזה בכבוד מלכים רוצח שרצח עשרות משתפי פעולה, ואנחנו חושדים בו שרצח את יהושע וייסברוד, השם ייקום דמו. המבוקש מ""נצי הפתח"" חזר לעזה עם שלושה רוצחים מבוקשים מ""הנשר האדום"". עד כמה שידוע לנו, איננו עומדים על הסגרתם וענישתם. גם עיתון ""הג'יהאד האסלאמי"", שטען לכמה מהפיגועים הקשים שהיו לנו, נפתח אתמול מחדש בעזה. כל ההנחות וכל ההסברים ש""הם"" יטפלו בטרור התבדו. היתה התמוטטות נוראה, עד שהממשלה עצרה את התהליך והחליטה על הסגר, ועכשיו שוב מתחילים בפתיחתו, וחוזר וחלילה כמו בעבר. סגרנו, פתחנו, נפגענו, סגרנו. וחוזר חלילה. אגב, נדהמתי לקרוא ששר החוץ הזכיר באותה נשימה את הרצח בהרעבה בברגן-בלזן ואת הסגר. בשום הקשר זה לא נכון. אסור לעסוק בהשוואה זו גם לכאורה. אסור להזכיר בהקשר אחד את מכונת ההשמדה הנאצית ואת הרצון הבריא שלנו להתגונן מפני מי ששוב רוצה להשמיד אותנו. כשהממשלה פותחת את הסגר היא מהמרת שוב. על חשבון מי הפעם? על איזה אחוז של האזרחים? %2? %5? %10? על אילו יישובים? על עפולה? על חדרה? על בית-ליד? על דיזנגוף בתל-אביב? מה יהיה המקום הבא, חס ושלום? אדוני היושב-ראש, אנחנו מכירים את הדינמיקה. מתחילים בפועלים מבוגרים מגיל 30 ומעלה, בעלי משפחות. ואחר כך ממשיכים בצעירים. אנחנו קוראים לאי-אמון בממשלה מפני שהממשלה הולכת להגשים את הודאת ראש הממשלה שאמר כשפתח את הסגר: עשיתי זאת נגד האינטרס הביטחוני של ישראל. כלומר, אנחנו יודעים שאנחנו מסכנים את תושבי ישראל עבור המשך התהליך. הקריאה הזאת לאי-אמון היא אזהרת הכנסת, שלא להתיר לרווקים צעירים להיכנס כל עוד לא הוכח חד-משמעית טיפול אמיתי, אפקטיבי ורציני של אש""ף בטרור. אחרת זו תהיה התנהגות לא-אחראית ומסוכנת. חברי הכנסת, הממשלה מועדת כאשר היא פותחת את השערים בפני הקבוצה המועדת. שום תירוץ בעולם לא יעזור לאחר הפיגוע שיגיע לאחר מכן, חס ושלום. להביא את הרווקים הצעירים בתנאים הנוכחיים זה לעבור את הקו האדום. הממשלה לא תוכל לרחוץ בניקיון כפיה ולומר: לא ידעתי, לא הוזהרתי. לגבי ג'נין, אנחנו שואלים שאלה אחת: האם ג'נין תיהפך לעזה נוספת שתפגע בעמק יזרעאל ובשרון ובכל מה שבסביבה? אם ראש הממשלה ושר הביטחון משיב שלא, אנחנו שואלים: מהן הערבויות שלך לכך? בעזה עשו זאת. אם יוצרים עוד ואקום בג'נין, מהי ההשלכה על עפולה? על כפר-סבא? על חדרה? הממשלה מטיחה תמיד: אתם מציעים לחזור לעזה? ובכן - עכשיו לא. אבל מה שראינו בחודשים האחרונים היה גרוע וחמור יותר מהמצב הקודם. איננו מתגעגעים לשוב ולשלוט בעזה, אבל המצב קשה יותר. על כל פנים, מהניסיון הרע שהיה לנו בעזה צריכים ללמוד שלא להביא למצב דומה במקומות נוספים. כל עוד אין לנו ביטחון שזה לא יקרה, אסור להמשיך. הממשלה חייבת סוף סוף לעמוד בדיבורה ובתנאיה, שיוכיחו קודם שהם מתכוונים ומסוגלים לדכא את הטרור. אדוני היושב-ראש, ראש הממשלה נהג לומר בעבר, ששלום וביטחון חייבים ללכת ביחד, ששלום יהיה רק אם יובטח הביטחון בישראל כולה. ה""שלום"" הזה שהממשלה מטפחת סותר את הביטחון. בעבר טעו לחשוב שהאינתיפאדה איננה סיכון אסטרטגי. עכשיו טועים בטרור, כאילו איננו סיכון אסטרטגי לישראל. לכן, הצהרת ראש הממשלה לפני כמה שבועות, שהטרור הוא בעיה אסטרטגית שלנו, היא נכונה. ואילו הצהרתו שאנחנו פותחים את הסגר, אף-על-פי שהוא מסכן את הביטחון, והטרור נמשך סותרת את זה, מסוכנת ובלתי אחראית; זאת גם הודעה שהשלום עדיף מהביטחון. חברי הכנסת, היום נודע על ביטוי נוסף של הסיכונים הביטחוניים שהממשלה גזרה הן על שוטריה והן על באי הכותל המערבי והבאים לעיר העתיקה. יחידת העילית של המשטרה, שמאבטחת את הר-הבית, פורקה מנשקה, ונאסר על המשטרה לפעול בהר-הבית במקרה של פרעות ומהומות, אלא צריך להמתין להוראה מפורשת מראש הממשלה לאן הגענו. על כל אלה, ההכרזות וההימור המסוכן על הביטחון בפתיחתו המלאה של הסגר בקרוב, אנחנו קוראים להפיל את הממשלה ולהצביע על אי-אמון בה.",1,
56415,1995-04-12,הפרת סעיפי הביטחון בהסכם אוסלו תוך סיכון אזרחי חבל-קטיף ואזור הנגב,"אדוני היושב-ראש, חברי הכנסת, אין מי שלבו לא נשבר למראה ולמשמע הזוועה שברצח המתועב בכבישי כפר-דרום ונצרים. אין מלים להביע תנחומים על הכאב של המשפחות שאיבדו את יקיריהן, השם ייקום דמם. שבחים לנשיא המדינה, ששוב ביטא את הרגשת העם, שלא להשלים עם השיטה של קורבנות שלום. פיגועי תופת אינם גזירה משמים, ואנחנו איננו קורבן פסח.

שבחים גם לששת חברי הכנסת של העבודה, שהעזו לתבוע מן הממשלה שלא לכבול את ידי צה""ל במלחמתו ב""חמאס"" וב""ג'יהאד האסלאמי"" ולממש את ההסכם בנוגע למרדף החם. ברצוני להביע סלידה מהמרצחים ומאלה שאינם עוצרים בעדם, ומערביי עזה ששמחו על דם הרוגינו, ומהורי הרוצחים-המתאבדים שמאושרים מתועבת ילדיהם. חברי הכנסת, מבחינה ביטחונית יש בצורת החיים הזאת פוטנציאל לפיגועים. הכביש המשותף, האי-יכולת לפתוח במרדף חם והשלמה עם הפרות בלתי פוסקות של ההסכם - מזמנים פיגועים. הכול כתוב על הקיר. הביטחון שם רופף, ואמצעי הביטחון - בלתי יעילים. חברי הכנסת, שקר הוא שערפאת הגיע לקו פרשת המים. שטויות להאמין שנפל האסימון אצלו. לא חדרה למודעותו ההכרה, שעליו לקיים את מה שהתחייב לקיים - אני מצטט את ההסכם מחודש מאי: לנקוט את כל הצעדים הנחוצים כדי למנוע פעולות עוינות נגד היישובים, נגד התשתית המשרתת אותם ונגד אזור המתקנים הצבאיים. שחרור מנהיגים פוליטיים ללא העמדתם לדין הוא מעשה שבשגרה אצלו. שחרורם ואי-העמדתם לדין, אי-הסגרתם לישראל ושחרורם מובטחים גם הפעם, כמו בעשר הפעמים הקודמות. צה""ל גוזר בעזה את ההיבט הצבאי מן ההיבט הפוליטי, בבלימה וספיגה, כמו בלבנון. הפלשתינים מפירים את ההסכם, ואנחנו בולעים. רשימת ההפרות ידועה לממשלה וידועה לצה""ל, אבל לא רוצים להפר את השקט כאילו זה יפר את השלום. הסכם גרוע אם גם על קיומו אין עומדים. שר המשפטים של הרשות כבר צוטט פה היום; הוא הודה, שאש""ף וה""חמאס"" משלימים זה את זה. פירושו של דבר, שיש ביניהם הסכם, ושערפאת לא נקט ולא ינקוט צעדים חריפים ומשמעותיים כלפיהם. הם ימשיכו את הפיגועים ויגבירו אותם. ואם יגבר השמאל שבממשלה ונברח מנצרים ומכפר-דרום, הם ירדפו אותנו לזיקים, לנחל-עוז ולכפר-עזה. וכשנברח משם הם ימשיכו לרדוף. וכאשר נסתלק משכם, מג'נין ומרמאללה - אוי ואבוי יהיה לכל כבישינו, יישובינו וערינו. עזה היא הדוגמה. אדוני היושב-ראש, העם כבר לא קונה את התיאוריה הבולשביקית שעל-פיה אם חוזרים על שקר הרבה פעמים הוא הופך לאמת. העם לא קונה שרוצח נקרא בעל-ברית וששלום פירושו טרור. העם גם לא סובל את הטריז שמנסה השמאל לתקוע בין קטיף לבין ""הקו הירוק"". מי שאיננו פנאט מסונוור המתעלם מעובדות מבין את האסון ואת הקריסה. הלוואי שההתפכחות של השישייה תבלום את ההזיות של השמינייה, ושראש הממשלה יפסיק את היגררותו אחרי מרצ. זאת חובתו של ראש הממשלה, להשתיק את המסיתים לפינוי בכוח של היישובים. כל המושג של שלום סותר בעליל את הרעיון של השמאל להוציא ולגרש אנשים מבתיהם. אילולא היה השלום מזויף, לא היתה ישיבתנו בארץ-ישראל צריכה להפריע להם. הם ינהלו את חייהם, ואנחנו ננהל את חיינו. אלא שלא מדובר בשלום, אלא בההשתלטות ערבית ובגירוש יהודים, בניצול השאיפות התמימות של העם לשלום והפיכתן לכלי להסתלקות ולבריחה מארץ-ישראל. אנו מזהירים את הממשלה - זה לא עניין של כמה משפחות, זה מאבק על כל המפעל. זה תקדים ומבחן, וכולנו נהיה שם. ה""טרנספר מרצון"" של אנשי גוש-קטיף, על-ידי פיתוי משפחות לנטוש, הוא הצעה מגונה ומשפילה. שבירת רוחם של המתיישבים על-ידי ניתוק החוליות החלשות לא הצליחה ולא תצליח. אנשי גוש-קטיף הם חלוצים שהלכו לחזית של עם ישראל בתמיכת הממשלה ובעידודה. הניסיון להציג אותם עכשיו כמי שמתמקחים על כסף ולהעמיד אותם כגורם מיותר ומפריע שצריך לסלקו, הוא בזוי. ההצעה המשפילה, לקנות ערכים בכסף, תצליח אולי לקלוע למבוכה כמה אנשים ומשפחות המצויים במצוקה, אבל לא תצליח לשבור את החלוצים הנאמנים באמת. רובם המכריע של אנשי נצרים, קטיף וכפר-דרום, כמעט כולם, לא יתפתו לסגנון הבזוי של חברי הכנסת חגי מירום ויוסי כץ. חברי הכנסת, אנו מתנגדים להסכם אוסלו מיסודו. אבל אל תיגרר הממשלה אחרי דברי שר החוץ, שמדבר באמונה עיוורת מול העובדות והמציאות. יסלח לי, אך הוא מדבר כמו פנאט שמאמין בצד השני, שסומך על הרצון הטוב והכן של האויב. המציאות טופחת על פניו ועל פנינו באכזריות, והוא ממשיך להתעקש. שלא לדבר על מרצ. המינימום שעל הממשלה לעשות, ובכך היא תיבחן, יהיה להודיע חד-משמעית, שהמשך יישום ההסכם יהיה תלוי בהתגברות מוכחת על הטרור ובמלחמה כוללת נגדו. זה המינימום של התעשתות הנדרשת מהממשלה. זה נייר הלקמוס שיוכיח אם עדיין מובילה את הממשלה האחריות הביטחונית או שמא מובילות אותה ההזיות הבלתי אחראיות של השמאל. זה גם המבחן שיוכיח אם יש בכלל מה ועם מי לדבר בתוך העם, אם מובילי הממשלה פנאטים סהרוריים של התהליך הערפאתי, או שגם אצלם יש גבול. חברי הכנסת, הפתרון הרדיקלי יותר - שהוא פחות מהצעת השישייה ונגיע אליו וכדאי לפני הפיגוע הבא - הוא כניסה מסיבית של צה""ל לאזור נצרים, מורג, קטיף וכפר-דרום; לחלק את הרצועה לשניים, צפון ודרום, לתקופת מעבר, לפחות, עד שערפאת יוכיח את טיפולו ב""חמאס"", ולמנוע כל תנועה וקשר בין שני החלקים. להיכנס לעזה - זאת הכרזת מלחמה. להסתלק מנצרים - זאת תבוסה מסוכנת. להמשיך בשגרה - זה חוסר אחריות משווע. כמו בלבנון צריך גם כאן להקים אזור ביטחון, לנתק את ח'אן-יונס מעזה, ליצור חגורת ביטחון. יישובינו צריכים להיות הבסיס לפעולות נגד המחבלים ולרצועת הביטחון תיצור מציאות אחרת ובטוחה יותר. אלה שתי האפשרויות: מאבק מדיני או מאבק צבאי, ושניהם משולבים זה בזה. בשום אופן לא להמשיך ביישום, כדי שלא ליצור ""עזות"" נוספות. חברי הכנסת, אסור שהדיון הזה בכנסת יסתיים בלא כלום. כאן דרוש עוז לתמורה בטרם פורענות. השם עוז לעמו ייתן, והשם יברך את עמו בשלום, שלום אמת, שלום לדורות.",1,
56646,1995-05-15,הודעת ראש הממשלה בפתיחת כנסת הקיץ של הכנסת,"גם הממשלה מצהירה שהיא לא רוצה מדינה פלשתינית.

אני אהיה קצר מאוד, אדוני.

אדוני היושב-ראש וחברי הכנסת, אני אדבר היום רק על ירושלים, מפני שבה תלוי כל המאבק כולו. ום ממשלת ישראל זזה מעמדותיה בעניין פיתוחה של ירושלים ובעניין העברת השגרירויות אליה, זה חמור מאוד לגורלה של ירושלים, שהרי כולנו רוצים שהיא תהיה בריבונות ישראל. ככל שהממשלה תעמוד על חומות ירושלים - נחזק אותה, ואם לא - ניאבק בה. אם הממשלה תבנה את ירושלים רבתי, נתייצב לימינה, ואם תחליט שלא לפתח ולבנות, נתייצב נגדה. בושה גדולה היא שהממשלה מפגרת אחר האמריקנים בנושא השגרירות. במקום להוביל, נדחפים. מבזבזים פה הזדמנות היסטורית. יש כאן מהפך דרמטי והישג כביר שאסור להחמיץ אותו וודאי שאסור לטרפד אותו. זה גם מבחן אמת, אני אומר גם לך, חבר הכנסת אורון, למהלך המדיני. אם הפלשתינים מתנגדים לשגרירות בירושלים - ומדובר כרגע על ירושלים המערבית - ומאיימים בפיצוץ המהלך המדיני, כפי שאמרו בתחילת השיחות שיאסרו זאת, אז שלא יהיה מהלך. מבחינת הממשלה, הממשלה צריכה להעמיד את זה כאבן בוחן. ואם נתעקש בנושא הצודק הזה, ודאי שהם יהיו אלה שיתכופפו. חברי הכנסת, זה שקר גס וזאת תעמולה של השמאל, כאילו מאז מלחמת ששת הימים בנו בירושלים רק ליהודים. הערבים בירושלים אינם מבקשים תוכניות בנייה שלנו. הם בונים בעצמם, בלי לבקש רשות, אלפי דירות צמודות קרקע בשטחים נרחבים. מי שמסתובב בשטח רואה היקפי בנייה עצומים בין שועפאט לרמאללה, בית-חנינא, קלנדיה, סילוואן, אל-עזרייה, א-טור ואבו-דיס, וכל המרחב דרומה לכיוון בית-לחם - בנייה מסיבית, צפופה, שיש לה מגמה מדינית מפורשת: לטרפד את אחדות ירושלים שבריבונות ישראל. מאחר שזו תוכנית פוליטית למאבק על ירושלים, חיוני שבמקביל תהיה תוכנית מקיפה ישראלית. הם רוצים לחבר את בית-לחם, רמאללה ומזרח-ירושלים לעיר אחת; ""לשבור"" את מה שישראל עשתה, ואנחנו מתגוננים על-ידי חיבור לפסגת-זאב, הר-חומה ומעלה-אדומים. מי שמציג את זה כמאבק תמים, אזרחי, על שוויון זכויות, טועה ומטעה. הם בונים כדי להוציא את השטח מתחומי ישראל ולקעקע את איחוד ירושלים שלנו. מול תעמולת הכזב המדהימה של השמאל ראויה הממשלה לברכה על מה שהעזה לעשות, אבל - לביקורת חריפה על שחייבה את ישראל שלא להפקיע עוד. מפני שפירוש הדבר, שבעוד מלאכת קעקוע ירושלים תימשך, הרי הרצף היהודי שעלינו להבטיח בין גילה, הר-חומה, מעלה-אדומים, וממעלה-אדומים לגבעה-הצרפתית ולגבעת-זאב, זה לא יבוצע. אדוני היושב-ראש, אסור היה לממשלה להתחייב בנושא הזה, ובוודאי שלא להתחייב מעבר לקדנציה שלה. זה צעד מסוכן ובלתי אחראי, שהממשלה הבאה כשתקום לא צריכה להתחשב בו כדי לעשות מה שדרוש למען בניינה של ירושלים רבתי. אני חוזר ואומר, שעניין השגרירות הוא ממש נורא. כל הממשלות בישראל לחמו להעביר שגרירויות לירושלים, וכשבאה סוף סוף יוזמה אמריקנית, שהיתה גוררת אחריה יוזמות של מדינות אחרות, רומזת הממשלה ברמזים גסים, שדעתה איננה נוחה מכך. הממשלה חייבת תשובה אמיתית וכנה לכנסת ולעם. האם זה מהסיבה הטיפשית, שהיוזמה לכך יצאה מהאופוזיציה כאן ובארצות-הברית, או האם זה יותר רציני, יותר חמור, שיש לממשלה הבנה סודית עם הפלשתינים, אולי בצורת עוד מכתב נסתר, שיום אחד נגלה אותו, שישראל לא תפעל, לא בכיוון של בנייה בירושלים ולא בכיוון של מאמץ להכרה בין-לאומית בה כבירתנו, עד שתושג הבנה עם הפלשתינים על גורלה של ירושלים? כן. אם הממשלה נלחצת בנושא השגרירות באופן כל כך מוזר, האם זה מפני שיש הבנה חשאית, שתמורת דחיית הדיון על ירושלים לסוף המשא-ומתן, התחייבנו בפני מישהו שלא לשנות את מצבה של ירושלים, משום בחינה, והאם המאמץ האמריקני הזה פוגע בהתחייבות הממשלה לפלשתינים, שעליה לא דווח לציבור? הכנסת והעם זכאים וחייבים לקבל על כך תשובה ברורה.",10,
61502,1995-07-24,"הצעות סיעות הליכוד, מפד""ל, צומת, יהדות התורה ומולדת להביע אי-אמון לממשלה בשל: 1. טיפולה הכושל בתחום המדיני-הביטחוני; . עמדתה לגבי עתידם של קבר רחל בפרט והמקומות הקדושים בכלל; . מדיניות הממשלה לגבי עתידם של אתרים המוכיחים את הקשר של העם היהודי לארץ-ישראל; 4. יחסה לקבר רחל ולמכלול הנושאים הדתיים; . עמדתה לגבי המקומות הקדושים ליהדות, קבר יוסף בשכם וקבר רחל בשערי בית-לחם, ומסירתם לשליטת אש""ף","גברתי היושבת-ראש, חברי הכנסת, האי-אמון של היום איננו אי-אמון פוליטי רגיל, הוא איננו רק אי-אמון של מפלגות. האזרחים שכואבים, חרדים, זועמים, שהתפרצו במקום האירוע, הם שמביעים אי-אמון. העם היהודי, האזרח הישראלי ברחוב, האמא שדואגת, הם מגישי האי-אמון. הממשלה יודעת זאת באופן הברור ביותר, כל אחד מחבריה מודע לאמת המדויקת הזאת, כי אתם המקבלים את הזעם ואת התגובות. רצינו למחות היום על ניתוק העם ממחוזות אבותיו, על הביטחון שמתערער, על סיכון חיי המתנחלים, על הפיכת ערי הארץ לערי ספר, על המרת גבולות בני-הגנה בגבולות מזמיני התקפה, על נטישת קבר רחל אמנו ושאר האתרים ההיסטוריים והמקומות הקדושים, על קריעת חלקים מריבונותה של ירושלים, על הסירוב לשאול את העם קודם חתימת ההסכם עם אש""ף - כולם טעמים כבדי משקל שמצדיקים הפלה של הממשלה והליכה אל העם. אבל הבוקר הכול נעשה מוחשי ומחוור. הכול מחוויר מול הרצח ההמוני שבוצע שוב על-ידי ה""חמאס"" באוטובוס ברמת-גן. כי מה יותר מהטבח הזה מעיד על התערערות הביטחון בלב הארץ ועל האשליה של מזרח תיכון חדש? המתים עדיין מונחים לפנינו, ולכן יהיו דברינו מאופקים לכבודם ולכבוד הפצועים שאנחנו מתפללים להבראתם. אני קורא לראש הממשלה, לחברי הממשלה ולחברי הכנסת, ברגע של כאב ושל אמת: הקשיבו לקולו של העם, האזינו לנהמת הלב של הציבור, שמעו את הקול שבוקע מלבו ומפיו של נשיא המדינה, שאיננו דובר האופוזיציה אלא סמל וביטוי למה שהעם מרגיש. עצרו, חשבו, השעו את השיחות עד לבירור מעמיק וחשבון נפש. העריכו מחדש, ובשום אופן אל תמשיכו במשא-ומתן תחת טרור רצחני.

זאת אני אומר, והנשיא מתבטא בהחלט באותה רוח.

בהחלט. אתה יודע מה? קבל את מה שהוא אומר. הממשלה חייבת להפסיק את השחרור ההמוני של האסירים. אני רוצה לומר לממלא-מקום ראש הממשלה ושר החוץ: לשיטתכם, שמבחינה בין שוחרי השלום של אש""ף - אנחנו חולקים על כך - למתנגדיו של השלום מה""חמאס"", תודיעו חד-משמעית, שלא תשחררו את אסירי ה""חמאס"" המודיעים שהם הם הרוצחים ברמת-גן. אנחנו מאמינים, שאש""ף וה""חמאס"" מחלקים ביניהם את העבודה שבין ה""טובים"" וה""רעים"", בקריצה. אבל אתם, שמאמינים בהבחנה, בזאת תיבחנו: תודיעו שלא ישוחררו אסירי ה""חמאס"", תודיעו גם שאינכם סומכים עוד על אש""ף שיטפל בטרור נגדנו בערים שעזבנו ובערים שהממשלה מתכוונת לעזוב. תודיעו שלא תיתנו ידכם לחממות לטרור ולערי מקלט למבוקשים. פקחו עין - האם נוח לאש""ף שה""חמאס"" יפגע בנו כאשר המשא-ומתן מתעכב כדי להלחיץ אותנו. חברי הכנסת, אנו דורשים מהממשלה לתבוע את הסגרת הרוצחים מוואדי קלט ומרמת-גן ואת כל 14 המבוקשים על רצח וגם את הסגרתו של הרוצח,""המהנדס"", יחיא עיאש, שמקלטו בעזה, וטביעות אצבעותיו בעפולה, בחדרה, בדיזנגוף, בבית-ליד, ועכשיו בוודאי גם ברמת-גן. אנו דורשים מהממשלה להתפכח מהאשליה שהמודיעין המסכל של רג'וב יעשה עבורנו את העבודה. הוא ידאג, כפי שהוא עושה, לטפל במתנגדי ערפאת ב""פתח"" ובמשתפי הפעולה עמנו נגדנו, ובשום אופן הוא לא יטפל ב""חמאס"". ובכלל, ההסכם אתו מעולם לא נדון בכנסת ולא הובא לאישור הבית, וחובת הממשלה לחשוף בפני הכנסת גם את המסמך וההסכם הרומאי הזה. גברתי היושבת-ראש, רציתי לדבר היום על קבר רחל אמנו המבכה על בניה, אבל אינני יכול. האבלות החדשה בבתים רבים דוחקת כאילו את האבלות הישנה, וליד הקבר עתיק היומין ייכרו מחר קברים חדשים של נפגעי רמת-גן. דמעות רחל מתערבבות בדמעות של כולנו. תוכיח הממשלה את רגישותה, תחבר את קבר רחל לירושלים, אל תפקיר אותו למי שהוא איננו שייך לו. תוכיח הממשלה את יושרה ותגיב על דברי הרשע והאיוולת של השרה אלוני. הרצח ברמת-גן מוכיח, מי הם פה הסרבים, מי הרוצחים ומי הקורבנות. מוטב היה אילו היתה הממשלה עצמה מבקשת את הכרעת העם. אבל מאחר שהיא איננה מתכוונת לכך, תחליט הכנסת שעל הממשלה ללכת.",10,
63382,1995-10-05,הודעת הממשלה על אישור הסכם ביניים ישראלי-פלשתיני בדבר הגדה המערבית ורצועת-עזה,"גברתי היושבת-ראש, חברי הכנסת - - -

מפני שלדיון הזה יש אופי חפוז כל כך; בנושא גורלי קשה מאוד לבטא בחמש דקות באופן אמיתי את הדברים.

לא. א. אני חושב שלא, כי אתם החלטתם כך בניגוד לאחרים.

אתה לא היית כאן. ודאי נעדרת לכמה דקות. וב. ראוי נושא זה שכל חבר כנסת יוכל להתבטא בו. גם זה נכון. אופי הדיון החפוז הזה בעניין יסודי כל כך ובעניין עקרוני כל כך מבטא את קלות הדעת שבה מתייחסת הממשלה לנושא. אין כאן רק דיון מדיני וטכני אלא יש כאן נסיגה ערכית שבה ארץ-ישראל נחשבת כנדל""ן ולא יותר, וחברון עיר ערבית בלי יחס לעיר דוד, מערת-המכפלה ורצח תרפ""ט. פשוט רוצים להיפטר מנחלת אבות. בחמש הדקות המוקצות אין טעם ואין זמן להידיין כאן אידיאולוגית, אפילו לא מדינית, אבל אני מבקש להעיר הערה אחת. הממשלה בועטת בעיטה גדולה בארץ-ישראל, היא מואסת בארץ חמדה בלי קשר למצב פוליטי או לתפיסה מדינית וביטחונית. ארץ-ישראל איננה מוקרבת בגלל איזה אילוץ או למען מטרה ותמורה כלשהן, היא נעזבת וננטשת בגלל הערכיות היהודית הייחודית שלה. הממשלה מנצלת הזדמנות כדי להיפטר ממה שמבטא ומייצג את היהדות שלנו ואת הציונות שלנו. אי-אפשר להסביר אחרת את דבריו של ראש הממשלה, שארץ-ישראל איננה קדושה, היא נדל""ן בלבד. מי שמזלזל כך בקדושת ארץ-ישראל מעיד שהוא מייצג ממשלה שאצלה אין הבדל בין בירוביג'ן - שהרי זאת ממשלה שנשענת על קומוניסטים - ואוגנדה לבין ישראל. הממשלה מתעלמת מרחשי לב של העם ואטומה כלפי רגשות המתיישבים. אפילו לא נקודת צער אחת, אפילו לא טיפה של התלבטות; הם חפים מהתחבטות, מדמעה. הרי זה לא נורמלי שמי שכורת, חס ושלום, רגל יצא בשירה ובריקודים. אפשר לקרוא את השמחה בפניהם ובהבעתם של שרי הממשלה. אפשר להרגיש בבירור את האטימות שהממשלה מגלה כלפי כל כאב שיש בעם. להגיד שהתנ""ך אינו מבטא את קדושת ארץ-ישראל זה להביא עלינו פורענות, להגיד שהממשלה מכבדת את מוסר הנביאים ולהשלים עם חברה של עמק אלכוהול ומסיבות אסיד ותרבות מדונה וקזינו, ששרים בממשלה מציעים, והימורים והרס המשפחה - זה לעג לרש. אתם בונים פה מדינה עצמאית שמשועבדת ברוחה לדברים שנוגדים את היהדות, מתייוונת. אתם בונים פה אוטונומיה יהודית כמובלעת בתוך מדינה פלשתינית. חברי הממשלה, אל תמהרו לשמוח.

אני מודה לך, חבר הכנסת דרעי, על ההערה הנכונה. אני מקבל אותה. אל תמהרו לשמוח. אל תסמכו על השלמה של חלק מהעם שעדיין לא יצא למחות. שימו לב לבחילה הנוראה שיש בעם נוכח הבעיטה הגדולה שלכם, מול מסיבת הסיום שאתם עורכים למדינת ישראל כמדינה יהודית וציונית.

מפני שהוא עדיין בבחילה. אתה תראה שיבוא. אני מדבר על ההסכם האחרון, שספק אם יצליח לשרוד ללא ייעוד יהודי וציוני, ייעוד בלי מרכאות. אלא אם כן לא תשרדו אתם בשלטון, והממשלה תתחלף ותתקן את עוולותיכם. חברי הכנסת, לבעוט בארץ-ישראל באמצעות ממשלת מיעוט ציונית, ברוב מניפולטיבי של קול אחד, של שניים שערקו, בהתכחשות להתחייבות של רוב חברי הממשלה לבוחרים ובלי לשאול את העם במשאל עם או בבחירות - זאת שערורייה שלא תיסלח. זה צפצוף ארוך על ארץ-ישראל ועל העם היהודי. זה גם יתפוצץ לכם בפנים פעמיים: עם הפלשתינים בדם ואש, לצערי, ועם היהודים בקרע ובשסע, בריב אחים ובבחירות. ממשלה יכולה לעשות טעות פוליטית, זה קורה. אבל כאן זה הרבה יותר חמור מכך. סתם רוצים להיפטר מארץ-ישראל, מיהדות ומציונות, רק משתמשים במונחים הפוכים. לזה קוראים מדינה יהודית. ועל כך תבואו למשפט ההיסטוריה.

אני לא חושב שאני מעמיד את עם ישראל מול ארץ-ישראל.

לא, לא. הדיון אז היה בנושא מצרים. הנושא היה מצרים ולא ארץ-ישראל. ושם אמרנו עם ישראל, תורת ישראל וארץ-ישראל - אלה שלושה עקרונות שאותם אנחנו רוצים, וכל פעם יש דגש בנושא אחר. הפעם הדגש הוא בארץ-ישראל.",1,
63546,1995-10-23,הודעת הממשלה על פעילותה בשנה שחלפה ועל תוכניותיה לתקופת המושב הקרוב של הכנסת,"על כך הצבענו כולם. זו הטעיה, חבר הכנסת רן כהן. על הסכם השלום עם ירדן הצביעו רוב חברי הכנסת, לכן כן אמרו זאת.

אדוני היושב-ראש, חברי הכנסת, יש טעם רב לאזכר בדיון המדיני היום את פירושו הראשון של רש""י לתורה, בפרשת ""בראשית"" שקראנו השבת, שמביא את תשובתו על שאלה של רבי יצחק. בתשובתו אומר רש""י, שזכות עם ישראל על ארץ-ישראל מבוססת על רצונו של בורא עולם ואיננה מתערערת בשל מאורעות ""היסטוריים"" חולפים. כשקוראים ברש""י נראה כאילו נכתבו הדברים עכשיו. שהרי גם היום, מבית ומחוץ, אומרים לנו על ארץ-ישראל שלנו ש""ליסטים אנחנו"" שכבשנו אותה, ואילו התורה אומרת לנו שסדר הבריאה מטרתו להצדיק את זכותנו, וטמון בו מסר אשר למחויבות שלנו ולמסירות שלנו לארץ-ישראל. כאן המקור המוסרי לבעלותנו על ארץ-ישראל ולמחויבות שלנו. אין זה נכון שלצד הערבים יש ערכי מורשת ומולדת ומדינה והיסטוריה, ולצדנו רק ביטחון, כמו שראש הממשלה נוהג לומר. לא נכון מה שאומר שר החוץ פעמים רבות, נדמה לי שגם היום, שמי שמסתמך על העבר מדבר על העבר. אני אומר, שאי-אפשר לבנות עתיד בהווה תלוש, תלוש מהעבר. ואם הוא ציטט את הרב קוק, הוא יוכל למצוא שם המון בהקשר זה. חברי הכנסת, ההסכם שנחתם עם אש""ף הוא הסכם בעל משמעות גורלית לעתיד העם והארץ. הממשלה רואה בו פתח לתקווה וסיכוי לשלום. אנחנו רואים בו סיכון ביטחוני קריטי ואסון לאומי. הסכם גורלי כל כך ושנוי כל כך במחלוקת בעם, ראוי היה שיבוא להכרעת העם כולו ולא ייחתם על-ידי ממשלה שנשענת, אתם יודעים, על בסיס צר ושברירי. המצדדים בהסכם היו מעדיפים לדעת שאינם כופים על העם סיכונים כואבים אלא מתחלקים אתו במשא האחריות הכבד, והשוללים אותו ידעו כי פתוחה הדרך לנסות לשכנע את הציבור בדרך דמוקרטית. זאת הדרך היחידה שטמון בה סיכוי למנוע קרע חריף שעלול לגלוש לריב אחים, בהעתקת המאבק מהשטח רווי האלימות למאבק דמוקרטי על לבו של העם. אילו היתה הממשלה מאוזנת, אחראית, שקולה, היא היתה צריכה להיענות לפנייה הזאת ולאפשר לכל אזרחי ישראל להביע את דעתם בסוגיה המכרעת הזאת באופן הוגן. הממשלה החליטה מה שהחליטה. הכנסת, ברוב של קול אחד, ואתם יודעים שהוא מניפולטיבי, אמרה את דברה. עכשיו תורו של העם לבטא את הרגשתו ואת דעתו. חשוב שידעו מנהיגי ישראל והעם בישראל והעולם כולו מה היא באמת עמדתו של העם שאת גורלו ואת גורל ארצו חורצים. הדבר חשוב גם לגבי לביצוע אוסלו ב', וחשוב שבעתיים לגבי אוסלו ג' שכבר רובץ לפתחנו. לשאול את העם, ממש מתבקש מהמצב. וכל מי שמתנגד לכך לא יכול לרחוץ בניקיון כפיו מפני שהוא הפקיר את מצבנו לריב אחים אלים. ההתנגדות לשאול את העם מוכיחה, שהממשלה לא מודאגת כל כך משסע בעם, היא לא רוצה בדיון ציבורי, היא לא רוצה בדיאלוג אמיתי בין חלקי העם, היא לא מתכוונת לשתף את הציבור הרחב בתהליך שעלול להוביל לתפנית לאומית היסטורית. אחריות כבדה מוטלת על הכנסת שלא לתת לשבור את הכלים. משאל עם או בחירות הם אמצעי הגון להידברות ולהכרעה הוגנת. אדוני היושב-ראש, המרכזיות שמעניקה הממשלה הזאת ל""לחם ושעשועים"", זאת אומרת להרוויח ולבלות, כעילות, כטעמים להכרח של שלום שכזה, באה על חשבון הריאליות והאי-מודעות למגבלות המציאות. זאת דרך פרימיטיבית מאוד למחוק מה שלא נוח במציאות שטופחת על הפנים. שגיאות גורליות יכולות לעבור בשלום במעצמות כארצות-הברית. אנחנו, עם כל הכבוד, איננו מעצמה כזאת. וההיפר-אקטיביות של הממשלה מסוכנת, מפני שהאלתור שלה באוסלו חורג מנורמות. הוא לא יוכל להצליח מפני שהוא מתעלם מהמציאות. הוא בנוי לא על תכנון קפדני אלא על קונצפציה ועל דוגמתיות. אנחנו עלולים להישרף באש של הקונצפציה ולטבוע במים של האלתור של ההסכם הזה. אם המלים אחריות ומחויבות אינן מלים גסות אצל הממשלה, ואם אין המוטיבציה של הממשלה בנויה על פינוק חולני ועייפות ומשיחיות שקר של מקסמי-שווא שאינם יכולים להתגשם - תנו לעם להחליט, ובכך תיבחנו.

אתה יודע שאת ""תרגום השבעים"" עשו 70 חכמים בנפרד, ויצא אותו דבר.",10,
64966,1995-11-22,כינון הממשלה והרכבה,"אנחנו ביקשנו להיכנס לממשלה?

עשר דקות כמו של חבר הכנסת פורז.

אדוני היושב-ראש, חברי הכנסת, הממשלה הזאת מוקמת בעקבות הרצח המטורף והמתועב של ראש הממשלה יצחק רבין, זכרו לברכה. מבחינה זאת אנחנו מצויים במשבר עמוק ביותר, ונגזר עלינו לצעוד במסלולים שמעולם לא דרכה בהם רגלנו קודם. האם נחזור ללהט המתלהם שבין שמאל לימין, שהוחרף מאוד, או שנדע ליצור אווירה של פיוס והידברות גם תוך חילוקי דעות? בשלב זה הציפיות מכזיבות, אבל ימים ומנהיגים יגידו אם אומנם בעתיד נדבר ונקשיב, כדי להשתכנע ולשכנע, או נמשיך כל אחד לדבר עם עצמו ואל ציבורו בלבד. חברי הכנסת, ההתמודדות האמיתית על הנושאים המדיניים והביטחוניים הקיומיים שבמחלוקת תיקבע ותוכרע בדרך דמוקרטית בבחירות שיתקיימו בעוד שנה. אז נתמודד, כדי שאמונתנו אשר לשאלות הנוגעות לארץ-ישראל ולביטחונה תזכה לתמיכת הציבור בבחירות. נקווה גם שנזכה, שתהיה זאת שנת בחירות אחרת, באווירה של הבנת איש את רעהו, שהיא מוסרית יותר מאשר תובנתית, אבל היא התובנה הגדולה של עמנו וארצנו. בלעדיה לא נוכל לחיות יחד, והסכנה תהיה ממשית. חברי הכנסת, המפד""ל לקחה ברצינות את דברי הכיבושין של כולם - שצריך לבלום את ההידרדרות לתהום, לעצור את ההסלמה באלימות - בכנות, אולי בתמימות. לא ביקשנו מאיש לנטוש את עקרונותיו, ואף אנחנו לא ויתרנו על אמונתנו, אבל הצענו להכפיף אותם לעקרונות של הכרעה דמוקרטית, של הסכמה רחבה ושל ריסון התנהגות שאינה נסבלת. גם בדעת הקהל שלנו יש שלא אהבו את הניסיון שלנו למצות בשנה הזאת את המכנה המשותף הניתן בין המחנות, וחברים תובעים לחדד את המחלוקת ולחזור אל המאבק שאיננו רואה יעדים משותפים בחיי העם. אבל אנחנו היינו סבורים, שמשמעות דחייה של הניסיון הזה היא, שאי-אפשר לחיות יחד בהסכמה, גם בנושאים שאין בהם הסכמה. לא ביקשנו לקבל כיסא מכיסאות הממשלה, לא כיבוד מכיבודיה ולא נתחים מהנאותיה. רק הצענו רגיעה ויציבות במאבק הפרלמנטרי בשנה הזאת, תוך הבנה מצד הממשלה שההסכם עם סוריה ייחתם רק לאחר הכרעת העם בבחירות הבאות; שהשלב הבא של ההיערכות ביהודה ושומרון, שהממשלה התחייבה עליו, לא יגובש שלא על דעתנו, ושבירושלים המאוחדת תימשך הבנייה ותימנע פעילות של הרשות הפלשתינית - -

- - שוועדה מיוחדת תגבש את כל הפתרונות למרכיבי ביטחון והתיישבות של כל ההתנחלויות, המתחייבים מהנסיבות החדשות בשטח; וכן שוועדה מיוחדת תעסוק בסטטוס-קוו בענייני דת, למשל בנושא הגיור, במגמה לשמור על אופיה היהודי של המדינה. כפי שנמסר לנו, הרי לשר ביילין, לחבר הכנסת רענן כהן ולראש הממשלה פרס, שדיברו אתנו בנושא, נראו הדברים, אבל מי שמייצג היום בכנסת %10 מהציבור - ועל-פי הסקרים ייצג הרבה פחות מכך לאחר הבחירות, חצי מזה - הטיל וטו.

כמה שיהיה לו. פירוש הדבר, שמיעוט שמאלני ואתאיסטי כפה את עצמו על מפלגת השלטון, ועל גבה של תנועת העבודה מציג את עצמו כאילו הוא מייצג חצי מהעם או את הרוב בכנסת. אני יודע שהגוף הזה מתוקשר היטב, אין לו בעיה לחרוץ לשון, אבל אני אומר בפירוש, שהוא לא הפנים את הלקחים של מה שקרה ואת הקיטוב וסכנותיו. ואני אומר זאת בלשון המעטה, שלא תזכה כמובן לסיקור, רק משום רוח הלקחים שכולנו התיימרנו להפיק אותם. אדוני היושב-ראש, מפלגת העבודה ניצבת על פרשת דרכים, והיא צריכה להחליט האם פניה לבניית גשר עם כל חלקי העם, לרבות אי-חיפזון ואי-חטיפה במהלכים קיומיים, והשארת העיקר להכרעה עדכנית של העם בבחירות, וכן מאמץ להסכמה רחבה יותר. אגב, ראיתי אתמול בתוכנית טלוויזיה את המשורר שחיבר את ""שיר השלום"", והוא אמר: עכשיו חיברתי שיר נוסף שיושר, על ספינת השוטים. הוא אמר: אני בעד השלום, אבל אני נגד זה שלא יתחשבו בחלקים אחרים בעם, והוא ייעשה רק בעשייה של מחנה אחד. אני אומר: צריך מאמץ להסכמה רחבה יותר, ולא להסתפק בלהיות מחנה אחד של מחצית הציבור. כפי שמסתמנים הדברים ברגע הזה, העבודה מחמיצה את השעה לאפשרות של איחוי קרעים בעם, והדברים תלויים בהנהגה שלה. אני אומר זאת, כי ראש הממשלה, מר פרס, נמצא כאן - האם תתעשת ותבין, שהשנה הזו היא שנת המבחן שלכם, להביא שלום בתוך העם ולרפא את הפצע, או שמרצ תקבע מה שיקרה כאן? חברי הכנסת, קווי היסוד של הממשלה הזאת אינם מקובלים עלינו. כבר הבהרנו, ודעתנו לא השתנתה, שבתהליך אוסלו יש הימור מסוכן, וכל הכרוך בו אשר להסדר הקבע, למדינה הפלשתינית, לאמנה הפלשתינית, לזכות השיבה, לגבולות 47', לירושלים וגם לעניין הגולן ממלאים את לבנו חששות וחרדות אשר לעמדת הממשלה, אם היא נשענת על מרצ. אבל ההכרעה האמיתית על לבו של העם תהיה בבחירות שלפנינו. שמעתי אתמול את הנסיכה דיאנה אומרת: אני לא רוצה להיות מלכת הארץ הזאת, אני רוצה להיות מלכת הלבבות של בני העם הזה.

אם מישהו אמר משפט נכון, מדוע לא?

קבל את דבריו של בנו של הרמב""ם, שאמר: קבל האמת ממי שאמרה. כל זה לא כתוב לי; דרך אגב נזכרתי במה שהיה אתמול. מאחר שההכרעה האמיתית על לבו של העם תהיה בבחירות שלפנינו, ומאחר שרצינו באווירה של פיוס, רצינו לתת סיכוי להידברות הזו מעבר לחילוקי הדעות, לא בדרך של הצטרפות לממשלה אלא בהיבט לאומי, חברתי ומדיני אחראי. לגבי המהלכים המדיניים, ראש הממשלה, הממשלה איננה יכולה להתעלם מקיומה של התיישבות שורשית גדולה ביש""ע ובגולן. לא תוכלו להתעלם מהעובדות, ואינכם רשאים גם להתעלם מהבעיות הקשות שבדרך, שהתשובות עליהן אינן פשוטות כל כך. העם ישפוט אתכם בעוד שנה גם לפי התנהגותכם בשנה זאת: האם בשאלות קיומיות הסתפקתם ברוב מצומצם של מחנה אחד, או שניסיתם בכנות לקבל הסכמה רחבה יותר למהלכים. חברי הכנסת, אף שאין קווי היסוד של הממשלה מקובלים עלינו, אף שמגמות הממשלה כפי שהוכיחה מרצ אינן מקובלות עלינו, ושום עלה תאנה לא יכסה על כך - אף-על-פי-כן לא נצביע היום נגד הממשלה, וזאת מסיבה אחת בלבד: כהתרסה, כמחאה, כהתנגדות נחרצת לרצח הנורא שקרה, כדי לומר קבל עם ועולם שאנחנו כולנו מצהירים ומסכימים שלא תוחלף ממשלה בישראל בירי, רק בקלפי, ושערכים של קדושת חיי אדם ושל אחדות עם ישראל לעולם לא יהיו בסתירה לערך של ארץ-ישראל. לכן, כאמור, נימנע היום בהצבעה.",8,
65024,1995-11-22,"דברי הכנסת: הישיבה השלוש-מאות-ושמונים-ושמונה של הכנסת השלוש-עשרה: יום רביעי, כ""ט בחשוון התשנ""ו (22 בנובמבר 1995): ירושלים, הכנסת, שעה 11:04: כינון הממשלה והרכבה","אנחנו ביקשנו להיכנס לממשלה?

עשר דקות כמו של חבר הכנסת פורז.

אדוני היושב-ראש, חברי הכנסת, הממשלה הזאת מוקמת בעקבות הרצח המטורף והמתועב של ראש הממשלה יצחק רבין, זכרו לברכה. מבחינה זאת אנחנו מצויים במשבר עמוק ביותר, ונגזר עלינו לצעוד במסלולים שמעולם לא דרכה בהם רגלנו קודם. האם נחזור ללהט המתלהם שבין שמאל לימין, שהוחרף מאוד, או שנדע ליצור אווירה של פיוס והידברות גם תוך חילוקי דעות? בשלב זה הציפיות מכזיבות, אבל ימים ומנהיגים יגידו אם אומנם בעתיד נדבר ונקשיב, כדי להשתכנע ולשכנע, או נמשיך כל אחד לדבר עם עצמו ואל ציבורו בלבד. חברי הכנסת, ההתמודדות האמיתית על הנושאים המדיניים והביטחוניים הקיומיים שבמחלוקת תיקבע ותוכרע בדרך דמוקרטית בבחירות שיתקיימו בעוד שנה. אז נתמודד, כדי שאמונתנו אשר לשאלות הנוגעות לארץ-ישראל ולביטחונה תזכה לתמיכת הציבור בבחירות. נקווה גם שנזכה, שתהיה זאת שנת בחירות אחרת, באווירה של הבנת איש את רעהו, שהיא מוסרית יותר מאשר תובנתית, אבל היא התובנה הגדולה של עמנו וארצנו. בלעדיה לא נוכל לחיות יחד, והסכנה תהיה ממשית. חברי הכנסת, המפד""ל לקחה ברצינות את דברי הכיבושין של כולם – שצריך לבלום את ההידרדרות לתהום, לעצור את ההסלמה באלימות – בכנות, אולי בתמימות. לא ביקשנו מאיש לנטוש את עקרונותיו, ואף אנחנו לא ויתרנו על אמונתנו, אבל הצענו להכפיף אותם לעקרונות של הכרעה דמוקרטית, של הסכמה רחבה ושל ריסון התנהגות שאינה נסבלת. גם בדעת הקהל שלנו יש שלא אהבו את הניסיון שלנו למצות בשנה הזאת את המכנה המשותף הניתן בין המחנות, וחברים תובעים לחדד את המחלוקת ולחזור אל המאבק שאיננו רואה יעדים משותפים בחיי העם. אבל אנחנו היינו סבורים, שמשמעות דחייה של הניסיון הזה היא, שאי-אפשר לחיות יחד בהסכמה, גם בנושאים שאין בהם הסכמה. לא ביקשנו לקבל כיסא מכיסאות הממשלה, לא כיבוד מכיבודיה ולא נתחים מהנאותיה. רק הצענו רגיעה ויציבות במאבק הפרלמנטרי בשנה הזאת, תוך הבנה מצד הממשלה שההסכם עם סוריה ייחתם רק לאחר הכרעת העם בבחירות הבאות; שהשלב הבא של ההיערכות ביהודה ושומרון, שהממשלה התחייבה עליו, לא יגובש שלא על דעתנו, ושבירושלים המאוחדת תימשך הבנייה ותימנע פעילות של הרשות הפלשתינית – –

– – שוועדה מיוחדת תגבש את כל הפתרונות למרכיבי ביטחון והתיישבות של כל ההתנחלויות, המתחייבים מהנסיבות החדשות בשטח; וכן שוועדה מיוחדת תעסוק בסטטוס-קוו בענייני דת, למשל בנושא הגיור, במגמה לשמור על אופיה היהודי של המדינה. כפי שנמסר לנו, הרי לשר ביילין, לחבר הכנסת רענן כהן ולראש הממשלה פרס, שדיברו אתנו בנושא, נראו הדברים, אבל מי שמייצג היום בכנסת 10% מהציבור – ועל-פי הסקרים ייצג הרבה פחות מכך לאחר הבחירות, חצי מזה – הטיל וטו.

כמה שיהיה לו. פירוש הדבר, שמיעוט שמאלני ואתאיסטי כפה את עצמו על מפלגת השלטון, ועל גבה של תנועת העבודה מציג את עצמו כאילו הוא מייצג חצי מהעם או את הרוב בכנסת. אני יודע שהגוף הזה מתוקשר היטב, אין לו בעיה לחרוץ לשון, אבל אני אומר בפירוש, שהוא לא הפנים את הלקחים של מה שקרה ואת הקיטוב וסכנותיו. ואני אומר זאת בלשון המעטה, שלא תזכה כמובן לסיקור, רק משום רוח הלקחים שכולנו התיימרנו להפיק אותם. אדוני היושב-ראש, מפלגת העבודה ניצבת על פרשת דרכים, והיא צריכה להחליט האם פניה לבניית גשר עם כל חלקי העם, לרבות אי-חיפזון ואי-חטיפה במהלכים קיומיים, והשארת העיקר להכרעה עדכנית של העם בבחירות, וכן מאמץ להסכמה רחבה יותר. אגב, ראיתי אתמול בתוכנית טלוויזיה את המשורר שחיבר את ""שיר השלום"", והוא אמר: עכשיו חיברתי שיר נוסף שיושר, על ספינת השוטים. הוא אמר: אני בעד השלום, אבל אני נגד זה שלא יתחשבו בחלקים אחרים בעם, והוא ייעשה רק בעשייה של מחנה אחד. אני אומר: צריך מאמץ להסכמה רחבה יותר, ולא להסתפק בלהיות מחנה אחד של מחצית הציבור. כפי שמסתמנים הדברים ברגע הזה, העבודה מחמיצה את השעה לאפשרות של איחוי קרעים בעם, והדברים תלויים בהנהגה שלה. אני אומר זאת, כי ראש הממשלה, מר פרס, נמצא כאן – האם תתעשת ותבין, שהשנה הזו היא שנת המבחן שלכם, להביא שלום בתוך העם ולרפא את הפצע, או שמרצ תקבע מה שיקרה כאן? חברי הכנסת, קווי היסוד של הממשלה הזאת אינם מקובלים עלינו. כבר הבהרנו, ודעתנו לא השתנתה, שבתהליך אוסלו יש הימור מסוכן, וכל הכרוך בו אשר להסדר הקבע, למדינה הפלשתינית, לאמנה הפלשתינית, לזכות השיבה, לגבולות 47', לירושלים וגם לעניין הגולן ממלאים את לבנו חששות וחרדות אשר לעמדת הממשלה, אם היא נשענת על מרצ. אבל ההכרעה האמיתית על לבו של העם תהיה בבחירות שלפנינו. שמעתי אתמול את הנסיכה דיאנה אומרת: אני לא רוצה להיות מלכת הארץ הזאת, אני רוצה להיות מלכת הלבבות של בני העם הזה.

אם מישהו אמר משפט נכון, מדוע לא?

קבל את דבריו של בנו של הרמב""ם, שאמר: קבל האמת ממי שאמרה. כל זה לא כתוב לי; דרך אגב נזכרתי במה שהיה אתמול. מאחר שההכרעה האמיתית על לבו של העם תהיה בבחירות שלפנינו, ומאחר שרצינו באווירה של פיוס, רצינו לתת סיכוי להידברות הזו מעבר לחילוקי הדעות, לא בדרך של הצטרפות לממשלה אלא בהיבט לאומי, חברתי ומדיני אחראי. לגבי המהלכים המדיניים, ראש הממשלה, הממשלה איננה יכולה להתעלם מקיומה של התיישבות שורשית גדולה ביש""ע ובגולן. לא תוכלו להתעלם מהעובדות, ואינכם רשאים גם להתעלם מהבעיות הקשות שבדרך, שהתשובות עליהן אינן פשוטות כל כך. העם ישפוט אתכם בעוד שנה גם לפי התנהגותכם בשנה זאת: האם בשאלות קיומיות הסתפקתם ברוב מצומצם של מחנה אחד, או שניסיתם בכנות לקבל הסכמה רחבה יותר למהלכים. חברי הכנסת, אף שאין קווי היסוד של הממשלה מקובלים עלינו, אף שמגמות הממשלה כפי שהוכיחה מרצ אינן מקובלות עלינו, ושום עלה תאנה לא יכסה על כך – אף-על-פי-כן לא נצביע היום נגד הממשלה, וזאת מסיבה אחת בלבד: כהתרסה, כמחאה, כהתנגדות נחרצת לרצח הנורא שקרה, כדי לומר קבל עם ועולם שאנחנו כולנו מצהירים ומסכימים שלא תוחלף ממשלה בישראל בירי, רק בקלפי, ושערכים של קדושת חיי אדם ושל אחדות עם ישראל לעולם לא יהיו בסתירה לערך של ארץ-ישראל. לכן, כאמור, נימנע היום בהצבעה.",8,
65986,1995-12-06,הצעות לסדר-היום חטיפת שני שוטרי משמר הגבול בג'נין בעקבות האירועים בקבטיה,"לא, לא מתוך הנימוס. האם יודעים מתי הוא מגיע?

אין בעיה. אני רק עומד להעיר כמה הערות ורציתי שסגן שר הביטחון ישמע אותן ויתייחס אליהן, לא בתור נימוס, אלא ממש לגופו של עניין.

לא, אני לא עושה זאת כמחאה.

כן, נחכה דקה, ואם הוא לא יגיע, אני אתחיל.

רק אם הוא כאן בבניין. אם איננו כאן, אני אתחיל, אין לי בעיה.

אני מודה לך מאוד. אני באמת שמח שאתה היושב-ראש.

לא, דחו את זה, שינו את הסדר.

אדוני היושב-ראש, חברי הכנסת, עד עכשיו לא ניתנה לי הזדמנות לברך את חבר הכנסת אורי אור, סגן שר הביטחון, מדוכן הכנסת על מינויו; היתה לי הזדמנות לעשות זאת בוועדת החוץ והביטחון, אבל לא במליאה. אני בטוח, שהניסיון הרב שלו, גם כאלוף וגם כיושב-ראש ועדת החוץ והביטחון, יסייע לו בתפקיד, לטובת כולנו, כל עם ישראל. בהצלחה. מה שקרה בג'נין ובקבטיה ומה שקרה הלילה בשכם - אני לא יודע באיזו שעה קרו הדברים - מדליק בוודאי נורות אדומות לגבי התחלת התהליך, לגבי מה שקורה ביהודה ושומרון עם הנסיגה שלנו מהערים. אני לא יודע לצטט במדויק, אבל נדמה לי שסגן שר הביטחון, חבר הכנסת אורי אור, אמר משהו בדומה לזה, שאם דברים כאלה יישנו, לא תהיה לנו ברירה אלא לחזור לערים האלה. על כך אני רוצה לומר שני דברים. ראשית, אזור יהודה ושומרון, שלא כמו עזה, צמוד מאוד לקו התפר לאורך קילומטרים רבים, והעירוב של האזרחים פה ושם וחיילים ואנשים מכל העמים הוא מאוד קשה וחזק. לכן הסכנה ביישובים שנמצאים בקו התפר גדולה מאוד לגבי ביטחונה של מדינת ישראל. לכן חשוב מאוד וחיוני מאוד, שהממשלה תאמר לכנסת ולציבור מה היא מתכננת עם היציאה מהערים, כדי להבטיח את ביטחון היישובים שלנו וכדי שלא יישנו מקרים מאותו סוג שקרה כאן. נקודה מספר שתיים - מה שקרה כאן הוא בושה עצומה. היה מבוקש, אנחנו עדיין במקומות האלה, והם ממלטים את המבוקש באיזה תכסיס, ומי עושה את הדבר הזה? ""ניצי הפתח"", שזה, בעצם, חלק מה""פתח"" שהוא אתנו בהסכם. אני אומר, שה""פתח"", או אש""ף לא ימנע פעולות טרור אם הוא לא ידע שהוא חייב לשלם מחיר עבור זה. אם אש""ף בטוח שמדינת ישראל חסרת אונים והיא אומרת: אני דוגמטית, צמודה למה שאני התחייבתי, אבל אתה לא צמוד למה שאתה התחייבת, יש סכנה גדולה מאוד ממה שיקרה בהמשך התהליך מבחינת הטרור שבו, מבחינת ההתנפלות עלינו. אני אומר, שהעניין הזה של הענישה על מה שקרה, התגובה, חשוב מאוד, כלומר, חשוב מאוד שהממשלה תאמר באופן חד-משמעי לכנסת, לציבור, לאש""ף: אנחנו כן אומרים לכם - לא מסיבות של ניצול המצב כדי להפר את ההסכם, או כאילו האופוזיציה תמיד אומרת שיש לעצור את התהליך. אני אומר, שמבחינתכם אתם צריכים להבטיח את הביטחון. אתם, כלומר ממשלתנו צריכה לומר לאש""ף, שאם הדברים האלה יימשכו, או אם יקרה דבר כזה - אתם תשלמו את המחיר, היינו, גם בנושא המדיני; לא יכול להיות שרק בנושא הצבאי - גם בנושא הצבאי וגם בנושא המדיני. לכן יש חשיבות גדולה מאוד שהכנסת תדון בנושא וסגן שר הביטחון יאמר לנו בשם הממשלה מה קרה, מה התגובה, איך אתם מתכוננים ואיך אתם, על בסיס מקומי, אזורי, ארצי, מבטיחים שדבר זה לא יקרה עוד - גם דרך החיוב של אש""ף להתמודד עם זה עד כמה שהוא מסוגל, אבל לפחות שיהיה מוכן, יתאמץ ונכון לעשות זאת, וגם מבחינת צה""ל - מה אתם מוכנים לעשות כדי שדברים כאלה לא יישנו, גם לגבי העבר וגם לגבי העתיד. תודה.",8,
66536,1995-12-13,הצעה לסדר-היום: פציעת אב ובתו במארב מחבלים ליד גוש-עציון,"אדוני היושב-ראש, חברי הכנסת, במוצאי שבת נפגעו ליד נווה-דניאל שבגוש-עציון יונתן מושיץ, תושב אפרת, ובתו ליאור. הפיגוע החמור של ירי לשם רצח על מכונית נוסעת בדרך מירושלים לאפרת מצטרף לשורה של פיגועים שהסלימו והלכו בתקופה האחרונה. אם עד כה היה ניתן לצפות לתגובה מהירה ויעילה של צה""ל, אשר יתחקה אחר עקבות מבצעי הפיגועים ויניח עליהם את ידו, הרי לאחר יציאת צה""ל מבית-לחם, מרמאללה, מג'נין, משכם, מקלקיליה ומטול-כרם והוצאת מערכות השב""כ והמודיעין מערים אלה, יהפכו ערים אלה לערי מקלט ומסתור למחבלים, והן עלולות לעודד בכך את המשך הטרור ואפילו את הגברתו. חברי הכנסת, הכול יודעים, כי בבית-לחם, ברמאללה, בשכם ובג'נין מצויים גרעינים קשים של אנשי ה""חמאס"" ו""הג'יהאד ה""אסלאמי"", המתכננים פיגועים קשים הן כנגד ציבור המתיישבים ביהודה ובשומרון והן כנגד האוכלוסייה היהודית בכל רחבי הארץ, ובעיקר בערי תפר כירושלים, כפר-סבא ועפולה. אדוני היושב-ראש, הרשות הפלשתינית איננה מסוגלת - אינני יודע כמה היא רוצה - להתמודד עם קבוצות טרור אלו, שזוכות לאהדה בקרב חלק ניכר מן האוכלוסייה בערים אלו, ועל-פי הניסיון עד כה, היא מסתפקת במשפטי דמה ובעונשים סמליים שמבוטלים תוך זמן קצר. גם אם לא יסלים הטרור בימים אלה, שבהם מקבלים הפלשתינים את מבוקשם, הרי ברגע שייקלע המשא-ומתן לקשיים בשאלות כמו ירושלים, שחרור מחבלים שופכי דמים או זכות השיבה הפלשתינית, עלול הטרור לגאות שוב, כשידינו יהיו אסורות בכבלי הסכם אוסלו. אפילו גדרות ההפרדה ושאר אמצעי הבקרה, שעומדים איכשהו בחבל עזה, לא יעמדו לרשותנו ולא יעמדו במשימה הנדרשת ביהודה ושומרון, כיוון ששם העניין מורכב הרבה יותר. כולם יודעים זאת. הצבא שלנו, צה""ל, נקלע לכן למשימה שנראית כמעט בלתי אפשרית בתנאים מסוימים. הוא נדרש להכין תוכניות של הגנה וביטחון, הכפופות להחלטות מדיניות, שעל פניהן נראה שאינן נותנות מספיק יכולת להגנה ולביטחון שנדרשים. חברי הכנסת, אין לנו ספק שצה""ל עשה, עושה ויעשה את כל מה שהוא יכול, והוא יכול לעשות הרבה, כדי לשפר ולחזק את הביטחון של ההתיישבות ושל קו התפר לאורך כל הדרך. אבל אני פונה לממשלה להבהיר לעם איך היא מתכוונת להתמודד עם הסכנה העלולה לרחף על ראשינו כמו במקרה הזה של מושיץ, ואולי גם צורת היציאה שלנו משכם יכולה להיות איזה רמז לקראת הבאות. חברי הכנסת, אני רוצה לסכם: 1. הממשלה התחייבה שלא יפונו הערים לפני סיום סלילת הכבישים העוקפים. על הממשלה לחזור ולהודיע שאכן כך היא פועלת. 2. כדי שכושר ההרתעה שלנו לא ייפגע, חייבים לדרוש, לפי הסכם אוסלו, הסגרה של מחבלים, ולא, יהפכו כל ערי הגדה לערי מקלט. 3. על-פי דוחות שקיבלתי ממועצת יש""ע, יש עלייה במספר זריקות האבנים ובקבוקי התבערה וגם בתקריות בנשק בזמן האחרון, ואחת מהן עולה כאן לסדר-היום. 4. הניסיון בקבטיה מלמד, שאין אפשרות לקיים מרדפים ומעצרים גם בשטח ולמעשה השטחים הצהובים הם ""חום בהיר"", ותוך זמן קצר עלולים להיות גם ""חום"" ממש. 5. ""ייבוש"" היישובים על-ידי הממשלה עלול, חס ושלום, ליצור רושם שהממשלה איננה דואגת ליישובים האלה, ודבר זה עלול - אני אומר זאת בזהירות גדולה - ליצור אצל מישהו תמריץ כדי לפגע, וצריך להיזהר מכך. צריך להראות חד-משמעית, שכוונת הממשלה לעמוד לימין היישובים, גם בבנייתם, גם ביישובם וגם בביטחונם. למשל, אפילו מקום כמו גוש-עציון, שנכלל בקונסנסוס רחב מאוד, נמשכת בו הקפאת הבנייה הפרטית, כך שזה לא קשור לתקציב או לסדר עדיפויות. וכך גם אולי לגבי תחנת מגן-דוד-אדום או מוקד וצוות חירום בקריית-ארבע שלא ניתנים להם, וזה ממש מסכן את הבריאות. אני פונה לממשלה, בעקבות האירוע של מושיץ יונתן, להבטיח את הביטחון ביש""ע, בקו התפר ובמדינת ישראל בכללה, ואני מאחל מכאן בריאות שלמה לליאור וליונתן מושיץ.",10,
68889,1996-01-16,"הצעת חוק יישום הסכם הביניים בדבר הגדה המערבית ורצועת עזה (סמכויות שיפוט: והוראות אחרות) (תיקוני חקיקה), התשנ""ו–1996: (קריאה שנייה וקריאה שלישית)","אדוני היושב-ראש, חבר הכנסת - ב""חברי הכנסת"" אני פונה גם אל עצמי. קודם כול, ירושלים היא בראש דאגתנו. בקרוב יהפכו אותה הפלשתינים לנושא המרכזי. הממשלה אומרת לעם, שירושלים איננה נתונה למשא-ומתן, והיא מצהירה על עיר המאוחדת לנצח. אבל בלי משים מתבצעת חלוקת העיר, ומזרח-ירושלים הופכת בפועל לבירת מדינת ערפאת. המוסדות הפלשתיניים ממשיכים לפעול, והממשלה מעלימה עין; בתי-הספר מפוקחים על-ידי הרשות הפלשתינית, בהסכמה שבשתיקה; הבחירות לרשות מתקיימות בתוככי ירושלים, אם כי הקלפיות מתחפשות לתיבות דואר; הרשות רוכשת בתים ונכסים בעיר ומפעילה חקירות שב""כיות ומשטרתיות, ובעצם קיימת בירושלים עיריית צללים חלופית. אין אם כן ערך של קיימא בהצהרות לעצמנו. עלינו לומר לאש""ף, שירושלים איננה ניתנת למיקוח, שלא נדון עליה אתם. יאמר ראש הממשלה לכנסת: אני אפנה לערפאת ואומר לו, שעם ישראל מאוחד בעניין ירושלים, והיא לא תעלה על שולחן הדיונים ועל שולחן הניתוחים. אסור להגיע למצב שבו ניסוג ממחוזות ארצנו שמסומנים B ,A ו-C, שדינם נגזר באוסלו א', ב' וג', ואז ייאמר לנו, שבגלל חלק מירושלים ניכנס למלחמה. אם לא נעצור עכשיו, נהיה אחראים לסכנה שנאבד את ירושלים. הרבה התחייבויות שהתחייבנו פנימה, לעם שלנו, ירדו מהפרק, וזה עלול לעלות גם בגורל ירושלים. לכן, בואו נשים עכשיו מנעול על שערי ירושלים. אם מתכוונת הממשלה באמת שלא לוותר על נצח ירושלים כבירה בלעדית של ישראל, תיזום חקיקה משותפת עם האופוזיציה, שבה יובהר שיש קווים אדומים שאותם אנחנו לא עוברים בתהליך המדיני הזה. כלומר, חוק שקובע כי ירושלים איננה ניתנת למיקוח. היא לב העניין. והנה יש לממשלה הזדמנות ליצור הסכמה מלאה בנושא המרכזי הזה. אדוני היושב-ראש, אף שהגולן אינו מעניינו של החוק המוצע, יש לו קשר למהות העניין. המשא-והמתן עם הסורים בנוי על הנחה ברורה, אחת בלבד, של נסיגתנו מכל הגולן ועקירת כל יישובינו משם וגירוש כל מתיישבינו מהגולן. המיקוח עכשיו הוא על התמורה למחיר הזה: מה תהיה הנורמליזציה, מה יהיו הסדרי הכלכלה, מה יהיו הסדרי הביטחון. כאשר תבוא הממשלה הזאת על סיפוקה בשאלות האלו, בפשרה מסוימת, היא תהיה מוכנה בתמורה לעזוב את הגולן לריבונות ולשליטה הסורית כשהוא ""נקי"" מיהודים. על כך אנחנו מתריעים ותובעים שלא להתקדם במשא-ומתן הזה, אלא להמתין להכרעת העם בבחירות הקרובות. כדאי בהזדמנות הזאת להזכיר לכנסת, שערפאת משתהה בביטול סעיפי השמדת ישראל באמנה הפלשתינית, מפני שלטענתו הוא מתקשה לגייס שני שלישים מהמועצה הלאומית הפלשתינית לתמוך במחיקת הסעיפים הרצחניים. מדוע זה לגיטימי שהם יזדקקו לשני שלישים בהכרעה יסודית שלהם? מדוע זה לגיטימי שארצות-הברית הגדולה תצטרך לשני שלישים מבתי-הנבחרים שלה לאישור אמנות בין-לאומיות, אבל כשאנחנו דורשים שגורל הגולן ייחרץ ברוב של שני שלישים, יש בכך חילול הקודש של התהליך המדיני החפוז? והרי ברור, שאם לאסד לא אצה הדרך, והיא לא אצה לו, ולנו היא אצה, ידנו תהיה על התחתונה. הממשלה מאמינה שהסדר עם הסורים תורם לביטחוננו. לגיטימי שהיא תאמין בזה. אבל האם היא בטוחה בכך? ומדוע אין זה לגיטימי לדרוש שבהכרעה קיומית כל כך יהיו שותפים לשיקול שני שלישים של העם, או של נבחריו? חברי הכנסת, הכנסת אישרה את ההסכם עם ירדן כמעט פה אחד. בין היתר - לא רק, אבל בין היתר מפני שהמלך הרשים את העם ואת נבחריו שהוא באמת רוצה בשכנות טובה אתנו. לא כך אנחנו מרגישים עם אש""ף, עם הרשות הפלשתינית, והממשלה יודעת זאת. בכרוזי הבחירות מופיעים ערפאת וה""כוורת"" שלו תחת סמל של רובים ורימוני יד. יחיא עיאש, ודאי כבר נאמר בדיון הזה, האחראי לרצח עשרות ילדים, נשים וגברים ישראלים אחרי הסכם אוסלו, הוא קדוש בעיניו, והוא משתתף בעצרות לזכרו. ערפאת לא מפסיק להכריז על ג'יהאד והמשך טרור ואינתיפאדה אם לא תינתן לו ירושלים. ותאמינו לו. ושר המשפטים שלו משווה בינינו, קורבנות הנאצים, לבין הנאצים, ואיננו מתנצל על כך. לחרפתנו, אנחנו בולעים את הנאצה. שר הדתות שלו מכריז, שאין ולא תהיה ליהודים זכות להתפלל במערת-המכפלה, בקבר רחל ובקבר יוסף, מפני שאסור ללא-מאמינים להתפלל במקום תפילה השייך למוסלמים. והתגובות שלנו רפות. וזה איננו הכול. אדוני היושב-ראש, אנחנו משחררים את רוצחי הסייענים וקובעים בכך, שדמם פחות אדום או כחול מדמנו. אבל עיתונאי ישראלי אחד שמצוי בעניינים כותב ביד לא רועדת - כך הוא כותב אתמול ב""הארץ"": במוקדם או במאוחר ישוחררו כל הרוצחים, גם אלו של יהודים, כי כך נקבע בהסכם. על דברים אלה הוא מוסיף הצדקה: למניעת שחרורם של ערבים שופכי דם יהודי אין שום אחיזה בחוק, והבסיס המוסרי של העיקרון הזה מפוקפק, הוא אומר. והוא תובע: מדוע לעכב את שחרורם של רוצחי יהודים? והוא משיב: הסיבה היחידה של הממשלה - החשש שלה מתגובה כועסת של דעת הקהל בארץ ומזעזוע של משפחות חללי הטרור. והוא מגלה: עד מתי? עד הבחירות. הוא מסביר: הממשלה מעדיפה את שיקול הבחירות על שיקול השלום. חברי הכנסת, שחרור אסירים עם דם על ידיהם פוגע באושיות הצדק והמשפט ומנתץ לרסיסים את ההרתעה של הלוחמה בטרור. ובכלל, שחרור אסירים בלי להסגיר את הרוצחים הנמלטים ובלי דרישה בלתי מתפשרת להחזרתם של נעדרינו הוא מעשה שמנוגד למוסר ופוגע בביטחוננו בטווח מיידי ובטווח ארוך. הממשלה פנתה, על-פי הסכמי אוסלו, לרשות הפלשתינית להסגיר לידינו כ-50 מבוקשים, רוצחים ומפגעי טרור, ביניהם רוצחי אוהד בכרך ואורי שחור, השם ייקום דמם, וכן רוצחי עפרה פליקס, השם ייקום דמה, ועוד. כולנו יודעים שהרוצחים האלה מסתובבים חופשי בערי המקלט עזה ויריחו. הרשות הפלשתינית מתעלמת מתביעתנו, מקיימת משפטי סרק ומבצעת מעצרי דמה. כשאנחנו איננו מגיבים בעצירת התהליך עד תיקון ההפרות ובאי-שחרור אסירים אצלנו, בעצם אנחנו מוותרים על ההסגרה ומבליגים על ההפרות. אבל לא רק זה - בהעלמת העין הזאת ישראל משדרת את הכניעה שלה לטרור מול הרשות, שמשדרת מצדה שהיא תומכת בטרור במתן מקלט וחסות לרוצחים נמלטים. אדוני היושב-ראש, הפיגועים החבלניים לא נפסקו. בשבועות אלו הם התבצעו בנווה-דניאל, בכוכב-יאיר, ברצועת-עזה, ורק הלילה בבית-לחם, ליד קבר רחל, ליד מסוף רפיח וליד כפר-דרום. לא אכפת לרשות שיהיו פיגועים נגדנו, ובלבד שלא יאשימו אותה בכך. היא איננה מטפלת בתשתית החבלנית של ה""חמאס"" ברצועה, וזו ממשיכה להיבנות ולהכין פיגועי רצח. הרשות מטפלת רק במה שמביך אותה, לא במה שהורג אותנו. הם משמרים את ה""חמאס"" כנשק שלהם כדי להכניע אותנו בטרור בדרישתם בהסדרי הקבע ובירושלים.

בוודאי, היושב-ראש צודק. אני רק מוסיף על כך. אנחנו יודעים זאת ושותקים, מפני שאנחנו בריצת אמוק בתהליך עד סכנה של התרסקות. זה סוג הסכם שלא היינו מסכימים לעשותו לא עם המצרים ולא עם הירדנים. זה סוג הסכם עם ארגון טרור שזו השיטה שלו. בהחלטת הממשלה להימנע תמיד מלעשות שימוש בתהליך המדיני כאמצעי להפסקת פיגועי הטרור קובעת הממשלה, כי מעבר לערך הביטחון המיידי עומד לפניה ערך עליון אחר: התהליך המדיני עם אש""ף. איננו מערערים על מניעיה של הממשלה, שנובעים מרצון להביא את העם אל המנוחה והנחלה תוך חתירה לשלום בין ישראל לבין שכניה, אבל אנחנו מבקרים אותה וחולקים על המדיניות, על השותפים, על ההסדרים ועל ביצועם, שפוגעים, לדעתנו, באושיות ובבסיסים של זכותנו לשבת ברחבי ארץ-ישראל ושל ביטחוננו מול טרור ומול מלחמה אם וכאשר תפרוץ. חברי הכנסת, כשאנחנו מבקרים את החוק המוצע, אנחנו מצביעים על הטעויות שבהסכם ומכוונים להסדרים מדיניים וביטחוניים טובים יותר. הטיעון של הממשלה על העדר אלטרנטיבה הוא כוזב. לא היינו צריכים לחשק את עצמנו במלחמתנו בטרור ולקשור את עתידנו עם זה של ערפאת תוך העלמת עין ממדיניותו, מהלכיו ומחדליו. לדידנו, היה ניתן לבנות מדיניות שמבוססת על זכותנו על ארץ-ישראל, על התיישבות בה עם הבטחת ביטחוננו. אבל גם לדידה של הממשלה, אלטרנטיבות הפעולה שלה מתמעטות ככל שהיא צועדת במשעול הצר שלה. לפנינו עדיין הסכם הקבע, ירושלים, זכות השיבה, ועל מצפוננו ועל אחריותנו היהודית והציונית יישובינו ביהודה, שומרון ועזה. אדוני היושב-ראש, שלום שמותנה בעקירת יישובים ובגירוש יהודים איננו שלום אמת. 150,000 החלוצים שיושבים בקו הראשון ראויים כבר עכשיו לדעת, שעל כך מאוחדות הממשלה והאופוזיציה, שבכל הסדר שיהיה לא יהיו יהודה, שומרון ועזה נקיים מיהודים שיחיו בביטחון, ברווחה ובריבונות ישראלית. גם זה מבחן לנכונותה של הממשלה להידברות אמיתית, לאיזה פיוס בעם. אני קורא לממשלה להחיל את הריבונות הישראלית על היישובים ולצרף אותם ברצף שיש בו כדי להעניק להם ביטחון וקיום בכבוד. אדוני היושב-ראש, ביום ראשון הבא יהיה מצב חדש. אחרי הבחירות יאיצו הפלשתינים את הציפיות למדינה פלשתינית שבירתה ירושלים. ביום ראשון הבא נתעורר למציאות חדשה ולא ודאית לגבי האירועים בשנה הקרובה, כפי שאמר לממשלה השבוע ראש השב""כ היוצא, אירועים שהבאנו על עצמנו ומחייבים עכשיו הבהרה של העמדות, הכרעה של העם והידברות בבית כדי להתמודד אתם כמו שצריך.",10,
70284,1996-02-06,הצעות לסדר-היום מעצר אזרח ישראלי בידי שוטרים פלשתינים ורציחת חייל בג'נין,"אדוני היושב-ראש, חברי הכנסת, יש איזה קשר של השלמה, כמעט של השתקה, עם הנכונות לספוג המשך של ניסיונות להפר את ההסכם בין הממשלה, המדינה, לבין הפלשתינים. אתמול נדקר בעפולה רס""ר אלי אזולאי על-ידי צעיר פלשתיני מאזור ג'נין, בסכין מושחזת באורך 20 ס""מ. אומרים שהוא פצוע קל עד בינוני. אבל הוא בוודאי נאבק אם לא על חייו, על אי-נכותו. אלולא הזדמן לשם רב-סמל מאיר כהן מהמשטרה, אולי כבר לא היה בין החיים, מפני שההוא היה מספיק לדקור עוד כמה דקירות. נאחל לו קודם כול בריאות טובה.

הדוקר אמר, שהוא התעודד מהרצח שהיה בשבוע שעבר, שהוא העילה של ההצעה לסדר-היום כאן, של סמל ראשון אהוד טל, זיכרונו לברכה, במחנה שבעמק-דותן, והוא רצה להמשיך בשרשרת הרציחות. לכן העלינו בשבוע שעבר את הנושא - וכפי שהיושב-ראש אמר, זה נדחה מסיבות כאלה או אחרות לשבוע הזה - הנורא מכול: בשבוע שעבר נרצח חייל בתוך בסיס צה""ל, סמל ראשון אהוד טל, זיכרונו לברכה. המחבל עבר את המכשיר לזיהוי מתכות עם שתי סכינים, שבהן רצח את קורבנו. חמור גם המקרה השני. סגן-אלוף במילואים נעצר על-ידי שוטרים פלשתינים ברמאללה, לקחו את נשקו ופתחו בזה תקדים של מעצר של המתנחל הראשון שנעצר על-ידי המשטרה הפלשתינית, והפירו בכך את ההסכם שלפיו רשאי אזרח ישראלי להסתובב בכל מקום עם נשקו שברשיון. היה צורך בהתערבות של קציני צה""ל כדי לשחרר אותו ממעצר שבוצע בניגוד להסכם ותוך הפרה בוטה שלו. שוטרי רמאללה הפלשתינים המשיכו באותו יום במרץ בפעולות שלהם ועיכבו שלושה חיילי צה""ל בניגוד להוראות שמתירות מעבר חיילים ללא בדיקה, ללא עיכוב או מעצר. חברי הכנסת, ישראלי רשאי על-פי ההסכמים להיכנס לכל מקום בשטחי B ,A ו-ללא הבדלי צבע - חום, צהוב ולבן. אין סמכות לפלשתינים לעצור אותו. זאת אומרת, היתה כאן הפרה של ההסכם. בכלל, מאז ההסכמים אין מנוח ליישובים בקווי התפר, והביטחון של היישובים והאזרחים מעורער, לפי ההרגשה שלהם וגם בפועל; פגשנו לא מזמן את נציגי היישובים בקו התפר. מה שקורה, אם לא יטופל בהחלטיות, ילמד את הפלשתינים שמותר להם לחרוג ולהרוג. הפרצות שנפתחו ינוצלו על-ידם כדי לקבוע עובדות שישנו את מהות ההסכם. יש אצלנו נטייה לשכוח ולסלוח. הדבר מסוכן והרה-אסון. קראתי בעיתון שהרמטכ""ל אמר בוועדת החוץ והביטחון של הכנסת - זה היה בעיתון - שהוא מודאג ממספר הפיגועים שמבצע ה""חמאס"" מאז ההסכם. אפילו השר לביטחון פנים אמר לאחר המקרים האלה, שלא נשלים עם מצב שבו חייהם של ישראלים בסכנה. אבל אמירה לחוד ומעשה לחוד. הפלשתינים לומדים אותנו. הם בוחנים את הרגישות שלנו למילוי סעיפי ההסכם. הם יוצרים מקרי מבחן בנושאים של ביטחון, של סמכות, של אחריות. אם לא תהיה, ואני מנחש שלא תהיה, תגובה ישראלית אפקטיבית, הם ימשיכו וייצרו מצבים עובדתיים חדשים. הם ינצלו את השתיקה שלנו כנכונות לקבל את הקביעות שלהם. לכן, הכנסת חייבת לדון בהסלמה של המצב, בהידרדרות בהרגשת הביטחון של אזרחינו ובהפרות החמורות של ההסכמים בינינו לבין הפלשתינים. אני מודה לך, אדוני היושב-ראש.",1,
71528,1996-02-26,הודעת הממשלה בענייני מדיניות וביטחון,"אדוני היושב-ראש, חברי הכנסת, הכאב והיגון על ההרוגים ועל הפצועים שלנו עמוקים ומשותפים לכולנו, אנחנו אבלים עם המשפחות ומתפללים על הפצועים. כשרצף הפיגועים הוא כמו אצל איוב, עוד זה מדבר וזה בא - אין זו העת לנגח. אבל אסור לנו לטמון ראשינו בחול כאילו כלום לא קרה או כאילו זו מכת טבע וגורל שלא ניתנת לשינוי. הארץ כולה סוערת, דוויה, כואבת, ואי-אפשר עוד להחשות. אנחנו קוראים לממשלה להתבונן ביושר ולפעול כפי שצריך. אז היא תאחד ותלכד את העם ותמלא את אחריותה לביטחונו, ואל תסתפק באמירות סרק שאין להן כיסוי, ואל נפטיר כדאשתקד כדי שלא נישא באחריות למה שעלול עוד לקרות לנו. תפסיק הממשלה לומר, שכל תגובה תקיפה שלנו, שתובעת מהרשות הפלשתינית למלא את חובתה, היא פרס ל""חמאס""; להיפך. המשך הצלחת הטרור הוא הפרס ל""חמאס"". הטרוריסטים הם לא אויבי השלום, הם אויבי ישראל, ואוי לנו אם נימנע מתגובה הולמת ויעילה על אסון נורא שכזה. פשוט נאמת שאנחנו משלימים עם כך, חס ושלום, מחולשה. הממשלה יודעת, שרק תגובה תקיפה שלה מול הרשות, שמהשטחים שברשותה עכשיו יוצאים המתאבדים - ויתירה מזו, שם מכינים בלי הפרעה את התוכניות, שם מכינים את חומרי החבלה - רק כך תומרץ הרשות למלא את חובתה, רק כך יומרץ ערפאת לקיים את התחייבותו למגר את הטרור. חברי הכנסת, אנחנו יצאנו מהערים ואין לנו עוד את תשתית המודיעין וכוח הסיכול וההתרעה וההרתעה. ושם בלי מפריע מטיף ה""חמאס"" לחיסול ישראל, וערפאת אינו עושה דבר כדי לבלום את התעמולה ואת האינתיפאדה בדרכים ואת תשתית הטרור. להשעות את השיחות עד לאחר ההלוויות, לעשות סגר זמני - זה רק מצחיק את הפלשתינים. הסיפוח הזוחל שלהם רץ, ואנחנו, כדי להימנע מעימות, מתקפלים. בלי קשר לוויכוח אם הסכם אוסלו טוב או רע, בלי קשר לנצים ויונים או ימין ושמאל, כולנו צריכים להיות מאוחדים בדעה, שאין המשך לתהליכים קודם הבחירות, שבהן יכריע העם במה הוא מאמין באמת ורוצה. אבל גם לשיטתה של הממשלה - כל עוד לא שונתה, כמובטח, האמנה הפלשתינית, שנותנת תוקף לאידיאולוגיה של השמדת ישראל כיעד פלשתיני, וכל עוד לא הוכיח ערפאת שהוא מתכוון לחיות אתנו בשלום - כלומר, להילחם מלחמת חורמה בטרור, על כל גורמיו ומרכיביו - גם לשיטתה של הממשלה, איזה שיגעון יהיה לדבוק דוגמטית בתאריך של היציאה מחברון, העיר מלאת ה""חמאס"". יהיה בכך חוסר אחריות להוסיף את חברון כבסיס טרור נוסף בלי שערפאת מוכיח באמת שהוא לוחם, לוחם, לוחם בטרור. אדוני היושב-ראש, הסגר הוא תקופה של אשליה. אין סגר אמיתי ביהודה ושומרון, זו זריית חול בעיניים. העדר כושר ההרתעה והסיכול והמודיעין הוא מחלה קשה שמזמינה טרור. כל עוד ערפאת משחק משחק כפול בינינו לבין ה""חמאס"", כל עוד נוח לו שיש ברקע ""חמאס"" עם פוטנציאל פיגוע ואיום כלפינו, כל עוד אין ערפאת מוכיח בעליל שהוא מתכוון לשלום ומסוגל למלחמה בטרור - אל נתמסר חד-צדדית. חברי הכנסת, קודם אוסלו היו פיגועים גם כן, נכון. אבל איך אמר אתמול עמוס עוז, בייאוש, בטענה ובהתרסה? הוא אמר: הרי כבר איננו שולטים על כל הפלשתינים, והם ממשיכים להרוג בנו. חתמנו אתם הסכם. אנחנו לא שולטים בהם, והם כן הורגים בנו. אם הם לא יכולים, הוא אומר, לספק את מה שהתחייבו, להסכם אין ערך והוא לא יחזיק. הקול הזה, אומר עוז, צריך לצאת דווקא ממחנה היונים. חברי הכנסת, אם ההסכם שכרתנו לא קוצץ את הטרור, הרי ההסכם עצמו הוא רע ומסוכן ויסכן יותר לעתיד לבוא. הרשות הפלשתינית נתנה לגיטימציה למאורות המפלצת, שפועלות בגלוי. יש קו מחבר בין האוטובוס בקו 5 - בקלקיליה, בחסות הרשות - לבין האוטובוס בקו 18 בירושלים. דבר זה מוכרח להיפסק. סביב דבר זה צריך ליצור קונסנסוס. לא מפני שאנחנו מתנגדים להסכם אוסלו. אנחנו תובעים הקפאת התהליך עד שהפרטנרים ישכנעו את ציבור נוסעי האוטובוסים שלנו, שהם כל ישראל, שהעולה על קו 18, קו ח""י, לא יורד ממנו מת. מפני שהממשלה בעד הסכם אוסלו, כפי שהיא ציפתה שהוא יהיה, עליה להקפיא את התהליך עד שערפאת יעמוד בהתחייבותו. האופוזיציה והממשלה כאחת, באורח אחראי, יקפיאו את התהליך, מפני שתהליך כזה לא יביא שלום. תהיה זו אמנה כלל-ישראלית על מהות, על תוכן ועל הנפש.",1,
71584,1996-02-26,"דברי הכנסת: הישיבה הארבע-מאות-ועשרים-ושש של הכנסת השלוש-עשרה: יום שני, ו' באדר התשנ""ו (26 בפברואר 1996): ירושלים, הכנסת, שעה 16:02: הודעת הממשלה בענייני מדיניות וביטחון","אדוני היושב-ראש, חברי הכנסת, הכאב והיגון על ההרוגים ועל הפצועים שלנו עמוקים ומשותפים לכולנו, אנחנו אבלים עם המשפחות ומתפללים על הפצועים. כשרצף הפיגועים הוא כמו אצל איוב, עוד זה מדבר וזה בא – אין זו העת לנגח. אבל אסור לנו לטמון ראשינו בחול כאילו כלום לא קרה או כאילו זו מכת טבע וגורל שלא ניתנת לשינוי. הארץ כולה סוערת, דוויה, כואבת, ואי-אפשר עוד להחשות. אנחנו קוראים לממשלה להתבונן ביושר ולפעול כפי שצריך. אז היא תאחד ותלכד את העם ותמלא את אחריותה לביטחונו, ואל תסתפק באמירות סרק שאין להן כיסוי, ואל נפטיר כדאשתקד כדי שלא נישא באחריות למה שעלול עוד לקרות לנו. תפסיק הממשלה לומר, שכל תגובה תקיפה שלנו, שתובעת מהרשות הפלשתינית למלא את חובתה, היא פרס ל""חמאס""; להיפך. המשך הצלחת הטרור הוא הפרס ל""חמאס"". הטרוריסטים הם לא אויבי השלום, הם אויבי ישראל, ואוי לנו אם נימנע מתגובה הולמת ויעילה על אסון נורא שכזה. פשוט נאמת שאנחנו משלימים עם כך, חס ושלום, מחולשה. הממשלה יודעת, שרק תגובה תקיפה שלה מול הרשות, שמהשטחים שברשותה עכשיו יוצאים המתאבדים – ויתירה מזו, שם מכינים בלי הפרעה את התוכניות, שם מכינים את חומרי החבלה – רק כך תומרץ הרשות למלא את חובתה, רק כך יומרץ ערפאת לקיים את התחייבותו למגר את הטרור. חברי הכנסת, אנחנו יצאנו מהערים ואין לנו עוד את תשתית המודיעין וכוח הסיכול וההתרעה וההרתעה. ושם בלי מפריע מטיף ה""חמאס"" לחיסול ישראל, וערפאת אינו עושה דבר כדי לבלום את התעמולה ואת האינתיפאדה בדרכים ואת תשתית הטרור. להשעות את השיחות עד לאחר ההלוויות, לעשות סגר זמני – זה רק מצחיק את הפלשתינים. הסיפוח הזוחל שלהם רץ, ואנחנו, כדי להימנע מעימות, מתקפלים. בלי קשר לוויכוח אם הסכם אוסלו טוב או רע, בלי קשר לנצים ויונים או ימין ושמאל, כולנו צריכים להיות מאוחדים בדעה, שאין המשך לתהליכים קודם הבחירות, שבהן יכריע העם במה הוא מאמין באמת ורוצה. אבל גם לשיטתה של הממשלה – כל עוד לא שונתה, כמובטח, האמנה הפלשתינית, שנותנת תוקף לאידיאולוגיה של השמדת ישראל כיעד פלשתיני, וכל עוד לא הוכיח ערפאת שהוא מתכוון לחיות אתנו בשלום – כלומר, להילחם מלחמת חורמה בטרור, על כל גורמיו ומרכיביו – גם לשיטתה של הממשלה, איזה שיגעון יהיה לדבוק דוגמטית בתאריך של היציאה מחברון, העיר מלאת ה""חמאס"". יהיה בכך חוסר אחריות להוסיף את חברון כבסיס טרור נוסף בלי שערפאת מוכיח באמת שהוא לוחם, לוחם, לוחם בטרור. אדוני היושב-ראש, הסגר הוא תקופה של אשליה. אין סגר אמיתי ביהודה ושומרון, זו זריית חול בעיניים. העדר כושר ההרתעה והסיכול והמודיעין הוא מחלה קשה שמזמינה טרור. כל עוד ערפאת משחק משחק כפול בינינו לבין ה""חמאס"", כל עוד נוח לו שיש ברקע ""חמאס"" עם פוטנציאל פיגוע ואיום כלפינו, כל עוד אין ערפאת מוכיח בעליל שהוא מתכוון לשלום ומסוגל למלחמה בטרור – אל נתמסר חד-צדדית. חברי הכנסת, קודם אוסלו היו פיגועים גם כן, נכון. אבל איך אמר אתמול עמוס עוז, בייאוש, בטענה ובהתרסה? הוא אמר: הרי כבר איננו שולטים על כל הפלשתינים, והם ממשיכים להרוג בנו. חתמנו אתם הסכם. אנחנו לא שולטים בהם, והם כן הורגים בנו. אם הם לא יכולים, הוא אומר, לספק את מה שהתחייבו, להסכם אין ערך והוא לא יחזיק. הקול הזה, אומר עוז, צריך לצאת דווקא ממחנה היונים. חברי הכנסת, אם ההסכם שכרתנו לא קוצץ את הטרור, הרי ההסכם עצמו הוא רע ומסוכן ויסכן יותר לעתיד לבוא. הרשות הפלשתינית נתנה לגיטימציה למאורות המפלצת, שפועלות בגלוי. יש קו מחבר בין האוטובוס בקו 5 – בקלקיליה, בחסות הרשות – לבין האוטובוס בקו 18 בירושלים. דבר זה מוכרח להיפסק. סביב דבר זה צריך ליצור קונסנסוס. לא מפני שאנחנו מתנגדים להסכם אוסלו. אנחנו תובעים הקפאת התהליך עד שהפרטנרים ישכנעו את ציבור נוסעי האוטובוסים שלנו, שהם כל ישראל, שהעולה על קו 18, קו ח""י, לא יורד ממנו מת. מפני שהממשלה בעד הסכם אוסלו, כפי שהיא ציפתה שהוא יהיה, עליה להקפיא את התהליך עד שערפאת יעמוד בהתחייבותו. האופוזיציה והממשלה כאחת, באורח אחראי, יקפיאו את התהליך, מפני שתהליך כזה לא יביא שלום. תהיה זו אמנה כלל-ישראלית על מהות, על תוכן ועל הנפש.",3,
