Id,Date,Topic,Text,Rank,Reasoning
240429,2009-03-04,התיישבות,"אדוני השר, ראשית, אני מברך על עמדתך בדבר חשיבות התפקיד של המשרד שבראשו אתה עומד. בעבר, תמיד, כל מי שקיבל את התפקיד, לא קיבל את זה בנפש חפצה, אבל עכשיו אני מקווה שזה ישתנה. שתי שאלות שקשורות למפוני גוש-קטיף. קודם כול, זה עוול גדול מאוד שהממשלה – שידעה לפנות יהודים מבתיהם ביעילות רבה מאוד, במבצע צבאי מצוין – נכשלה בטיפול במפונים-מגורשים, ועד היום הם חיים כפליטים בקרבנו, והגיעו להיות תחת חסדו של משרד הרווחה. דוח מבקר המדינה עסק בנושא ונתן מחמאות למשרד. שתי שאלות לגבי הדוח. ראשית, יש בעיה, שמשפחות המפונים לא רוצות להסתייע בשירותי הרווחה בגלל תיוג שלהם כמקרה רווחה. המבקר כתב שנתתם מענה חלקי בכך שכתבתם שהם לא פותחים תיק רווחה – –

– – אבל הם מקבלים תיוג כלשהו.

אבל עדיין, כתוב בדוח המבקר שהם לא מקבלים סיוע מכיוון שהמשרד – נכון עד לפברואר 2008 – לא פתר את העניין הטכני של לתת סיוע בלי לפתוח תיק רווחה. הנושא השני קשור לאותה סוגיה, לגבי מינהלת סל""ע – שהיום מדברים על פירוקה. אני רוצה לדעת מה עמדת משרד הרווחה לגבי פירוק מינהלת סל""ע.",3,
240495,2009-03-09,התיישבות,"אדוני היושב-ראש, כנסת נכבדה, אדוני היושב-ראש, ראשית ברצוני להודות לך על היוזמה לאפשר לחברי הכנסת החדשים לשאת דברים לפני הכנסת. נכון, אומנם מדובר רק בחמש דקות, אבל זה זמן ראוי. מה שלא נאמר על הדוכן בחמש דקות לא נאמר גם בשעה. ברשותך, אני אציג בפני הכנסת והציבור את כוונותי ועקרונותי בכנסת הקרובה. הרעיון הנשגב שמניע אותי והביא אותי עד הלום מתמצה במלה אחת בודדה ופשוטה, ושמה: ציונות. זה הרעיון שאותו אני מתכוון לקדם במלוא המרץ במהלך הכנסת הקרובה, רעיון שהפך למציאות בזכות פועלו של נביא הציונות, חוזה הציונות, בנימין זאב הרצל, שתמונתו מתנוססת בגאווה על הקיר מאחורי. ציונות – שהביאה את סבי, נסים דנון זכרו לברכה, לעלות ארצה עם אשתו וילדיו, להגיע למעברת שער-העלייה, ולמרות כל הקשיים לומר בכל יום תפילה ולהודות על כך שזכה לקחת חלק בתקומת העם היהודי בארץ-ישראל. ציונות – שאותה ספגתי בבית אבי, יוסף דנון זכרו לברכה, שפציעתו האנושה במהלך מרדף בבקעה רק הגבירה את אהבתו ומסירותו למולדת. ציונות – המבוססת על הכרת הארץ, אהבת הארץ וחיזוק הגאווה הלאומית. כמי שפעל שנים רבות בסוכנות היהודית, בתנועת בית""ר, לחינוך לציונות ולחיזוק הקשר בין העם היהודי לארץ-ישראל, ברור לי לחלוטין שאהבת הארץ אינה עוברת בירושה. עדיין לא פוענחו הגן והקוד הגנטי שמעבירים את הציונות לדור הבא. הקניית ערכים לאומיים-ציוניים לדור העתיד היא הפרויקט הלאומי החשוב ביותר. נכון, יש לנו אתגרים כלכליים, ביטחוניים, נדון בהם, נתווכח עליהם – אבל ללא דור עתיד צעיר שמאמין בזכותו של העם היהודי בארץ-ישראל לא נצליח בשום אתגר שיעמוד בפנינו. לכן, אני מתכוון בכנסת הקרובה לפעול ולהתמקד בנושא חשוב זה, לחיזוק משמעותי של הפן הציוני במערכת החינוך. לא ייתכן שמרבית בני-הנוער החילונים – לא הדתיים-הלאומיים אלא החילונים – לא יגיעו לירושלים עד אשר הם יתגייסו לצבא-הגנה לישראל; לא ייתכן שתולדות עם ישראל, תולדות הציונות, יילמדו באיזו מסגרת מצומצמת מאוד לבגרות, ובסופו של יום התלמידים שמתגייסים לצבא – או לא מתגייסים – לא יבינו מושגי יסוד בציונות; לא ייתכן שסמלי המדינה שעליהם גדלנו יהפכו לכלי ריק וחסר משמעות. אני מאמין שניתן, אני מאמין שאפשר וצריך לשנות. זוהי עבודה קשה. צריך, בצורה מקצועית, לרענן ולהעביר את הציונות לדור הבא. כל מי שלמד את תולדות הציונות זוכר שהמחלוקות הפוליטיות הקיימות בבית הזה היו תמיד. גם היום עדיין קיימות שתי אסכולות מרכזיות לגבי הדרך להגיע לשלום ולביטחון. קיימת התפיסה הפשרנית, המאמינה שעל-ידי ויתורים, נסיגות, ויתור על ריבונות בירושלים – נגיע לשלום ולביטחון. מנגד, התפיסה של המחנה הלאומי, שאני נמנה עמו, מאמינה בקיומו של ""קיר הברזל"", שטבע זאב ז'בוטינסקי. ""קיר הברזל"", דהיינו כוח עמידה מוסרי, צבאי ולאומי. לפני 16 שנה נחתמו הסכמי אוסלו, שאושרו גם בבית זה. מיום חתימת הסכמי אוסלו ועד היום כל ניסיון פשרה, כל התקפלות מדינית, הובילו לפגיעה במדינת ישראל. רק לפני שלוש שנים וחצי – לאחר הצבעה דמוקרטית, אומנם, בכנסת זו – פונו מבתיהם 9,000 יהודים, אזרחים ישראלים. נהרסו 22 יישובים בגוש-קטיף וארבעה יישובים בצפון השומרון. צעד דרמטי זה נועד – והכוונה של מי שהוביל אותו היתה – לשפר את המצב הביטחוני ולשפר את התדמית של ישראל בעולם. בפועל, מה קיבלנו? איפה אנחנו נמצאים היום? מבחינת המשפחות, הם חיים כפליטים בקרבנו עד עצם היום הזה. מבחינה ביטחונית, טילים עדיין נופלים במרכזי אוכלוסין – באשדוד, באשקלון וביבנה. מבחינת התדמית הבין-לאומית, אחרי המבצע האחרון התדמית רק נפגעה. בכנסת הקרובה אני מתכוון לפעול בצורה נחושה לחיזוק ההתיישבות בארץ-ישראל, לחיזוק מעמדה של ירושלים כבירתו המאוחדת של עם ישראל ולסיוע אמיתי ומהיר למפונים שחיים בקרבנו ומשלמים יום-יום, שעה-שעה, על הטעויות של ממשלות ישראל בעבר. בשנת 1901 כתב זאב הרצל ביומנו: ""כאשר תקום פעם מדינת היהודים, ייראה הכול זעיר ומובן מעצמו. אך אולי ימצא היסטוריון ישר, שבכל זאת היה זה דבר-מה, כאשר עיתונאי יהודי מחוסר אמצעים, ובמצב השפלות העמוק ביותר של עם ישראל, בימי האנטישמיות המזוהמת ביותר, הפך סמרטוט לדגל ואספסוף ירוד לעם, המגן על הדגל הזה בקומה זקופה"". אני מאמין שגם היום על כולנו לפעול במושגים של ציונות יומיומית, ציונות של פעולות קטנות המשפיעות על המכלול; ציונות של מתנדבי שנת שירות, ציונות של מורים, ציונות של הורים, ציונות שלנו, אישי הציבור, בראש ובראשונה, שצריכים להבין שבעבודה קטנה וסיזיפית מביאים את השינוי – פה ובוועדות הכנסת, בנאומים קצרים וארוכים, בהתוויית דרך על-ידי פעילות רצופה, יומיומית, לחיזוק הציונות. לסיום, הרשו לי לצטט מהשיר ""הנדר"" אשר כתב ראש בית""ר, זאב ז'בוטינסקי: ""גיוס:/ ביום שירות אני כמוט נחושת, / כגוש ברזל ביד נפח ושמו ציון. / חרשני כרצונך – מגל, גלגל, חרושת / או חרב ופגיון"".",10,
240554,2009-03-16,התיישבות,"אדוני השר, חלק מהתפקיד שהיית אמון עליו זה טיפול ביישובי הקבע למפוני גוש-קטיף וצפון השומרון. ואני תמה על כך ששלוש שנים וחצי לאחר שבצורה יעילה פונו מבתיהם כ-9,000 אזרחים ישראלים, עד היום – שלוש שנים וחצי – אפילו קהילה אחת לא עברה ליישוב קבע. בדוח שהגשת בפנינו מצוינות כל הבעיות וכל הסיבות – אם עניין של תב""עות, ואם עניין של חיבור תשתיות, או עניין של מימון. אבל בסופו של דבר, גם אין הפרדה בין קהילות ששיתפו פעולה והתפנו מרצון, והובטח להן על-ידי ממשלת ישראל שבתוך זמן קצוב הן יזכו ליישוב קבע. עד עצם היום הזה אף קהילה לא שוכנה, אף משפחה לא עברה לבית קבע. ראיתי את המאמצים שנעשו – – –

אז אני מדבר, ונמצאים גם פה נציגים של המפונים שמסתובבים במשכן, ואני אשמח לקבל את תגובתך. השאלה שלי – מה עשית, או מה המשרד עשה או הממשלה עשתה, כדי שבעוד שלוש שנים וחצי או ארבע שנים וחצי כששר השיכון יעמוד ויסכם את הקדנציה שלו לא יהיו משפחות מהעקורים שלא עברו ליישובי הקבע?",3,
240976,2009-04-01,התיישבות,"אדוני היושב-ראש, הגיע השר יוסי פלד, ומכיוון שהגיע אלוף פיקוד צפון, אני אפתח במצביא אחר, בנפוליאון. נפוליאון בונפרטה, במכתב לאשתו, כתב שהכוח של הצבא הצרפתי לנצח הוא באמונה במטרה הצודקת. אנחנו במצב שונה. ""עופרת יצוקה"" לא היתה מסע כיבוש של נפוליאון בונפרטה לאדמות גרמניה או בלגיה. זה היה מבצע הגנה מוצדק. פה במליאה יש שני סוגים של פוסט-ציונים. יש פוסט-ציונים שבאים ואומרים: המבצע לא צודק. המטרה לא צודקת. שמעתי את זה מחברי חברי הכנסת זחאלקה ואחרים, שהם מיעוט שבמיעוט אבל הם אומרים זאת פה: המטרה לא צודקת. זה שירו ""קסאמים"" על שדרות ועל אשקלון מדי יום לאחר שגירשנו יהודים מבתיהם למען שלום, זה לא צודק. זאת גישה אחת. יש גישה שנייה, של פוסט-ציונים מהשמאל הקיצוני, שאומרים: בוא נערער על המוסר של המלחמה. בוא נערער על הביטחון העצמי. ופה אני אומר לחברי: אל לנו להתנצל. אל לנו לנסות לערער את הביטחון של הנוער בגישה הפוסט-ציונית שאומרת שאין לנו זכות לחיות פה, אין לנו זכות להתגונן. זה מה שקרה במכינה. חבר הכנסת אורון לא נמצא פה, אבל הוא דיבר על דיון ערכי. זה לא דיון ערכי, שבאים ומשקרים ומנסים להחדיר בלבבות של הנוער מושגים של שקר כדי לערער את האמונה בצדקת דרכנו בארץ-ישראל. אני רוצה, ברשותך, לצטט את ראש בית""ר, זאב ז'בוטינסקי, שטבע מושג חשוב מאוד, שנקרא ""קיר הברזל"". ב""קיר הברזל"" זאב ז'בוטינסקי לא דיבר על בטון; הוא לא אמר לשים מלט על גגות שדרות ואשקלון, כי כמה שנשים מלט וגדרות זה לא יעזור. קיר הברזל הוא קיר ברזל של אמונה אמיתית בצדקת דרכנו, שכל ילד שמתגייס לצבא – במכינת רבין, במכינות דתיות או חילוניות – כל מי שמתגייס, יאמר: אני פה משרת, אני אבן בבניין היישוב היהודי בארץ-ישראל. את קיר הברזל הזה מנסים גורמים פוסט-ציוניים שנמצאים בקרבנו, גם במערכת החינוך – אפילו באוניברסיטת תל-אביב לא רצו לתת למרצה לבוא לדבר. אתם יודעים למה? כי אותה מרצה היתה במחלקה הבין-לאומית בצבא. שבוע לפני זה, באותה אוניברסיטת תל-אביב, אתם יודעים מי הגיע לדבר? השיח' ראאד סלאח, בכבודו ובעצמו. אף אחד לא פצה את פיו. אבל קצינה בצה""ל, אלוף-משנה – אומרים לה: אל תבואי לדבר במוסד אקדמי – שמקבל מימון מהמדינה – והשיח' ראאד סלאח, שמטיף נגד אושיות המדינה, מקובל בברכה. לכן אני בא ואומר מפה – אנחנו, הממשלה והקואליציה, ניאבק בגישה הפוסט-ציונית, לא ניתן לה להרים את הראש, ונעביר מסר חד לנוער במכינות, בבתי-הספר, ולכל המתגייסים: אנחנו צודקים, הצדק נמצא עמנו, ואם צריך להילחם, נילחם על כך.

אולי הוא ראה את התמונות של ה""חמאס"" – – –

זה בדיוק מה שה""חמאס"" עושה שבע שנים. ה""חמאס"" עושה מה שאתה קורא. זה טרור.

אם ציפי לבני היתה, היא היתה שרה בלי תיק.

ממשלת קדימה יצאה ל""עופרת יצוקה"", חבר הכנסת מולה.",10,
241664,2009-05-20,התיישבות,"מי שיוותר על שכם יוותר – – –

על עמדות כאלה קיבלתי – קיבלתם שלושה מנדטים – – –

אדוני היושב-ראש, אדוני ראש העיר ורעייתו, חברי מועצת העיר ירושלים, חברי כנסת, אתמול נערך סיור של נשיאות הכנסת בעיר-דוד בירושלים. אני רוצה קודם כול לחזק את ידי היושב-ראש ומזכיר הכנסת על היוזמה. הסתובבנו בחפירות של עיר-דוד, וכל סיור וביקור בירושלים, עבורי ועבור אנשי המחנה שעמו אני נמנה וגם עבור אחרים, כי אין פה מחנות היום, מעורר משהו בלב, רטט – מרגישים את הקרבה לקודש הקודשים כאשר הולכים ברחובות העיר העתיקה, כאשר מסיירים בעיר-דוד. לפני 42 שנה זה היה חלום. יש פה באולם – אפילו אתה, אדוני היושב-ראש – ותיקים שעבורם היה זה חלום לפסוע ברחובות העיר העתיקה. היו מגיעים לנקודות תצפית, מטפסים על סולמות, מסתכלים ומדמיינים.

בהחלט. זה היה חלום שלא האמינו שיתגשם. עבור אותם אלה, אנשי המחנה הלאומי, אנשי תנועת בית""ר, שפעם בשנה היו עושים כנס חזרה לעיר העתיקה, והיו אומרים להם – אתם חולמים, אתם קיצונים, אתם מבעירים בעירות במזרח התיכון, על עצם העלאת הרעיון שנחזור להתפלל בכותל. וזה קרה, זה קרה והיום אנחנו חוגגים את זה שהחלום הזה הפך למציאות. זהו יום חג, יום חג עבורנו. חזרנו אל בורות המים, חבר הכנסת אורון, אל בורות המים; לא אל בורות המים שלהם התכוונת – אל בורות המים, לעיר העתיקה, לכותל; חזרנו להרגיש את הקדושה ואת הקרבה לקודש הקודשים. בעינינו זה מובן מאליו, למי שגדל פה, שהכותל בידינו ולא נלחמנו עבורו, אבל המובן מאליו הזה יכול להשתנות. אני מסכים עם דבריו של חבר הכנסת כבל, שזה יכול להשתנות, אבל אנחנו נעשה את כל אשר לאל ידנו שזה לא יקרה, ואנחנו עושים את זה. אנחנו רואים היום את הציבור מאמין בזכותנו על ירושלים. כדי שזה יקרה צריך לעשות כמה דברים: ראשית, להביא כל תלמיד – יהודי, ערבי, נוצרי – ליום ירושלים. פגשתי את ראש העיר לפני חג הפסח, את שר החינוך, וזה מתקדם. לא יכול להיות שילד יהודי יגיע לירושלים רק כשהוא מתגייס ונשבע אמונים כחייל בכותל המערבי, וזה קורה במספרים מפחידים. הנושא החינוכי הוא מהותי. הדבר השני הוא לבנות, לא לפחד. אני, כחניך בתנועת בית""ר לפני כמה שנים, הפגנתי כדי שיבנו בהר-חומה שכונה יהודית. גם אז באו ואמרו: מה פתאום? אתם מדליקים בעירות, המזרח התיכון. היום אני נוסע ברחובות הר-חומה ומה אני רואה? יהודים חיים, הולכים לבתי-ספר, למעונות-יום, לבתי-כנסיות, חיים יהודיים בירושלים. תסתכלו בארכיון ותראו מה אמרו פה על הדוכן הזה כשבאנו לבנות בהר-חומה: מבעירים בעירות, המזרח התיכון יעלה באש. היום גרים בהר-חומה. לכן, אדוני ראש העיר, צריך לבנות ליהודים, לערבים, לבנות ולחזק את ירושלים. הנושא השלישי והחשוב ביותר הוא עמידה נחושה. שמענו פה אנשים מדברים על הנשיא אובמה. אני רוצה דווקא להיזכר בנשיא אחר, בנשיא קרטר. ביום שישב ראש הממשלה מנחם בגין בקמפ-דייוויד וחתם על הסכם שלום וויתר על חלקי מולדת, פנה אליו הנשיא קרטר ואמר לו: בוא נעלה את נושא ירושלים על סדר-היום. מנחם בגין לא היסס לשנייה ובצורה נחושה אמר: אתם יכולים לדון בנושא ירושלים, אבל לא אתי, אין לי מנדט לדון בירושלים, כי ירושלים שייכת לעם היהודי. גם היום, כשיש לנו נשיא חדש שבא עם רעיונות חדשים, אם הנשיא אובמה באמת מתכוון – אני לא יודע אם זה נכון – לבוא ולומר שחלוקת ירושלים היא תנאי, אנחנו אומרים פה בצורה נחושה: לא יקום ולא יהיה. היו מנהיגים בעבר שהעלו את זה ואנחנו נוריד את זה מסדר-היום. על חומותייך עיר דוד הפקדתי שומרים – אנחנו השומרים של ירושלים. בראש ובראשונה ראש העיר וחברי מועצת העיר, אנו חברי הכנסת והציבור, חבר הכנסת אורון, כי הציבור עדיין מאמין בזכותו של העם היהודי לירושלים מאוחדת. אנחנו נפעל לחזק את ירושלים, לבנות בירושלים ולהביא את תלמידי ישראל לירושלים. אדוני ראש העיר, יש לך פה כנסת שתומכת בך, הכדור אצלך. חג שמח.",10,
241857,2009-05-26,התיישבות,"אדוני היושב-ראש, כנסת נכבדה, אורחים נכבדים, אני מקווה שכמו שאנחנו רואים את תיאטרון ""הבימה"" מחדש את פניו, גם השפה היידית תצמח ותגדל ונהיה גאים בה. בעוונותי אני לא יודע יידיש, אבל מלה אחת אני מתכוון ללמוד מחברי שנמצאים פה באולם. המלה היא: קבלני משנה. ובנושא המדיני, אדוני היושב-ראש, אני מרגיש שיש היום ציפייה מראש הממשלה וממפלגת הליכוד שנהיה קבלני משנה של מפלגות השמאל. חשוב מאוד להבין שהליכוד רץ עם מצע ברור בבחירות האחרונות. אנחנו לא קבלני משנה של מפלגות השמאל בנושא פינוי יישובים יהודיים ובנושא הקמת מדינה פלסטינית, ולכן אני חושב שלעתיד הקרוב חשוב שנבין שאנחנו עם דרך עקרונית, אידיאולוגית, ובעברית המלים האלה פשוטות – אנחנו ניישם את המדיניות של הליכוד. תודה.",10,
242328,2009-06-03,התיישבות,"אדוני היושב-ראש, השר יולי אדלשטיין, חברי הכנסת, בחג השבועות האחרון יצא לי לטייל עם בני בקיבוץ יפעת, במוזיאון ההתיישבות. ושם, במקום של כבוד מוזכר חנקין גואל האדמות. אתמול, בבניין המוסדות הלאומיים, במקום של כבוד, שם התקבלו החלטות מכריעות בנושא ארץ-ישראל והעם היהודי, התקבלה החלטה מאוד עצובה של קרן קיימת לישראל. הוחלט שם להעביר את אדמות קרן קיימת לישראל למינהל מקרקעי ישראל, כחלק מההסכם שדובר עליו היום בו. אני רוצה להזכיר לחברי קרן קיימת לישראל ואנשי המוסדות הלאומיים, שקרן קיימת לישראל הוקמה בקונגרס הציוני הראשון ב-1897. צבי הרמן שפירא הגה את הרעיון להקים קרן לאומית שמטרתה לרכוש אדמות עבור יהודים. זו היתה המטרה. חמש שנים לאחר מכן התחילו לרכוש אדמות. האדמה הראשונה שקנו היתה 4,000 דונם בחיטין, ולאחר מכן 2,000 דונם בלוד, שהיום כפר הנוער בן-שמן יושב בהן, וכך, לאט לאט, פעלו לגאולת הקרקע. אבות קרן קיימת לישראל, אוסישקין ואחרים, מתהפכים בקברם היום כשהם שומעים שאותן אדמות שנרכשו בכסף שנאסף על-ידי יהודים בכל קצוות תבל – מדי שבוע הניחו את הקופסה הכחולה בכיתות הלימוד, באו הילדים ותרמו, והכסף הזה נתרם עבור קרקעות לעם היהודי. מה שקורה היום, במהלך המתגבש – ואני מתכוון לפעול לשנות את המהלך הזה לפני שיובא להצבעה במליאת הכנסת. אבל אם המהלך יהיה כמו שהוא היום, אני איאלץ להתנגד ולהצביע נגדו, אדוני היושב-ראש, מכיוון שהתוצאה של המהלך הזה הוא שאנחנו מאבדים את אדמות הלאום. קרן קיימת לישראל היא לא גוף סטטוטורי של מדינת ישראל, היא לא משרד ממשלתי – – –

נכון, אבל מדינת הלאום חייבת בכללים. מינהל מקרקעי ישראל שיוצא למכרז לא יכול להגביל ולהגיד: אני שומר על הקרקע בידי העם היהודי. קרן קיימת לישראל לא רק שהיא יכולה – היא חייבת, כי זה המנדט שלה. הם לא יוכלו להתנגד לשום מהלך שאיל הון סעודי יצליח בשרשור כזה, ושמעתי פה את השר – – –

הערת האזהרה הזאת לא תעזור לשום דבר, כי אתה יכול להקים חברה ולהעביר את המניות של החברה לשותף שנמצא בחוץ-לארץ, ויש עוד המון דרכים שבהן ניתן לדאוג לשרשור הזה. ובסופו של יום – – –

אני חולק עליך. גם היום, אם יבואו 1,000 לא-יהודים וירצו לרכוש אדמות ויהיה להם הכסף לכך, הם יהיו זכאים לכך על-פי חוק. קרן קיימת לישראל שמרה שנים רבות, ואנחנו מדברים על אלפי דונמים. היום שליש מאדמות קרן קיימת לישראל זה המחזור של מינהל מקרקעי ישראל – – –

אני מציע לך – הם מקבלים בנגב ובגליל אדמות לא מיושבות. בסופו של יום, על אדמה שנקנתה בכסף יהודי עבור העם היהודי יכול לשבת זר, והדבר הזה צריך להימנע. בהסכם המתגבש צריך לעשות כל מה שניתן ולשנות אותו – – –

בוודאי. אדוני, חבר הכנסת עזרא – – –

הייתי פה קודם ושמעתי את השר גם בוועדת הכלכלה. אבל אני בא מהכיוון של המוסדות הלאומיים, לא של ממשלת ישראל. דרך אגב, זה לא קשור לראש הממשלה נתניהו, זה היה גם בתקופת ראש הממשלה אולמרט וראש הממשלה שרון. המוסדות הלאומיים תפקידם לבוא ולומר: אנחנו מגינים על האינטרסים של העם היהודי. ופה, על הדוכן הזה, עמד לפני כמה שנים חבר הכנסת יוסי ביילין והעלה הצעה פוסט-ציונית. הוא אמר: בואו נסגור את קרן קיימת לישראל, נסגור את הסוכנות היהודית. אין צורך. נעביר את קק""ל למינהל, את הסוכנות היהודית נעביר למשרד העלייה והקליטה ושלום על ישראל. אין צורך בכך. פה המקום של המוסדות הציוניים – ולא שמעתי את קולם, של קרן קיימת לישראל בראשונה, ושל ההסתדרות הציונית העולמית, שזה גוף-על שמפקח על קרן קיימת לישראל – לבוא ולומר: אנחנו רוצים לדאוג לאינטרסים של העם היהודי. אנחנו מחויבים ליהודים בכל העולם. הקרקעות האלה נרכשו לפני קום המדינה על-ידי יהודים מכל העולם. אין לנו זכות לבוא ולסחור בהן, גם אם הסוחרים בהן הם מדינת ישראל. אין זכות כזאת, כי זה קניין של העם היהודי. לכן, אדוני השר, אני חושב שכל מי שהאינטרס הציוני-לאומי מול עיניו, טוב שיקרא קצת את כתביהם של הרצל ואוסישקין – וגם אז, עם קום המדינה, התווכחו אם צריך לסגור את קרן קיימת או לא – ולהכניס ברפורמה תיקון שיבטיח שאדמות הלאום יישארו בידי הלאום היהודי. יש לזה פתרון משפטי, כי בהסכם שמתגבש היום כתוב שעקרונות קק""ל יישמרו. עקרונות קק""ל, הווי אומר שמירה על אדמות העם היהודי. ואם תהיה עתירה לבג""ץ, וכנראה תהיה, בזמן הקרוב, וידונו שם בנושא ויחליטו שגם את אדמות קק""ל צריך לשווק לכל דכפין שייתן מחיר כזה או אחר, אזי מה יקרה? איפה יישמרו עקרונות קק""ל? לכן, בהסכם צריך לשים תיקון מהותי שיאמר שאם עקרונות קק""ל לפי האמנה לא נשמרים, הקרקעות חוזרות לידי קרן קיימת לישראל. אם לא נעשה את הדבר הזה, אנחנו בעצם היום מתחילים הליך של פוסט-ציונות שהתחיל בבג""ץ ""עדאלה"" על-ידי ארגונים פוסט-ציוניים, והם הצליחו, כי הם מצליחים היום לגרום לנו לפרק את קרן קיימת מהנכס החשוב, מהאחיזה בקרקע, וזה ייגמר בכך שנדון פה גם בחוק השבות. כי יש דברים של צביון מדינת ישראל כמדינה יהודית-דמוקרטית, וכמו שחוק השבות נותן העדפה ליהודים בהגיעם ארצה, כך גם קרן קיימת לישראל, הסוכנות היהודית וההסתדרות הציונית העולמית – יש להן על-פי חוק ועל-פי אמנות מנדט ברור. לכן אני קורא לחברי הכנסת: עדיין לא מאוחר. יש לנו זמן בוועדות השונות, ואני רוצה שגם הנושא הזה יידון, כי אנחנו צריכים לבוא ולומר לתנועה הציונית ולקרן קיימת לישראל: אם אתם לא עומדים על המשמר ולא מגינים על האינטרסים של העם היהודי, בואו תסבירו מהי זכות הקיום שלכם. קרן קיימת לישראל – נכון, היא תקבל כסף רב מחילופי הקרקעות. אין מה להשוות בין קרקע במרכז לקרקע בנגב. אבל בסופו של יום, כשאותם גואלי קרקעות הלכו ורכשו קרקעות כחוק בארץ-ישראל, ואחרי זה במדינת ישראל, הם עשו זאת במטרה אחת: שהקרקעות האלה יישארו בידיים יהודיות. לכן, אל לנו להתבייש. אנחנו צריכים לעשות את התיקון הזה. ואני אומר את זה, חבר הכנסת עזרא, כחבר קואליציה שתומך ברפורמה שהיא חשובה, אבל ברגע שהאינטרס של העם היהודי והאינטרס הציוני נפגע, צריך להקים קול זעקה, לעשות את התיקון הזה ולוודא שהקרקעות האלה יישארו גם בעוד 100 שנים בידיים יהודיות. אני מודה לך, ואני מבקש, כמובן, אדוני היושב-ראש, שאנחנו נדון בנושא הזה בהמשך, אבל לאחר שהשר ידבר – להעביר את זה לוועדת העלייה והקליטה ולראות איך אנחנו עוצרים את המחדל הזה.

אם יש הסכמה – לוועדת עלייה וקליטה. בכל הדיונים חסר לי שהעם היהודי – יש לו חלק בהחלטה הזאת.

אני מבקש להעביר לוועדת העלייה והקליטה, כי העם היהודי צריך להיות מודע לזה.",10,
242941,2009-06-24,התיישבות,– – – חילופים של שטחים ואוכלוסייה.,8,
243376,2009-07-07,התיישבות,"אדוני היושב-ראש, בעוד חודש נציין ארבע שנים לעקירת היהודים מגוש-קטיף וצפון השומרון. לצערי, הכנסת תהיה בפגרה ולא נוכל לציין יום זה בצורה מכובדת במליאה. אבל זעקת העקורים נשמעת כל יום, שעה-שעה, שמענו גם בוועדה לזכויות הילד. ברשותך, אני רוצה להקריא שיר מהספר ""שירת העקורים"", של שירה רוזן: יום ועוד יום חודש ועוד חודש, והנה כמעט חלפה לה שנה. שנה של דמעות, טלטולים ואריזות. בראש עוברות התמונות, תמונות בהבזקים, תמונות של תקופה, תקופה שנמשכת כבר כמעט שנה. תמונות עצובות, תמונות שברובן עוד מעלות דמעות. המאבק, הגירוש, האוטובוסים, ציר כיסופים, המבט האחרון, בית-המלון הקרווילה, ואז חלל ריק עם המון סימני שאלה. ובלב אצל כולנו תקווה, תקווה שהחלל הריק ייגמר בנחת ובשלווה. לא, זאת לא תהיה סתם עוד אגדה – שירה של שירה רוזן, עקורה מגוש-קטיף.",9,
244004,2009-07-22,התיישבות,"אדוני היושב-ראש, ראש הממשלה, חברי הכנסת, לוחמי המחתרות, אנשי התנועה הלאומית, תלמידי בית""ר, אנו מציינים היום 69 שנים להילקחו של מנהיג דגול, זאב ז'בוטינסקי. אתמול באזכרה הממלכתית בחר נשיא המדינה לקבוע שזאב ז'בוטינסקי טעה בגדול בנושא המדיני. לעניות דעתי, יש להתנצל ולהצר על דברים אלה. יש לומר בקול רם: זאב ז'בוטינסקי לא טעה בגדול, אלא צדק בגדול. היום אנו מצדיעים לאחד מגדולי המנהיגים של העם היהודי ומודים לו על המורשת והחזון שהשאיר לנו – מורשת חברתית שבבסיסה חמשת המ""מים של צדק חברתי אמיתי: מזון, מעון, מורה, מלבוש ומרפא. כל אזרח במדינה זכאי לקבל את הבסיס החברתי, מורשת מדינית של קיר הברזל, ואני חולק על מה שנאמר פה על-ידי קודמי; קיר הברזל הוא לא צבאי. קיר הברזל זה לא החומה שנבנית היום בשטחי ארץ-ישראל. שום חומה לא תגן מטילים. קיר הברזל הוא גם לא כוח צבאי של  טנקים, ""אכזריות"", מטוסים ונגמ""שים. קיר הברזל הוא חוסן פנימי של אמונה אמיתית בצדקת דרכנו, אמונה אמיתית בזכותנו בארץ-ישראל. זהו קיר הברזל של ראש בית""ר. על מנת להשיג את קיר הברזל יש להעמיק את החינוך הציוני הלאומי בקרב הנוער, בקרב הצעירים, להדגיש את הזיקה, השייכות לירושלים, לארץ-ישראל. אתמול עברנו על פני קברו של ראש בית""ר. בעומדי מול קברו, שתי מחשבות העסיקו אותי. האחת, מדוע לקח לממשלת ישראל 16 שנים לקיים את צוואתו, צוואה פשוטה מאוד – להעלות את עצמותיו על-ידי פקודה של ממשלת ישראל. ראש בית""ר נפטר במחנה בית""ר בצפון ניו-יורק בשנת 1940. הוא ידע היטב שתקום המדינה היהודית, הוא האמין שזה קורה בקרוב, וצדק. הוא ביקש, ביום שתקום המדינה, שהממשלה היהודית בירושלים תיתן החלטה. מאות ישיבות ממשלה, בסופו של דבר זה הסתייע, אבל למה זה לקח כל כך הרבה שנים? כי חששו. חששו מהרעיון, מהכוח הפשוט של רעיון של המחנה הלאומי שאומר: יש לנו זכויות בארץ-ישראל, אנו צריכים לממש את הזכויות של עם ישראל בארץ-ישראל. המחשבה השנייה היתה, מה היינו אומרים לראש בית""ר היום, כשאנו נמצאים פה? היינו אומרים לו שחזונו הוגשם, קיימנו את צוואתו, יש לנו מדינה יהודית עצמאית. יש לנו מדינה עם רוב יהודי. יש לנו צבא יהודי שנאבק שנים לראות כוח יהודי לוחם. יש לנו מדינה דמוקרטית המהווה אור לגויים. כל מה שהוא חלם קרה, אך המלאכה עדיין לא תמה. יש בקרבנו, כמו שהיו בזמנו, חסרי אמונה. היום הם נקראים פוסט-ציונים שמנסים לקעקע את התשתית שקבעו הרצל וז'בוטינסקי, מנסים לומר שאת המפעל הציוני שנבנה צריך להפוך. היום רוצים להפוך את העצמאות ל""נכבה"", רוצים להפוך את שחרור ירושלים לכיבוש, רוצים להפוך התיישבות להתנתקות, גאווה לאומית להתנצלות לאומית. ומול קולות אלה עומד מחנה נחוש, מחנה לאומי; יש לנו ראש ממשלה, יושב-ראש כנסת, שרים שגדלו על ברכי תנועת ז'בוטינסקי, ואנו אומרים בצורה ברורה לכולם – –

– – יש לנו זכות מלאה לארץ הזאת, זכות מלאה בארץ הזאת, ואת הזכות הזו נממש בגאון ובהדר.",10,
245025,2009-10-27,התיישבות,"אדוני היושב-ראש, אני רוצה להתנצל על שלא הצטרפתי אליך. הייתי שמח מאוד לבוא, אבל ניהלתי דיון חשוב בוועדה לזכויות הילד בנושא בעיית האלכוהול של הילדים. אני רוצה לדבר על מה שקרה אתמול במליאה. היתה צריכה לבוא להצבעה הצעת רציפות בנושא חוק משאל עם בנושא רמת-הגולן. ברגע האחרון גילינו שיש ערר שהתגלה מאוחר. נראה לי בעייתי מאוד. פנו אלי אזרחים רבים. אני רוצה להבהיר שעמדת הליכוד בעניין הזה היא עמדה ברורה, שאנחנו מתנגדים לכל רעיון של נסיגה ופשרה שכוללת פינוי יישובים או יהודים מרמת-הגולן, והנושא הזה יובא להכרעה כאן בבית הזה בקרוב. תודה.

גם ליהודי מותר לבוא ולהתפלל?",10,
246030,2009-11-18,התיישבות,"הנושא הבא על סדר-היום: החלת החוק הישראלי על יישובי יהודה ושומרון – הצעה לסדר-היום של חבר הכנסת יעקב כץ, שמספרה 1560. ישיב על ההצעה השר יעקב נאמן בשם ראש הממשלה. בבקשה, חבר הכנסת יעקב כץ.

השר איתן ישיב על כך. תודה.

חבר הכנסת כץ, אתה מוזמן. בבקשה.

אני מודה לחבר הכנסת יעקב כץ. ישיב על ההצעה לסדר-היום השר יעקב נאמן, בשם ראש הממשלה.

תודה. האם, חבר הכנסת כץ, אתה מסכים להצעת השר?

אם כך, אנחנו נצביע. מי שמצביע בעד הוא בעד העברת הנושא לוועדת חוץ וביטחון, מי שמצביע נגד הוא בעד הסרת הנושא מסדר-היום. הצבעה מס' 18 בעד ההצעה להעביר את הנושא לוועדה – 6 נגד – אין נמנעים – אין ההצעה להעביר את הנושא לוועדת החוץ והביטחון נתקבלה.

שישה בעד, אף אחד אינו נגד. הנושא יעבור לדיון בוועדת חוץ וביטחון. הנושא הבא על סדר-היום – הצעה לסדר-היום מס' 1533, של חבר הכנסת כרמל שאמה, שאינו נמצא. הנושא ירד מסדר-היום.",10,
247490,2009-12-30,התיישבות,"אנחנו ממשיכים בסדר-היום. הצעות לסדר-היום מס' 1987, 2006, 2012, 2015, 2025, 2029 ו-2038 בנושא: פיגוע הירי בשומרון וההחמרה הביטחונית באזור. ישיב סגן שר הביטחון מתן וילנאי. ראשון הדוברים – חבר הכנסת מגלי והבה. אחריו – חבר הכנסת נסים זאב.

תודה רבה לסגן היושב-ראש, חבר הכנסת מגלי והבה. חבר הכנסת נסים זאב, ואחריו – חבר הכנסת טלב אלסאנע.

תודה רבה. אדוני סגן השר, נושא הסרת המחסום חוזר כחוט השני אצל הדוברים. אשמח אם תתייחס לנושא – אם היה קשר בין הפיגוע הנורא לבין הסרת המחסום. הדובר הבא, חבר הכנסת טלב אלסאנע, בבקשה.

חבר הכנסת רותם, סליחה. חבר הכנסת אלסאנע סיים את דבריו. זמנו עבר ואתה ממשיך לדבר. חבר הכנסת רותם. תודה.

תודה רבה, חבר הכנסת אלסאנע. אחריו יבוא, בלי שתכננו את זה, חבר הכנסת מיכאל בן-ארי. אני חושב שמן הסתם יהיה לך מה לומר על דבריו של חבר הכנסת אלסאנע. לרשותך שלוש דקות. בבקשה.

תודה רבה לחבר הכנסת בן-ארי. חבר הכנסת משה גפני, בבקשה.

סגן שר הביטחון מתן וילנאי.

תודה רבה לרב גפני. חבר הכנסת כרמל שאמה, בבקשה.

תודה רבה, חבר הכנסת כרמל שאמה. ישיב על ההצעות לסדר-היום סגן שר הביטחון מתן וילנאי. בבקשה.

תודה רבה. אתה מציע, אדוני סגן השר, להסתפק בתשובתך, להעביר לוועדה?

מקובל על אדוני, סגן יושב-ראש הכנסת?",5,
247494,2009-12-30,התיישבות,"אנחנו ממשיכים בסדר-היום. הנושא הבא בסדר-היום: הצעה לסדר-היום מס' 1956, של חבר הכנסת אורי אריאל, הכנה מנטלית לקראת פינויים ואכיפת ההקפאה. ישיב סגן שר הביטחון מתן וילנאי.",8,
247824,2010-01-11,התיישבות,"גברתי היושבת-ראש, אדוני השר, חברי הכנסת, חבר הכנסת זחאלקה, אני חושב שאם היית קשוב היית מבין שאתה עושה לנו שירות מצוין כשאתה מדבר על רמת-הגולן ועל החרמון, כי תושבי ישראל את המקום הזה לא מתכוונים להחזיר לא בממשלת ליכוד, לא בממשלת קדימה. יש אחדות דעים. ואני רוצה להזכיר לך שבדוכן הזה – –

אתה יכול לצעוק עוד חמש פעמים ""ראס בין ענכ"" או שמות אחרים שאתה מטיב לומר פה בכנסת, אבל זה לא יעזור לך. יש אחדות דעים באולם הזה ובציבור בחוץ כלפי רמת-הגולן. אני רוצה להזכיר לך שאחד המנהיגים, כששאלו אותו: מה החוק החשוב ביותר שהעברת כאן בכנסת? הוא העביר הרבה חוקים, הוא היה מנהיג יהודי גדול, והוא אמר: החוק החשוב ביותר הוא חוק הגולן. הוא דאג להגיע לכאן, להצבעה על חוק הגולן, אחרי שהוא עבר איזה אירוע. הוא הגיע למרות הקושי הבריאותי והצביע על חוק הגולן. לכן אני אומר לך מפה היום, עם כל הלהט והצעקות, לגבי רמת-הגולן. זה שאתה משווה את רמת-הגולן לשטח כבוש אתה עושה שירות מצוין לליכוד. אתה עושה שירות מצוין, כי הציבור רואה שבעיניך אין הבדל בין רמת-הגולן לבין ירושלים לבין יהודה ושומרון לבין שיח'-מוניס לבין תל-אביב. אני מודה לך על כך שאתה מעלה את הדברים כל פעם מחדש ודואג להוכיח לנו כמה חשוב לשמור, ואולי המסר החשוב הוא להחיל את החוק שהחלנו ברמת-הגולן ב-1981 גם על יהודה ושומרון. נחיל על שטחים ביהודה ושומרון, שטחי ארץ-ישראל, נספח אותם למדינת ישראל, כמו שעשתה ממשלת הליכוד ב-1981. תוכל לבוא ולומר שאין הבדל בין רמת-הגולן לבין שאר חלקי ארץ-ישראל.

גברתי היושבת-ראש, סיעת קדימה בחרה לקרוא לחוק מסוים בבית הזה חוק הג'ובים, ואני שואל את עצמי: האם מפלגת הג'ובים, מפלגה שנולדה על בסיס של תפקידים, על בסיס של עזיבת בית פוליטי עבור תפקידים, יכולה לבוא ולקרוא לחוק במדינת ישראל חוק הג'ובים? את דעתי לגבי החוק, השגות לגבי השינויים, הבעתי בצורה פומבית, אבל לשמוע את חברי חברי הכנסת מקדימה באים וטוענים שזהו חוק ג'ובים, חוק מושחת? אני רוצה להזכיר לחברי שכאשר סיעת קדימה הוקמה ראש הממשלה אריאל שרון הציע תפקידים, הציע מקומות ברשימה לכנסת הבאה לאנשים מסוימים, הבטיח תפקידי שרים, ואנשים הלכו למפלגה הזאת, מפלגת קדימה, מפלגת הג'ובים, רק בגלל התפקידים. אז היום, כשאנחנו פה בכנסת דנים, אתם צריכים להיזהר לפני שאתם מדביקים שמות של חוקים כאלה ואחרים לחוקים שבאים לכנסת ואל לכם להדביק שמות של ג'ובים. לא נמצאת אתנו יושבת-ראש המפלגה, אבל אני רוצה להזכיר שגם חברת הכנסת ציפי לבני, יושבת-ראש האופוזיציה, בשנת 1996, כשלא נבחרה לכנסת, היא קיבלה תפקיד של מנכ""לית רשות החברות הממשלתיות. התפקיד הזה לא נחת משמים, הוא נחת והיא קיבלה אותו ומונתה לתפקיד הזה. אחריו היא התקדמה ומונתה לתפקיד של השרה לפיתוח אזורי, ולאחר שהתיק הזה נעלם היא מונתה לתפקיד של שרה ללא תיק, וככה עברה להיות שרת החקלאות, שרת העלייה והקליטה, שרת הבינוי והשיכון, אחרי שאפי איתם בחר להתפטר בעקבות ההתנתקות, ושרת המשפטים ולבסוף שרת החוץ. לכן אני אומר לכם היום, חברי מסיעת קדימה, נכון שזה נחמד לקרוא לחוק כזה או חוק אחר חוק הג'ובים ולדבר על ראשי רשויות, על סגנים, אבל בסופו של דבר, מפלגה שנולדה בחטא והוקמה אך ורק על בסיס של סידור פוליטי של תפקידים ושל ג'ובים ועתידה להתפרק, כמו שאנחנו רואים בחודש האחרון, בגלל סידור של תפקידים כאלו ואחרים, אנחנו אומרים לכם היום, זוהי מפלגה של ג'ובים ואל לכם לבוא ולהטיח ביקורת בממשלה לגבי חוק כזה או אחר שעולה במסדרונות. לסיום, אדוני היושב-ראש, אני רוצה לומר – – –

אדוני היושב-ראש, אני רוצה לבוא ולומר היום – לא היית פה כשהעלו את נושא חוק רמת-הגולן וחבר הכנסת זחאלקה תקף את זה – שכמו שמנחם בגין החיל את הריבונות על רמת-הגולן, והיום כולנו נהנים, אנחנו צריכים לחשוב על כך גם במקומות אחרים בארץ-ישראל בזמן שמדברים על החזרת שטחים. לסיום, אני פונה לחברי מסיעת קדימה, אל תמהרו להדביק שמות לחוקים – של ג'ובים – תסתכלו היטב אצלכם, איך הסיעה הזו הוקמה, איך היא מתנהלת היום ולאן היא הולכת, ובעוד כמה שנים, ואולי זה יהיה בעוד כמה חודשים, נוכל לדעת מיהי מפלגת הג'ובים ומהו חוק הג'ובים. תודה רבה.",10,
248633,2010-02-03,התיישבות,"דוח-גולדסטון – פעם אחת לא דיברת על דוח-גולדסטון. עשר דקות כבר, ולא דיברת. זה הנושא שעל סדר-היום.

אדוני היושב-ראש, אדוני השר ארדן, חברי הכנסת, חבר הכנסת אורון, נמאס לנו שיורקים עלינו ואתם אומרים שיורד גשם.

פשוט נמאס לנו כבר. כשאני אומר לנו, זה לציבור בישראל נמאס שאנשים מתוכנו מכפישים את ישראל. אין לי שום בעיה עם קרנות ועם גופים שמקבלים תרומות מחוץ-לארץ.

מי שהולך זה אתם. מי שהולך ונעלם מהנוף הישראלי, חבר הכנסת גילאון, זה השמאל הפוסט-ציוני. הציבור בישראל מאס בכם. התוצאה היא פה, בכנסת ישראל, במספר חברי הכנסת של הסיעה שלכם. לציבור נמאס כבר לראות שבאים אנשים מתוך המדינה ומוסרים מידע שקרי לאויבים שלנו. בכל מקום שאנחנו מטיילים בעולם, מבקרים, באים ואומרים: מה קורה להסברה הישראלית? למה אנחנו נכשלים?

הסיבה שאנחנו נכשלים היא אותם גורמים פוסט-ציוניים, שבמקום להתעסק בענייני חינוך, רווחה, צדק חברתי – אלו הדגלים שפעם עסקתם בהם, בקיבוצים, בשמאל. עסקתם בצדק חברתי. אבל קשה לעסוק בצדק חברתי, אז במקום לעסוק בצדק חברתי, הרבה יותר קל לנגח את חיילי צה""ל ב""עופרת יצוקה"", הרבה יותר קל לשלוח פקחים שידווחו איפה בונים ביהודה ושומרון, הרבה יותר קל להקים עמותות כמו ""עדאלה"" ו""מוסאוא"" וכל אותן עמותות פוסט-ציוניות, שהתפקיד שלהן הוא פשוט מאוד.

התפקיד שלהן הוא לקעקע את המפעל הציוני. אני בוש ונכלם שדווקא סיעת מרצ, שמגדירה עצמה כסיעה ציונית, בוחרת להגן על המחדל.

אני, חבר הכנסת אורון, אני אפתיע אותך. אני לא בטוח שהממצאים שהוצגו בפנינו בסוף השבוע שעבר הם ממצאים בעייתיים. אני לא בטוח שיש בהם עבירה על החוק. יכול להיות שאין שום דבר. אבל כשבאים ודורשים לבדוק את זה ואתם קופצים וזועקים, אז אני שואל את עצמי: אולי על ראש הגנב בוער הכובע? מה יקרה אם עכשיו יבדקו – – –

אתה יכול להגיד שזה מקארתיזם. היתה גם ועדת חקירה בכנסת, של חבר הכנסת אופיר פינס, שחקרה את ועידת התביעות, והיו ועדות חקירה פרלמנטריות. השאלה היא מאוד פשוטה, ואנחנו נדע בתוך כמה חודשים: אם אותן עמותות לא העבירו מידע שקרי לדוח-גולדסטון, אז כל המהומה היא לשווא, אני מבזבז את הזמן היקר של כנסת ישראל; אבל אם אכן הם העבירו מידע שקרי והלעיטו את אויבי ישראל בנתונים שקריים, אנחנו צריכים לבוא ולומר: עד פה. אנחנו לא מקבלים את זה, אנחנו מפסיקים את זה, ואנחנו לא ניתן לאנשים משמאל ומימין – –

– – להעביר מידע שקרי, ופה הדגש. אני מציע לכם לבדוק טוב-טוב את עצמכם, זה לא כל כך קשה. יש רשימה של עמותות שהעבירו מידע לדוח-גולדסטון.

אפשר לבדוק את זה – בעצמכם. אם מדובר במידע שקרי, סיעת מרצ תצטרך לבוא לפה ולהסביר מדוע היא בחרה להגן בחריפות על אותם ארגונים, שאני מתבייש שקיימים במדינת ישראל.

אני מתבייש באותם ארגונים שהלכו להעביר עדויות על חיילי צה""ל ב""עופרת יצוקה"", עדויות שקריות, שבהן אני מתבייש.",10,
249141,2010-02-17,התיישבות,"אדוני היושב-ראש, חברי הכנסת, אני מקריא את הודעת הסיכום בשם סיעות הליכוד, ישראל ביתנו, העבודה, ש""ס, יהדות התורה והבית היהודי – מפד""ל החדשה. 1. הכנסת רואה חשיבות רבה בהסדרה מהירה של נושא הפיצויים לנפגעי השעיית הבנייה בהתנחלויות לאור הדיון שהתקיים במליאת הכנסת בנושא פיצוי נפגעי הקפאת הבנייה. 2. ועדת התובענות תכין בהקדם האפשרי קריטריונים לנפגעי השעיית הבנייה. 3. הממשלה תעמיד את התקציב הנדרש לצורך פיצוי נפגעי השעיית הבנייה. 4. משרד הביטחון, בתיאום מלא עם משרד החינוך, אישר את בנייתם של מבני חינוך בהתאם לצרכים שהעמיד משרד החינוך. בניית כל הפרויקטים המאושרים תימשך. תודה, אדוני היושב-ראש.",9,"The speech emphasizes the importance of compensation for construction suspension in settlements, indicating strong support for settlement policies."
249187,2010-02-17,התיישבות,"אדוני היושב-ראש, חברי השרים, חברי הכנסת, בבואנו לחוקק אנחנו כמו סופרים – חדוות יצירה. אני חייב להתוודות שאת החוק הזה, כשהתחלתי לעבוד עליו, זה היה בלי חדוות ובלי יצירה, כי עמדתי לגבי הקפאת הבנייה ידועה. אני חושב שזה טעות שתהיה בכייה לדורות שאנחנו ממתגים ציבור יקר והופכים אותו לציבור שמציונים נהפכים למכשול. אבל החוק הזה לא נוגע לחיוניות – הנחיצות – של הקפאת הבנייה. הוא נוגע – איך אנחנו מפצים את אותם מתיישבים שנפגעים. ראינו שהצווים חולקו בצורה מאוד מאוד יעילה, עם הרבה מאוד כוחות, אבל הפיצויים – אף אחד לא נדרש לסוגיה הזאת. אני נפגשתי עם רבים מהפקידים הבכירים בממשלה, וקיבלתי תשובות מקוממות. אומרים: מה אתה רוצה, אף אחד לא מפגין, אף אחד לא נמצא על הגדרות. אני אומר לחברי השרים: האנשים שפגענו בהם הם אנשים עובדים, הם מגדלים ילדים, מה אתם רוצים שהם גם יבואו ויפגינו מול משרד ראש הממשלה ויגידו, אנחנו משלמים משכנתה כל חודש, אנחנו משלמים שכר דירה כל חודש, אנחנו משלמים מסים גם על המגרש שאסור לנו לבנות עליו וגם על הדירה שאנחנו שוכרים? אנחנו פוגעים בעקבות הצו הזה באלפי משפחות, אלפי משפחות שלא עשו שום עוול. אף אחד לא אמר להם, אף אחד לא הזהיר אותם – הם פשוט קנו מגרש בארץ-ישראל. קנו מגרש כדת, כחוק, והיום בצו שלטוני פוגעים בהם. ופה אני פונה דווקא לחברי מהשמאל: כשפוגעים באזרח בצורה כל כך קשה, אסור להסתכל על הנושא האידיאולוגי. כי ברגע שפוגעים במישהו, זו פגיעה אישית באזרח מדינת ישראל. אני חושב שהממשלה, בצורה מחפירה, משתהה בטיפול בנושא הזה. כולנו רואים מה קורה למפונים מגוש-קטיף וצפון השומרון – עד היום חיים בקרוונים. מי שלא מכיר – שייסע לאתר ניצן. אסור שהדבר הזה יקרה גם למתיישבים ביהודה ושומרון. כדי שלא יקרה, צריך פעולה מיידית. כמו שאמר חברי חבר הכנסת אורי אריאל, קיבלנו התחייבות שבתוך 14 יום מהיום, עד 3 במרס, ייקבעו קריטריונים ויוסדר הנושא. אני נוטה להיות סקפטי. אני מקווה שאני אתבדה. אבל, אם זה לא יקרה – יש שעון חול, שעון חול לנושא הפיצויים, שהוא בדיוק 14 יום מהיום, ואגב, החוק הוא חוק פשוט מאוד, שקובע את המנגנון ואומר: אם יש לך 100 מ""ר בהיתר בנייה שניתן לך כחוק, תקבל פיצוי על 100 מ""ר, ולא כמו שפקידי האוצר רוצים, שאותו נפגע יבוא לוועדה, יביא את החוזה, יראה כמה כסף הוא משלם שכר דירה, יוכיח על-ידי תצהירים כאלה ואחרים, יוציאו לו את המיץ ואז אולי הוא יקבל פיצוי. החוק אומר: יש לך היתר? – אתה מקבל פיצוי לפי מספר המטרים שבהיתר, בצורה מיידית. מדינת ישראל משקיעה מיליונים בביטחון. הביטחון של המתיישבים לא פחות חשוב. אדוני היושב-ראש, אני רוצה לומר ששעון החול הזה מתקתק בשני מובנים: גם במובן הפיצויים וגם במובן הבנייה. ראש הממשלה התחייב שבתום עשרת החודשים נחזור לבנות ביהודה ושומרון. שעון החול מתקתק. עוד 221 יום אנחנו נגיע ל-26 בספטמבר, זה המועד שבו צריך לחזור לבנות. נכון שזה נראה רחוק, אבל הזמן עובר וזה יגיע. לכן, עד שזה יגיע, אנחנו מחויבים לתקן את העוול הזה, לשלם פיצויים באופן מיידי לאותם מתיישבים. יש לזה רוב בבית הזה, חוצה מפלגות. שמעתי גם במפלגת העבודה אנשים מדברים: אי-אפשר לא לשלם פיצויים. שמעתי מה קורה בש""ס. נפגעים מאות ואלפי אנשים ביישובים שלמים של ביתר-עילית, מודיעין-עילית, שהשאירו אותם עם חוזים ביד עם קבלנים. אני רוצה לומר מפה, לסיום, לאותם שרים, לפקידי הממשלה: יכול להיות שאתם לא רואים את הפרצופים של הנפגעים בשערי הכנסת, אבל הם קיימים. ואני אסיים במקרה של אשה שאני פגשתי. קוראים לה חנה, היא בת 70, היא גרה בשערי-תקווה. היא פנסיונרית, אמא לשני ילדים. היא מכרה את הבית שלה עקב חובות וקנתה מגרש ביישוב שבו היא גרה, בשערי-תקווה. היום – היא לקחה הלוואה גדולה מאוד מהבנק – היא לא יכולה לבנות, היא משלמת שכר דירה כ-4,000 שקלים בחודש על הבית הזמני שהיא לקחה, והיא לא יודעת מה לעשות. היא פנתה אלי, היא פנתה לראש המועצה, היא פנתה לוועדת התובענות, היא פנתה לכל מי שאפשר לפנות – אין קול, אין עונה. עד היום עברו יותר מ-80 יום של הקפאה, ושקל אחד פיצויים לא ניתן. מסך כל האנשים שפנו לוועדות השונות – לשישה אנשים. זו תעודת עניות לכולנו. לכן, חברי חברי הכנסת והשרים, אם בתוך שבועיים ימים לא נקבל מענה, לא ייקבעו קריטריונים, לא יינתנו פיצויים, לא נראה כסף שניתן למתיישבים – נעביר את החוק הזה בקריאה טרומית. תודה.",10,
249364,2010-02-23,התיישבות,"אדוני היושב-ראש, כבוד שר המשפטים, השר נאמן, אני פונה בייחוד אליך. בית-המשפט העליון קבע להרוס בתים בשכונת-היובל בעלי. מסתבר שאחד הבתים שייך לרועי קליין, זיכרונו לברכה. רועי קליין הוא גיבור ישראל שתלמידי ישראל לומדים עליו. אני פונה אליך, כי בית-המשפט נתן אפשרות לשר הביטחון ולממשלה להשיב ולהכשיר חלק מהשכונה. אני חושב שצריך פה התערבות אישית שלך ושל ראש הממשלה ושל השר בגין – שהצטרף אלינו – למצוא את הפתרון החוקי, המשפטי, ולא להגיע למצב ששולחים טרקטורים או כלים אחרים להרוס את בית אלמנתו של רועי קליין, סמל במדינת ישראל. וגם בנושאים אחרים, שיש מקרים חריגים, מוצאים את הדרך להביא לפתרון, ואני פונה אל השרים שפה במליאה להידרש לסוגיה הזאת בהקדם.",9,"The speech strongly advocates for the preservation of homes in a contested area, emphasizing the historical and national significance of the individual involved."
250028,2010-03-10,התיישבות,"אדוני היושב-ראש, כבוד השר, כבוד חברי הכנסת, זה לא מפתיע שלא נמצא פה בחדר שר הביטחון לענות על נושא כל כך חשוב, ואפילו סגנו, סגן שר הביטחון מתן וילנאי, גם לא נמצא פה לענות על נושא כל כך חשוב, מכיוון שאין תשובה. אין תשובה לתת לאנשים, שבהחלטת ממשלה עברו לגור באריאל – מפוני נצרים, בהחלטת ממשלה קבעו שיבנו להם בתים, ובהחלטת ממשלה גם אומרים להם: אתם לא יכולים לבנות. וזאת לאחר שהממשלה השקיעה בתשתיות, הכול ערוך ומוכן להמשך הבנייה, וצו ההקפאה חל על אותם תושבים. ואני פה פונה לשר הביטחון, שאינו נמצא באולם, אבל אולי הוא ישמע זאת, ושואל אותו: מדוע הוא לא מפעיל את האיבר החשוב ביותר בגופו, את הלב שלו? כבר שלמה המלך בא וביקש ואמר: שיהיה לי לב שומע. ואני אומר לשר הביטחון: שיהיה לך לב שומע. לב שומע לשמוע את הקולות של מפוני נצרים שגרים היום באריאל, אדוני היושב-ראש, העיר שבה אתה גר, וגרים בקרווילות ורוצים לבנות את בתיהם, וכבר ערוכים לכך, ובעקבות הצו לא יכולים לבנות. השבוע התבשרנו, ואני מברך על כך, שאושרה איזו חריגה קטנה ליישוב ביתר-עילית מסיבות הומניטריות. אני מברך על כך, אדוני השר בני בגין, ואני שואל: האם אין סיבות הומניטריות גם למפוני נצרים? איזו סיבה יותר הומניטרית צריכה להיות, אם מי שבהחלטת ממשלה, שהתקבלה פה – ואני התנגדתי בחריפות להתנתקות, אבל היא התקבלה ברוב דמוקרטי – עקרו אותם מבתיהם, הרסו את הבית שלהם, ואמרו להם: לכו תבנו קהילה נוספת, קהילה אחרת, באריאל, והיום אומרים להם: אי-אפשר לתת לכם לבנות, אנחנו מקפיאים אתכם. זהו צעד לא הומניטרי, לא מוסרי, והוא לא קשור לפוליטיקה. יש לי ביקורת רבה על שר הביטחון. גם היום הוא בחר לבוא ולבקר את ההחלטה לבנות בירושלים, לבנות ברמת-שלמה. אדוני היושב-ראש, אני עכשיו חזרתי מרמת-שלמה, ראיתי במו-עיני במה מדובר. מדובר בשכונה יהודית, והביקורת היחידה שיש לי היא על כך שזה בשטח ירוק עם עצים ופרחים. אז הביקורת היחידה יכולה להיות – שאולי צריך להשאיר שם קצת שטח ירוק לילדים שגרים ברמת-שלמה. אבל לבוא ולומר שיש עניין של עיתוי ותזמון ולא צריך לבנות עכשיו ולא לאשר בירושלים? ואני אומר פה לחברי חברי הכנסת: חלקכם הייתם חברי מועצת העיר ירושלים. לא ייתכן שיהיה תזמון מתי לאשר תוכניות בנייה בירושלים. לא ייתכן ששר הביטחון יבוא ויאמר: זה לא הזמן המתאים. לכן אני פונה מפה לשר הביטחון, שיקשיב לציבור, שיהיה יותר שומע. בגלל החוק, הוא אמון היום על מה שקורה ביהודה ושומרון. הוא קובע גורלות. זה לא כמו ששר הפנים עושה זאת. יש לו המון סמכויות, המון כוח ביד, וזה בעייתי מאוד. נקודה נוספת, פניתי גם לשר עצמו בנושא ביתו של רועי קליין, שהיום קיים – ביתם של אלמנתו וילדיו בשכונת-היובל בעלי. גם שם צריך ששר הביטחון יפעיל את שיקול הדעת, יפעיל את כוחו וימנע את העוול שאנחנו רואים. ואני חושש, אדוני היושב-ראש, שהעובדה ששר הביטחון לא נמצא פה והעובדה שסגן שר הביטחון גם לא נמצא פה, ואין מי שישיב על הדברים האלו – זו סיבה לדאגה. וחובתנו ככנסת לקרוא לשר הביטחון שיבוא לפה, לוועדות, לתת תשובות – מדוע הוא לא מאפשר ליהודים שהממשלה שלחה אותם לגור באריאל לבנות את בתיהם, לאחר שהם התנתקו מהיישוב שלהם, נצרים.",10,
250521,2010-04-27,התיישבות,"אדוני היושב-ראש, חברי חברי הכנסת, כבוד השר, נושא כאוב זה מתחיל בחטא ההיבריס, אדוני השר. בטרגדיה היוונית יש חטא ראשוני. החטא הראשוני של הממשלה שלנו זה דוח טליה ששון – דוח שלא אושר על-ידי ממשלות שונות אבל הושרש, ופקידים שונים היום עובדים על-פי אותו דוח, שבא וקובע שיש התיישבות חוקית ובלתי חוקית, ולכן הגענו למצב ששכונות שלמות ויישובים שלמים ביהודה ושומרון מוגדרים כבלתי מורשים. ראשית, הממשלה חייבת היום להחליט שהיא מבטלת את הדוח הזה, שלא אושר מעולם, ולמנות מישהו מטעם הממשלה שיקבע אחת ולתמיד מה זה המושג ""חוקי"", ""בלתי חוקי"", ""מורשה"" או ""בלתי מורשה"". בגלל החטא הזה, של הדוח הזה, הגענו למצב שתנועת ""שלום עכשיו"", סמל הציונות – ומציינים פה 150 שנה להולדתו של הרצל – באה ועותרת בבית-המשפט העליון, להרוס בתים שלא עומדים לפי הגדרת דוח טליה ששון. ובית-המשפט העליון קבע לוחות זמנים למדינה, ובסוף השבוע הקרוב, ב-1 במאי, המדינה צריכה להשיב לבית-המשפט העליון מדוע היא לא שולחת דחפורים. רצה הגורל ובשכונה הזאת, בגבעת-היובל בעלי, גרים גם גיבורים וגם משפחות שהן יותר גיבורות, אבל הם התפרסמו בגלל שישבה שם משפחתו של רועי קליין, גיבור ישראל. והנושא הזה נדון בכנסת לפני שהצטרף אליו עוד גיבור ישראל, שכנו לשכונה, אלירז פרץ הי""ד, והיום אנחנו שואלים את עצמנו: האם יישלחו דחפורים לבתים האלה של האלמנות והיתומים? ואני נחרדתי לראות את פנייתו של שר הביטחון, שפונה לבית-המשפט העליון בנוהל חריג – שר פונה לנשיאת בית-המשפט העליון – והוא אומר במכתבו: כעת הזמן לא מתאים להרוס. בואו תדחו את ההחלטה בשישה חודשים, ולאחר מכן נוכל להרוס. אני יודע שנעשית עבודה בממשלת ישראל להכשיר את היישובים האלה, לתת להם את התוקף הנדרש. זה דבר שהוא מתחייב, וזה מה שאני מקווה שיקרה בימים הקרובים. אבל הדבר הנקודתי של גבעת-היובל ושל חרשה – ההתחלה. יש עשרות יישובים שצריך להכשיר אותם, בצורה חוקית. כמו שבקיבוצים במדינת ישראל שהתב""עות שלהם לא אושרו – אישרו אותן בדיעבד. בעיר בית-שמש, אדוני היושב-ראש, עיר ועם בישראל, חלקים נרחבים מהעיר בית-שמש נבנו כשהתב""ע שלהם היתה בהליכי אישור, כמו אותם יישובים ביהודה ושומרון. ועל מנת שנוכל לבצע זאת אני קורא לממשלה למנות נציג מטעמה שיכין דין-וחשבון ראוי ואמיתי, ולא של טליה ששון, שהיום היא מועמדת לכנסת ברשימת מרצ ומדברת בלהט רב נגד ההתיישבות, שכתבה חצאי אמיתות ושקרים על מנת לפגוע בהתיישבות. לכן אני מקווה שהתגובה שנקבל היום מממשלת ישראל, ויותר חשוב מכך – התגובה שתינתן לבית-המשפט העליון ביום חמישי, תהיה ברורה: שאת השכונות האלה לא הורסים. תודה רבה.",10,
251033,2010-05-12,התיישבות,"גברתי היושבת-ראש, אדוני שר התיירות, חברי חברי הכנסת, ראשית, אני רוצה להסתייג מהאמור בנושא ההצעה: אין שום הסכמה על הקפאת בנייה בירושלים. ראש הממשלה אמר זאת בצורה מפורשת, ואני חושב שדווקא היום, ביום ירושלים, באופן מפתיע אנחנו דנים בנושא זה, כששולחים לנו מסר מהבית הלבן בוושינגטון ואומרים: לא תבנו ברמת-שלמה. אז קודם כול אני מזמין את השגריר האמריקני, ואולי גם את הנשיא האמריקני, לבוא לירושלים אחרי שהוא ביקר בטורקיה, והוא ביקר, גברתי היושבת-ראש, גם בערב-הסעודית והוא ביקר גם במצרים, שיגיע לישראל ויבוא לבקר ברמת-שלמה, והוא יראה שכונה יהודית לתפארת בתוך ירושלים. ועל האמירה המקוממת הזאת שבאה אלינו ביום ירושלים אנחנו צריכים להשיב בצורה מאוד ברורה: אין הקפאה בירושלים ולא תהיה שום הקפאה בירושלים. ומפה אני רוצה לפנות לנשיא אובמה ולומר לו: הסר ידיך מירושלים; President Obama, take your hands from Jerusalem   – – –

is, was and will be the eternal capital of the Jewish People; ואנחנו אומרים לו: הסר את ידיך מירושלים. יש לנו ממשלה לאומית, ממשלה ציונית, ולכן אסור לנו לרגע אחד לגמגם, לפקפק בנושא ירושלים, והמבחן האמיתי זה מבחן הבנייה. ברמת-שלמה לא יבנו בשנתיים הקרובות, לצערי, בגלל ביורוקרטיה, שצריך גם אותה לתקן, אבל יש שכונות רבות ברחבי ירושלים, החל בגבעה-הצרפתית וגילה ושמעון-הצדיק ומעלה-הזיתים – כל השכונות האלה בתוך ירושלים, ובשבועות הקרובים אנחנו נראה בנייה. ואם יעברו כמה שבועות או כמה חודשים ולא יבנו, אז אכן ההצעה הזאת לסדר-היום היא במקום. היום, ביום ירושלים, אנחנו צריכים לבוא ולהעביר את המסר לוושינגטון. אני שאלתי את ראש הממשלה, והוא אמר בצורה ברורה: גם באישורי תוכניות, גם פרויקטים קטנים וגדולים, אין שום שינוי במדיניות. ולכן אני חושב, כממשלת ליכוד שתמיד האמינה בירושלים, שאנחנו צריכים לומר לנשיא אובמה מה שאמר ראש הממשלה מנחם בגין לנשיא קרטר, כשהנשיא קרטר אמר לו: צריכים לדון על נושא נוסף, אדוני ראש הממשלה, על נושא ירושלים. ענה לו מנחם בגין בחוכמה יהודית; הוא אמר לו: אדוני הנשיא, אני לא יכול לדבר אתך על ירושלים, כי אין לי מנדט לדבר על ירושלים, היא לא שייכת לי, היא שייכת לעם היהודי, והוא קם ללכת. ואז הנשיא קרטר הבין ואמר: תשב, אדוני ראש הממשלה, הבנתי את המסר, ולא דיבר על ירושלים. זה המסר שלנו היום, ומפה אני קורא לאנשים להרים את הטלפון ולהתקשר לנשיא אובמה, מספר הטלפון שלו הוא 2024561111, להתקשר ולומר לו – – –

טלפון של הנשיא אובמה, אתה יכול להתקשר, מיכאלי, 2024561111, להגיד לו: Take your hands off Jerusalem – הסר ידיך מירושלים, הנשיא אובמה, ביום בירושלים.

נמשיך במליאה את הרוח הרומנטית של אהבת ירושלים. דיון במליאה.

– – – אבל הצעה אחרת. אתה יכול להציע שהמליאה תדון. זה לא דיון במליאה.",10,
252732,2010-07-06,התיישבות,"אדוני היושב-ראש, כבוד השרים, מכובדי, נגיד מסדר ז'בוטינסקי עורך-דין עמנואל ויזר, יושב-ראש המועצה הציבורית להנצחת זכרו של זאב ז'בוטינסקי, חברי המסדר, נציגי מכון ז'בוטינסקי, מנכ""ל המכון יוסי, חברי ההנהלה הציונית, חבר ההנהלה מר יעקב חגואל, חברי הכנסת – – –

בהחלט. אני חושב שבבית הזה היום, אם היינו שואלים כמה מהנוכחים באולם הזה יודעים את ""שיר בית""ר"", אדוני היושב-ראש, היינו רואים שיש רוב ציוני שיושב משני עברי המתרס, וגם ביציע, שיודע לשיר את ""שיר בית""ר"", וראש בית""ר היה גאה בכך שמשנתו – – –

אפילו חברת הכנסת שלי יחימוביץ מכירה את מילות השיר.

– – – שמשנתו קיימת ושרירה. לגבי הפרשנות שכולנו מתווכחים עליה, הוא גם אמר: ""אל תעמדו על קברי דומם"", משמע שניתן להתווכח גם אחרי מותו. אדוני היושב-ראש, אני מגיע מדי שנה לקברו של ראש בית""ר בכ""ט בתמוז, גם ביום ראשון הקרוב בכוונתי להגיע, ובדרך כלל אני גם רואה את היושב-ראש, ומחשבה אחת תמיד מעסיקה אותי: מדוע לקח 24 שנים לממשלת ישראל לקיים צוואה של נביא ציוני, של אחד מהמנהיגים הדגולים, הגדולים של העם היהודי, שבצוואתו הדלה והקצרה הוא כתב כמה שורות: ""ואת עצמותי, אם אקבר מחוץ לישראל, אין להעביר לארץ-ישראל אלא לפי פקודת הממשלה היהודית של ארץ זו כי תקום"". ראש בית""ר זאב ז'בוטינסקי נפטר ב""מחנה האנטר"" בצפון ניו-יורק בשנת 1940, ולקח לנו, למדינת ישראל, 24 שנים עד שהועברו עצמותיו של מנהיג דגול זה, והוא קיבל את ההכרה, הכרה לא רק פיזית, הכרה רוחנית. היום אנחנו מציינים את זכרו של איש אשכולות, נביא המהפכה הציונית, 70 שנה אשר בהן משנתו ואמונתו בהגשמת החזון הציוני הפכו מרעיון, מאמר, מכתב, פתק, למציאות יומיומית. וכל מה שאנחנו רואים פה לנגד עינינו היום – בית יהודי, עלייה חופשית, צבא יהודי, שפה עברית, תרבות ישראלית – כל הדברים הנפלאים שאנחנו רואים, זה נראה לנו מובן מאליו, זה ברור, זה שלנו, זה קיים; זה לא היה מובן מאליו כאשר זאב ז'בוטינסקי הסתובב בקרב הקהילות היהודיות והפיץ את משנתו. היו לו האומץ, העוז, ההדר, ללכת, לנסוע ברכבות ולהפיץ את אמונתו היוקדת. ברוב המקומות הוא זכה למידה לא מבוטלת של ספקנות, של ציניות, של זלזול. צריך לקרוא את כתביו בנסיעות הרכבת אחרי כל אספה שבה הוא ניסה לשכנע את היהודים לגבי עתיד העם היהודי, לגבי סכנת השואה, ולא הקשיבו לו. היום אנחנו, ממשיכי דרכו, אומרים לראש בית""ר: צדקת. צדקת בראייתך המדינית הריאליסטית, שהתבררה כנכונה, וכמעט כל מה שחזית קרה, החזון התגשם. בשנת 1936 – וציטטה אותו יושבת-ראש האופוזיציה –  אמר בהרצאה בוורשה ראש בית""ר: ""השיבו לנו את ארץ-ישראל ולאחר כמה דורות יהיו שם 8 מיליונים יהודים וגם 2 מיליונים ערבים וגם מקום פנוי וגם עוד שלום. זהו תפקידה הראשי של הציונות, להכשיר בארץ-ישראל תנאים שכאלה שמחר או בעוד עשר שנים או בעוד 30 שנה תוכל הארץ לכלול ולכלכל את כל היהודים שיבואו, לא אכפת לי מחמת איזו סיבה, ויתדפקו על שעריה. הציונות אינה מסתיימת בכך שייווצרו רוב עברי ומדינה עברית בארץ-ישראל"". ואכן לא הסתיימה המלאכה, המהפכה הציונית עדיין לא סיימה את דרכה, אף שמושגים שהטביע זאב ז'בוטינסקי כבר שגורים בפיהם של כל מנהיגי המדינה – חמשת המ""מים הנוגעים לצדק החברתי, זכויות המיעוט בדמוקרטיה מיושמות מדי יום ביומו ונבחנות גם בבית הזה; חברת הכנסת זועבי, שנמצאת פה ומדברת פה, זה יישום חזונו של זאב ז'בוטינסקי. רעיון קיר הברזל הוכיח את עצמו לכל אורך ההיסטוריה של עם ישראל. גם הפעם, כאשר נשמעים קולות ממזרח ומערב לגבי זכותנו בארץ-ישראל, אל לנו להירתע. אני קורא מפה לראש הממשלה בנימין נתניהו, שנמצא כרגע בבית הלבן: עלינו מוטלת החובה להמשיך ולהאמין בצדקת דרכנו. אמור לנשיא אובמה: פנינו לשלום אך אין אנו מוותרים על זכותנו בארץ-ישראל. פנינו לשלום אך אין אנו מוותרים על זכותנו בירושלים. זו הזכות ההיסטורית, זהו קיר ברזל האמיתי. קיר הברזל האמיתי הוא לא בבניית גדרות, קיר הברזל האמיתי הוא לא במיגון של שדרות, קיר הברזל האמיתי הוא לא ב""כיפת ברזל"", קיר הברזל הוא בתודעה הפנימית, באמונה הפנימית שלנו בצדקת דרכנו. לסיום, ברשותכם, אקריא בית אחד מדברי הספד: ""הוא בא לעם, גאה וזקוף קומה,/ ובת-קולו כרעם עז הרעימה,/ ויוליכנו קדמה וקדימה/ בקריאתו 'מולדת – ויהי מה!'/ הוא שר על חג בארץ משוחררת,/ בארץ-אור שלנו לעולם –/ וליום הקץ הפך לו יום תפארת,/ ונפסקה בפיו שירה סוערת.../ אך במקומו ישלים אותה העם!"" את דברי הספד האלו לא כתבו על זאב ז'בוטינסקי. דברי הספד אלו כתב זאב ז'בוטינסקי בעצמו בשנת 1904, כהספד להרצל, חוזה המדינה היהודית. בגיל 24 הוא כתב את דברי ההספד, ובלי שהוא ידע הוא כתב גם את ההספד על עצמו. כי כל מלה, לגבי המחויבות, לגבי הנדר הבית""רי, יום שירות, זה בהחלט מה שראש בית""ר האמין בו. ואנו היום, תלמידיו, מוקיריו, ממשיכי זכרו ודרכו מחויבים להמשיך בדרכו.",10,
252970,2010-07-12,התיישבות,ביהודה ושומרון יש הרבה מקרים כאלה.,8,
253125,2010-07-14,התיישבות,"אדוני היושב-ראש, אדוני סגן השר, ממידע שפורסם השבוע עולה כי משרד הביטחון מתכוון לאפשר סלילת כביש גישה מביר-זית לעיר הפלסטינית רוואבי. רצוני לשאול: האם בכוונת המשרד למסור לרשות הפלסטינית שטח משטח C לשטח A, או די ביצירת הפקעה לשטח ובכך לשמור אותו בידי מדינת ישראל?

אני מודה לסגן השר על תשובתו. אני לא אביע את עמדתי האישית לגבי מסירת שטחים לפלסטינים, אבל יש חשיבות ביטחונית רבה שלא תהיה מסירת שטח מעבר לאקט המדיני, שיהיה בהפקעה, ואני מבקש שנושא זה יובא לדיונים, ולא שנשמע בכותרות העיתונים שהועבר – עם כל הכבוד לגודל שלו. אבל עצם המסירה של השטח, וגם ההיבט הביטחוני – כי יישוב יהודי שאותו כביש יעבור, אם זה יהיה מנהרה – לא פירטת אם השטח יהיה במנהרה או בגשר – אבל יהיה כביש שישרת את האוכלוסייה היהודית, שיצטרך להיות גם בטוח ליהודים.",5,
253493,2010-07-21,התיישבות,"הצעת חוק יישום תוכנית ההתנתקות (תיקון מס' 2), התש""ע–2010, קריאה שנייה ושלישית – יציג את הצעת החוק יושב-ראש ועדת הכספים, חבר הכנסת משה גפני. בבקשה.

אני מודה לך, חבר הכנסת גפני. אנחנו ציינו חמש שנים להתנתקות, אני מקווה שבעוד חמש שנים לא נעסוק בתיקון החוק הזה.

יש שני מסתייגים לנוסח שהציג יושב-ראש הוועדה. חבר הכנסת אורון – אינו נמצא. חבר הכנסת אריה אלדד, בבקשה.

אני מודה לחבר הכנסת אלדד. אני מבין שאת ההסתייגות אפשר למשוך. אנחנו עוברים להצבעה בקריאה שנייה כלשון הוועדה; הצעת חוק יישום תוכנית ההתנתקות (תיקון מס' 2), כלשון הוועדה. הצבעה מס' 65 בעד סעיפים 1–15 – 25 נגד – אין נמנעים – אין סעיפים 1–15 נתקבלו.

בעד – 25, אין מתנגדים, אין נמנעים. הצעת החוק עברה בקריאה שנייה. אדוני יושב-ראש הוועדה, אפשר לעבור לקריאה שלישית? אנחנו עוברים לקריאה שלישית. כלשון הוועדה. הצבעה מס' 66 בעד החוק – 24 נגד – אין נמנעים – אין חוק יישום תוכנית ההתנתקות (תיקון מס' 2), התש""ע–2010, נתקבל.",5,
253642,2010-10-12,התיישבות,"אדוני היושב-ראש, אדוני השר, חברי חברי הכנסת, מחר מתקיים שימוע לתושבים שבנו בית-כנסת ביישוב מעלה-שומרון, בית-הכנסת ""אלמתן"". אני שואל את אדוני היושב-ראש: כיצד ייתכן – אנחנו לא שומעים פה מאף אחד מחברי הכנסת הערבים ואנשי השמאל שמקום קדוש, רוצים לאטום אותו. הרי אם היה מדובר במסגד שרוצים היו להרוס אותו, כל הבית הזה היה קם על רגליו. לכן אני בא ואומר: אנחנו צריכים פה, כאיש אחד, גם חברי חבר הכנסת טיבי, גם אחרים מהשמאל, לא לתת את היד לאטום בית-כנסת בארץ-ישראל. כי כאשר אתם תבואו לפה, כשיש מסגדים כאלה ואחרים, ושמישהו יעז לבוא ולהרוס מסגד – אני לא שמעתי שזה קרה במדינת ישראל. לכן, מחר מי שעורך את השימוע לתושבים צריך לחשוב טוב-טוב לפני שהוא מחליט לאטום או להרוס בית-כנסת בארץ-ישראל. זה מתאים היום דווקא, כי מורשתו של גנדי היא לבנות ולפתח את הארץ ולא להרוס בתי-כנסת.",10,
253723,2010-10-13,התיישבות,"אדוני היושב-ראש, אדוני השר, אדוני סגן השר, חברי חברי הכנסת, לפני כמה חודשים טיילתי עם בני בכורי בשומרון והגענו לתצפית בהר-ברכה על קבר-יוסף, ובני שאל אותי מדוע אנחנו לא נכנסים לראות את הקבר מקרוב – יוסף הצדיק. התשובה שנתתי לו היתה תשובה שמתאימה לדיון של היום: מכיוון שהיתה, ואולי יש, הנהגה חלשה. הנהגה חלשה שבזמן האירוע לא קיבלה את ההחלטה הנכונה, לשלוח את הכוחות הנדרשים לחלץ את מדחת יוסף, לחלץ את כוחות הצבא, והנהגה חלשה, שעד היום יהודים לא יכולים להגיע לקבר-יוסף. ותראו שזה יוצא שכשמציינים עשר שנים למדחת יוסף מתקיים גם טקס נוסף בהר-ברכה – מציינים עשר שנים שלא ניתן להגיע לקבר-יוסף. זה קשור יחדיו, אי-אפשר לפרום זאת. והלוחם האמיץ שלחם על הזכות של יהודים להגיע ולהתפלל בקבר-יוסף, היום הקהילה הדרוזית באה ואומרת: אנחנו דורשים משפט צדק, דורשים ועדה אמיתית שתבדוק מה שקרה. והציבור בישראל אומר: אנחנו מצטרפים לקריאה הזאת, ובאותה נשימה: אנחנו רוצים גם לחזור להתפלל בקבר-יוסף. וצריך הנהגה חזקה שתאפשר זאת. כמו שאנחנו מאפשרים ליהודים להגיע להתפלל בקבר רחל, להגיע להתפלל במערת המכפלה, אין שום סיבה שלא יגיעו להתפלל בקבר-יוסף. היה לי התענוג המפוקפק להיכנס לתפילה בקבר-יוסף בשעת לילה מאוחרת. אז כמובן זאת חוויה מרגשת, אבל למה אנחנו צריכים להגיע ב-24:00, בחושך, כגנבים בלילה, למקום כזה? אני חושב שאנחנו צריכים לקרוא היטב את הפרוטוקולים של מקבלי ההחלטות, שנמנעו מלקבל את ההחלטה הנכונה ונכשלו כשל חמור, וחלקם יושבים היום אתנו בכנסת, וצריך לומר שהם נכשלו בקבלת ההחלטה הנכונה באותו רגע, וזו העת לתקן. התיקון יתבצע בקבלת החלטה ציונית, החלטה אמיצה, שתאפשר ליהודים להגיע להתפלל בקבר-יוסף, ונאפשר ליהודים להגיע עם כוחות הביטחון, ושידעו הפלסטינים שהניצחון והפשע שהם ביצעו בקבר-יוסף הוא לא לעד. ברגע שנחזור למקום, זה הניצחון האמיתי: אנחנו טעינו, חזרנו, נמצאים שם ומתפללים – ואני לא נכנס לכל ההיבטים של הסכמי אוסלו, מה כתוב שם, והסכמים אחרים על הזכויות שלנו במקום. אני חושב שהיום צריך לומר למשפחתו של מדחת יוסף ולומר לקהילה הדרוזית האמיצה, שנלחמת אתנו יד ביד בכל מקום, בכל שעה: נכשלנו, והכישלון יתוקן על-ידי חזרה לקבר-יוסף.",10,
254245,2010-10-27,התיישבות,"אם תספח את אותם פלסטינים, החוק יחול גם עליו.

אם הוא אזרח פלסטיני – – –

תודה. גברתי היושבת-ראש, אדוני השר, אדוני סגן השר, חברי חברי הכנסת, ראשית, חבר הכנסת טיבי, לא שמעתי ממך גינוי מוחלט לכל מעשי האלימות והוונדליזם משני הצדדים. הכותרת פה היא מוטעית. צריך לדון היום בנושא המסיק, אבל בפגיעה של פלסטינים בעונת המסיק. ואני רוצה לבוא ולומר היום שיש פה פגיעה של שני הצדדים, של גורמים קיצוניים משני הצדדים, ולא נכון לבוא ולהציג את הדברים כמו שהם הוצגו פה היום על-ידך ועל-ידי חבר הכנסת . אדוני סגן השר, בידי עדויות על עשרות מקרים מהשבועות האחרונים שצבא-הגנה לישראל אפשר, בצדק, כניסתם של פלסטינים לשטחים שמוקפים ביישובים יהודיים, או נמצאים תחת יישוב יהודי – שטחים ששייכים לפלסטינים, והצבא מאפשר גישה לאותם איים בליווי כוחות הביטחון על מנת לאפשר את המסיק. אבל מה שקורה בפועל, מגיעים ארגוני שמאל קיצוניים, בסופי-שבוע בדרך כלל, כי כנראה זה חלק מהספורט העממי שלהם לבוא בסופי-שבוע ולחרחר מלחמה. הם מגיעים בימי שישי ושבת עם אותם פלסטינים, ותראה מה התוצאות. רק בשבת האחרונה במשק-אחיה נכנסו, בנוכחות הצבא, פלסטינים. כשהם יצאו משם היו גדרות, טפטפות – הרס, ונדליזם. למה זה קורה? למה זה קורה? ואני בא ואומר היום: אני מגנה כל יהודי שפוגע בעץ זית או במסיק או ברכוש של פלסטיני. אבל באותה נשימה, צריך גינוי ופעולה נמרצת של הצבא בכל מה שקורה היום. יש בידי – אסור פה להראות תמונות אז אני לא אראה את זה במליאה, גברתי היושבת-ראש, אבל עשרות תמונות של רכוש יהודי שהושחת בתקופת המסיק. ולכן אני בא ואומר, הצבא צריך לאפשר את המסיק, אבל אם זה נהפך לפסטיבל המסיק, וזה מה שקורה, עם אותם תימהונים שמגיעים מחוץ-לארץ, מגיעים מחוץ-לארץ להשתתף בפסטיבל של המסיק הזה ומחרחרים מלחמה בין התושבים שיודעים להסתדר ביניהם; ואז אנחנו רואים את התמונות הקשות של הוונדליזם, של האלימות, של פגיעה בחיילים. אני בא ואומר, אדוני סגן השר: אם זה מה שקורה, אל תאפשרו לאותם ארגוני שמאל ועמותות למיניהן שמגיעות מחוץ-לארץ לעשות את הפסטיבל הזה, ותאמרו לאותם פלסטינים: אתם רוצים למסוק את הזיתים? זו זכותכם, זה אמיתי. אתם רוצים לעשות פה פסטיבל ולהתנגח? צבא-הגנה לישראל, אסור לו לאפשר זאת.

שר הביטחון הוא מהמפלגה שלך, אדוני סגן היושב-ראש.

שר הביטחון מהמפלגה שלך היום.",3,
254557,2010-11-03,התיישבות,"הנושא הבא על סדר-היום – הצעה לסדר-היום בנושא: הסדרת ההתיישבות הבדואית בנגב על בסיס הכרה, כולל אל-עראקיב, הצעה שמספרה 3979, של חבר הכנסת טלב אלסאנע. ישיב השר משולם נהרי.

תודה רבה לחבר הכנסת טלב אלסאנע. ישיב השר משולם נהרי. בבקשה.

תודה רבה, אדוני השר. האם – – –

השר מציע להסתפק בתשובתו – – –

אנחנו נצביע – להעביר את הנושא לדיון בוועדת החוקה, חוק ומשפט.

ארבעה בעד, אין מתנגדים. הנושא יעבור לדיון בוועדת החוקה, חוק ומשפט.",5,
254746,2010-11-10,התיישבות,"הנושא הבא: חרם אמנים על אריאל, הצעות לסדר-היום מס' 4120, 4131, 4142, 4152 ו-4170. ביום שני האחרון נפתח היכל התרבות באריאל. היה לי גם הכבוד להיות עם שרת התרבות באירוע, ויש הצעה לסדר-היום של כמה חברי כנסת בנושא חרם האמנים על אריאל. על ההצעה לסדר-היום תשיב שרת התרבות והספורט לימור לבנת. ראשונת הדוברים, חברת הכנסת ציפי חוטובלי, בבקשה. גברתי השרה, אני לא נשארתי לכל ההופעה אבל אני שמעתי ביקורות מלהיבות על ההופעה באריאל.

תודה רבה, חברת הכנסת חוטובלי. אני חושב שהמחרימים, זכותם להחרים. אולי הם יחזירו את הכסף שהם קיבלו מהמדינה, יחזירו את הצ'קים שהם קיבלו מהמדינה, ואז הם יוכלו להחרים כאוות נפשם. הדובר הבא – חבר הכנסת אריה אלדד, ואחריו – חבר הכנסת .

בשעות הפנאי הוא לא, כי הוא מחייב על השעות האלו.

תודה רבה, חבר הכנסת אריה אלדד. הדובר הבא – חבר הכנסת .

חבר הכנסת , תודה רבה. תשיב על ההצעות שרת התרבות והספורט, חברת הכנסת לימור לבנת. בבקשה.

תודה רבה, גברתי השרה. את מציעה להעביר את זה לדיון בוועדת החינוך?

אפשר להעביר את זה לוועדה, ואנחנו נחבר את זה.

יש הצעה אחרת – חבר הכנסת בן-ארי. כתושב השומרון, אני מניח שייהנה מהיכל התרבות באריאל.

תודה. יש לנו מספיק שחקנים פה בפוליטיקה, אתה רוצה להוסיף עוד שחקנים למפלגות שלנו?

תודה לחבר הכנסת בן-ארי. אנחנו, אם כך, מצביעים על העברת הנושא לוועדת החינוך. מי שמצביע בעד – מצביע בעד העברת הנושא לוועדת החינוך, התרבות והספורט. זה קשור לתרבות במלוא מובן המלה. הצבעה מס' 19 בעד ההצעה להעביר את הנושא לוועדה – 11 בעד ההצעה שלא לכלול את הנושא בסדר-היום – 1 נמנעים – אין ההצעה להעביר את הנושא לוועדת החינוך, התרבות והספורט נתקבלה.

בעד – 11, מתנגד אחד, אין נמנעים. ההצעה תעבור לדיון בוועדת בחינוך, התרבות והספורט.",10,
255571,2010-12-08,התיישבות,"אנחנו עוברים לנושא הבא על סדר-היום: הריסת אנדרטה לזכרו של חייל על-ידי המינהל האזרחי בשומרון, הצעות מס' 4392 ו-4430. ישיב על ההצעה סגן שר הביטחון מתן וילנאי. ראשון הדוברים – חבר הכנסת יעקב כץ.

הוא נרשם כבר בהצעה הקודמת כהצעה אחרת להצעה הזאת.

תודה רבה לחבר הכנסת יעקב כץ. הדובר הבא – חבר הכנסת זאב אלקין. בבקשה.

בואו נמתין ונשמע את סגן השר, הוא נמצא אתנו. לא צריך לנחש, חבר הכנסת רותם.

תודה רבה ליושב-ראש הקואליציה, חבר הכנסת זאב אלקין. אני מזמין את סגן שר הביטחון מתן וילנאי להשיב. בבקשה.

יש פררוגטיבה של השר לשלוח את הסגן, אבל גם לוועדות הכנסת אנחנו רואים שהשר מקפיד לא להגיע. אבל אם התשובות טובות אתה לא צריך להלין על כך, אדוני.

מה מציע אדוני סגן השר? אתה מציע להסתפק בתשובתך? להעביר את זה לדיון בוועדה?

תודה. המציעים, חברי הכנסת כץ ואלקין, מה אתם – – –

אנחנו נצביע – להעביר את הנושא לדיון בוועדת החוץ והביטחון של הכנסת. הצבעה מס' 9 בעד ההצעה להעביר את הנושא לוועדה – 10 נגד – אין נמנעים – אין ההצעה להעביר את הנושא לוועדת החוץ והביטחון נתקבלה.

בעד – 10, אין מתנגדים, אין נמנעים. הנושא יעבור לדיון בוועדת החוץ והביטחון של הכנסת.",10,
256561,2011-01-05,התיישבות,"אדוני היושב-ראש, תודה רבה, אני לא ארחיב במלים, רק אני אומר בקצרה לחברי מהשמאל, כמאמר השיר – – –

אני לא אכביר מלים, אדוני היושב-ראש, אני רק אומר לחברי מהשמאל כמאמר השיר: לפעמים החגיגה נגמרת. וזה מה שבדיוק קורה היום. החגיגה של ארגונים כמו ""עדאלה"", כמו ""בצלם"", ""עיר עמים"", ארגונים שמקבלים מיליוני שקלים מממשלות זרות, ואני מדגיש – מיליוני שקלים מממשלות זרות. תארו לכם – – –

חבר הכנסת טיבי, אתה יכול להודיע לכל המנכ""לים של הארגונים האלה שיחפשו עבודה אמיתית. אנחנו לא ניתן לממשלות זרות לממן את הארגונים שעושים דה-לגיטימציה למדינת ישראל.

החגיגה הזאת נגמרת. ולכן, אדוני היושב-ראש, אני מבקש מהכנסת לאשר הקמה של ועדת חקירה פרלמנטרית בנושא: מעורבות גופים וממשלות זרות במימון פעולות המופנות כנגד המדינה ובניסיונות לרכישה מאורגנת של אדמותיה.

חבר הכנסת טיבי רוצה שערב-הסעודית תקנה את אדמות הגליל ואת עמק יזרעאל ואת אדמות בנימינה. אנחנו לא ניתן לך לעשות את זה, חבר הכנסת טיבי.

אנחנו נעצור את המימון הסעודי שקונה אדמות בגליל, והפחד שלכם – אני מסתכל לכם בעיניים ואני רואה את הפחד שלכם מהחקירה והבדיקה הזאת.

אם אין לכם מה להסתיר, תבואו ונברר את העובדות עד תומן. תודה רבה.

אני לא משיב, אדוני היושב-ראש – רק לדברי דב חנין. הוא ציטט כל כך הרבה דברים – רק ציטוט אחד שכחת, החבר דב חנין: אור השמש הוא חומר החיטוי הטוב ביותר; וזה בדיוק מה שיקרה לאותם ארגונים. תודה.",1,"The speech strongly opposes foreign funding of organizations that challenge the legitimacy of the state, indicating a firm stance against settlement opposition."
261718,2011-07-13,התיישבות,"אולי על ה""מרמרה"" למדת מה זה אנטישמיות.

אדוני היושב-ראש, תודה רבה, אדוני ראש הממשלה, חברי השרים, חברי חברי הכנסת, אני קצת מבולבל, כי אני רואה מושגים שהאופוזיציה משתמשת בהם היום, ואני חושב שיש פה בלבול רב. שמעתי את חבר הכנסת פלסנר מדבר על בכיינות. קודם כול, בכיינות שייכת ליו""ר האופוזיציה, שכל היום אומרת: לקחו לי, שתו לי, אמרו לי, לא נתנו לי, והמשפט האחרון: לא הספקתי. לא הספקתי לעשות שלום. אם רק הייתי עוד קצת זמן שם, במשרד החוץ, יחד עם ראש הממשלה אולמרט, הייתי מביאה שלום. אז, גברתי יושבת-ראש האופוזיציה, את לא הספקת, וטוב שכך, כי הציבור בישראל שלח אותך לאופוזיציה, והוא אמר לך: אל תספיקי. הטעויות שעשיתם – אנחנו מתקנים כל יום. אתמול ציינו חמש שנים למלחמת לבנון. צריך לחזור ולקרוא את דוח-וינוגרד ולדעת מה זו המלה ""זיגזג"", כי מאשימים את ראש הממשלה בזיגזג. תקראו את דוח-וינוגרד ותראו מה זאת הנהגה מזגזגת: הנהגה שמחליטה להיכנס למלחמה ולא להמשיך בה, לשלוח את החיילים ולעצור. את זה לא אומר חבר ליכוד; את זה אומר השופט וינוגרד בדוח חמור מאוד על התנהלות ממשלת קדימה במלחמת לבנון – התנהגות רשלנית, אפשר לומר התנהגות פושעת. והמושג החדש, של חוק החרם. תראו איזה זיגזג מדהים. זיגזג מהסרטים.

נכון, חוק נגד אלה שמחרימים. באו אנשי קדימה, חתמו על החוק. כמו כל חבר כנסת, אדוני היושב-ראש, אתה מקבל הצעת חוק – אתה קורא אותה, אתה מזדהה עם הערכים שהיא משקפת, אתה מסכים לה – חותם עליה.

היו חברי וחברות כנסת – אפשר לבדוק את זה, אדוני השר, החברים שחתמו על החוק, והיו גאים להיות חלק מהמחוקקים, כי ההצעה היא הצעה ציונית, ואומרת בצורה פשוטה: מי שמחרים את אנשי אריאל, שלא יקבל תמיכות ממשרדי ממשלה, ומי שפוגע בציבור מסוים, אפשר לתבוע אותו. והחרם הזה, אגב, תאר לך – חברי חברי הכנסת הערבים במליאה, אם מישהו היה מעז עכשיו להכריז על חרם נגד תושבי הגליל הערבים, לא לרכוש מוצרים מהם, מה אז אתם הייתם אומרים? מה אז היה אומר פה השמאל בכנסת ישראל על חרם כזה? אבל כשמחרימים יהודים באריאל זה בסדר. היום החוק הזה פשוט מאפשר לאותם אנשים לתבוע את צדקתם ולתבוע פיצוי. אבל בואו נחזור לאופוזיציה, כי הם הביאו אותנו לדיון היום. אותם חברי כנסת שחתמו על החוק, אמרו להם: אסור לכם, תמשכו את החתימה שלכם מהחוק. שמענו את הדעות של סיעת קדימה על החוק. אבל תראו מה קרה היום בסיעת קדימה – היום הטילו חרם בקדימה בגלל חוק החרם. על זה חברי כנסת שלא היו במליאה – סיעת קדימה עושה חרם על מחרימי חוק החרם. זה קצת מסובך, אבל זאת האמת. וחבר הכנסת שנלר לא נמצא פה באולם – אבל היום החליטו להחרים את חבר הכנסת שנלר; הוא קיבל בוועדות החרם של קדימה עונש, בבית-הדין – אני לא יודע איזה מוסד הטיל, אבל בית-הדין הטיל עליו שישה חודשים השעיה מוועדת חוץ וביטחון ושישה חודשים אי-אפשרות להגיש הצעות חוק והצעות לסדר-היום, לנאומים. אז קודם כול, חבר הכנסת שנלר, את המכסה שלי אני נותן לך. אתה רוצה להגיש הצעת חוק – אני נותן לך את המכסה שלי, הצעה לסדר-היום – את המכסה שלי. את החרמות האלה – – –

את החרמות האלה צריך להפסיק.

חבר הכנסת שנלר, בדיוק דיברתי על החרם שהטילו עליך, וחברת הכנסת יוליה שמאלוב-ברקוביץ – גם עליה הטילו חרם: שלושה חודשים השעיה מוועדת העלייה, הקליטה והתפוצות. אז כיו""ר הוועדה אני אומר פה על הבמה: אם היא תרצה לבוא ולהצביע – את קולי אתן לה בוועדה; כי אתם לא יכולים לזגזג: מצד אחד, לחתום על חוק החרם, מצד שני, להצביע נגד – לאותם חברי כנסת שיצאו מן האולם. אתם מטילים חרם על חרם. חברי לאופוזיציה, לצערי, אתם לא מבינים את תפקידכם; תפקידכם הוא לבקר את הממשלה בשעת הצורך. אתם מבקרים את הממשלה על כל דבר. אולי עמרי כספי, יהיה לו משחק לא טוב בסקרמנטו – תאשימו את ראש הממשלה נתניהו. אם מזג האוויר יהיה חם מדי, תאשימו את ראש הממשלה נתניהו. תבחרו את הקרבות – כלל ראשון, ותתמקדו בהם, אבל אתם על כל דבר, על כל מעשה שקורה. הקימו מדינה בדרום-סודן. שכחתם להאשים את ראש הממשלה? אולי תאשימו אותו שהוקמה עכשיו מדינה בדרום-סודן. תבחרו את הקרבות שאתם רוצים – זה הסיכוי היחיד שלכם אי-פעם לחזור לשלטון. אבל יש לי תחושה, אדוני היושב-ראש, שציפי לבני מתרגלת לתפקידה כיו""ר האופוזיציה. הגדרנו את התפקיד בחוק, יש מעמד, יש כבוד, יש עוזרים, יש תנאים. יש לי תחושת בטן שנוח לה במקום הזה של יו""ר אופוזיציה – אין שם אחריות, לא צריך לקבל החלטות, צריך לבוא פעם במספר שבועות לכנסת, כמו שאמר חבר הכנסת פלסנר, להתבכיין, שם ההתבכיינות האמיתית, וזה דבר שהוא נוח. ואני אומר לחברי, חברי הכנסת מקדימה, אני מבין את התסכול שלכם: מצד אחד, אני רואה ולא מבין את רשימת המצטרפים לקדימה מדי שבוע – כל שבוע איזה כוכב עליון, ואני שואל את עצמי, אותם אנשים לא קוראים סקרים? הם לא מבינים מה קורה? וגם איפה הם יהיו? רשימה חלקית: גלעד שרון, שיבוא לאחר מכן מנשה רז, יעקב פרי, דן חלוץ, סקסולוגית, אסטרולוגית. איפה הם ישבו בדיוק? איפה יהיה מקום? את מי הם יחליפו פה בכנסת?

הם לא ישבו אצלנו. את אותם אסטרולוגים וסקסולוגים – אנחנו לא רוצים אותם בליכוד, והם לא ייבחרו בליכוד. אני אומר, תתמקדו באופוזיציה אמיתית, אל תיתנו ואל תיגררו אחרי השמאל ההזוי, כי מה שקורה היום, השמאל הקיצוני במדינת ישראל, במקום לשכנע את הציבור בצדקת דרכו בדרכים דמוקרטיות – אדוני היושב-ראש, אתה הסתובבת בכל הארץ. במקום לנסוע לעפולה וחדרה וקריית-מוצקין, ולשכנע בצדקת דרכם, השמאל הקיצוני הבין שיותר קל לנסוע לאוסלו, יותר נעים להתקבל בבירות אירופה, ושם להוציא את דיבתה של מדינת ישראל. לכן הפעילות שלנו גם בחוק נגד המחרימים, גם בוועדות החקירה הפרלמנטריות, היא באה ואומרת לאנשי השמאל: אל תרימו ידיים. חבר הכנסת ניצן הורוביץ, אל תתייאש מהציבור בישראל. לכו לשכנע אותו בצדקת דרככם, למרות שיותר קל לשכנע אנשים באיחוד האירופי, אנשים בקונגרסים השונים, אבל זה לא הקרב שלכם. לסיום אני רוצה לומר לראש הממשלה, אני מתנצל בפניך שמבזבזים את זמנך כל פעם מחדש בריטואל של 40 החתימות: באים, מתבכיינים, מגדפים. בסופו של יום הליכוד ימשיך להוביל, ימשיך לשמור על האינטרסים הכלכליים של מדינת ישראל, ימשיך לשמור על האינטרסים הביטחוניים של מדינת ישראל – בשביל זה נבחרנו, ואני רק מקווה שסיעת קדימה, אם היא תרצה לחזור להובלה, תדע למקד את הקרבות שלה, ולהבין, אדוני היושב-ראש, שעם כל הנוחות של תפקיד יו""ר האופוזיציה, הרצון שלהם אמור להיות אחר. תודה רבה.",10,"The speech strongly supports settlement in Judea and Samaria, emphasizing the importance of Jewish presence and legal actions against boycotts."
262363,2011-07-27,התיישבות,"אדוני היושב-ראש, אדוני השר, קודם כול, השאילתא נולדה מסיור שלי במגרון – ראיתי שם אוהלים, אדוני היושב-ראש, וחשבתי שמחאת הדיור הגיעה גם למגרון, וכשהתעמקתי בנושא הבנתי שזה לא כך, אלא שפשוט שוטר – – –

בעקבות כוונת המשטרה לפטר שוטר תושב בנימין שסטטוס ביתו לא הושלם והוא נדרש לעזוב אותו, רצוני לשאול: 1. האם יש נוהל חדש במשטרה לפטר לאלתר שוטרים שלא הסדירו את בניית ביתם? 2. מה הוא הצידוק לפיטורים אלו?

אני לא הבנתי, אדוני היושב-ראש ואדוני השר – מה הקריטריון? אם יש שוטר שהמרפסת שלו נסגרה בצורה לא חוקית, האם גם אותו אתם מוציאים מהבית? אני ראיתי שוטר שאשתו בחודש התשיעי להריונה, ישן באוהל מחוץ לביתו, ואומרים לו: אם אתה לא מפנה את האשה והילדים בתוך כמה שעות, אין לך עבודה. אני לא נכנס לנושא המהותי אם הבית נבנה כחוק או לא כחוק; יש בתי-משפט, הם יכריעו בסוגיות האלה. אבל אני שואל – הצעד הכוחני הזה, שאתה אומר לעובד במשטרת ישראל: צא מביתך, עזוב את ילדיך ואשתך – איפה הקו נחצה? אם יהיה מפכ""ל שתהיה לו בעיית חריגת בנייה במרפסת, גם הוא יצא מביתו? יש אנשים במגזרים שונים, שגם אצלם לא הסדירו את הדיור, האם גם הם יצאו מביתם? איפה נקבע הקו הזה, אדוני השר?

אבל העניין הוא לא מגרון; מחר יהיו קצינים בצה""ל שיגורו בהתיישבות, במקום בארץ-ישראל – –

– – ויגידו, יש בעיה בבנייה של הבתים שלכם. הם יצטרכו להתפטר גם מצה""ל?

השאלה שלי – איפה הקו? אם לפרגולה של השוטר בכפר-סבא יש אותו דין של השוטר שגר במגרון?

אם היום נציג בפני השר רשימת שוטרים שגרים בבתים שיש בהם בעיות כאלה ואחרות של אישורים, האם כל אותם שוטרים יפוטרו לאלתר? השאלה שלי: איפה הקו הזה נקבע?",5,
263753,2011-11-14,התיישבות,"בשביל זה בחרו אותנו בבחירות.

בשביל זה בחרו אותנו, חבר הכנסת בן-סימון.

קדימה זה אבי דיכטר או ציפי לבני?

אדוני היושב-ראש, אדוני השר יולי אדלשטיין, חברי חברי הכנסת, חבר הכנסת כצל'ה נמצא פה או שהוא יצא?

יצא. חבל. אני אמסור לו את זה. הוא שאל כמה שאלות רטוריות, ואני רוצה להצטרף לשאלתו. מישהו יודע, חברי חברי הכנסת מהאופוזיציה, מה המשותף ל""ואבן"", ""וליום"" ו""קלונקס""?

לא. הרופאים לא נמצאים במליאה. אין פה רופא במליאה – אדטו, אלדד. אם מישהו פה היה קצת – – –

עפו, אתה צריך לדעת. מה משותף ל""ואבן"", ""וליום"" ו""קלונקס""? שלוש התרופות האלה.

שלוש התרופות האלה זה כדורי שינה. מה שהיום האופוזיציה באה אלינו, לחברי הקואליציה, ואומרת, תיקחו כמה כדורי שינה, תישנו טוב, תירדמו, כל זמן שלטונכם אל תעשו שום דבר; תסגרו את הידיים, תעצמו את העיניים – תלכו לישון. סליחה, אנחנו נבחרנו על בסיס ערכים מסוימים, על בסיס אג'נדה. פתאום זה נהיה מלה גסה להגיד ""אג'נדה"". אנחנו נבחרנו על בסיס אג'נדה פוליטית, ובאנו ואמרנו לבוחרים, תבחרו בנו, אנחנו נשנה את מה שעשו קודמינו. אנחנו נשנה – זאת היתה ההבטחה שלנו לבוחר, לשנות – –

– – והיום, כשאנחנו באים לשנות אתם לא מסכימים. זאת זכותכם, אבל יש מושג שנקרא גם – –

– – עריצות של המיעוט. זה מה שקורה היום בכנסת.

עריצות של המיעוט. כשהרוב הדמוקרטי, שנבחר – –

– – בצורה דמוקרטית, בא לבצע שינוי, אתם אומרים – –

– – לא מקובל עלינו. אז, חברי חברי הכנסת, בואו אני אזכיר לכם: כשהתקבלו פה החלטות קצת יותר קשות – לגרש יהודים מגוש-קטיף, להוציא את כל המתיישבים, את בתי-הכנסת, את בתי-הקברות – –

– – זה דמוקרטי? זה לגיטימי? זה חוקתי? וכשהיום אנחנו באים עם רוב דמוקרטי, מבצעים שינוי – שכן, הוא משרת את סולם הערכים שלנו, שהוא שונה מסולם הערכים שלכם – אתם באים ואומרים לנו – –

– – אל תעשו זאת, זה לא חוקי, זה לא דמוקרטי. סליחה, כשמפלגת קדימה הובילה שינוי בשיטת הבחירה של השופטים לבית-המשפט העליון – בתפקידו היה שר המשפטים דניאל פרידמן – אז זה היה חוקתי, זה היה דמוקרטי, הכול היה מצוין. והיום, כשמגיעים עם הצעה שונה, אתם אומרים, זה לא דמוקרטיה. סליחה, לא רק כשאתם בשלטון אפשר לשנות חוקים. בואו אני אגלה לכם סוד: גם כשאנחנו בשלטון אפשר לשנות חוקים. ואם יקרה הנס ותחזרו לשלטון בעוד 20–30 שנה – –

– – אולי זה יקרה, ואם זה יקרה – תשנו את החוקים בחזרה. זו מהות הדמוקרטיה. ולא לבוא אלינו ולומר, חבר הכנסת דנון, אדלשטיין ומילר, תיקחו קצת ""וליום"", תיקחו קצת ""קלונקס"" – תלכו לישון, תיתנו לנו לנהל את המדינה. אנחנו נבחרנו להוביל, לשנות, לחוקק, וזה מה שאנחנו עושים היום.",10,
264851,2011-12-12,התיישבות,"– – – כמו כולם. יגבו ארנונה והכול.

אולי הוא יתקן אותי, חבר הכנסת טיבי – – –

אני אשמח, על חשבון הדקות שמוקצות למפלגת העבודה, להביע את דעתי על הערותיך, סגן היושב-ראש מג'אדלה, אבל אתם כבר דיברתם. אתם כבר דיברתם, אתה דיברת, לכן – – –

בשם הליכוד יציג את זה חבר הכנסת אקוניס. אני יכול להפנות את שאלתך. תודה רבה.

ישיב סגן שר האוצר יצחק כהן.

אתה יכול להציע הצעת חוק – – –

אתה יכול להציע הצעת חוק – – – תקציבים בין המתיישבים ביהודה ושומרון ליישובים הערביים.

אני יודע, תגישו הצעת חוק משותפת של כץ וטיבי – – –

אדוני סגן השר, זה דברים שבוצעו או דברים שנמצאים – – –

סליחה, אדוני סגן השר, אם חבר הכנסת טיבי שוכנע, הוא יביע את דעתו בהצבעה. הוא יכול להצביע אמון בממשלה – –

– – וזו תהיה אינדיקציה שהוא שוכנע על-ידך.

חבר הכנסת גנאים, אתה ברשות הדיבור בהמשך.

תושבי סח'נין צופים בערוץ הכנסת, הם יסתכלו הלילה וכולם יודו לסגן השר על הפרויקטים הנפלאים שהממשלה עושה עבור תושבי סח'נין.

הוא שמע שמחלקים פה מאות מיליוני שקלים – – –

תודה רבה. אני מודה לסגן השר.

אנחנו תיכף נשמע את נציגי הסיעות ונראה באמת אם השתכנעו ויצביעו אמון בממשלה. ראשון הדוברים – דובר סיעת קדימה, חבר הכנסת זאב בילסקי. לא שמעתי ברשימה את העיר רעננה, חבר הכנסת בילסקי, אבל אני מניח שגם שם בונים.

תודה רבה. לרשות כל אחד מהדוברים שלוש דקות. בבקשה.

תודה רבה לחבר הכנסת זאב בילסקי. אני מזמין את חבר הכנסת נסים זאב. בבקשה.

תודה רבה לחבר הכנסת נסים זאב. הדובר הבא – חבר הכנסת גאלב מג'אדלה, סגן יושב-ראש הכנסת.

אני אבדוק את זה. השר התורן היה צריך להיות פה, לא הסגן.

אתה יכול להמשיך לדבר, אדוני סגן היושב-ראש, וכשייכנס השר למליאה נחדש את השעון.

השר נכנס, יש לך שלוש דקות. בבקשה. השר ארדן נמצא במליאה.

לפי הפרוטוקול אתה צריך שיהיה שר.

המליאה מחויבת בנוכחות שר.

חבר הכנסת מג'אדלה, זה הזמן שלך. אתה יכול להשתמש בו לדבר אל חבר הכנסת רותם.

לחבר הכנסת מג'אדלה יש עוד דקה לדבר. אם הוא ירצה שתשיב לו – – –

סליחה, סליחה. אתה ברשות דיבור. אם אתה תרצה שהוא ישיב לך על חשבון זמנך – – –

אני מודה לחבר הכנסת גאלב מג'אדלה. אדוני סגן השר, אם אתה רוצה – – –

אני איאבק על הזכות שלך לדבר גם כשלא נעים לי, חבר הכנסת מג'אדלה.

בבקשה, אדוני סגן השר. חלק מהדברים שיוחסו למגזר, אדוני חבר הכנסת, היו בתקופת כהונתך כשר לענייני מיעוטים. אתה יכול לקחת קרדיט על כך גם.

חלק מהדברים שהוצגו, הקרדיט שייך לך כשר לענייני מיעוטים.

תודה רבה. אדוני סגן השר, בבקשה.

אדוני, חבר הכנסת מג'אדלה, אתה לא מנהל את הישיבה פה. לפי התקנון, סגן שר יכול לענות בנושא של האי-אמון ולכן הוא עלה לענות.

אני מפנה אותך לתקנון. בבקשה, אדוני סגן השר.

תודה רבה, אדוני סגן השר. תודה רבה לגאלב מג'אדלה. הדובר הבא – חבר הכנסת אורי מקלב, סגן יושב-ראש הכנסת, מסיעת יהדות התורה. בבקשה. יש לנו פה היום הרבה טונים מאיימים. אני מציע לכולם – –

– – חבר הכנסת מג'אדלה, גם אליך, קצת להירגע מאיומים על שופטים – –

– – מאיומים על סגני שרים ועל חברי כנסת. בוא נירגע.

תודה, תודה רבה. חבר הכנסת אורי מקלב, בבקשה.

תודה רבה לסגן היושב-ראש חבר הכנסת אורי מקלב. הדוברת הבאה – חברת הכנסת עינת וילף, ואחריה – חבר הכנסת מסעוד גנאים.

תודה רבה לחברת הכנסת עינת וילף. הדובר הבא – חבר הכנסת מסעוד גנאים, ואחריו – חברת הכנסת פאינה קירשנבאום.

חבר הכנסת גנאים, יש לי שאלה: למה אי-אפשר לזמן לתפילה היום באמצעים מודרניים כמו אס.אם.אס?

תודה רבה. אני מודה לחבר הכנסת גנאים. הדוברת הבאה, חברת הכנסת פניה קירשנבאום – נמצאת? ואחריה – חבר הכנסת יעקב כץ.

אני מודה לחברת הכנסת פאינה קירשנבאום. הדובר הבא – חבר הכנסת יעקב כץ מהאיחוד הלאומי, ואחריו – חבר הכנסת חנא סוייד.

תודה רבה לחבר הכנסת יעקב כץ. הדובר הבא – חבר הכנסת חנא סוייד, ואחריו – חבר הכנסת אילן גילאון.

תודה, חבר הכנסת בן-ארי. בבקשה.

תודה רבה. אני מסכים עם מירב הדברים, חבר הכנסת סוייד, אבל החופש של הדת – – –

– – – החופש של הדת קיים והוא לגיטימי, כל עוד הוא לא פוגע בחופש או בזכות של מישהו אחר. ופה השאלה.

תודה לחבר הכנסת חנא סוייד. הדובר הבא – חבר הכנסת אילן גילאון, ואחריו – חבר הכנסת אורי אורבך.

תודה רבה לחבר הכנסת אילן גילאון. הדובר הבא – חבר הכנסת אורי אורבך, ואחריו – חברת הכנסת חנין זועבי.

תודה רבה לחבר הכנסת אורי אורבך. הדוברת הבאה – חברת הכנסת חנין זועבי, ואחריה – סגן השר איוב קרא.

תודה רבה לחברת הכנסת חנין זועבי. אחרון הדוברים, סגן השר איוב קרא, בבקשה.",5,
266462,2012-01-23,התיישבות,"רבותי, אני עובר עכשיו לבקשת הממשלה להאריך בצו את תוקפו של חוק האזרחות והכניסה לישראל (הוראת שעה), התשס""ג–2003. יציג את ההצעה שר הפנים וסגן ראש הממשלה, השר אלי ישי.

אני מבקש ממי שלא מעוניין לשמוע את השר לצאת החוצה וממי שבמליאה – לשבת. בבקשה.

חבר הכנסת מגלי והבה, תודה. אני מבקש לשבת. חבר הכנסת אלי אפללו, אנחנו מבקשים שתישאר אתנו.

חבר הכנסת אפללו, יש הרבה מאוד אנשים עצובים כי אתה עוזב אותנו היום, אולי יש מעט ששמחים, אנחנו נשמח שתשמע את השר. אני סוגר את הרשימה. כרגע הרשימה נסגרת, מי שרוצה להירשם שייגש לירדנה. הרשימה סגורה. אדוני השר, בבקשה.

תודה רבה. אני מודה לשר אלי ישי. אנחנו פותחים את הדיון. רשימת הדוברים סגורה. ראשון הדוברים, חבר הכנסת ג'מאל זחאלקה, בבקשה.

תודה רבה לחבר הכנסת זחאלקה. הדובר הבא – חבר הכנסת חנא סוייד. לרשותך שלוש דקות. ואחריו – חבר הכנסת .

תודה רבה לחבר הכנסת סוייד. אני רק לא זוכר אם בהיסטוריה האמריקנית האזרחים ממוצא יפני היו מעורבים בפעילות טרור. במקרה שלנו האחוזים והמספרים של אותם אנשים שהגיעו באיחוד משפחות והשתתפו בפעילות טרור הם מטרידים ביותר, זה גם עלה בפסיקת בית-המשפט העליון.

לא, אני בטוח שחבר הכנסת דב – – – תודה, חנא סוייד.

תודה רבה. חבר הכנסת , בבקשה, ואחריו – חבר הכנסת עפו אגבאריה. המחבל שעשה את הפיגוע במסעדת ""מצה"", חבר הכנסת חנא סוייד, גם הגיע באותה מסגרת של איחוד משפחות, והרשימה עוד ארוכה ומטרידה.

לא, נתתי לך אפשרות להגיב.

אני בטוח שחבר הכנסת חנין יוכל לענות.

תודה. חבר הכנסת חנין, בבקשה. לרשותך שלוש דקות.

יש לך נתונים אולי, חבר הכנסת חנין?

תודה רבה לחבר הכנסת דב חנין. הדובר הבא הוא חבר הכנסת עפו אגבאריה, ואחריו – חבר הכנסת אברהם מיכאלי.

תודה רבה לחבר הכנסת עפו אגבאריה. שאלת אותי על זכויות הילד, אז גם הזכויות של הילדים היהודים מדירות שינה מעינינו, לא רק של הילדים הפלסטינים. הדובר הבא, חבר הכנסת , אינו נמצא. חבר הכנסת אמנון כהן – אינו נמצא. חברת הכנסת זהבה גלאון, בבקשה, ואחריה – חבר הכנסת ניצן הורוביץ.

תודה רבה לחברת הכנסת זהבה גלאון. הדובר הבא – חבר הכנסת ניצן הורוביץ.

תודה רבה לחבר הכנסת ניצן הורוביץ. הדובר הבא – חבר הכנסת אילן גילאון, ואחריו – חבר הכנסת אורי אריאל.

תודה רבה לחבר הכנסת אילן גילאון. הדובר הבא – חבר הכנסת אורי אריאל, ואחריו – חבר הכנסת אריה אלדד.

אני לא בטוח שבית-המשפט העליון יאשר את ההצעה הזאת.

קודם יהודית ואחרי זה דמוקרטית.

זה – כן. מקום ראשון – – –

אדוני היושב-ראש, אדוני השר, חברי חברי הכנסת, אני רוצה לחזק את ראש הממשלה במאמצים שלו למנוע הריסת בתים יהודיים במגרון ולהגיע להסדר עם התושבים שגרים שם, עם החלוצים. אנחנו נבחרנו על מנת לבנות וליישב ולא להרוס, ואני מאמין ומקווה שבימים הקרובים ובשעות הקרובות יימצא ההסדר שיאפשר את המשך הפיתוח של אותם ציונים חלוצים שגרים בארץ-ישראל. חבר הכנסת טלב אלסאנע וחבר הכנסת עפו אגבאריה, אולי הזיכרון שלכם קצת מתעתע בכם, אבל את הפיגוע במסעדת ""מצה"" בחיפה אתם זוכרים? את הפיגוע המחריד הזה? אתם יודעים מי ביצע את הפיגוע הזה? ביצע אותו מחבל בן-בליעל שהגיע למדינת ישראל על בסיס מאוד נאיבי וטהור של איחוד משפחות. והרשימה עוד ארוכה, של אותם מחבלים שניצלו את הסעיף הזה. אנחנו לא חיים פה בשווייץ. אני מסכים שאם לא היתה פה בעיה ביטחונית אפשר היה להתווכח על הנושא הדמוגרפי. זה ויכוח ראוי – מה האופי של מדינת ישראל. אבל איך אפשר להתעלם מהעובדה שמנצלים את הסעיף של איחוד משפחות מחבלים, ודי להקשיב לדבריו של ראש השב""כ שבא ואומר שמנצלים את הסעיף הזה ל""פיגועים איכותיים"". כי אם יש לך תעודת זהות כחולה ורשיון לוחית רכב צהובה אתה יכול להגיע לכל מקום במדינת ישראל ולבצע ""פיגועים איכותיים"". לכן אני בא ואומר – אני מתנצל בפני אותם אלפים ועשרות אלפים שייפגעו מהחוק הזה. אבל מספיק שאנחנו מצילים יהודי או ערבי אחד, אזרח ישראלי, מהפיגוע הבא – החוק מוצדק. אי-אפשר להתווכח עם הנתונים שמראים את האחוזים הגבוהים של פיגועי טרור שבוצעו על-ידי אנשים שנכנסו תחת סעיף זה. החוק הוא מאוזן, הוא קובע שיכולים לגור בארץ, אבל בגילים מסוימים: לגברים זה גיל 36, לנשים זה גיל 26. אבל מי שרוצה להתחתן עם בן או בת זוג ממדינת אויב או מרשות עוינת, שייקח בחשבון שהוא לא יוכל להביא אותו למדינת ישראל. גם אם בארצות-הברית יבוא מישהו וירצה להתחתן עם פעיל ב""אל-קאעידה"" לא ייתנו לו להיכנס בשערי ארצות-הברית. לכן, חברי חברי הכנסת, אני חושב שהוויכוח שהעליתם פה הוא ראוי, לגבי אופיה של המדינה, ואני אומר פה בצורה ברורה, אנחנו לא רוצים לראות ""מדינת כל אזרחיה"" או ""מדינת כל ערביה"" – מדינה יהודית ודמוקרטית. ואם אתם מדברים על חוקים לא דמוקרטיים אז בואו נדבר גם על חוק השבות; למה מותר רק ליהודים, חבר הכנסת גילאון, לעלות? למה? מה ההבדל בין חוק השבות לחוק החשוב הזה? אין שום הבדל. אין שום הבדל – – –

המהות של מדינת ישראל כמדינה יהודית ודמוקרטית מאפשרת לנו לחזק אותה, ולומר לכל יהודי שהוא יכול לבוא ולגור פה. ואני חושב שאנחנו צריכים, אדוני היושב-ראש, להפסיק – – –

על מנת שיהודים יחיו פה בביטחון – –

– – אנחנו לא נאפשר לאותם מחבלים להיכנס בדלת האחורית. תודה רבה.

אתה מאוד מודע לצרכים של הילדים. תלך לבקר את היתומים ואת האלמנות שנפגעו מהפיגועים של אותם מחבלים שנכנסו תחת החוק הזה – –

– – ותסביר למה החוק זה לא ראוי.",10,
268725,2012-04-18,התיישבות,"אדוני היושב-ראש, אדוני השר, חברי חברי הכנסת, אכן אנחנו עדיין בפגרה, אבל, מה לעשות, אדוני השר? יש שעון שמתגלגל ודברים קורים במדינת ישראל, ואנחנו רואים שבית-המשפט העליון לא מפסיק מלפעול בפסיקותיו, ובצדק. בית-המשפט העליון לא מפסיק לקבוע לוחות זמנים, ובצדק. שר הביטחון, האמון על הביטחון של אזרחי מדינת ישראל, פועל במשנה מרץ, תרתי משמע, לא בצדק, ולכן אנחנו גם ככנסת מצאנו לנכון – רבים מחברי הכנסת, אדוני היושב-ראש – לכנס מושב בפגרה לדון על הנושאים.

ישיבה. הציבור ראה מראות קשים של פינוי יהודים מבית-המכפלה, ראה ורואה מה קורה היום בהתיישבות ביהודה ושומרון, ואנחנו שומעים, אדוני היושב-ראש, שזה לא הסוף. להיפך, זו רק ההתחלה. כי אם חשבנו שמגרון זה הסוף של הוויכוח והעימות, אז זו התחלה של מדרון חלקלק. כי מה בעצם קורה במגרון, אדוני היושב-ראש? הסכם שעמל עליו השר בגין, וגם אני וחברי בירכנו על ההגעה להבנות – אנחנו רואים שההסכם הזה לא התקבל על-ידי בית-המשפט העליון, והיום בעצם עולצים אנשי השמאל, כי אחרי מגרון מגיעה גבעת-האולפנה בבית-אל, וזה מגיע, ואחרי זה יש שילה, בית-אל, וכ-10,000 יחידות דיור שדינן כדין מגרון, שגם שם יבואו אופנהיימר, גילאון ואחרים ויעתרו לבית-המשפט העליון. אדוני היושב-ראש, לא סתם יש היום, בהמשך היום, על הנושא של היחסים המורכבים והחשובים שבין הכנסת לבית-המשפט העליון. מה שקורה היום: השמאל הקיצוני במדינת ישראל לא מצליח למלא את האולם הזה ברוב, לא מצליח לשכנע את הציבור בישראל בצדקת דרכו, שצריך לגרש את היהודים מיהודה ושומרון ואז יבוא שלום. לא מצליחים. מה לעשות, הציבור בישראל יותר חכם. ואז מה מצאו להם, אותם פרנסי שמאל? במקום ללכת לגדרה ולחדרה ולצבור קולות – הם כבר לא מנסים, דרך אגב. אין סניפים, אין פעילות, לא ממלאים כיכרות – הם אמרו: יש לנו פתרון אחר. אנחנו נישאר פה מיעוט, לא מנסים לשכנע, אבל נלך לבית-המשפט העליון, ובעזרת עתירות רבות ומגוונות נקבע את המציאות היומיומית של אזרחי ישראל, ובעיקר של אזרחי ישראל הגרים ביהודה ושומרון. אין חולק, יש פה מחלוקת אידיאולוגית. יש אנשים בשמאל הישראלי שחושבים שאם נוציא מיהודה ושומרון למעלה מ-360,000 איש יבוא שלום על ישראל, ויש רבים בציבור הישראלי, שהם הרוב היום פה בכנסת, והם הרוב בציבור, שחושבים אחרת; חושבים שזה לא יעזור, שזה רק יביא נזק. לכן, אם באים לשאול מי אמור להכריע בנושאים הרי הגורל האלה: האם פה אנחנו – הציבור בעצם, כי אנחנו שלוחים, אנחנו נבחרנו, אנחנו מייצגים עמדות ודעות – או בית-המשפט העליון? פה עמדתי, אדוני היושב-ראש, ברורה. אנחנו מכבדים את בית-המשפט העליון, אנחנו כולנו מצווים לכבד את פסיקותיו, אבל נושאים ערכיים-אידיאולוגיים צריכים להיות מוכרעים פה. אבל מה שקורה, כשיש שלטון של שמאל או שלטון של ימין שמבצע מדיניות של השמאל, כמו הגירוש של היהודים, אז הכנסת היא פאר הדמוקרטיה. ואם פה שכנעו חבר כנסת להיות סגן שר ונתנו לו ""מיצובישי גלנט"" כדי שהוא יהיה סגן שר והצביעו על הסכם אוסלו – פאר הדמוקרטיה. אבל פתאום הרוב הזה פה לא נראה לאנשים מסוימים, הוא מייד נהפך לרוב דורסני, רוב לא דמוקרטי, ואז, בואו ונלך לחפש צדק במקום אחר – בבית-המשפט העליון. לכן בנושא הזה אני חושב שאנחנו צריכים לומר לבית-המשפט העליון: מכיוון שאנחנו מכבדים את בית-המשפט העליון, אנחנו ניאבק שההכרעות יתקבלו כאן, בכנסת ישראל. אני רוצה לפנות לשר בגין, כי אני יודע שהוא עוסק רבות בנושאים שאנחנו מדברים עליהם היום. קראתי גם היום בבוקר, אדוני השר, ריאיון שלך או תגובה שלך באחד העיתונים. אני חושב שאי-אפשר להתגאות – – –

אז כנראה מישהו דאג להעביר את דבריך מישיבה שהתקיימה אתמול לאחד מעיתוני היום.

אדוני השר, בעיתון נכתב שאנחנו יכולים להתגאות בפעילות שלנו ביהודה ושומרון, ושר אחר שטוען אחרת. אני רוצה לומר לשר – – –

קודם כול, זה לגיטימי. זה לגיטימי, חבר הכנסת מולה.

אומרים שאנחנו צריכים להבין שאנחנו נבחרנו לעשות בדיוק ההיפך ממה שחבר הכנסת מולה היה רוצה שנעשה.

אנחנו נבחרנו לחזק וליישב – – –

לכן אנחנו צריכים להסתכל על התוצאות, על מספר היישובים החדשים שהצלחנו להקים ביהודה ושומרון, על מספר התב""עות שחתם שר הביטחון, ובמקביל – להסתכל על מספר העתירות לבית-המשפט העליון, על מספר הפסיקות, ולראות שבזמן שאנחנו לא מבצעים – ואפשר להאשים, אדוני היושב-ראש, וגם אני עושה זאת, את שר הביטחון אהוד ברק, אבל אנחנו בשלטון, אנחנו נבחרנו, אנחנו בקואליציה. שר הביטחון, מקומו לא בקואליציה הזאת. אני קורא לראש הממשלה לפטר את שר הביטחון, לבחור שר ביטחון מהליכוד, שיהיה נאמן לעמדות הלאומיות, ולא לתת לברק להוביל אותנו או להיות קבלן ביצוע של קדימה ושל השמאל. אולי בשביל ברק אין הבדל – – –

היום כולם רבים – להיות מי זה מרכז. אני לא יודע מי זה מרכז. אבל אין הבדל היום, מבחינתו של שר הביטחון ברק, אם למכור דירה ב""אקירוב"" או ב""מגדלי אסותא"" או לפנות יהודי מבית-המכפלה.

בליכוד יש הבדל. ואם אנחנו מדברים על זכות אבות, אז יש לנו זכות אבות לקנות כדין בתים גם בעיר האבות.

חבר הכנסת מולה, אתה כרגע כאילו רשמת את הנקודה הבאה שלי פה – החלת ריבונות ישראלית ביהודה ושומרון.

הון פוליטי וברק זה לא הולך ביחד. שר הביטחון ברק – – –

הון פוליטי ושר הביטחון ברק לא הולכים ביחד. לכן אני קורא – – –

– – לא אלמן ישראל יהיה אם יהיה שר ביטחון אחר בממשלה הנוכחית. ולהערתך, חבר הכנסת מולה, אתה צודק במאה אחוז. ואני פונה פה שוב לשר בגין: כמו שמנחם בגין כראש ממשלה קיבל החלטה אמיצה להחיל ריבונות ישראלית ברמת-הגולן, ובא למליאה ואמר בכמה מקרים שזו היתה החלטה חשובה ביותר שהתקבלה בכנסת ישראל; וכמו שלוי אשכול קיבל החלטה אמיצה להחיל ריבונות ישראלית במזרח-ירושלים, הפתרון האמיתי, האולטימטיבי – לא כל התרגילים ולא כל הפתרונות – זה באמת, חבר הכנסת מולה, להחיל ריבונות ישראלית על היישובים היהודיים ביהודה ושומרון.

אני מתכוון להגיש הצעת חוק בפתח המושב, חבר הכנסת מולה. ואני מקווה, השר בגין והשר נאמן – שניכם שרים בכירים, חברים בוועדת השרים לענייני חקיקה – שתעזבו עכשיו נקודתית את גבעת-האולפנה, את גבעת-אסף, את מגרון. בואו נדבר על המהות: למה שלא נחיל ריבונות ישראלית על היישובים היהודיים ביהודה ושומרון? למה שלא נחקה את המהלך האמיתי של מנחם בגין ושל לוי אשכול? זו האמירה האמיתית. נשמע את האנשים שאומרים אחרת, אבל בפועל נאמר לתושבי אריאל ומעלה-אדומים: אתם אזרחים אמיתיים במדינת ישראל. ואז, שום שר ביטחון לא יצטרך לתת אישור על מרפסת כזאת או מרפסת אחרת, כי אז בפועל הדין יהיה שווה. וזה הפתרון האמיתי, אדוני היושב-ראש.

אני זוכר, אדוני היושב-ראש, אני אסתכל ב""דברי הכנסת"", אבל – – –

החלנו את החוק על רמת-הגולן, אדוני היושב-ראש – – –

אני חושב, אדוני היושב-ראש, שאם ירצה ראש הממשלה, והממשלה, לעשות זאת, הם יקבלו גיבוי מלא מרוב חברי הכנסת – –

– – וגם מרוב הציבור בישראל.

חבר הכנסת שטרית, אני מקווה ואני מאמין שכשהצעת החוק תבוא לכנסת תהיה לך הזדמנות להחזיר ימיך כקדם ולתמוך בהצעת החוק הראשונה שלך על החלת ריבונות ישראלית על היישובים ביהודה ושומרון – – –

אדוני, לסיום דברי, אני רוצה לומר פה – והגיעו לפה נציגים מחלק מהיישובים שכרגע דינם עומד לדיון בבית-משפט כזה ובבית-משפט אחר. תושבי מגרון, תושבי גבעת-אסף, אני רוצה לומר לכם, ואני מסתכל לכם כרגע בעיניים ואומר לכם שאתם הציונים האמיתיים של מדינת ישראל. אם בי""א באדר – – –

גם הנגב, גם הגליל וגם יהודה ושומרון. אם היום לומדים בבתי-ספר בישראל על טרומפלדור וחבריו הציונים שעלו לתל-חי, גם אז ישבו אנשים ביישוב, בתל-אביב, ואמרו: מה אתם עושים שם? למה צריך לעשות את זה? אפילו מנהיגים דגולים פקפקו בצורך הזה לבוא ולהתיישב במקומות האלה. הטרומפלדורים האמיתיים של היום זה אותם אנשים שיושבים פה ביציע, חבר הכנסת מולה.

האנשים שגרים בבית-אל, האנשים שגרים בעלי – הם הטרומפלדורים היום. וחבר הכנסת הרצוג, אני מכיר את דעותיך – – –

הם לא עבריינים, והם טרומפלדורים, והם ציונים, והציבור בישראל חייב – – –

אדוני היושב-ראש, חבר הכנסת הרצוג זכאי לדעתו, ואתה זכאי לדעתך, ואני לדעתי. אבל מה לעשות – הציבור בישראל הוא שקובע, והיום הציבור בישראל מסתכל על המתיישבים ביהודה ושומרון ואומר להם: אנחנו אוהבים אתכם, אנחנו מזדהים אתכם, אנחנו מבינים שאתם לא נטל על מדינת ישראל; אתם נכס לביטחון ישראל. זאת המציאות היום, ולכן אנחנו ככנסת שנבחרה בצורה דמוקרטית מחויבים לדאוג לציונים האמיתיים. תודה רבה.",10,
270413,2012-06-20,התיישבות,"אדוני היושב-ראש, אדוני השר, חברי חברי הכנסת, פנייה לשר הביטחון: זה כארבע שנים ממתינים תושבי נגוהות לחתימתך על תב""ע היישוב. היישוב הוקם בהחלטת הממשלה ובהסכם עם הסוכנות היהודית. אף הוקמה במקום היאחזות נח""ל. רצוני לשאול: 1. מדוע אינך חותם על תב""ע היישוב? 2. אילו עוד יישובים ממתינים לחתימתך, ומדוע?

אדוני השר, אני לא יודע אם שר הביטחון הטעה אותך, או פקידיו. אני מחזיק בידי את החלטת הממשלה מ-1982, ואני מקריא – אין החלטה אחרת שגברה עליה או ביטלה אותה – סעיף ראשון: נגוהות, מצפה-לכיש, מאחז נח""ל קיים, ההחלטה היא: יישוב קהילתי ל-250 משפחות יוקם בנ""צ כך וכך. זאת אומרת, ממשלת ישראל קיבלה החלטה לאזרח את נגוהות, להקים יישוב. התוכנית כבר הגיעה להפקדה, ולא היו התנגדויות בהפקדה, וכרגע מה שחסר זה חתימת שר הביטחון, כי התוכניות כבר הופקדו. יש החלטת הממשלה, אדמות מדינה, הכול הוסדר.

אני רוצה רק להעיר, אדוני השר, שאם אנחנו מדברים על גבעת-האולפנה ועל בית-אל, פה מדובר באדמות המדינה, בהליך שממשלת ישראל אישרה כדין, הופקד כדין, הכול עושים לפי הספר, והשאלה – למה אתם לא חותמים פה.

אדוני השר, אין ספק שהיחס בין השוטרים לבין האזרחים מבחינה מספרית במדינת ישראל הוא בעייתי ביותר, על-פי כל מדד. אני רוצה לשאול אותך לגבי נושא המסתננים. שכונות בדרום תל-אביב סובלות מעבירות רבות, ואנחנו חלוקים בדעותינו. אתה טוען שצריך לאפשר להם לעבוד, אני טוען שאסור לאפשר להם לעבוד. אבל כרגע בפועל יש פשיעה של חטיפות של פלאפונים, של מסחר ברכוש גנוב, הכול נעשה לאור יום. אני שואל את עצמי, האם יש לאזורים האלה דין שונה מאשר לאזורים אחרים? איך ייתכן שכתבים הולכים, מצלמים כנופיות של מוכרי פלאפונים וכנופיות של מוכרי אופניים, האם אין אכיפה של החוק כלפי אזורים אלו?",10,
271086,2012-07-11,התיישבות,"תודה רבה. אדוני היושב-ראש, אדוני השר, אתמול בוועדת החוקה, חוק ומשפט דנו בנושא של עמדות המדינה בנושא ההתיישבות. היה דוח של גברת טליה ששון, שבמרץ וששון דאגה להכין דוח שקרי, מגמתי. לדעתי, הוא לא אושר בממשלה. עורך-דין מייק בלס אמר אחרת אתמול בדיון – בוא נשאיר את זה בצד. יש היום דוח חדש, של ועדה בראשות השופט אדמונד לוי. שאלתי: האם כבודו תומך בהצגת הדוח בפני הממשלה ואישורו על-ידי ממשלת ישראל?

לא, אדוני היושב-ראש, עמדתו – לתמוך – – –

האישית, בוודאי, הוא שר המשפטים.",9,
271169,2012-07-11,התיישבות,"הנושא הבא על סדר-היום: דוח הוועדה בראשות אדמונד לוי, השופט בדימוס אדמונד לוי, בנושא הכשרת מאחזים – הצעות לסדר מס' 8646, 8673, 8676, 8680, 8688, 8695, 8696 ו-8697. ראשון הדוברים הוא חבר הכנסת עתניאל שנלר.

כתבה את זה, את הדוח הזה, בששון ובמרץ.

תודה רבה לחבר הכנסת עתניאל שנלר. הדובר הבא הוא חבר הכנסת אברהים צרצור, ואחריו – חבר הכנסת אריה אלדד.

תודה רבה לחבר הכנסת צרצור, הדובר הבא – חבר הכנסת אריה אלדד, ואחריו – סגן היושב-ראש, חבר הכנסת גאלב מג'אדלה. האמירה ""יש שופטים בירושלים"", כל אחד מפרש אותה, חבר הכנסת צרצור, מתי שנוח לו.

תודה רבה, אריה אלדד. כמו שדוח טליה ששון, רוחו שרתה על פקידים בכירים, אנחנו מקווים שגם רוחו של הדוח החדש תשרה על אותם פקידים. אני מזמין את סגן היושב-ראש, חבר הכנסת גאלב מג'אדלה, בבקשה.

רגע, אדוני, סגן היושב-ראש, אתה מצפה שראש הממשלה יאמר לוועדה: המסקנות לא טובות, לכו תעשו שיעורי-בית, מסקנות אחרות תביאו בפני?

גם במקרה הזה, זאת היתה הסמכה.

תודה רבה לחבר הכנסת גאלב מג'אדלה. הדובר הבא – חבר הכנסת ג'מאל זחאלקה.",6,
274309,2013-05-22,התיישבות,"היה מקום? היה מקום לכולם?

גברתי היושבת-ראש, ראשית, ברכות. פעם ראשונה שאני משתתף בדיון – –

– – שאת מנהלת. גברתי השרה, חברי חברי הכנסת, ראשית, באופן אישי, אתם צודקים. כמי שנוסע, והיום מפה, בסיום הדיון, אני מתכוון לנסוע לבית-אל ולפסגות – –

– – יש הרעה במצב ביהודה ושומרון. הנתונים מדברים בעד עצמם. יש התגברות של אירועי טרור ופח""ע, וגם התגברות של פעילות אלימה כנגד חיילי צבא הגנה לישראל וכנגד אזרחים. מדובר ביידוי אבנים ובקבוקי תבערה ובפעילות עוינת. יש מגמה של עלייה בהיקף האירועים, ולצערי גם בהיקף מספר הנפגעים הישראלים: גם החיילים, בסדיר ובמילואים, שנמצאים שם, וגם האזרחים. המגמה הזאת תיענה. היא תיענה על-ידי תגובה של מערכת הביטחון בכל הדרכים העומדות, ויש לצה""ל את הכוח ואת היכולת לטפל בזה. ובהחלט מפה אנחנו אומרים לחיילי צה""ל: יש לכם גיבוי מלא לטפל בתופעות האלה. כוחות צה""ל פועלים על מנת לסכל ולמנוע את המגמות האלו, ואם עולה פה, בדברי חברי הכנסת, שיש רגשות, חבר הכנסת שטבון, של חיילים שחוששים, או מפקדים שחושבים פעמיים – מפה אנחנו אומרים להם בצורה ברורה: התפקיד שלכם, והציפייה של המערכת מכם, מחיילי צבא הגנה לישראל, היא להילחם בתופעה הזאת. זה התפקיד של צבא הגנה לישראל, ויש גיבוי לחיילים. אנחנו דורשים מצבא הגנה לישראל ומשאר כוחות הביטחון לתת מענה לתופעה הזאת. היום בוועדת החוץ והביטחון ניתנה סקירה, וחברי הכנסת שישבו בדיון ראו שיש מאמץ רב וממוקד של צבא הגנה לישראל להגן על היישובים ועל צירי התנועה. ואכן, זה דורש מאמץ, גם מצבא ההגנה, גם מכוחות הביטחון, מהשב""כ, והם ימשיכו לעשות. אני רוצה לומר מילה גם למתיישבים עצמם. המתיישבים עצמם מרגישים זאת על בשרם יום-יום, שעה-שעה. יש פה כמה חברי כנסת שגרים ביהודה ושומרון. אתם שומעים את הסיפורים, מכירים את המראות של אנשים שנוסעים בכבישים – – –

אז אני אומר את זה, חברת הכנסת אורית סטרוק, שזה מגיע גם אלי, ולא רק מדיווחים, של אנשים שנוסעים בטלמונים, בציר 60, במקומות שכמעט מדי יום יש זריקות אבנים. אנחנו מודעים לסבל של האזרחים. הדבר החשוב ביותר הוא הגיבוי. ומפה אני רוצה שנצא מאוחדים בקריאה שאנחנו מחזקים את חיילי צה""ל, מחזקים את אנשי השב""כ וכוחות הביטחון, ודורשים מהם לפעול בצורה נחושה, להיאבק במפרי הסדר. אני רוצה לומר מילה במישור האישי: מערכת הביטחון חזקה, אבל גם ההתיישבות חשובה ביותר. ואם מדברים על ""כיפת ברזל"", אז בעיני – עם כל הכבוד ל""כיפת ברזל"", ויש לי כבוד, ולכל המערכות הביטחוניות האחרות – ההתיישבות היא חשובה, היא נותנת את הביטחון לאלו שגרים בכל שאר חלקי ארץ-ישראל, ולכן אנחנו מצפים מצה""ל לפעול בצורה נחושה כנגד המגמה הזאת. תודה.

אני מציע שהדיון יימשך בוועדת החוץ והביטחון, שנוכל באמת לעקוב ולראות את שינוי המגמה המקווה.

יש שתי אפשרויות: אפשרות אחת לדיון במליאת הוועדה, ואפשרות שנייה זה דיון בוועדת המשנה. אני מציע שנעביר את זה לוועדה, ויו""ר הוועדה יחליט אם זה ילך לדיון בוועדת המשנה – –

– – או במליאה. בוועדת – – –

שיקול הדעת הוא של יו""ר הוועדה. לפי דעתי, אנחנו לא יכולים להחליט כאן אם הדיון יהיה פתוח או סגור עבור יו""ר הוועדה. אבל לפי דעתי, אין שום מניעה שדיון כזה – – –

אני מציע, גברתי היושבת-ראש, שנעביר את זה לדיון בוועדת חוץ וביטחון. באופן אישי, אני לא רואה שום מניעה – שהדיון הזה יהיה סגור.

לפי התקנונים, מי שמציע – לא בטוח שיש לו עמדה נוספת. אני לא בטוח.",10,
278800,2013-11-27,התיישבות,"אדוני היושב-ראש, אדוני השר, מכובדי חברי הכנסת, יש לנו רק חמש דקות לענות על נושא זה, ידידי חבר הכנסת נסים זאב. נר ראשון של חנוכה, וכולנו ממהרים להדליק נר ראשון עם משפחותינו, אני מקווה. גם חלקנו נוסעים להלוויה של הזמר המנוח אריק איינשטיין. אני נוסע להדליק נרות עם המשלחת של פיקוד העורף, שתנחת ב-17:00 בחזרה מהפעולה היפה שהם עשו בפיליפינים. אני קודם כול אומר לכם כבר בתחילת דברי שאני מציע שנמשיך את הדיון הזה בוועדת החוץ והביטחון, ועדת המשנה לענייני איו""ש, כי הנושא הזה מורכב וחשוב. אבל פטור ללא כלום – אני חייב לענות על כמה דברים. ברמה העקרונית אני לא אגע בחיבור של מעלה-אדומים לירושלים. עמדתי ידועה, אני תומך בכך. אין הבדל בין מעלה-אדומים לירושלים. זה עניין עקרוני, מדיני, ואני תומך בכך. אבל ההצעה שלך נגעה לנושא הבנייה הבלתי-חוקית הפלסטינית, ולהלן התגובה: משרד הביטחון, באמצעות צה""ל, מתאם הפעולות בשטחים והמינהל האזרחי, ביחד עם משטרת ישראל ומשרד המשפטים, מבצעים פעילויות רבות של אכיפה ופיקוח על חוקי התכנון והבנייה בכל יהודה ושומרון, ובמיוחד באזורים בעלי רגישות גבוהה כמו האזור שציינת. יחידת הפיקוח של המינהל האזרחי נמצאת כל העת בשטח, וכל אימת שהיא מאתרת בנייה בלתי חוקית היא מבצעת פעולות אכיפה, הכוללות בין השאר פינוי והריסה של מבנים בלתי חוקיים ושל פלישות לאדמות מדינה. אני רוצה להוסיף על התגובה הרשמית ולומר, שאם יש בנייה בלתי חוקית – להודיע. תודיע לי באופן אישי, אנחנו נפנה לאנשי המינהל שידווחו ויפעלו. אני אומר בצורה ברורה לכולם: דין שווה ליהודים ולפלסטינים ביהודה ושומרון, לא תהיה אכיפה סלקטיבית על בנייה בלתי חוקית רק של יהודים, אלא גם של פלסטינים. ואני מצטרף לדבריך, שאנחנו לא ניתן להשתלט בכוח על אדמות מדינה. אני אומר את זה גם לכל חברי בימין. אנחנו, יש לנו זכויות ביהודה ושומרון. אנחנו נבנה כחוק, על-פי דין, וככה גם נדרוש מהפלסטינים.

אני מציע להעביר את הנושא לדיון בוועדת החוץ והביטחון של הכנסת, לזמן את אנשי המינהל ובאמת לראות בפועל את הדברים.",10,
280799,2014-01-22,התיישבות,"אולי במפלגה שלך אין דמוקרטיה, אצלנו יש דמוקרטיה.

אדוני היושב בראש, אדוני השר, חברי חברי הכנסת, אנחנו עדים בשבועות האחרונים להסלמה בירי מרצועת-עזה, ואני שואל את חבר הכנסת ברכה: על שום מה ולמה? היש התנחלויות היום ברצועת-עזה? האם יש כיבוש ברצועת-עזה?

האם מדינת ישראל פועלת היום – מחסומים, כל הדברים האיומים והנוראים שאתם מטיחים בנו? שואלים את עצמנו: על שום מה ולמה?

אז אפשר היום להעביר דרך מצרים כל דבר, ואנחנו – יודע מה? רוצים. אנחנו רוצים התנתקות אזרחית. הייתה התנתקות לפני שמונה שנים, כשהוציאו את היהודים מרצועת-עזה, אבל למה את השלב הבא לא עשינו – –

– – של התנתקות? הם יהודים.

אתה יודע מה? מתנחלים, מתיישבים, איך שאתה רוצה. אפילו את המתים הוצאנו מהקברים. אין היום נוכחות. אתם אומרים: כיבוש, מתנחלים. היום, ברצועת-עזה, את החממות פירקתם – לא נשאר כלום. ואני שואל את עצמי, על מה ולמה השנאה הזאת?

לגבי החממות, לא נדבר על ההצעות שניתנו לרשות בזמנו, וסירבו. לכן אנחנו רואים היום שההסלמה נמשכת, אבל אנחנו יודעים לדבר בשפה של המזרח התיכון. בשבועות האחרונים כוחות צה""ל פעלו בנחישות, כך במקרה של המחבל אחמד סעד, שהיה אחראי לירי רקטה לעבר העיר אשקלון ב-16 בינואר. ראינו בדיוק היכן הוא סיים. כך עם המחבל אחמד זענין, שהיה אחראי לירי הרקטות בזמן ההלוויה של ראש הממשלה שרון, שהוציא את היהודים מגוש-קטיף. בזמן ההלוויה נפלו שתי רקטות. גם ראינו מה קרה בסופו. ואני אומר בצורה ברורה: כל מי שיפגע במדינת ישראל – אנחנו נמשיך להעביר את השיעורים הממוקדים האלה מהאוויר, מהים, מהיבשה. ושוב אנחנו באים ואומרים: אחרי שמונה שנים של התנתקות, וכשאין כיבוש היום ברצועת-עזה, השנאה הזאת נמשכת. שר הביטחון הנחה את הצבא להמשיך לפעול בעוצמה נגד כל ניסיון לבצע פעילות טרור וכל ניסיון לשבש את שגרת חיי אזרחי ישראל. אני רוצה להבטיח לכם, חברי חברי הכנסת, שאנשי הביטחון עוסקים ימים ולילות, וימשיכו לעשות את זה, כדי לשמור על ביטחון אזרחי ישראל.

– – מבחינתי, להעביר את זה לדיון בוועדת החוץ והביטחון.

לא. אני מציע להביא את זה לדיון בוועדת חוץ וביטחון.",3,"The speaker acknowledges the removal of settlers and emphasizes the absence of occupation, indicating a moderate opposition to the settlement policy."
281803,2014-02-19,התיישבות,"תודה רבה, אדוני היושב-ראש. חבר הכנסת גפני, אכן מדובר באמירה חריגה של קצינה, שאף שהדברים שהיא אמרה לא נאמרו במסגרת תפקידה, הם דברים חמורים ולא ראויים לנוכח ערכי צה""ל והדרך היומיומית והענפה שלנו לגיוס החרדים בצה""ל. לדברים שנאמרו אין כל קשר לעמדת צה""ל ולעשייה שלו למען שילוב החרדים בצבא היום. שירותם של החרדים הוא חשוב גם לחרדים וגם לצבא וגם למדינה, ולכן האמירה הזאת היא לא במקומה. הקצינה אכן נשפטה, חבר הכנסת גפני, בדין משמעתי, על-ידי רמ""ט פיקוד מרכז, וננזפה על דבריה. לגבי ההערה שלך על התפקיד שאליו היא שובצה – בתפקיד הזה אין משום קידום.

תודה, אדוני היושב-ראש. ראשית, חבר הכנסת גפני, צריך לעשות הבדל, ואני מבדיל בין אמירה מטופשת של קצינה לא חכמה במיוחד, שהיא אומרת את זה בשיחת טלפון לאיזה מוקד טלפוני – –

סליחה, סליחה, סליחה, יש הבדל. – – לבין קצינה שאומרת את הדברים לחייל בצבא או לעמית בצבא.

חברים, אם ניקח את כל הדברים שקציני צבא הגנה לישראל אומרים בשיחות פרטיות שלהם, לא בשירות הצבאי, בכל נושא, ונבוא ונאמר – – –

אני לא בא להצדיק את הדברים שנאמרו, אבל יש הבדל, יש הבדל גדול בין קצינה שאומרת לחייל יוצא אתיופיה מה שאמר חבר הכנסת גפני, שהיא אומרת לו את זה בפנים במהלך השירות הצבאי, לבין קצינה שבשיחת טלפון מוקלטת אומרת דבר שטות.

חברי, אני רוצה להזכיר לכם: אנחנו רשות מחוקקת ולא רשות שופטת, והקצינה הזאת עמדה לדין.

אמרתי בפתח דברי שאני מגנה את הדברים המטופשים.

הם לא תואמים את ערכי צבא הגנה לישראל, הם לא מייצגים את צבא הגנה לישראל. אבל עובדתית הקצינה נשפטה, שפטו אותה, ננזפה.

יכול להיות שאנחנו צריכים לבוא ולומר: העונש לא מספיק.

יפה. אבל כרגע לבוא ולשפוט במקום השופט ששפט אותה זה לא מתפקידנו. אני רוצה לומר מילה על מה שנאמר פה בנושא השוויון בנטל.

היא הייתה נשפטת באותו נוהל. בפירוש זה מענייננו.

וחבר הכנסת גפני, אני ידוע כמי שקרוב ומגן על החרדים.

אבל אני רוצה לראות אותם גם יותר בצבא. ותאמין לי, כמה שיהיו יותר חרדים בצבא, הבורות – –

– – הבורות הזאת, הבורות והשנאה יתמעטו; כמה שיותר יכירו את החרדים, יפגשו אותם וישרתו אתם ביחד ויראו את התרומה שלהם למדינה ואת התרומה שלהם בצבא. ודרך אגב, אם תבוא אתי לראות – – –

אז סליחה, תבוא אתי היום לסייר ביחידות שבהן משרתים חרדים ותראה את ההערכה הרבה לתרומה של החרדים. אתה תבין שזה משרת גם את החרדים.

אני רוצה לומר מילה. אנחנו לא ניכנס פה – – –

אדוני היושב-ראש, עלו פה שאלות רבות שלא קשורות לשאילתה עצמה, אבל אני רוצה להתייחס. ראשית, אני שואל אתכם, את כל חברי הכנסת: מה קורה עם גיוס בני המיעוטים? אני שומע על ישיבות ההסדר – –

– – אני שומע על 16–17 חודשים – ואתם צודקים, דרך אגב – –

אתם צודקים. – – ואני שומע לגבי גיוס נשים, והנושא הזה חשוב ביותר. אני שואל, אני לא יודע אם יש פה חברי ועדת שקד באולם, אבל אני שואל: איפה נושא גיוס בני המיעוטים בוועדת שקד? איפה הוא נעלם? לאן הוא נעלם?

גם של החרדים וגם של בני המיעוטים. ואדוני היושב-ראש – –

– – אני רוצה לומר לך, אני יודע מרבים מחברי בסיעה גם – אנחנו לא נטאטא את זה מתחת לשטיח. יכולים לשבת היום ולריב על הדקויות האלה, אבל הנושא של גיוס בני-המיעוטים חייב להיכלל. וחברי מהשמאל, כשאני שואל אותם אותן שאלות, את אנשי יש עתיד ואחרים, אומרים: זה נושא רגיש ובעייתי ונעשה את זה בהידברות ובהדרגה. ואני אומר להם: סליחה, אבל למה כשאנחנו מדברים על אחינו החרדים אתם שוכחים שזה רגיש – –

– – הדרגתי ובהידברות? אז אני מבקש את אותה רגישות – – –

– – – את אותה רגישות שאתם מפגינים כלפי בני-המיעוטים – שזה חייב להיעשות בהידברות, בהדרגה, ברגישות – למה לא נחיל זאת על אחינו החרדים? ולכן אני בא ואומר: לא תהיה איפה ואיפה, הנושא הזה ייכלל. לגבי שאלתך לגבי הנשים, הכנסת חוקקה חוק שנוגע לנשים משתמטות שמנצלות את הפטור הזה ממניעים פסולים. ניהלנו ויכוחים, החוק הזה עבר.

– – שירות של נשים, גם חרדיות וגם דתיות. ודרך אגב – – –

חברת הכנסת סתיו שפיר, היום המספרים – –

– – של נשים חרדיות שמתגייסות לצבא – –

– – נמצאים בעלייה, המספרים. יש פעילות מבורכת של ארגון – – –

אל תדאג, כמה שיהיו יותר חרדים – – –

חבר הכנסת, כמה שיהיו יותר חרדים בצבא, יהיו פחות דברים מטופשים כלפי החרדים.

אתה יכול גם לעזור בצמצום הבעיה הזאת.

וחבר הכנסת גפני, שחרדים – – –

– – – כשחיילים חרדים משרתים בצבא אתם צריכים לחבק אותם.

התופעה הזאת ראויה לגינוי בדיוק כמו התופעה שחיילים חרדים מחליפים מדים בתחנה מרכזית כי הם פוחדים ללכת עם מדים הביתה. גם את זה תגנה.

כמו שמגנים את הקצינה, צריכים לגנות את אלה שפוגעים בחיילים החרדים.

תודה. בראשית דברי אני רוצה לומר, אני רואה פה בקהל תושבים מקידה, שאת חלקם אני מכיר גם באופן אישי.

תושבים, אני רוצה לומר, מדובר במלח הארץ, ביישוב שגרים בו קצינים בכירים שעובדים בכוחות הביטחון, אנשים שכולנו מתגאים בעשייה ובחלוציות שלהם. אני אומר את זה מהיכרות באופן אישי, כמי שהיה ביישוב הזה ומוקיר את המפעל הציוני החשוב של היישובים האלה ושל תושבי קידה, ובאמת אני אומר את זה מהיכרות אישית. להלן התגובה של משרד הביטחון: במשך כחודשיים התקיימו ועדות ודיונים אשר בסיומם נמסר צו ההריסה. מבדיקה עולה כי ייתכן שלא היה לפני שר הביטחון כל המידע בדבר פרטי האכלוס ואבזור המבנה בעת ההריסה, והנושא עדיין נמצא בבדיקה. בלי כל קשר, אנחנו כרגע בוחנים את נושא ההסדרה של היישוב קידה. צריך לציין שמדובר על אדמות מדינה, אדוני היושב-ראש, ולכן אני כולי תקווה שנוכל לראות לא בית אחד שייבנה בקרוב, אלא עשרות בתים שייבנו על אדמת ארץ-ישראל.

אדוני היושב-ראש, תודה רבה, חברי חברי הכנסת, הזכויות שלנו לבנות בקידה הן זכויות חוקיות, בחוק: אדמות מדינה, אישורים, ובעזרת השם אנחנו נבנה עוד הרבה הרבה בתים ויישובים בארץ-ישראל. אני לא מדבר על זכויות – – –

– – לא מדבר על זכויות היסטוריות וזכויות תנ""כיות – –

– – יש זכויות לפי החוק – –

– – וכאשר – אני אענה, אני אענה. בניגוד למה שציינת, התושבים בקידה, תושבים שומרי חוק, הם מגישים אישורים, בונים את יישובם כחוק. במקרה הספציפי של הבית הזה, שנבנה על אדמות מדינה, הוצא צו הריסה. ולכן אנחנו מדברים פה, כי יש פה טענות נכונות לגבי, ראשית, אדוני היושב-ראש, סדר העדיפויות של ההריסה. יש הפרות בנייה גסות מאוד, גם מצד הפלסטינים וגם מצד היהודים, על אדמות פרטיות. והשאלה היא, למה כשיש הפרות ויש עבודה כל כך רבה לעשות בנושא אכיפה באדמות פרטיות, קפצו ופתאום טיפלו בבית אחד שנמצא באדמות מדינה, בתחומי היישוב – –

– – ולכן הנושא הזה קם ועולה ודורש בדיקה. הנושא השני, שהוא נושא חשוב ביותר, ועליו אני מסכים עם חברי חברי הכנסת, עדיין לא ניתנה תשובה. נכון, עדיין לא ניתנה תשובה, חבר הכנסת יריב לוין, כי אין בינתיים המידע: מי הביא את המידע הזה, מי נתן את המידע הלא-נכון הזה. כאשר אני אמרתי שהמידע היה לא נכון לגבי רמת האכלוס והאבזור, אני רוצה לומר זאת פה, כמי שחשובה לו ההתיישבות ונלחם עבור ההתיישבות לא פחות מאף אחד באולם הזה, גם אם הבית היה מאוכלס במלואו, עדיין היו בעיות כאלו ואחרות לגבי ההיתר. אבל יש הבדל בין להרוס בית שגרים בו ילדים ומשפחה לבין להוביל מבנה יביל שהונח באיזה מקום. אני לא רוצה לקבוע עובדות כרגע, אבל כנראה הנתונים שהוצגו לא היו נתונים מדויקים לגבי רמת האכלוס והאבזור, וכששר הביטחון קיבל את ההחלטה, והוא קיבל את ההחלטה, המידע שהוצג בפניו לא היה מידע שלם לגבי מה באמת קורה שם. אני לא יכול לתת לך תאריך, אני מעריך שבתוך שבועיים ימים אנחנו נוכל לבוא לפה, להציג, כבוד אדוני היושב-ראש, בפני ועדה, בפני מליאה, את העובדות המדויקות לגבי המידע שהוצג בפני השר – – –

זה גם יהיה חלק מהדברים שייבדקו – –

– – וחברי, גם לבנייה פלסטינית – דרך אגב, היועץ המשפטי לממשלה פנה למשרד הביטחון במכתב שבו הוא דורש לאכוף את החוק לגבי בנייה בלתי חוקית. נקודה. ואני אמרתי: זו דרישה לגיטימית ונכונה, צריך לאכוף את החוק. השאלה אם אוכפים את החוק גם כלפי יהודים וגם כלפי פלסטינים – וזה ברור שאנחנו לא נפלה אף אחד – ולכן צריך לקבוע קריטריונים, האם נעשה את זה לפי גודל ההפרה, חבר הכנסת חנין? האם נעשה את זה לפי התאריך שבו בוצעה ההפרה? כל קריטריון ראוי הוא נכון ולגיטימי. לא לגיטימי לבוא ולומר: צריך לאכוף רק מול אותם יהודים שגרים ביהודה ושומרון. זה דבר שהוא לא מקובל, הוא לא מידתי ולא חוקי.

אל תפרגן לי, חבר הכנסת כבל. אני מודה לך.",10,
283875,2014-06-11,התיישבות,"אדוני היושב-ראש, תודה, גברתי השרה, חברי חברי הכנסת, שטחי האש של צבא הגנה לישראל משמשים אך ורק לאימון צבא הגנה לישראל. אין להם שום שימוש אחר. היה דיון בוועדת החוץ והביטחון שממנו הודלפו אמירות כאלו ואחרות, לקחו איזו אמירה חלקית ופירשו אותה לא נכון. מה שנאמר שם בדיון עצמו, בוועדה, שברגע שלא מתאמנים בשטח אש מסוים יש פלישות. דרך אגב, כשאני אומר ""פלישות לשטח"" אני מתכוון גם לפלישות של תושבים פלסטינים וגם לפלישות של תושבים יהודים. והיום, בשטחי האש ביהודה ושומרון, בייחוד בבקעת-הירדן, יש חלקים מסוימים שבהם יש פלישות גם של פלסטינים וגם של יהודים, והמינהל האזרחי מבצע פעילות אכיפה נגד אותם פולשים שנכנסו לשטחי האש האלו שלא כדין. זה הדבר היחידי שנאמר, זה הדבר היחידי שמשרד הביטחון עומד מאחוריו, ולכן אנחנו נמשיך לוודא שבשטחי האש ימשיכו לאמן את הצבא, והצבא מתאמן; ודרך אגב, לצערי, בגלל ויכוחים שלנו עם מערכות הביטחון, בין האוצר לביטחון, אנחנו לא מתאמנים מספיק, אבל יש רצון בהחלט להתאמן יותר גם בשטחי האש האלה.

תודה רבה, אדוני היושב-ראש. עלו פה נושאים רבים, חלקם פתחו נושאים נוספים שלא קשורים לשאילתות.

לא, לא, אני אענה על כל מה שנשאלתי. אבל אם יש נושאים נוספים, מוזמנים להגיש שאילתות נוספות, בכתב או ישירות, ונענה על הכול.

לא, לא, אני אענה עכשיו. רק אני אומר לחבר הכנסת דב חנין שאם יש דברים ספציפיים נוספים שרוצים לשאול, שיפנה אותם ונענה עליהם. אבל אני רוצה לומר משהו על רוח הדברים, חברי. בואו לא נטעה: יש עבריינים ויש חוק. העבריינים – – –

לא, העבריינים זה מי שאתה מדבר בשמם.

העבריינים זה מי שפלשו – – –

העבריים זה מי שאתה רוצה לייצג כרגע. מי שפלש לשטח לא שלו הוא עבריין.

סליחה, העבריינים זה מי שפלשו, ואתה מנסה להגן עליהם. כשאתם שואלים פה שאלות לגבי בנייה לא חוקית של יהודים ביהודה ושומרון, אתם שומרי צדק, שומרי חוק, אומרים ""למה לא מפנים אותם?"" המדיניות – – –

אני עונה לך. אז אני עונה לך. המדיניות היא מדיניות – – –

צבא הגנה לישראל מתאמן. הוא לא מכריז על שטחי – דרך אגב, בניגוד למה שנאמר פה, אני לא מכיר הכרזה של שטחי אש חדשים לאחרונה, ותקנו אותי אם אני טועה.

סליחה, סליחה, סליחה, תקנו אותי אם אני טועה. שטחי האש האלו קיימים כבר שנים רבות, חלקם עשרות שנים.

מה שקרה זה שיכול להיות שמכיוון שלא התאמנו בהם, פלשו. פלשו יהודים ופלשו פלסטינים. זו האמת, פלשו לשטחי האש. וכרגע אתם באים ואומרים: הורסים, מגרשים, פיצויים.

כשהרסו את הבית בקידה, ואני עמדתי פה, בקושי רב, ועניתי על השאילתה של חברי מהימין, למה הרסתם את הבית בקידה, באתם ואמרתם: בוודאי, נבנָה לא כחוק, חייבים אכיפה שווה לכולם. הרסו בית של יהודי, עם התכולה שלו, והוא לא קיבל פיצויים, דרך אגב, עד היום; מישהו שאל פה על פיצויים. ולכן, המדיניות היא אכיפה. וכשאתם באים ואומרים – – –

אני עונה על שאלותיכם – – –

אני רוצה לשאול אתכם שאלה כרגע: כשפנה למשרד הביטחון גורם משפטי ואמר שהוא דורש שתהיה אכיפה מלאה ביהודה ושומרון, נשאלתי שאלה אחת: על-פי איזה קריטריונים להתחיל באכיפה – האם על-פי מועד ההפרה? האם נלך לכל הבתים שנבנו לא חוקית, נתחיל מהמועד? האם לפי גודל המבנה? אתם רוצים שתהיה אכיפה רק ליהודים? רק כשיהודים פולשים? זה לא יהיה.

אני לא צריך את עזרתך שתעשה סדר, אני עונה על השאילתה – – –

או, יפה, בוא נתחיל פה דיון.

אדוני היושב-ראש, אני אשמח – –

– – אני אשמח לענות לחבר הכנסת ברכה – – –

יש לנו זכויות תנ""כיות – –

– – יש לנו זכויות היסטוריות, זכויות של המשפט הבין-לאומי, יש לנו זכויות שניצחנו במלחמה – –

– – אל תדבר אתי על זכויות שלנו בארץ שלנו.

האכיפה היא לא סלקטיבית, האכיפה היא כלפי יהודים וכלפי פלסטינים. כן, אני אומר, יותר פלסטינים פלשו לשטחי אש מיהודים, זו המציאות. ולכן אתם צריכים לבוא – – –

בוודאי זה לא נוח שמפנים אנשים מבתיהם, אבל מה לעשות, זה שטח אש מוכרז. ואני רוצה לומר, אדוני היושב-ראש, שברגע שמישהו פולש ואנחנו מתעלמים מכך, ורוצים לבוא – – –

אז אני עניתי לך: יש אכיפה גם כלפי פלישות של יהודים.

דרך אגב, אני מקווה מאוד שנקים הרבה מאוד יישובים ביהודה ושומרון. לצערי, זה לא קורה מספיק. אבל לגבי שאלתכם לגבי שטחי האש, אתם צריכים לבוא ולהבין שמי שנמצא בשטח לא שלו, מי שנמצא במקום שמוכרז כשטח אש, צריך להיות מפונה משם. והבעיה, דרך אגב, היא גם ביטחונית: יש משפכי ירי, אדוני היושב-ראש, וברגע שיש לך בית, חוקי או לא חוקי, שנמצא שם במקום, זו סכנה. ולכן אנחנו באים ואומרים – נאמר פה שאין לנו שום רצון לסכן אף אחד, שום אזרח, ולא עושים שום שימוש בשום בתים של אזרחים בתרגילים צבאיים. אבל השורה התחתונה היא שמי שבנה את ביתו בצורה לא חוקית בשטחי אש מוכרזים, אם הוא יהודי ואם הוא פלסטיני, דינו להתפנות. וכן, אנחנו מתכוונים לפנות עוד אנשים שפלשו בצורה לא חוקית לשטחי אש.

אני קורא מפה לאחראים לאכיפה במינהל האזרחי לפעול בצורה יעילה ומסודרת, לפנות את כל מי שבנה בצורה לא חוקית בשטחי אש.

בינתיים גירוש המוני נעשה כלפי יהודים. גירוש המוני נעשה כלפי יהודים, לא כלפי פלסטינים. אני סיימתי, תודה.",10,"The speaker strongly supports settlement in Judea and Samaria, emphasizing the historical and legal rights of Jews to the land and advocating for the enforcement of laws against illegal construction by both Jews and Palestinians."
348759,2023-01-16,התיישבות,"אדוני היושב-ראש, חבריי חברי הכנסת, אני שמח לחזור אחרי שנים רבות לדוכן הזה. אדוני היושב-ראש, נאמתי בדוכנים אחרים בפני גויים רבים, ולחזור כאן לראות אותנו, החברים, זה כבוד גדול. צריך לזכור שבעולם מסתכלים עלינו, לא מבדילים בין אופוזיציה לקואליציה. ולכן האמירות ששמענו השבוע על מלחמת אחים, מרי אזרחי, זה לא יקום ולא יהיה. צריך לומר את הדברים. אנחנו אחים, נתווכח, נריב, אבל נעשה את הכול במסגרת הדמוקרטית. אדוני היושב-ראש, אני רוצה להסב את תשומת לב חבריי לממשלה ולכנסת שבעוד שבועיים אנחנו, ממשלת ישראל החדשה, הימנית, הלאומית, צריכה לתת תשובה לבג""ץ בנושא פינוי ח'אן אל-אחמר. אני רוצה להזכיר לכולם את הנושא של ח'אן אל-אחמר: מדובר ביישוב בדואי לא חוקי, שבג""ץ החליט לפנות אותו, וממשלות ישראל הרבות דחו ודחו ודחו. העמדה שלי מאוד ברורה: כל יישוב שנבנה בצורה בלתי חוקית, גם יהודי וגם של בדואים, צריך לבצע את פסיקות בג""ץ. לכן אני פונה מפה לחבריי לממשלה, שעמלים על הנושא של ח'אן אל-אחמר, להכין את החומר; ולשר האוצר והשר במשרד הביטחון בצלאל סמוטריץ', שלפי ההסכמים הקואליציוניים קיבל סמכות לאשר כל תשובה לבג""ץ – ובצדק הוא דרש זאת – לוודא שהתשובה לבג""ץ תהיה מאוד פשוטה. היא צריכה לכלול שורה אחת: היא צריכה לכלול תאריך שבו ממשלת ישראל מפנה את ח'אן אל-אחמר. לא דחיות, לא הסברים, לא תירוצים. אנחנו ממשלת ימין על מלא – אנחנו ממשלת ימין על מלא בנושא המשפטי; ממשלת ימין מלא גם בנושא של פסיקות בג""ץ. וחברת הכנסת הר מלך, את זוכרת שהיו פינויים של יישובים יהודיים רק לאחרונה, פינויים לא קלים. ולכן אני מצפה מחבריי בממשלה לא לזגזג בנושא הזה, לא למצמץ.

את צודקת לגבי הפינוי לאבו דיס. אבל קודם כול, קודם כול, שלא יהיה עכשיו את הנושא של דחייה, כי כרגע – ראינו את ממשלות ישראל באות ואומרות: הנושא חשוב, דרוש. ומי שעוקב אחרי הנושא הזה אלה אנשים באיחוד האירופי שמעניקים מימון ומקשים על כל הסדר פשרה. ולאותם נציגים באירופה אני אומר: אל תתערבו בדמוקרטיה שלנו. בפינוי יישובים יהודיים במגרון ובמקומות אחרים לא ראיתי אף נציג של האיחוד האירופי, ולכן גם פה אני מקווה מאוד שממשלת ימין תעשה את המהלך הנכון ותפנה את ח'אן אל-אחמר. תודה רבה, אדוני היושב-ראש.",10,
